# t, x, y
0.000000000000000000e+00,2.000000000000000000e+00,3.000000000000000000e+00
1.500150015001500050e-03,1.997547206253605934e+00,2.999499383972398459e+00
3.000300030003000100e-03,1.995095336248235096e+00,2.998997322471622873e+00
4.500450045004499716e-03,1.992644390361155926e+00,2.998493813103530137e+00
6.000600060006000200e-03,1.990194368972102223e+00,2.997988853468302572e+00
7.500750075007500683e-03,1.987745272463273150e+00,2.997482441160447930e+00
9.000900090008999432e-03,1.985297101219333671e+00,2.996974573768798944e+00
1.050105010501049992e-02,1.982849855627413671e+00,2.996465248876513776e+00
1.200120012001200040e-02,1.980403536077108617e+00,2.995954464061074685e+00
1.350135013501350088e-02,1.977958142960479337e+00,2.995442216894290244e+00
1.500150015001500137e-02,1.975513676672052243e+00,2.994928504942293124e+00
1.650165016501650012e-02,1.973070137608819330e+00,2.994413325765542311e+00
1.800180018001799886e-02,1.970627526170237287e+00,2.993896676918820443e+00
1.950195019501950108e-02,1.968185842758229054e+00,2.993378555951236475e+00
2.100210021002099983e-02,1.965745087777182487e+00,2.992858960406223900e+00
2.250225022502250205e-02,1.963305261633951027e+00,2.992337887821541642e+00
2.400240024002400080e-02,1.960866364737853473e+00,2.991815335729273606e+00
2.550255025502549955e-02,1.958428397500673990e+00,2.991291301655828239e+00
2.700270027002700177e-02,1.955991360336662543e+00,2.990765783121940302e+00
2.850285028502850052e-02,1.953555253662533797e+00,2.990238777642668655e+00
3.000300030003000273e-02,1.951120077897468663e+00,2.989710282727398027e+00
3.150315031503150148e-02,1.948685833463112749e+00,2.989180295879837246e+00
3.300330033003300023e-02,1.946252520783577467e+00,2.988648814598021008e+00
3.450345034503449898e-02,1.943820140285439813e+00,2.988115836374309442e+00
3.600360036003599773e-02,1.941388692397741478e+00,2.987581358695386768e+00
3.750375037503750342e-02,1.938958177551990403e+00,2.987045379042263527e+00
3.900390039003900217e-02,1.936528596182159445e+00,2.986507894890274351e+00
4.050405040504050092e-02,1.934099948724687046e+00,2.985968903709079747e+00
4.200420042004199966e-02,1.931672235618477007e+00,2.985428402962664318e+00
4.350435043504349841e-02,1.929245457304898714e+00,2.984886390109338983e+00
4.500450045004500410e-02,1.926819614227786692e+00,2.984342862601739199e+00
4.650465046504650285e-02,1.924394706833441049e+00,2.983797817886825854e+00
4.800480048004800160e-02,1.921970735570627253e+00,2.983251253405883929e+00
4.950495049504950035e-02,1.919547700890576358e+00,2.982703166594524724e+00
5.100510051005099910e-02,1.917125603246984777e+00,2.982153554882684077e+00
5.250525052505250478e-02,1.914704443096013842e+00,2.981602415694623698e+00
5.400540054005400353e-02,1.912284220896291131e+00,2.981049746448928950e+00
5.550555055505550228e-02,1.909864937108908922e+00,2.980495544558511511e+00
5.700570057005700103e-02,1.907446592197425517e+00,2.979939807430607601e+00
5.850585058505849978e-02,1.905029186627864357e+00,2.979382532466778866e+00
6.000600060006000547e-02,1.902612720868713803e+00,2.978823717062912380e+00
6.150615061506150422e-02,1.900197195390928684e+00,2.978263358609219758e+00
6.300630063006300297e-02,1.897782610667928083e+00,2.977701454490237598e+00
6.450645064506450865e-02,1.895368967175597774e+00,2.977138002084828372e+00
6.600660066006600046e-02,1.892956265392287785e+00,2.976572998766178646e+00
6.750675067506750615e-02,1.890544505798813946e+00,2.976006441901800859e+00
6.900690069006899796e-02,1.888133688878458116e+00,2.975438328853532877e+00
7.050705070507050365e-02,1.885723815116966628e+00,2.974868656977536663e+00
7.200720072007199546e-02,1.883314885002551620e+00,2.974297423624300052e+00
7.350735073507350115e-02,1.880906899025891033e+00,2.973724626138635863e+00
7.500750075007500683e-02,1.878499857680127505e+00,2.973150261859681454e+00
7.650765076507649864e-02,1.876093761460869702e+00,2.972574328120900500e+00
7.800780078007800433e-02,1.873688610866191429e+00,2.971996822250080328e+00
7.950795079507949614e-02,1.871284406396631850e+00,2.971417741569335025e+00
8.100810081008100183e-02,1.868881148555195715e+00,2.970837083395101885e+00
8.250825082508250752e-02,1.866478837847353134e+00,2.970254845038144964e+00
8.400840084008399933e-02,1.864077474781039578e+00,2.969671023803552856e+00
8.550855085508550502e-02,1.861677059866655881e+00,2.969085616990739140e+00
8.700870087008699683e-02,1.859277593617068458e+00,2.968498621893441936e+00
8.850885088508850251e-02,1.856879076547609086e+00,2.967910035799726121e+00
9.000900090009000820e-02,1.854481509176074905e+00,2.967319855991980226e+00
9.150915091509150001e-02,1.852084892022728857e+00,2.966728079746918656e+00
9.300930093009300570e-02,1.849689225610298360e+00,2.966134704335580352e+00
9.450945094509449751e-02,1.847294510463977080e+00,2.965539727023329686e+00
9.600960096009600320e-02,1.844900747111424044e+00,2.964943145069856012e+00
9.750975097509750888e-02,1.842507936082763420e+00,2.964344955729174558e+00
9.900990099009900069e-02,1.840116077910584735e+00,2.963745156249624202e+00
1.005100510051005064e-01,1.837725173129943101e+00,2.963143743873870584e+00
1.020102010201019982e-01,1.835335222278359213e+00,2.962540715838902994e+00
1.035103510351035039e-01,1.832946225895818904e+00,2.961936069376037040e+00
1.050105010501050096e-01,1.830558184524773591e+00,2.961329801710912424e+00
1.065106510651065014e-01,1.828171098710139830e+00,2.960721910063494722e+00
1.080108010801080071e-01,1.825784968999299984e+00,2.960112391648074048e+00
1.095109510951094989e-01,1.823399795942101553e+00,2.959501243673266391e+00
1.110111011101110046e-01,1.821015580090857622e+00,2.958888463342012276e+00
1.125112511251125103e-01,1.818632319917703022e+00,2.958274001172163548e+00
1.140114011401140021e-01,1.816250010870279263e+00,2.957657740990433215e+00
1.155115511551155077e-01,1.813868653269262055e+00,2.957039676851648924e+00
1.170117011701169996e-01,1.811488247672499607e+00,2.956419808052483056e+00
1.185118511851185052e-01,1.809108794641454798e+00,2.955798133872539424e+00
1.200120012001200109e-01,1.806730294741205167e+00,2.955174653574354604e+00
1.215121512151215027e-01,1.804352748540442919e+00,2.954549366403398380e+00
1.230123012301230084e-01,1.801976156611474700e+00,2.953922271588072412e+00
1.245124512451245002e-01,1.799600519530221598e+00,2.953293368339712011e+00
1.260126012601260059e-01,1.797225837876220034e+00,2.952662655852584361e+00
1.275127512751275116e-01,1.794852112232620200e+00,2.952030133303889414e+00
1.290129012901290173e-01,1.792479343186187624e+00,2.951395799853759883e+00
1.305130513051304952e-01,1.790107531327301826e+00,2.950759654645260799e+00
1.320132013201320009e-01,1.787736677249957440e+00,2.950121696804390847e+00
1.335133513351335066e-01,1.785366781551763316e+00,2.949481925440080143e+00
1.350135013501350123e-01,1.782997844833943635e+00,2.948840339644192454e+00
1.365136513651365180e-01,1.780629867701336133e+00,2.948196938491522978e+00
1.380138013801379959e-01,1.778262850762394098e+00,2.947551721039800565e+00
1.395139513951395016e-01,1.775896794629185038e+00,2.946904686329686385e+00
1.410141014101410073e-01,1.773531699917390902e+00,2.946255833384774814e+00
1.425142514251425130e-01,1.771167567246308749e+00,2.945605161211591660e+00
1.440144014401439909e-01,1.768804397238849857e+00,2.944952668799596385e+00
1.455145514551454966e-01,1.766442190521540168e+00,2.944298355121180322e+00
1.470147014701470023e-01,1.764080947724520732e+00,2.943642219131668902e+00
1.485148514851485080e-01,1.761720669481546375e+00,2.942984259769318545e+00
1.500150015001500137e-01,1.759361356429987033e+00,2.942324475955318874e+00
1.515151515151514916e-01,1.757003009210827749e+00,2.941662866593792280e+00
1.530153015301529973e-01,1.754645628468666896e+00,2.940999430571794360e+00
1.545154515451545030e-01,1.752289214851718846e+00,2.940334166759312140e+00
1.560156015601560087e-01,1.749933769011811524e+00,2.939667074009265857e+00
1.575157515751575144e-01,1.747579291604388407e+00,2.938998151157509398e+00
1.590159015901589923e-01,1.745225783288506749e+00,2.938327397022827192e+00
1.605160516051604980e-01,1.742873244726838911e+00,2.937654810406938655e+00
1.620162016201620037e-01,1.740521676585671695e+00,2.936980390094493742e+00
1.635163516351635093e-01,1.738171079534906571e+00,2.936304134853076064e+00
1.650165016501650150e-01,1.735821454248059892e+00,2.935626043433202437e+00
1.665166516651664930e-01,1.733472801402262009e+00,2.934946114568321107e+00
1.680168016801679987e-01,1.731125121678258605e+00,2.934264346974813975e+00
1.695169516951695043e-01,1.728778415760409581e+00,2.933580739351995259e+00
1.710171017101710100e-01,1.726432684336689283e+00,2.932895290382111053e+00
1.725172517251725157e-01,1.724087928098687161e+00,2.932207998730341103e+00
1.740174017401739937e-01,1.721744147741606890e+00,2.931518863044797918e+00
1.755175517551754993e-01,1.719401343964267026e+00,2.930827881956525438e+00
1.770177017701770050e-01,1.717059517469100571e+00,2.930135054079501700e+00
1.785178517851785107e-01,1.714718668962155412e+00,2.929440378010636170e+00
1.800180018001800164e-01,1.712378799153093656e+00,2.928743852329771968e+00
1.815181518151814943e-01,1.710039908755192295e+00,2.928045475599684089e+00
1.830183018301830000e-01,1.707701998485342765e+00,2.927345246366080289e+00
1.845184518451845057e-01,1.705365069064051387e+00,2.926643163157601535e+00
1.860186018601860114e-01,1.703029121215438924e+00,2.925939224485821111e+00
1.875187518751875171e-01,1.700694155667241025e+00,2.925233428845245065e+00
1.890189018901889950e-01,1.698360173150807118e+00,2.924525774713310877e+00
1.905190519051905007e-01,1.696027174401102622e+00,2.923816260550391011e+00
1.920192019201920064e-01,1.693695160156706070e+00,2.923104884799788472e+00
1.935193519351935121e-01,1.691364131159811990e+00,2.922391645887739919e+00
1.950195019501950178e-01,1.689034088156228464e+00,2.921676542223414330e+00
1.965196519651964957e-01,1.686705031895379125e+00,2.920959572198913889e+00
1.980198019801980014e-01,1.684376963130300942e+00,2.920240734189272214e+00
1.995199519951995071e-01,1.682049882617647096e+00,2.919520026552457459e+00
2.010201020102010128e-01,1.679723791117684106e+00,2.918797447629368325e+00
2.025202520252025185e-01,1.677398689394293818e+00,2.918072995743837605e+00
2.040204020402039964e-01,1.675074578214972520e+00,2.917346669202630416e+00
2.055205520552055021e-01,1.672751458350830944e+00,2.916618466295444190e+00
2.070207020702070078e-01,1.670429330576594484e+00,2.915888385294909124e+00
2.085208520852085134e-01,1.668108195670603422e+00,2.915156424456588180e+00
2.100210021002100191e-01,1.665788054414812702e+00,2.914422582018976637e+00
2.115211521152114971e-01,1.663468907594791046e+00,2.913686856203503428e+00
2.130213021302130028e-01,1.661150755999722950e+00,2.912949245214528915e+00
2.145214521452145084e-01,1.658833600422406906e+00,2.912209747239347113e+00
2.160216021602160141e-01,1.656517441659255852e+00,2.911468360448183024e+00
2.175217521752175198e-01,1.654202280510298051e+00,2.910725082994196633e+00
2.190219021902189978e-01,1.651888117779175769e+00,2.909979913013478914e+00
2.205220522052205034e-01,1.649574954273145933e+00,2.909232848625054046e+00
2.220222022202220091e-01,1.647262790803080357e+00,2.908483887930878531e+00
2.235223522352235148e-01,1.644951628183465298e+00,2.907733029015841630e+00
2.250225022502250205e-01,1.642641467232401897e+00,2.906980269947766260e+00
2.265226522652264984e-01,1.640332308771605518e+00,2.906225608777406322e+00
2.280228022802280041e-01,1.638024153626406410e+00,2.905469043538448926e+00
2.295229522952295098e-01,1.635717002625749261e+00,2.904710572247514833e+00
2.310231023102310155e-01,1.633410856602193650e+00,2.903950192904155791e+00
2.325232523252325212e-01,1.631105716391913596e+00,2.903187903490858091e+00
2.340234023402339991e-01,1.628801582834697559e+00,2.902423701973038561e+00
2.355235523552355048e-01,1.626498456773949108e+00,2.901657586299048130e+00
2.370237023702370105e-01,1.624196339056686034e+00,2.900889554400170489e+00
2.385238523852385162e-01,1.621895230533540788e+00,2.900119604190621203e+00
2.400240024002400219e-01,1.619595132058760711e+00,2.899347733567548158e+00
2.415241524152414998e-01,1.617296044490207363e+00,2.898573940411033334e+00
2.430243024302430055e-01,1.614997968689356966e+00,2.897798222584089700e+00
2.445244524452445112e-01,1.612700905521301076e+00,2.897020577932664764e+00
2.460246024602460169e-01,1.610404855854744799e+00,2.896241004285636578e+00
2.475247524752474948e-01,1.608109820562008574e+00,2.895459499454817287e+00
2.490249024902490005e-01,1.605815800519027281e+00,2.894676061234950915e+00
2.505250525052505339e-01,1.603522796605350464e+00,2.893890687403715134e+00
2.520252025202520119e-01,1.601230809704142333e+00,2.893103375721719051e+00
2.535253525352534898e-01,1.598939840702181314e+00,2.892314123932504977e+00
2.550255025502550232e-01,1.596649890489861168e+00,2.891522929762548433e+00
2.565256525652565012e-01,1.594360959961189206e+00,2.890729790921256370e+00
2.580258025802580346e-01,1.592073050013788738e+00,2.889934705100968948e+00
2.595259525952595125e-01,1.589786161548896626e+00,2.889137669976959977e+00
2.610261026102609905e-01,1.587500295471364842e+00,2.888338683207433810e+00
2.625262526252625239e-01,1.585215452689659354e+00,2.887537742433529342e+00
2.640264026402640019e-01,1.582931634115862130e+00,2.886734845279317341e+00
2.655265526552655353e-01,1.580648840665668020e+00,2.885929989351801339e+00
2.670267026702670132e-01,1.578367073258387876e+00,2.885123172240916745e+00
2.685268526852684912e-01,1.576086332816946545e+00,2.884314391519533061e+00
2.700270027002700246e-01,1.573806620267883316e+00,2.883503644743451666e+00
2.715271527152715025e-01,1.571527936541352588e+00,2.882690929451406259e+00
2.730273027302730360e-01,1.569250282571123201e+00,2.881876243165063745e+00
2.745274527452745139e-01,1.566973659294578658e+00,2.881059583389023349e+00
2.760276027602759918e-01,1.564698067652716684e+00,2.880240947610817059e+00
2.775277527752775253e-01,1.562423508590150334e+00,2.879420333300909629e+00
2.790279027902790032e-01,1.560149983055106437e+00,2.878597737912698573e+00
2.805280528052805367e-01,1.557877491999427377e+00,2.877773158882513282e+00
2.820282028202820146e-01,1.555606036378569312e+00,2.876946593629616356e+00
2.835283528352834925e-01,1.553335617151603509e+00,2.876118039556203598e+00
2.850285028502850260e-01,1.551066235281215899e+00,2.875287494047402248e+00
2.865286528652865039e-01,1.548797891733706633e+00,2.874454954471273194e+00
2.880288028802879818e-01,1.546530587478990748e+00,2.873620418178809643e+00
2.895289528952895153e-01,1.544264323490597945e+00,2.872783882503937125e+00
2.910291029102909932e-01,1.541999100745672813e+00,2.871945344763513930e+00
2.925292529252925267e-01,1.539734920224973491e+00,2.871104802257331556e+00
2.940294029402940046e-01,1.537471782912874119e+00,2.870262252268113823e+00
2.955295529552954825e-01,1.535209689797362387e+00,2.869417692061516867e+00
2.970297029702970160e-01,1.532948641870041318e+00,2.868571118886129589e+00
2.985298529852984939e-01,1.530688640126128153e+00,2.867722529973474099e+00
3.000300030003000273e-01,1.528429685564455021e+00,2.866871922538004380e+00
3.015301530153015053e-01,1.526171779187468269e+00,2.866019293777107180e+00
3.030303030303029832e-01,1.523914922001229133e+00,2.865164640871102897e+00
3.045304530453045166e-01,1.521659115015413510e+00,2.864307960983242918e+00
3.060306030603059946e-01,1.519404359243311964e+00,2.863449251259712725e+00
3.075307530753075280e-01,1.517150655701829720e+00,2.862588508829629230e+00
3.090309030903090060e-01,1.514898005411486004e+00,2.861725730805043444e+00
3.105310531053104839e-01,1.512646409396415592e+00,2.860860914280938250e+00
3.120312031203120173e-01,1.510395868684367038e+00,2.859994056335228407e+00
3.135313531353134953e-01,1.508146384306704224e+00,2.859125154028762328e+00
3.150315031503150287e-01,1.505897957298405032e+00,2.858254204405320742e+00
3.165316531653165066e-01,1.503650588698062673e+00,2.857381204491617588e+00
3.180318031803179846e-01,1.501404279547884357e+00,2.856506151297298235e+00
3.195319531953195180e-01,1.499159030893691957e+00,2.855629041814941704e+00
3.210321032103209959e-01,1.496914843784922455e+00,2.854749873020059336e+00
3.225322532253225294e-01,1.494671719274626831e+00,2.853868641871095679e+00
3.240324032403240073e-01,1.492429658419471394e+00,2.852985345309426268e+00
3.255325532553254853e-01,1.490188662279736453e+00,2.852099980259361622e+00
3.270327032703270187e-01,1.487948731919316980e+00,2.851212543628142804e+00
3.285328532853284966e-01,1.485709868405723055e+00,2.850323032305944526e+00
3.300330033003300301e-01,1.483472072810078757e+00,2.849431443165874711e+00
3.315331533153315080e-01,1.481235346207123271e+00,2.848537773063972267e+00
3.330333033303329859e-01,1.478999689675210449e+00,2.847642018839210643e+00
3.345334533453345194e-01,1.476765104296308362e+00,2.846744177313494273e+00
3.360336033603359973e-01,1.474531591155999521e+00,2.845844245291661689e+00
3.375337533753375308e-01,1.472299151343481993e+00,2.844942219561482410e+00
3.390339033903390087e-01,1.470067785951567618e+00,2.844038096893660494e+00
3.405340534053404866e-01,1.467837496076683346e+00,2.843131874041831431e+00
3.420342034203420201e-01,1.465608282818870123e+00,2.842223547742563472e+00
3.435343534353434980e-01,1.463380147281784449e+00,2.841313114715357635e+00
3.450345034503450314e-01,1.461153090572696378e+00,2.840400571662647700e+00
3.465346534653465094e-01,1.458927113802491515e+00,2.839485915269800209e+00
3.480348034803479873e-01,1.456702218085669909e+00,2.838569142205114026e+00
3.495349534953495207e-01,1.454478404540345160e+00,2.837650249119820778e+00
3.510351035103509987e-01,1.452255674288247311e+00,2.836729232648084853e+00
3.525352535253525321e-01,1.450034028454719515e+00,2.835806089407002517e+00
3.540354035403540101e-01,1.447813468168720252e+00,2.834880815996604575e+00
3.555355535553554880e-01,1.445593994562822449e+00,2.833953408999851931e+00
3.570357035703570214e-01,1.443375608773213692e+00,2.833023864982640472e+00
3.585358535853584994e-01,1.441158311939696457e+00,2.832092180493797073e+00
3.600360036003600328e-01,1.438942105205686772e+00,2.831158352065082706e+00
3.615361536153615107e-01,1.436726989718216885e+00,2.830222376211189328e+00
3.630363036303629887e-01,1.434512966627932373e+00,2.829284249429742548e+00
3.645364536453645221e-01,1.432300037089094147e+00,2.828343968201300740e+00
3.660366036603660000e-01,1.430088202259577335e+00,2.827401528989354151e+00
3.675367536753675335e-01,1.427877463300871952e+00,2.826456928240327127e+00
3.690369036903690114e-01,1.425667821378082456e+00,2.825510162383574997e+00
3.705370537053704894e-01,1.423459277659928190e+00,2.824561227831386301e+00
3.720372037203720228e-01,1.421251833318742719e+00,2.823610120978982785e+00
3.735373537353735007e-01,1.419045489530474491e+00,2.822656838204518515e+00
3.750375037503750342e-01,1.416840247474686398e+00,2.821701375869079431e+00
3.765376537653765121e-01,1.414636108334556441e+00,2.820743730316685571e+00
3.780378037803779900e-01,1.412433073296876618e+00,2.819783897874288403e+00
3.795379537953795235e-01,1.410231143552053812e+00,2.818821874851772602e+00
3.810381038103810014e-01,1.408030320294109572e+00,2.817857657541955607e+00
3.825382538253825349e-01,1.405830604720679888e+00,2.816891242220586733e+00
3.840384038403840128e-01,1.403631998033015860e+00,2.815922625146348945e+00
3.855385538553854907e-01,1.401434501435982583e+00,2.814951802560857086e+00
3.870387038703870242e-01,1.399238116138059818e+00,2.813978770688659203e+00
3.885388538853885021e-01,1.397042843351342656e+00,2.813003525737235666e+00
3.900390039003900355e-01,1.394848684291539964e+00,2.812026063896999606e+00
3.915391539153915135e-01,1.392655640177975940e+00,2.811046381341296474e+00
3.930393039303929914e-01,1.390463712233588778e+00,2.810064474226404485e+00
3.945394539453945248e-01,1.388272901684931337e+00,2.809080338691535506e+00
3.960396039603960028e-01,1.386083209762171808e+00,2.808093970858832389e+00
3.975397539753975362e-01,1.383894637699092378e+00,2.807105366833371640e+00
3.990399039903990142e-01,1.381707186733089898e+00,2.806114522703162972e+00
4.005400540054004921e-01,1.379520858105175884e+00,2.805121434539146641e+00
4.020402040204020255e-01,1.377335653059976739e+00,2.804126098395197886e+00
4.035403540354035035e-01,1.375151572845733083e+00,2.803128510308123378e+00
4.050405040504050369e-01,1.372968618714300426e+00,2.802128666297662107e+00
4.065406540654065148e-01,1.370786791921148939e+00,2.801126562366487160e+00
4.080408040804079928e-01,1.368606093725363015e+00,2.800122194500203054e+00
4.095409540954095262e-01,1.366426525389642155e+00,2.799115558667346626e+00
4.110411041104110041e-01,1.364248088180300300e+00,2.798106650819389252e+00
4.125412541254125376e-01,1.362070783367265836e+00,2.797095466890732407e+00
4.140414041404140155e-01,1.359894612224082033e+00,2.796082002798712107e+00
4.155415541554154935e-01,1.357719576027906827e+00,2.795066254443596687e+00
4.170417041704170269e-01,1.355545676059512150e+00,2.794048217708586357e+00
4.185418541854185048e-01,1.353372913603285488e+00,2.793027888459814534e+00
4.200420042004200383e-01,1.351201289947228323e+00,2.792005262546347844e+00
4.215421542154215162e-01,1.349030806382956804e+00,2.790980335800183898e+00
4.230423042304229941e-01,1.346861464205701964e+00,2.789953104036254850e+00
4.245424542454245276e-01,1.344693264714309278e+00,2.788923563052424281e+00
4.260426042604260055e-01,1.342526209211238886e+00,2.787891708629488541e+00
4.275427542754275390e-01,1.340360299002565370e+00,2.786857536531177626e+00
4.290429042904290169e-01,1.338195535397978198e+00,2.785821042504152523e+00
4.305430543054304948e-01,1.336031919710781501e+00,2.784782222278008312e+00
4.320432043204320283e-01,1.333869453257893856e+00,2.783741071565271952e+00
4.335433543354335062e-01,1.331708137359848054e+00,2.782697586061403161e+00
4.350435043504350396e-01,1.329547973340792666e+00,2.781651761444794868e+00
4.365436543654365176e-01,1.327388962528489591e+00,2.780603593376771432e+00
4.380438043804379955e-01,1.325231106254316060e+00,2.779553077501591307e+00
4.395439543954395289e-01,1.323074405853263968e+00,2.778500209446444380e+00
4.410441044104410069e-01,1.320918862663939652e+00,2.777444984821454188e+00
4.425442544254425403e-01,1.318764478028563669e+00,2.776387399219676144e+00
4.440444044404440183e-01,1.316611253292971906e+00,2.775327448217098425e+00
4.455445544554454962e-01,1.314459189806614692e+00,2.774265127372641970e+00
4.470447044704470296e-01,1.312308288922556576e+00,2.773200432228160928e+00
4.485448544854485076e-01,1.310158551997476994e+00,2.772133358308441320e+00
4.500450045004500410e-01,1.308009980391670268e+00,2.771063901121201489e+00
4.515451545154515189e-01,1.305862575469044717e+00,2.769992056157093874e+00
4.530453045304529969e-01,1.303716338597123992e+00,2.768917818889702342e+00
4.545454545454545303e-01,1.301571271147045739e+00,2.767841184775543972e+00
4.560456045604560082e-01,1.299427374493562493e+00,2.766762149254067715e+00
4.575457545754575417e-01,1.297284650015041674e+00,2.765680707747655731e+00
4.590459045904590196e-01,1.295143099093465144e+00,2.764596855661623387e+00
4.605460546054604976e-01,1.293002723114428765e+00,2.763510588384217925e+00
4.620462046204620310e-01,1.290863523467144169e+00,2.762421901286619352e+00
4.635463546354635089e-01,1.288725501544436103e+00,2.761330789722940438e+00
4.650465046504650424e-01,1.286588658742745972e+00,2.760237249030226270e+00
4.665466546654665203e-01,1.284452996462128294e+00,2.759141274528455590e+00
4.680468046804679982e-01,1.282318516106252027e+00,2.758042861520538125e+00
4.695469546954695317e-01,1.280185219082401904e+00,2.756942005292318143e+00
4.710471047104710096e-01,1.278053106801476213e+00,2.755838701112570455e+00
4.725472547254725431e-01,1.275922180677988571e+00,2.754732944233004854e+00
4.740474047404740210e-01,1.273792442130067259e+00,2.753624729888262124e+00
4.755475547554754989e-01,1.271663892579454558e+00,2.752514053295915808e+00
4.770477047704770324e-01,1.269536533451507410e+00,2.751400909656473104e+00
4.785478547854785103e-01,1.267410366175198089e+00,2.750285294153372639e+00
4.800480048004800437e-01,1.265285392183113089e+00,2.749167201952986250e+00
4.815481548154815217e-01,1.263161612911453791e+00,2.748046628204619424e+00
4.830483048304829996e-01,1.261039029800034905e+00,2.746923568040507746e+00
4.845484548454845330e-01,1.258917644292287363e+00,2.745798016575822231e+00
4.860486048604860110e-01,1.256797457835256537e+00,2.744669968908664437e+00
4.875487548754874889e-01,1.254678471879601354e+00,2.743539420120070016e+00
4.890489048904890224e-01,1.252560687879596291e+00,2.742406365274006497e+00
4.905490549054905003e-01,1.250444107293130269e+00,2.741270799417374615e+00
4.920492049204920337e-01,1.248328731581706430e+00,2.740132717580006538e+00
4.935493549354935117e-01,1.246214562210443022e+00,2.738992114774668529e+00
4.950495049504949896e-01,1.244101600648072736e+00,2.737848985997058726e+00
4.965496549654965230e-01,1.241989848366942706e+00,2.736703326225808031e+00
4.980498049804980010e-01,1.239879306843015172e+00,2.735555130422480108e+00
4.995499549954995344e-01,1.237769977555866596e+00,2.734404393531570943e+00
5.010501050105010679e-01,1.235661861988687882e+00,2.733251110480509727e+00
5.025502550255025458e-01,1.233554961628285040e+00,2.732095276179657972e+00
5.040504050405040237e-01,1.231449277965078526e+00,2.730936885522309954e+00
5.055505550555055017e-01,1.229344812493102790e+00,2.729775933384692266e+00
5.070507050705069796e-01,1.227241566710008502e+00,2.728612414625964266e+00
5.085508550855085685e-01,1.225139542117058999e+00,2.727446324088218077e+00
5.100510051005100465e-01,1.223038740219133613e+00,2.726277656596479027e+00
5.115511551155115244e-01,1.220939162524725896e+00,2.725106406958703875e+00
5.130513051305130023e-01,1.218840810545943842e+00,2.723932569965782591e+00
5.145514551455144803e-01,1.216743685798510555e+00,2.722756140391538793e+00
5.160516051605160692e-01,1.214647789801762467e+00,2.721577112992726644e+00
5.175517551755175472e-01,1.212553124078652456e+00,2.720395482509034846e+00
5.190519051905190251e-01,1.210459690155747170e+00,2.719211243663083977e+00
5.205520552055205030e-01,1.208367489563227259e+00,2.718024391160426934e+00
5.220522052205219810e-01,1.206276523834889147e+00,2.716834919689550265e+00
5.235523552355235699e-01,1.204186794508142588e+00,2.715642823921871951e+00
5.250525052505250478e-01,1.202098303124013334e+00,2.714448098511743623e+00
5.265526552655265258e-01,1.200011051227141134e+00,2.713250738096448789e+00
5.280528052805280037e-01,1.197925040365779736e+00,2.712050737296204161e+00
5.295529552955294816e-01,1.195840272091798884e+00,2.710848090714158776e+00
5.310531053105310706e-01,1.193756747960680986e+00,2.709642792936394429e+00
5.325532553255325485e-01,1.191674469531525560e+00,2.708434838531926125e+00
5.340534053405340265e-01,1.189593438367044786e+00,2.707224222052699858e+00
5.355535553555355044e-01,1.187513656033566178e+00,2.706010938033596602e+00
5.370537053705369823e-01,1.185435124101031690e+00,2.704794980992427877e+00
5.385538553855385713e-01,1.183357844142998161e+00,2.703576345429938854e+00
5.400540054005400492e-01,1.181281817736636874e+00,2.702355025829807467e+00
5.415541554155415271e-01,1.179207046462733999e+00,2.701131016658643524e+00
5.430543054305430051e-01,1.177133531905689701e+00,2.699904312365990933e+00
5.445544554455444830e-01,1.175061275653519033e+00,2.698674907384324584e+00
5.460546054605460720e-01,1.172990279297851934e+00,2.697442796129052578e+00
5.475547554755475499e-01,1.170920544433933230e+00,2.696207972998516222e+00
5.490549054905490278e-01,1.168852072660621300e+00,2.694970432373989144e+00
5.505550555055505058e-01,1.166784865580390518e+00,2.693730168619677290e+00
5.520552055205519837e-01,1.164718924799328592e+00,2.692487176082719813e+00
5.535553555355535726e-01,1.162654251927138116e+00,2.691241449093187299e+00
5.550555055505550506e-01,1.160590848577137901e+00,2.689992981964085317e+00
5.565556555655565285e-01,1.158528716366258760e+00,2.688741768991349534e+00
5.580558055805580064e-01,1.156467856915047943e+00,2.687487804453849716e+00
5.595559555955594844e-01,1.154408271847667145e+00,2.686231082613387944e+00
5.610561056105610733e-01,1.152349962791891613e+00,2.684971597714699065e+00
5.625562556255625513e-01,1.150292931379112371e+00,2.683709343985450246e+00
5.640564056405640292e-01,1.148237179244334882e+00,2.682444315636241416e+00
5.655565556555655071e-01,1.146182708026179053e+00,2.681176506860605713e+00
5.670567056705669851e-01,1.144129519366878789e+00,2.679905911835007704e+00
5.685568556855685740e-01,1.142077614912283545e+00,2.678632524718846053e+00
5.700570057005700519e-01,1.140026996311857221e+00,2.677356339654450856e+00
5.715571557155715299e-01,1.137977665218677714e+00,2.676077350767085861e+00
5.730573057305730078e-01,1.135929623289438251e+00,2.674795552164946244e+00
5.745574557455744857e-01,1.133882872184446722e+00,2.673510937939161280e+00
5.760576057605759637e-01,1.131837413567624573e+00,2.672223502163791675e+00
5.775577557755775526e-01,1.129793249106509023e+00,2.670933238895831341e+00
5.790579057905790306e-01,1.127750380472251734e+00,2.669640142175206954e+00
5.805580558055805085e-01,1.125708809339618810e+00,2.668344206024777066e+00
5.820582058205819864e-01,1.123668537386990351e+00,2.667045424450334323e+00
5.835583558355834644e-01,1.121629566296362235e+00,2.665743791440602362e+00
5.850585058505850533e-01,1.119591897753344334e+00,2.664439300967238466e+00
5.865586558655865312e-01,1.117555533447160965e+00,2.663131946984832688e+00
5.880588058805880092e-01,1.115520475070651329e+00,2.661821723430906950e+00
5.895589558955894871e-01,1.113486724320269294e+00,2.660508624225915941e+00
5.910591059105909650e-01,1.111454282896083612e+00,2.659192643273248446e+00
5.925592559255925540e-01,1.109423152501776144e+00,2.657873774459223348e+00
5.940594059405940319e-01,1.107393334844646304e+00,2.656552011653094958e+00
5.955595559555955099e-01,1.105364831635604839e+00,2.655227348707047685e+00
5.970597059705969878e-01,1.103337644589179600e+00,2.653899779456200037e+00
5.985598559855984657e-01,1.101311775423511552e+00,2.652569297718603281e+00
6.000600060006000547e-01,1.099287225860356987e+00,2.651235897295241006e+00
6.015601560156015326e-01,1.097263997625086862e+00,2.649899571970028678e+00
6.030603060306030105e-01,1.095242092446686133e+00,2.648560315509815855e+00
6.045604560456044885e-01,1.093221512057755307e+00,2.647218121664383084e+00
6.060606060606059664e-01,1.091202258194508889e+00,2.645872984166445452e+00
6.075607560756075554e-01,1.089184332596775828e+00,2.644524896731649033e+00
6.090609060906090333e-01,1.087167737007999957e+00,2.643173853058573552e+00
6.105610561056105112e-01,1.085152473175240218e+00,2.641819846828731055e+00
6.120612061206119892e-01,1.083138542849169550e+00,2.640462871706565906e+00
6.135613561356134671e-01,1.081125947784075558e+00,2.639102921339455676e+00
6.150615061506150560e-01,1.079114689737860289e+00,2.637739989357710257e+00
6.165616561656165340e-01,1.077104770472041562e+00,2.636374069374572748e+00
6.180618061806180119e-01,1.075096191751749863e+00,2.635005154986217679e+00
6.195619561956194898e-01,1.073088955345732565e+00,2.633633239771752788e+00
6.210621062106209678e-01,1.071083063026349480e+00,2.632258317293219463e+00
6.225622562256225567e-01,1.069078516569576642e+00,2.630880381095590526e+00
6.240624062406240347e-01,1.067075317755004082e+00,2.629499424706772004e+00
6.255625562556255126e-01,1.065073468365836273e+00,2.628115441637602245e+00
6.270627062706269905e-01,1.063072970188892796e+00,2.626728425381851917e+00
6.285628562856284685e-01,1.061073825014607230e+00,2.625338369416225781e+00
6.300630063006300574e-01,1.059076034637028263e+00,2.623945267200359144e+00
6.315631563156315353e-01,1.057079600853819246e+00,2.622549112176822295e+00
6.330633063306330133e-01,1.055084525466257972e+00,2.621149897771116066e+00
6.345634563456344912e-01,1.053090810279236678e+00,2.619747617391674943e+00
6.360636063606359691e-01,1.051098457101262484e+00,2.618342264429866617e+00
6.375637563756375581e-01,1.049107467744456734e+00,2.616933832259989767e+00
6.390639063906390360e-01,1.047117844024556543e+00,2.615522314239277168e+00
6.405640564056405140e-01,1.045129587760911916e+00,2.614107703707893915e+00
6.420642064206419919e-01,1.043142700776488851e+00,2.612689993988937420e+00
6.435643564356434698e-01,1.041157184897867349e+00,2.611269178388438306e+00
6.450645064506450588e-01,1.039173041955242294e+00,2.609845250195358624e+00
6.465646564656465367e-01,1.037190273782422789e+00,2.608418202681594966e+00
6.480648064806480146e-01,1.035208882216833270e+00,2.606988029101974469e+00
6.495649564956494926e-01,1.033228869099511948e+00,2.605554722694258807e+00
6.510651065106509705e-01,1.031250236275112364e+00,2.604118276679141086e+00
6.525652565256525595e-01,1.029272985591901834e+00,2.602678684260247177e+00
6.540654065406540374e-01,1.027297118901763895e+00,2.601235938624136601e+00
6.555655565556555153e-01,1.025322638060194524e+00,2.599790032940299866e+00
6.570657065706569933e-01,1.023349544926306143e+00,2.598340960361161578e+00
6.585658565856584712e-01,1.021377841362824945e+00,2.596888714022078659e+00
6.600660066006600601e-01,1.019407529236091792e+00,2.595433287041339909e+00
6.615661566156615381e-01,1.017438610416062428e+00,2.593974672520167335e+00
6.630663066306630160e-01,1.015471086776306819e+00,2.592512863542716151e+00
6.645664566456644939e-01,1.013504960194010263e+00,2.591047853176073001e+00
6.660666066606659719e-01,1.011540232549971829e+00,2.589579634470258185e+00
6.675667566756675608e-01,1.009576905728605478e+00,2.588108200458224317e+00
6.690669066906690388e-01,1.007614981617940497e+00,2.586633544155856335e+00
6.705670567056705167e-01,1.005654462109619507e+00,2.585155658561972380e+00
6.720672067206719946e-01,1.003695349098900902e+00,2.583674536658322918e+00
6.735673567356734726e-01,1.001737644484656853e+00,2.582190171409591173e+00
6.750675067506750615e-01,9.997813501693749716e-01,2.580702555763392692e+00
6.765676567656765394e-01,9.978264680591567570e-01,2.579211682650276227e+00
6.780678067806780174e-01,9.958730000637187052e-01,2.577717544983722853e+00
6.795679567956794953e-01,9.939209480963920873e-01,2.576220135660145960e+00
6.810681068106809732e-01,9.919703140741221725e-01,2.574719447558892149e+00
6.825682568256825622e-01,9.900210999174695603e-01,2.573215473542240783e+00
6.840684068406840401e-01,9.880733075506088481e-01,2.571708206455403101e+00
6.855685568556855181e-01,9.861269389013300746e-01,2.570197639126523548e+00
6.870687068706869960e-01,9.841819959010366103e-01,2.568683764366679334e+00
6.885688568856884739e-01,9.822384804847480444e-01,2.567166574969879989e+00
6.900690069006900629e-01,9.802963945910970756e-01,2.565646063713067360e+00
6.915691569156915408e-01,9.783557401623321770e-01,2.564122223356116947e+00
6.930693069306930187e-01,9.764165191443157088e-01,2.562595046641836127e+00
6.945694569456944967e-01,9.744787334865252504e-01,2.561064526295965038e+00
6.960696069606959746e-01,9.725423851420524901e-01,2.559530655027176582e+00
6.975697569756975636e-01,9.706074760676035584e-01,2.557993425527075981e+00
6.990699069906990415e-01,9.686740082234999161e-01,2.556452830470202109e+00
7.005700570057005194e-01,9.667419835736773548e-01,2.554908862514024825e+00
7.020702070207019974e-01,9.648114040856863305e-01,2.553361514298948087e+00
7.035703570357034753e-01,9.628822717306914081e-01,2.551810778448308170e+00
7.050705070507050642e-01,9.609545884834722607e-01,2.550256647568373225e+00
7.065706570657065422e-01,9.590283563224234475e-01,2.548699114248345055e+00
7.080708070807080201e-01,9.571035772295534150e-01,2.547138171060357781e+00
7.095709570957094980e-01,9.551802531904862725e-01,2.545573810559477401e+00
7.110711071107109760e-01,9.532583861944593506e-01,2.544006025283704453e+00
7.125712571257125649e-01,9.513379782343254210e-01,2.542434807753969572e+00
7.140714071407140429e-01,9.494190313065520304e-01,2.540860150474137935e+00
7.155715571557155208e-01,9.475015474112213898e-01,2.539282045931006593e+00
7.170717071707169987e-01,9.455855285520297082e-01,2.537700486594306248e+00
7.185718571857184767e-01,9.436709767362881918e-01,2.536115464916698592e+00
7.200720072007200656e-01,9.417578939749222666e-01,2.534526973333778521e+00
7.215721572157215435e-01,9.398462822824733554e-01,2.532935004264075030e+00
7.230723072307230215e-01,9.379361436770957683e-01,2.531339550109048098e+00
7.245724572457244994e-01,9.360274801805591460e-01,2.529740603253090026e+00
7.260726072607259773e-01,9.341202938182482374e-01,2.528138156063527653e+00
7.275727572757275663e-01,9.322145866191611230e-01,2.526532200890619251e+00
7.290729072907290442e-01,9.303103606159121020e-01,2.524922730067555410e+00
7.305730573057305222e-01,9.284076178447293604e-01,2.523309735910459928e+00
7.320732073207320001e-01,9.265063603454553043e-01,2.521693210718389810e+00
7.335733573357334780e-01,9.246065901615473370e-01,2.520073146773333050e+00
7.350735073507350670e-01,9.227083093400771929e-01,2.518449536340212180e+00
7.365736573657365449e-01,9.208115199317323807e-01,2.516822371666881164e+00
7.380738073807380228e-01,9.189162239908135188e-01,2.515191644984126729e+00
7.395739573957395008e-01,9.170224235752363340e-01,2.513557348505668809e+00
7.410741074107409787e-01,9.151301207465317722e-01,2.511919474428159216e+00
7.425742574257425677e-01,9.132393175698446663e-01,2.510278014931183410e+00
7.440744074407440456e-01,9.113500161139349576e-01,2.508632962177258285e+00
7.455745574557455235e-01,9.094622184511768070e-01,2.506984308311834386e+00
7.470747074707470015e-01,9.075759266575594841e-01,2.505332045463294577e+00
7.485748574857484794e-01,9.056911428126859231e-01,2.503676165742954041e+00
7.500750075007500683e-01,9.038078689997749438e-01,2.502016661245061169e+00
7.515751575157515463e-01,9.019261073056592526e-01,2.500353524046796672e+00
7.530753075307530242e-01,9.000458598207866645e-01,2.498686746208274023e+00
7.545754575457545021e-01,8.981671286392185483e-01,2.497016319772538573e+00
7.560756075607559801e-01,8.962899158586319359e-01,2.495342236765570210e+00
7.575757575757575690e-01,8.944142235803180796e-01,2.493664489196278922e+00
7.590759075907590470e-01,8.925400539091832286e-01,2.491983069056509681e+00
7.605760576057605249e-01,8.906674089537476302e-01,2.490297968321039335e+00
7.620762076207620028e-01,8.887962908261463069e-01,2.488609178947576162e+00
7.635763576357634808e-01,8.869267016421296113e-01,2.486916692876762536e+00
7.650765076507650697e-01,8.850586435210616720e-01,2.485220502032173151e+00
7.665766576657665476e-01,8.831921185859213930e-01,2.483520598320315020e+00
7.680768076807680256e-01,8.813271289633028971e-01,2.481816973630628365e+00
7.695769576957695035e-01,8.794636767834136393e-01,2.480109619835485280e+00
7.710771077107709814e-01,8.776017641800775149e-01,2.478398528790191069e+00
7.725772577257725704e-01,8.757413932907313070e-01,2.476683692332983355e+00
7.740774077407740483e-01,8.738825662564276842e-01,2.474965102285032970e+00
7.755775577557755263e-01,8.720252852218329798e-01,2.473242750450443062e+00
7.770777077707770042e-01,8.701695523352289685e-01,2.471516628616248656e+00
7.785778577857784821e-01,8.683153697485114231e-01,2.469786728552418875e+00
7.800780078007800711e-01,8.664627396171910023e-01,2.468053042011854270e+00
7.815781578157815490e-01,8.646116641003931402e-01,2.466315560730388601e+00
7.830783078307830269e-01,8.627621453608572688e-01,2.464574276426788391e+00
7.845784578457845049e-01,8.609141855649388164e-01,2.462829180802752482e+00
7.860786078607859828e-01,8.590677868826058772e-01,2.461080265542912926e+00
7.875787578757875718e-01,8.572229514874424305e-01,2.459327522314832759e+00
7.890789078907890497e-01,8.553796815566474532e-01,2.457570942769010003e+00
7.905790579057905276e-01,8.535379792710331426e-01,2.455810518538874110e+00
7.920792079207920056e-01,8.516978468150274706e-01,2.454046241240786852e+00
7.935793579357934835e-01,8.498592863766730732e-01,2.452278102474043209e+00
7.950795079507950724e-01,8.480223001476258071e-01,2.450506093820870923e+00
7.965796579657965504e-01,8.461868903231575256e-01,2.448730206846429613e+00
7.980798079807980283e-01,8.443530591021548570e-01,2.446950433098812550e+00
7.995799579957995062e-01,8.425208086871182056e-01,2.445166764109044877e+00
8.010801080108009842e-01,8.406901412841626398e-01,2.443379191391084504e+00
8.025802580258025731e-01,8.388610591030180030e-01,2.441587706441822991e+00
8.040804080408040511e-01,8.370335643570293582e-01,2.439792300741082443e+00
8.055805580558055290e-01,8.352076592631557661e-01,2.437992965751619945e+00
8.070807080708070069e-01,8.333833460419707295e-01,2.436189692919124017e+00
8.085808580858084849e-01,8.315606269176629706e-01,2.434382473672215497e+00
8.100810081008100738e-01,8.297395041180353203e-01,2.432571299422447986e+00
8.115811581158115517e-01,8.279199798745058292e-01,2.430756161564309181e+00
8.130813081308130297e-01,8.261020564221063234e-01,2.428937051475217324e+00
8.145814581458145076e-01,8.242857359994841815e-01,2.427113960515525193e+00
8.160816081608159855e-01,8.224710208489006691e-01,2.425286880028516556e+00
8.175817581758175745e-01,8.206579132162317158e-01,2.423455801340408833e+00
8.190819081908190524e-01,8.188464153509684706e-01,2.421620715760351761e+00
8.205820582058205304e-01,8.170365295062163025e-01,2.419781614580428730e+00
8.220822082208220083e-01,8.152282579386951333e-01,2.417938489075653230e+00
8.235823582358234862e-01,8.134216029087395494e-01,2.416091330503974177e+00
8.250825082508250752e-01,8.116165666802985790e-01,2.414240130106271032e+00
8.265826582658265531e-01,8.098131515209365805e-01,2.412384879106358238e+00
8.280828082808280310e-01,8.080113597018319105e-01,2.410525568710980338e+00
8.295829582958295090e-01,8.062111934977780336e-01,2.408662190109816414e+00
8.310831083108309869e-01,8.044126551871817465e-01,2.406794734475476982e+00
8.325832583258325759e-01,8.026157470520660642e-01,2.404923192963505318e+00
8.340834083408340538e-01,8.008204713780679995e-01,2.403047556712378352e+00
8.355835583558355317e-01,7.990268304544392297e-01,2.401167816843504887e+00
8.370837083708370097e-01,7.972348265740454298e-01,2.399283964461226937e+00
8.385838583858384876e-01,7.954444620333680493e-01,2.397395990652817943e+00
8.400840084008400765e-01,7.936557391325018695e-01,2.395503886488484557e+00
8.415841584158415545e-01,7.918686601751576681e-01,2.393607643021367526e+00
8.430843084308430324e-01,7.900832274686599987e-01,2.391707251287537694e+00
8.445844584458445103e-01,7.882994433239480792e-01,2.389802702306000892e+00
8.460846084608459883e-01,7.865173100555755692e-01,2.387893987078693936e+00
8.475847584758475772e-01,7.847368299817116810e-01,2.385981096590486850e+00
8.490849084908490552e-01,7.829580054241389586e-01,2.384064021809182865e+00
8.505850585058505331e-01,7.811808387082559424e-01,2.382142753685516645e+00
8.520852085208520110e-01,7.794053321630742825e-01,2.380217283153157393e+00
8.535853585358534890e-01,7.776314881212216257e-01,2.378287601128704853e+00
8.550855085508550779e-01,7.758593089189389502e-01,2.376353698511692425e+00
8.565856585658565558e-01,7.740887968960836751e-01,2.374415566184586268e+00
8.580858085808580338e-01,7.723199543961258851e-01,2.372473195012785308e+00
8.595859585958595117e-01,7.705527837661509949e-01,2.370526575844619899e+00
8.610861086108609896e-01,7.687872873568595278e-01,2.368575699511354937e+00
8.625862586258625786e-01,7.670234675225664489e-01,2.366620556827186750e+00
8.640864086408640565e-01,7.652613266212007215e-01,2.364661138589243983e+00
8.655865586558655345e-01,7.635008670143066389e-01,2.362697435577588934e+00
8.670867086708670124e-01,7.617420910670427148e-01,2.360729438555215776e+00
8.685868586858684903e-01,7.599850011481823486e-01,2.358757138268052334e+00
8.700870087008700793e-01,7.582295996301129382e-01,2.356780525444957419e+00
8.715871587158715572e-01,7.564758888888376553e-01,2.354799590797724385e+00
8.730873087308730351e-01,7.547238713039738922e-01,2.352814325021078012e+00
8.745874587458745131e-01,7.529735492587521506e-01,2.350824718792675405e+00
8.760876087608759910e-01,7.512249251400195948e-01,2.348830762773107761e+00
8.775877587758775800e-01,7.494780013382369432e-01,2.346832447605897709e+00
8.790879087908790579e-01,7.477327802474802443e-01,2.344829763917501086e+00
8.805880588058805358e-01,7.459892642654393224e-01,2.342822702317306049e+00
8.820882088208820138e-01,7.442474557934195545e-01,2.340811253397633518e+00
8.835883588358834917e-01,7.425073572363396490e-01,2.338795407733737175e+00
8.850885088508850806e-01,7.407689710027338670e-01,2.336775155883803023e+00
8.865886588658865586e-01,7.390322995047517995e-01,2.334750488388950274e+00
8.880888088808880365e-01,7.372973451581552595e-01,2.332721395773230455e+00
8.895889588958895144e-01,7.355641103823236104e-01,2.330687868543627861e+00
8.910891089108909924e-01,7.338325976002486595e-01,2.328649897190058660e+00
8.925892589258925813e-01,7.321028092385377661e-01,2.326607472185373116e+00
8.940894089408940593e-01,7.303747477274129540e-01,2.324560583985352924e+00
8.955895589558955372e-01,7.286484155007104668e-01,2.322509223028712988e+00
8.970897089708970151e-01,7.269238149958812123e-01,2.320453379737100530e+00
8.985898589858984931e-01,7.252009486539912064e-01,2.318393044515095536e+00
9.000900090009000820e-01,7.234798189197204632e-01,2.316328207750211199e+00
9.015901590159015599e-01,7.217604282413641048e-01,2.314258859812892588e+00
9.030903090309030379e-01,7.200427790708314735e-01,2.312184991056517536e+00
9.045904590459045158e-01,7.183268738636472417e-01,2.310106591817397081e+00
9.060906090609059937e-01,7.166127150789491917e-01,2.308023652414774141e+00
9.075907590759075827e-01,7.149003051794915464e-01,2.305936163150824392e+00
9.090909090909090606e-01,7.131896466316423044e-01,2.303844114310657165e+00
9.105910591059105386e-01,7.114807419053839066e-01,2.301747496162313222e+00
9.120912091209120165e-01,7.097735934743134578e-01,2.299646298956766532e+00
9.135913591359134944e-01,7.080682038156431712e-01,2.297540512927923828e+00
9.150915091509150834e-01,7.063645754101994800e-01,2.295430128292623717e+00
9.165916591659165613e-01,7.046627107424230374e-01,2.293315135250638459e+00
9.180918091809180392e-01,7.029626123003702709e-01,2.291195523984672189e+00
9.195919591959195172e-01,7.012642825757111620e-01,2.289071284660362249e+00
9.210921092109209951e-01,6.995677240637312444e-01,2.286942407426278745e+00
9.225922592259225841e-01,6.978729392633289397e-01,2.284808882413923214e+00
9.240924092409240620e-01,6.961799306770197759e-01,2.282670699737731290e+00
9.255925592559255399e-01,6.944887008109317250e-01,2.280527849495070480e+00
9.270927092709270179e-01,6.927992521748087551e-01,2.278380321766241057e+00
9.285928592859284958e-01,6.911115872820088324e-01,2.276228106614476498e+00
9.300930093009300847e-01,6.894257086495043652e-01,2.274071194085941272e+00
9.315931593159315627e-01,6.877416187978835360e-01,2.271909574209734828e+00
9.330933093309330406e-01,6.860593202513471933e-01,2.269743236997888047e+00
9.345934593459345185e-01,6.843788155377132920e-01,2.267572172445363243e+00
9.360936093609359965e-01,6.827001071884115646e-01,2.265396370530058157e+00
9.375937593759375854e-01,6.810231977384884061e-01,2.263215821212800627e+00
9.390939093909390634e-01,6.793480897266044316e-01,2.261030514437352146e+00
9.405940594059405413e-01,6.776747856950344762e-01,2.258840440130407856e+00
9.420942094209420192e-01,6.760032881896687051e-01,2.256645588201593000e+00
9.435943594359434972e-01,6.743335997600108378e-01,2.254445948543468692e+00
9.450945094509450861e-01,6.726657229591794795e-01,2.252241511031525256e+00
9.465946594659465640e-01,6.709996603439092322e-01,2.250032265524189334e+00
9.480948094809480420e-01,6.693354144745478074e-01,2.247818201862816778e+00
9.495949594959495199e-01,6.676729879150575808e-01,2.245599309871698424e+00
9.510951095109509978e-01,6.660123832330167026e-01,2.243375579358056537e+00
9.525952595259525868e-01,6.643536029996162107e-01,2.241147000112046594e+00
9.540954095409540647e-01,6.626966497896640274e-01,2.238913561906755945e+00
9.555955595559555427e-01,6.610415261815802968e-01,2.236675254498206478e+00
9.570957095709570206e-01,6.593882347574016034e-01,2.234432067625350626e+00
9.585958595859584985e-01,6.577367781027778637e-01,2.232183991010074475e+00
9.600960096009600875e-01,6.560871588069745464e-01,2.229931014357195984e+00
9.615961596159615654e-01,6.544393794628717842e-01,2.227673127354466764e+00
9.630963096309630433e-01,6.527934426669632639e-01,2.225410319672571191e+00
9.645964596459645213e-01,6.511493510193584466e-01,2.223142580965125070e+00
9.660966096609659992e-01,6.495071071237805693e-01,2.220869900868677860e+00
9.675967596759674771e-01,6.478667135875684213e-01,2.218592269002711337e+00
9.690969096909690661e-01,6.462281730216739017e-01,2.216309674969639154e+00
9.705970597059705440e-01,6.445914880406657943e-01,2.214022108354809504e+00
9.720972097209720220e-01,6.429566612627251043e-01,2.211729558726501121e+00
9.735973597359734999e-01,6.413236953096490556e-01,2.209432015635927282e+00
9.750975097509749778e-01,6.396925928068486478e-01,2.207129468617232249e+00
9.765976597659765668e-01,6.380633563833504329e-01,2.204821907187493935e+00
9.780978097809780447e-01,6.364359886717945169e-01,2.202509320846722574e+00
9.795979597959795226e-01,6.348104923084365581e-01,2.200191699077861607e+00
9.810981098109810006e-01,6.331868699331451023e-01,2.197869031346785462e+00
9.825982598259824785e-01,6.315651241894064682e-01,2.195541307102303996e+00
9.840984098409840675e-01,6.299452577243183082e-01,2.193208515776156275e+00
9.855985598559855454e-01,6.283272731885947149e-01,2.190870646783017239e+00
9.870987098709870233e-01,6.267111732365644450e-01,2.188527689520491926e+00
9.885988598859885013e-01,6.250969605261698092e-01,2.186179633369120801e+00
9.900990099009899792e-01,6.234846377189686706e-01,2.183826467692373541e+00
9.915991599159915681e-01,6.218742074801331121e-01,2.181468181836654807e+00
9.930993099309930461e-01,6.202656724784498810e-01,2.179104765131302024e+00
9.945994599459945240e-01,6.186590353863203884e-01,2.176736206888584046e+00
9.960996099609960019e-01,6.170542988797607098e-01,2.174362496403702494e+00
9.975997599759974799e-01,6.154514656384015847e-01,2.171983622954792637e+00
9.990999099909990688e-01,6.138505383454886388e-01,2.169599575802922065e+00
1.000600060006000547e+00,6.122515196878806076e-01,2.167210344192090243e+00
1.002100210021002136e+00,6.106544123560528892e-01,2.164815917349229846e+00
1.003600360036003503e+00,6.090592190440946574e-01,2.162416284484206752e+00
1.005100510051005092e+00,6.074659424497095284e-01,2.160011434789817830e+00
1.006600660066006458e+00,6.058745852742157822e-01,2.157601357441794487e+00
1.008100810081008047e+00,6.042851502225461413e-01,2.155186041598799118e+00
1.009600960096009636e+00,6.026976400032482140e-01,2.152765476402428657e+00
1.011101110111011003e+00,6.011120573284853830e-01,2.150339650977211026e+00
1.012601260126012592e+00,5.995284049140332527e-01,2.147908554430606909e+00
1.014101410141013959e+00,5.979466854792840902e-01,2.145472175853011088e+00
1.015601560156015548e+00,5.963669017472430500e-01,2.143030504317749330e+00
1.017101710171017137e+00,5.947890564445315054e-01,2.140583528881080611e+00
1.018601860186018504e+00,5.932131523013852714e-01,2.138131238582197557e+00
1.020102010201020093e+00,5.916391920516534952e-01,2.135673622443223785e+00
1.021602160216021460e+00,5.900671784328013203e-01,2.133210669469216114e+00
1.023102310231023049e+00,5.884971141859069999e-01,2.130742368648164575e+00
1.024602460246024638e+00,5.869289992694313174e-01,2.128268727347974565e+00
1.026102610261026005e+00,5.853628074562597927e-01,2.125789930290165941e+00
1.027602760276027594e+00,5.837985360234813070e-01,2.123306015863815954e+00
1.029102910291028961e+00,5.822361905008237581e-01,2.120816968960454574e+00
1.030603060306030549e+00,5.806757764012775436e-01,2.118322774635714723e+00
1.032103210321032138e+00,5.791172992210974479e-01,2.115823418109331833e+00
1.033603360336033505e+00,5.775607644398014218e-01,2.113318884765146954e+00
1.035103510351035094e+00,5.760061775201706924e-01,2.110809160151101427e+00
1.036603660366036461e+00,5.744535439082504302e-01,2.108294229979242651e+00
1.038103810381038050e+00,5.729028690333488605e-01,2.105774080125719205e+00
1.039603960396039639e+00,5.713541583080379294e-01,2.103248696630784398e+00
1.041104110411041006e+00,5.698074171281536371e-01,2.100718065698794490e+00
1.042604260426042595e+00,5.682626508727942616e-01,2.098182173698208697e+00
1.044104410441043962e+00,5.667198649043229119e-01,2.095641007161590075e+00
1.045604560456045551e+00,5.651790645683649750e-01,2.093094552785604190e+00
1.047104710471047140e+00,5.636402551938104466e-01,2.090542797431020450e+00
1.048604860486048507e+00,5.621034420928123776e-01,2.087985728122712548e+00
1.050105010501050096e+00,5.605686305607869846e-01,2.085423332049655354e+00
1.051605160516051463e+00,5.590358258764146493e-01,2.082855596564928913e+00
1.053105310531053052e+00,5.575050333016385862e-01,2.080282509185715334e+00
1.054605460546054641e+00,5.559762580816660638e-01,2.077704057593301012e+00
1.056105610561056007e+00,5.544495054449678495e-01,2.075120229633075297e+00
1.057605760576057596e+00,5.529247806032776547e-01,2.072531013314530490e+00
1.059105910591058963e+00,5.514020887515934666e-01,2.069936396811262735e+00
1.060606060606060552e+00,5.498814350681759944e-01,2.067336368460971130e+00
1.062106210621062141e+00,5.483628247145500012e-01,2.064730916765458169e+00
1.063606360636063508e+00,5.468462628355039712e-01,2.062120030390630188e+00
1.065106510651065097e+00,5.453317545590889992e-01,2.059503698166495589e+00
1.066606660666066464e+00,5.438193049966206782e-01,2.056881909087167504e+00
1.068106810681068053e+00,5.423089192426773231e-01,2.054254652310861573e+00
1.069606960696069642e+00,5.408006023751011915e-01,2.051621917159896391e+00
1.071107110711071009e+00,5.392943594549982622e-01,2.048983693120695726e+00
1.072607260726072598e+00,5.377901955267373468e-01,2.046339969843784079e+00
1.074107410741073965e+00,5.362881156179515330e-01,2.043690737143791125e+00
1.075607560756075554e+00,5.347881247395366300e-01,2.041035984999449049e+00
1.077107710771077143e+00,5.332902278856525013e-01,2.038375703553593432e+00
1.078607860786078509e+00,5.317944300337226204e-01,2.035709883113163698e+00
1.080108010801080098e+00,5.303007361444332934e-01,2.033038514149201337e+00
1.081608160816081465e+00,5.288091511617353246e-01,2.030361587296853454e+00
1.083108310831083054e+00,5.273196800128417960e-01,2.027679093355367446e+00
1.084608460846084643e+00,5.258323276082305098e-01,2.024991023288096770e+00
1.086108610861086010e+00,5.243470988416422118e-01,2.022297368222496505e+00
1.087608760876087599e+00,5.228639985900809251e-01,2.019598119450125129e+00
1.089108910891088966e+00,5.213830317138148374e-01,2.016893268426646291e+00
1.090609060906090555e+00,5.199042030563747474e-01,2.014182806771823930e+00
1.092109210921092144e+00,5.184275174445558410e-01,2.011466726269527161e+00
1.093609360936093511e+00,5.169529796884165807e-01,2.008745018867729382e+00
1.095109510951095100e+00,5.154805945812783730e-01,2.006017676678504724e+00
1.096609660966096467e+00,5.140103668997271225e-01,2.003284691978033383e+00
1.098109810981098056e+00,5.125423014036110114e-01,2.000546057206595840e+00
1.099609960996099645e+00,5.110764028360429423e-01,1.997801764968578198e+00
1.101110111011101012e+00,5.096126759233987613e-01,1.995051808032469731e+00
1.102610261026102600e+00,5.081511253753175916e-01,1.992296179330861783e+00
1.104110411041103967e+00,5.066917558847027214e-01,1.989534871960450646e+00
1.105610561056105556e+00,5.052345721277200497e-01,1.986767879182033791e+00
1.107110711071107145e+00,5.037795787637998624e-01,1.983995194420513863e+00
1.108610861086108512e+00,5.023267804356358335e-01,1.981216811264896460e+00
1.110111011101110101e+00,5.008761817691842477e-01,1.978432723468289689e+00
1.111611161116111468e+00,4.994277873736662210e-01,1.975642924947906165e+00
1.113111311131113057e+00,4.979816018415652579e-01,1.972847409785060346e+00
1.114611461146114646e+00,4.965376297486289170e-01,1.970046172225170977e+00
1.116111611161116013e+00,4.950958756538685335e-01,1.967239206677760865e+00
1.117611761176117602e+00,4.936563440995581642e-01,1.964426507716453996e+00
1.119111911191118969e+00,4.922190396112361421e-01,1.961608070078979971e+00
1.120612061206120558e+00,4.907839666977036885e-01,1.958783888667169570e+00
1.122112211221122147e+00,4.893511298510259677e-01,1.955953958546958749e+00
1.123612361236123514e+00,4.879205335465317539e-01,1.953118274948385968e+00
1.125112511251125103e+00,4.864921822428126541e-01,1.950276833265592424e+00
1.126612661266126469e+00,4.850660803817247180e-01,1.947429629056824041e+00
1.128112811281128058e+00,4.836422323883864394e-01,1.944576658044428363e+00
1.129612961296129647e+00,4.822206426711808103e-01,1.941717916114857445e+00
1.131113111311131014e+00,4.808013156217539885e-01,1.938853399318666959e+00
1.132613261326132603e+00,4.793842556150151868e-01,1.935983103870514421e+00
1.134113411341133970e+00,4.779694670091379494e-01,1.933107026149162300e+00
1.135613561356135559e+00,4.765569541455584313e-01,1.930225162697474683e+00
1.137113711371137148e+00,4.751467213489770636e-01,1.927337510222420391e+00
1.138613861386138515e+00,4.737387729273576653e-01,1.924444065595071418e+00
1.140114011401140104e+00,4.723331131719269438e-01,1.921544825850601823e+00
1.141614161416141471e+00,4.709297463571758824e-01,1.918639788188290840e+00
1.143114311431143060e+00,4.695286767408584083e-01,1.915728949971519324e+00
1.144614461446144649e+00,4.681299085639923363e-01,1.912812308727772193e+00
1.146114611461146016e+00,4.667334460508590910e-01,1.909889862148638429e+00
1.147614761476147605e+00,4.653392934090028743e-01,1.906961608089808413e+00
1.149114911491148971e+00,4.639474548292323863e-01,1.904027544571077923e+00
1.150615061506150560e+00,4.625579344856189379e-01,1.901087669776344580e+00
1.152115211521151927e+00,4.611707365354981158e-01,1.898141982053610066e+00
1.153615361536153516e+00,4.597858651194683954e-01,1.895190479914979020e+00
1.155115511551155105e+00,4.584033243613919728e-01,1.892233162036659477e+00
1.156615661566156472e+00,4.570231183683951537e-01,1.889270027258963536e+00
1.158115811581158061e+00,4.556452512308664660e-01,1.886301074586304916e+00
1.159615961596159428e+00,4.542697270224593242e-01,1.883326303187202511e+00
1.161116111611161017e+00,4.528965498000895318e-01,1.880345712394276836e+00
1.162616261626162606e+00,4.515257236039370570e-01,1.877359301704253136e+00
1.164116411641163973e+00,4.501572524574455336e-01,1.874367070777959610e+00
1.165616561656165562e+00,4.487911403673213728e-01,1.871369019440326964e+00
1.167116711671166929e+00,4.474273913235350952e-01,1.868365147680390415e+00
1.168616861686168518e+00,4.460660092993203873e-01,1.865355455651287242e+00
1.170117011701170107e+00,4.447069982511747677e-01,1.862339943670259013e+00
1.171617161716171474e+00,4.433503621188591426e-01,1.859318612218650690e+00
1.173117311731173062e+00,4.419961048253976399e-01,1.856291461941909304e+00
1.174617461746174429e+00,4.406442302770784969e-01,1.853258493649587058e+00
1.176117611761176018e+00,4.392947423634526727e-01,1.850219708315337552e+00
1.177617761776177607e+00,4.379476449573353469e-01,1.847175107076918898e+00
1.179117911791178974e+00,4.366029419148050872e-01,1.844124691236192604e+00
1.180618061806180563e+00,4.352606370752034604e-01,1.841068462259122684e+00
1.182118211821181930e+00,4.339207342611361984e-01,1.838006421775777222e+00
1.183618361836183519e+00,4.325832372784719770e-01,1.834938571580327027e+00
1.185118511851185108e+00,4.312481499163433041e-01,1.831864913631046532e+00
1.186618661866186475e+00,4.299154759471465193e-01,1.828785450050313788e+00
1.188118811881188064e+00,4.285852191265405731e-01,1.825700183124609355e+00
1.189618961896189431e+00,4.272573831934488586e-01,1.822609115304518301e+00
1.191119111911191020e+00,4.259319718700576018e-01,1.819512249204727317e+00
1.192619261926192609e+00,4.246089888618168051e-01,1.816409587604027820e+00
1.194119411941193976e+00,4.232884378574403583e-01,1.813301133445314628e+00
1.195619561956195565e+00,4.219703225289047621e-01,1.810186889835584401e+00
1.197119711971196931e+00,4.206546465314510153e-01,1.807066860045938972e+00
1.198619861986198520e+00,4.193414135035828383e-01,1.803941047511581797e+00
1.200120012001200109e+00,4.180306270670678392e-01,1.800809455831820838e+00
1.201620162016201476e+00,4.167222908269374582e-01,1.797672088770067234e+00
1.203120312031203065e+00,4.154164083714856348e-01,1.794528950253834187e+00
1.204620462046204432e+00,4.141129832722710846e-01,1.791380044374740521e+00
1.206120612061206021e+00,4.128120190841148562e-01,1.788225375388506011e+00
1.207620762076207610e+00,4.115135193451023299e-01,1.785064947714955164e+00
1.209120912091208977e+00,4.102174875765823292e-01,1.781898765938015661e+00
1.210621062106210566e+00,4.089239272831665661e-01,1.778726834805717694e+00
1.212121212121211933e+00,4.076328419527310842e-01,1.775549159230195961e+00
1.213621362136213522e+00,4.063442350564145933e-01,1.772365744287687450e+00
1.215121512151215111e+00,4.050581100486199682e-01,1.769176595218532544e+00
1.216621662166216478e+00,4.037744703670136381e-01,1.765981717427176578e+00
1.218121812181218067e+00,4.024933194325248653e-01,1.762781116482165178e+00
1.219621962196219433e+00,4.012146606493471324e-01,1.759574798116150696e+00
1.221122112211221022e+00,3.999384974049369212e-01,1.756362768225885329e+00
1.222622262226222611e+00,3.986648330700144349e-01,1.753145032872227560e+00
1.224122412241223978e+00,3.973936709985637084e-01,1.749921598280138157e+00
1.225622562256225567e+00,3.961250145278315538e-01,1.746692470838679956e+00
1.227122712271226934e+00,3.948588669783291705e-01,1.743457657101021407e+00
1.228622862286228523e+00,3.935952316538303686e-01,1.740217163784431920e+00
1.230123012301230112e+00,3.923341118413730677e-01,1.736970997770285852e+00
1.231623162316231479e+00,3.910755108112587419e-01,1.733719166104060960e+00
1.233123312331233068e+00,3.898194318170518091e-01,1.730461675995336401e+00
1.234623462346234435e+00,3.885658780955809632e-01,1.727198534817797615e+00
1.236123612361236024e+00,3.873148528669376200e-01,1.723929750109230330e+00
1.237623762376237613e+00,3.860663593344772493e-01,1.720655329571525449e+00
1.239123912391238980e+00,3.848204006848188197e-01,1.717375281070677051e+00
1.240624062406240569e+00,3.835769800878444657e-01,1.714089612636781723e+00
1.242124212421241936e+00,3.823361006967000986e-01,1.710798332464040339e+00
1.243624362436243524e+00,3.810977656477950171e-01,1.707501448910756059e+00
1.245124512451245113e+00,3.798619780608020191e-01,1.704198970499336108e+00
1.246624662466246480e+00,3.786287410386578456e-01,1.700890905916291329e+00
1.248124812481248069e+00,3.773980576675619591e-01,1.697577264012234188e+00
1.249624962496249436e+00,3.761699310169780430e-01,1.694258053801883213e+00
1.251125112511251025e+00,3.749443641396327243e-01,1.690933284464056996e+00
1.252625262526252614e+00,3.737213600715165729e-01,1.687602965341680195e+00
1.254125412541253981e+00,3.725009218318836579e-01,1.684267105941779974e+00
1.255625562556255570e+00,3.712830524232511031e-01,1.680925715935485343e+00
1.257125712571256937e+00,3.700677548314001419e-01,1.677578805158031150e+00
1.258625862586258526e+00,3.688550320253749515e-01,1.674226383608753199e+00
1.260126012601260115e+00,3.676448869574835965e-01,1.670868461451091802e+00
1.261626162616261482e+00,3.664373225632978071e-01,1.667505049012591334e+00
1.263126312631263071e+00,3.652323417616522017e-01,1.664136156784897569e+00
1.264626462646264438e+00,3.640299474546455638e-01,1.660761795423761455e+00
1.266126612661266027e+00,3.628301425276395653e-01,1.657381975749035341e+00
1.267626762676267616e+00,3.616329298492599875e-01,1.653996708744676969e+00
1.269126912691268982e+00,3.604383122713958332e-01,1.650606005558746370e+00
1.270627062706270571e+00,3.592462926291994929e-01,1.647209877503405862e+00
1.272127212721271938e+00,3.580568737410872449e-01,1.643808336054923602e+00
1.273627362736273527e+00,3.568700584087383110e-01,1.640401392853668261e+00
1.275127512751275116e+00,3.556858494170960783e-01,1.636989059704113680e+00
1.276627662766276483e+00,3.545042495343670996e-01,1.633571348574837101e+00
1.278127812781278072e+00,3.533252615120211493e-01,1.630148271598517162e+00
1.279627962796279439e+00,3.521488880847921665e-01,1.626719841071938788e+00
1.281128112811281028e+00,3.509751319706770900e-01,1.623286069455986969e+00
1.282628262826282617e+00,3.498039958709364683e-01,1.619846969375652312e+00
1.284128412841283984e+00,3.486354824700946820e-01,1.616402553620028382e+00
1.285628562856285573e+00,3.474695944359390554e-01,1.612952835142310803e+00
1.287128712871286940e+00,3.463063344195211335e-01,1.609497827059800601e+00
1.288628862886288529e+00,3.451457050551550720e-01,1.606037542653899530e+00
1.290129012901290118e+00,3.439877089604193028e-01,1.602571995370114966e+00
1.291629162916291484e+00,3.428323487361557564e-01,1.599101198818056790e+00
1.293129312931293073e+00,3.416796269664690855e-01,1.595625166771437620e+00
1.294629462946294440e+00,3.405295462187285516e-01,1.592143913168074132e+00
1.296129612961296029e+00,3.393821090435658605e-01,1.588657452109885959e+00
1.297629762976297618e+00,3.382373179748769942e-01,1.585165797862895687e+00
1.299129912991298985e+00,3.370951755298211561e-01,1.581668964857231074e+00
1.300630063006300574e+00,3.359556842088210482e-01,1.578166967687120170e+00
1.302130213021301941e+00,3.348188464955629828e-01,1.574659821110897084e+00
1.303630363036303530e+00,3.336846648569966600e-01,1.571147540050997549e+00
1.305130513051305119e+00,3.325531417433351677e-01,1.567630139593961136e+00
1.306630663066306486e+00,3.314242795880556480e-01,1.564107634990431706e+00
1.308130813081308075e+00,3.302980808078981867e-01,1.560580041655154071e+00
1.309630963096309442e+00,3.291745478028667571e-01,1.557047375166979108e+00
1.311131113111311031e+00,3.280536829562282763e-01,1.553509651268858649e+00
1.312631263126312620e+00,3.269354886345138822e-01,1.549966885867849253e+00
1.314131413141313987e+00,3.258199671875179892e-01,1.546419095035111102e+00
1.315631563156315575e+00,3.247071209482980669e-01,1.542866295005906219e+00
1.317131713171316942e+00,3.235969522331759718e-01,1.539308502179601135e+00
1.318631863186318531e+00,3.224894633417359491e-01,1.535745733119664891e+00
1.320132013201320120e+00,3.213846565568266866e-01,1.532178004553670592e+00
1.321632163216321487e+00,3.202825341445603158e-01,1.528605333373294517e+00
1.323132313231323076e+00,3.191830983543119116e-01,1.525027736634315678e+00
1.324632463246324443e+00,3.180863514187204366e-01,1.521445231556617150e+00
1.326132613261326032e+00,3.169922955536882969e-01,1.517857835524184296e+00
1.327632763276327621e+00,3.159009329583813974e-01,1.514265566085107206e+00
1.329132913291328988e+00,3.148122658152293085e-01,1.510668440951578706e+00
1.330633063306330577e+00,3.137262962899247110e-01,1.507066477999893461e+00
1.332133213321331944e+00,3.126430265314243395e-01,1.503459695270452201e+00
1.333633363336333533e+00,3.115624586719479838e-01,1.499848110967756831e+00
1.335133513351335122e+00,3.104845948269790434e-01,1.496231743460413544e+00
1.336633663366336489e+00,3.094094370952648609e-01,1.492610611281131483e+00
1.338133813381338078e+00,3.083369875588155007e-01,1.488984733126722970e+00
1.339633963396339444e+00,3.072672482829053031e-01,1.485354127858104611e+00
1.341134113411341033e+00,3.062002213160714414e-01,1.481718814500294634e+00
1.342634263426342622e+00,3.051359086901151985e-01,1.478078812242415552e+00
1.344134413441343989e+00,3.040743124201011338e-01,1.474434140437694829e+00
1.345634563456345578e+00,3.030154345043570285e-01,1.470784818603459332e+00
1.347134713471346945e+00,3.019592769244748287e-01,1.467130866421143320e+00
1.348634863486348534e+00,3.009058416453092022e-01,1.463472303736281122e+00
1.350135013501350123e+00,2.998551306149787599e-01,1.459809150558512680e+00
1.351635163516351490e+00,2.988071457648659446e-01,1.456141427061580451e+00
1.353135313531353079e+00,2.977618890096160320e-01,1.452469153583329620e+00
1.354635463546354446e+00,2.967193622471382963e-01,1.448792350625710101e+00
1.356135613561356035e+00,2.956795673586052331e-01,1.445111038854772989e+00
1.357635763576357624e+00,2.946425062084527813e-01,1.441425239100674327e+00
1.359135913591358991e+00,2.936081806443811004e-01,1.437734972357674001e+00
1.360636063606360580e+00,2.925765924973529053e-01,1.434040259784133298e+00
1.362136213621361946e+00,2.915477435815950757e-01,1.430341122702518675e+00
1.363636363636363535e+00,2.905216356945976020e-01,1.426637582599397547e+00
1.365136513651365124e+00,2.894982706171141396e-01,1.422929661125443612e+00
1.366636663666366491e+00,2.884776501131621207e-01,1.419217380095432191e+00
1.368136813681368080e+00,2.874597759300220323e-01,1.415500761488241332e+00
1.369636963696369447e+00,2.864446497982383044e-01,1.411779827446854707e+00
1.371137113711371036e+00,2.854322734316181998e-01,1.408054600278355828e+00
1.372637263726372625e+00,2.844226485272333127e-01,1.404325102453934715e+00
1.374137413741373992e+00,2.834157767654185145e-01,1.400591356608883675e+00
1.375637563756375581e+00,2.824116598097716757e-01,1.396853385542597525e+00
1.377137713771376948e+00,2.814102993071548320e-01,1.393111212218575590e+00
1.378637863786378537e+00,2.804116968876929072e-01,1.389364859764419036e+00
1.380138013801380126e+00,2.794158541647751015e-01,1.385614351471833983e+00
1.381638163816381493e+00,2.784227727350535586e-01,1.381859710796629503e+00
1.383138313831383082e+00,2.774324541784438658e-01,1.378100961358716514e+00
1.384638463846384449e+00,2.764449000581256088e-01,1.374338126942111549e+00
1.386138613861386037e+00,2.754601119205413728e-01,1.370571231494931874e+00
1.387638763876387626e+00,2.744780912953975749e-01,1.366800299129400376e+00
1.389138913891388993e+00,2.734988396956643530e-01,1.363025354121842447e+00
1.390639063906390582e+00,2.725223586175745116e-01,1.359246420912686215e+00
1.392139213921391949e+00,2.715486495406253531e-01,1.355463524106463868e+00
1.393639363936393538e+00,2.705777139275769017e-01,1.351676688471810106e+00
1.395139513951395127e+00,2.696095532244531801e-01,1.347885938941464135e+00
1.396639663966396494e+00,2.686441688605418210e-01,1.344091300612268114e+00
1.398139813981398083e+00,2.676815622483933454e-01,1.340292798745165381e+00
1.399639963996399450e+00,2.667217347838224950e-01,1.336490458765206890e+00
1.401140114011401039e+00,2.657646878459068440e-01,1.332684306261542551e+00
1.402640264026402628e+00,2.648104227969879654e-01,1.328874366987427891e+00
1.404140414041403995e+00,2.638589409826710419e-01,1.325060666860222280e+00
1.405640564056405584e+00,2.629102437318240892e-01,1.321243231961386266e+00
1.407140714071406951e+00,2.619643323565795101e-01,1.317422088536485791e+00
1.408640864086408540e+00,2.610212081523323735e-01,1.313597262995188863e+00
1.410141014101410128e+00,2.600808723977418579e-01,1.309768781911266444e+00
1.411641164116411495e+00,2.591433263547304744e-01,1.305936672022594891e+00
1.413141314131413084e+00,2.582085712684841772e-01,1.302100960231151738e+00
1.414641464146414451e+00,2.572766083674525861e-01,1.298261673603019251e+00
1.416141614161416040e+00,2.563474388633484868e-01,1.294418839368381313e+00
1.417641764176417629e+00,2.554210639511484415e-01,1.290572484921526542e+00
1.419141914191418996e+00,2.544974848090929553e-01,1.286722637820847170e+00
1.420642064206420585e+00,2.535767025986848666e-01,1.282869325788837500e+00
1.422142214221421952e+00,2.526587184646919004e-01,1.279012576712096116e+00
1.423642364236423541e+00,2.517435335351441150e-01,1.275152418641324115e+00
1.425142514251425130e+00,2.508311489213357337e-01,1.271288879791326210e+00
1.426642664266426497e+00,2.499215657178246452e-01,1.267421988541011846e+00
1.428142814281428086e+00,2.490147850024315712e-01,1.263551773433390757e+00
1.429642964296429453e+00,2.481108078362413427e-01,1.259678263175578738e+00
1.431143114311431042e+00,2.472096352636019012e-01,1.255801486638793651e+00
1.432643264326432631e+00,2.463112683121250757e-01,1.251921472858356754e+00
1.434143414341433997e+00,2.454157079926859719e-01,1.248038251033693591e+00
1.435643564356435586e+00,2.445229552994230837e-01,1.244151850528330883e+00
1.437143714371436953e+00,2.436330112097387923e-01,1.240262300869901413e+00
1.438643864386438542e+00,2.427458766842985893e-01,1.236369631750138476e+00
1.440144014401440131e+00,2.418615526670316873e-01,1.232473873024880762e+00
1.441644164416441498e+00,2.409800400851310198e-01,1.228575054714070358e+00
1.443144314431443087e+00,2.401013398490524642e-01,1.224673207001750086e+00
1.444644464446444454e+00,2.392254528525159518e-01,1.220768360236069494e+00
1.446144614461446043e+00,2.383523799725044690e-01,1.216860544929278642e+00
1.447644764476447632e+00,2.374821220692648893e-01,1.212949791757732765e+00
1.449144914491448999e+00,2.366146799863077521e-01,1.209036131561890492e+00
1.450645064506450588e+00,2.357500545504062628e-01,1.205119595346311190e+00
1.452145214521451955e+00,2.348882465715981804e-01,1.201200214279661171e+00
1.453645364536453544e+00,2.340292568431838749e-01,1.197278019694707041e+00
1.455145514551455133e+00,2.331730861417278255e-01,1.193353043088320131e+00
1.456645664566456500e+00,2.323197352270580107e-01,1.189425316121475618e+00
1.458145814581458088e+00,2.314692048422652970e-01,1.185494870619250296e+00
1.459645964596459455e+00,2.306214957137049382e-01,1.181561738570826581e+00
1.461146114611461044e+00,2.297766085509948542e-01,1.177625952129487175e+00
1.462646264626462633e+00,2.289345440470172965e-01,1.173687543612620843e+00
1.464146414641464000e+00,2.280953028779174052e-01,1.169746545501719082e+00
1.465646564656465589e+00,2.272588857031039855e-01,1.165802990442375009e+00
1.467146714671466956e+00,2.264252931652495082e-01,1.161856911244287360e+00
1.468646864686468545e+00,2.255945258902897210e-01,1.157908340881256049e+00
1.470147014701470134e+00,2.247665844874240926e-01,1.153957312491186382e+00
1.471647164716471501e+00,2.239414695491156460e-01,1.150003859376085735e+00
1.473147314731473090e+00,2.231191816510905146e-01,1.146048015002064435e+00
1.474647464746474457e+00,2.222997213523389415e-01,1.142089812999337761e+00
1.476147614761476046e+00,2.214830891951140024e-01,1.138129287162222392e+00
1.477647764776477635e+00,2.206692857049327716e-01,1.134166471449138847e+00
1.479147914791479002e+00,2.198583113905759334e-01,1.130201399982613042e+00
1.480648064806480591e+00,2.190501667440871159e-01,1.126234107049270960e+00
1.482148214821481957e+00,2.182448522407741121e-01,1.122264627099843981e+00
1.483648364836483546e+00,2.174423683392074924e-01,1.118292994749165992e+00
1.485148514851485135e+00,2.166427154812220479e-01,1.114319244776174056e+00
1.486648664866486502e+00,2.158458940919156799e-01,1.110343412123910634e+00
1.488148814881488091e+00,2.150519045796499551e-01,1.106365531899517585e+00
1.489648964896489458e+00,2.142607473360498282e-01,1.102385639374244164e+00
1.491149114911491047e+00,2.134724227360038640e-01,1.098403769983439693e+00
1.492649264926492636e+00,2.126869311376639593e-01,1.094419959326558667e+00
1.494149414941494003e+00,2.119042728824459543e-01,1.090434243167158979e+00
1.495649564956495592e+00,2.111244482950286327e-01,1.086446657432900587e+00
1.497149714971496959e+00,2.103474576833548326e-01,1.082457238215548401e+00
1.498649864986498548e+00,2.095733013386302246e-01,1.078466021770967842e+00
1.500150015001500137e+00,2.088019795353248664e-01,1.074473044519131060e+00
1.501650165016501504e+00,2.080334925311716487e-01,1.070478343044112490e+00
1.503150315031503093e+00,2.072678405671671276e-01,1.066481954094087525e+00
1.504650465046504459e+00,2.065050238675714689e-01,1.062483914581338507e+00
1.506150615061506048e+00,2.057450426399083376e-01,1.058484261582247399e+00
1.507650765076507637e+00,2.049878970749646756e-01,1.054483032337302895e+00
1.509150915091509004e+00,2.042335873467915897e-01,1.050480264251095530e+00
1.510651065106510593e+00,2.034821136127028529e-01,1.046475994892318129e+00
1.512151215121511960e+00,2.027334908274151248e-01,1.042470396352329853e+00
1.513651365136513549e+00,2.019878231141068459e-01,1.038464475445084911e+00
1.515151515151515138e+00,2.012451273317270306e-01,1.034458490971267075e+00
1.516651665166516505e+00,2.005053994639842130e-01,1.030452516077006164e+00
1.518151815181518094e+00,1.997686354824452504e-01,1.026446623929600621e+00
1.519651965196519461e+00,1.990348313465360730e-01,1.022440887717521951e+00
1.521152115211521050e+00,1.983039830035407958e-01,1.018435380650408728e+00
1.522652265226522639e+00,1.975760863886026064e-01,1.014430175959071923e+00
1.524152415241524006e+00,1.968511374247232659e-01,1.010425346895492460e+00
1.525652565256525595e+00,1.961291320227629142e-01,1.006420966732820110e+00
1.527152715271526962e+00,1.954100660814407087e-01,1.002417108765376375e+00
1.528652865286528550e+00,1.946939354873340744e-01,9.984138463086513759e-01
1.530153015301530139e+00,1.939807361148794262e-01,9.944112526993067469e-01
1.531653165316531506e+00,1.932704638263718355e-01,9.904094012951742965e-01
1.533153315331533095e+00,1.925631144719646415e-01,9.864083654752543451e-01
1.534653465346534462e+00,1.918586838896703117e-01,9.824082186397197214e-01
1.536153615361536051e+00,1.911571679053595263e-01,9.784090342099109883e-01
1.537653765376537640e+00,1.904585623327619825e-01,9.744108856283408837e-01
1.539153915391539007e+00,1.897628629734659234e-01,9.704138463586921004e-01
1.540654065406540596e+00,1.890700656169180816e-01,9.664179898858157314e-01
1.542154215421541963e+00,1.883801660404241241e-01,9.624233897157353779e-01
1.543654365436543552e+00,1.876931600091479857e-01,9.584301193756428194e-01
1.545154515451545141e+00,1.870090432761126464e-01,9.544382524139011226e-01
1.546654665466546508e+00,1.863278115821996317e-01,9.504478624000441966e-01
1.548154815481548097e+00,1.856494606561489014e-01,9.464590229247739073e-01
1.549654965496549464e+00,1.849739862145593772e-01,9.424718075999648503e-01
1.551155115511551053e+00,1.843013839618883321e-01,9.384862900586593559e-01
1.552655265526552641e+00,1.836316495904519175e-01,9.345025439550717072e-01
1.554155415541554008e+00,1.829647787804249970e-01,9.305206429645863642e-01
1.555655565556555597e+00,1.823007671998407297e-01,9.265406607837561870e-01
1.557155715571556964e+00,1.816396105045913201e-01,9.225626711303065441e-01
1.558655865586558553e+00,1.809813043384273512e-01,9.185867477431307604e-01
1.560156015601560142e+00,1.803258443329582017e-01,9.146129643822940025e-01
1.561656165616561509e+00,1.796732261076519621e-01,9.106413948290313920e-01
1.563156315631563098e+00,1.790234452698351297e-01,9.066721128857468948e-01
1.564656465646564465e+00,1.783764974146931914e-01,9.027051923760165408e-01
1.566156615661566054e+00,1.777323781252698742e-01,8.987407071445846496e-01
1.567656765676567643e+00,1.770910829724678948e-01,8.947787310573670494e-01
1.569156915691569010e+00,1.764526075150486262e-01,8.908193380014499674e-01
1.570657065706570599e+00,1.758169472996317928e-01,8.868626018850880310e-01
1.572157215721571966e+00,1.751840978606961363e-01,8.829085966377083761e-01
1.573657365736573555e+00,1.745540547205786663e-01,8.789573962099057614e-01
1.575157515751575144e+00,1.739268133894754098e-01,8.750090745734473430e-01
1.576657665766576510e+00,1.733023693654409392e-01,8.710637057212700096e-01
1.578157815781578099e+00,1.726807181343882336e-01,8.671213636674790504e-01
1.579657965796579466e+00,1.720618551700893450e-01,8.631821224473527066e-01
1.581158115811581055e+00,1.714457759341745380e-01,8.592460561173366207e-01
1.582658265826582644e+00,1.708324758761330942e-01,8.553132387550486104e-01
1.584158415841584011e+00,1.702219504333128408e-01,8.513837444592765591e-01
1.585658565856585600e+00,1.696141950309200674e-01,8.474576473499767504e-01
1.587158715871586967e+00,1.690092050820199976e-01,8.435350215682779762e-01
1.588658865886588556e+00,1.684069759875362893e-01,8.396159412764769847e-01
1.590159015901590145e+00,1.678075031362513125e-01,8.357004806580422551e-01
1.591659165916591512e+00,1.672107819048063160e-01,8.317887139176125544e-01
1.593159315931593101e+00,1.666168076577007884e-01,8.278807152809952719e-01
1.594659465946594468e+00,1.660255757472932636e-01,8.239765589951698610e-01
1.596159615961596057e+00,1.654370815138005713e-01,8.200763193282838426e-01
1.597659765976597646e+00,1.648513202852984472e-01,8.161800705696569125e-01
1.599159915991599012e+00,1.642682873777213115e-01,8.122878870297782772e-01
1.600660066006600601e+00,1.636879780948620189e-01,8.083998430403063207e-01
1.602160216021601968e+00,1.631103877283722470e-01,8.045160129540713800e-01
1.603660366036603557e+00,1.625355115577621912e-01,8.006364711450720817e-01
1.605160516051605146e+00,1.619633448504008144e-01,7.967612920084784500e-01
1.606660666066606513e+00,1.613938828615157917e-01,7.928905499606311302e-01
1.608160816081608102e+00,1.608271208341932046e-01,7.890243194390389458e-01
1.609660966096609469e+00,1.602630539993780967e-01,7.851626749023833396e-01
1.611161116111611058e+00,1.597016775758738349e-01,7.813056908305135995e-01
1.612661266126612647e+00,1.591429867703426926e-01,7.774534417244507445e-01
1.614161416141614014e+00,1.585869767773056271e-01,7.736060021063861925e-01
1.615661566156615603e+00,1.580336427791419474e-01,7.697634465196796505e-01
1.617161716171616970e+00,1.574829799460899238e-01,7.659258495288634450e-01
1.618661866186618559e+00,1.569349834362462615e-01,7.620932857196377475e-01
1.620162016201620148e+00,1.563896483955664607e-01,7.582658296988744606e-01
1.621662166216621515e+00,1.558469699578647338e-01,7.544435560946157748e-01
1.623162316231623103e+00,1.553069432448136444e-01,7.506265395560722808e-01
1.624662466246624470e+00,1.547695633659448289e-01,7.468148547536272996e-01
1.626162616261626059e+00,1.542348254186481082e-01,7.430085763788316644e-01
1.627662766276627648e+00,1.537027244881723487e-01,7.392077791444080503e-01
1.629162916291629015e+00,1.531732556476249896e-01,7.354125377842498645e-01
1.630663066306630604e+00,1.526464139579718493e-01,7.316229270534182483e-01
1.632163216321631971e+00,1.521221944680378468e-01,7.278390217281476282e-01
1.633663366336633560e+00,1.516005922145060858e-01,7.240608966058393881e-01
1.635163516351635149e+00,1.510816022219186594e-01,7.202886265050673087e-01
1.636663666366636516e+00,1.505652195026762619e-01,7.165222862655755698e-01
1.638163816381638105e+00,1.500514390570380496e-01,7.127619507482764183e-01
1.639663966396639472e+00,1.495402558731220855e-01,7.090076948352546093e-01
1.641164116411641061e+00,1.490316649269048388e-01,7.052595934297627434e-01
1.642664266426642650e+00,1.485256611822216299e-01,7.015177214562255958e-01
1.644164416441644017e+00,1.480222395907664357e-01,6.977821538602378970e-01
1.645664566456645606e+00,1.475213950920916395e-01,6.940529656085627774e-01
1.647164716471646972e+00,1.470231226136086145e-01,6.903302316891358759e-01
1.648664866486648561e+00,1.465274170705870294e-01,6.866140271110610094e-01
1.650165016501650150e+00,1.460342733661555426e-01,6.829044269046131710e-01
1.651665166516651517e+00,1.455436863913013301e-01,6.792015061212384186e-01
1.653165316531653106e+00,1.450556510248700581e-01,6.755053398335507664e-01
1.654665466546654473e+00,1.445701621335664100e-01,6.718160031353366257e-01
1.656165616561656062e+00,1.440872145719532815e-01,6.681335711415503642e-01
1.657665766576657651e+00,1.436068031824525859e-01,6.644581189883185246e-01
1.659165916591659018e+00,1.431289227953447818e-01,6.607897218329372713e-01
1.660666066606660607e+00,1.426535682287687901e-01,6.571284548538717241e-01
1.662166216621661974e+00,1.421807342887225489e-01,6.534743932507591779e-01
1.663666366636663563e+00,1.417104157690622368e-01,6.498276122444051062e-01
1.665166516651665152e+00,1.412426074515030217e-01,6.461881870767867131e-01
1.666666666666666519e+00,1.407773041056185892e-01,6.425561930110508246e-01
1.668166816681668108e+00,1.403145004888411984e-01,6.389317053315139994e-01
1.669666966696669475e+00,1.398541913464619868e-01,6.353147993436637497e-01
1.671167116711671063e+00,1.393963714116304708e-01,6.317055503741566547e-01
1.672667266726672652e+00,1.389410354053549901e-01,6.281040337708208021e-01
1.674167416741674019e+00,1.384881780365025961e-01,6.245103249026540126e-01
1.675667566756675608e+00,1.380377940017987193e-01,6.209244991598232843e-01
1.677167716771676975e+00,1.375898779858277798e-01,6.173466319536675684e-01
1.678667866786678564e+00,1.371444246610325768e-01,6.137767987166937722e-01
1.680168016801680153e+00,1.367014286877147322e-01,6.102150749025810894e-01
1.681668166816681520e+00,1.362608847140345247e-01,6.066615359861782242e-01
1.683168316831683109e+00,1.358227873760106674e-01,6.031162574635029472e-01
1.684668466846684476e+00,1.353871312975208907e-01,5.995793148517450932e-01
1.686168616861686065e+00,1.349539110903011652e-01,5.960507836892627864e-01
1.687668766876687654e+00,1.345231213539463955e-01,5.925307395355852158e-01
1.689168916891689021e+00,1.340947566759101706e-01,5.890192579714127463e-01
1.690669066906690610e+00,1.336688116315045138e-01,5.855164145986138102e-01
1.692169216921691977e+00,1.332452807839002440e-01,5.820222850402289039e-01
1.693669366936693566e+00,1.328241586841267807e-01,5.785369449404669240e-01
1.695169516951695154e+00,1.324054398710721725e-01,5.750604699647086093e-01
1.696669666966696521e+00,1.319891188714833463e-01,5.715929357995044313e-01
1.698169816981698110e+00,1.315751901999654971e-01,5.681344181525739279e-01
1.699669966996699477e+00,1.311636483589828095e-01,5.646849927528083679e-01
1.701170117011701066e+00,1.307544878388579024e-01,5.612447353502678649e-01
1.702670267026702655e+00,1.303477031177721901e-01,5.578137217161835970e-01
1.704170417041704022e+00,1.299432886617656879e-01,5.543920276429571414e-01
1.705670567056705611e+00,1.295412389247370122e-01,5.509797289441586976e-01
1.707170717071706978e+00,1.291415483484435467e-01,5.475769014545306401e-01
1.708670867086708567e+00,1.287442113625011375e-01,5.441836210299837440e-01
1.710171017101710156e+00,1.283492223843845370e-01,5.407999635476000710e-01
1.711671167116711523e+00,1.279565758194270153e-01,5.374260049056321931e-01
1.713171317131713112e+00,1.275662660608203880e-01,5.340618210235011931e-01
1.714671467146714479e+00,1.271782874896153492e-01,5.307074878418001074e-01
1.716171617161716068e+00,1.267926344747210554e-01,5.273630813222907054e-01
1.717671767176717657e+00,1.264093013729054027e-01,5.240286774479058218e-01
1.719171917191719023e+00,1.260282825287949993e-01,5.207043522227489118e-01
1.720672067206720612e+00,1.256495722748749433e-01,5.173901816720918312e-01
1.722172217221721979e+00,1.252731649314891560e-01,5.140862418423786107e-01
1.723672367236723568e+00,1.248990548068400347e-01,5.107926088012219035e-01
1.725172517251725157e+00,1.245272361969888136e-01,5.075093586374054277e-01
1.726672667266726524e+00,1.241577033858553142e-01,5.042365674608833004e-01
1.728172817281728113e+00,1.237904506452179032e-01,5.009743114027782607e-01
1.729672967296729480e+00,1.234254722347138122e-01,4.977226666153856671e-01
1.731173117311731069e+00,1.230627624018386518e-01,4.944817092721682794e-01
1.732673267326732658e+00,1.227023153819468970e-01,4.912515155677610323e-01
1.734173417341734025e+00,1.223441253982516935e-01,4.880321617179690374e-01
1.735673567356735614e+00,1.219881866618246352e-01,4.848237239597660286e-01
1.737173717371736981e+00,1.216344933715962084e-01,4.816262785512975819e-01
1.738673867386738570e+00,1.212830397143553340e-01,4.784399017718778957e-01
1.740174017401740159e+00,1.209338198647497420e-01,4.752646699219925663e-01
1.741674167416741525e+00,1.205868279852857772e-01,4.721006593232977000e-01
1.743174317431743114e+00,1.202420582263283716e-01,4.689479463186174701e-01
1.744674467446744481e+00,1.198995047261012248e-01,4.658066072719487805e-01
1.746174617461746070e+00,1.195591616106865540e-01,4.626767185684562689e-01
1.747674767476747659e+00,1.192210229940253441e-01,4.595583566144771925e-01
1.749174917491749026e+00,1.188850829779171947e-01,4.564515978375173200e-01
1.750675067506750615e+00,1.185513356520203343e-01,4.533565186862527074e-01
1.752175217521751982e+00,1.182197750938516895e-01,4.502731956305306982e-01
1.753675367536753571e+00,1.178903953687867601e-01,4.472017051613669247e-01
1.755175517551755160e+00,1.175631905300597579e-01,4.441421237909489728e-01
1.756675667566756527e+00,1.172381546187636625e-01,4.410945280526341605e-01
1.758175817581758116e+00,1.169152816638497766e-01,4.380589945009492059e-01
1.759675967596759483e+00,1.165945656821284898e-01,4.350355997115922246e-01
1.761176117611761072e+00,1.162760006782684041e-01,4.320244202814297330e-01
1.762676267626762661e+00,1.159595806447970834e-01,4.290255328285002001e-01
1.764176417641764028e+00,1.156452995621007063e-01,4.260390139920118280e-01
1.765676567656765616e+00,1.153331513984239554e-01,4.230649404323422180e-01
1.767176717671766983e+00,1.150231301098703501e-01,4.201033888310400366e-01
1.768676867686768572e+00,1.147152296404018723e-01,4.171544358908230166e-01
1.770177017701770161e+00,1.144094439218392711e-01,4.142181583355802887e-01
1.771677167716771528e+00,1.141057668738620218e-01,4.112946329103711607e-01
1.773177317731773117e+00,1.138041924040080616e-01,4.083839363814235623e-01
1.774677467746774484e+00,1.135047144076741649e-01,4.054861455361375988e-01
1.776177617761776073e+00,1.132073267681155543e-01,4.026013371830817755e-01
1.777677767776777662e+00,1.129120233564463172e-01,3.997295881519958849e-01
1.779177917791779029e+00,1.126187980316391557e-01,3.968709752937900070e-01
1.780678067806780618e+00,1.123276446405252482e-01,3.940255754805432886e-01
1.782178217821781985e+00,1.120385570177946377e-01,3.911934656055062742e-01
1.783678367836783574e+00,1.117515289859958988e-01,3.883747225830986860e-01
1.785178517851785163e+00,1.114665543555362626e-01,3.855694233489110889e-01
1.786678667866786530e+00,1.111836269246817138e-01,3.827776448597044467e-01
1.788178817881788119e+00,1.109027404795567412e-01,3.799994640934085677e-01
1.789678967896789485e+00,1.106238887941446286e-01,3.772349580491251020e-01
1.791179117911791074e+00,1.103470656302872055e-01,3.744842037471244334e-01
1.792679267926792663e+00,1.100722647376849855e-01,3.717472782288476774e-01
1.794179417941794030e+00,1.097994798538972361e-01,3.690242585569074585e-01
1.795679567956795619e+00,1.095287047043416728e-01,3.663152218150839134e-01
1.797179717971796986e+00,1.092599330022948623e-01,3.636202451083295761e-01
1.798679867986798575e+00,1.089931584488918748e-01,3.609394055627657139e-01
1.800180018001800164e+00,1.087283747331265205e-01,3.582727803256846588e-01
1.801680168016801531e+00,1.084655755318513076e-01,3.556204465655493641e-01
1.803180318031803120e+00,1.082047545097772068e-01,3.529824814719912940e-01
1.804680468046804487e+00,1.079459053194740809e-01,3.503589622558135330e-01
1.806180618061806076e+00,1.076890216013702273e-01,3.477499661489882321e-01
1.807680768076807665e+00,1.074340969837527804e-01,3.451555704046588291e-01
1.809180918091809032e+00,1.071811250827674061e-01,3.425758522971386055e-01
1.810681068106810621e+00,1.069300995024184686e-01,3.400108891219101315e-01
1.812181218121811987e+00,1.066810138345690162e-01,3.374607581956277080e-01
1.813681368136813576e+00,1.064338616589406011e-01,3.349255368561139257e-01
1.815181518151815165e+00,1.061886006092524759e-01,3.324047968523587970e-01
1.816681668166816532e+00,1.059451258073513952e-01,3.298972083887113937e-01
1.818181818181818121e+00,1.057034231274587011e-01,3.274026960572660183e-01
1.819681968196819488e+00,1.054634838633638910e-01,3.249212594400446852e-01
1.821182118211821077e+00,1.052252993155936012e-01,3.224528975295998801e-01
1.822682268226822666e+00,1.049888607914118005e-01,3.199976087290169469e-01
1.824182418241824033e+00,1.047541596048197632e-01,3.175553908519132551e-01
1.825682568256825622e+00,1.045211870765558881e-01,3.151262411224368676e-01
1.827182718271826989e+00,1.042899345340960182e-01,3.127101561752690939e-01
1.828682868286828578e+00,1.040603933116530794e-01,3.103071320556219370e-01
1.830183018301830167e+00,1.038325547501774138e-01,3.079171642192401470e-01
1.831683168316831534e+00,1.036064101973565993e-01,3.055402475324004441e-01
1.833183318331833123e+00,1.033819510076153941e-01,3.031763762719103528e-01
1.834683468346834490e+00,1.031591685421159310e-01,3.008255441251106999e-01
1.836183618361836078e+00,1.029380541687574951e-01,2.984877441898727835e-01
1.837683768376837667e+00,1.027185992621767602e-01,2.961629689746008154e-01
1.839183918391839034e+00,1.025007952037476078e-01,2.938512103982309220e-01
1.840684068406840623e+00,1.022846333815811415e-01,2.915524597902300341e-01
1.842184218421841990e+00,1.020701051905258394e-01,2.892667078905984401e-01
1.843684368436843579e+00,1.018572020321673044e-01,2.869939448498668444e-01
1.845184518451845168e+00,1.016459153148285416e-01,2.847341602290988649e-01
1.846684668466846535e+00,1.014362364535697503e-01,2.824873429998900898e-01
1.848184818481848124e+00,1.012281568701883933e-01,2.802534815443668559e-01
1.849684968496849491e+00,1.010216679932192524e-01,2.780325636551888580e-01
1.851185118511851080e+00,1.008167612579342759e-01,2.758245765355462620e-01
1.852685268526852669e+00,1.006134281063427727e-01,2.736295067991620367e-01
1.854185418541854036e+00,1.004116599871913151e-01,2.714473404702912318e-01
1.855685568556855625e+00,1.002114483559636560e-01,2.692780629837195905e-01
1.857185718571856992e+00,1.000127846748809363e-01,2.671216591847662691e-01
1.858685868586858581e+00,9.981566041290143576e-02,2.649781133292807289e-01
1.860186018601860169e+00,9.962006704572076710e-02,2.628474090836455668e-01
1.861686168616861536e+00,9.942599605577186195e-02,2.607295295247750166e-01
1.863186318631863125e+00,9.923343893222479062e-02,2.586244571401145054e-01
1.864686468646864492e+00,9.904238717098701184e-02,2.565321738276423180e-01
1.866186618661866081e+00,9.885283227470315071e-02,2.544526608958676550e-01
1.867686768676867670e+00,9.866476575275516525e-02,2.523858990638322419e-01
1.869186918691869037e+00,9.847817912126227702e-02,2.503318684611099409e-01
1.870687068706870626e+00,9.829306390308091557e-02,2.482905486278054741e-01
1.872187218721871993e+00,9.810941162780487113e-02,2.462619185145565881e-01
1.873687368736873582e+00,9.792721383176508643e-02,2.442459564825318896e-01
1.875187518751875171e+00,9.774646205802985099e-02,2.422426403034326214e-01
1.876687668766876538e+00,9.756714785640473175e-02,2.402519471594919409e-01
1.878187818781878127e+00,9.738926278343247589e-02,2.382738536434740040e-01
1.879687968796879494e+00,9.721279840239320513e-02,2.363083357586760747e-01
1.881188118811881083e+00,9.703774628330417984e-02,2.343553689189260547e-01
1.882688268826882672e+00,9.686409800292004879e-02,2.324149279485847319e-01
1.884188418841884038e+00,9.669184514473269654e-02,2.304869870825446143e-01
1.885688568856885627e+00,9.652097929897118789e-02,2.285715199662292918e-01
1.887188718871886994e+00,9.635149206260198995e-02,2.266684996555954346e-01
1.888688868886888583e+00,9.618337503932870847e-02,2.247778986171304061e-01
1.890189018901890172e+00,9.601661983959228208e-02,2.228996887278543171e-01
1.891689168916891539e+00,9.585121808057094073e-02,2.210338412753191650e-01
1.893189318931893128e+00,9.568716138618010847e-02,2.191803269576080293e-01
1.894689468946894495e+00,9.552444138707254229e-02,2.173391158833368753e-01
1.896189618961896084e+00,9.536304972063819330e-02,2.155101775716525836e-01
1.897689768976897673e+00,9.520297803100433165e-02,2.136934809522346712e-01
1.899189918991899040e+00,9.504421796903553266e-02,2.118889943652945140e-01
1.900690069006900629e+00,9.488676119233353801e-02,2.100966855615746254e-01
1.902190219021901996e+00,9.473059936523742230e-02,2.083165217023503768e-01
1.903690369036903585e+00,9.457572415882349592e-02,2.065484693594281385e-01
1.905190519051905174e+00,9.442212725090534664e-02,2.047924945151467224e-01
1.906690669066906541e+00,9.426980032603385351e-02,2.030485625623770218e-01
1.908190819081908129e+00,9.411873507549711748e-02,2.013166383045209840e-01
1.909690969096909496e+00,9.396892319732054466e-02,1.995966859555133865e-01
1.911191119111911085e+00,9.382035639626676304e-02,1.978886691398199504e-01
1.912691269126912674e+00,9.367302638383569191e-02,1.961925508924390327e-01
1.914191419141914041e+00,9.352692487826456957e-02,1.945082936589008493e-01
1.915691569156915630e+00,9.338204360452777297e-02,1.928358592952667816e-01
1.917191719171916997e+00,9.323837429433708135e-02,1.911752090681309857e-01
1.918691869186918586e+00,9.309590868614144032e-02,1.895263036546187552e-01
1.920192019201920175e+00,9.295463852512710068e-02,1.878891031423877422e-01
1.921692169216921542e+00,9.281455556321761835e-02,1.862635670296275692e-01
1.923192319231923131e+00,9.267565155907372954e-02,1.846496542250591344e-01
1.924692469246924498e+00,9.253791827809351722e-02,1.830473230479360280e-01
1.926192619261926087e+00,9.240134749241227241e-02,1.814565312280428111e-01
1.927692769276927454e+00,9.226593098090259126e-02,1.798772359056968473e-01
1.929192919291929043e+00,9.213166052917430571e-02,1.783093936317465544e-01
1.930693069306930632e+00,9.199852792957452507e-02,1.767529603675729311e-01
1.932193219321931998e+00,9.186652498118766386e-02,1.752078914850886682e-01
1.933693369336933587e+00,9.173564348983531680e-02,1.736741417667378440e-01
1.935193519351934954e+00,9.160587526807643932e-02,1.721516654054972562e-01
1.936693669366936543e+00,9.147721213520716710e-02,1.706404160048747565e-01
1.938193819381938132e+00,9.134964591726096872e-02,1.691403465789105831e-01
1.939693969396939499e+00,9.122316844700856242e-02,1.676514095521769998e-01
1.941194119411941088e+00,9.109777156395790221e-02,1.661735567597774910e-01
1.942694269426942455e+00,9.097344711435424724e-02,1.647067394473482604e-01
1.944194419441944044e+00,9.085018695118007859e-02,1.632509082710565662e-01
1.945694569456945633e+00,9.072798293415518245e-02,1.618060132976021082e-01
1.947194719471947000e+00,9.060682692973662244e-02,1.603720040042165007e-01
1.948694869486948589e+00,9.048671081111867021e-02,1.589488292786627732e-01
1.950195019501949956e+00,9.036762645823293028e-02,1.575364374192364525e-01
1.951695169516951545e+00,9.024956575774820133e-02,1.561347761347641472e-01
1.953195319531953134e+00,9.013252060307060110e-02,1.547437925446051576e-01
1.954695469546954500e+00,9.001648289434352468e-02,1.533634331786504212e-01
1.956195619561956089e+00,8.990144453844758909e-02,1.519936439773224013e-01
1.957695769576957456e+00,8.978739744900068875e-02,1.506343702915759475e-01
1.959195919591959045e+00,8.967433354635799547e-02,1.492855568828973245e-01
1.960696069606960634e+00,8.956224475761194459e-02,1.479471479233049891e-01
1.962196219621962001e+00,8.945112301659224885e-02,1.466190869953495346e-01
1.963696369636963590e+00,8.934096026386585676e-02,1.453013170921126640e-01
1.965196519651964957e+00,8.923174844673702200e-02,1.439937806172087442e-01
1.966696669666966546e+00,8.912347951924722012e-02,1.426964193847833906e-01
1.968196819681968135e+00,8.901614544217521796e-02,1.414091746195146049e-01
1.969696969696969502e+00,8.890973818303707366e-02,1.401319869566122200e-01
1.971197119711971091e+00,8.880424971608605333e-02,1.388647964418175118e-01
1.972697269726972458e+00,8.869967202231272829e-02,1.376075425314042255e-01
1.974197419741974047e+00,8.859599708944493335e-02,1.363601640921773828e-01
1.975697569756975636e+00,8.849321691194775297e-02,1.351225994014744192e-01
1.977197719771977003e+00,8.839132349102357677e-02,1.338947861471645739e-01
1.978697869786978591e+00,8.829030883461197465e-02,1.326766614276485012e-01
1.980198019801979958e+00,8.819016495738990491e-02,1.314681617518594359e-01
1.981698169816981547e+00,8.809088388077149223e-02,1.302692230392618611e-01
1.983198319831983136e+00,8.799245763290815259e-02,1.290797806198524800e-01
1.984698469846984503e+00,8.789487469580152534e-02,1.278997386346613641e-01
1.986198619861986092e+00,8.779812453531135596e-02,1.267290047673375608e-01
1.987698769876987459e+00,8.770220197754889646e-02,1.255675301818467426e-01
1.989198919891989048e+00,8.760710186670656041e-02,1.244152661649990249e-01
1.990699069906990637e+00,8.751281905318553100e-02,1.232721640273696101e-01
1.992199219921992004e+00,8.741934839359571940e-02,1.221381751032983021e-01
1.993699369936993593e+00,8.732668475075575087e-02,1.210132507508890343e-01
1.995199519951994960e+00,8.723482299369300641e-02,1.198973423520109383e-01
1.996699669966996549e+00,8.714375799764359498e-02,1.187904013122971364e-01
1.998199819981998138e+00,8.705348464405238129e-02,1.176923790611457965e-01
1.999699969996999505e+00,8.696399782057294414e-02,1.166032270517197017e-01
2.001200120012001094e+00,8.687529242106759031e-02,1.155228967609457230e-01
2.002700270027002460e+00,8.678736334560741006e-02,1.144513396895159990e-01
2.004200420042004271e+00,8.670020550047215224e-02,1.133885073618864370e-01
2.005700570057005638e+00,8.661381379815039083e-02,1.123343513262786558e-01
2.007200720072007005e+00,8.652818315733940002e-02,1.112888231546779183e-01
2.008700870087008372e+00,8.644330850294514035e-02,1.102518744428343939e-01
2.010201020102010183e+00,8.635918476608236971e-02,1.092234568102625619e-01
2.011701170117011550e+00,8.627580688407457399e-02,1.082035219002423776e-01
2.013201320132012917e+00,8.619316980045398091e-02,1.071920213798174953e-01
2.014701470147014728e+00,8.611126846496147680e-02,1.061889069397961849e-01
2.016201620162016095e+00,8.603009783354682860e-02,1.051941302947521500e-01
2.017701770177017462e+00,8.594965286836842022e-02,1.042076431830228633e-01
2.019201920192019273e+00,8.586992853779339130e-02,1.032293973667103432e-01
2.020702070207020640e+00,8.579091981639766495e-02,1.022593446316820975e-01
2.022202220222022007e+00,8.571262168496587841e-02,1.012974367875693615e-01
2.023702370237023374e+00,8.563502913049138299e-02,1.003436256677682353e-01
2.025202520252025185e+00,8.555813714617625798e-02,9.939786312943915680e-02
2.026702670267026551e+00,8.548194073143139393e-02,9.846010105350797015e-02
2.028202820282027918e+00,8.540643489187633997e-02,9.753029134466428829e-02
2.029702970297029729e+00,8.533161463933938706e-02,9.660838593136232555e-02
2.031203120312031096e+00,8.525747499185763745e-02,9.569433676582170256e-02
2.032703270327032463e+00,8.518401097367685193e-02,9.478809582402583644e-02
2.034203420342034274e+00,8.511121761525151930e-02,9.388961510572271796e-02
2.035703570357035641e+00,8.503908995324495346e-02,9.299884663442573030e-02
2.037203720372037008e+00,8.496762303052912690e-02,9.211574245741208089e-02
2.038703870387038375e+00,8.489681189618475399e-02,9.124025464572377286e-02
2.040204020402040186e+00,8.482665160550130479e-02,9.037233529416724420e-02
2.041704170417041553e+00,8.475713721997701899e-02,8.951193652131421430e-02
2.043204320432042920e+00,8.468826380731879488e-02,8.865901046950025455e-02
2.044704470447044731e+00,8.462002644144231422e-02,8.781350930482555162e-02
2.046204620462046098e+00,8.455242020247201451e-02,8.697538521715560134e-02
2.047704770477047465e+00,8.448544017674103346e-02,8.614459042011979317e-02
2.049204920492049276e+00,8.441908145679123676e-02,8.532107715111203472e-02
2.050705070507050642e+00,8.435333914137327360e-02,8.450479767129165376e-02
2.052205220522052009e+00,8.428820833544649338e-02,8.369570426558177456e-02
2.053705370537053376e+00,8.422368415017898735e-02,8.289374924267040035e-02
2.055205520552055187e+00,8.415976170294757475e-02,8.209888493500985818e-02
2.056705670567056554e+00,8.409643611733784441e-02,8.131106369881778428e-02
2.058205820582057921e+00,8.403370252314408539e-02,8.053023791407570853e-02
2.059705970597059732e+00,8.397155605636932862e-02,7.975635998452978992e-02
2.061206120612061099e+00,8.390999185922538850e-02,7.898938233769139949e-02
2.062706270627062466e+00,8.384900508013273801e-02,7.822925742483588518e-02
2.064206420642064277e+00,8.378859087372063363e-02,7.747593772100312692e-02
2.065706570657065644e+00,8.372874440082708758e-02,7.672937572499832770e-02
2.067206720672067011e+00,8.366946082849878452e-02,7.598952395939058413e-02
2.068706870687068378e+00,8.361073532999122038e-02,7.525633497051381626e-02
2.070207020702070189e+00,8.355256308476853577e-02,7.452976132846633739e-02
2.071707170717071556e+00,8.349493927850371033e-02,7.380975562711167282e-02
2.073207320732072922e+00,8.343785910307838227e-02,7.309627048407729699e-02
2.074707470747074733e+00,8.338131775658297329e-02,7.238925854075531352e-02
2.076207620762076100e+00,8.332531044331661918e-02,7.168867246230302415e-02
2.077707770777077467e+00,8.326983237378718372e-02,7.099446493764166588e-02
2.079207920792079278e+00,8.321487876471128642e-02,7.030658867945718815e-02
2.080708070807080645e+00,8.316044483901427475e-02,6.962499642420058588e-02
2.082208220822082012e+00,8.310652582583025194e-02,6.894964093208696965e-02
2.083708370837083379e+00,8.305311696050200754e-02,6.828047498709616248e-02
2.085208520852085190e+00,8.300021348458111459e-02,6.761745139697245000e-02
2.086708670867086557e+00,8.294781064582787411e-02,6.696052299322524659e-02
2.088208820882087924e+00,8.289590369821130122e-02,6.630964263112801294e-02
2.089708970897089735e+00,8.284448790190916678e-02,6.566476318971875559e-02
2.091209120912091102e+00,8.279355852330798349e-02,6.502583757180070700e-02
2.092709270927092469e+00,8.274311083500299202e-02,6.439281870394110430e-02
2.094209420942094280e+00,8.269314011579813328e-02,6.376565953647173046e-02
2.095709570957095647e+00,8.264364165070617330e-02,6.314431304348960827e-02
2.097209720972097013e+00,8.259461073094852279e-02,6.252873222285572352e-02
2.098709870987098380e+00,8.254604265395538987e-02,6.191887009619587157e-02
2.100210021002100191e+00,8.249793272336565508e-02,6.131467970890025487e-02
2.101710171017101558e+00,8.245027624902702412e-02,6.071611413012423242e-02
2.103210321032102925e+00,8.240306854699586125e-02,6.012312645278719558e-02
2.104710471047104736e+00,8.235630493953730036e-02,5.953566979357312328e-02
2.106210621062106103e+00,8.230998075512521717e-02,5.895369729293112315e-02
2.107710771077107470e+00,8.226409132844221539e-02,5.837716211507439079e-02
2.109210921092109281e+00,8.221863200037961283e-02,5.780601744798068153e-02
2.110711071107110648e+00,8.217359811803751080e-02,5.724021650339290723e-02
2.112211221122112015e+00,8.212898503472472467e-02,5.667971251681799827e-02
2.113711371137113382e+00,8.208478810995877006e-02,5.612445874752772235e-02
2.115211521152115193e+00,8.204100270946594609e-02,5.557440847855819877e-02
2.116711671167116560e+00,8.199762420518127981e-02,5.502951501671071721e-02
2.118211821182117927e+00,8.195464797524854017e-02,5.448973169255055815e-02
2.119711971197119738e+00,8.191206940402018244e-02,5.395501186040772834e-02
2.121212121212121104e+00,8.186988388205747313e-02,5.342530889837722452e-02
2.122712271227122471e+00,8.182808680613036512e-02,5.290057620831815910e-02
2.124212421242124282e+00,8.178667357921755310e-02,5.238076721585427364e-02
2.125712571257125649e+00,8.174563961050648753e-02,5.186583537037436908e-02
2.127212721272127016e+00,8.170498031539334682e-02,5.135573414503133427e-02
2.128712871287128383e+00,8.166469111548303739e-02,5.085041703674286762e-02
2.130213021302130194e+00,8.162476743858917971e-02,5.034983756619104689e-02
2.131713171317131561e+00,8.158520471873420554e-02,4.985394927782306473e-02
2.133213321332132928e+00,8.154599839614921908e-02,4.936270573985017396e-02
2.134713471347134739e+00,8.150714391727405250e-02,4.887606054424829816e-02
2.136213621362136106e+00,8.146863673475732148e-02,4.839396730675830927e-02
2.137713771377137473e+00,8.143047230745635578e-02,4.791637966688536143e-02
2.139213921392139284e+00,8.139264610043721315e-02,4.744325128789911306e-02
2.140714071407140651e+00,8.135515358497470706e-02,4.697453585683422639e-02
2.142214221422142018e+00,8.131799023855236508e-02,4.651018708448959038e-02
2.143714371437143384e+00,8.128115154486247051e-02,4.605015870542883416e-02
2.145214521452145195e+00,8.124463299380602077e-02,4.559440447797996621e-02
2.146714671467146562e+00,8.120843008149278286e-02,4.514287818423608212e-02
2.148214821482147929e+00,8.117253831024122401e-02,4.469553363005439317e-02
2.149714971497149740e+00,8.113695318857856720e-02,4.425232464505680918e-02
2.151215121512151107e+00,8.110167023124077723e-02,4.381320508263009117e-02
2.152715271527152474e+00,8.106668523395396675e-02,4.337812900606934086e-02
2.154215421542154285e+00,8.103200562240013560e-02,4.294706219162933852e-02
2.155715571557155652e+00,8.099763487312480748e-02,4.251997863029793184e-02
2.157215721572157019e+00,8.096357073284742023e-02,4.209685036029655464e-02
2.158715871587158386e+00,8.092981095356868715e-02,4.167764948517372475e-02
2.160216021602160197e+00,8.089635329257066632e-02,4.126234817380480119e-02
2.161716171617161564e+00,8.086319551241670511e-02,4.085091866039247677e-02
2.163216321632162931e+00,8.083033538095146797e-02,4.044333324446602873e-02
2.164716471647164742e+00,8.079777067130090862e-02,4.003956429088170732e-02
2.166216621662166109e+00,8.076549916187232558e-02,3.963958422982308272e-02
2.167716771677167475e+00,8.073351863635426506e-02,3.924336555680033034e-02
2.169216921692169286e+00,8.070182688371663193e-02,3.885088083265058473e-02
2.170717071707170653e+00,8.067042169821062036e-02,3.846210268353829342e-02
2.172217221722172020e+00,8.063930087936872770e-02,3.807700380095450921e-02
2.173717371737173387e+00,8.060846223200476834e-02,3.769555694171738275e-02
2.175217521752175198e+00,8.057790356621383210e-02,3.731773492797189895e-02
2.176717671767176565e+00,8.054762269737238134e-02,3.694351064719034183e-02
2.178217821782177932e+00,8.051761744613811222e-02,3.657285705217162841e-02
2.179717971797179743e+00,8.048788563845006572e-02,3.620574716104162788e-02
2.181218121812181110e+00,8.045842510552858595e-02,3.584215405725352244e-02
2.182718271827182477e+00,8.042923368387534799e-02,3.548205088958709952e-02
2.184218421842184288e+00,8.040030921527327457e-02,3.512541087214912650e-02
2.185718571857185655e+00,8.037164954678664708e-02,3.477220728437364905e-02
2.187218721872187022e+00,8.034325253076105011e-02,3.442241347102136667e-02
2.188718871887188389e+00,8.031511602482332979e-02,3.407600284218002817e-02
2.190219021902190200e+00,8.028723789188169091e-02,3.373294887326425129e-02
2.191719171917191566e+00,8.025961600012562758e-02,3.339322510501592511e-02
2.193219321932192933e+00,8.023224822302593706e-02,3.305680514350357868e-02
2.194719471947194744e+00,8.020513243933471981e-02,3.272366266012274177e-02
2.196219621962196111e+00,8.017826653308540719e-02,3.239377139159615310e-02
2.197719771977197478e+00,8.015164839359269211e-02,3.206710513997326761e-02
2.199219921992199289e+00,8.012527591545262617e-02,3.174363777263045777e-02
2.200720072007200656e+00,8.009914699854253639e-02,3.142334322227138821e-02
2.202220222022202023e+00,8.007325954802106682e-02,3.110619548692635655e-02
2.203720372037203390e+00,8.004761147432817858e-02,3.079216862995275139e-02
2.205220522052205201e+00,8.002220069318509432e-02,3.048123678003481982e-02
2.206720672067206568e+00,7.999702512559440926e-02,3.017337413118403866e-02
2.208220822082207935e+00,7.997208269783998014e-02,2.986855494273858713e-02
2.209720972097209746e+00,7.994737134148698077e-02,2.956675353936358969e-02
2.211221122112211113e+00,7.992288899338190200e-02,2.926794431105141786e-02
2.212721272127212480e+00,7.989863359565255174e-02,2.897210171312112476e-02
2.214221422142214291e+00,7.987460309570799943e-02,2.867920026621873647e-02
2.215721572157215657e+00,7.985079544623865933e-02,2.838921455631749496e-02
2.217221722172217024e+00,7.982720860521626272e-02,2.810211923471735151e-02
2.218721872187218391e+00,7.980384053589381632e-02,2.781788901804529632e-02
2.220222022202220202e+00,7.978068920680563003e-02,2.753649868825520583e-02
2.221722172217221569e+00,7.975775259176735854e-02,2.725792309262816196e-02
2.223222322232222936e+00,7.973502866987595972e-02,2.698213714377196287e-02
2.224722472247224747e+00,7.971251542550963909e-02,2.670911581962136933e-02
2.226222622262226114e+00,7.969021084832798862e-02,2.643883416343835099e-02
2.227722772277227481e+00,7.966811293327184795e-02,2.617126728381159034e-02
2.229222922292229292e+00,7.964621968056338763e-02,2.590639035465673937e-02
2.230723072307230659e+00,7.962452909570610915e-02,2.564417861521664163e-02
2.232223222322232026e+00,7.960303918948477553e-02,2.538460737006087084e-02
2.233723372337233393e+00,7.958174797796546684e-02,2.512765198908604308e-02
2.235223522352235204e+00,7.956065348249560798e-02,2.487328790751565030e-02
2.236723672367236571e+00,7.953975372970388535e-02,2.462149062590040030e-02
2.238223822382237937e+00,7.951904675150031632e-02,2.437223571011769285e-02
2.239723972397239748e+00,7.949853058507622139e-02,2.412549879137192502e-02
2.241224122412241115e+00,7.947820327290422426e-02,2.388125556619467155e-02
2.242724272427242482e+00,7.945806286273826569e-02,2.363948179644424080e-02
2.244224422442244293e+00,7.943810740761356182e-02,2.340015330930590720e-02
2.245724572457245660e+00,7.941833496584668750e-02,2.316324599729211245e-02
2.247224722472247027e+00,7.939874360103549300e-02,2.292873581824207696e-02
2.248724872487248394e+00,7.937933138205911787e-02,2.269659879532201496e-02
2.250225022502250205e+00,7.936009638307806036e-02,2.246681101702505817e-02
2.251725172517251572e+00,7.934103668353406635e-02,2.223934863717149865e-02
2.253225322532252939e+00,7.932215036815025433e-02,2.201418787490838982e-02
2.254725472547254750e+00,7.930343552693097653e-02,2.179130501470974077e-02
2.256225622562256117e+00,7.928489025516195776e-02,2.157067640637672090e-02
2.257725772577257484e+00,7.926651265341018437e-02,2.135227846503727489e-02
2.259225922592259295e+00,7.924830082752397364e-02,2.113608767114630305e-02
2.260726072607260662e+00,7.923025288863294602e-02,2.092208057048586950e-02
2.262226222622262028e+00,7.921236695314802512e-02,2.071023377416476852e-02
2.263726372637263395e+00,7.919464114276143774e-02,2.050052395861888879e-02
2.265226522652265206e+00,7.917707358444672772e-02,2.029292786561095324e-02
2.266726672667266573e+00,7.915966241045874208e-02,2.008742230223087288e-02
2.268226822682267940e+00,7.914240575833364488e-02,1.988398414089532010e-02
2.269726972697269751e+00,7.912530177088887562e-02,1.968259031934793679e-02
2.271227122712271118e+00,7.910834859622320470e-02,1.948321784065949053e-02
2.272727272727272485e+00,7.909154438771671958e-02,1.928584377322756574e-02
2.274227422742274296e+00,7.907488730403079702e-02,1.909044525077666782e-02
2.275727572757275663e+00,7.905837550910813083e-02,1.889699947235846250e-02
2.277227722772277030e+00,7.904200717217270411e-02,1.870548370235140812e-02
2.278727872787278397e+00,7.902578046772983089e-02,1.851587527046096027e-02
2.280228022802280208e+00,7.900969357556610062e-02,1.832815157171951287e-02
2.281728172817281575e+00,7.899374468074946143e-02,1.814229006648655426e-02
2.283228322832282942e+00,7.897793197362910911e-02,1.795826828044839313e-02
2.284728472847284753e+00,7.896225364983559813e-02,1.777606380461828686e-02
2.286228622862286119e+00,7.894670791028075840e-02,1.759565429533662545e-02
2.287728772877287486e+00,7.893129296115772298e-02,1.741701747427060187e-02
2.289228922892289297e+00,7.891600701394095585e-02,1.724013112841435089e-02
2.290729072907290664e+00,7.890084828538622419e-02,1.706497311008914677e-02
2.292229222922292031e+00,7.888581499753057058e-02,1.689152133694307723e-02
2.293729372937293398e+00,7.887090537769239629e-02,1.671975379195120986e-02
2.295229522952295209e+00,7.885611765847136412e-02,1.654964852341556450e-02
2.296729672967296576e+00,7.884145007774846781e-02,1.638118364496523802e-02
2.298229822982297943e+00,7.882690087868600426e-02,1.621433733555615112e-02
2.299729972997299754e+00,7.881246830972755968e-02,1.604908783947120790e-02
2.301230123012301121e+00,7.879815062459807895e-02,1.588541346632040344e-02
2.302730273027302488e+00,7.878394608230374074e-02,1.572329259104052884e-02
2.304230423042303855e+00,7.876985294713208241e-02,1.556270365389541069e-02
2.305730573057305666e+00,7.875586948865193060e-02,1.540362516047579303e-02
2.307230723072307033e+00,7.874199460537976980e-02,1.524604140070805192e-02
2.308730873087308400e+00,7.872823261829700603e-02,1.508998700413922284e-02
2.310231023102310211e+00,7.871458397263182694e-02,1.493546219925676911e-02
2.311731173117311577e+00,7.870104775724397206e-02,1.478245489873455942e-02
2.313231323132312944e+00,7.868762306408685903e-02,1.463095305533403112e-02
2.314731473147314755e+00,7.867430898820766683e-02,1.448094466190433249e-02
2.316231623162316122e+00,7.866110462774728029e-02,1.433241775138244418e-02
2.317731773177317489e+00,7.864800908394031786e-02,1.418536039679292246e-02
2.319231923192318856e+00,7.863502146111510382e-02,1.403976071124807441e-02
2.320732073207320667e+00,7.862214086669372382e-02,1.389560684794786602e-02
2.322232223222322034e+00,7.860936641119194157e-02,1.375288700018009909e-02
2.323732373237323401e+00,7.859669720821929606e-02,1.361158940132014931e-02
2.325232523252325212e+00,7.858413237447899047e-02,1.347170232483110332e-02
2.326732673267326579e+00,7.857167102976801709e-02,1.333321408426387487e-02
2.328232823282327946e+00,7.855931229697706020e-02,1.319611303325695685e-02
2.329732973297329757e+00,7.854705530209052378e-02,1.306038756553655304e-02
2.331233123312331124e+00,7.853489917418653155e-02,1.292602611491668746e-02
2.332733273327332491e+00,7.852284304543696858e-02,1.279301715529897188e-02
2.334233423342333857e+00,7.851088605110739804e-02,1.266134920067276542e-02
2.335733573357335668e+00,7.849902732955714446e-02,1.253101080511508786e-02
2.337233723372337035e+00,7.848726602223922433e-02,1.240199056279078782e-02
2.338733873387338402e+00,7.847560127370041549e-02,1.227427710795229478e-02
2.340234023402340213e+00,7.846403223158120166e-02,1.214785911493975086e-02
2.341734173417341580e+00,7.845255804661577237e-02,1.202272529818111321e-02
2.343234323432342947e+00,7.844117787263207853e-02,1.189886441219193194e-02
2.344734473447344758e+00,7.842989086655176301e-02,1.177626525157546462e-02
2.346234623462346125e+00,7.841869618839021616e-02,1.165491665102278036e-02
2.347734773477347492e+00,7.840759300125654807e-02,1.153480748531254645e-02
2.349234923492348859e+00,7.839658047135358854e-02,1.141592666931117231e-02
2.350735073507350670e+00,7.838565776797787321e-02,1.129826315797273495e-02
2.352235223522352037e+00,7.837482406351971298e-02,1.118180594633912464e-02
2.353735373537353404e+00,7.836407853346309682e-02,1.106654406953982636e-02
2.355235523552355215e+00,7.835342035638574731e-02,1.095246660279204295e-02
2.356735673567356582e+00,7.834284871395913452e-02,1.083956266140076799e-02
2.358235823582357948e+00,7.833236279094842047e-02,1.072782140075861229e-02
2.359735973597359759e+00,7.832196177521252856e-02,1.061723201634588547e-02
2.361236123612361126e+00,7.831164485770406025e-02,1.050778374373070347e-02
2.362736273627362493e+00,7.830141123246940615e-02,1.039946585856878734e-02
2.364236423642363860e+00,7.829126009664860719e-02,1.029226767660359684e-02
2.365736573657365671e+00,7.828119065047547953e-02,1.018617855366626967e-02
2.367236723672367038e+00,7.827120209727754518e-02,1.008118788567573254e-02
2.368736873687368405e+00,7.826129364347607364e-02,9.977285108638536335e-03
2.370237023702370216e+00,7.825146449858601250e-02,9.874459698648925532e-03
2.371737173717371583e+00,7.824171387521607068e-02,9.772701171888949212e-03
2.373237323732372950e+00,7.823204098906869075e-02,9.671999084628268503e-03
2.374737473747374761e+00,7.822244505893999333e-02,9.572343033224250258e-03
2.376237623762376128e+00,7.821292530671988819e-02,9.473722654122052056e-03
2.377737773777377495e+00,7.820348095739193539e-02,9.376127623854452198e-03
2.379237923792378862e+00,7.819411123903348415e-02,9.279547659041962465e-03
2.380738073807380673e+00,7.818481538281557564e-02,9.183972516392774343e-03
2.382238223822382039e+00,7.817559262300298462e-02,9.089391992702861370e-03
2.383738373837383406e+00,7.816644219695419171e-02,8.995795924855824743e-03
2.385238523852385217e+00,7.815736334512143890e-02,8.903174189822969653e-03
2.386738673867386584e+00,7.814835531105066013e-02,8.811516704663386809e-03
2.388238823882387951e+00,7.813941734138153683e-02,8.720813426523792850e-03
2.389738973897389762e+00,7.813054868584745627e-02,8.631054352638608401e-03
2.391239123912391129e+00,7.812174859727555321e-02,8.542229520330041348e-03
2.392739273927392496e+00,7.811301633158664048e-02,8.454329007007918562e-03
2.394239423942393863e+00,7.810435114779532007e-02,8.367342930169809068e-03
2.395739573957395674e+00,7.809575230800987200e-02,8.281261447400947717e-03
2.397239723972397041e+00,7.808721907743230994e-02,8.196074756374368761e-03
2.398739873987398408e+00,7.807875072435838115e-02,8.111773094850720234e-03
2.400240024002400219e+00,7.807034652017755261e-02,8.028346740678361099e-03
2.401740174017401586e+00,7.806200573937302489e-02,7.945786011793430637e-03
2.403240324032402953e+00,7.805372765952171832e-02,7.864081266219697525e-03
2.404740474047404764e+00,7.804551156129424516e-02,7.783222902068639634e-03
2.406240624062406130e+00,7.803735672845500682e-02,7.703201357539506480e-03
2.407740774077407497e+00,7.802926244786208276e-02,7.624007110919184781e-03
2.409240924092408864e+00,7.802122800946727221e-02,7.545630680582288662e-03
2.410741074107410675e+00,7.801325270631612185e-02,7.468062624991118892e-03
2.412241224122412042e+00,7.800533583454791198e-02,7.391293542695740945e-03
2.413741374137413409e+00,7.799747669339562872e-02,7.315314072333866172e-03
2.415241524152415220e+00,7.798967458518596407e-02,7.240114892630907309e-03
2.416741674167416587e+00,7.798192881533937137e-02,7.165686722400047004e-03
2.418241824182417954e+00,7.797423869237002370e-02,7.092020320542111178e-03
2.419741974197419765e+00,7.796660352788579995e-02,7.019106486045629742e-03
2.421242124212421132e+00,7.795902263658829878e-02,6.946936057986900781e-03
2.422742274227422499e+00,7.795149533627288019e-02,6.875499915529863920e-03
2.424242424242423866e+00,7.794402094782858226e-02,6.804788977926185325e-03
2.425742574257425677e+00,7.793659879523820444e-02,6.734794204515217805e-03
2.427242724272427044e+00,7.792922820557826591e-02,6.665506594724077138e-03
2.428742874287428410e+00,7.792190850901897781e-02,6.596917188067527582e-03
2.430243024302430221e+00,7.791463903882432651e-02,6.529017064148030444e-03
2.431743174317431588e+00,7.790741913135197649e-02,6.461797342655825616e-03
2.433243324332432955e+00,7.790024812605335358e-02,6.395249183368784118e-03
2.434743474347434766e+00,7.789312536547357557e-02,6.329363786152493107e-03
2.436243624362436133e+00,7.788605019525150774e-02,6.264132390960297503e-03
2.437743774377437500e+00,7.787902196411973510e-02,6.199546277833188970e-03
2.439243924392438867e+00,7.787204002390456237e-02,6.135596766899890919e-03
2.440744074407440678e+00,7.786510372952602788e-02,6.072275218376808198e-03
2.442244224422442045e+00,7.785821243899787580e-02,6.009573032568096482e-03
2.443744374437443412e+00,7.785136551342759781e-02,5.947481649865579006e-03
2.445244524452445223e+00,7.784456231701639140e-02,5.885992550748776059e-03
2.446744674467446590e+00,7.783780221705920155e-02,5.825097255784967426e-03
2.448244824482447957e+00,7.783108476893819960e-02,5.764789579359441696e-03
2.449744974497449768e+00,7.782441091251703080e-02,5.705080290841296753e-03
2.451245124512451135e+00,7.781778059313659845e-02,5.645968197193918653e-03
2.452745274527452501e+00,7.781119345264644882e-02,5.587448423048246675e-03
2.454245424542453868e+00,7.780464913418613793e-02,5.529516110275954979e-03
2.455745574557455679e+00,7.779814728218520381e-02,5.472166417989416179e-03
2.457245724572457046e+00,7.779168754236312489e-02,5.415394522541768993e-03
2.458745874587458413e+00,7.778526956172938933e-02,5.359195617526818500e-03
2.460246024602460224e+00,7.777889298858345346e-02,5.303564913779083845e-03
2.461746174617461591e+00,7.777255747251474172e-02,5.248497639373850276e-03
2.463246324632462958e+00,7.776626266440264668e-02,5.193989039627069405e-03
2.464746474647464769e+00,7.776000821641657068e-02,5.140034377095408641e-03
2.466246624662466136e+00,7.775379378201587033e-02,5.086628931576299764e-03
2.467746774677467503e+00,7.774761901594988422e-02,5.033768000107840916e-03
2.469246924692468870e+00,7.774148357425791911e-02,4.981446896968862517e-03
2.470747074707470681e+00,7.773538711426926373e-02,4.929660953678896909e-03
2.472247224722472048e+00,7.772932929460318885e-02,4.878405518998234734e-03
2.473747374737473415e+00,7.772330977516893336e-02,4.827675958927839933e-03
2.475247524752475226e+00,7.771732821716573203e-02,4.777467656709389644e-03
2.476747674767476592e+00,7.771138428308276003e-02,4.727776012825322775e-03
2.478247824782477959e+00,7.770547763669921615e-02,4.678596444998749798e-03
2.479747974797479770e+00,7.769960794308422569e-02,4.629924388193495249e-03
2.481248124812481137e+00,7.769377486859693760e-02,4.581755294614145435e-03
2.482748274827482504e+00,7.768797808088644119e-02,4.534084633705955623e-03
2.484248424842483871e+00,7.768221724889183555e-02,4.486907892154914229e-03
2.485748574857485682e+00,7.767649204284214626e-02,4.440220573887710721e-03
2.487248724872487049e+00,7.767080213425643642e-02,4.394018200071791135e-03
2.488748874887488416e+00,7.766514719594370952e-02,4.348296309115274802e-03
2.490249024902490227e+00,7.765952690200295105e-02,4.303050456666998591e-03
2.491749174917491594e+00,7.765394092782311464e-02,4.258276215616555935e-03
2.493249324932492961e+00,7.764838895008316366e-02,4.213969176094214432e-03
2.494749474947494772e+00,7.764287064675200190e-02,4.170124945470956614e-03
2.496249624962496139e+00,7.763738569708851511e-02,4.126739148358522444e-03
2.497749774977497506e+00,7.763193378164159886e-02,4.083807426609326920e-03
2.499249924992498872e+00,7.762651458225008905e-02,4.041325439316513848e-03
2.500750075007500683e+00,7.762112778204280361e-02,3.999288862813929826e-03
2.502250225022502050e+00,7.761577306543855637e-02,3.957693390676175413e-03
2.503750375037503417e+00,7.761045011814611538e-02,3.916534733718529671e-03
2.505250525052505228e+00,7.760515862716423074e-02,3.875808619996986594e-03
2.506750675067506595e+00,7.759989828078166230e-02,3.835510794808291973e-03
2.508250825082507962e+00,7.759466876857708251e-02,3.795637020689872701e-03
2.509750975097509773e+00,7.758946978141920137e-02,3.756183077419870172e-03
2.511251125112511140e+00,7.758430101146666924e-02,3.717144762017176706e-03
2.512751275127512507e+00,7.757916215216813238e-02,3.678517888741367464e-03
2.514251425142513874e+00,7.757405289826220518e-02,3.640298289092740343e-03
2.515751575157515685e+00,7.756897294577747015e-02,3.602481811812301236e-03
2.517251725172517052e+00,7.756392199203250570e-02,3.565064322881804793e-03
2.518751875187518419e+00,7.755889973563585837e-02,3.528041705523688506e-03
2.520252025202520230e+00,7.755390587648604284e-02,3.491409860201102628e-03
2.521752175217521597e+00,7.754894011577156965e-02,3.455164704617950510e-03
2.523252325232522963e+00,7.754400215597088974e-02,3.419302173718813138e-03
2.524752475247524774e+00,7.753909170085249158e-02,3.383818219688990766e-03
2.526252625262526141e+00,7.753420845547477624e-02,3.348708811954532408e-03
2.527752775277527508e+00,7.752935212618616845e-02,3.313969937182166883e-03
2.529252925292528875e+00,7.752452242062503329e-02,3.279597599279352686e-03
2.530753075307530686e+00,7.751971904771973176e-02,3.245587819394252400e-03
2.532253225322532053e+00,7.751494171768862074e-02,3.211936635915774337e-03
2.533753375337533420e+00,7.751019014203999746e-02,3.178640104473513545e-03
2.535253525352535231e+00,7.750546403357215508e-02,3.145694297937779143e-03
2.536753675367536598e+00,7.750076310637335486e-02,3.113095306419628137e-03
2.538253825382537965e+00,7.749608707582184008e-02,3.080839237270799943e-03
2.539753975397539776e+00,7.749143565858583604e-02,3.048922215083752375e-03
2.541254125412541143e+00,7.748680857262353616e-02,3.017340381691688538e-03
2.542754275427542510e+00,7.748220553718312975e-02,2.986089896168496113e-03
2.544254425442543877e+00,7.747762627280273262e-02,2.955166934828788120e-03
2.545754575457545688e+00,7.747307050131049810e-02,2.924567691227886873e-03
2.547254725472547054e+00,7.746853794582453379e-02,2.894288376161854772e-03
2.548754875487548421e+00,7.746402833075290151e-02,2.864325217667444429e-03
2.550255025502550232e+00,7.745954138179365900e-02,2.834674461022122522e-03
2.551755175517551599e+00,7.745507682593484600e-02,2.805332368744100583e-03
2.553255325532552966e+00,7.745063439145448425e-02,2.776295220592276021e-03
2.554755475547554777e+00,7.744621380792054977e-02,2.747559313566265947e-03
2.556255625562556144e+00,7.744181480619100055e-02,2.719120961906424955e-03
2.557755775577557511e+00,7.743743711841379052e-02,2.690976497093798721e-03
2.559255925592558878e+00,7.743308047802682781e-02,2.663122267850160860e-03
2.560756075607560689e+00,7.742874461975800260e-02,2.635554640137987778e-03
2.562256225622562056e+00,7.742442927962520094e-02,2.608269997160496401e-03
2.563756375637563423e+00,7.742013419493624926e-02,2.581264739361599069e-03
2.565256525652565234e+00,7.741585910428899764e-02,2.554535284425918287e-03
2.566756675667566601e+00,7.741160374757123652e-02,2.528078067278821412e-03
2.568256825682567968e+00,7.740736786596072450e-02,2.501889540086363849e-03
2.569756975697569779e+00,7.740315120192524379e-02,2.475966172255318100e-03
2.571257125712571145e+00,7.739895349922251699e-02,2.450304450433196755e-03
2.572757275727572512e+00,7.739477450290024874e-02,2.424900878508201314e-03
2.574257425742573879e+00,7.739061395929611176e-02,2.399751977609262087e-03
2.575757575757575690e+00,7.738647161603778857e-02,2.374854286106013040e-03
2.577257725772577057e+00,7.738234722204291594e-02,2.350204359608826492e-03
2.578757875787578424e+00,7.737824052751909876e-02,2.325798770968771478e-03
2.580258025802580235e+00,7.737415128396392394e-02,2.301634110277630228e-03
2.581758175817581602e+00,7.737007924416497429e-02,2.277706984867921593e-03
2.583258325832582969e+00,7.736602416219978684e-02,2.254014019312860703e-03
2.584758475847584780e+00,7.736198579343589454e-02,2.230551855426377624e-03
2.586258625862586147e+00,7.735796390944807421e-02,2.207317350721836428e-03
2.587758775877587514e+00,7.735395875869344184e-02,2.184313716731155555e-03
2.589258925892588881e+00,7.734997041305104182e-02,2.161541841549794157e-03
2.590759075907590692e+00,7.734599873471356690e-02,2.138999827858860826e-03
2.592259225922592059e+00,7.734204358635865528e-02,2.116685784900550898e-03
2.593759375937593425e+00,7.733810483114879342e-02,2.094597828478103954e-03
2.595259525952595236e+00,7.733418233273144093e-02,2.072734080955827233e-03
2.596759675967596603e+00,7.733027595523890574e-02,2.051092671259111683e-03
2.598259825982597970e+00,7.732638556328841339e-02,2.029671734874395964e-03
2.599759975997599781e+00,7.732251102198214876e-02,2.008469413849182927e-03
2.601260126012601148e+00,7.731865219690711721e-02,1.987483856792062169e-03
2.602760276027602515e+00,7.731480895413529730e-02,1.966713218872668395e-03
2.604260426042603882e+00,7.731098116022355748e-02,1.946155661821709175e-03
2.605760576057605693e+00,7.730716868221364224e-02,1.925809353930951501e-03
2.607260726072607060e+00,7.730337138763224147e-02,1.905672470053246725e-03
2.608760876087608427e+00,7.729958914449093499e-02,1.885743191602493258e-03
2.610261026102610238e+00,7.729582182128622025e-02,1.866019706553655871e-03
2.611761176117611605e+00,7.729206928699945689e-02,1.846500209442782396e-03
2.613261326132612972e+00,7.728833141109697769e-02,1.827182901366969023e-03
2.614761476147614783e+00,7.728460806352997758e-02,1.808065989984377437e-03
2.616261626162616150e+00,7.728089911473455531e-02,1.789147689514253032e-03
2.617761776177617516e+00,7.727720443563174113e-02,1.770426220736889128e-03
2.619261926192618883e+00,7.727352389762745521e-02,1.751899810993650611e-03
2.620762076207620694e+00,7.726985737261253540e-02,1.733566694186963091e-03
2.622262226222622061e+00,7.726620473296270941e-02,1.715425110780333497e-03
2.623762376237623428e+00,7.726256585153860879e-02,1.697473307798319075e-03
2.625262526252625239e+00,7.725894060168581046e-02,1.679709538826542562e-03
2.626762676267626606e+00,7.725532885723473964e-02,1.662132064011707802e-03
2.628262826282627973e+00,7.725173049250078083e-02,1.644739150061569604e-03
2.629762976297629784e+00,7.724814538228419458e-02,1.627529070244947834e-03
2.631263126312631151e+00,7.724457340187014520e-02,1.610500104391743900e-03
2.632763276327632518e+00,7.724101442702872855e-02,1.593650538892909738e-03
2.634263426342633885e+00,7.723746833401491652e-02,1.576978666700467550e-03
2.635763576357635696e+00,7.723393499956859864e-02,1.560482787327500693e-03
2.637263726372637063e+00,7.723041430091458215e-02,1.544161206848173196e-03
2.638763876387638430e+00,7.722690611576256414e-02,1.528012237897700271e-03
2.640264026402640241e+00,7.722341032230717328e-02,1.512034199672362186e-03
2.641764176417641607e+00,7.721992679922790037e-02,1.496225417929520317e-03
2.643264326432642974e+00,7.721645542568918164e-02,1.480584224987586787e-03
2.644764476447644785e+00,7.721299608134035708e-02,1.465108959726040081e-03
2.646264626462646152e+00,7.720954864631564274e-02,1.449797967585437618e-03
2.647764776477647519e+00,7.720611300123418619e-02,1.434649600567389303e-03
2.649264926492648886e+00,7.720268902720003878e-02,1.419662217234575301e-03
2.650765076507650697e+00,7.719927660580215567e-02,1.404834182710737369e-03
2.652265226522652064e+00,7.719587561911439577e-02,1.390163868680695551e-03
2.653765376537653431e+00,7.719248594969552180e-02,1.375649653390323239e-03
2.655265526552655242e+00,7.718910748058921412e-02,1.361289921646558886e-03
2.656765676567656609e+00,7.718574009532402913e-02,1.347083064817420316e-03
2.658265826582657976e+00,7.718238367791348253e-02,1.333027480831977833e-03
2.659765976597659787e+00,7.717903811285595217e-02,1.319121574180367670e-03
2.661266126612661154e+00,7.717570328513473354e-02,1.305363755913804130e-03
2.662766276627662521e+00,7.717237908021802595e-02,1.291752443644555081e-03
2.664266426642663887e+00,7.716906538405894633e-02,1.278286061545958873e-03
2.665766576657665698e+00,7.716576208309551543e-02,1.264963040352413927e-03
2.667266726672667065e+00,7.716246906425064389e-02,1.251781817359398034e-03
2.668766876687668432e+00,7.715918621493216001e-02,1.238740836423442120e-03
2.670267026702670243e+00,7.715591342303280975e-02,1.225838547962143253e-03
2.671767176717671610e+00,7.715265057693022899e-02,1.213073408954175054e-03
2.673267326732672977e+00,7.714939756548697125e-02,1.200443882939266444e-03
2.674767476747674788e+00,7.714615427805046610e-02,1.187948440018211623e-03
2.676267626762676155e+00,7.714292060445308852e-02,1.175585556852881556e-03
2.677767776777677522e+00,7.713969643501211726e-02,1.163353716666202077e-03
2.679267926792678889e+00,7.713648166052970712e-02,1.151251409242168419e-03
2.680768076807680700e+00,7.713327617229293054e-02,1.139277130925838485e-03
2.682268226822682067e+00,7.713007986207379152e-02,1.127429384623345864e-03
2.683768376837683434e+00,7.712689262212915620e-02,1.115706679801878798e-03
2.685268526852685245e+00,7.712371434520085001e-02,1.104107532489694054e-03
2.686768676867686612e+00,7.712054492451554666e-02,1.092630465276120616e-03
2.688268826882687978e+00,7.711738425378487916e-02,1.081274007311545373e-03
2.689768976897689789e+00,7.711423222720534265e-02,1.070036694307421356e-03
2.691269126912691156e+00,7.711108873945837772e-02,1.058917068536275761e-03
2.692769276927692523e+00,7.710795368571030095e-02,1.047913678831692607e-03
2.694269426942693890e+00,7.710482696161233274e-02,1.037025080588324655e-03
2.695769576957695701e+00,7.710170846330063887e-02,1.026249835761887125e-03
2.697269726972697068e+00,7.709859808739624731e-02,1.015586512869171140e-03
2.698769876987698435e+00,7.709549573100513142e-02,1.005033686988023554e-03
2.700270027002700246e+00,7.709240129171812672e-02,9.945899397573565014e-04
2.701770177017701613e+00,7.708931466761100026e-02,9.842538593771590991e-04
2.703270327032702980e+00,7.708623575724443677e-02,9.740240406084742491e-04
2.704770477047704791e+00,7.708316445966399699e-02,9.638990847734129480e-04
2.706270627062706158e+00,7.708010067440018709e-02,9.538775997551594919e-04
2.707770777077707525e+00,7.707704430146836150e-02,9.439581999979562970e-04
2.709270927092708892e+00,7.707399524136886171e-02,9.341395065071134412e-04
2.710771077107710703e+00,7.707095339508684972e-02,9.244201468490034594e-04
2.712271227122712070e+00,7.706791866409244685e-02,9.147987551510745712e-04
2.713771377137713436e+00,7.706489095034066428e-02,9.052739721018326826e-04
2.715271527152715247e+00,7.706187015627143089e-02,8.958444449508463740e-04
2.716771677167716614e+00,7.705885618480957933e-02,8.865088275087618618e-04
2.718271827182717981e+00,7.705584893936483215e-02,8.772657801472806636e-04
2.719771977197719792e+00,7.705284832383181570e-02,8.681139697991713082e-04
2.721272127212721159e+00,7.704985424259010174e-02,8.590520699582747562e-04
2.722772277227722526e+00,7.704686660050411029e-02,8.500787606794918232e-04
2.724272427242723893e+00,7.704388530292323456e-02,8.411927285787894684e-04
2.725772577257725704e+00,7.704091027286413818e-02,8.323929033541125917e-04
2.727272727272727071e+00,7.703794162832684755e-02,8.236809006063860452e-04
2.728772877287728438e+00,7.703497937204645263e-02,8.150567533221050919e-04
2.730273027302730249e+00,7.703202345316222110e-02,8.065197571475691499e-04
2.731773177317731616e+00,7.702907382097076705e-02,7.980692098636004480e-04
2.733273327332732983e+00,7.702613042492616191e-02,7.897044113855287376e-04
2.734773477347734794e+00,7.702319321463982349e-02,7.814246637631992081e-04
2.736273627362736161e+00,7.702026213988058534e-02,7.732292711809793167e-04
2.737773777377737527e+00,7.701733715057469676e-02,7.651175399577444776e-04
2.739273927392738894e+00,7.701441819680579504e-02,7.570887785468876025e-04
2.740774077407740705e+00,7.701150522881489158e-02,7.491422975363146554e-04
2.742274227422742072e+00,7.700859819700042741e-02,7.412774096484535434e-04
2.743774377437743439e+00,7.700569705191823155e-02,7.334934297402404555e-04
2.745274527452745250e+00,7.700280174428152102e-02,7.257896748031268013e-04
2.746774677467746617e+00,7.699991222496092858e-02,7.181654639630858251e-04
2.748274827482747984e+00,7.699702844498446108e-02,7.106201184805993783e-04
2.749774977497749795e+00,7.699415035553755504e-02,7.031529617506643163e-04
2.751275127512751162e+00,7.699127790796300719e-02,6.957633193027993289e-04
2.752775277527752529e+00,7.698841105376104388e-02,6.884505188010318216e-04
2.754275427542753896e+00,7.698554974458927946e-02,6.812138900439063723e-04
2.755775577557755707e+00,7.698269393226271629e-02,6.740527649644806113e-04
2.757275727572757074e+00,7.697984356875375855e-02,6.669664776303338947e-04
2.758775877587758441e+00,7.697699860619224010e-02,6.599543642435540779e-04
2.760276027602760252e+00,7.697415899686532725e-02,6.530157631407444534e-04
2.761776177617761618e+00,7.697132469321765758e-02,6.461500147930296064e-04
2.763276327632762985e+00,7.696849564785120112e-02,6.393564618060431628e-04
2.764776477647764796e+00,7.696567181352537146e-02,6.326344489199338611e-04
2.766276627662766163e+00,7.696285314315697013e-02,6.259833230093717320e-04
2.767776777677767530e+00,7.696003958982017279e-02,6.194024330835357387e-04
2.769276927692768897e+00,7.695723110674659861e-02,6.128911302861223421e-04
2.770777077707770708e+00,7.695442764732521312e-02,6.064487678953409469e-04
2.772277227722772075e+00,7.695162916510241147e-02,6.000747013239222504e-04
2.773777377737773442e+00,7.694883561378197678e-02,5.937682881191057738e-04
2.775277527752775253e+00,7.694604694722509408e-02,5.875288879626469098e-04
2.776777677767776620e+00,7.694326311945036412e-02,5.813558626708212589e-04
2.778277827782777987e+00,7.694048408463373401e-02,5.752485761944144387e-04
2.779777977797779798e+00,7.693770979710860825e-02,5.692063946187269621e-04
2.781278127812781165e+00,7.693494021136573768e-02,5.632286861635800923e-04
2.782778277827782532e+00,7.693217528205333056e-02,5.573148211833046754e-04
2.784278427842783898e+00,7.692941496397691370e-02,5.514641721667489470e-04
2.785778577857785709e+00,7.692665921209949909e-02,5.456761137372739779e-04
2.787278727872787076e+00,7.692390798154143117e-02,5.399500226527616980e-04
2.788778877887788443e+00,7.692116122758047014e-02,5.342852778056036197e-04
2.790279027902790254e+00,7.691841890565180584e-02,5.286812602227069103e-04
2.791779177917791621e+00,7.691568097134797444e-02,5.231373530654984030e-04
2.793279327932792988e+00,7.691294738041894175e-02,5.176529416299154897e-04
2.794779477947794799e+00,7.691021808877206156e-02,5.122274133464105664e-04
2.796279627962796166e+00,7.690749305247210343e-02,5.068601577799564540e-04
2.797779777977797533e+00,7.690477222774121102e-02,5.015505666300355565e-04
2.799279927992798900e+00,7.690205557095892985e-02,4.962980337306475585e-04
2.800780078007800711e+00,7.689934303866220733e-02,4.911019550503058478e-04
2.802280228022802078e+00,7.689663458754540659e-02,4.859617286920432070e-04
2.803780378037803445e+00,7.689393017446026490e-02,4.808767548934031943e-04
2.805280528052805256e+00,7.689122975641592139e-02,4.758464360264447516e-04
2.806780678067806623e+00,7.688853329057891706e-02,4.708701765977461070e-04
2.808280828082807989e+00,7.688584073427318089e-02,4.659473832483963730e-04
2.809780978097809800e+00,7.688315204498007149e-02,4.610774647539998827e-04
2.811281128112811167e+00,7.688046718033832161e-02,4.562598320246804185e-04
2.812781278127812534e+00,7.687778609814405195e-02,4.514938981050725924e-04
2.814281428142813901e+00,7.687510875635078511e-02,4.467790781743275928e-04
2.815781578157815712e+00,7.687243511306945942e-02,4.421147895461104735e-04
2.817281728172817079e+00,7.686976512656841509e-02,4.375004516686056290e-04
2.818781878187818446e+00,7.686709875527335256e-02,4.329354861245082839e-04
2.820282028202820257e+00,7.686443595776741577e-02,4.284193166310291544e-04
2.821782178217821624e+00,7.686177669279110891e-02,4.239513690398978639e-04
2.823282328232822991e+00,7.685912091924236578e-02,4.195310713373551909e-04
2.824782478247824802e+00,7.685646859617648041e-02,4.151578536441575141e-04
2.826282628262826169e+00,7.685381968280617648e-02,4.108311482155795231e-04
2.827782778277827536e+00,7.685117413850157952e-02,4.065503894414082011e-04
2.829282928292828903e+00,7.684853192279018919e-02,4.023150138459460770e-04
2.830783078307830714e+00,7.684589299535690698e-02,3.981244600880100878e-04
2.832283228322832080e+00,7.684325731604403631e-02,3.939781689609356979e-04
2.833783378337833447e+00,7.684062484485131017e-02,3.898755833925703941e-04
2.835283528352835258e+00,7.683799554193579406e-02,3.858161484452762879e-04
2.836783678367836625e+00,7.683536936761201086e-02,3.817993113159345061e-04
2.838283828382837992e+00,7.683274628235184367e-02,3.778245213359378188e-04
2.839783978397839803e+00,7.683012624678460523e-02,3.738912299711938912e-04
2.841284128412841170e+00,7.682750922169696850e-02,3.699988908221295671e-04
2.842784278427842537e+00,7.682489516803304996e-02,3.661469596236827909e-04
2.844284428442843904e+00,7.682228404689431245e-02,3.623348942453081915e-04
2.845784578457845715e+00,7.681967581953966229e-02,3.585621546909743178e-04
2.847284728472847082e+00,7.681707044738537993e-02,3.548282030991681919e-04
2.848784878487848449e+00,7.681446789200514769e-02,3.511325037428888584e-04
2.850285028502850260e+00,7.681186811513003587e-02,3.474745230296504743e-04
2.851785178517851627e+00,7.680927107864854442e-02,3.438537295014854533e-04
2.853285328532852994e+00,7.680667674460653349e-02,3.402695938349380687e-04
2.854785478547854805e+00,7.680408507520729289e-02,3.367215888410681401e-04
2.856285628562856171e+00,7.680149603281148651e-02,3.332091894654535267e-04
2.857785778577857538e+00,7.679890957993719403e-02,3.297318727881844895e-04
2.859285928592858905e+00,7.679632567925986919e-02,3.262891180238669444e-04
2.860786078607860716e+00,7.679374429361239540e-02,3.228804065216210519e-04
2.862286228622862083e+00,7.679116538598501629e-02,3.195052217650855546e-04
2.863786378637863450e+00,7.678858891952541899e-02,3.161630493724111634e-04
2.865286528652865261e+00,7.678601485753865086e-02,3.128533770962638096e-04
2.866786678667866628e+00,7.678344316348717502e-02,3.095756948238271395e-04
2.868286828682867995e+00,7.678087380099084258e-02,3.063294945767974179e-04
2.869786978697869806e+00,7.677830673566800324e-02,3.031142962265111467e-04
2.871287128712871173e+00,7.677574200877559929e-02,2.999306763531219564e-04
2.872787278727872540e+00,7.677317963877262896e-02,2.967788939288472697e-04
2.874287428742873907e+00,7.677061960848532984e-02,2.936587103560684819e-04
2.875787578757875718e+00,7.676806190077409275e-02,2.905698874921793721e-04
2.877287728772877085e+00,7.676550649853347563e-02,2.875121876495897360e-04
2.878787878787878451e+00,7.676295338469213414e-02,2.844853735957199098e-04
2.880288028802880262e+00,7.676040254221290493e-02,2.814892085530035898e-04
2.881788178817881629e+00,7.675785395409275014e-02,2.785234561988903261e-04
2.883288328832882996e+00,7.675530760336281288e-02,2.755878806658404261e-04
2.884788478847884807e+00,7.675276347308832015e-02,2.726822465413275033e-04
2.886288628862886174e+00,7.675022154636867988e-02,2.698063188678408619e-04
2.887788778877887541e+00,7.674768180633746717e-02,2.669598631428807809e-04
2.889288928892888908e+00,7.674514423616235481e-02,2.641426453189614412e-04
2.890789078907890719e+00,7.674260881904516884e-02,2.613544318036097329e-04
2.892289228922892086e+00,7.674007553822191630e-02,2.585949894593680748e-04
2.893789378937893453e+00,7.673754437696271580e-02,2.558640856037899141e-04
2.895289528952895264e+00,7.673501531857183922e-02,2.531614880094418415e-04
2.896789678967896631e+00,7.673248834638769778e-02,2.504869649039062466e-04
2.898289828982897998e+00,7.672996344378285594e-02,2.478402849697763856e-04
2.899789978997899809e+00,7.672744059416401752e-02,2.452212173446587659e-04
2.901290129012901176e+00,7.672491978097203957e-02,2.426295316211755861e-04
2.902790279027902542e+00,7.672240098768190464e-02,2.400649978469600191e-04
2.904290429042903909e+00,7.671988419780274848e-02,2.375273865246592484e-04
2.905790579057905720e+00,7.671736939487787399e-02,2.350164686119330586e-04
2.907290729072907087e+00,7.671485656248469565e-02,2.325320155214567080e-04
2.908790879087908454e+00,7.671234568423478117e-02,2.300737991209165383e-04
2.910291029102910265e+00,7.670983674377386541e-02,2.276415917330121697e-04
2.911791179117911632e+00,7.670732972478179479e-02,2.252351661354587778e-04
2.913291329132912999e+00,7.670482461097258287e-02,2.228542955609825126e-04
2.914791479147914810e+00,7.670232138609438255e-02,2.204987536973229386e-04
2.916291629162916177e+00,7.669982003392947223e-02,2.181683146872350940e-04
2.917791779177917544e+00,7.669732053829431129e-02,2.158627531284850192e-04
2.919291929192918911e+00,7.669482288303948458e-02,2.135818440738528187e-04
2.920792079207920722e+00,7.669232705204970246e-02,2.113253630311312525e-04
2.922292229222922089e+00,7.668983302924385625e-02,2.090930859631283650e-04
2.923792379237923456e+00,7.668734079857496277e-02,2.068847892876635002e-04
2.925292529252925267e+00,7.668485034403017819e-02,2.047002498775692537e-04
2.926792679267926633e+00,7.668236164963081192e-02,2.025392450606935328e-04
2.928292829282928000e+00,7.667987469943231271e-02,2.004015526198955172e-04
2.929792979297929811e+00,7.667738947752428258e-02,1.982869507930477468e-04
2.931293129312931178e+00,7.667490596803046288e-02,1.961952182730379644e-04
2.932793279327932545e+00,7.667242415510873432e-02,1.941261342077652127e-04
2.934293429342933912e+00,7.666994402295113087e-02,1.920794782001425448e-04
2.935793579357935723e+00,7.666746555578382583e-02,1.900550303080957232e-04
2.937293729372937090e+00,7.666498873786713186e-02,1.880525710445654967e-04
2.938793879387938457e+00,7.666251355349552876e-02,1.860718813775041848e-04
2.940294029402940268e+00,7.666003998699760791e-02,1.841127427298774400e-04
2.941794179417941635e+00,7.665756802273614168e-02,1.821749369796658467e-04
2.943294329432943002e+00,7.665509764510801405e-02,1.802582464598616145e-04
2.944794479447944813e+00,7.665262883854426224e-02,1.783624539584703129e-04
2.946294629462946180e+00,7.665016158751007669e-02,1.764873427185123078e-04
2.947794779477947547e+00,7.664769587650480109e-02,1.746326964380197258e-04
2.949294929492948913e+00,7.664523169006190462e-02,1.727982992700386226e-04
2.950795079507950724e+00,7.664276901274899578e-02,1.709839358226275194e-04
2.952295229522952091e+00,7.664030782916785023e-02,1.691893911588600861e-04
2.953795379537953458e+00,7.663784812395438295e-02,1.674144507968215636e-04
2.955295529552955269e+00,7.663538988177863442e-02,1.656589007096106070e-04
2.956795679567956636e+00,7.663293308734481224e-02,1.639225273253405865e-04
2.958295829582958003e+00,7.663047772539126334e-02,1.622051175271366598e-04
2.959795979597959814e+00,7.662802378069046016e-02,1.605064586531373722e-04
2.961296129612961181e+00,7.662557123804905612e-02,1.588263384964959293e-04
2.962796279627962548e+00,7.662312008230780236e-02,1.571645453053773520e-04
2.964296429642963915e+00,7.662067029834164489e-02,1.555208677829605902e-04
2.965796579657965726e+00,7.661822187105962745e-02,1.538950950874372488e-04
2.967296729672967093e+00,7.661577478540498864e-02,1.522870168320136753e-04
2.968796879687968460e+00,7.661332902635505093e-02,1.506964230849081943e-04
2.970297029702970271e+00,7.661088457892134551e-02,1.491231043693522738e-04
2.971797179717971638e+00,7.660844142814948743e-02,1.475668516635922052e-04
2.973297329732973004e+00,7.660599955911928660e-02,1.460274564008860678e-04
2.974797479747974815e+00,7.660355895694467843e-02,1.445047104695053818e-04
2.976297629762976182e+00,7.660111960677372378e-02,1.429984062127361119e-04
2.977797779777977549e+00,7.659868149378865065e-02,1.415083364288763086e-04
2.979297929792978916e+00,7.659624460320582640e-02,1.400342943712378158e-04
2.980798079807980727e+00,7.659380892027577159e-02,1.385760737481451328e-04
2.982298229822982094e+00,7.659137443028313230e-02,1.371334687229375010e-04
2.983798379837983461e+00,7.658894111854672171e-02,1.357062739139661123e-04
2.985298529852985272e+00,7.658650897041946459e-02,1.342942843945955185e-04
2.986798679867986639e+00,7.658407797128846672e-02,1.328972956932047424e-04
2.988298829882988006e+00,7.658164810657495936e-02,1.315151037931848389e-04
2.989798979897989817e+00,7.657921936173431310e-02,1.301475051329401954e-04
2.991299129912991184e+00,7.657679172225606568e-02,1.287942966058898333e-04
2.992799279927992551e+00,7.657436517366388029e-02,1.274552755604644802e-04
2.994299429942993918e+00,7.657193970151555951e-02,1.261302398001090642e-04
2.995799579957995729e+00,7.656951529140308688e-02,1.248189875832809244e-04
2.997299729972997095e+00,7.656709192895252980e-02,1.235213176234522506e-04
2.998799879987998462e+00,7.656466959982415055e-02,1.222370290891071018e-04
3.000300030003000273e+00,7.656224828971235075e-02,1.209659216037430594e-04
3.001800180018001640e+00,7.655982798434565750e-02,1.197077952458718236e-04
3.003300330033003007e+00,7.655740866948673728e-02,1.184624505490175332e-04
3.004800480048004818e+00,7.655499033093243755e-02,1.172296885017174968e-04
3.006300630063006185e+00,7.655257295451370347e-02,1.160093105475235216e-04
3.007800780078007552e+00,7.655015652609567511e-02,1.148011185849993920e-04
3.009300930093008919e+00,7.654774103157759024e-02,1.136049149677227947e-04
3.010801080108010730e+00,7.654532645689286763e-02,1.124205025042841527e-04
3.012301230123012097e+00,7.654291278800903764e-02,1.112476844582883603e-04
3.013801380138013464e+00,7.654050001092781164e-02,1.100862645483525603e-04
3.015301530153015275e+00,7.653808811168499870e-02,1.089360469481070928e-04
3.016801680168016642e+00,7.653567707635061668e-02,1.077968362861967148e-04
3.018301830183018009e+00,7.653326689102875335e-02,1.066684376462784321e-04
3.019801980198019820e+00,7.653085754185770528e-02,1.055506565670224475e-04
3.021302130213021186e+00,7.652844901500988062e-02,1.044432990421133268e-04
3.022802280228022553e+00,7.652604129669184074e-02,1.033461715202480197e-04
3.024302430243023920e+00,7.652363437314428640e-02,1.022590809051369444e-04
3.025802580258025731e+00,7.652122823619225689e-02,1.011819126344039814e-04
3.027302730273027098e+00,7.651882291666045610e-02,1.001151009037421754e-04
3.028802880288028465e+00,7.651641841782828857e-02,9.905869263837438910e-05
3.030303030303030276e+00,7.651401473498120609e-02,9.801262231808867225e-05
3.031803180318031643e+00,7.651161186340051101e-02,9.697682435589429818e-05
3.033303330333033010e+00,7.650920979836339786e-02,9.595123309801992055e-05
3.034803480348034821e+00,7.650680853514296720e-02,9.493578282391457624e-05
3.036303630363036188e+00,7.650440806900812851e-02,9.393040774624847138e-05
3.037803780378037555e+00,7.650200839522375285e-02,9.293504201091126022e-05
3.039303930393038922e+00,7.649960950905053403e-02,9.194961969701322417e-05
3.040804080408040733e+00,7.649721140574504419e-02,9.097407481688468906e-05
3.042304230423042100e+00,7.649481408055976150e-02,9.000834131607712287e-05
3.043804380438043466e+00,7.649241752874302858e-02,8.905235307336152302e-05
3.045304530453045277e+00,7.649002174553905242e-02,8.810604390072914816e-05
3.046804680468046644e+00,7.648762672618794611e-02,8.716934754339248042e-05
3.048304830483048011e+00,7.648523246592567326e-02,8.624219767978343650e-05
3.049804980498049822e+00,7.648283895998408966e-02,8.532452792155430276e-05
3.051305130513051189e+00,7.648044620359092938e-02,8.441627181357848060e-05
3.052805280528052556e+00,7.647805419196980481e-02,8.351736283394887376e-05
3.054305430543053923e+00,7.647566292034019275e-02,8.262773439397901314e-05
3.055805580558055734e+00,7.647327238391746218e-02,8.174731983820248760e-05
3.057305730573057101e+00,7.647088257791286037e-02,8.087605244437394685e-05
3.058805880588058468e+00,7.646849349753349900e-02,8.001386542346762424e-05
3.060306030603060279e+00,7.646610513798238196e-02,7.916069191967806855e-05
3.061806180618061646e+00,7.646371749445839139e-02,7.831646501042094366e-05
3.063306330633063013e+00,7.646133056215626000e-02,7.748111770633142928e-05
3.064806480648064824e+00,7.645894433626665432e-02,7.665458295126504772e-05
3.066306630663066191e+00,7.645655881197604975e-02,7.583679362229840920e-05
3.067806780678067557e+00,7.645417398446685553e-02,7.502768252972769406e-05
3.069306930693068924e+00,7.645178984891733143e-02,7.422718241706962846e-05
3.070807080708070735e+00,7.644940640050161551e-02,7.343522596106107786e-05
3.072307230723072102e+00,7.644702363438973802e-02,7.265174577165988724e-05
3.073807380738073469e+00,7.644464154574759363e-02,7.187667439204356655e-05
3.075307530753075280e+00,7.644226012973696915e-02,7.110994429860990050e-05
3.076807680768076647e+00,7.643987938151550199e-02,7.035148790097773468e-05
3.078307830783078014e+00,7.643749929623673556e-02,6.960123754198551185e-05
3.079807980798079381e+00,7.643511986905007771e-02,6.885912549769226130e-05
3.081308130813081192e+00,7.643274109510081460e-02,6.812508397737707024e-05
3.082808280828082559e+00,7.643036296953012454e-02,6.739904512354010033e-05
3.084308430843083926e+00,7.642798548747503640e-02,6.668094101190105618e-05
3.085808580858085737e+00,7.642560864406848509e-02,6.597070365140005272e-05
3.087308730873087104e+00,7.642323243443926994e-02,6.526826498419815731e-05
3.088808880888088471e+00,7.642085685371206860e-02,6.457355688567610228e-05
3.090309030903090282e+00,7.641848189700742311e-02,6.388651116443496249e-05
3.091809180918091648e+00,7.641610755944178157e-02,6.320705956229676526e-05
3.093309330933093015e+00,7.641373383612745651e-02,6.253513375430318926e-05
3.094809480948094382e+00,7.641136072217263875e-02,6.187066534871654038e-05
3.096309630963096193e+00,7.640898821268138352e-02,6.121358588701915533e-05
3.097809780978097560e+00,7.640661630275363825e-02,6.056382684391433682e-05
3.099309930993098927e+00,7.640424498748524251e-02,5.992131962732509992e-05
3.100810081008100738e+00,7.640187426196788645e-02,5.928599557839481584e-05
3.102310231023102105e+00,7.639950412128913848e-02,5.865778597148771335e-05
3.103810381038103472e+00,7.639713456053247309e-02,5.803662201418780810e-05
3.105310531053105283e+00,7.639476557477721530e-02,5.742243484729943126e-05
3.106810681068106650e+00,7.639239715909859618e-02,5.681515554484778505e-05
3.108310831083108017e+00,7.639002930856766960e-02,5.621471511407781800e-05
3.109810981098109384e+00,7.638766201825143709e-02,5.562104449545505157e-05
3.111311131113111195e+00,7.638529528321273687e-02,5.503407456266513296e-05
3.112811281128112562e+00,7.638292909851028545e-02,5.445373612261450593e-05
3.114311431143113928e+00,7.638056345919870538e-02,5.387995991542946894e-05
3.115811581158115739e+00,7.637819836032844201e-02,5.331267661445663589e-05
3.117311731173117106e+00,7.637583379694587449e-02,5.275181682626342404e-05
3.118811881188118473e+00,7.637346976409324639e-02,5.219731109063713921e-05
3.120312031203120284e+00,7.637110625680865184e-02,5.164908988058532137e-05
3.121812181218121651e+00,7.636874327012610486e-02,5.110708360233637482e-05
3.123312331233123018e+00,7.636638079907545618e-02,5.057122259533859243e-05
3.124812481248124385e+00,7.636401883868246254e-02,5.004143713226062316e-05
3.126312631263126196e+00,7.636165738396874514e-02,4.951765741899139082e-05
3.127812781278127563e+00,7.635929642995180344e-02,4.899981359464056154e-05
3.129312931293128930e+00,7.635693597164502910e-02,4.848783573153769003e-05
3.130813081308130741e+00,7.635457600405766432e-02,4.798165383523262615e-05
3.132313231323132108e+00,7.635221652219487121e-02,4.748119784449601630e-05
3.133813381338133475e+00,7.634985752105764856e-02,4.698639763131835480e-05
3.135313531353135286e+00,7.634749899564288733e-02,4.649718300091052598e-05
3.136813681368136653e+00,7.634514094094335679e-02,4.601348369170408874e-05
3.138313831383138020e+00,7.634278335194771836e-02,4.553522937535054479e-05
3.139813981398139386e+00,7.634042622364048403e-02,4.506234965672184680e-05
3.141314131413141197e+00,7.633806955100207181e-02,4.459477407391014770e-05
3.142814281428142564e+00,7.633571332900875028e-02,4.413243209822831570e-05
3.144314431443143931e+00,7.633335755263268019e-02,4.367525313420915500e-05
3.145814581458145742e+00,7.633100221684191444e-02,4.322316651960577847e-05
3.147314731473147109e+00,7.632864731660034263e-02,4.277610152539202104e-05
3.148814881488148476e+00,7.632629284686778814e-02,4.233398735576166715e-05
3.150315031503150287e+00,7.632393880259989716e-02,4.189675314812874219e-05
3.151815181518151654e+00,7.632158517874823578e-02,4.146432797312815622e-05
3.153315331533153021e+00,7.631923197026022065e-02,4.103664083461457910e-05
3.154815481548154388e+00,7.631687917207917449e-02,4.061362066966323330e-05
3.156315631563156199e+00,7.631452677914425664e-02,4.019519634856948739e-05
3.157815781578157566e+00,7.631217478639053253e-02,3.978129667484941838e-05
3.159315931593158933e+00,7.630982318874895975e-02,3.937185038523912739e-05
3.160816081608160744e+00,7.630747198114633256e-02,3.896678614969489548e-05
3.162316231623162111e+00,7.630512115850536514e-02,3.856603257139386124e-05
3.163816381638163477e+00,7.630277071574460834e-02,3.816951818673299088e-05
3.165316531653165288e+00,7.630042064777853295e-02,3.777717146532962023e-05
3.166816681668166655e+00,7.629807094951746027e-02,3.738892081002179364e-05
3.168316831683168022e+00,7.629572161586758994e-02,3.700469455686747789e-05
3.169816981698169389e+00,7.629337264173099986e-02,3.662442097514507719e-05
3.171317131713171200e+00,7.629102402200567401e-02,3.624802826735329766e-05
3.172817281728172567e+00,7.628867575158544689e-02,3.587544456921137772e-05
3.174317431743173934e+00,7.628632782536001744e-02,3.550659794965865443e-05
3.175817581758175745e+00,7.628398023821499063e-02,3.514141641085469898e-05
3.177317731773177112e+00,7.628163298503184975e-02,3.477982788817981813e-05
3.178817881788178479e+00,7.627928606068792861e-02,3.442176025023422758e-05
3.180318031803180290e+00,7.627693946005648096e-02,3.406714129883853975e-05
3.181818181818181657e+00,7.627459317800658334e-02,3.371589876903398071e-05
3.183318331833183024e+00,7.627224720940324609e-02,3.336796032908180738e-05
3.184818481848184391e+00,7.626990154910733011e-02,3.302325358046363281e-05
3.186318631863186202e+00,7.626755619197554681e-02,3.268170605788138549e-05
3.187818781878187568e+00,7.626521113286055531e-02,3.234324522925756688e-05
3.189318931893188935e+00,7.626286636661082363e-02,3.200779849573472287e-05
3.190819081908190746e+00,7.626052188807073973e-02,3.167529319167570123e-05
3.192319231923192113e+00,7.625817769208054209e-02,3.134565658466397691e-05
3.193819381938193480e+00,7.625583377347637526e-02,3.101881587550306928e-05
3.195319531953195291e+00,7.625349012709024821e-02,3.069469819821679961e-05
3.196819681968196658e+00,7.625114674775003432e-02,3.037323062004962989e-05
3.198319831983198025e+00,7.624880363027951302e-02,3.005434014146603943e-05
3.199819981998199392e+00,7.624646076949830042e-02,2.973795369615090430e-05
3.201320132013201203e+00,7.624411816022194643e-02,2.942399815100938895e-05
3.202820282028202570e+00,7.624177581306187945e-02,2.911262351626915903e-05
3.204320432043203937e+00,7.623943374422180452e-02,2.880405894857015716e-05
3.205820582058205748e+00,7.623709195303160491e-02,2.849829530579759394e-05
3.207320732073207115e+00,7.623475043878426283e-02,2.819532292143708815e-05
3.208820882088208482e+00,7.623240920076314320e-02,2.789513199025887461e-05
3.210321032103210293e+00,7.623006823824204914e-02,2.759771256831807518e-05
3.211821182118211659e+00,7.622772755048516646e-02,2.730305457295495968e-05
3.213321332133213026e+00,7.622538713674707755e-02,2.701114778279442409e-05
3.214821482148214393e+00,7.622304699627277524e-02,2.672198183774632602e-05
3.216321632163216204e+00,7.622070712829766281e-02,2.643554623900533896e-05
3.217821782178217571e+00,7.621836753204754011e-02,2.615183034905126745e-05
3.219321932193218938e+00,7.621602820673863132e-02,2.587082339164854556e-05
3.220822082208220749e+00,7.621368915157751556e-02,2.559251445184650121e-05
3.222322232223222116e+00,7.621135036576123789e-02,2.531689247597959332e-05
3.223822382238223483e+00,7.620901184847718446e-02,2.504394627166691380e-05
3.225322532253225294e+00,7.620667359890320736e-02,2.477366450781245174e-05
3.226822682268226661e+00,7.620433561620749974e-02,2.450603571460531371e-05
3.228322832283228028e+00,7.620199789954872072e-02,2.424104828351925618e-05
3.229822982298229395e+00,7.619966044807587047e-02,2.397869046731299721e-05
3.231323132313231206e+00,7.619732326092841512e-02,2.371895038003006399e-05
3.232823282328232573e+00,7.619498633723617576e-02,2.346181599699910796e-05
3.234323432343233939e+00,7.619264967611939776e-02,2.320727515483342706e-05
3.235823582358235750e+00,7.619031327668873699e-02,2.295531555143120290e-05
3.237323732373237117e+00,7.618797713804523197e-02,2.270592474597574133e-05
3.238823882388238484e+00,7.618564125928034558e-02,2.245909015893499130e-05
3.240324032403240295e+00,7.618330563947592338e-02,2.221479907206180918e-05
3.241824182418241662e+00,7.618097027770423524e-02,2.197303862839413490e-05
3.243324332433243029e+00,7.617863517302796150e-02,2.173379583225459215e-05
3.244824482448244396e+00,7.617630032450013744e-02,2.149705754925074932e-05
3.246324632463246207e+00,7.617396573116426428e-02,2.126281050627500422e-05
3.247824782478247574e+00,7.617163139205421207e-02,2.103104129150483827e-05
3.249324932493248941e+00,7.616929730619424743e-02,2.080173635440241665e-05
3.250825082508250752e+00,7.616696347259906130e-02,2.057488200571478483e-05
3.252325232523252119e+00,7.616462989027374120e-02,2.035046441747408202e-05
3.253825382538253486e+00,7.616229655821378508e-02,2.012846962299712442e-05
3.255325532553255297e+00,7.615996347540508749e-02,1.990888351688562547e-05
3.256825682568256664e+00,7.615763064082393952e-02,1.969169185502637201e-05
3.258325832583258030e+00,7.615529805343704273e-02,1.947688025459084484e-05
3.259825982598259397e+00,7.615296571220149524e-02,1.926443419403547279e-05
3.261326132613261208e+00,7.615063361606483339e-02,1.905433901310150398e-05
3.262826282628262575e+00,7.614830176396494843e-02,1.884657991281527353e-05
3.264326432643263942e+00,7.614597015483015596e-02,1.864114195548779692e-05
3.265826582658265753e+00,7.614363878757918203e-02,1.843801006471499024e-05
3.267326732673267120e+00,7.614130766112114923e-02,1.823716902537782269e-05
3.268826882688268487e+00,7.613897677435560452e-02,1.803860348364198787e-05
3.270327032703270298e+00,7.613664612617243588e-02,1.784229794695804954e-05
3.271827182718271665e+00,7.613431571545202503e-02,1.764823678406163805e-05
3.273327332733273032e+00,7.613198554106508087e-02,1.745640422497309806e-05
3.274827482748274399e+00,7.612965560187276437e-02,1.726678436099770192e-05
3.276327632763276210e+00,7.612732589672660533e-02,1.707936114472557857e-05
3.277827782778277577e+00,7.612499642446857173e-02,1.689411839003188631e-05
3.279327932793278944e+00,7.612266718393100040e-02,1.671103977207651125e-05
3.280828082808280755e+00,7.612033817393665247e-02,1.653010882730422996e-05
3.282328232823282121e+00,7.611800939329869953e-02,1.635130895344485177e-05
3.283828382838283488e+00,7.611568084082068197e-02,1.617462340951292737e-05
3.285328532853285299e+00,7.611335251529660617e-02,1.600003531580789114e-05
3.286828682868286666e+00,7.611102441551080566e-02,1.582752765391421020e-05
3.288328832883288033e+00,7.610869654023807995e-02,1.565708326670107949e-05
3.289828982898289400e+00,7.610636888824361124e-02,1.548868485832265217e-05
3.291329132913291211e+00,7.610404145828296441e-02,1.532231499421789732e-05
3.292829282928292578e+00,7.610171424910212867e-02,1.515795610111081845e-05
3.294329432943293945e+00,7.609938725943751758e-02,1.499559046701016385e-05
3.295829582958295756e+00,7.609706048801589962e-02,1.483520024120956886e-05
3.297329732973297123e+00,7.609473393355448145e-02,1.467676743428769649e-05
3.298829882988298490e+00,7.609240759476086635e-02,1.452027391810794944e-05
3.300330033003300301e+00,7.609008147033305414e-02,1.436570142581861746e-05
3.301830183018301668e+00,7.608775555895946896e-02,1.421303155185301460e-05
3.303330333033303035e+00,7.608542985931890379e-02,1.406224575192920474e-05
3.304830483048304401e+00,7.608310437008057592e-02,1.391332534305018625e-05
3.306330633063306212e+00,7.608077908990412697e-02,1.376625150350379038e-05
3.307830783078307579e+00,7.607845401743956737e-02,1.362100527286286248e-05
3.309330933093308946e+00,7.607612915132731801e-02,1.347756755198501976e-05
3.310831083108310757e+00,7.607380449019821023e-02,1.333591910301275296e-05
3.312331233123312124e+00,7.607148003267349967e-02,1.319604054937356183e-05
3.313831383138313491e+00,7.606915577736479694e-02,1.305791237577971125e-05
3.315331533153315302e+00,7.606683172287416472e-02,1.292151492822835989e-05
3.316831683168316669e+00,7.606450786779403450e-02,1.278682841400165856e-05
3.318331833183318036e+00,7.606218421070726210e-02,1.265383290166653668e-05
3.319831983198319403e+00,7.605986075018709991e-02,1.252250832107483448e-05
3.321332133213321214e+00,7.605753748479721077e-02,1.239283446336325890e-05
3.322832283228322581e+00,7.605521441309165409e-02,1.226479098095349204e-05
3.324332433243323948e+00,7.605289153361487198e-02,1.213835738755201160e-05
3.325832583258325759e+00,7.605056884490177249e-02,1.201351305815016198e-05
3.327332733273327126e+00,7.604824634547759088e-02,1.189023722902430005e-05
3.328832883288328492e+00,7.604592403385802835e-02,1.176850899773554773e-05
3.330333033303330303e+00,7.604360190854914103e-02,1.164830732312991402e-05
3.331833183318331670e+00,7.604127996804742329e-02,1.152961102533840002e-05
3.333333333333333037e+00,7.603895821083976603e-02,1.141239878577679563e-05
3.334833483348334404e+00,7.603663663540345674e-02,1.129664914714579815e-05
3.336333633363336215e+00,7.603431524020619336e-02,1.118234051343096482e-05
3.337833783378337582e+00,7.603199402370605653e-02,1.106945114990283145e-05
3.339333933393338949e+00,7.602967298435155119e-02,1.095795918311672941e-05
3.340834083408340760e+00,7.602735212058160663e-02,1.084784260091287375e-05
3.342334233423342127e+00,7.602503143082549319e-02,1.073907925241645130e-05
3.343834383438343494e+00,7.602271091350296106e-02,1.063164684803744785e-05
3.345334533453345305e+00,7.602039056702410147e-02,1.052552295947073625e-05
3.346834683468346672e+00,7.601807038978944386e-02,1.042068501969617130e-05
3.348334833483348039e+00,7.601575038018990038e-02,1.031711032297837963e-05
3.349834983498349406e+00,7.601343053660680749e-02,1.021477602486692580e-05
3.351335133513351217e+00,7.601111085741189821e-02,1.011365914219622075e-05
3.352835283528352583e+00,7.600879134096730216e-02,1.001373655308566074e-05
3.354335433543353950e+00,7.600647198562557327e-02,9.914984996939427446e-06
3.355835583558355761e+00,7.600415278972962041e-02,9.817381074446586235e-06
3.357335733573357128e+00,7.600183375161280452e-02,9.720901247581184394e-06
3.358835883588358495e+00,7.599951486959888314e-02,9.625521839602061406e-06
3.360336033603360306e+00,7.599719614200201034e-02,9.531219035052940431e-06
3.361836183618361673e+00,7.599487756712672293e-02,9.437968879762529946e-06
3.363336333633363040e+00,7.599255914326799588e-02,9.345747280844323850e-06
3.364836483648364407e+00,7.599024086871120076e-02,9.254530006696730208e-06
3.366336633663366218e+00,7.598792274173207795e-02,9.164292687003027210e-06
3.367836783678367585e+00,7.598560476059681990e-02,9.075010812731444481e-06
3.369336933693368952e+00,7.598328692356200176e-02,8.986659736135027560e-06
3.370837083708370763e+00,7.598096922887459526e-02,8.899214670751702272e-06
3.372337233723372130e+00,7.597865167477198256e-02,8.812650691404366212e-06
3.373837383738373497e+00,7.597633425948195629e-02,8.726942734200712553e-06
3.375337533753375308e+00,7.597401698122270564e-02,8.642065596533318148e-06
3.376837683768376674e+00,7.597169983820280248e-02,8.557993937079755331e-06
3.378337833783378041e+00,7.596938282862127079e-02,8.474702275802358138e-06
3.379837983798379408e+00,7.596706595066750334e-02,8.392164993948401881e-06
3.381338133813381219e+00,7.596474920252130336e-02,8.310356334050015051e-06
3.382838283828382586e+00,7.596243258235287066e-02,8.229250399924274191e-06
3.384338433843383953e+00,7.596011608832282935e-02,8.148821156673095471e-06
3.385838583858385764e+00,7.595779971858218627e-02,8.069042430683255021e-06
3.387338733873387131e+00,7.595548347127237254e-02,7.989887909626490573e-06
3.388838883888388498e+00,7.595316734452520202e-02,7.911331142459362547e-06
3.390339033903390309e+00,7.595085133646288511e-02,7.833345539423311650e-06
3.391839183918391676e+00,7.594853544519808430e-02,7.755904372044736803e-06
3.393339333933393043e+00,7.594621966883381703e-02,7.678980773134856230e-06
3.394839483948394410e+00,7.594390400546351116e-02,7.602547736789778602e-06
3.396339633963396221e+00,7.594158845317103279e-02,7.526578118390496268e-06
3.397839783978397588e+00,7.593927301003060293e-02,7.451044634602953015e-06
3.399339933993398954e+00,7.593695767410688080e-02,7.375919863377884824e-06
3.400840084008400765e+00,7.593464244345492220e-02,7.301176243950958786e-06
3.402340234023402132e+00,7.593232731612016562e-02,7.226786076842745996e-06
3.403840384038403499e+00,7.593001229013850162e-02,7.152721523858670730e-06
3.405340534053405310e+00,7.592769736353616183e-02,7.078954608089017223e-06
3.406840684068406677e+00,7.592538253432982998e-02,7.005457213909058417e-06
3.408340834083408044e+00,7.592306780052657245e-02,6.932201086978842508e-06
3.409840984098409411e+00,7.592075316012386610e-02,6.859157834243362356e-06
3.411341134113411222e+00,7.591843861423012985e-02,6.786343168865339483e-06
3.412841284128412589e+00,7.591612417950918679e-02,6.713993414306104624e-06
3.414341434143413956e+00,7.591380985890518185e-02,6.642150457194832692e-06
3.415841584158415767e+00,7.591149565261574861e-02,6.570817247507621165e-06
3.417341734173417134e+00,7.590918156083256707e-02,6.499996649475172398e-06
3.418841884188418501e+00,7.590686758374133591e-02,6.429691441582673340e-06
3.420342034203420312e+00,7.590455372152180025e-02,6.359904316569852287e-06
3.421842184218421679e+00,7.590223997434773773e-02,6.290637881431045799e-06
3.423342334233423045e+00,7.589992634238695857e-02,6.221894657415068255e-06
3.424842484248424412e+00,7.589761282580130552e-02,6.153677080025303335e-06
3.426342634263426223e+00,7.589529942474666779e-02,6.085987499019655735e-06
3.427842784278427590e+00,7.589298613937295324e-02,6.018828178410635027e-06
3.429342934293428957e+00,7.589067296982411615e-02,5.952201296465233685e-06
3.430843084308430768e+00,7.588835991623812949e-02,5.886108945704989765e-06
3.432343234323432135e+00,7.588604697874702654e-02,5.820553132906042811e-06
3.433843384338433502e+00,7.588373415747684536e-02,5.755535779099018655e-06
3.435343534353435313e+00,7.588142145254769821e-02,5.691058719569085325e-06
3.436843684368436680e+00,7.587910886407370215e-02,5.627123703856014876e-06
3.438343834383438047e+00,7.587679639216300675e-02,5.563732395754063958e-06
3.439843984398439414e+00,7.587448403691780807e-02,5.500886373312051747e-06
3.441344134413441225e+00,7.587217179843433468e-02,5.438587128833326057e-06
3.442844284428442592e+00,7.586985967680284770e-02,5.376836068875829415e-06
3.444344434443443959e+00,7.586754767210764083e-02,5.315634514251996566e-06
3.445844584458445770e+00,7.586523578442705418e-02,5.254983700028804452e-06
3.447344734473447136e+00,7.586292401383346040e-02,5.194884775527828956e-06
3.448844884488448503e+00,7.586061236039325084e-02,5.135338804325134795e-06
3.450345034503450314e+00,7.585830082416686326e-02,5.076346764251331422e-06
3.451845184518451681e+00,7.585598940520875411e-02,5.017909547391626387e-06
3.453345334533453048e+00,7.585367810356746787e-02,4.960027960085716072e-06
3.454845484548454415e+00,7.585136691928551222e-02,4.902702722927858534e-06
3.456345634563456226e+00,7.584905585239946901e-02,4.845934470766841319e-06
3.457845784578457593e+00,7.584674490293995264e-02,4.789723752706043297e-06
3.459345934593458960e+00,7.584443407093159617e-02,4.734071032103338096e-06
3.460846084608460771e+00,7.584212335639310687e-02,4.678976686571144929e-06
3.462346234623462138e+00,7.583981275933716903e-02,4.624441007976471787e-06
3.463846384638463505e+00,7.583750227977054115e-02,4.570464202440826506e-06
3.465346534653465316e+00,7.583519191769401424e-02,4.517046390340259963e-06
3.466846684668466683e+00,7.583288167310241190e-02,4.464187606305410969e-06
3.468346834683468050e+00,7.583057154598456251e-02,4.411887799221417329e-06
3.469846984698469416e+00,7.582826153632338251e-02,4.360146832227978527e-06
3.471347134713471227e+00,7.582595164409576538e-02,4.308964482719319297e-06
3.472847284728472594e+00,7.582364186927269267e-02,4.258340442344254852e-06
3.474347434743473961e+00,7.582133221181913685e-02,4.208274317006100244e-06
3.475847584758475772e+00,7.581902267169414456e-02,4.158765626862711876e-06
3.477347734773477139e+00,7.581671324885076724e-02,4.109813806326538317e-06
3.478847884788478506e+00,7.581440394323610277e-02,4.061418204064523745e-06
3.480348034803480317e+00,7.581209475479128157e-02,4.013578082998157920e-06
3.481848184818481684e+00,7.580978568345146662e-02,3.966292620303517690e-06
3.483348334833483051e+00,7.580747672914585344e-02,3.919560907411182286e-06
3.484848484848484418e+00,7.580516789179769788e-02,3.873381950006286684e-06
3.486348634863486229e+00,7.580285917132424667e-02,3.827754668028497894e-06
3.487848784878487596e+00,7.580055056763682075e-02,3.782677895672066621e-06
3.489348934893488963e+00,7.579824208064074587e-02,3.738150381385746379e-06
3.490849084908490774e+00,7.579593371023540804e-02,3.694170787872835418e-06
3.492349234923492141e+00,7.579362545631421200e-02,3.650737692091216532e-06
3.493849384938493507e+00,7.579131731876459499e-02,3.607849585253274055e-06
3.495349534953495318e+00,7.578900929746805459e-02,3.565504872825940440e-06
3.496849684968496685e+00,7.578670139230007929e-02,3.523701874530725489e-06
3.498349834983498052e+00,7.578439360313023176e-02,3.482438824343649436e-06
3.499849984998499419e+00,7.578208592982207947e-02,3.441713870495285293e-06
3.501350135013501230e+00,7.577977837223326407e-02,3.401525075470741070e-06
3.502850285028502597e+00,7.577747093021541813e-02,3.361870416009702968e-06
3.504350435043503964e+00,7.577516360361423453e-02,3.322747783106364233e-06
3.505850585058505775e+00,7.577285639226943870e-02,3.284154982009461996e-06
3.507350735073507142e+00,7.577054929601477473e-02,3.246089732222318361e-06
3.508850885088508509e+00,7.576824231467804704e-02,3.208549667502754425e-06
3.510351035103510320e+00,7.576593544808107872e-02,3.171532335863143644e-06
3.511851185118511687e+00,7.576362869603972539e-02,3.135035199570431739e-06
3.513351335133513054e+00,7.576132205836388911e-02,3.099055635146078673e-06
3.514851485148514421e+00,7.575901553485747675e-02,3.063590933366096767e-06
3.516351635163516232e+00,7.575670912531848322e-02,3.028638299261034607e-06
3.517851785178517598e+00,7.575440282953889437e-02,2.994194852116010927e-06
3.519351935193518965e+00,7.575209664730475634e-02,2.960257625470662513e-06
3.520852085208520776e+00,7.574979057839610619e-02,2.926823567119167498e-06
3.522352235223522143e+00,7.574748462258708293e-02,2.893889539110277552e-06
3.523852385238523510e+00,7.574517877964580259e-02,2.861452317747261126e-06
3.525352535253525321e+00,7.574287304933445542e-02,2.829508593587926324e-06
3.526852685268526688e+00,7.574056743140922254e-02,2.798054971444658176e-06
3.528352835283528055e+00,7.573826192562037318e-02,2.767087970384355949e-06
3.529852985298529422e+00,7.573595653171218134e-02,2.736604023728469579e-06
3.531353135313531233e+00,7.573365124942293969e-02,2.706599479052986959e-06
3.532853285328532600e+00,7.573134607848501509e-02,2.677070598188462741e-06
3.534353435343533967e+00,7.572904101862477921e-02,2.648013557219976830e-06
3.535853585358535778e+00,7.572673606956265013e-02,2.619424446487145397e-06
3.537353735373537145e+00,7.572443123101307849e-02,2.591299270584156453e-06
3.538853885388538512e+00,7.572212650268454748e-02,2.563633948359714791e-06
3.540354035403540323e+00,7.571982188427957283e-02,2.536424312917075023e-06
3.541854185418541690e+00,7.571751737549473060e-02,2.509666111614052591e-06
3.543354335433543056e+00,7.571521297602058775e-02,2.483355006062987342e-06
3.544854485448544423e+00,7.571290868554178544e-02,2.457486572130772328e-06
3.546354635463546234e+00,7.571060450373696959e-02,2.432056299938829246e-06
3.547854785478547601e+00,7.570830043027883260e-02,2.407059593863155864e-06
3.549354935493548968e+00,7.570599646483411327e-02,2.382491772534264195e-06
3.550855085508550779e+00,7.570369260706358294e-02,2.358348068837216071e-06
3.552355235523552146e+00,7.570138885662201778e-02,2.334623629911630762e-06
3.553855385538553513e+00,7.569908521315826810e-02,2.311313517151658723e-06
3.555355535553555324e+00,7.569678167631518906e-02,2.288412706205990906e-06
3.556855685568556691e+00,7.569447824572969608e-02,2.265916086977879096e-06
3.558355835583558058e+00,7.569217492103272327e-02,2.243818463625105412e-06
3.559855985598559425e+00,7.568987170184922342e-02,2.222114554559995861e-06
3.561356135613561236e+00,7.568756858779823737e-02,2.200798992449419492e-06
3.562856285628562603e+00,7.568526557849276915e-02,2.179866324214803641e-06
3.564356435643563970e+00,7.568296267353992468e-02,2.159311011032105135e-06
3.565856585658565781e+00,7.568065987254080085e-02,2.139127428331820451e-06
3.567356735673567147e+00,7.567835717509054094e-02,2.119309865799009438e-06
3.568856885688568514e+00,7.567605458077833469e-02,2.099852527373262281e-06
3.570357035703570325e+00,7.567375208918739049e-02,2.080749531248706277e-06
3.571857185718571692e+00,7.567144969989494929e-02,2.061994909874033787e-06
3.573357335733573059e+00,7.566914741247231235e-02,2.043582609952461577e-06
3.574857485748574426e+00,7.566684522648479960e-02,2.025506492441759621e-06
3.576357635763576237e+00,7.566454314149174964e-02,2.007760332554232464e-06
3.577857785778577604e+00,7.566224115704656139e-02,1.990337819756748867e-06
3.579357935793578971e+00,7.565993927269666630e-02,1.973232557770699456e-06
3.580858085808580782e+00,7.565763748798350063e-02,1.956438064572025522e-06
3.582358235823582149e+00,7.565533580244256096e-02,1.939947772391221564e-06
3.583858385838583516e+00,7.565303421560339026e-02,1.923755027713314108e-06
3.585358535853585327e+00,7.565073272698955020e-02,1.907853091277872722e-06
3.586858685868586694e+00,7.564843133611862114e-02,1.892235138079029498e-06
3.588358835883588061e+00,7.564613004250225758e-02,1.876894257365437546e-06
3.589858985898589427e+00,7.564382884564610499e-02,1.861823452640304028e-06
3.591359135913591238e+00,7.564152774504986909e-02,1.847015641661375761e-06
3.592859285928592605e+00,7.563922674020728820e-02,1.832463656440956154e-06
3.594359435943593972e+00,7.563692583060613317e-02,1.818160243245877258e-06
3.595859585958595783e+00,7.563462501572822128e-02,1.804098062597520095e-06
3.597359735973597150e+00,7.563232429504937460e-02,1.790269689271814659e-06
3.598859885988598517e+00,7.563002366803947552e-02,1.776667612299228054e-06
3.600360036003600328e+00,7.562772313416242509e-02,1.763284234964767884e-06
3.601860186018601695e+00,7.562542269287618468e-02,1.750111874808002583e-06
3.603360336033603062e+00,7.562312234363273433e-02,1.737142763623029228e-06
3.604860486048604429e+00,7.562082208587805887e-02,1.724369047458490476e-06
3.606360636063606240e+00,7.561852191905224507e-02,1.711782786617570333e-06
3.607860786078607607e+00,7.561622184258934287e-02,1.699375955658011939e-06
3.609360936093608974e+00,7.561392185591749027e-02,1.687140443392087922e-06
3.610861086108610785e+00,7.561162195845883005e-02,1.675068052886616496e-06
3.612361236123612152e+00,7.560932214962956532e-02,1.663150501462964840e-06
3.613861386138613518e+00,7.560702242883989010e-02,1.651379420697039792e-06
3.615361536153615329e+00,7.560472279549408647e-02,1.639746356419289533e-06
3.616861686168616696e+00,7.560242324899044131e-02,1.628242768714717993e-06
3.618361836183618063e+00,7.560012378872128791e-02,1.616860031922861977e-06
3.619861986198619430e+00,7.559782441407296438e-02,1.605589434637804723e-06
3.621362136213621241e+00,7.559552512442588301e-02,1.594422179708166577e-06
3.622862286228622608e+00,7.559322591915446088e-02,1.583349384237129563e-06
3.624362436243623975e+00,7.559092679762718925e-02,1.572362079582405194e-06
3.625862586258625786e+00,7.558862775920653643e-02,1.561451211356249718e-06
3.627362736273627153e+00,7.558632880324907266e-02,1.550607639425470047e-06
3.628862886288628520e+00,7.558402992910533136e-02,1.539822137911410207e-06
3.630363036303630331e+00,7.558173113611993399e-02,1.529085395189960652e-06
3.631863186318631698e+00,7.557943242363153458e-02,1.518388013891559112e-06
3.633363336333633065e+00,7.557713379097277806e-02,1.507720510901183818e-06
3.634863486348634432e+00,7.557483523747039744e-02,1.497073317358354348e-06
3.636363636363636243e+00,7.557253676244511664e-02,1.486436778657134169e-06
3.637863786378637609e+00,7.557023836521171989e-02,1.475801154446139953e-06
3.639363936393638976e+00,7.556794004507902396e-02,1.465156618628522944e-06
3.640864086408640787e+00,7.556564180134987818e-02,1.454493259361977425e-06
3.642364236423642154e+00,7.556334363332115056e-02,1.443801079058750888e-06
3.643864386438643521e+00,7.556104554028378328e-02,1.433069994385624546e-06
3.645364536453645332e+00,7.555874752152270946e-02,1.422289836263926043e-06
3.646864686468646699e+00,7.555644957631690861e-02,1.411450349869533688e-06
3.648364836483648066e+00,7.555415170393942059e-02,1.400541194632863747e-06
3.649864986498649433e+00,7.555185390365729003e-02,1.389551944238874683e-06
3.651365136513651244e+00,7.554955617473160800e-02,1.378472086627069692e-06
3.652865286528652611e+00,7.554725851641751200e-02,1.367291023991501790e-06
3.654365436543653978e+00,7.554496092796414430e-02,1.355998072780760256e-06
3.655865586558655789e+00,7.554266340861470752e-02,1.344582463697981646e-06
3.657365736573657156e+00,7.554036595760642292e-02,1.333033341700850640e-06
3.658865886588658523e+00,7.553806857417057208e-02,1.321339766001586489e-06
3.660366036603660334e+00,7.553577125753245525e-02,1.309490710066954027e-06
3.661866186618661700e+00,7.553347400691137747e-02,1.297475061618272985e-06
3.663366336633663067e+00,7.553117682152073187e-02,1.285281622631395127e-06
3.664866486648664434e+00,7.552887970056791633e-02,1.272899109336720339e-06
3.666366636663666245e+00,7.552658264325437520e-02,1.260316152219189855e-06
3.667866786678667612e+00,7.552428564877555761e-02,1.247521296018294727e-06
3.669366936693668979e+00,7.552198871632100075e-02,1.234502999728063963e-06
3.670867086708670790e+00,7.551969184897344700e-02,1.221305167181029430e-06
3.672367236723672157e+00,7.551739505829711818e-02,1.208092533420786742e-06
3.673867386738673524e+00,7.551509834531243415e-02,1.194879720860699301e-06
3.675367536753675335e+00,7.551280171023019849e-02,1.181669822417870849e-06
3.676867686768676702e+00,7.551050515325863355e-02,1.168465894696077344e-06
3.678367836783678069e+00,7.550820867460351915e-02,1.155270957985742188e-06
3.679867986798679436e+00,7.550591227446805387e-02,1.142087996263952951e-06
3.681368136813681247e+00,7.550361595305296603e-02,1.128919957194452695e-06
3.682868286828682614e+00,7.550131971055641655e-02,1.115769752127656486e-06
3.684368436843683980e+00,7.549902354717411002e-02,1.102640256100626834e-06
3.685868586858685791e+00,7.549672746309918359e-02,1.089534307837086394e-06
3.687368736873687158e+00,7.549443145852227643e-02,1.076454709747429618e-06
3.688868886888688525e+00,7.549213553363151585e-02,1.063404227928698398e-06
3.690369036903690336e+00,7.548983968861247562e-02,1.050385592164594776e-06
3.691869186918691703e+00,7.548754392364827315e-02,1.037401495925492374e-06
3.693369336933693070e+00,7.548524823891945845e-02,1.024454596368412680e-06
3.694869486948694437e+00,7.548295263460406967e-02,1.011547514337041143e-06
3.696369636963696248e+00,7.548065711087764695e-02,9.986828343617187001e-07
3.697869786978697615e+00,7.547836166791321855e-02,9.858631046594580818e-07
3.699369936993698982e+00,7.547606630588124532e-02,9.730908371339203087e-07
3.700870087008700793e+00,7.547377102494973178e-02,9.603685073754257017e-07
3.702370237023702160e+00,7.547147582528412890e-02,9.476985546609660584e-07
3.703870387038703527e+00,7.546918070704736192e-02,9.350833819541818890e-07
3.705370537053705338e+00,7.546688567039988582e-02,9.225253559053730044e-07
3.706870687068706705e+00,7.546459071549958819e-02,9.100268068515107979e-07
3.708370837083708071e+00,7.546229584250184474e-02,8.975900288162147403e-07
3.709870987098709438e+00,7.546000105155956095e-02,8.852172795097680498e-07
3.711371137113711249e+00,7.545770634282306100e-02,8.729107803291100688e-07
3.712871287128712616e+00,7.545541171644018497e-02,8.606727163578508754e-07
3.714371437143713983e+00,7.545311717255624717e-02,8.485052363662493661e-07
3.715871587158715794e+00,7.545082271131406393e-02,8.364104528112242672e-07
3.717371737173717161e+00,7.544852833285389804e-02,8.243904418363652527e-07
3.718871887188718528e+00,7.544623403731352818e-02,8.124472432719101794e-07
3.720372037203720339e+00,7.544393982482819339e-02,8.005828606347576874e-07
3.721872187218721706e+00,7.544164569553062083e-02,7.887992611284759873e-07
3.723372337233723073e+00,7.543935164955102579e-02,7.770983756432832730e-07
3.724872487248724440e+00,7.543705768701709780e-02,7.654820987560603215e-07
3.726372637263726251e+00,7.543476380805401449e-02,7.539522887303446689e-07
3.727872787278727618e+00,7.543247001278442776e-02,7.425107675163438459e-07
3.729372937293728985e+00,7.543017630132849149e-02,7.311593207509150486e-07
3.730873087308730796e+00,7.542788267380380607e-02,7.198996977575750915e-07
3.732373237323732162e+00,7.542558913032550161e-02,7.087336115465109950e-07
3.733873387338733529e+00,7.542329567100615473e-02,6.976627388145588101e-07
3.735373537353735340e+00,7.542100229595583016e-02,6.866887199452151586e-07
3.736873687368736707e+00,7.541870900528208077e-02,6.758131590086462334e-07
3.738373837383738074e+00,7.541641579908993365e-02,6.650376237616676811e-07
3.739873987398739441e+00,7.541412267748191789e-02,6.543636456477586840e-07
3.741374137413741252e+00,7.541182964055802296e-02,6.437927197970548662e-07
3.742874287428742619e+00,7.540953668841572644e-02,6.333263050263611053e-07
3.744374437443743986e+00,7.540724382115000790e-02,6.229658238391325794e-07
3.745874587458745797e+00,7.540495103885329342e-02,6.127126624254847203e-07
3.747374737473747164e+00,7.540265834161551106e-02,6.025681706622013659e-07
3.748874887488748531e+00,7.540036572952409089e-02,5.925336621127172901e-07
3.750375037503750342e+00,7.539807320266389556e-02,5.826104140271270971e-07
3.751875187518751709e+00,7.539578076111731753e-02,5.727996673421942204e-07
3.753375337533753076e+00,7.539348840496420956e-02,5.631026266813326065e-07
3.754875487548754442e+00,7.539119613428191258e-02,5.535204603546192078e-07
3.756375637563756253e+00,7.538890394914524173e-02,5.440543003587881602e-07
3.757875787578757620e+00,7.538661184962650030e-02,5.347052423772412641e-07
3.759375937593758987e+00,7.538431983579547968e-02,5.254743457800324211e-07
3.760876087608760798e+00,7.538202790771944550e-02,5.163626336238749391e-07
3.762376237623762165e+00,7.537973606546313765e-02,5.073710926521498968e-07
3.763876387638763532e+00,7.537744430908881188e-02,4.985006732948905797e-07
3.765376537653765343e+00,7.537515263865615656e-02,4.897522896687894680e-07
3.766876687668766710e+00,7.537286105422237592e-02,4.811268195772073422e-07
3.768376837683768077e+00,7.537056955584214846e-02,4.726251045101567659e-07
3.769876987698769444e+00,7.536827814356764077e-02,4.642479496443122503e-07
3.771377137713771255e+00,7.536598681744849371e-02,4.559961238430064423e-07
3.772877287728772622e+00,7.536369557753183623e-02,4.478703596562381719e-07
3.774377437743773989e+00,7.536140442386228544e-02,4.398713533206593225e-07
3.775877587758775800e+00,7.535911335648190490e-02,4.319997647595819253e-07
3.777377737773777167e+00,7.535682237543027406e-02,4.242562175829842998e-07
3.778877887788778533e+00,7.535453148074447438e-02,4.166412990874973961e-07
3.780378037803780344e+00,7.535224067245900603e-02,4.091555602564127350e-07
3.781878187818781711e+00,7.534994995060591283e-02,4.017995157596882321e-07
3.783378337833783078e+00,7.534765931521468507e-02,3.945736439539339037e-07
3.784878487848784445e+00,7.534536876631231506e-02,3.874783868824230901e-07
3.786378637863786256e+00,7.534307830392326932e-02,3.805141502750858908e-07
3.787878787878787623e+00,7.534078792806948865e-02,3.736813035485192237e-07
3.789378937893788990e+00,7.533849763877040195e-02,3.669801798059728485e-07
3.790879087908790801e+00,7.533620743604292624e-02,3.604110758373567782e-07
3.792379237923792168e+00,7.533391731990146667e-02,3.539742521192465735e-07
3.793879387938793535e+00,7.533162729035787486e-02,3.476699328148723310e-07
3.795379537953795346e+00,7.532933734742153220e-02,3.414983057741230243e-07
3.796879687968796713e+00,7.532704749109928044e-02,3.354595225335532804e-07
3.798379837983798080e+00,7.532475772139543557e-02,3.295536983163724741e-07
3.799879987998799447e+00,7.532246803831180171e-02,3.237809120324512924e-07
3.801380138013801258e+00,7.532017844184768496e-02,3.181412062783183465e-07
3.802880288028802624e+00,7.531788893199983792e-02,3.126345873371674773e-07
3.804380438043803991e+00,7.531559950876251519e-02,3.072610251788470618e-07
3.805880588058805802e+00,7.531331017212745949e-02,3.020204534598652012e-07
3.807380738073807169e+00,7.531102092208388776e-02,2.969127695233945909e-07
3.808880888088808536e+00,7.530873175861850510e-02,2.919378343992635215e-07
3.810381038103810347e+00,7.530644268171547695e-02,2.870954728039592663e-07
3.811881188118811714e+00,7.530415369135647075e-02,2.823854731406342226e-07
3.813381338133813081e+00,7.530186478752065593e-02,2.778075874990955353e-07
3.814881488148814448e+00,7.529957597018463455e-02,2.733615316558115560e-07
3.816381638163816259e+00,7.529728723932253842e-02,2.690469850739097248e-07
3.817881788178817626e+00,7.529499859490595970e-02,2.648635909031802767e-07
3.819381938193818993e+00,7.529271003690395092e-02,2.608109559800710530e-07
3.820882088208820804e+00,7.529042156528309437e-02,2.568886508276872897e-07
3.822382238223822171e+00,7.528813318000741883e-02,2.530962096557996645e-07
3.823882388238823538e+00,7.528584488103845507e-02,2.494331303608345558e-07
3.825382538253825349e+00,7.528355666833520810e-02,2.458988745258772190e-07
3.826882688268826715e+00,7.528126854185415717e-02,2.424928674206772922e-07
3.828382838283828082e+00,7.527898050154926968e-02,2.392144980016403261e-07
3.829882988298829449e+00,7.527669254737200111e-02,2.360631189118326540e-07
3.831383138313831260e+00,7.527440467927129508e-02,2.330380464809805454e-07
3.832883288328832627e+00,7.527211689719355558e-02,2.301385607254699937e-07
3.834383438343833994e+00,7.526982920108270247e-02,2.273639053483481988e-07
3.835883588358835805e+00,7.526754159088007434e-02,2.247132877393182728e-07
3.837383738373837172e+00,7.526525406652458117e-02,2.221858789747485578e-07
3.838883888388838539e+00,7.526296662795253778e-02,2.197808138176630967e-07
3.840384038403840350e+00,7.526067927509778877e-02,2.174971907177460796e-07
3.841884188418841717e+00,7.525839200789162520e-02,2.153340718113437506e-07
3.843384338433843084e+00,7.525610482626285402e-02,2.132904829214597480e-07
3.844884488448844451e+00,7.525381773013775644e-02,2.113654135577593403e-07
3.846384638463846262e+00,7.525153071944006011e-02,2.095578169165656143e-07
3.847884788478847629e+00,7.524924379409103636e-02,2.078666098808637101e-07
3.849384938493848995e+00,7.524695695400938911e-02,2.062906730202970095e-07
3.850885088508850806e+00,7.524467019911132426e-02,2.048288505911688305e-07
3.852385238523852173e+00,7.524238352931053586e-02,2.034799505364426384e-07
3.853885388538853540e+00,7.524009694451817831e-02,2.022427444857422578e-07
3.855385538553854907e+00,7.523781044464292189e-02,2.011159677553501789e-07
3.856885688568856718e+00,7.523552402959086949e-02,2.000983193482086159e-07
3.858385838583858085e+00,7.523323769926565374e-02,1.991884619539212009e-07
3.859885988598859452e+00,7.523095145356838154e-02,1.983850219487493845e-07
3.861386138613861263e+00,7.522866529239760625e-02,1.976865893956154002e-07
3.862886288628862630e+00,7.522637921564942487e-02,1.970917180441022643e-07
3.864386438643863997e+00,7.522409322321733927e-02,1.965989253304501761e-07
3.865886588658865808e+00,7.522180731499240880e-02,1.962066923775616001e-07
3.867386738673867175e+00,7.521952149086312545e-02,1.959134639949976660e-07
3.868886888688868542e+00,7.521723575071549706e-02,1.957176486789792279e-07
3.870387038703869909e+00,7.521495009443296409e-02,1.956176186123874988e-07
3.871887188718871720e+00,7.521266452189652452e-02,1.956117096647627809e-07
3.873387338733873086e+00,7.521037903298458116e-02,1.956982213923053121e-07
3.874887488748874453e+00,7.520809362757306660e-02,1.958754170378763249e-07
3.876387638763876264e+00,7.520580830553537377e-02,1.961415235309952937e-07
3.877887788778877631e+00,7.520352306674239762e-02,1.964947314878420521e-07
3.879387938793878998e+00,7.520123791106250732e-02,1.969331952112557344e-07
3.880888088808880809e+00,7.519895283836154631e-02,1.974550326907371049e-07
3.882388238823882176e+00,7.519666784850286001e-02,1.980583256024438988e-07
3.883888388838883543e+00,7.519438294134722645e-02,1.987411193091959051e-07
3.885388538853884910e+00,7.519209811675296729e-02,1.995014228604722132e-07
3.886888688868886721e+00,7.518981337457586456e-02,2.003372089924105778e-07
3.888388838883888088e+00,7.518752871466916066e-02,2.012464141278099600e-07
3.889888988898889455e+00,7.518524413688361385e-02,2.022269383761284097e-07
3.891389138913891266e+00,7.518295964106744278e-02,2.032766455334837010e-07
3.892889288928892633e+00,7.518067522706634032e-02,2.043933630826537554e-07
3.894389438943894000e+00,7.517839089472352909e-02,2.055748821930762187e-07
3.895889588958895811e+00,7.517610664387965047e-02,2.068189577208482489e-07
3.897389738973897177e+00,7.517382247437286169e-02,2.081233082087271517e-07
3.898889888988898544e+00,7.517153838603880811e-02,2.094856158861297451e-07
3.900390039003899911e+00,7.516925437871060933e-02,2.109035266691323593e-07
3.901890189018901722e+00,7.516697045221885920e-02,2.123746501604725311e-07
3.903390339033903089e+00,7.516468660639163968e-02,2.138965596495456154e-07
3.904890489048904456e+00,7.516240284105452085e-02,2.154667921124075384e-07
3.906390639063906267e+00,7.516011915603056093e-02,2.170828482117754325e-07
3.907890789078907634e+00,7.515783555114026460e-02,2.187421922970234015e-07
3.909390939093909001e+00,7.515555202620165243e-02,2.204422524041880260e-07
3.910891089108910812e+00,7.515326858103023311e-02,2.221804202559647638e-07
3.912391239123912179e+00,7.515098521543896182e-02,2.239540512617073143e-07
3.913891389138913546e+00,7.514870192923830960e-02,2.257604645174310071e-07
3.915391539153914913e+00,7.514641872223622177e-02,2.275969428058113191e-07
3.916891689168916724e+00,7.514413559423811784e-02,2.294607325961823926e-07
3.918391839183918091e+00,7.514185254504689160e-02,2.313490440445376707e-07
3.919891989198919457e+00,7.513956957446293883e-02,2.332590509935320142e-07
3.921392139213921268e+00,7.513728668228412955e-02,2.351878909724789497e-07
3.922892289228922635e+00,7.513500386830582189e-02,2.371326651973513039e-07
3.924392439243924002e+00,7.513272113232084826e-02,2.390904385707828985e-07
3.925892589258925813e+00,7.513043847411951526e-02,2.410582396820685497e-07
3.927392739273927180e+00,7.512815589348963152e-02,2.430330608071585626e-07
3.928892889288928547e+00,7.512587339021647992e-02,2.450118579086669899e-07
3.930393039303929914e+00,7.512359096408281756e-02,2.469915506358663377e-07
3.931893189318931725e+00,7.512130861486888966e-02,2.489690223246896833e-07
3.933393339333933092e+00,7.511902634235242959e-02,2.509411199977272870e-07
3.934893489348934459e+00,7.511674414630864494e-02,2.529046543642323095e-07
3.936393639363936270e+00,7.511446202651023141e-02,2.548563998201172121e-07
3.937893789378937637e+00,7.511217998272735896e-02,2.567930944479516392e-07
3.939393939393939004e+00,7.510989801472769956e-02,2.587114400169683473e-07
3.940894089408940815e+00,7.510761612227635775e-02,2.606081019830579111e-07
3.942394239423942182e+00,7.510533430513599562e-02,2.624797094887706297e-07
3.943894389438943548e+00,7.510305256306669397e-02,2.643228553633177964e-07
3.945394539453944915e+00,7.510077089582604948e-02,2.661340961225695819e-07
3.946894689468946726e+00,7.509848930316911919e-02,2.679099519690573631e-07
3.948394839483948093e+00,7.509620778484846215e-02,2.696469067919697000e-07
3.949894989498949460e+00,7.509392634061411165e-02,2.713414081671572061e-07
3.951395139513951271e+00,7.509164497021358908e-02,2.729898673571289481e-07
3.952895289528952638e+00,7.508936367339187623e-02,2.745886593110551996e-07
3.954395439543954005e+00,7.508708244989145686e-02,2.761341226647634168e-07
3.955895589558955816e+00,7.508480129945230286e-02,2.776225597407451211e-07
3.957395739573957183e+00,7.508252022181184648e-02,2.790502365481480642e-07
3.958895889588958550e+00,7.508023921670502199e-02,2.804133827827791921e-07
3.960396039603959917e+00,7.507795828386425174e-02,2.817081918271087753e-07
3.961896189618961728e+00,7.507567742301939073e-02,2.829308207502650079e-07
3.963396339633963095e+00,7.507339663389785145e-02,2.840773903080349614e-07
3.964896489648964462e+00,7.507111591622446511e-02,2.851439849428661726e-07
3.966396639663966273e+00,7.506883526972156495e-02,2.861266527838672784e-07
3.967896789678967640e+00,7.506655469410900006e-02,2.870214056468048403e-07
3.969396939693969006e+00,7.506427418910405214e-02,2.878242190341060966e-07
3.970897089708970817e+00,7.506199375442150490e-02,2.885310321348584332e-07
3.972397239723972184e+00,7.505971338977363017e-02,2.891377478248076896e-07
3.973897389738973551e+00,7.505743309487018788e-02,2.896402326663608057e-07
3.975397539753974918e+00,7.505515286941838449e-02,2.900343169085845516e-07
3.976897689768976729e+00,7.505287271312295616e-02,2.903157944872043624e-07
3.978397839783978096e+00,7.505059262568608558e-02,2.904804230246065622e-07
3.979897989798979463e+00,7.504831260680745741e-02,2.905239238298358226e-07
3.981398139813981274e+00,7.504603265618423058e-02,2.904419818985991864e-07
3.982898289828982641e+00,7.504375277351105211e-02,2.902302459132604558e-07
3.984398439843984008e+00,7.504147295848004329e-02,2.898843282428450629e-07
3.985898589858985819e+00,7.503919321078081350e-02,2.893998049430389051e-07
3.987398739873987186e+00,7.503691353010046028e-02,2.887722157561851687e-07
3.988898889888988553e+00,7.503463391612352762e-02,2.879970641112882462e-07
3.990399039903989920e+00,7.503235436853210316e-02,2.870698171240138426e-07
3.991899189918991731e+00,7.503007488700570715e-02,2.859859055966845281e-07
3.993399339933993097e+00,7.502779547122134796e-02,2.847407240182847148e-07
3.994899489948994464e+00,7.502551612085354982e-02,2.833296305644572680e-07
3.996399639963996275e+00,7.502323683557428347e-02,2.817479470975068949e-07
3.997899789978997642e+00,7.502095761505300775e-02,2.799909591663960151e-07
3.999399939993999009e+00,7.501867845895668352e-02,2.780539160067470898e-07
4.000900090009000820e+00,7.501639936694974586e-02,2.759320305408427279e-07
4.002400240024002187e+00,7.501412033869407636e-02,2.736204793776274858e-07
4.003900390039003554e+00,7.501184137384911410e-02,2.711144028127009854e-07
4.005400540054004921e+00,7.500956247207168914e-02,2.684089048283272312e-07
4.006900690069006288e+00,7.500728363450745451e-02,2.655203141812306256e-07
4.008400840084008543e+00,7.500500486720157456e-02,2.625348549490140609e-07
4.009900990099009910e+00,7.500272617098141525e-02,2.594644137089321024e-07
4.011401140114011277e+00,7.500044754601364883e-02,2.563114592367878970e-07
4.012901290129012644e+00,7.499816899246360136e-02,2.530784412933683754e-07
4.014401440144014011e+00,7.499589051049530830e-02,2.497677906244421346e-07
4.015901590159015377e+00,7.499361210027148672e-02,2.463819189607598086e-07
4.017401740174016744e+00,7.499133376195356304e-02,2.429232190180537507e-07
4.018901890189018999e+00,7.498905549570164530e-02,2.393940644970360218e-07
4.020402040204020366e+00,7.498677730167452316e-02,2.357968100834069664e-07
4.021902190219021733e+00,7.498449918002970949e-02,2.321337914478424018e-07
4.023402340234023100e+00,7.498222113092338492e-02,2.284073252460021670e-07
4.024902490249024467e+00,7.497994315451042557e-02,2.246197091185278470e-07
4.026402640264025834e+00,7.497766525094440304e-02,2.207732216910429051e-07
4.027902790279027201e+00,7.497538742037757054e-02,2.168701225741527351e-07
4.029402940294029456e+00,7.497310966296089063e-02,2.129126523634420949e-07
4.030903090309030823e+00,7.497083197884400751e-02,2.089030326394847403e-07
4.032403240324032190e+00,7.496855436817526086e-02,2.048434659678291854e-07
4.033903390339033557e+00,7.496627683110167195e-02,2.007361358990082041e-07
4.035403540354034924e+00,7.496399936776898532e-02,1.965832069685363166e-07
4.036903690369036291e+00,7.496172197832159934e-02,1.923868246969099737e-07
4.038403840384038546e+00,7.495944466290263564e-02,1.881491155896049370e-07
4.039903990399039913e+00,7.495716742165386970e-02,1.838721871370863106e-07
4.041404140414041279e+00,7.495489025471581412e-02,1.795581278147936123e-07
4.042904290429042646e+00,7.495261316222764925e-02,1.752090070831506202e-07
4.044404440444044013e+00,7.495033614432725089e-02,1.708268753875630963e-07
4.045904590459045380e+00,7.494805920115119036e-02,1.664137641584184161e-07
4.047404740474046747e+00,7.494578233283470670e-02,1.619716858110860187e-07
4.048904890489049002e+00,7.494350553951177607e-02,1.575026337459145210e-07
4.050405040504050369e+00,7.494122882131504237e-02,1.530085823482421739e-07
4.051905190519051736e+00,7.493895217837583111e-02,1.484914869883813242e-07
4.053405340534053103e+00,7.493667561082416328e-02,1.439532840216287116e-07
4.054905490549054470e+00,7.493439911878878312e-02,1.393958907882629800e-07
4.056405640564055837e+00,7.493212270239710260e-02,1.348212056135445459e-07
4.057905790579057204e+00,7.492984636177520141e-02,1.302311078077157302e-07
4.059405940594059459e+00,7.492757009704789639e-02,1.256274576659979262e-07
4.060906090609060826e+00,7.492529390833868597e-02,1.210120964686027167e-07
4.062406240624062193e+00,7.492301779576973630e-02,1.163868464807150922e-07
4.063906390639063559e+00,7.492074175946192294e-02,1.117535109525048334e-07
4.065406540654064926e+00,7.491846579953480301e-02,1.071138741191235192e-07
4.066906690669066293e+00,7.491618991610665690e-02,1.024697012007044744e-07
4.068406840684068548e+00,7.491391410929443273e-02,9.782273840236033459e-08
4.069906990699069915e+00,7.491163837921376023e-02,9.317471291419352762e-08
4.071407140714071282e+00,7.490936272597897849e-02,8.852733291128039216e-08
4.072907290729072649e+00,7.490708714970310822e-02,8.388228755368168610e-08
4.074407440744074016e+00,7.490481165049787948e-02,7.924124698643996598e-08
4.075907590759075383e+00,7.490253622847370396e-02,7.460586233957993117e-08
4.077407740774076750e+00,7.490026088373968882e-02,6.997776572810773562e-08
4.078907890789079005e+00,7.489798561640360897e-02,6.535857025200897617e-08
4.080408040804080372e+00,7.489571042657196254e-02,6.074986999625901574e-08
4.081908190819081739e+00,7.489343531434994317e-02,5.615324003080723386e-08
4.083408340834083106e+00,7.489116027984141222e-02,5.157023641058724394e-08
4.084908490849084473e+00,7.488888532314892654e-02,4.700239617551451106e-08
4.086408640864085839e+00,7.488661044437375236e-02,4.245123735048674895e-08
4.087908790879087206e+00,7.488433564361582362e-02,3.791825894538309947e-08
4.089408940894089461e+00,7.488206092097381139e-02,3.340494095506204149e-08
4.090909090909090828e+00,7.487978627654501285e-02,2.891274435937192586e-08
4.092409240924092195e+00,7.487751171042549003e-02,2.444311112313480235e-08
4.093909390939093562e+00,7.487523722270993110e-02,1.999746419615756348e-08
4.095409540954094929e+00,7.487296281349174742e-02,1.557720751322866221e-08
4.096909690969096296e+00,7.487068848286305978e-02,1.118372599411829728e-08
4.098409840984098551e+00,7.486841423091464276e-02,6.818385543576427927e-09
4.099909990999099918e+00,7.486614005773598035e-02,2.482533051342038348e-09
4.101410141014101285e+00,7.486386596341526589e-02,-1.822503607871208938e-09
4.102910291029102652e+00,7.486159194803937433e-02,-6.095415574365867486e-09
4.104410441044104019e+00,7.485931801169384836e-02,-1.033491300346208335e-08
4.105910591059105386e+00,7.485704415446294002e-02,-1.453972506549854800e-08
4.107410741074106753e+00,7.485477037642962461e-02,-1.870859994583175716e-08
4.108910891089109008e+00,7.485249667767550352e-02,-2.284030484483918718e-08
4.110411041104110375e+00,7.485022305828094302e-02,-2.693362597790870715e-08
4.111911191119111741e+00,7.484794951832494936e-02,-3.098736857545393133e-08
4.113411341134113108e+00,7.484567605788522426e-02,-3.500035688290426655e-08
4.114911491149114475e+00,7.484340267703820659e-02,-3.897143416070708271e-08
4.116411641164115842e+00,7.484112937585896130e-02,-4.289946268432792455e-08
4.117911791179117209e+00,7.483885615442130435e-02,-4.678332374425040577e-08
4.119411941194119464e+00,7.483658301279771941e-02,-5.062191764597890893e-08
4.120912091209120831e+00,7.483430995105937178e-02,-5.441416371002884460e-08
4.122412241224122198e+00,7.483203696927612225e-02,-5.815900027194046855e-08
4.123912391239123565e+00,7.482976406751655485e-02,-6.185538468227041147e-08
4.125412541254124932e+00,7.482749124584790745e-02,-6.550229330659300240e-08
4.126912691269126299e+00,7.482521850433611343e-02,-6.909872152550079817e-08
4.128412841284128554e+00,7.482294584304584328e-02,-7.264368373460701861e-08
4.129912991299129921e+00,7.482067326204039359e-02,-7.613621334453591153e-08
4.131413141314131288e+00,7.481840076138179807e-02,-7.957536278093699349e-08
4.132913291329132655e+00,7.481612834113077204e-02,-8.296020348447546772e-08
4.134413441344134021e+00,7.481385600134671243e-02,-8.628982591083465934e-08
4.135913591359135388e+00,7.481158374208772555e-02,-8.956333953071622713e-08
4.137413741374136755e+00,7.480931156341059929e-02,-9.277987282983963413e-08
4.138913891389139010e+00,7.480703946537080318e-02,-9.593857330894479462e-08
4.140414041404140377e+00,7.480476744802252997e-02,-9.903860748378376260e-08
4.141914191419141744e+00,7.480249551141864017e-02,-1.020791608851329608e-07
4.143414341434143111e+00,7.480022365561068975e-02,-1.050594380587841282e-07
4.144914491449144478e+00,7.479795188064893019e-02,-1.079786625655480783e-07
4.146414641464145845e+00,7.479568018658229456e-02,-1.108360769812533233e-07
4.147914791479147212e+00,7.479340857345843918e-02,-1.136309428967465500e-07
4.149414941494149467e+00,7.479113704132367424e-02,-1.163625409178945259e-07
4.150915091509150834e+00,7.478886559022301928e-02,-1.190301706655767408e-07
4.152415241524152201e+00,7.478659422020018932e-02,-1.216331507756960999e-07
4.153915391539153568e+00,7.478432293129758102e-02,-1.241708188991721485e-07
4.155415541554154935e+00,7.478205172355630037e-02,-1.266425317019420769e-07
4.156915691569156301e+00,7.477978059701613500e-02,-1.290476648649616741e-07
4.158415841584158557e+00,7.477750955171555414e-02,-1.313856130842063330e-07
4.159915991599159923e+00,7.477523858769175025e-02,-1.336557900706649628e-07
4.161416141614161290e+00,7.477296770498055578e-02,-1.358576285503491475e-07
4.162916291629162657e+00,7.477069690361655419e-02,-1.379905802642871635e-07
4.164416441644164024e+00,7.476842618363299664e-02,-1.400541159685254090e-07
4.165916591659165391e+00,7.476615554506180206e-02,-1.420477254341285102e-07
4.167416741674166758e+00,7.476388498793359871e-02,-1.439709174471790563e-07
4.168916891689169013e+00,7.476161451227773813e-02,-1.458232198087790817e-07
4.170417041704170380e+00,7.475934411812222569e-02,-1.476041793350453549e-07
4.171917191719171747e+00,7.475707380549377612e-02,-1.493133618571162071e-07
4.173417341734173114e+00,7.475480357441778578e-02,-1.509503522211469797e-07
4.174917491749174481e+00,7.475253342491833264e-02,-1.525147542883109244e-07
4.176417641764175848e+00,7.475026335701823177e-02,-1.540061909347999441e-07
4.177917791779177215e+00,7.474799337073893823e-02,-1.554243040518236399e-07
4.179417941794179470e+00,7.474572346610063034e-02,-1.567687545456107409e-07
4.180918091809180837e+00,7.474345364312218187e-02,-1.580392223374057157e-07
4.182418241824182203e+00,7.474118390182112048e-02,-1.592354063634735372e-07
4.183918391839183570e+00,7.473891424221372481e-02,-1.603570245750967705e-07
4.185418541854184937e+00,7.473664466431489961e-02,-1.614038139385758383e-07
4.186918691869186304e+00,7.473437516813830062e-02,-1.623755304352292320e-07
4.188418841884188559e+00,7.473210575369625130e-02,-1.632719490613946237e-07
4.189918991899189926e+00,7.472983642099974289e-02,-1.640928638284256898e-07
4.191419141914191293e+00,7.472756717005851756e-02,-1.648380877626960287e-07
4.192919291929192660e+00,7.472529800088094365e-02,-1.655074529055972547e-07
4.194419441944194027e+00,7.472302891347412657e-02,-1.661008103135386275e-07
4.195919591959195394e+00,7.472075990784383948e-02,-1.666180300579476347e-07
4.197419741974196761e+00,7.471849098399457878e-02,-1.670590012252698856e-07
4.198919891989199016e+00,7.471622214192949474e-02,-1.674236319169696940e-07
4.200420042004200383e+00,7.471395338165046085e-02,-1.677118492495287012e-07
4.201920192019201750e+00,7.471168470315801835e-02,-1.679235993544474119e-07
4.203420342034203117e+00,7.470941610645140396e-02,-1.680588473782437641e-07
4.204920492049204483e+00,7.470714759152859152e-02,-1.681175774824545592e-07
4.206420642064205850e+00,7.470487915838616710e-02,-1.680997928436344026e-07
4.207920792079207217e+00,7.470261080701946776e-02,-1.680055156533558099e-07
4.209420942094209472e+00,7.470034253742251218e-02,-1.678347871182100540e-07
4.210921092109210839e+00,7.469807434958801451e-02,-1.675876674598058942e-07
4.212421242124212206e+00,7.469580624350734277e-02,-1.672642359147710061e-07
4.213921392139213573e+00,7.469353821917060210e-02,-1.668645907347504457e-07
4.215421542154214940e+00,7.469127027656659312e-02,-1.663888491864077617e-07
4.216921692169216307e+00,7.468900241568275644e-02,-1.658371475514247834e-07
4.218421842184218562e+00,7.468673463650528366e-02,-1.652096411265010385e-07
4.219921992199219929e+00,7.468446693901902023e-02,-1.645065042233552356e-07
4.221422142214221296e+00,7.468219932320750709e-02,-1.637279301687228283e-07
4.222922292229222663e+00,7.467993178905302232e-02,-1.628741313043583984e-07
4.224422442244224030e+00,7.467766433653645619e-02,-1.619453389870345436e-07
4.225922592259225397e+00,7.467539696563746388e-02,-1.609418035885413479e-07
4.227422742274226763e+00,7.467312967633436827e-02,-1.598637944956882883e-07
4.228922892289229019e+00,7.467086246860415999e-02,-1.587116001103009516e-07
4.230423042304230385e+00,7.466859534242255292e-02,-1.574855278492260111e-07
4.231923192319231752e+00,7.466632829776394253e-02,-1.561859041443259329e-07
4.233423342334233119e+00,7.466406133460141981e-02,-1.548130744424822577e-07
4.234923492349234486e+00,7.466179445290675731e-02,-1.533674032055942248e-07
4.236423642364235853e+00,7.465952765265043700e-02,-1.518492739105795656e-07
4.237923792379237220e+00,7.465726093380160855e-02,-1.502590890493742926e-07
4.239423942394239475e+00,7.465499429632813100e-02,-1.485972701289307400e-07
4.240924092409240842e+00,7.465272774019657276e-02,-1.468642576712240758e-07
4.242424242424242209e+00,7.465046126537215609e-02,-1.450605112132424543e-07
4.243924392439243576e+00,7.464819487181881263e-02,-1.431865093069950109e-07
4.245424542454244943e+00,7.464592855949916950e-02,-1.412427495195079438e-07
4.246924692469246310e+00,7.464366232837454929e-02,-1.392297484328261026e-07
4.248424842484248565e+00,7.464139617840495622e-02,-1.371480416440114531e-07
4.249924992499249932e+00,7.463913010954910388e-02,-1.349981837651469413e-07
4.251425142514251299e+00,7.463686412176435969e-02,-1.327807484233306181e-07
4.252925292529252665e+00,7.463459821500684210e-02,-1.304963282606798734e-07
4.254425442544254032e+00,7.463233238923129564e-02,-1.281455349343301664e-07
4.255925592559255399e+00,7.463006664439121585e-02,-1.257289991164352898e-07
4.257425742574256766e+00,7.462780098043875210e-02,-1.232473704941665758e-07
4.258925892589259021e+00,7.462553539732476315e-02,-1.207013177697128435e-07
4.260426042604260388e+00,7.462326989499880325e-02,-1.180915286602850569e-07
4.261926192619261755e+00,7.462100447340909437e-02,-1.154187098981081201e-07
4.263426342634263122e+00,7.461873913250258172e-02,-1.126835872304255351e-07
4.264926492649264489e+00,7.461647387222487826e-02,-1.098869054195010439e-07
4.266426642664265856e+00,7.461420869252030630e-02,-1.070294282426149746e-07
4.267926792679267223e+00,7.461194359333185588e-02,-1.041119384920656717e-07
4.269426942694269478e+00,7.460967857460125419e-02,-1.011352379751687015e-07
4.270927092709270845e+00,7.460741363626886835e-02,-9.810014751426256973e-08
4.272427242724272212e+00,7.460514877827380265e-02,-9.500750694669903350e-08
4.273927392739273579e+00,7.460288400055381519e-02,-9.185817512484908359e-08
4.275427542754274945e+00,7.460061930304538735e-02,-8.865302991610283855e-08
4.276927692769276312e+00,7.459835468568366823e-02,-8.539296820286737414e-08
4.278427842784278567e+00,7.459609014840251628e-02,-8.207890588256751742e-08
4.279927992799279934e+00,7.459382569113448547e-02,-7.871177786765039959e-08
4.281428142814281301e+00,7.459156131381079746e-02,-7.529253808557714446e-08
4.282928292829282668e+00,7.458929701636138332e-02,-7.182215947882694479e-08
4.284428442844284035e+00,7.458703279871485570e-02,-6.830163400489865049e-08
4.285928592859285402e+00,7.458476866079855050e-02,-6.473197263630912748e-08
4.287428742874286769e+00,7.458250460253845748e-02,-6.111420536059325770e-08
4.288928892889289024e+00,7.458024062385927577e-02,-5.744938118030203329e-08
4.290429042904290391e+00,7.457797672468441386e-02,-5.373856811301049749e-08
4.291929192919291758e+00,7.457571290493592020e-02,-4.998285319130551566e-08
4.293429342934293125e+00,7.457344916453458039e-02,-4.618334246279472201e-08
4.294929492949294492e+00,7.457118550339987550e-02,-4.234116099010392561e-08
4.296429642964295859e+00,7.456892192144995435e-02,-3.845745285087621037e-08
4.297929792979297225e+00,7.456665841860166122e-02,-3.453338113777415854e-08
4.299429942994299481e+00,7.456439499477054977e-02,-3.057012795847450379e-08
4.300930093009300847e+00,7.456213164987084141e-02,-2.656889443568115435e-08
4.302430243024302214e+00,7.455986838381546689e-02,-2.253090070710708768e-08
4.303930393039303581e+00,7.455760519651605245e-02,-1.845738592548742655e-08
4.305430543054304948e+00,7.455534208788290595e-02,-1.434960825857451566e-08
4.306930693069306315e+00,7.455307905782503075e-02,-1.020884488913940392e-08
4.308430843084308570e+00,7.455081610625012567e-02,-6.036392014967662261e-09
4.309930993099309937e+00,7.454855323306457116e-02,-1.833564848872724382e-09
4.311431143114311304e+00,7.454629043817344314e-02,2.398302381324442031e-09
4.312931293129312671e+00,7.454402772148052692e-02,6.657856432779082862e-09
4.314431443144314038e+00,7.454176508288828940e-02,1.094372504763033381e-08
4.315931593159315405e+00,7.453950252229786522e-02,1.525451695299852044e-08
4.317431743174316772e+00,7.453724003960911226e-02,1.958882186098542295e-08
4.318931893189319027e+00,7.453497763472058391e-02,2.394521046867792891e-08
4.320432043204320394e+00,7.453271530752950125e-02,2.832223445813696896e-08
4.321932193219321761e+00,7.453045305793178088e-02,3.271842649641244574e-08
4.323432343234323127e+00,7.452819088582206264e-02,3.713230023553420770e-08
4.324932493249324494e+00,7.452592879109364021e-02,4.156235031251406082e-08
4.326432643264325861e+00,7.452366677363850278e-02,4.600705234934439214e-08
4.327932793279327228e+00,7.452140483334737664e-02,5.046486295300102854e-08
4.329432943294329483e+00,7.451914297010962807e-02,5.493421971544315729e-08
4.330933093309330850e+00,7.451688118381331882e-02,5.941354121360469695e-08
4.332433243324332217e+00,7.451461947434524780e-02,6.390122700940922627e-08
4.333933393339333584e+00,7.451235784159086772e-02,6.839565764975833756e-08
4.335433543354334951e+00,7.451009628543432683e-02,7.289519466653716878e-08
4.336933693369336318e+00,7.450783480575848272e-02,7.739818057661186253e-08
4.338433843384338573e+00,7.450557340244486071e-02,8.190293888183308646e-08
4.339933993399339940e+00,7.450331207537369549e-02,8.640777406902478368e-08
4.341434143414341307e+00,7.450105082442391724e-02,9.091097161000283389e-08
4.342934293429342674e+00,7.449878964947313775e-02,9.541079796155959507e-08
4.344434443444344041e+00,7.449652855039765043e-02,9.990550056547091798e-08
4.345934593459345407e+00,7.449426752707247190e-02,1.043933078484941079e-07
4.347434743474346774e+00,7.449200657937128656e-02,1.088724292223689307e-07
4.348934893489349029e+00,7.448974570716648813e-02,1.133410550838181154e-07
4.350435043504350396e+00,7.448748491032913810e-02,1.177973568145397313e-07
4.351935193519351763e+00,7.448522418872900730e-02,1.222394867812215078e-07
4.353435343534353130e+00,7.448296354223456206e-02,1.266655783355286848e-07
4.354935493549354497e+00,7.448070297071295032e-02,1.310737458141113717e-07
4.356435643564355864e+00,7.447844247403001550e-02,1.354620845385980881e-07
4.357935793579357231e+00,7.447618205205029651e-02,1.398286708156027789e-07
4.359435943594359486e+00,7.447392170463702776e-02,1.441715619367209229e-07
4.360936093609360853e+00,7.447166143165212526e-02,1.484887961785232595e-07
4.362436243624362220e+00,7.446940123295618663e-02,1.527783928025701356e-07
4.363936393639363587e+00,7.446714110840854661e-02,1.570383520554009702e-07
4.365436543654364954e+00,7.446488105786717993e-02,1.612666551685376428e-07
4.366936693669366321e+00,7.446262108118878453e-02,1.654612643584822169e-07
4.368436843684368576e+00,7.446036117822874001e-02,1.696201228267238752e-07
4.369936993699369943e+00,7.445810134884113529e-02,1.737411547597228523e-07
4.371437143714371309e+00,7.445584159287871318e-02,1.778222653289314254e-07
4.372937293729372676e+00,7.445358191019293970e-02,1.818613406907796203e-07
4.374437443744374043e+00,7.445132230063396250e-02,1.858562479866809294e-07
4.375937593759375410e+00,7.444906276405063861e-02,1.898048353430286054e-07
4.377437743774376777e+00,7.444680330029047888e-02,1.937049318711985996e-07
4.378937893789379032e+00,7.444454390919973130e-02,1.975543476675519711e-07
4.380438043804380399e+00,7.444228459062331160e-02,2.013508738134244832e-07
4.381938193819381766e+00,7.444002534440481711e-02,2.050922823751388601e-07
4.383438343834383133e+00,7.443776617038656840e-02,2.087763264039990156e-07
4.384938493849384500e+00,7.443550706840953990e-02,2.124007399362915621e-07
4.386438643864385867e+00,7.443324803831344316e-02,2.159632379932809668e-07
4.387938793879387234e+00,7.443098907993665747e-02,2.194615165812195307e-07
4.389438943894389489e+00,7.442873019311622984e-02,2.228932526913386007e-07
4.390939093909390856e+00,7.442647137768793053e-02,2.262561042998453136e-07
4.392439243924392223e+00,7.442421263348623917e-02,2.295477103679398283e-07
4.393939393939393590e+00,7.442195396034427535e-02,2.327656908417967435e-07
4.395439543954394956e+00,7.441969535809390968e-02,2.359076466525747068e-07
4.396939693969396323e+00,7.441743682656565273e-02,2.389711597164128938e-07
4.398439843984398578e+00,7.441517836558872445e-02,2.419537929344372816e-07
4.399939993999399945e+00,7.441291997499105415e-02,2.448530901927456934e-07
4.401440144014401312e+00,7.441066165459925275e-02,2.476665763624272538e-07
4.402940294029402679e+00,7.440840340423862664e-02,2.503917572995491536e-07
4.404440444044404046e+00,7.440614522373314998e-02,2.530261198451608326e-07
4.405940594059405413e+00,7.440388711290552015e-02,2.555671318252941380e-07
4.407440744074406780e+00,7.440162907157710226e-02,2.580122420509616303e-07
4.408940894089409035e+00,7.439937109956798467e-02,2.603588803181587011e-07
4.410441044104410402e+00,7.439711319669693734e-02,2.626044574078603967e-07
4.411941194119411769e+00,7.439485536278138411e-02,2.647463650860271354e-07
4.413441344134413136e+00,7.439259759763748592e-02,2.667819761036004726e-07
4.414941494149414503e+00,7.439033990108008532e-02,2.687086441964997654e-07
4.416441644164415870e+00,7.438808227292270647e-02,2.705237040856309075e-07
4.417941794179417236e+00,7.438582471297758292e-02,2.722244714768815652e-07
4.419441944194419492e+00,7.438356722105560204e-02,2.738082430611176297e-07
4.420942094209420858e+00,7.438130979696641609e-02,2.752722965141882999e-07
4.422442244224422225e+00,7.437905244051828957e-02,2.766138904969263468e-07
4.423942394239423592e+00,7.437679515151821019e-02,2.778302646551456783e-07
4.425442544254424959e+00,7.437453792977188893e-02,2.789186396196397512e-07
4.426942694269426326e+00,7.437228077508369062e-02,2.798762170061878708e-07
4.428442844284428581e+00,7.437002368725666168e-02,2.807001794155489969e-07
4.429942994299429948e+00,7.436776666609259956e-02,2.813876904334623265e-07
4.431443144314431315e+00,7.436550971139192778e-02,2.819358946306520051e-07
4.432943294329432682e+00,7.436325282295380701e-02,2.823419175628205623e-07
4.434443444344434049e+00,7.436099600057606562e-02,2.826028657706560586e-07
4.435943594359435416e+00,7.435873924405522750e-02,2.827158267798279033e-07
4.437443744374436783e+00,7.435648255318652589e-02,2.826778691009846309e-07
4.438943894389439038e+00,7.435422592776386175e-02,2.824860422297583480e-07
4.440444044404440405e+00,7.435196936757984543e-02,2.821373766467628276e-07
4.441944194419441772e+00,7.434971287242578275e-02,2.816288838175945149e-07
4.443444344434443138e+00,7.434745644209166116e-02,2.809575561928289804e-07
4.444944494449444505e+00,7.434520007636613581e-02,2.801203672080282255e-07
4.446444644464445872e+00,7.434294377503662676e-02,2.791142712837321591e-07
4.447944794479447239e+00,7.434068753788915240e-02,2.779362038254628859e-07
4.449444944494449494e+00,7.433843136470850987e-02,2.765830812237252888e-07
4.450945094509450861e+00,7.433617525527812242e-02,2.750518008540084052e-07
4.452445244524452228e+00,7.433391920938013653e-02,2.733392410767794975e-07
4.453945394539453595e+00,7.433166322679540805e-02,2.714422612374890829e-07
4.455445544554454962e+00,7.432940730730344669e-02,2.693577016665693448e-07
4.456945694569456329e+00,7.432715145068245766e-02,2.670823836794347155e-07
4.458445844584458584e+00,7.432489565670938325e-02,2.646131095764786465e-07
4.459945994599459951e+00,7.432263992515980577e-02,2.619466626430837730e-07
4.461446144614461318e+00,7.432038425413900473e-02,2.590547430019655731e-07
4.462946294629462685e+00,7.431812863684533754e-02,2.558352573965833076e-07
4.464446444644464052e+00,7.431587307296373679e-02,2.522833892418152455e-07
4.465946594659465418e+00,7.431361756293645981e-02,2.484056888331069985e-07
4.467446744674466785e+00,7.431136210720314106e-02,2.442086677213563623e-07
4.468946894689469040e+00,7.430910670620076430e-02,2.396987987129104579e-07
4.470447044704470407e+00,7.430685136036366267e-02,2.348825158695767165e-07
4.471947194719471774e+00,7.430459607012356027e-02,2.297662145086068653e-07
4.473447344734473141e+00,7.430234083590955829e-02,2.243562512027072510e-07
4.474947494749474508e+00,7.430008565814807953e-02,2.186589437800364042e-07
4.476447644764475875e+00,7.429783053726295161e-02,2.126805713242050396e-07
4.477947794779477242e+00,7.429557547367535153e-02,2.064273741742759763e-07
4.479447944794479497e+00,7.429332046780381948e-02,1.999055539247602473e-07
4.480948094809480864e+00,7.429106552006427278e-02,1.931212734256327163e-07
4.482448244824482231e+00,7.428881063086999192e-02,1.860806567823089164e-07
4.483948394839483598e+00,7.428655580063160679e-02,1.787897893556602445e-07
4.485448544854484965e+00,7.428430102975713822e-02,1.712547177620102811e-07
4.486948694869486332e+00,7.428204631865195640e-02,1.634814498731348440e-07
4.488448844884488587e+00,7.427979166771880859e-02,1.554759548162569586e-07
4.489948994899489954e+00,7.427753707735777755e-02,1.472441629740661016e-07
4.491449144914491320e+00,7.427528254796635088e-02,1.387919659846898518e-07
4.492949294929492687e+00,7.427302807993936551e-02,1.301252167417125247e-07
4.494449444944494054e+00,7.427077367366902161e-02,1.212497293941705938e-07
4.495949594959495421e+00,7.426851932954488256e-02,1.121712793465527161e-07
4.497449744974496788e+00,7.426626504795388883e-02,1.028956032587996802e-07
4.498949894989499043e+00,7.426401082928033026e-02,9.342839904629868791e-08
4.500450045004500410e+00,7.426175667390588764e-02,8.377532587990617197e-08
4.501950195019501777e+00,7.425950258220957723e-02,7.394200418591375538e-08
4.503450345034503144e+00,7.425724855456780626e-02,6.393401564607072448e-08
4.504950495049504511e+00,7.425499459135433133e-02,5.375690319757878788e-08
4.506450645064505878e+00,7.425274069294028612e-02,4.341617103309154706e-08
4.507950795079507245e+00,7.425048685969416751e-02,3.291728460071484050e-08
4.509450945094509500e+00,7.424823309198182175e-02,2.226567060400025856e-08
4.510951095109510867e+00,7.424597939016647219e-02,1.146671700197071330e-08
4.512451245124512234e+00,7.424372575460871926e-02,5.257730090819778987e-10
4.513951395139513600e+00,7.424147218566652662e-02,-1.055185090475124064e-08
4.515451545154514967e+00,7.423921868369520727e-02,-2.176088301416252773e-08
4.516951695169516334e+00,7.423696524904745131e-02,-3.309609033833317883e-08
4.518451845184518589e+00,7.423471188207331206e-02,-4.455227864099886988e-08
4.519951995199519956e+00,7.423245858312020606e-02,-5.612429243042339926e-08
4.521452145214521323e+00,7.423020535253291308e-02,-6.780701495943796892e-08
4.522952295229522690e+00,7.422795219065360384e-02,-7.959536822541540286e-08
4.524452445244524057e+00,7.422569909782178454e-02,-9.148431297027623514e-08
4.525952595259525424e+00,7.422344607437432462e-02,-1.034688486804887099e-07
4.527452745274526791e+00,7.422119312064548446e-02,-1.155440135870692049e-07
4.528952895289529046e+00,7.421894023696688769e-02,-1.277048846655887429e-07
4.530453045304530413e+00,7.421668742366749338e-02,-1.399465776361451988e-07
4.531953195319531780e+00,7.421443468107366548e-02,-1.522642469634052274e-07
4.533453345334533147e+00,7.421218200950908950e-02,-1.646530858565765760e-07
4.534953495349534514e+00,7.420992940929486970e-02,-1.771083262694145435e-07
4.536453645364535880e+00,7.420767688074943191e-02,-1.896252389002227207e-07
4.537953795379537247e+00,7.420542442418859297e-02,-2.021991331918521443e-07
4.539453945394539502e+00,7.420317203992551902e-02,-2.148253573317091840e-07
4.540954095409540869e+00,7.420091972827075333e-02,-2.274992982517257910e-07
4.542454245424542236e+00,7.419866748953220237e-02,-2.402163816284043377e-07
4.543954395439543603e+00,7.419641532401513584e-02,-2.529720718827872831e-07
4.545454545454544970e+00,7.419416323202218666e-02,-2.657618721804647964e-07
4.546954695469546337e+00,7.419191121385336485e-02,-2.785813244315756040e-07
4.548454845484548592e+00,7.418965926980601588e-02,-2.914260092908131301e-07
4.549954995499549959e+00,7.418740740017490398e-02,-3.042915461573960628e-07
4.551455145514551326e+00,7.418515560525211494e-02,-3.171735931751139879e-07
4.552955295529552693e+00,7.418290388532711166e-02,-3.300678472322965777e-07
4.554455445544554060e+00,7.418065224068673413e-02,-3.429700439618213208e-07
4.555955595559555427e+00,7.417840067161515782e-02,-3.558759577411134155e-07
4.557455745574556794e+00,7.417614917839396305e-02,-3.687814016921462999e-07
4.558955895589559049e+00,7.417389776130207946e-02,-3.816822276814484276e-07
4.560456045604560416e+00,7.417164642061578606e-02,-3.945743263200737277e-07
4.561956195619561782e+00,7.416939515660876669e-02,-4.074536269636461801e-07
4.563456345634563149e+00,7.416714396955201294e-02,-4.203160977123310159e-07
4.564956495649564516e+00,7.416489285971393508e-02,-4.331577454108402233e-07
4.566456645664565883e+00,7.416264182736029276e-02,-4.459746156484340302e-07
4.567956795679567250e+00,7.416039087275420882e-02,-4.587627927589212215e-07
4.569456945694569505e+00,7.415813999615615548e-02,-4.715183998206645391e-07
4.570957095709570872e+00,7.415588919782399591e-02,-4.842375986565534178e-07
4.572457245724572239e+00,7.415363847801294261e-02,-4.969165898340466550e-07
4.573957395739573606e+00,7.415138783697558522e-02,-5.095516126651442464e-07
4.575457545754574973e+00,7.414913727496189044e-02,-5.221389452063933155e-07
4.576957695769576340e+00,7.414688679221914658e-02,-5.346749042588892254e-07
4.578457845784578595e+00,7.414463638899206066e-02,-5.471558453682823547e-07
4.579957995799579962e+00,7.414238606552266131e-02,-5.595781628247490871e-07
4.581458145814581329e+00,7.414013582205036812e-02,-5.719382896630352214e-07
4.582958295829582696e+00,7.413788565881196391e-02,-5.842326976624278079e-07
4.584458445844584062e+00,7.413563557604159471e-02,-5.964578973467612894e-07
4.585958595859585429e+00,7.413338557397075590e-02,-6.086104379844179246e-07
4.587458745874586796e+00,7.413113565282834772e-02,-6.206869075883282118e-07
4.588958895889589051e+00,7.412888581284059197e-02,-6.326839329159770294e-07
4.590459045904590418e+00,7.412663605423111535e-02,-6.445981794693761081e-07
4.591959195919591785e+00,7.412438637722086610e-02,-6.564263514951063820e-07
4.593459345934593152e+00,7.412213678202819733e-02,-6.681651919842894012e-07
4.594959495949594519e+00,7.411988726886882539e-02,-6.798114826725945320e-07
4.596459645964595886e+00,7.411763783795580207e-02,-6.913620440402395918e-07
4.597959795979597253e+00,7.411538848949957015e-02,-7.028137353119889434e-07
4.599459945994599508e+00,7.411313922370793561e-02,-7.141634544571630241e-07
4.600960096009600875e+00,7.411089004078605380e-02,-7.254081381896089116e-07
4.602460246024602242e+00,7.410864094093647103e-02,-7.365447619677422514e-07
4.603960396039603609e+00,7.410639192435908296e-02,-7.475703399945193055e-07
4.605460546054604976e+00,7.410414299125114845e-02,-7.584819252174445753e-07
4.606960696069606342e+00,7.410189414180731737e-02,-7.692766093285705899e-07
4.608460846084607709e+00,7.409964537621956115e-02,-7.799515227644972708e-07
4.609960996099609964e+00,7.409739669467724221e-02,-7.905038347063787083e-07
4.611461146114611331e+00,7.409514809736711394e-02,-8.009307530798983856e-07
4.612961296129612698e+00,7.409289958447323743e-02,-8.112295245553062366e-07
4.614461446144614065e+00,7.409065115617710640e-02,-8.213974345473934466e-07
4.615961596159615432e+00,7.408840281265750838e-02,-8.314318072154998639e-07
4.617461746174616799e+00,7.408615455409066353e-02,-8.413300054635120942e-07
4.618961896189619054e+00,7.408390638065011358e-02,-8.510894309398717586e-07
4.620462046204620421e+00,7.408165829250677736e-02,-8.607075240375498712e-07
4.621962196219621788e+00,7.407941028982895082e-02,-8.701817638940828384e-07
4.623462346234623155e+00,7.407716237278229310e-02,-8.795096683915487410e-07
4.624962496249624522e+00,7.407491454152981269e-02,-8.886887941565753820e-07
4.626462646264625889e+00,7.407266679623188133e-02,-8.977167365603358390e-07
4.627962796279627256e+00,7.407041913704627556e-02,-9.065911297185529116e-07
4.629462946294629511e+00,7.406817156412810743e-02,-9.153096464915020856e-07
4.630963096309630878e+00,7.406592407762983832e-02,-9.238699984839899340e-07
4.632463246324632244e+00,7.406367667770133445e-02,-9.322699360453875744e-07
4.633963396339633611e+00,7.406142936448979752e-02,-9.405072482696094939e-07
4.635463546354634978e+00,7.405918213813982021e-02,-9.485797629951160892e-07
4.636963696369636345e+00,7.405693499879333064e-02,-9.564853468049174791e-07
4.638463846384637712e+00,7.405468794658964793e-02,-9.642219050265696925e-07
4.639963996399639967e+00,7.405244098166545441e-02,-9.717873817321829269e-07
4.641464146414641334e+00,7.405019410415478176e-02,-9.791797597384012198e-07
4.642964296429642701e+00,7.404794731418903875e-02,-9.863970606064284948e-07
4.644464446444644068e+00,7.404570061189699737e-02,-9.934373446420150091e-07
4.645964596459645435e+00,7.404345399740480671e-02,-1.000298710895455872e-06
4.647464746474646802e+00,7.404120747083595133e-02,-1.006979297161595701e-06
4.648964896489649057e+00,7.403896103231132064e-02,-1.013477279979830742e-06
4.650465046504650424e+00,7.403671468194915339e-02,-1.019790874634092354e-06
4.651965196519651791e+00,7.403446841986503768e-02,-1.025918335152872625e-06
4.653465346534653158e+00,7.403222224617193870e-02,-1.031857954309207226e-06
4.654965496549654524e+00,7.402997616098019873e-02,-1.037608063620679432e-06
4.656465646564655891e+00,7.402773016439750942e-02,-1.043167033349421393e-06
4.657965796579657258e+00,7.402548425652893949e-02,-1.048533272502110957e-06
4.659465946594659513e+00,7.402323843747692089e-02,-1.053705228829979293e-06
4.660966096609660880e+00,7.402099270734124881e-02,-1.058681388828794164e-06
4.662466246624662247e+00,7.401874706621908162e-02,-1.063460277738882160e-06
4.663966396639663614e+00,7.401650151420494095e-02,-1.068040459545113027e-06
4.665466546654664981e+00,7.401425605139073938e-02,-1.072420536976906235e-06
4.666966696669666348e+00,7.401201067786571108e-02,-1.076599151508227375e-06
4.668466846684667715e+00,7.400976539371650897e-02,-1.080574983357590699e-06
4.669966996699669970e+00,7.400752019902709367e-02,-1.084346751488060184e-06
4.671467146714671337e+00,7.400527509387884451e-02,-1.087913213607241269e-06
4.672967296729672704e+00,7.400303007835046243e-02,-1.091273166167294196e-06
4.674467446744674071e+00,7.400078515251805322e-02,-1.094425444364924270e-06
4.675967596759675438e+00,7.399854031645505814e-02,-1.097368922141384615e-06
4.677467746774676804e+00,7.399629557023229554e-02,-1.100102512182476590e-06
4.678967896789679060e+00,7.399405091391796085e-02,-1.102625165918551491e-06
4.680468046804680426e+00,7.399180634757758501e-02,-1.104935873524501652e-06
4.681968196819681793e+00,7.398956187127410378e-02,-1.107033663919774423e-06
4.683468346834683160e+00,7.398731748506778838e-02,-1.108917604768362853e-06
4.684968496849684527e+00,7.398507318901628715e-02,-1.110586802478806536e-06
4.686468646864685894e+00,7.398282898317462553e-02,-1.112040402204193517e-06
4.687968796879687261e+00,7.398058486759516439e-02,-1.113277587842160717e-06
4.689468946894689516e+00,7.397834084232764174e-02,-1.114297582034892658e-06
4.690969096909690883e+00,7.397609690741918653e-02,-1.115099646169119352e-06
4.692469246924692250e+00,7.397385306291427709e-02,-1.115683080376122437e-06
4.693969396939693617e+00,7.397160930885474106e-02,-1.116047223531728191e-06
4.695469546954694984e+00,7.396936564527978319e-02,-1.116191453256313038e-06
4.696969696969696351e+00,7.396712207222598534e-02,-1.116115185914798251e-06
4.698469846984697718e+00,7.396487858972729257e-02,-1.115817876616657581e-06
4.699969996999699973e+00,7.396263519781498541e-02,-1.115299019215908357e-06
4.701470147014701340e+00,7.396039189651776313e-02,-1.114558146311117631e-06
4.702970297029702706e+00,7.395814868586163271e-02,-1.113594829245400693e-06
4.704470447044704073e+00,7.395590556587001985e-02,-1.112408678106419805e-06
4.705970597059705440e+00,7.395366253656368571e-02,-1.110999341726384407e-06
4.707470747074706807e+00,7.395141959796074083e-02,-1.109366507682053874e-06
4.708970897089709062e+00,7.394917675007671443e-02,-1.107509902294732430e-06
4.710471047104710429e+00,7.394693399292445735e-02,-1.105429290630277201e-06
4.711971197119711796e+00,7.394469132651419752e-02,-1.103124476499087620e-06
4.713471347134713163e+00,7.394244875085353996e-02,-1.100595302456114325e-06
4.714971497149714530e+00,7.394020626594743906e-02,-1.097841649800852806e-06
4.716471647164715897e+00,7.393796387179821239e-02,-1.094863438577351238e-06
4.717971797179717264e+00,7.393572156840556853e-02,-1.091660627574201379e-06
4.719471947194719519e+00,7.393347935576655150e-02,-1.088233214324542378e-06
4.720972097209720886e+00,7.393123723387561019e-02,-1.084581235106066704e-06
4.722472247224722253e+00,7.392899520272450120e-02,-1.080704764941008294e-06
4.723972397239723620e+00,7.392675326230239985e-02,-1.076603917596154401e-06
4.725472547254724986e+00,7.392451141259583081e-02,-1.072278845582834593e-06
4.726972697269726353e+00,7.392226965358866808e-02,-1.067729740156929850e-06
4.728472847284727720e+00,7.392002798526217666e-02,-1.062956831318870029e-06
4.729972997299729975e+00,7.391778640759495700e-02,-1.057960387813626662e-06
4.731473147314731342e+00,7.391554492056301440e-02,-1.052740717130729684e-06
4.732973297329732709e+00,7.391330352413968963e-02,-1.047298165504247953e-06
4.734473447344734076e+00,7.391106221829570055e-02,-1.041633117912799413e-06
4.735973597359735443e+00,7.390882100299911439e-02,-1.035745998079553634e-06
4.737473747374736810e+00,7.390657987821540320e-02,-1.029637268472226099e-06
4.738973897389739065e+00,7.390433884390734676e-02,-1.023307430303073753e-06
4.740474047404740432e+00,7.390209790003515744e-02,-1.016757023528917661e-06
4.741974197419741799e+00,7.389985704655635534e-02,-1.009986626851109978e-06
4.743474347434743166e+00,7.389761628342586541e-02,-1.002996857715559989e-06
4.744974497449744533e+00,7.389537561059596193e-02,-9.957883723127199276e-07
4.746474647464745900e+00,7.389313502801626854e-02,-9.883618655775940759e-07
4.747974797479747266e+00,7.389089453563379983e-02,-9.807180711897313571e-07
4.749474947494749522e+00,7.388865413339294752e-02,-9.728577615732261806e-07
4.750975097509750888e+00,7.388641382123542489e-02,-9.647817478967317833e-07
4.752475247524752255e+00,7.388417359910035009e-02,-9.564908800734384181e-07
4.753975397539753622e+00,7.388193346692419061e-02,-9.479860467610886011e-07
4.755475547554754989e+00,7.387969342464077716e-02,-9.392681753619707584e-07
4.756975697569756356e+00,7.387745347218131753e-02,-9.303382320229213437e-07
4.758475847584757723e+00,7.387521360947436888e-02,-9.211972216353280150e-07
4.759975997599759978e+00,7.387297383644586546e-02,-9.118461878351145995e-07
4.761476147614761345e+00,7.387073415301911861e-02,-9.022862130027756100e-07
4.762976297629762712e+00,7.386849455911477513e-02,-8.925184182633332585e-07
4.764476447644764079e+00,7.386625505465087282e-02,-8.825439634863645609e-07
4.765976597659765446e+00,7.386401563954281269e-02,-8.723640472859939255e-07
4.767476747674766813e+00,7.386177631370334506e-02,-8.619799070208918825e-07
4.768976897689769068e+00,7.385953707704259741e-02,-8.513928187942752958e-07
4.770477047704770435e+00,7.385729792946807426e-02,-8.406040974539217624e-07
4.771977197719771802e+00,7.385505887088462951e-02,-8.296150965921427193e-07
4.773477347734773168e+00,7.385281990119446638e-02,-8.184272085458003840e-07
4.774977497749774535e+00,7.385058102029720684e-02,-8.070418643963062724e-07
4.776477647764775902e+00,7.384834222808978055e-02,-7.954605339696205632e-07
4.777977797779777269e+00,7.384610352446652204e-02,-7.836847258362512512e-07
4.779477947794779524e+00,7.384386490931911518e-02,-7.717159873112435591e-07
4.780978097809780891e+00,7.384162638253660704e-02,-7.595559044542167838e-07
4.782478247824782258e+00,7.383938794400542183e-02,-7.472061020693141091e-07
4.783978397839783625e+00,7.383714959360934693e-02,-7.346682437052316174e-07
4.785478547854784992e+00,7.383491133122951910e-02,-7.219440316552210418e-07
4.786978697869786359e+00,7.383267315674446607e-02,-7.090352069570721906e-07
4.788478847884787726e+00,7.383043507003006489e-02,-6.959435493931279820e-07
4.789978997899789981e+00,7.382819707095955586e-02,-6.826708774902723738e-07
4.791479147914791348e+00,7.382595915940355635e-02,-6.692190485199557745e-07
4.792979297929792715e+00,7.382372133523004698e-02,-6.555899584981592563e-07
4.794479447944794082e+00,7.382148359830435769e-02,-6.417855421854129777e-07
4.795979597959795449e+00,7.381924594848922327e-02,-6.278077730868012660e-07
4.797479747974796815e+00,7.381700838564470013e-02,-6.136586634519541469e-07
4.798979897989799071e+00,7.381477090962823562e-02,-5.993402642750344271e-07
4.800480048004800437e+00,7.381253352029462644e-02,-5.848546652947904223e-07
4.801980198019801804e+00,7.381029621749606029e-02,-5.702039949944848065e-07
4.803480348034803171e+00,7.380805900108206030e-02,-5.553904206019359043e-07
4.804980498049804538e+00,7.380582187089954060e-02,-5.404161480895130331e-07
4.806480648064805905e+00,7.380358482679277854e-02,-5.252834221741314202e-07
4.807980798079807272e+00,7.380134786860338691e-02,-5.099945263172596144e-07
4.809480948094809527e+00,7.379911099617038339e-02,-4.945517827248959813e-07
4.810981098109810894e+00,7.379687420933012110e-02,-4.789575523476216425e-07
4.812481248124812261e+00,7.379463750791634413e-02,-4.632142348805325541e-07
4.813981398139813628e+00,7.379240089176014594e-02,-4.473242687632860936e-07
4.815481548154814995e+00,7.379016436068998319e-02,-4.312901311800861312e-07
4.816981698169816362e+00,7.378792791453170352e-02,-4.151143380596820763e-07
4.818481848184817729e+00,7.378569155310849004e-02,-3.987994440753734839e-07
4.819981998199819984e+00,7.378345527624088906e-02,-3.823480426449992546e-07
4.821482148214821351e+00,7.378121908374685178e-02,-3.657627659309709863e-07
4.822982298229822717e+00,7.377898297544166484e-02,-3.490462848402241643e-07
4.824482448244824084e+00,7.377674695113797809e-02,-3.322013090242478075e-07
4.825982598259825451e+00,7.377451101064581851e-02,-3.152305868790808682e-07
4.827482748274826818e+00,7.377227515377259015e-02,-2.981369055453093734e-07
4.828982898289829073e+00,7.377003938032301866e-02,-2.809230909080564723e-07
4.830483048304830440e+00,7.376780369009923455e-02,-2.635920075970245763e-07
4.831983198319831807e+00,7.376556808290074541e-02,-2.461465589864370194e-07
4.833483348334833174e+00,7.376333255852438042e-02,-2.285896871950630456e-07
4.834983498349834541e+00,7.376109711676435976e-02,-2.109243730862361793e-07
4.836483648364835908e+00,7.375886175741226680e-02,-1.931536362678280725e-07
4.837983798379837275e+00,7.375662648025707591e-02,-1.752805350922583525e-07
4.839483948394839530e+00,7.375439128508505526e-02,-1.573081666564850389e-07
4.840984098409840897e+00,7.375215617167993343e-02,-1.392396668020457312e-07
4.842484248424842264e+00,7.374992113982273279e-02,-1.210782101149972045e-07
4.843984398439843631e+00,7.374768618929185282e-02,-1.028270099259495026e-07
4.845484548454844997e+00,7.374545131986309787e-02,-8.448931831006514389e-08
4.846984698469846364e+00,7.374321653130959386e-02,-6.606842608705070414e-08
4.848484848484847731e+00,7.374098182340185770e-02,-4.756766282116481016e-08
4.849984998499849986e+00,7.373874719590776949e-02,-2.899039682119537587e-08
4.851485148514851353e+00,7.373651264859255872e-02,-1.034003514052350034e-08
4.852985298529852720e+00,7.373427818121883193e-02,8.379976422969441111e-09
4.854485448544854087e+00,7.373204379354657279e-02,2.716615332683284317e-08
4.855985598559855454e+00,7.372980948533310042e-02,4.601497228407251972e-08
4.857485748574856821e+00,7.372757525633312492e-02,6.492287126314024832e-08
4.858985898589859076e+00,7.372534110629873350e-02,8.388624948796254281e-08
4.860486048604860443e+00,7.372310703497933493e-02,1.029014674378751141e-07
4.861986198619861810e+00,7.372087304212175674e-02,1.219648468477019357e-07
4.863486348634863177e+00,7.371863912747013414e-02,1.410726707077098209e-07
4.864986498649864544e+00,7.371640529076602111e-02,1.602211832636153057e-07
4.866486648664865911e+00,7.371417153174830705e-02,1.794065900165911600e-07
4.867986798679867277e+00,7.371193785015325850e-02,1.986250577232525172e-07
4.869486948694869533e+00,7.370970424571450519e-02,2.178727143956912590e-07
4.870987098709870899e+00,7.370747071816304008e-02,2.371456493014082258e-07
4.872487248724872266e+00,7.370523726722721936e-02,2.564399129633928117e-07
4.873987398739873633e+00,7.370300389263277629e-02,2.757515171600732010e-07
4.875487548754875000e+00,7.370077059410280740e-02,2.950764349253375970e-07
4.876987698769876367e+00,7.369853737135774463e-02,3.144106005485174935e-07
4.878487848784877734e+00,7.369630422411543869e-02,3.337499095743983151e-07
4.879987998799879989e+00,7.369407115209107573e-02,3.530902188032334466e-07
4.881488148814881356e+00,7.369183815499719126e-02,3.724273462906881167e-07
4.882988298829882723e+00,7.368960523254372563e-02,3.917570713479231488e-07
4.884488448844884090e+00,7.368737238443795468e-02,4.110751345415269333e-07
4.885988598859885457e+00,7.368513961038454518e-02,4.303772376935496268e-07
4.887488748874886824e+00,7.368290691008548554e-02,4.496590438814943640e-07
4.888988898889889079e+00,7.368067428324018286e-02,4.689161774383157225e-07
4.890489048904890446e+00,7.367844172954537973e-02,4.881442239524087644e-07
4.891989198919891813e+00,7.367620924869519583e-02,5.073387302676275648e-07
4.893489348934893179e+00,7.367397684038110017e-02,5.264952044832867475e-07
4.894989498949894546e+00,7.367174450429193888e-02,5.456091159541468734e-07
4.896489648964895913e+00,7.366951224011393518e-02,5.646758952904215345e-07
4.897989798979897280e+00,7.366728004753066161e-02,5.836909343577728012e-07
4.899489948994899535e+00,7.366504792622306785e-02,6.026495862773290097e-07
4.900990099009900902e+00,7.366281587586945290e-02,6.215471654256383871e-07
4.902490249024902269e+00,7.366058389614547897e-02,6.403789474347348024e-07
4.903990399039903636e+00,7.365835198672421313e-02,6.591401691920866269e-07
4.905490549054905003e+00,7.365612014727605794e-02,6.778260288406225687e-07
4.906990699069906370e+00,7.365388837746876527e-02,6.964316857787236255e-07
4.908490849084907737e+00,7.365165667696747798e-02,7.149522606602152502e-07
4.909990999099909992e+00,7.364942504543471602e-02,7.333828353943899027e-07
4.911491149114911359e+00,7.364719348253033482e-02,7.517184531459643807e-07
4.912991299129912726e+00,7.364496198791156689e-02,7.699541183351326536e-07
4.914491449144914093e+00,7.364273056123302186e-02,7.880847966375356864e-07
4.915991599159915459e+00,7.364049920214665867e-02,8.061054149842545584e-07
4.917491749174916826e+00,7.363826791030181340e-02,8.240108615618492140e-07
4.918991899189919081e+00,7.363603668534518532e-02,8.417959858123091240e-07
4.920492049204920448e+00,7.363380552692083691e-02,8.594555984330712841e-07
4.921992199219921815e+00,7.363157443467018004e-02,8.769844713770382152e-07
4.923492349234923182e+00,7.362934340823203139e-02,8.943773378525654691e-07
4.924992499249924549e+00,7.362711244724252924e-02,9.116288923234520995e-07
4.926492649264925916e+00,7.362488155133523060e-02,9.287337905089616262e-07
4.927992799279927283e+00,7.362265072014100020e-02,9.456866493837985300e-07
4.929492949294929538e+00,7.362041995328810762e-02,9.624820471781275222e-07
4.930993099309930905e+00,7.361818925040217176e-02,9.791145233775432639e-07
4.932493249324932272e+00,7.361595861110617478e-02,9.955785787231235168e-07
4.933993399339933639e+00,7.361372803502048978e-02,1.011868675211386156e-06
4.935493549354935006e+00,7.361149752176281147e-02,1.027979236094288960e-06
4.936993699369936373e+00,7.360926707094825328e-02,1.043904645879267301e-06
4.938493849384937739e+00,7.360703668218925022e-02,1.059639250329182266e-06
4.939993999399939995e+00,7.360480635509561442e-02,1.075177356462372324e-06
4.941494149414941361e+00,7.360257608927453510e-02,1.090513232552594461e-06
4.942994299429942728e+00,7.360034588433057856e-02,1.105641108129094904e-06
4.944494449444944095e+00,7.359811573986563271e-02,1.120555173976552156e-06
4.945994599459945462e+00,7.359588565547899031e-02,1.135249582135087591e-06
4.947494749474946829e+00,7.359365563076729344e-02,1.149718445900298904e-06
4.948994899489949084e+00,7.359142566532454743e-02,1.163955839823236822e-06
4.950495049504950451e+00,7.358919575874214858e-02,1.177955799710361695e-06
4.951995199519951818e+00,7.358696591060882863e-02,1.191712322623634123e-06
4.953495349534953185e+00,7.358473612051069646e-02,1.205219366880441692e-06
4.954995499549954552e+00,7.358250638803122412e-02,1.218470852053637724e-06
4.956495649564955919e+00,7.358027671275124693e-02,1.231460658971508034e-06
4.957995799579957286e+00,7.357804709424897727e-02,1.244182629717822593e-06
4.959495949594959541e+00,7.357581753209999076e-02,1.256630567631777512e-06
4.960996099609960908e+00,7.357358802587722624e-02,1.268798237308020874e-06
4.962496249624962275e+00,7.357135857515097188e-02,1.280679364596660146e-06
4.963996399639963641e+00,7.356912917948890684e-02,1.292267636603260059e-06
4.965496549654965008e+00,7.356689983845607350e-02,1.303556701688834144e-06
4.966996699669966375e+00,7.356467055161484969e-02,1.314540169469837524e-06
4.968496849684967742e+00,7.356244131852501811e-02,1.325211610818190850e-06
4.969996999699969997e+00,7.356021213874369691e-02,1.335564557861277119e-06
4.971497149714971364e+00,7.355798301182539523e-02,1.345592503981885775e-06
4.972997299729972731e+00,7.355575393732197154e-02,1.355288903818311383e-06
4.974497449744974098e+00,7.355352491478266141e-02,1.364647173264272529e-06
4.975997599759975465e+00,7.355129594375404978e-02,1.373660689468936383e-06
4.977497749774976832e+00,7.354906702378009864e-02,1.382322790836953429e-06
4.978997899789979087e+00,7.354683815440211936e-02,1.390626777028388429e-06
4.980498049804980454e+00,7.354460933515884202e-02,1.398565908958778869e-06
4.981998199819981821e+00,7.354238056558627668e-02,1.406133408799104680e-06
4.983498349834983188e+00,7.354015184521789372e-02,1.413322459975815551e-06
4.984998499849984555e+00,7.353792317358444353e-02,1.420126207170788580e-06
4.986498649864985921e+00,7.353569455021409518e-02,1.426537756321369356e-06
4.987998799879987288e+00,7.353346597463235323e-02,1.432550174620354380e-06
4.989498949894989543e+00,7.353123744636212711e-02,1.438156490515986195e-06
4.990999099909990910e+00,7.352900896492366167e-02,1.443349693711969271e-06
4.992499249924992277e+00,7.352678052983457890e-02,1.448122735167445226e-06
4.993999399939993644e+00,7.352455214060983624e-02,1.452468527097022475e-06
4.995499549954995011e+00,7.352232379676180984e-02,1.456379942970752297e-06
4.996999699969996378e+00,7.352009549780019748e-02,1.459849817514142180e-06
4.998499849984997745e+00,7.351786724323207400e-02,1.462870946708154762e-06
5.000000000000000000e+00,7.351563903256190524e-02,1.465436087789195544e-06
5.001500150015001367e+00,7.351341086529149249e-02,1.467537959249130686e-06
5.003000300030002734e+00,7.351118274092001414e-02,1.469169240835272810e-06
5.004500450045004101e+00,7.350895465894401182e-02,1.470322573550395408e-06
5.006000600060005468e+00,7.350672661885737647e-02,1.470990559652708483e-06
5.007500750075006835e+00,7.350449862015141778e-02,1.471165762655898364e-06
5.009000900090009090e+00,7.350227066231475315e-02,1.470840707329070743e-06
5.010501050105010457e+00,7.350004274483337707e-02,1.470007879696820337e-06
5.012001200120011823e+00,7.349781486719068890e-02,1.468659727039161443e-06
5.013501350135013190e+00,7.349558702886740957e-02,1.466788657891578323e-06
5.015001500150014557e+00,7.349335922934163712e-02,1.464387042045007641e-06
5.016501650165015924e+00,7.349113146808884667e-02,1.461447210545824899e-06
5.018001800180017291e+00,7.348890374458187658e-02,1.457961455695882562e-06
5.019501950195019546e+00,7.348667605829091454e-02,1.453922031052449068e-06
5.021002100210020913e+00,7.348444840868353922e-02,1.449321151428281461e-06
5.022502250225022280e+00,7.348222079522467864e-02,1.444150992891571392e-06
5.024002400240023647e+00,7.347999321737662404e-02,1.438403692765955074e-06
5.025502550255025014e+00,7.347776567459902985e-02,1.432071349630541657e-06
5.027002700270026381e+00,7.347553816634894153e-02,1.425146023319877862e-06
5.028502850285027748e+00,7.347331069208075383e-02,1.417619734923954126e-06
5.030003000300030003e+00,7.347108325124621087e-02,1.409484466788232549e-06
5.031503150315031370e+00,7.346885584329444774e-02,1.400732162513621487e-06
5.033003300330032737e+00,7.346662846767194888e-02,1.391354726956482540e-06
5.034503450345034103e+00,7.346440112382257581e-02,1.381344026228625045e-06
5.036003600360035470e+00,7.346217381118756717e-02,1.370691887697298450e-06
5.037503750375036837e+00,7.345994652920548318e-02,1.359390099985230012e-06
5.039003900390039092e+00,7.345771927731227502e-02,1.347430412970580963e-06
5.040504050405040459e+00,7.345549205494129874e-02,1.334804537786975514e-06
5.042004200420041826e+00,7.345326486152320422e-02,1.321504146823484134e-06
5.043504350435043193e+00,7.345103769648606007e-02,1.307520873724627569e-06
5.045004500450044560e+00,7.344881057130474289e-02,1.293022053001141592e-06
5.046504650465045927e+00,7.344658350604080232e-02,1.278300384681112767e-06
5.048004800480047294e+00,7.344435650156065643e-02,1.263368703144168736e-06
5.049504950495049549e+00,7.344212955842779889e-02,1.248235424796697097e-06
5.051005100510050916e+00,7.343990267720067189e-02,1.232908890500694242e-06
5.052505250525052283e+00,7.343767585843261059e-02,1.217397365573710932e-06
5.054005400540053650e+00,7.343544910267187087e-02,1.201709039788887881e-06
5.055505550555055017e+00,7.343322241046161547e-02,1.185852027374947064e-06
5.057005700570056383e+00,7.343099578233991398e-02,1.169834367016191934e-06
5.058505850585057750e+00,7.342876921883974284e-02,1.153664021852507212e-06
5.060006000600060005e+00,7.342654272048901309e-02,1.137348879479348505e-06
5.061506150615061372e+00,7.342431628781050101e-02,1.120896751947782545e-06
5.063006300630062739e+00,7.342208992132194523e-02,1.104315375764427895e-06
5.064506450645064106e+00,7.341986362153594958e-02,1.087612411891493912e-06
5.066006600660065473e+00,7.341763738896006641e-02,1.070795445746771643e-06
5.067506750675066840e+00,7.341541122409672715e-02,1.053871987203632552e-06
5.069006900690069095e+00,7.341318512744329783e-02,1.036849470591020475e-06
5.070507050705070462e+00,7.341095909949203746e-02,1.019735254693489525e-06
5.072007200720071829e+00,7.340873314073013967e-02,1.002536622751145646e-06
5.073507350735073196e+00,7.340650725163966328e-02,9.852607824596855751e-07
5.075007500750074563e+00,7.340428143269762951e-02,9.679148659703877403e-07
5.076507650765075930e+00,7.340205568437592476e-02,9.505059298901114103e-07
5.078007800780077297e+00,7.339983000714139783e-02,9.330409552812973314e-07
5.079507950795079552e+00,7.339760440145574882e-02,9.155268476619570329e-07
5.081008100810080919e+00,7.339537886777564024e-02,8.979704370057144386e-07
5.082508250825082285e+00,7.339315340655259978e-02,8.803784777417438206e-07
5.084008400840083652e+00,7.339092801823310364e-02,8.627576487548104574e-07
5.085508550855085019e+00,7.338870270325852097e-02,8.451145533852616341e-07
5.087008700870086386e+00,7.338647746206512779e-02,8.274557194290250542e-07
5.088508850885087753e+00,7.338425229508413472e-02,8.097875991376104279e-07
5.090009000900090008e+00,7.338202720274161761e-02,7.921165692180979309e-07
5.091509150915091375e+00,7.337980218545860078e-02,7.744489308331803449e-07
5.093009300930092742e+00,7.337757724365100154e-02,7.567909096010999529e-07
5.094509450945094109e+00,7.337535237772967178e-02,7.391486555956915267e-07
5.096009600960095476e+00,7.337312758810035640e-02,7.215282433463705743e-07
5.097509750975096843e+00,7.337090287516367937e-02,7.039356718381337631e-07
5.099009900990099098e+00,7.336867823931524091e-02,6.863768645115488614e-07
5.100510051005100465e+00,7.336645368094549258e-02,6.688576692627961375e-07
5.102010201020101832e+00,7.336422920043983442e-02,6.513838584436056789e-07
5.103510351035103199e+00,7.336200479817855946e-02,6.339611288612990030e-07
5.105010501050104565e+00,7.335978047453686757e-02,6.165951017787796337e-07
5.106510651065105932e+00,7.335755622988489322e-02,5.992913229145316192e-07
5.108010801080107299e+00,7.335533206458766387e-02,5.820552624426204851e-07
5.109510951095109554e+00,7.335310797900509994e-02,5.648923149926827517e-07
5.111011101110110921e+00,7.335088397349207034e-02,5.478077996499670161e-07
5.112511251125112288e+00,7.334866004839832310e-02,5.308069599552721177e-07
5.114011401140113655e+00,7.334643620406852693e-02,5.138949639049886438e-07
5.115511551155115022e+00,7.334421244084227132e-02,4.970769039510884470e-07
5.117011701170116389e+00,7.334198875905403869e-02,4.803577970011242217e-07
5.118511851185117756e+00,7.333976515903324611e-02,4.637425844182303514e-07
5.120012001200120011e+00,7.333754164110418972e-02,4.472361320211129557e-07
5.121512151215121378e+00,7.333531820558610026e-02,4.308432300840875838e-07
5.123012301230122745e+00,7.333309485279311535e-02,4.145685933370227802e-07
5.124512451245124112e+00,7.333087158303426556e-02,3.984168609653778844e-07
5.126012601260125479e+00,7.332864839661351608e-02,3.823925966101931834e-07
5.127512751275126845e+00,7.332642529382973895e-02,3.665002883680898060e-07
5.129012901290129101e+00,7.332420227497668530e-02,3.507443487912624177e-07
5.130513051305130467e+00,7.332197934034305475e-02,3.351291148875129953e-07
5.132013201320131834e+00,7.331975649021245378e-02,3.196588481201978878e-07
5.133513351335133201e+00,7.331753372486336795e-02,3.043377344082638155e-07
5.135013501350134568e+00,7.331531104456923131e-02,2.891698841262385519e-07
5.136513651365135935e+00,7.331308844959837090e-02,2.741593321042315599e-07
5.138013801380137302e+00,7.331086594021400671e-02,2.593100376279325089e-07
5.139513951395139557e+00,7.330864351667430723e-02,2.446258844386049220e-07
5.141014101410140924e+00,7.330642117923233392e-02,2.301106807331187872e-07
5.142514251425142291e+00,7.330419892813602734e-02,2.157681591638997350e-07
5.144014401440143658e+00,7.330197676362830428e-02,2.016019768389629202e-07
5.145514551455145025e+00,7.329975468594693289e-02,1.876157153219047626e-07
5.147014701470146392e+00,7.329753269532462978e-02,1.738128806319035830e-07
5.148514851485147759e+00,7.329531079198899068e-02,1.601969032437181206e-07
5.150015001500150014e+00,7.329308897616253204e-02,1.467711380876805449e-07
5.151515151515151381e+00,7.329086724806271880e-02,1.335388645497288547e-07
5.153015301530152747e+00,7.328864560790185334e-02,1.205032864713573269e-07
5.154515451545154114e+00,7.328642405588722819e-02,1.076675321496506094e-07
5.156015601560155481e+00,7.328420259222098720e-02,9.503465433727292149e-08
5.157515751575156848e+00,7.328198121710019497e-02,8.260763024247207711e-08
5.159015901590159103e+00,7.327975993071685068e-02,7.038936152906783838e-08
5.160516051605160470e+00,7.327753873325786038e-02,5.838267431648367919e-08
5.162016201620161837e+00,7.327531762490500922e-02,4.659031917970316306e-08
5.163516351635163204e+00,7.327309660583501694e-02,3.501497114929704813e-08
5.165016501650164571e+00,7.327087567621952402e-02,2.365922971141862855e-08
5.166516651665165938e+00,7.326865483622506392e-02,1.252561880780140510e-08
5.168016801680167305e+00,7.326643408601306307e-02,1.616586835760779270e-09
5.169516951695169560e+00,7.326421342573991025e-02,-9.065493351812934771e-09
5.171017101710170927e+00,7.326199285555685947e-02,-1.951832444642931094e-08
5.172517251725172294e+00,7.325977237561008548e-02,-2.973968468403571596e-08
5.174017401740173661e+00,7.325755198604068374e-02,-3.972742784499274542e-08
5.175517551755175027e+00,7.325533168698467046e-02,-4.947948325407803541e-08
5.177017701770176394e+00,7.325311147857292704e-02,-5.899385578048943887e-08
5.178517851785177761e+00,7.325089136093129727e-02,-6.826862583784311984e-08
5.180018001800180016e+00,7.324867133418050402e-02,-7.730194938417884733e-08
5.181518151815181383e+00,7.324645139843619090e-02,-8.609205792193966658e-08
5.183018301830182750e+00,7.324423155380890837e-02,-9.463725849800345104e-08
5.184518451845184117e+00,7.324201180040411374e-02,-1.029359337036608795e-07
5.186018601860185484e+00,7.323979213832219892e-02,-1.109865416746224240e-07
5.187518751875186851e+00,7.323757256765844881e-02,-1.187876160910168679e-07
5.189018901890189106e+00,7.323535308850302739e-02,-1.263377661773951169e-07
5.190519051905190473e+00,7.323313370094107488e-02,-1.336356767027151650e-07
5.192019201920191840e+00,7.323091440505259675e-02,-1.406801079803660222e-07
5.193519351935193207e+00,7.322869520091250528e-02,-1.474698958681514102e-07
5.195019501950194574e+00,7.322647608859064738e-02,-1.540039517682942085e-07
5.196519651965195941e+00,7.322425706815177682e-02,-1.602812626274356076e-07
5.198019801980197308e+00,7.322203813965554031e-02,-1.663008909366348976e-07
5.199519951995199563e+00,7.321981930315650533e-02,-1.720619747313743379e-07
5.201020102010200929e+00,7.321760055870416006e-02,-1.775637275915445467e-07
5.202520252025202296e+00,7.321538190634288568e-02,-1.828054386414656763e-07
5.204020402040203663e+00,7.321316334611199794e-02,-1.877864725498719548e-07
5.205520552055205030e+00,7.321094487804569173e-02,-1.925062695299178274e-07
5.207020702070206397e+00,7.320872650217308264e-02,-1.969643453391754147e-07
5.208520852085207764e+00,7.320650821851820700e-02,-2.011602912796364193e-07
5.210021002100210019e+00,7.320429002710002186e-02,-2.050937741977123369e-07
5.211521152115211386e+00,7.320207192793236339e-02,-2.087645364842274687e-07
5.213021302130212753e+00,7.319985392102398847e-02,-2.121723960744328973e-07
5.214521452145214120e+00,7.319763600637858858e-02,-2.153172464479929339e-07
5.216021602160215487e+00,7.319541818399473432e-02,-2.181990566289940127e-07
5.217521752175216854e+00,7.319320045386593088e-02,-2.208178711859393964e-07
5.219021902190219109e+00,7.319098281598056255e-02,-2.231738102317532001e-07
5.220522052205220476e+00,7.318876527032196211e-02,-2.252670694237740381e-07
5.222022202220221843e+00,7.318654781686835531e-02,-2.270979199637632827e-07
5.223522352235223210e+00,7.318433045559287475e-02,-2.286667085978993469e-07
5.225022502250224576e+00,7.318211318646355990e-02,-2.299738576167804368e-07
5.226522652265225943e+00,7.317989600944338480e-02,-2.310198648554224344e-07
5.228022802280227310e+00,7.317767892449018874e-02,-2.318053036932612269e-07
5.229522952295229565e+00,7.317546193155677337e-02,-2.323308230541501653e-07
5.231023102310230932e+00,7.317324503059081942e-02,-2.325971474063609119e-07
5.232523252325232299e+00,7.317102822153492836e-02,-2.326050767625864045e-07
5.234023402340233666e+00,7.316881150432660852e-02,-2.323554866799351392e-07
5.235523552355235033e+00,7.316659487889828895e-02,-2.318493282599383699e-07
5.237023702370236400e+00,7.316437834517727778e-02,-2.310876281485418501e-07
5.238523852385237767e+00,7.316216190308583167e-02,-2.300714885361119737e-07
5.240024002400240022e+00,7.315994555254110021e-02,-2.288020871574340807e-07
5.241524152415241389e+00,7.315772929345513986e-02,-2.272806772917137283e-07
5.243024302430242756e+00,7.315551312573492782e-02,-2.255085877625713963e-07
5.244524452445244123e+00,7.315329704928234811e-02,-2.234872229380494756e-07
5.246024602460245490e+00,7.315108106399420551e-02,-2.212180627306084565e-07
5.247524752475246856e+00,7.314886516976217001e-02,-2.187026625971275637e-07
5.249024902490249112e+00,7.314664936647288784e-02,-2.159426535389011566e-07
5.250525052505250478e+00,7.314443365400787045e-02,-2.129397421016507995e-07
5.252025202520251845e+00,7.314221803224355001e-02,-2.096957103755087446e-07
5.253525352535253212e+00,7.314000250105129330e-02,-2.062124159950295784e-07
5.255025502550254579e+00,7.313778706029733234e-02,-2.024917921391868337e-07
5.256525652565255946e+00,7.313557170984283373e-02,-1.985358475313706605e-07
5.258025802580257313e+00,7.313335644954389869e-02,-1.943466664393918489e-07
5.259525952595259568e+00,7.313114127925147978e-02,-1.899264086754771710e-07
5.261026102610260935e+00,7.312892619881150580e-02,-1.852773095962797566e-07
5.262526252625262302e+00,7.312671120806478464e-02,-1.804016801028627880e-07
5.264026402640263669e+00,7.312449630684701718e-02,-1.753019066407109350e-07
5.265526552655265036e+00,7.312228149498883889e-02,-1.699804511997307782e-07
5.267026702670266403e+00,7.312006677231580598e-02,-1.644398513142419154e-07
5.268526852685267770e+00,7.311785213864833988e-02,-1.586827200629883964e-07
5.270027002700270025e+00,7.311563759380182437e-02,-1.527117460691266530e-07
5.271527152715271392e+00,7.311342313758652234e-02,-1.465296935002407451e-07
5.273027302730272758e+00,7.311120876980761740e-02,-1.401394020683277499e-07
5.274527452745274125e+00,7.310899449026521391e-02,-1.335437870298024203e-07
5.276027602760275492e+00,7.310678029875429529e-02,-1.267458391855018438e-07
5.277527752775276859e+00,7.310456619506477960e-02,-1.197486248806778189e-07
5.279027902790279114e+00,7.310235217898150561e-02,-1.125552860050000317e-07
5.280528052805280481e+00,7.310013825028419121e-02,-1.051690399925693966e-07
5.282028202820281848e+00,7.309792440874748887e-02,-9.759317982189179833e-08
5.283528352835283215e+00,7.309571065414095792e-02,-8.983107401589482069e-08
5.285028502850284582e+00,7.309349698622905067e-02,-8.188616664192880554e-08
5.286528652865285949e+00,7.309128340477115404e-02,-7.376197731175922942e-08
5.288028802880287316e+00,7.308906990952156180e-02,-6.546210118157009167e-08
5.289528952895289571e+00,7.308685650022946068e-02,-5.699020895196285563e-08
5.291029102910290938e+00,7.308464317663895815e-02,-4.835004686796957771e-08
5.292529252925292305e+00,7.308242993848906854e-02,-3.954543671902580225e-08
5.294029402940293672e+00,7.308021678551374078e-02,-3.058027583899470204e-08
5.295529552955295038e+00,7.307800371744180290e-02,-2.145853710615246695e-08
5.297029702970296405e+00,7.307579073399698977e-02,-1.218426894319868011e-08
5.298529852985297772e+00,7.307357783489798475e-02,-2.761595317250388669e-09
5.300030003000300027e+00,7.307136501985835031e-02,6.805284260162978413e-09
5.301530153015301394e+00,7.306915228858656963e-02,1.651209473307695221e-08
5.303030303030302761e+00,7.306693964078601888e-02,2.635448550112272879e-08
5.304530453045304128e+00,7.306472707615502271e-02,3.632803041951001680e-08
5.306030603060305495e+00,7.306251459438679874e-02,4.642822779902640219e-08
5.307530753075306862e+00,7.306030219516942981e-02,5.665050040604412444e-08
5.309030903090309117e+00,7.305808987818598887e-02,6.699019546251944136e-08
5.310531053105310484e+00,7.305587764311441412e-02,7.744258464597590012e-08
5.312031203120311851e+00,7.305366548962755058e-02,8.800286408953165411e-08
5.313531353135313218e+00,7.305145341739316400e-02,9.866615438188506334e-08
5.315031503150314585e+00,7.304924142607394089e-02,1.094275005673117298e-07
5.316531653165315952e+00,7.304702951532744681e-02,1.202818721456683094e-07
5.318031803180317318e+00,7.304481768480620973e-02,1.312241630723961111e-07
5.319531953195319574e+00,7.304260593415760894e-02,1.422491917585236391e-07
5.321032103210320940e+00,7.304039426302397220e-02,1.533517010706335577e-07
5.322532253225322307e+00,7.303818267104252027e-02,1.645263583309247366e-07
5.324032403240323674e+00,7.303597115784540850e-02,1.757677553171544412e-07
5.325532553255325041e+00,7.303375972305968522e-02,1.870704082626698846e-07
5.327032703270326408e+00,7.303154836630729174e-02,1.984287578563982744e-07
5.328532853285327775e+00,7.302933708720510397e-02,2.098371692428506251e-07
5.330033003300330030e+00,7.302712588536491856e-02,2.212899320221181575e-07
5.331533153315331397e+00,7.302491476039341123e-02,2.327812602498606526e-07
5.333033303330332764e+00,7.302270371189217846e-02,2.443052924373382150e-07
5.334533453345334131e+00,7.302049273945775132e-02,2.558560915513822619e-07
5.336033603360335498e+00,7.301828184268153998e-02,2.674276450144050528e-07
5.337533753375336865e+00,7.301607102114987535e-02,2.790138647044039239e-07
5.339033903390339120e+00,7.301386027444402294e-02,2.906085869549627710e-07
5.340534053405340487e+00,7.301164960214009958e-02,3.022055725552276970e-07
5.342034203420341854e+00,7.300943900380919838e-02,3.137985067499427992e-07
5.343534353435343220e+00,7.300722847901729151e-02,3.253809992394277229e-07
5.345034503450344587e+00,7.300501802732525802e-02,3.369465841795850727e-07
5.346534653465345954e+00,7.300280764828888380e-02,3.484887201818993540e-07
5.348034803480347321e+00,7.300059734145890322e-02,3.600007903134317850e-07
5.349534953495349576e+00,7.299838710638090200e-02,3.714761020968392486e-07
5.351035103510350943e+00,7.299617694259542822e-02,3.829078875103297178e-07
5.352535253525352310e+00,7.299396684963792292e-02,3.942893029877221831e-07
5.354035403540353677e+00,7.299175682703872015e-02,4.056134294184020770e-07
5.355535553555355044e+00,7.298954687432307464e-02,4.168732721473443564e-07
5.357035703570356411e+00,7.298733699101117578e-02,4.280617609750968791e-07
5.358535853585357778e+00,7.298512717661809202e-02,4.391717501577948032e-07
5.360036003600360033e+00,7.298291743065381254e-02,4.501960184071562465e-07
5.361536153615361400e+00,7.298070775262324728e-02,4.611272688904666162e-07
5.363036303630362767e+00,7.297849814202619911e-02,4.719581292306095255e-07
5.364536453645364134e+00,7.297628859835739168e-02,4.826811515060389476e-07
5.366036603660365500e+00,7.297407912110645545e-02,4.932888122507986972e-07
5.367536753675366867e+00,7.297186970975794162e-02,5.037735124545059136e-07
5.369036903690369122e+00,7.296966036379129439e-02,5.141275775623672599e-07
5.370537053705370489e+00,7.296745108268087865e-02,5.243432574751585948e-07
5.372037203720371856e+00,7.296524186589598004e-02,5.344127265492463594e-07
5.373537353735373223e+00,7.296303271290076331e-02,5.443280835965760371e-07
5.375037503750374590e+00,7.296082362315434167e-02,5.540813518846758587e-07
5.376537653765375957e+00,7.295861459611072131e-02,5.636644791366528854e-07
5.378037803780377324e+00,7.295640563121880140e-02,5.730693375311935380e-07
5.379537953795379579e+00,7.295419672792241572e-02,5.822877237025785260e-07
5.381038103810380946e+00,7.295198788566030490e-02,5.913113587406452600e-07
5.382538253825382313e+00,7.294977910386613029e-02,6.001318881908329570e-07
5.384038403840383680e+00,7.294757038196841847e-02,6.087408820541571228e-07
5.385538553855385047e+00,7.294536171939067226e-02,6.171298347872084937e-07
5.387038703870386414e+00,7.294315311555124581e-02,6.252901653021702945e-07
5.388538853885387780e+00,7.294094456986344177e-02,6.332132169667949453e-07
5.390039003900390036e+00,7.293873608173544187e-02,6.408902576044287312e-07
5.391539153915391402e+00,7.293652765057039022e-02,6.483124794939798269e-07
5.393039303930392769e+00,7.293431927576628226e-02,6.554709993699586365e-07
5.394539453945394136e+00,7.293211095671604804e-02,6.623568584224456064e-07
5.396039603960395503e+00,7.292990269280755222e-02,6.689610222971034015e-07
5.397539753975396870e+00,7.292769448342352467e-02,6.752743810951814575e-07
5.399039903990398237e+00,7.292548632794164376e-02,6.812877493735000996e-07
5.400540054005400492e+00,7.292327822573446694e-02,6.869918661444761652e-07
5.402040204020401859e+00,7.292107017616948628e-02,6.923773948760896513e-07
5.403540354035403226e+00,7.291886217860911457e-02,6.974349234919103970e-07
5.405040504050404593e+00,7.291665423241062982e-02,7.021549643711002004e-07
5.406540654065405960e+00,7.291444633692625854e-02,7.065279543483798906e-07
5.408040804080407327e+00,7.291223849150312020e-02,7.105442547140711494e-07
5.409540954095409582e+00,7.291003069548326887e-02,7.141941512140704659e-07
5.411041104110410949e+00,7.290782294820363774e-02,7.174678540498442651e-07
5.412541254125412316e+00,7.290561524899608070e-02,7.203554978784589783e-07
5.414041404140413682e+00,7.290340759718737240e-02,7.228471418125507615e-07
5.415541554155415049e+00,7.290119999209919432e-02,7.249327694203400004e-07
5.417041704170416416e+00,7.289899243304813481e-02,7.266022887256282405e-07
5.418541854185417783e+00,7.289678491934567517e-02,7.278455322077972339e-07
5.420042004200420038e+00,7.289457745029825908e-02,7.286522568018145510e-07
5.421542154215421405e+00,7.289237002520718156e-02,7.290121438982192866e-07
5.423042304230422772e+00,7.289016264336867224e-02,7.289147993431406948e-07
5.424542454245424139e+00,7.288795530407389534e-02,7.283497534382895069e-07
5.426042604260425506e+00,7.288574800660888031e-02,7.273064609409480849e-07
5.427542754275426873e+00,7.288354075025460510e-02,7.257743010639943494e-07
5.429042904290428240e+00,7.288133353428692673e-02,7.237425774758717110e-07
5.430543054305430495e+00,7.287912635797663685e-02,7.212005183006182918e-07
5.432043204320431862e+00,7.287691922058943395e-02,7.181372761178452213e-07
5.433543354335433229e+00,7.287471212138590948e-02,7.145419279627493410e-07
5.435043504350434596e+00,7.287250505962160341e-02,7.104034753261033581e-07
5.436543654365435962e+00,7.287029803454690702e-02,7.057108441542699274e-07
5.438043804380437329e+00,7.286809104540718784e-02,7.004528848491886279e-07
5.439543954395439584e+00,7.286588409144266476e-02,6.946183722683679164e-07
5.441044104410440951e+00,7.286367717188850512e-02,6.881960057249248318e-07
5.442544254425442318e+00,7.286147028597479702e-02,6.811744089875304675e-07
5.444044404440443685e+00,7.285926343938979588e-02,6.736375865046992550e-07
5.445544554455445052e+00,7.285705665630284877e-02,6.659425378691835843e-07
5.447044704470446419e+00,7.285484993936328091e-02,6.581284969794315304e-07
5.448544854485447786e+00,7.285264328887797181e-02,6.502001050669283042e-07
5.450045004500450041e+00,7.285043670515109482e-02,6.421619618749922813e-07
5.451545154515451408e+00,7.284823018848399223e-02,6.340186256587937422e-07
5.453045304530452775e+00,7.284602373917525853e-02,6.257746131853266027e-07
5.454545454545454142e+00,7.284381735752074039e-02,6.174343997334271545e-07
5.456045604560455509e+00,7.284161104381345342e-02,6.090024190937693008e-07
5.457545754575456876e+00,7.283940479834370707e-02,6.004830635688649795e-07
5.459045904590458242e+00,7.283719862139899359e-02,5.918806839730635281e-07
5.460546054605460498e+00,7.283499251326404356e-02,5.831995896325470252e-07
5.462046204620461864e+00,7.283278647422082586e-02,5.744440483853507248e-07
5.463546354635463231e+00,7.283058050454851995e-02,5.656182865813322458e-07
5.465046504650464598e+00,7.282837460452355749e-02,5.567264890821920063e-07
5.466546654665465965e+00,7.282616877441958070e-02,5.477727992614682477e-07
5.468046804680467332e+00,7.282396301450745624e-02,5.387613190045366110e-07
5.469546954695469587e+00,7.282175732505528909e-02,5.296961087086055839e-07
5.471047104710470954e+00,7.281955170632840868e-02,5.205811872827371474e-07
5.472547254725472321e+00,7.281734615858936888e-02,5.114205321478151178e-07
5.474047404740473688e+00,7.281514068209797574e-02,5.022180792365662168e-07
5.475547554755475055e+00,7.281293527711120428e-02,4.929777229935550950e-07
5.477047704770476422e+00,7.281072994388333719e-02,4.837033163751841203e-07
5.478547854785477789e+00,7.280852468266581223e-02,4.743986708496932718e-07
5.480048004800480044e+00,7.280631949370733325e-02,4.650675563971546344e-07
5.481548154815481411e+00,7.280411437725384238e-02,4.557137015094949509e-07
5.483048304830482778e+00,7.280190933354847849e-02,4.463407931904618993e-07
5.484548454845484144e+00,7.279970436283161872e-02,4.369524769556463809e-07
5.486048604860485511e+00,7.279749946534087857e-02,4.275523568324771727e-07
5.487548754875486878e+00,7.279529464131109795e-02,4.181439953602206102e-07
5.489048904890488245e+00,7.279308989097434124e-02,4.087309135899811169e-07
5.490549054905490500e+00,7.279088521455988336e-02,3.993165910846947452e-07
5.492049204920491867e+00,7.278868061229426534e-02,3.899044659191524173e-07
5.493549354935493234e+00,7.278647608440122485e-02,3.804979346799659380e-07
5.495049504950494601e+00,7.278427163110173792e-02,3.711003524655903346e-07
5.496549654965495968e+00,7.278206725261401888e-02,3.617150328863185110e-07
5.498049804980497335e+00,7.277986294915349264e-02,3.523452480642809292e-07
5.499549954995499590e+00,7.277765872093282240e-02,3.429942286334406332e-07
5.501050105010500957e+00,7.277545456816188196e-02,3.336651637396145311e-07
5.502550255025502324e+00,7.277325049104781118e-02,3.243612010404408897e-07
5.504050405040503691e+00,7.277104648979493273e-02,3.150854467054013576e-07
5.505550555055505058e+00,7.276884256460483535e-02,3.058409654158149830e-07
5.507050705070506424e+00,7.276663871567630448e-02,2.966307803648388490e-07
5.508550855085507791e+00,7.276443494320537775e-02,2.874578732574676500e-07
5.510051005100510046e+00,7.276223124738530335e-02,2.783251843105283449e-07
5.511551155115511413e+00,7.276002762840656779e-02,2.692356122527023388e-07
5.513051305130512780e+00,7.275782408645689592e-02,2.601920143244914955e-07
5.514551455145514147e+00,7.275562062172119537e-02,2.511972062782420138e-07
5.516051605160515514e+00,7.275341723438166763e-02,2.422539623781370154e-07
5.517551755175516881e+00,7.275121392461768310e-02,2.333650154001976569e-07
5.519051905190518248e+00,7.274901069260587827e-02,2.245330566322827594e-07
5.520552055205520503e+00,7.274680753852010018e-02,2.157607358740838845e-07
5.522052205220521870e+00,7.274460446253142032e-02,2.070506614371456110e-07
5.523552355235523237e+00,7.274240146480816238e-02,1.984054001448348823e-07
5.525052505250524604e+00,7.274019854551584674e-02,1.898274773323613351e-07
5.526552655265525971e+00,7.273799570481724597e-02,1.813193768467727473e-07
5.528052805280527338e+00,7.273579294287234320e-02,1.728835410469539784e-07
5.529552955295529593e+00,7.273359025983834603e-02,1.645223708036233702e-07
5.531053105310530960e+00,7.273138765586972809e-02,1.562382254993516988e-07
5.532553255325532326e+00,7.272918513111814587e-02,1.480334230285322109e-07
5.534053405340533693e+00,7.272698268573250802e-02,1.399102397974010586e-07
5.535553555355535060e+00,7.272478031985894764e-02,1.318709107240322170e-07
5.537053705370536427e+00,7.272257803364080841e-02,1.239176292383374846e-07
5.538553855385537794e+00,7.272037582721870008e-02,1.160525472820661651e-07
5.540054005400540049e+00,7.271817370073041520e-02,1.082777753088009384e-07
5.541554155415541416e+00,7.271597165431099852e-02,1.005953822839755424e-07
5.543054305430542783e+00,7.271376968809273311e-02,9.300739568484819758e-08
5.544554455445544150e+00,7.271156780220509874e-02,8.551580150051950003e-08
5.546054605460545517e+00,7.270936599677482737e-02,7.812254423192702208e-08
5.547554755475546884e+00,7.270716427192588927e-02,7.082952689184679440e-08
5.549054905490548251e+00,7.270496262777945140e-02,6.363861100489224727e-08
5.550555055505550506e+00,7.270276106445391906e-02,5.655161660751082243e-08
5.552055205520551873e+00,7.270055958206493585e-02,4.957032224799932555e-08
5.553555355535553240e+00,7.269835818072536981e-02,4.269646498648095046e-08
5.555055505550554606e+00,7.269615686054529957e-02,3.593174039491957286e-08
5.556555655565555973e+00,7.269395562163206981e-02,2.927780255711784445e-08
5.558055805580557340e+00,7.269175446409022190e-02,2.273626406871549889e-08
5.559555955595559595e+00,7.268955338802152166e-02,1.630869603718638721e-08
5.561056105610560962e+00,7.268735239352497324e-02,9.996628081853512579e-09
5.562556255625562329e+00,7.268515148069683296e-02,3.801548333866478109e-09
5.564056405640563696e+00,7.268295064963052610e-02,-2.275096563784113603e-09
5.565556555655565063e+00,7.268074990041678562e-02,-8.231901456269836852e-09
5.567056705670566430e+00,7.267854923314348570e-02,-1.406750267692380755e-08
5.568556855685567797e+00,7.267634864789579430e-02,-1.978057804724227140e-08
5.570057005700570052e+00,7.267414814475607610e-02,-2.536984687688672149e-08
5.571557155715571419e+00,7.267194772380394796e-02,-3.083406996367087518e-08
5.573057305730572786e+00,7.266974738511620957e-02,-3.617204959358089697e-08
5.574557455745574153e+00,7.266754712876694056e-02,-4.138262954076163424e-08
5.576057605760575520e+00,7.266534695482741724e-02,-4.646469506752032303e-08
5.577557755775576886e+00,7.266314686336615425e-02,-5.141717292432679977e-08
5.579057905790578253e+00,7.266094685444887680e-02,-5.623903134981254840e-08
5.580558055805580508e+00,7.265874692813857616e-02,-6.092928007077419435e-08
5.582058205820581875e+00,7.265654708449542643e-02,-6.548697030216302253e-08
5.583558355835583242e+00,7.265434732357686776e-02,-6.991119474709990628e-08
5.585058505850584609e+00,7.265214764543755088e-02,-7.420108759686598998e-08
5.586558655865585976e+00,7.264994805012935097e-02,-7.835582453090438317e-08
5.588058805880587343e+00,7.264774853770136764e-02,-8.237462271682037227e-08
5.589558955895589598e+00,7.264554910819995270e-02,-8.625674081038374993e-08
5.591059105910590965e+00,7.264334976166865465e-02,-9.000147895552002705e-08
5.592559255925592332e+00,7.264115049814827418e-02,-9.360817878432366769e-08
5.594059405940593699e+00,7.263895131767683644e-02,-9.707622341704908936e-08
5.595559555955595066e+00,7.263675222028957712e-02,-1.004050374621128864e-07
5.597059705970596433e+00,7.263455320601897025e-02,-1.035940870160942537e-07
5.598559855985597800e+00,7.263235427489472817e-02,-1.066428796637344569e-07
5.600060006000600055e+00,7.263015542694377380e-02,-1.095509644779382093e-07
5.601560156015601422e+00,7.262795666219026836e-02,-1.123179320197683776e-07
5.603060306030602788e+00,7.262575798065559751e-02,-1.149434143384547701e-07
5.604560456045604155e+00,7.262355938235838526e-02,-1.174270849713868305e-07
5.606060606060605522e+00,7.262136086731446616e-02,-1.197686589441185092e-07
5.607560756075606889e+00,7.261916243553691308e-02,-1.219678927703636039e-07
5.609060906090608256e+00,7.261696408703602335e-02,-1.240245844519991479e-07
5.610561056105610511e+00,7.261476582181931871e-02,-1.259385734790662573e-07
5.612061206120611878e+00,7.261256763989155927e-02,-1.277097408297639902e-07
5.613561356135613245e+00,7.261036954125472953e-02,-1.293380089704572868e-07
5.615061506150614612e+00,7.260817152590803847e-02,-1.308233418556727353e-07
5.616561656165615979e+00,7.260597359384791949e-02,-1.321657449280983594e-07
5.618061806180617346e+00,7.260377574506805820e-02,-1.333652651185847832e-07
5.619561956195619601e+00,7.260157797955930914e-02,-1.344219908461459724e-07
5.621062106210620968e+00,7.259938029730983455e-02,-1.353360520179557403e-07
5.622562256225622335e+00,7.259718269830496562e-02,-1.361076200293517710e-07
5.624062406240623702e+00,7.259498518252727184e-02,-1.367369077638342434e-07
5.625562556255625069e+00,7.259278774995658878e-02,-1.372241695930656188e-07
5.627062706270626435e+00,7.259059040056992096e-02,-1.375697013768695827e-07
5.628562856285627802e+00,7.258839313434153895e-02,-1.377738404632326329e-07
5.630063006300630057e+00,7.258619595124292390e-02,-1.378369656883039732e-07
5.631563156315631424e+00,7.258399885124280915e-02,-1.377594973763944550e-07
5.633063306330632791e+00,7.258180183430713861e-02,-1.375418973399774243e-07
5.634563456345634158e+00,7.257960490039908064e-02,-1.371846688796885098e-07
5.636063606360635525e+00,7.257740804947904190e-02,-1.366883567843257288e-07
5.637563756375636892e+00,7.257521128150462575e-02,-1.360535473308494874e-07
5.639063906390638259e+00,7.257301459643072938e-02,-1.352808682843814154e-07
5.640564056405640514e+00,7.257081799420940504e-02,-1.343709888982061669e-07
5.642064206420641881e+00,7.256862147478998493e-02,-1.333246199137719491e-07
5.643564356435643248e+00,7.256642503811901179e-02,-1.321425135606871342e-07
5.645064506450644615e+00,7.256422868414023897e-02,-1.308254635567230129e-07
5.646564656465645982e+00,7.256203241279467198e-02,-1.293743051078138994e-07
5.648064806480647349e+00,7.255983622402052691e-02,-1.277899149080554380e-07
5.649564956495649604e+00,7.255764011775327205e-02,-1.260732111397047086e-07
5.651065106510650971e+00,7.255544409392557237e-02,-1.242251534731847798e-07
5.652565256525652337e+00,7.255324815246734504e-02,-1.222467430670768735e-07
5.654065406540653704e+00,7.255105229330573169e-02,-1.201390225681267179e-07
5.655565556555655071e+00,7.254885651636508448e-02,-1.179030761112413711e-07
5.657065706570656438e+00,7.254666082156699392e-02,-1.155400293194901739e-07
5.658565856585657805e+00,7.254446520883030269e-02,-1.130510493041055970e-07
5.660066006600660060e+00,7.254226967807102244e-02,-1.104373446644794291e-07
5.661566156615661427e+00,7.254007422920245862e-02,-1.077001654881718828e-07
5.663066306630662794e+00,7.253787886213511338e-02,-1.048408033508993123e-07
5.664566456645664161e+00,7.253568357677671330e-02,-1.018605913165437431e-07
5.666066606660665528e+00,7.253348837303220942e-02,-9.876090393714747118e-08
5.667566756675666895e+00,7.253129325080379108e-02,-9.554315725291624044e-08
5.669066906690668262e+00,7.252909820999088597e-02,-9.220880879221818320e-08
5.670567056705670517e+00,7.252690325049013231e-02,-8.875935757158074999e-08
5.672067206720671884e+00,7.252470837219539279e-02,-8.519634409570013273e-08
5.673567356735673251e+00,7.252251357499778228e-02,-8.152135035742961803e-08
5.675067506750674617e+00,7.252031885878561235e-02,-7.773599983778530465e-08
5.676567656765675984e+00,7.251812422344444675e-02,-7.384195750594620943e-08
5.678067806780677351e+00,7.251592966885707370e-02,-6.984092981925426720e-08
5.679567956795679606e+00,7.251373519490349195e-02,-6.573466472321020159e-08
5.681068106810680973e+00,7.251154080146095249e-02,-6.152495165148474817e-08
5.682568256825682340e+00,7.250934648840390295e-02,-5.721362152590383134e-08
5.684068406840683707e+00,7.250715225560407096e-02,-5.280254675645777590e-08
5.685568556855685074e+00,7.250495810293033916e-02,-4.829364124129908350e-08
5.687068706870686441e+00,7.250276403024889793e-02,-4.368886036674253858e-08
5.688568856885687808e+00,7.250057003742309270e-02,-3.899020100726626712e-08
5.690069006900690063e+00,7.249837612431354883e-02,-3.419970152550548983e-08
5.691569156915691430e+00,7.249618229077810228e-02,-2.931944177226850980e-08
5.693069306930692797e+00,7.249398853667179954e-02,-2.435154308651617206e-08
5.694569456945694164e+00,7.249179486184695320e-02,-1.929816829537531016e-08
5.696069606960695531e+00,7.248960126615305866e-02,-1.416152171413366397e-08
5.697569756975696897e+00,7.248740774943687737e-02,-8.943849146241891439e-09
5.699069906990698264e+00,7.248521431154238137e-02,-3.647437883314415559e-09
5.700570057005700519e+00,7.248302095231076714e-02,1.725383294878410641e-09
5.702070207020701886e+00,7.248082767158045558e-02,7.172244120390928234e-09
5.703570357035703253e+00,7.247863446918713370e-02,1.269073283712811278e-08
5.705070507050704620e+00,7.247644134496365742e-02,1.827839620082651608e-08
5.706570657065705987e+00,7.247424829874016261e-02,2.393273947906294827e-08
5.708070807080707354e+00,7.247205533034398184e-02,2.965122645124907797e-08
5.709570957095709609e+00,7.246986243959967211e-02,3.543127940864159671e-08
5.711071107110710976e+00,7.246766962632905651e-02,4.127027915432083131e-08
5.712571257125712343e+00,7.246547689035114093e-02,4.716556500321657843e-08
5.714071407140713710e+00,7.246328423148218345e-02,5.311443478209465786e-08
5.715571557155715077e+00,7.246109164953566661e-02,5.911414482955585379e-08
5.717071707170716444e+00,7.245889914432231127e-02,6.516190999604120874e-08
5.718571857185717811e+00,7.245670671565003496e-02,7.125490364382609433e-08
5.720072007200720066e+00,7.245451436332400741e-02,7.739025764703058742e-08
5.721572157215721433e+00,7.245232208714662281e-02,8.356506239160094129e-08
5.723072307230722799e+00,7.245012988691749978e-02,8.977636677533076145e-08
5.724572457245724166e+00,7.244793776243350913e-02,9.602117820784861779e-08
5.726072607260725533e+00,7.244574571348870451e-02,1.022964626106199504e-07
5.727572757275726900e+00,7.244355373987439173e-02,1.085991444169501400e-07
5.729072907290728267e+00,7.244136184137910106e-02,1.149261065719800612e-07
5.730573057305730522e+00,7.243917001778861497e-02,1.212741905326932821e-07
5.732073207320731889e+00,7.243697826888589875e-02,1.276401962678977473e-07
5.733573357335733256e+00,7.243478659445116985e-02,1.340208822582539415e-07
5.735073507350734623e+00,7.243259499426188408e-02,1.404129654962527613e-07
5.736573657365735990e+00,7.243040346809270780e-02,1.468131214862269496e-07
5.738073807380737357e+00,7.242821201571555956e-02,1.532179842443418845e-07
5.739573957395739612e+00,7.242602063689952685e-02,1.596241462986086020e-07
5.741074107410740979e+00,7.242382933141100487e-02,1.660281586888628324e-07
5.742574257425742346e+00,7.242163809901355775e-02,1.724265309667886112e-07
5.744074407440743713e+00,7.241944693946798794e-02,1.788157311959074792e-07
5.745574557455745079e+00,7.241725585253236397e-02,1.851921859515731888e-07
5.747074707470746446e+00,7.241506483796193716e-02,1.915522803209812330e-07
5.748574857485747813e+00,7.241287389550919718e-02,1.978923579031649281e-07
5.750075007500750068e+00,7.241068302492388586e-02,2.042087208089960485e-07
5.751575157515751435e+00,7.240849222595292789e-02,2.104976296611761450e-07
5.753075307530752802e+00,7.240630149834052787e-02,2.167553035942547031e-07
5.754575457545754169e+00,7.240411084182808710e-02,2.229779202546120962e-07
5.756075607560755536e+00,7.240192025615423133e-02,2.291616158004721853e-07
5.757575757575756903e+00,7.239972974105482462e-02,2.353024849018919430e-07
5.759075907590758270e+00,7.239753929626296935e-02,2.413965807407681768e-07
5.760576057605760525e+00,7.239534892150897849e-02,2.474399150108384287e-07
5.762076207620761892e+00,7.239315861652040329e-02,2.534284579176683760e-07
5.763576357635763259e+00,7.239096838102200560e-02,2.593581381786693014e-07
5.765076507650764626e+00,7.238877821473579943e-02,2.652248430230886694e-07
5.766576657665765993e+00,7.238658811738102328e-02,2.710244181920128265e-07
5.768076807680767359e+00,7.238439808867411229e-02,2.767526679383630305e-07
5.769576957695769615e+00,7.238220812832876772e-02,2.824053550269040269e-07
5.771077107710770981e+00,7.238001823605590135e-02,2.879782007342274788e-07
5.772577257725772348e+00,7.237782841156366331e-02,2.934668848487716075e-07
5.774077407740773715e+00,7.237563865455741430e-02,2.988670456708103927e-07
5.775577557755775082e+00,7.237344896473975331e-02,3.041742800124566959e-07
5.777077707770776449e+00,7.237125934181050380e-02,3.093841431976571256e-07
5.778577857785777816e+00,7.236906978546674141e-02,3.144921490622006659e-07
5.780078007800780071e+00,7.236688029540271072e-02,3.194937699537130655e-07
5.781578157815781438e+00,7.236469087130996403e-02,3.243844367316526552e-07
5.783078307830782805e+00,7.236250151287720866e-02,3.291595387673204061e-07
5.784578457845784172e+00,7.236031221979041805e-02,3.338144239438569656e-07
5.786078607860785539e+00,7.235812299173279005e-02,3.383443986562351395e-07
5.787578757875786906e+00,7.235593382838473309e-02,3.427447278112676215e-07
5.789078907890788273e+00,7.235374472942392166e-02,3.470106348276091636e-07
5.790579057905790528e+00,7.235155569452521307e-02,3.511373016357480525e-07
5.792079207920791895e+00,7.234936672336071684e-02,3.551198686780063221e-07
5.793579357935793261e+00,7.234717781559978078e-02,3.589534349085499170e-07
5.795079507950794628e+00,7.234498897090893554e-02,3.626330577933821289e-07
5.796579657965795995e+00,7.234280018895200559e-02,3.661537533103426959e-07
5.798079807980797362e+00,7.234061146938998432e-02,3.695104959491067440e-07
5.799579957995799617e+00,7.233842281188111734e-02,3.726982187111953222e-07
5.801080108010800984e+00,7.233623421608088855e-02,3.757118131099545971e-07
5.802580258025802351e+00,7.233404568164199244e-02,3.785461291705769757e-07
5.804080408040803718e+00,7.233185720821436182e-02,3.811959754300904646e-07
5.805580558055805085e+00,7.232966879544515393e-02,3.836561189373634349e-07
5.807080708070806452e+00,7.232748044297875045e-02,3.859212852530986394e-07
5.808580858085807819e+00,7.232529215045677140e-02,3.879861584498370248e-07
5.810081008100810074e+00,7.232310391751803347e-02,3.898453811119577844e-07
5.811581158115811441e+00,7.232091574379863330e-02,3.914935543356778815e-07
5.813081308130812808e+00,7.231872762893186424e-02,3.929252377290533733e-07
5.814581458145814175e+00,7.231653957254823017e-02,3.941349494119762342e-07
5.816081608160815541e+00,7.231435157427548721e-02,3.951171660161739852e-07
5.817581758175816908e+00,7.231216363373864364e-02,3.958663226852191704e-07
5.819081908190818275e+00,7.230997575055987669e-02,3.963768130745155923e-07
5.820582058205820530e+00,7.230778792435862967e-02,3.966429893513039238e-07
5.822082208220821897e+00,7.230560015475158420e-02,3.966591621946694899e-07
5.823582358235823264e+00,7.230341244135260470e-02,3.964196007955280273e-07
5.825082508250824631e+00,7.230122478377283557e-02,3.959185328566384427e-07
5.826582658265825998e+00,7.229903718162060400e-02,3.951501445925932307e-07
5.828082808280827365e+00,7.229684963450150326e-02,3.941085807298249855e-07
5.829582958295829620e+00,7.229466214201832330e-02,3.927879445066025361e-07
5.831083108310830987e+00,7.229247470377110629e-02,3.911822976730373522e-07
5.832583258325832354e+00,7.229028731935710494e-02,3.892856604910696210e-07
5.834083408340833721e+00,7.228809998837081030e-02,3.870920117344866172e-07
5.835583558355835088e+00,7.228591271040393784e-02,3.845952886889055507e-07
5.837083708370836455e+00,7.228372548504542749e-02,3.817893871517893424e-07
5.838583858385837821e+00,7.228153831188144363e-02,3.786681614324296836e-07
5.840084008400840077e+00,7.227935119049540280e-02,3.752254243519611182e-07
5.841584158415841443e+00,7.227716412046791827e-02,3.714549472433571777e-07
5.843084308430842810e+00,7.227497710199254355e-02,3.673594691796092152e-07
5.844584458445844177e+00,7.227279014108382860e-02,3.630270030644652124e-07
5.846084608460845544e+00,7.227060323964749899e-02,3.584856282708996110e-07
5.847584758475846911e+00,7.226841639803412154e-02,3.537406862935859507e-07
5.849084908490848278e+00,7.226622961659165401e-02,3.487974798916653502e-07
5.850585058505850533e+00,7.226404289566552841e-02,3.436612730887434371e-07
5.852085208520851900e+00,7.226185623559860938e-02,3.383372911729026295e-07
5.853585358535853267e+00,7.225966963673118026e-02,3.328307206966837134e-07
5.855085508550854634e+00,7.225748309940097092e-02,3.271467094770982304e-07
5.856585658565856001e+00,7.225529662394314379e-02,3.212903665956251424e-07
5.858085808580857368e+00,7.225311021069032169e-02,3.152667623982111495e-07
5.859585958595859623e+00,7.225092385997250455e-02,3.090809284952666662e-07
5.861086108610860990e+00,7.224873757211720815e-02,3.027378577616808566e-07
5.862586258625862357e+00,7.224655134744929763e-02,2.962425043367995055e-07
5.864086408640863723e+00,7.224436518629115400e-02,2.895997836244395240e-07
5.865586558655865090e+00,7.224217908896253537e-02,2.828145722928854552e-07
5.867086708670866457e+00,7.223999305578067409e-02,2.758917082748893686e-07
5.868586858685867824e+00,7.223780708706022124e-02,2.688359907676711245e-07
5.870087008700870079e+00,7.223562118311324665e-02,2.616521802329135568e-07
5.871587158715871446e+00,7.223343534424929435e-02,2.543449983967801018e-07
5.873087308730872813e+00,7.223124957077532715e-02,2.469191282498890695e-07
5.874587458745874180e+00,7.222906386299572656e-02,2.393792140473303724e-07
5.876087608760875547e+00,7.222687822121233447e-02,2.317298613086617671e-07
5.877587758775876914e+00,7.222469264572442538e-02,2.239756368179083775e-07
5.879087908790878281e+00,7.222250713682867862e-02,2.161210686235630128e-07
5.880588058805880536e+00,7.222032169481926167e-02,2.081706460385812966e-07
5.882088208820881903e+00,7.221813631998774685e-02,2.001288196404006727e-07
5.883588358835883270e+00,7.221595101262313909e-02,1.920000012709118968e-07
5.885088508850884637e+00,7.221376577301188981e-02,1.837885640364781212e-07
5.886588658865886003e+00,7.221158060143788304e-02,1.754988423079301306e-07
5.888088808880887370e+00,7.220939549818244929e-02,1.671351317205661301e-07
5.889588958895889625e+00,7.220721046352432393e-02,1.587016891741469803e-07
5.891089108910890992e+00,7.220502549773971657e-02,1.502027328329162091e-07
5.892589258925892359e+00,7.220284060110224167e-02,1.416424421255698359e-07
5.894089408940893726e+00,7.220065577388298794e-02,1.330249577452764883e-07
5.895589558955895093e+00,7.219847101635042119e-02,1.243543816496723998e-07
5.897089708970896460e+00,7.219628632877050922e-02,1.156347770608611713e-07
5.898589858985897827e+00,7.219410171140659693e-02,1.068701684654145124e-07
5.900090009000900082e+00,7.219191716451951735e-02,9.806454161436588833e-08
5.901590159015901449e+00,7.218973268836750834e-02,8.922184352323233155e-08
5.903090309030902816e+00,7.218754828320624040e-02,8.034598247198294232e-08
5.904590459045904183e+00,7.218536394928883049e-02,7.144082800505916471e-08
5.906090609060905550e+00,7.218317968686582820e-02,6.251021093137049846e-08
5.907590759075906917e+00,7.218099549618524347e-02,5.355792332429365196e-08
5.909090909090908283e+00,7.217881137749247722e-02,4.458771852167317750e-08
5.910591059105910539e+00,7.217662733103039074e-02,3.560331112581591267e-08
5.912091209120911905e+00,7.217444335703930569e-02,2.660837700351189141e-08
5.913591359135913272e+00,7.217225945575692081e-02,1.760655328600310974e-08
5.915091509150914639e+00,7.217007562741840909e-02,8.601438369004383911e-09
5.916591659165916006e+00,7.216789187225640390e-02,-4.034080873019435614e-10
5.918091809180917373e+00,7.216570819050091568e-02,-9.404465158265897985e-09
5.919591959195919628e+00,7.216352458237941525e-02,-1.839825065477527235e-08
5.921092109210920995e+00,7.216134104811684769e-02,-2.738132112323413385e-08
5.922592259225922362e+00,7.215915758793552126e-02,-3.635027184559543468e-08
5.924092409240923729e+00,7.215697420205524626e-02,-4.530173683933861857e-08
5.925592559255925096e+00,7.215479089069323781e-02,-5.423238885747570885e-08
5.927092709270926463e+00,7.215260765406415755e-02,-6.313893938855167903e-08
5.928592859285927830e+00,7.215042449238007194e-02,-7.201813865664302342e-08
5.930093009300930085e+00,7.214824140585053558e-02,-8.086677562136463928e-08
5.931593159315931452e+00,7.214605839468249404e-02,-8.968167797784759222e-08
5.933093309330932819e+00,7.214387545908035326e-02,-9.845971215677156811e-08
5.934593459345934185e+00,7.214169259924595179e-02,-1.071977833243431150e-07
5.936093609360935552e+00,7.213950981537856078e-02,-1.158928353823011486e-07
5.937593759375936919e+00,7.213732710767488399e-02,-1.245418509679174293e-07
5.939093909390938286e+00,7.213514447632907167e-02,-1.331418514539952378e-07
5.940594059405940541e+00,7.213296192153269282e-02,-1.416898969488767876e-07
5.942094209420941908e+00,7.213077944347476289e-02,-1.501830862964197720e-07
5.943594359435943275e+00,7.212859704234174385e-02,-1.586185570760308223e-07
5.945094509450944642e+00,7.212641471831750251e-02,-1.669934856026435910e-07
5.946594659465946009e+00,7.212423247158339379e-02,-1.753050869267238333e-07
5.948094809480947376e+00,7.212205030231814973e-02,-1.835506148342699372e-07
5.949594959495949631e+00,7.211986821069797660e-02,-1.917273618468175820e-07
5.951095109510950998e+00,7.211768619689649940e-02,-1.998326592214201503e-07
5.952595259525952365e+00,7.211550426108478962e-02,-2.078638769506781630e-07
5.954095409540953732e+00,7.211332240343135136e-02,-2.158184237627197971e-07
5.955595559555955099e+00,7.211114062410212133e-02,-2.236937471212053325e-07
5.957095709570956465e+00,7.210895892326048273e-02,-2.314873332253278937e-07
5.958595859585957832e+00,7.210677730106723748e-02,-2.391967070098123906e-07
5.960096009600960087e+00,7.210459575768062013e-02,-2.468194321449213420e-07
5.961596159615961454e+00,7.210241429325633944e-02,-2.543531110364356055e-07
5.963096309630962821e+00,7.210023290794749518e-02,-2.617953848256826474e-07
5.964596459645964188e+00,7.209805160190466133e-02,-2.691439333895167428e-07
5.966096609660965555e+00,7.209587037527580289e-02,-2.763964753403257528e-07
5.967596759675966922e+00,7.209368922820637293e-02,-2.835507680260295354e-07
5.969096909690968289e+00,7.209150816083920166e-02,-2.906046075300799460e-07
5.970597059705970544e+00,7.208932717331462126e-02,-2.975558286714658136e-07
5.972097209720971911e+00,7.208714626577035489e-02,-3.044023050046959999e-07
5.973597359735973278e+00,7.208496543834155834e-02,-3.111419488198242814e-07
5.975097509750974645e+00,7.208278469116086162e-02,-3.177727111424320906e-07
5.976597659765976012e+00,7.208060402435828573e-02,-3.242925817336342340e-07
5.978097809780977379e+00,7.207842343806132590e-02,-3.306995890900767738e-07
5.979597959795979634e+00,7.207624293239488222e-02,-3.369918004439429578e-07
5.981098109810981001e+00,7.207406250748131515e-02,-3.431673217629370196e-07
5.982598259825982367e+00,7.207188216344041776e-02,-3.492242977503063073e-07
5.984098409840983734e+00,7.206970190038938795e-02,-3.551609118448273077e-07
5.985598559855985101e+00,7.206752171844291177e-02,-3.609753862208088222e-07
5.987098709870986468e+00,7.206534161771306624e-02,-3.666659817880918616e-07
5.988598859885987835e+00,7.206316159830938872e-02,-3.722309981920503865e-07
5.990099009900990090e+00,7.206098166033883534e-02,-3.776687738135933196e-07
5.991599159915991457e+00,7.205880180390582257e-02,-3.829776857691531105e-07
5.993099309930992824e+00,7.205662202911217173e-02,-3.881561499107033117e-07
5.994599459945994191e+00,7.205444233605717841e-02,-3.932026208257474611e-07
5.996099609960995558e+00,7.205226272483754302e-02,-3.981155918373214117e-07
5.997599759975996925e+00,7.205008319554739860e-02,-4.028935950039929077e-07
5.999099909990998292e+00,7.204790374827835242e-02,-4.075352011198627496e-07
6.000600060006000547e+00,7.204572438311938887e-02,-4.120390197145664877e-07
6.002100210021001914e+00,7.204354510015699431e-02,-4.164036990532641524e-07
6.003600360036003281e+00,7.204136589947504610e-02,-4.206279261366562417e-07
6.005100510051004647e+00,7.203918678115486807e-02,-4.247104267009727095e-07
6.006600660066006014e+00,7.203700774527521666e-02,-4.286499652179767778e-07
6.008100810081007381e+00,7.203482879191230870e-02,-4.324453448949626069e-07
6.009600960096009636e+00,7.203264992113975196e-02,-4.360954076747605897e-07
6.011101110111011003e+00,7.203047113302864235e-02,-4.395990342357258104e-07
6.012601260126012370e+00,7.202829242764746676e-02,-4.429551439917528682e-07
6.014101410141013737e+00,7.202611380506217242e-02,-4.461626950922664536e-07
6.015601560156015104e+00,7.202393526533613921e-02,-4.492206844222234660e-07
6.017101710171016471e+00,7.202175680853019346e-02,-4.521281476021138612e-07
6.018601860186017838e+00,7.201957843470255249e-02,-4.548841589879593801e-07
6.020102010201020093e+00,7.201740014390892175e-02,-4.574878316713156670e-07
6.021602160216021460e+00,7.201522193620242540e-02,-4.599383174792665517e-07
6.023102310231022827e+00,7.201304381163362023e-02,-4.622348069744333668e-07
6.024602460246024194e+00,7.201086577025049562e-02,-4.643765294549666897e-07
6.026102610261025561e+00,7.200868781209847358e-02,-4.663627529545514240e-07
6.027602760276026927e+00,7.200650993722042259e-02,-4.681927842424039414e-07
6.029102910291028294e+00,7.200433214565665763e-02,-4.698659688232725050e-07
6.030603060306030549e+00,7.200215443744491239e-02,-4.713816909374398102e-07
6.032103210321031916e+00,7.199997681262033933e-02,-4.727393735607170559e-07
6.033603360336033283e+00,7.199779927121557899e-02,-4.739384784044523084e-07
6.035103510351034650e+00,7.199562181326064902e-02,-4.749785059155233022e-07
6.036603660366036017e+00,7.199344443878305522e-02,-4.758589952763412512e-07
6.038103810381037384e+00,7.199126714780768044e-02,-4.765795244048498961e-07
6.039603960396039639e+00,7.198908994035692344e-02,-4.771397099545243924e-07
6.041104110411041006e+00,7.198691281645053230e-02,-4.775392073143730047e-07
6.042604260426042373e+00,7.198473577610575713e-02,-4.777777106089365770e-07
6.044104410441043740e+00,7.198255881933723899e-02,-4.778549526982882155e-07
6.045604560456045107e+00,7.198038194615709318e-02,-4.777707051780330235e-07
6.047104710471046474e+00,7.197820515657485374e-02,-4.775247783793095841e-07
6.048604860486047841e+00,7.197602845059747345e-02,-4.771170213687865714e-07
6.050105010501050096e+00,7.197385182822936545e-02,-4.765473219486683101e-07
6.051605160516051463e+00,7.197167528947236159e-02,-4.758156066566894808e-07
6.053105310531052830e+00,7.196949883432575412e-02,-4.749218407661169200e-07
6.054605460546054196e+00,7.196732246278625400e-02,-4.738660282857520558e-07
6.056105610561055563e+00,7.196514617484800480e-02,-4.726482119599257724e-07
6.057605760576056930e+00,7.196296997050259658e-02,-4.712684732685035981e-07
6.059105910591058297e+00,7.196079384973903814e-02,-4.697269324268825292e-07
6.060606060606060552e+00,7.195861781254378475e-02,-4.680237483859908180e-07
6.062106210621061919e+00,7.195644185890075206e-02,-4.661591188322933729e-07
6.063606360636063286e+00,7.195426598879124669e-02,-4.641332801877826526e-07
6.065106510651064653e+00,7.195209020219403562e-02,-4.619465076099866069e-07
6.066606660666066020e+00,7.194991449908533232e-02,-4.595991149919630654e-07
6.068106810681067387e+00,7.194773887943875512e-02,-4.570914549623051373e-07
6.069606960696069642e+00,7.194556334322539659e-02,-4.544239188851346468e-07
6.071107110711071009e+00,7.194338789041375415e-02,-4.515969368601113443e-07
6.072607260726072376e+00,7.194121252096975783e-02,-4.486109777224222134e-07
6.074107410741073743e+00,7.193903723485682578e-02,-4.454665490427898344e-07
6.075607560756075110e+00,7.193686203203573937e-02,-4.421641971274665616e-07
6.077107710771076476e+00,7.193468691246475422e-02,-4.387045070182391819e-07
6.078607860786077843e+00,7.193251187609958630e-02,-4.350881024924267968e-07
6.080108010801080098e+00,7.193033692289332870e-02,-4.313156460628773290e-07
6.081608160816081465e+00,7.192816205279654873e-02,-4.273878389779791685e-07
6.083108310831082832e+00,7.192598726575726020e-02,-4.233054212216458207e-07
6.084608460846084199e+00,7.192381256172088178e-02,-4.190691715133254350e-07
6.086108610861085566e+00,7.192163794063027860e-02,-4.146799073079992171e-07
6.087608760876086933e+00,7.191946340242574842e-02,-4.101384847961798404e-07
6.089108910891088300e+00,7.191728894704506325e-02,-4.054457989039131401e-07
6.090609060906090555e+00,7.191511457442335831e-02,-4.006027832927730315e-07
6.092109210921091922e+00,7.191294028449327080e-02,-3.956104103598774971e-07
6.093609360936093289e+00,7.191076607718484281e-02,-3.904696912378646584e-07
6.095109510951094656e+00,7.190859195242556290e-02,-3.851816757949110925e-07
6.096609660966096023e+00,7.190641791014033835e-02,-3.797474526347235740e-07
6.098109810981097390e+00,7.190424395025152293e-02,-3.741681490965426749e-07
6.099609960996099645e+00,7.190207007267893080e-02,-3.684449312551367289e-07
6.101110111011101012e+00,7.189989627733978095e-02,-3.625790039208181375e-07
6.102610261026102378e+00,7.189772256414872498e-02,-3.565716106394198644e-07
6.104110411041103745e+00,7.189554893301786098e-02,-3.504240336923133291e-07
6.105610561056105112e+00,7.189337538385674742e-02,-3.441375940963985604e-07
6.107110711071106479e+00,7.189120191657234760e-02,-3.377136516041106547e-07
6.108610861086107846e+00,7.188902853106904356e-02,-3.311536047034182941e-07
6.110111011101110101e+00,7.188685522724871935e-02,-3.244588906178148519e-07
6.111611161116111468e+00,7.188468200501062222e-02,-3.176309853063395692e-07
6.113111311131112835e+00,7.188250886425148756e-02,-3.106714034635551081e-07
6.114611461146114202e+00,7.188033580486545560e-02,-3.035816985195560218e-07
6.116111611161115569e+00,7.187816282674411306e-02,-2.963634626399728845e-07
6.117611761176116936e+00,7.187598992977649315e-02,-2.890183267259645617e-07
6.119111911191118303e+00,7.187381711384904781e-02,-2.815479604142278456e-07
6.120612061206120558e+00,7.187164437884566159e-02,-2.739540720769832667e-07
6.122112211221121925e+00,7.186947172464769329e-02,-2.662384088219984939e-07
6.123612361236123292e+00,7.186729915113389267e-02,-2.584027564925598525e-07
6.125112511251124658e+00,7.186512665818046985e-02,-2.504489396674913822e-07
6.126612661266126025e+00,7.186295424566105372e-02,-2.423788216611489087e-07
6.128112811281127392e+00,7.186078191344671962e-02,-2.341943045234198310e-07
6.129612961296129647e+00,7.185860966140598938e-02,-2.258973290397229105e-07
6.131113111311131014e+00,7.185643748940480358e-02,-2.174898747310174817e-07
6.132613261326132381e+00,7.185426539730654927e-02,-2.089739598537864063e-07
6.134113411341133748e+00,7.185209338497204612e-02,-2.003516414000459196e-07
6.135613561356135115e+00,7.184992145225954641e-02,-1.916250150973489128e-07
6.137113711371136482e+00,7.184774959902473501e-02,-1.827962154087772039e-07
6.138613861386137849e+00,7.184557782512074331e-02,-1.738674155329452434e-07
6.140114011401140104e+00,7.184340613039813528e-02,-1.648408274039969381e-07
6.141614161416141471e+00,7.184123451470490751e-02,-1.557187016916211092e-07
6.143114311431142838e+00,7.183906297788650308e-02,-1.465033278010255520e-07
6.144614461446144205e+00,7.183689151978578380e-02,-1.371970338729572590e-07
6.146114611461145572e+00,7.183472014024305796e-02,-1.278021867836913022e-07
6.147614761476146938e+00,7.183254883909608035e-02,-1.183211921450372923e-07
6.149114911491148305e+00,7.183037761618001060e-02,-1.087564943043387426e-07
6.150615061506150560e+00,7.182820647132746872e-02,-9.911057634446422908e-08
6.152115211521151927e+00,7.182603540436850731e-02,-8.938596008383290648e-08
6.153615361536153294e+00,7.182386441513062547e-02,-7.958520607637591573e-08
6.155115511551154661e+00,7.182169350343872716e-02,-6.971091361156719468e-08
6.156615661566156028e+00,7.181952266911517668e-02,-5.976572071441093145e-08
6.158115811581157395e+00,7.181735191197977097e-02,-4.975230414544257026e-08
6.159615961596158762e+00,7.181518123184973956e-02,-3.967337940073341718e-08
6.161116111611161017e+00,7.181301062853974460e-02,-2.953170071187782876e-08
6.162616261626162384e+00,7.181084010186189470e-02,-1.933006104602058179e-08
6.164116411641163751e+00,7.180866965162573112e-02,-9.071292105823256654e-09
6.165616561656165118e+00,7.180649927763821383e-02,1.241735670516333831e-09
6.167116711671166485e+00,7.180432897970377704e-02,1.160611310926446206e-08
6.168616861686167852e+00,7.180215875762423205e-02,2.201889230116090886e-08
6.170117011701170107e+00,7.179998861119889220e-02,3.247708660141366959e-08
6.171617161716171474e+00,7.179781854022447563e-02,4.297767062968238399e-08
6.173117311731172840e+00,7.179564854449510536e-02,5.351758027011290575e-08
6.174617461746174207e+00,7.179347862380240641e-02,6.409371267131194447e-08
6.176117611761175574e+00,7.179130877793539478e-02,7.470292624635283606e-08
6.177617761776176941e+00,7.178913900668051906e-02,8.534204067277750147e-08
6.179117911791178308e+00,7.178696930982168822e-02,9.600783689259692322e-08
6.180618061806180563e+00,7.178479968714022996e-02,1.066970571122947452e-07
6.182118211821181930e+00,7.178263013841491846e-02,1.174064048028008560e-07
6.183618361836183297e+00,7.178046066342196052e-02,1.281325446995336343e-07
6.185118511851184664e+00,7.177829126193499554e-02,1.388721028023756767e-07
6.186618661866186031e+00,7.177612193372510940e-02,1.496216663756715735e-07
6.188118811881187398e+00,7.177395267856080674e-02,1.603777839482397414e-07
6.189618961896188765e+00,7.177178349620805253e-02,1.711369653133585000e-07
6.191119111911191020e+00,7.176961438643020275e-02,1.818956815287858976e-07
6.192619261926192387e+00,7.176744534898810146e-02,1.926503649167280802e-07
6.194119411941193754e+00,7.176527638364001149e-02,2.033974090638772223e-07
6.195619561956195120e+00,7.176310749014160051e-02,2.141331688213843162e-07
6.197119711971196487e+00,7.176093866824602430e-02,2.248539603048698391e-07
6.198619861986197854e+00,7.175876991770384350e-02,2.355560608944239652e-07
6.200120012001200109e+00,7.175660123826303749e-02,2.462357092346071742e-07
6.201620162016201476e+00,7.175443262966907376e-02,2.568891052344298697e-07
6.203120312031202843e+00,7.175226409166481079e-02,2.675124100673891987e-07
6.204620462046204210e+00,7.175009562399055352e-02,2.781017461714446726e-07
6.206120612061205577e+00,7.174792722638406728e-02,2.886531972490203120e-07
6.207620762076206944e+00,7.174575889858050837e-02,2.991628082670126396e-07
6.209120912091208311e+00,7.174359064031250732e-02,3.096265854567791403e-07
6.210621062106210566e+00,7.174142245131012730e-02,3.200404963141594893e-07
6.212121212121211933e+00,7.173925433130083629e-02,3.304004695994318242e-07
6.213621362136213300e+00,7.173708628000957654e-02,3.407023953373714024e-07
6.215121512151214667e+00,7.173491829715869517e-02,3.509421248172062900e-07
6.216621662166216034e+00,7.173275038246799962e-02,3.611154705926370031e-07
6.218121812181217400e+00,7.173058253565471609e-02,3.712182064818306839e-07
6.219621962196218767e+00,7.172841475643351727e-02,3.812460675674193010e-07
6.221122112211221022e+00,7.172624704451652233e-02,3.911947501965142077e-07
6.222622262226222389e+00,7.172407939961324141e-02,4.010599119806688199e-07
6.224122412241223756e+00,7.172191182143067278e-02,4.108371717959299140e-07
6.225622562256225123e+00,7.171974430967323344e-02,4.205221097828005167e-07
6.227122712271226490e+00,7.171757686404275911e-02,4.301102673462512338e-07
6.228622862286227857e+00,7.171540948423854589e-02,4.395971471557230032e-07
6.230123012301230112e+00,7.171324216995730860e-02,4.489782131451305362e-07
6.231623162316231479e+00,7.171107492089319468e-02,4.582488905128364296e-07
6.233123312331232846e+00,7.170890773673781193e-02,4.674045657216843588e-07
6.234623462346234213e+00,7.170674061718018688e-02,4.764405864989908728e-07
6.236123612361235580e+00,7.170457356190677867e-02,4.853522618365309939e-07
6.237623762376236947e+00,7.170240657060149292e-02,4.941348619905520883e-07
6.239123912391238314e+00,7.170023964294565400e-02,5.027836184817622193e-07
6.240624062406240569e+00,7.169807277861804662e-02,5.112937240953481467e-07
6.242124212421241936e+00,7.169590597729488812e-02,5.196603328809516099e-07
6.243624362436243302e+00,7.169373923864981457e-02,5.278785601526889155e-07
6.245124512451244669e+00,7.169157256235389464e-02,5.359434824891479728e-07
6.246624662466246036e+00,7.168940594807565736e-02,5.438501377333761177e-07
6.248124812481247403e+00,7.168723939548105051e-02,5.515935249928890062e-07
6.249624962496248770e+00,7.168507290423346834e-02,5.591686046396803558e-07
6.251125112511251025e+00,7.168290647399372384e-02,5.665702983101980165e-07
6.252625262526252392e+00,7.168074010442009036e-02,5.737934889053623938e-07
6.254125412541253759e+00,7.167857379516826000e-02,5.808330205905643313e-07
6.255625562556255126e+00,7.167640754589135743e-02,5.876836987956605576e-07
6.257125712571256493e+00,7.167424135623996773e-02,5.943402902149720982e-07
6.258625862586257860e+00,7.167207522586208079e-02,6.007975228072913698e-07
6.260126012601260115e+00,7.166990915440314691e-02,6.070500857958830266e-07
6.261626162616261482e+00,7.166774314150602121e-02,6.130926296684656439e-07
6.263126312631262849e+00,7.166557718681104694e-02,6.189197661772367051e-07
6.264626462646264216e+00,7.166341128995594445e-02,6.245260683388551320e-07
6.266126612661265582e+00,7.166124545057592221e-02,6.299060704344547312e-07
6.267626762676266949e+00,7.165907966830357967e-02,6.350542680096314887e-07
6.269126912691268316e+00,7.165691394276897663e-02,6.399651178744472755e-07
6.270627062706270571e+00,7.165474827359961940e-02,6.446330381034389537e-07
6.272127212721271938e+00,7.165258266042041913e-02,6.490524080356027057e-07
6.273627362736273305e+00,7.165041710285374732e-02,6.532175682744028226e-07
6.275127512751274672e+00,7.164825160051940811e-02,6.571228206877789042e-07
6.276627662766276039e+00,7.164608615303463823e-02,6.607624284081302940e-07
6.278127812781277406e+00,7.164392076001409315e-02,6.641306158323298443e-07
6.279627962796278773e+00,7.164175542106988870e-02,6.672215686217145983e-07
6.281128112811281028e+00,7.163959013581157331e-02,6.700294337020894961e-07
6.282628262826282395e+00,7.163742490384612804e-02,6.725483192637259984e-07
6.284128412841283762e+00,7.163525972477796655e-02,6.747722947613656859e-07
6.285628562856285129e+00,7.163309459820894898e-02,6.766953909142141188e-07
6.287128712871286496e+00,7.163092952373834033e-02,6.783115997059499424e-07
6.288628862886287862e+00,7.162876450096287984e-02,6.796148743847155693e-07
6.290129012901290118e+00,7.162659952947672548e-02,6.805991294631220501e-07
6.291629162916291484e+00,7.162443460887146784e-02,6.812582407182433563e-07
6.293129312931292851e+00,7.162226973873614400e-02,6.815860451916330025e-07
6.294629462946294218e+00,7.162010491865722361e-02,6.815763411892962011e-07
6.296129612961295585e+00,7.161794014821859511e-02,6.812228882817165429e-07
6.297629762976296952e+00,7.161577542700162113e-02,6.805194073038475277e-07
6.299129912991298319e+00,7.161361075458506920e-02,6.794595803550990111e-07
6.300630063006300574e+00,7.161144613054512553e-02,6.780370507993588042e-07
6.302130213021301941e+00,7.160928155445547838e-02,6.762454232649771091e-07
6.303630363036303308e+00,7.160711702588717920e-02,6.740782636447714954e-07
6.305130513051304675e+00,7.160495254440876756e-02,6.715290990960277473e-07
6.306630663066306042e+00,7.160278810958618789e-02,6.685914180405051573e-07
6.308130813081307409e+00,7.160062372098283112e-02,6.652586701644203271e-07
6.309630963096308776e+00,7.159845937815953465e-02,6.615242664184631548e-07
6.311131113111311031e+00,7.159629508067454073e-02,6.573815790177915413e-07
6.312631263126312398e+00,7.159413082808357975e-02,6.528239414420290610e-07
6.314131413141313764e+00,7.159196661993974531e-02,6.478446484352686675e-07
6.315631563156315131e+00,7.158980245579364687e-02,6.424369560060719523e-07
6.317131713171316498e+00,7.158763833519327102e-02,6.365940814274635333e-07
6.318631863186317865e+00,7.158547425768407857e-02,6.303092032369358195e-07
6.320132013201320120e+00,7.158331022280892131e-02,6.235754612364516577e-07
6.321632163216321487e+00,7.158114623355299466e-02,6.164367884580980510e-07
6.323132313231322854e+00,7.157898229733170026e-02,6.090027151126961611e-07
6.324632463246324221e+00,7.157681841490183550e-02,6.012847102797920099e-07
6.326132613261325588e+00,7.157465458678007042e-02,5.932907009233300080e-07
6.327632763276326955e+00,7.157249081347909214e-02,5.850285531341447504e-07
6.329132913291328322e+00,7.157032709550759098e-02,5.765060721299604874e-07
6.330633063306330577e+00,7.156816343337027431e-02,5.677310022553858308e-07
6.332133213321331944e+00,7.156599982756783884e-02,5.587110269819350352e-07
6.333633363336333311e+00,7.156383627859701224e-02,5.494537689079965522e-07
6.335133513351334678e+00,7.156167278695052536e-02,5.399667897588537826e-07
6.336633663366336044e+00,7.155950935311709837e-02,5.302575903866801002e-07
6.338133813381337411e+00,7.155734597758148241e-02,5.203336107705382163e-07
6.339633963396338778e+00,7.155518266082443180e-02,5.102022300163812387e-07
6.341134113411341033e+00,7.155301940332270405e-02,4.998707663570452600e-07
6.342634263426342400e+00,7.155085620554905990e-02,4.893464771522751923e-07
6.344134413441343767e+00,7.154869306797230488e-02,4.786365588886869682e-07
6.345634563456345134e+00,7.154652999105719224e-02,4.677481471797925281e-07
6.347134713471346501e+00,7.154436697526453393e-02,4.566883167659938916e-07
6.348634863486347868e+00,7.154220402105114507e-02,4.454640815145824156e-07
6.350135013501350123e+00,7.154004112886980238e-02,4.340823944197327067e-07
6.351635163516351490e+00,7.153787829916936902e-02,4.225501476025295143e-07
6.353135313531352857e+00,7.153571553239464198e-02,4.108741723109270202e-07
6.354635463546354224e+00,7.153355282898647693e-02,3.990612389197759437e-07
6.356135613561355591e+00,7.153139018938171889e-02,3.871180569308170828e-07
6.357635763576356958e+00,7.152922761401322993e-02,3.750512749726804672e-07
6.359135913591358324e+00,7.152706510330984757e-02,3.628674808008864701e-07
6.360636063606360580e+00,7.152490265769648192e-02,3.505732012978375496e-07
6.362136213621361946e+00,7.152274027759397690e-02,3.381749024728481597e-07
6.363636363636363313e+00,7.152057796341924900e-02,3.256789894621005985e-07
6.365136513651364680e+00,7.151841571558519017e-02,3.130918065286740719e-07
6.366636663666366047e+00,7.151625353450069555e-02,3.004196370625377589e-07
6.368136813681367414e+00,7.151409142057070512e-02,2.876687035805505996e-07
6.369636963696368781e+00,7.151192937419612039e-02,2.748451677264613482e-07
6.371137113711371036e+00,7.150976739577388774e-02,2.619551302709007909e-07
6.372637263726372403e+00,7.150760548569694286e-02,2.490046311114126624e-07
6.374137413741373770e+00,7.150544364435423850e-02,2.359996492724072711e-07
6.375637563756375137e+00,7.150328187213073061e-02,2.229461029051926277e-07
6.377137713771376504e+00,7.150112016940739224e-02,2.098498492879665566e-07
6.378637863786377871e+00,7.149895853656119959e-02,1.967166848258163790e-07
6.380138013801380126e+00,7.149679697396513212e-02,1.835523450507115537e-07
6.381638163816381493e+00,7.149463548198817242e-02,1.703625046215349648e-07
6.383138313831382860e+00,7.149247406099534796e-02,1.571527773240355934e-07
6.384638463846384226e+00,7.149031271134766163e-02,1.439287160708602287e-07
6.386138613861385593e+00,7.148815143340213341e-02,1.306958129015451562e-07
6.387638763876386960e+00,7.148599022751177257e-02,1.174594989825168992e-07
6.389138913891388327e+00,7.148382909402563323e-02,1.042251446070913185e-07
6.390639063906390582e+00,7.148166803328875885e-02,9.099805919546673027e-08
6.392139213921391949e+00,7.147950704564219604e-02,7.778349129475408196e-08
6.393639363936393316e+00,7.147734613142302240e-02,6.458662857893142390e-08
6.395139513951394683e+00,7.147518529096429096e-02,5.141259784887366147e-08
6.396639663966396050e+00,7.147302452459508570e-02,3.826646503234630824e-08
6.398139813981397417e+00,7.147086383264050768e-02,2.515323518400379190e-08
6.399639963996398784e+00,7.146870321542163340e-02,1.207785248539083066e-08
6.401140114011401039e+00,7.146654267325558418e-02,-9.547997550658252709e-10
6.402640264026402406e+00,7.146438220645547068e-02,-1.393989910202615941e-08
6.404140414041403773e+00,7.146222181533042062e-02,-2.687268399328421690e-08
6.405640564056405140e+00,7.146006150018555103e-02,-3.974845373973591731e-08
6.407140714071406506e+00,7.145790126132200992e-02,-5.256256852538805434e-08
6.408640864086407873e+00,7.145574109903694848e-02,-6.531044940735670762e-08
6.410141014101410128e+00,7.145358101362352110e-02,-7.798757831587613657e-08
6.411641164116411495e+00,7.145142100537088536e-02,-9.058949805426871074e-08
6.413141314131412862e+00,7.144926107456422981e-02,-1.031118122989888496e-07
6.414641464146414229e+00,7.144710122148474618e-02,-1.155501855995940118e-07
6.416141614161415596e+00,7.144494144640958777e-02,-1.279003433787515771e-07
6.417641764176416963e+00,7.144278174961199435e-02,-1.401580719322396935e-07
6.419141914191418330e+00,7.144062213136115336e-02,-1.523192184289459008e-07
6.420642064206420585e+00,7.143846259192229708e-02,-1.643796909108761306e-07
6.422142214221421952e+00,7.143630313155663325e-02,-1.763354582931240009e-07
6.423642364236423319e+00,7.143414375052141441e-02,-1.881825503639152853e-07
6.425142514251424686e+00,7.143198444906986855e-02,-1.999170577845791147e-07
6.426642664266426053e+00,7.142982522745126850e-02,-2.115351320895540112e-07
6.428142814281427420e+00,7.142766608591084865e-02,-2.230329856863895832e-07
6.429642964296428786e+00,7.142550702468988821e-02,-2.344068918557452544e-07
6.431143114311431042e+00,7.142334804402568349e-02,-2.456531847513968281e-07
6.432643264326432408e+00,7.142118914415149233e-02,-2.567682594002113943e-07
6.434143414341433775e+00,7.141903032529663131e-02,-2.677485717021852342e-07
6.435643564356435142e+00,7.141687158768639243e-02,-2.785906384304189386e-07
6.437143714371436509e+00,7.141471293154208477e-02,-2.892910372311227018e-07
6.438643864386437876e+00,7.141255435708104837e-02,-2.998464066236170629e-07
6.440144014401440131e+00,7.141039586451658483e-02,-3.102534460003392586e-07
6.441644164416441498e+00,7.140823745405806833e-02,-3.205089156268179179e-07
6.443144314431442865e+00,7.140607912591080686e-02,-3.306096366417102255e-07
6.444644464446444232e+00,7.140392088027619488e-02,-3.405524910567775701e-07
6.446144614461445599e+00,7.140176271735156066e-02,-3.503344217568922146e-07
6.447644764476446966e+00,7.139960463733029117e-02,-3.599524325000357077e-07
6.449144914491448333e+00,7.139744664040177657e-02,-3.694035879172998369e-07
6.450645064506450588e+00,7.139528872675139637e-02,-3.786850135128928756e-07
6.452145214521451955e+00,7.139313089656054712e-02,-3.877938956641156540e-07
6.453645364536453322e+00,7.139097315000665633e-02,-3.967274816213969233e-07
6.455145514551454689e+00,7.138881548726311310e-02,-4.054830795082690028e-07
6.456645664566456055e+00,7.138665790849935133e-02,-4.140580583213754039e-07
6.458145814581457422e+00,7.138450041388080813e-02,-4.224498479304695590e-07
6.459645964596458789e+00,7.138234300356892381e-02,-4.306559390784141865e-07
6.461146114611461044e+00,7.138018567772114187e-02,-4.386738833811884905e-07
6.462646264626462411e+00,7.137802843649093676e-02,-4.465012933278663499e-07
6.464146414641463778e+00,7.137587128002775838e-02,-4.541358422806468112e-07
6.465646564656465145e+00,7.137371420847710146e-02,-4.615752644748348187e-07
6.467146714671466512e+00,7.137155722198043617e-02,-4.688173550188433324e-07
6.468646864686467879e+00,7.136940032067524975e-02,-4.758599698941988329e-07
6.470147014701470134e+00,7.136724350469506040e-02,-4.827010259555385696e-07
6.471647164716471501e+00,7.136508677416937563e-02,-4.893385009306008188e-07
6.473147314731472868e+00,7.136293012922370615e-02,-4.957704334202445780e-07
6.474647464746474235e+00,7.136077356997959364e-02,-5.019949228984353777e-07
6.476147614761475602e+00,7.135861709655455520e-02,-5.080101297122484578e-07
6.477647764776476969e+00,7.135646070906215277e-02,-5.138142750818704619e-07
6.479147914791478335e+00,7.135430440761193760e-02,-5.194056411005973192e-07
6.480648064806480591e+00,7.135214819230946415e-02,-5.247825707348380568e-07
6.482148214821481957e+00,7.134999206325630394e-02,-5.299434678241031526e-07
6.483648364836483324e+00,7.134783602055004559e-02,-5.348867970810229584e-07
6.485148514851484691e+00,7.134568006428426701e-02,-5.396110840913339355e-07
6.486648664866486058e+00,7.134352419454857708e-02,-5.441149153138831016e-07
6.488148814881487425e+00,7.134136841142857399e-02,-5.483969380806282429e-07
6.489648964896488792e+00,7.133921271500585914e-02,-5.524558605966368548e-07
6.491149114911491047e+00,7.133705710535807876e-02,-5.562904519400886835e-07
6.492649264926492414e+00,7.133490158255885449e-02,-5.598995420622668317e-07
6.494149414941493781e+00,7.133274614667782509e-02,-5.632820217875727938e-07
6.495649564956495148e+00,7.133059079778063249e-02,-5.664368428135139620e-07
6.497149714971496515e+00,7.132843553592894958e-02,-5.693630177107091319e-07
6.498649864986497882e+00,7.132628036118042469e-02,-5.720596199228874439e-07
6.500150015001500137e+00,7.132412527358875098e-02,-5.745257837668890184e-07
6.501650165016501504e+00,7.132197027320359706e-02,-5.767607044326602973e-07
6.503150315031502871e+00,7.131981536007064859e-02,-5.787636379832618786e-07
6.504650465046504237e+00,7.131766053423162222e-02,-5.805339013548636464e-07
6.506150615061505604e+00,7.131550579572422388e-02,-5.820708723567449825e-07
6.507650765076506971e+00,7.131335114458217661e-02,-5.833739896712964604e-07
6.509150915091508338e+00,7.131119658083517887e-02,-5.844427528540175161e-07
6.510651065106510593e+00,7.130904210450898784e-02,-5.852767223335198362e-07
6.512151215121511960e+00,7.130688771562535000e-02,-5.858755194115222756e-07
6.513651365136513327e+00,7.130473341420200117e-02,-5.862388262628565749e-07
6.515151515151514694e+00,7.130257920025272200e-02,-5.863663859354639725e-07
6.516651665166516061e+00,7.130042507378726857e-02,-5.862580023503949930e-07
6.518151815181517428e+00,7.129827103481141404e-02,-5.859135403018121993e-07
6.519651965196518795e+00,7.129611708332694864e-02,-5.853329254569861702e-07
6.521152115211521050e+00,7.129396321933167968e-02,-5.845161443562976171e-07
6.522652265226522417e+00,7.129180944281940380e-02,-5.834632444132418315e-07
6.524152415241523784e+00,7.128965575377992081e-02,-5.821743339144180968e-07
6.525652565256525151e+00,7.128750215219907538e-02,-5.806495820195411234e-07
6.527152715271526517e+00,7.128534863805867372e-02,-5.788892187614313077e-07
6.528652865286527884e+00,7.128319521133656689e-02,-5.768935350460229906e-07
6.530153015301530139e+00,7.128104187200659525e-02,-5.746628826523574700e-07
6.531653165316531506e+00,7.127888862003861625e-02,-5.721976742325904115e-07
6.533153315331532873e+00,7.127673545539849054e-02,-5.694983833119842258e-07
6.534653465346534240e+00,7.127458237804810970e-02,-5.665655442889127270e-07
6.536153615361535607e+00,7.127242938794532690e-02,-5.633997524348590152e-07
6.537653765376536974e+00,7.127027648504405399e-02,-5.600016638944180176e-07
6.539153915391538341e+00,7.126812366929417830e-02,-5.563719956852943708e-07
6.540654065406540596e+00,7.126597094064161808e-02,-5.525115256982986091e-07
6.542154215421541963e+00,7.126381829902826703e-02,-5.484210926973609291e-07
6.543654365436543330e+00,7.126166574439207757e-02,-5.441015963195136135e-07
6.545154515451544697e+00,7.125951327666696367e-02,-5.395539970749026778e-07
6.546654665466546064e+00,7.125736089578285637e-02,-5.347793163467825764e-07
6.548154815481547431e+00,7.125520860166574544e-02,-5.297786363915193790e-07
6.549654965496548797e+00,7.125305639423755444e-02,-5.245531003385884414e-07
6.551155115511551053e+00,7.125090427341625177e-02,-5.191039121905718641e-07
6.552655265526552419e+00,7.124875223911583677e-02,-5.134323368231722567e-07
6.554155415541553786e+00,7.124660029124627036e-02,-5.075396999851941032e-07
6.555655565556555153e+00,7.124444842971357217e-02,-5.014273882985522325e-07
6.557155715571556520e+00,7.124229665441970949e-02,-4.950968492582741474e-07
6.558655865586557887e+00,7.124014496526272222e-02,-4.885495912324972720e-07
6.560156015601560142e+00,7.123799336213661182e-02,-4.817871834624632341e-07
6.561656165616561509e+00,7.123584184493142457e-02,-4.748112560625384059e-07
6.563156315631562876e+00,7.123369041353318221e-02,-4.676235000201863751e-07
6.564656465646564243e+00,7.123153906782392353e-02,-4.602256671959850979e-07
6.566156615661565610e+00,7.122938780768171829e-02,-4.526195703236209690e-07
6.567656765676566977e+00,7.122723663298062557e-02,-4.448070830098941163e-07
6.569156915691568344e+00,7.122508554359070765e-02,-4.367901397347112006e-07
6.570657065706570599e+00,7.122293453937805774e-02,-4.285707358510871099e-07
6.572157215721571966e+00,7.122078362020474451e-02,-4.201509275851593588e-07
6.573657365736573333e+00,7.121863278592888147e-02,-4.115328320361628897e-07
6.575157515751574699e+00,7.121648203640455754e-02,-4.027186271764474364e-07
6.576657665766576066e+00,7.121433137148190651e-02,-3.937105518514701128e-07
6.578157815781577433e+00,7.121218079100705145e-02,-3.845109057798015540e-07
6.579657965796578800e+00,7.121003029482210478e-02,-3.751220495531218928e-07
6.581158115811581055e+00,7.120787988276520986e-02,-3.655464046362152540e-07
6.582658265826582422e+00,7.120572955467052711e-02,-3.557864533669934712e-07
6.584158415841583789e+00,7.120357931036819243e-02,-3.458447389564611470e-07
6.585658565856585156e+00,7.120142914968440040e-02,-3.357238654887376755e-07
6.587158715871586523e+00,7.119927907244130716e-02,-3.254264979210542778e-07
6.588658865886587890e+00,7.119712907845711369e-02,-3.149553620837546375e-07
6.590159015901590145e+00,7.119497916754598255e-02,-3.043132446802799714e-07
6.591659165916591512e+00,7.119282933951812109e-02,-2.935029932872048169e-07
6.593159315931592879e+00,7.119067959417976765e-02,-2.825275163541971154e-07
6.594659465946594246e+00,7.118852993133309437e-02,-2.713897832040358942e-07
6.596159615961595613e+00,7.118638035077637372e-02,-2.600928240326142312e-07
6.597659765976596979e+00,7.118423085230379810e-02,-2.486397299089342785e-07
6.599159915991598346e+00,7.118208143570564639e-02,-2.370336527751083209e-07
6.600660066006600601e+00,7.117993210076814514e-02,-2.252778054463532707e-07
6.602160216021601968e+00,7.117778284727355187e-02,-2.133754616110132198e-07
6.603660366036603335e+00,7.117563367500016891e-02,-2.013299558305255580e-07
6.605160516051604702e+00,7.117348458372224629e-02,-1.891446835394447964e-07
6.606660666066606069e+00,7.117133557321006498e-02,-1.768231010454318730e-07
6.608160816081607436e+00,7.116918664322995081e-02,-1.643687255292613532e-07
6.609660966096608803e+00,7.116703779354417725e-02,-1.517851350448204760e-07
6.611161116111611058e+00,7.116488902391106264e-02,-1.390759685190900967e-07
6.612661266126612425e+00,7.116274033408494237e-02,-1.262449257521933903e-07
6.614161416141613792e+00,7.116059172381612730e-02,-1.132957674173345486e-07
6.615661566156615159e+00,7.115844319285097308e-02,-1.002323150608392250e-07
6.617161716171616526e+00,7.115629474093181084e-02,-8.705845110214362958e-08
6.618661866186617893e+00,7.115414636779701651e-02,-7.377811883379347009e-08
6.620162016201620148e+00,7.115199807318092762e-02,-6.039532242143262293e-08
6.621662166216621515e+00,7.114984985681392649e-02,-4.691412690384347305e-08
6.623162316231622881e+00,7.114770171842239865e-02,-3.333865819289672730e-08
6.624662466246624248e+00,7.114555365772874673e-02,-1.967310307357439017e-08
6.626162616261625615e+00,7.114340567445134877e-02,-5.921709203974316607e-09
6.627662766276626982e+00,7.114125776830461378e-02,7.911214884697940697e-09
6.629162916291628349e+00,7.113910993899895396e-02,2.182129978812288442e-08
6.630663066306630604e+00,7.113696218624081247e-02,3.580411522888666025e-08
6.632163216321631971e+00,7.113481450973260789e-02,4.985517005643288190e-08
6.633663366336633338e+00,7.113266690917278978e-02,6.396991224712414685e-08
6.635163516351634705e+00,7.113051938425579701e-02,7.814372890420084939e-08
6.636663666366636072e+00,7.112837193467209940e-02,9.237194625779992123e-08
6.638163816381637439e+00,7.112622456010815608e-02,1.066498296649400084e-07
6.639663966396638806e+00,7.112407726024644328e-02,1.209725836095349179e-07
6.641164116411641061e+00,7.112193003476545428e-02,1.353353517023926647e-07
6.642664266426642428e+00,7.111978288333967169e-02,1.497332166811905376e-07
6.644164416441643795e+00,7.111763580563960907e-02,1.641612004105169739e-07
6.645664566456645161e+00,7.111548880133175543e-02,1.786142638818447721e-07
6.647164716471646528e+00,7.111334187007865848e-02,1.930873072135362275e-07
6.648664866486647895e+00,7.111119501153884137e-02,2.075751696508373081e-07
6.650165016501650150e+00,7.110904822536681658e-02,2.220726295659021134e-07
6.651665166516651517e+00,7.110690151121314140e-02,2.365744044577397755e-07
6.653165316531652884e+00,7.110475486872437634e-02,2.510751509522828044e-07
6.654665466546654251e+00,7.110260829754308509e-02,2.655694648023385950e-07
6.656165616561655618e+00,7.110046179730782068e-02,2.800518808876086975e-07
6.657665766576656985e+00,7.109831536765318094e-02,2.945168732146837351e-07
6.659165916591658352e+00,7.109616900820975305e-02,3.089588549170405451e-07
6.660666066606660607e+00,7.109402271860411349e-02,3.233721782550576372e-07
6.662166216621661974e+00,7.109187649845889745e-02,3.377511346159778716e-07
6.663666366636663341e+00,7.108973034739268781e-02,3.520899545139597038e-07
6.665166516651664708e+00,7.108758426502014005e-02,3.663828075900379569e-07
6.666666666666666075e+00,7.108543825095185731e-02,3.806238026121451033e-07
6.668166816681667441e+00,7.108329230479448757e-02,3.948069874750971822e-07
6.669666966696668808e+00,7.108114642615068202e-02,4.089263492006021119e-07
6.671167116711671063e+00,7.107900061461909502e-02,4.229758139372691655e-07
6.672667266726672430e+00,7.107685486979439804e-02,4.369492469605649252e-07
6.674167416741673797e+00,7.107470919126726572e-02,4.508404526728749042e-07
6.675667566756675164e+00,7.107256357862437590e-02,4.646431746034716238e-07
6.677167716771676531e+00,7.107041803144840963e-02,4.783510954085091610e-07
6.678667866786677898e+00,7.106827254931809279e-02,4.919578368710322008e-07
6.680168016801680153e+00,7.106612713180811280e-02,5.054569599009858833e-07
6.681668166816681520e+00,7.106398177848918807e-02,5.188419645351868455e-07
6.683168316831682887e+00,7.106183648892806792e-02,5.321062899373526029e-07
6.684668466846684254e+00,7.105969126268744940e-02,5.452433143980897968e-07
6.686168616861685621e+00,7.105754609932610211e-02,5.582463553348957827e-07
6.687668766876686988e+00,7.105540099839877111e-02,5.711086692921550300e-07
6.689168916891688355e+00,7.105325595945621853e-02,5.838234519411449459e-07
6.690669066906690610e+00,7.105111098204520970e-02,5.963838380800379926e-07
6.692169216921691977e+00,7.104896606570852702e-02,6.087829016338711942e-07
6.693669366936693343e+00,7.104682120998495609e-02,6.210136556545994997e-07
6.695169516951694710e+00,7.104467641440928571e-02,6.330690523210562904e-07
6.696669666966696077e+00,7.104253167851232176e-02,6.449419829389676732e-07
6.698169816981697444e+00,7.104038700182088717e-02,6.566252779409478220e-07
6.699669966996698811e+00,7.103824238385779422e-02,6.681117068864940017e-07
6.701170117011701066e+00,7.103609782414185836e-02,6.793939784620163197e-07
6.702670267026702433e+00,7.103395332218793989e-02,6.904647404807792813e-07
6.704170417041703800e+00,7.103180887750687456e-02,7.013165798829648929e-07
6.705670567056705167e+00,7.102966448960551515e-02,7.119420227356362402e-07
6.707170717071706534e+00,7.102752015798673157e-02,7.223335342327465934e-07
6.708670867086707901e+00,7.102537588214941078e-02,7.324835186951337958e-07
6.710171017101710156e+00,7.102323166158840129e-02,7.423843195705455691e-07
6.711671167116711523e+00,7.102108749579461033e-02,7.520282194335851968e-07
6.713171317131712890e+00,7.101894338425493447e-02,7.614074399857702878e-07
6.714671467146714257e+00,7.101679932645228732e-02,7.705141420555110708e-07
6.716171617161715623e+00,7.101465532186557184e-02,7.793404255980901715e-07
6.717671767176716990e+00,7.101251136996973579e-02,7.878783296956927880e-07
6.719171917191718357e+00,7.101036747023567464e-02,7.961198325573894326e-07
6.720672067206720612e+00,7.100822362213035643e-02,8.040568515191458848e-07
6.722172217221721979e+00,7.100607982511672467e-02,8.116812430438024382e-07
6.723672367236723346e+00,7.100393607865375378e-02,8.189848027211111707e-07
6.725172517251724713e+00,7.100179238219637978e-02,8.259592652676953924e-07
6.726672667266726080e+00,7.099964873519559738e-02,8.325963045270770683e-07
6.728172817281727447e+00,7.099750513709839062e-02,8.388875334696697247e-07
6.729672967296728814e+00,7.099536158734774671e-02,8.448245041927673316e-07
6.731173117311731069e+00,7.099321808538266998e-02,8.503987079205652667e-07
6.732673267326732436e+00,7.099107463063818180e-02,8.556015750041419986e-07
6.734173417341733803e+00,7.098893122254527899e-02,8.604244749214628984e-07
6.735673567356735170e+00,7.098678786053100320e-02,8.648587162773871214e-07
6.737173717371736537e+00,7.098464454401839929e-02,8.688955468036673962e-07
6.738673867386737903e+00,7.098250127242650143e-02,8.725261533589397535e-07
6.740174017401740159e+00,7.098035804517034697e-02,8.757416619287366557e-07
6.741674167416741525e+00,7.097821486166103200e-02,8.785331376254724912e-07
6.743174317431742892e+00,7.097607172130560027e-02,8.808915846884527861e-07
6.744674467446744259e+00,7.097392862350714038e-02,8.828079464838822509e-07
6.746174617461745626e+00,7.097178556766474411e-02,8.842731055048455103e-07
6.747674767476746993e+00,7.096964255317350645e-02,8.852778833713131386e-07
6.749174917491748360e+00,7.096749957942452558e-02,8.858130408301703529e-07
6.750675067506750615e+00,7.096535664580493064e-02,8.858692777551547560e-07
6.752175217521751982e+00,7.096321375169782619e-02,8.854372331469251581e-07
6.753675367536753349e+00,7.096107089648234778e-02,8.845074851330111781e-07
6.755175517551754716e+00,7.095892807953363413e-02,8.830705509678426779e-07
6.756675667566756083e+00,7.095678530022285491e-02,8.811168870327408690e-07
6.758175817581757450e+00,7.095464255791714137e-02,8.786368888359005245e-07
6.759675967596758817e+00,7.095249985197965570e-02,8.756208910124236485e-07
6.761176117611761072e+00,7.095035718176959105e-02,8.720591673242947007e-07
6.762676267626762439e+00,7.094821454664212990e-02,8.679419306603907609e-07
6.764176417641763805e+00,7.094607194594845789e-02,8.632593330364838577e-07
6.765676567656765172e+00,7.094392937903576390e-02,8.580014655952138642e-07
6.767176717671766539e+00,7.094178684524728162e-02,8.521583586061341315e-07
6.768676867686767906e+00,7.093964434392219243e-02,8.457199814656816307e-07
6.770177017701770161e+00,7.093750187439576416e-02,8.386762426971707063e-07
6.771677167716771528e+00,7.093535943599919846e-02,8.310169899508282280e-07
6.773177317731772895e+00,7.093321702805974183e-02,8.227320100037486979e-07
6.774677467746774262e+00,7.093107464990067168e-02,8.138110287599327904e-07
6.776177617761775629e+00,7.092893230724207909e-02,8.043391666387116064e-07
6.777677767776776996e+00,7.092679000957857749e-02,7.944581812710429205e-07
6.779177917791778363e+00,7.092464775770579433e-02,7.841803306305913106e-07
6.780678067806780618e+00,7.092250555233672871e-02,7.735166397977636790e-07
6.782178217821781985e+00,7.092036339417895352e-02,7.624780491816262036e-07
6.783678367836783352e+00,7.091822128393447666e-02,7.510754145198667494e-07
6.785178517851784719e+00,7.091607922229985206e-02,7.393195068788194337e-07
6.786678667866786085e+00,7.091393720996609640e-02,7.272210126534586959e-07
6.788178817881787452e+00,7.091179524761875852e-02,7.147905335673994041e-07
6.789678967896788819e+00,7.090965333593787778e-02,7.020385866728964309e-07
6.791179117911791074e+00,7.090751147559797019e-02,6.889756043508375603e-07
6.792679267926792441e+00,7.090536966726808388e-02,6.756119343107735566e-07
6.794179417941793808e+00,7.090322791161175753e-02,6.619578395908728486e-07
6.795679567956795175e+00,7.090108620928702032e-02,6.480234985579515991e-07
6.797179717971796542e+00,7.089894456094640585e-02,6.338190049074662935e-07
6.798679867986797909e+00,7.089680296723693820e-02,6.193543676635136338e-07
6.800180018001800164e+00,7.089466142880017363e-02,6.046395111788219623e-07
6.801680168016801531e+00,7.089251994627214504e-02,5.896842751347858844e-07
6.803180318031802898e+00,7.089037852028337583e-02,5.744984145414143873e-07
6.804680468046804265e+00,7.088823715145889381e-02,5.590915997373654632e-07
6.806180618061805632e+00,7.088609584041824507e-02,5.434734163899372147e-07
6.807680768076806999e+00,7.088395458777546621e-02,5.276533654950679612e-07
6.809180918091808365e+00,7.088181339413908433e-02,5.116408633773366622e-07
6.810681068106810621e+00,7.087967226011214483e-02,4.954452416899525412e-07
6.812181218121811987e+00,7.087753118629216975e-02,4.790757474147941552e-07
6.813681368136813354e+00,7.087539017327118551e-02,4.625415428623516372e-07
6.815181518151814721e+00,7.087324922163575069e-02,4.458517056717646545e-07
6.816681668166816088e+00,7.087110833196687276e-02,4.290152288108135674e-07
6.818181818181817455e+00,7.086896750484010521e-02,4.120410205759184763e-07
6.819681968196818822e+00,7.086682674082547817e-02,3.949379045921405453e-07
6.821182118211821077e+00,7.086468604048752618e-02,3.777146198131702496e-07
6.822682268226822444e+00,7.086254540438526039e-02,3.603798205213694624e-07
6.824182418241823811e+00,7.086040483307223803e-02,3.429420763277094098e-07
6.825682568256825178e+00,7.085826432709649292e-02,3.254098721718120695e-07
6.827182718271826545e+00,7.085612388700054942e-02,3.077916083219396357e-07
6.828682868286827912e+00,7.085398351332145017e-02,2.900956003749943077e-07
6.830183018301830167e+00,7.085184320659071444e-02,2.723300792565083368e-07
6.831683168316831534e+00,7.084970296733437978e-02,2.545031912206859548e-07
6.833183318331832901e+00,7.084756279607297424e-02,2.366229978503398463e-07
6.834683468346834267e+00,7.084542269332154418e-02,2.186974760569336064e-07
6.836183618361835634e+00,7.084328265958962645e-02,2.007345180805706233e-07
6.837683768376837001e+00,7.084114269538123454e-02,1.827419314899957724e-07
6.839183918391838368e+00,7.083900280119491411e-02,1.647274391825929809e-07
6.840684068406840623e+00,7.083686297752368743e-02,1.466986793843763343e-07
6.842184218421841990e+00,7.083472322485509509e-02,1.286632056500321101e-07
6.843684368436843357e+00,7.083258354367116816e-02,1.106284868628550388e-07
6.845184518451844724e+00,7.083044393444844211e-02,9.260190723479076112e-08
6.846684668466846091e+00,7.082830439765794295e-02,7.459076630642492289e-08
6.848184818481847458e+00,7.082616493376520106e-02,5.660227894698359818e-08
6.849684968496848825e+00,7.082402554323026511e-02,3.864357535433339535e-08
6.851185118511851080e+00,7.082188622650763266e-02,2.072170105497023385e-08
6.852685268526852447e+00,7.081974698404637503e-02,2.843616904062542889e-09
6.854185418541853814e+00,7.081760781629001245e-02,-1.498380091461343073e-08
6.855685568556855181e+00,7.081546872367655565e-02,-3.275376088863000036e-08
6.857185718571856547e+00,7.081332970663856141e-02,-5.045955617691926276e-08
6.858685868586857914e+00,7.081119076560304926e-02,-6.809456460977330980e-08
6.860186018601860169e+00,7.080905190099155699e-02,-8.565224868885396936e-08
6.861686168616861536e+00,7.080691311322011294e-02,-1.031261555871516184e-07
6.863186318631862903e+00,7.080477440269924982e-02,-1.205099171490477573e-07
6.864686468646864270e+00,7.080263576983399088e-02,-1.377972498902737175e-07
6.866186618661865637e+00,7.080049721502387761e-02,-1.549819549979193429e-07
6.867686768676867004e+00,7.079835873866292817e-02,-1.720579183304347904e-07
6.869186918691868371e+00,7.079622034113969287e-02,-1.890191104176305297e-07
6.870687068706870626e+00,7.079408202283719864e-02,-2.058595864606859193e-07
6.872187218721871993e+00,7.079194378413296296e-02,-2.225734863321103491e-07
6.873687368736873360e+00,7.078980562539902155e-02,-2.391550345758023210e-07
6.875187518751874727e+00,7.078766754700191455e-02,-2.555985404070113321e-07
6.876687668766876094e+00,7.078552954930265873e-02,-2.718983977123457103e-07
6.878187818781877461e+00,7.078339163265680301e-02,-2.880490850497734606e-07
6.879687968796878828e+00,7.078125379741435907e-02,-3.040451656486229010e-07
6.881188118811881083e+00,7.077911604391987077e-02,-3.198812874095902855e-07
6.882688268826882450e+00,7.077697837251235857e-02,-3.355521829047046523e-07
6.884188418841883816e+00,7.077484078352536123e-02,-3.510526693773826693e-07
6.885688568856885183e+00,7.077270327728690802e-02,-3.663776487423913643e-07
6.887188718871886550e+00,7.077056585411951872e-02,-3.815221075858563840e-07
6.888688868886887917e+00,7.076842851434023141e-02,-3.964811171652645349e-07
6.890189018901890172e+00,7.076629125826058853e-02,-4.112498334094705593e-07
6.891689168916891539e+00,7.076415408618659530e-02,-4.258234969186619841e-07
6.893189318931892906e+00,7.076201699841880299e-02,-4.401974329644135420e-07
6.894689468946894273e+00,7.075987999525222560e-02,-4.543670514896501140e-07
6.896189618961895640e+00,7.075774307697639542e-02,-4.683278471086566825e-07
6.897689768976897007e+00,7.075560624387534914e-02,-4.820753991070776951e-07
6.899189918991898374e+00,7.075346949622762782e-02,-4.956053714419170657e-07
6.900690069006900629e+00,7.075133283430623532e-02,-5.089135127415466438e-07
6.902190219021901996e+00,7.074919625837870762e-02,-5.219956563056750867e-07
6.903690369036903363e+00,7.074705976870708513e-02,-5.348477201053929639e-07
6.905190519051904730e+00,7.074492336554788485e-02,-5.474657067831433224e-07
6.906690669066906096e+00,7.074278704915214211e-02,-5.598457036527293104e-07
6.908190819081907463e+00,7.074065081976539660e-02,-5.719838826993135418e-07
6.909690969096908830e+00,7.073851467762766465e-02,-5.838765005794183078e-07
6.911191119111911085e+00,7.073637862297346701e-02,-5.955198986209312949e-07
6.912691269126912452e+00,7.073424265603184269e-02,-6.069105028230820791e-07
6.914191419141913819e+00,7.073210677702633509e-02,-6.180448238564779135e-07
6.915691569156915186e+00,7.072997098617495038e-02,-6.289194570630800112e-07
6.917191719171916553e+00,7.072783528369022688e-02,-6.395310824562098980e-07
6.918691869186917920e+00,7.072569966977917955e-02,-6.498764647205475068e-07
6.920192019201919287e+00,7.072356414464336938e-02,-6.599524532121330832e-07
6.921692169216921542e+00,7.072142870847879237e-02,-6.697559819583722676e-07
6.923192319231922909e+00,7.071929336147599054e-02,-6.792840696580138610e-07
6.924692469246924276e+00,7.071715810381998257e-02,-6.885338196811824354e-07
6.926192619261925643e+00,7.071502293569031927e-02,-6.975024200693571581e-07
6.927692769276927010e+00,7.071288785726100035e-02,-7.061871435353772974e-07
6.929192919291928376e+00,7.071075286870058541e-02,-7.145853474634411639e-07
6.930693069306930632e+00,7.070861797017206907e-02,-7.226944739091114042e-07
6.932193219321931998e+00,7.070648316183299198e-02,-7.305120495992972137e-07
6.933693369336933365e+00,7.070434844383539918e-02,-7.380356859322799586e-07
6.935193519351934732e+00,7.070221381632579849e-02,-7.452630789776987771e-07
6.936693669366936099e+00,7.070007927944521597e-02,-7.521920094765490967e-07
6.938193819381937466e+00,7.069794483332919599e-02,-7.588203428411889869e-07
6.939693969396938833e+00,7.069581047810775953e-02,-7.651460291553345008e-07
6.941194119411941088e+00,7.069367621390541812e-02,-7.711671031740653922e-07
6.942694269426942455e+00,7.069154204084121540e-02,-7.768816843238107164e-07
6.944194419441943822e+00,7.068940795902868557e-02,-7.822879767023695823e-07
6.945694569456945189e+00,7.068727396857582557e-02,-7.873842690788971763e-07
6.947194719471946556e+00,7.068514006958520612e-02,-7.921689348939098449e-07
6.948694869486947923e+00,7.068300626215381910e-02,-7.966404322592808588e-07
6.950195019501949290e+00,7.068087254637320238e-02,-8.007973039582467665e-07
6.951695169516951545e+00,7.067873892232938438e-02,-8.046381774454020996e-07
6.953195319531952912e+00,7.067660539010288401e-02,-8.081617648466976793e-07
6.954695469546954278e+00,7.067447194976873848e-02,-8.113668629594486629e-07
6.956195619561955645e+00,7.067233860139647550e-02,-8.142523532523292499e-07
6.957695769576957012e+00,7.067020534505011331e-02,-8.168172018653707762e-07
6.959195919591958379e+00,7.066807218078818842e-02,-8.190604596099695491e-07
6.960696069606960634e+00,7.066593910866371397e-02,-8.209812619688760477e-07
6.962196219621962001e+00,7.066380612872422140e-02,-8.225788290962023346e-07
6.963696369636963368e+00,7.066167324101174652e-02,-8.238524658174207849e-07
6.965196519651964735e+00,7.065954044556280178e-02,-8.248015616293621808e-07
6.966696669666966102e+00,7.065740774240843181e-02,-8.254255907002205819e-07
6.968196819681967469e+00,7.065527513157414397e-02,-8.257241118695442194e-07
6.969696969696968836e+00,7.065314261307996391e-02,-8.256967686482458727e-07
6.971197119711971091e+00,7.065101018694042168e-02,-8.253432892185954573e-07
6.972697269726972458e+00,7.064887785316455171e-02,-8.246634864342240489e-07
6.974197419741973825e+00,7.064674561175587897e-02,-8.236572578201207062e-07
6.975697569756975192e+00,7.064461346271241893e-02,-8.223245855726358597e-07
6.977197719771976558e+00,7.064248140602670534e-02,-8.206655365594785585e-07
6.978697869786977925e+00,7.064034944168576247e-02,-8.186802623197183764e-07
6.980198019801979292e+00,7.063821756967110510e-02,-8.163689990637841410e-07
6.981698169816981547e+00,7.063608578995876630e-02,-8.137320676734628751e-07
6.983198319831982914e+00,7.063395410251928352e-02,-8.107698737019050907e-07
6.984698469846984281e+00,7.063182250731767087e-02,-8.074829073736188598e-07
6.986198619861985648e+00,7.062969100431344682e-02,-8.038717435844717199e-07
6.987698769876987015e+00,7.062755959346063428e-02,-7.999370419016894039e-07
6.989198919891988382e+00,7.062542827470778828e-02,-7.956795465638615573e-07
6.990699069906990637e+00,7.062329704799789887e-02,-7.911000864809303032e-07
6.992199219921992004e+00,7.062116591326850212e-02,-7.861995752342093009e-07
6.993699369936993371e+00,7.061903487045162464e-02,-7.809790110763617225e-07
6.995199519951994738e+00,7.061690391947379741e-02,-7.754394769314133825e-07
6.996699669966996105e+00,7.061477306025604195e-02,-7.695821403947497726e-07
6.998199819981997472e+00,7.061264229271387027e-02,-7.634082537331164858e-07
6.999699969996998838e+00,7.061051161675732657e-02,-7.569191538846196395e-07
7.001200120012001094e+00,7.060838103229091778e-02,-7.501162624587195227e-07
7.002700270027002460e+00,7.060625053921368299e-02,-7.430010857362488077e-07
7.004200420042003827e+00,7.060412013741913795e-02,-7.355752146693881975e-07
7.005700570057005194e+00,7.060198982679530277e-02,-7.278403248816808253e-07
7.007200720072006561e+00,7.059985960722471587e-02,-7.197981766680311960e-07
7.008700870087007928e+00,7.059772947858437842e-02,-7.114506149947024332e-07
7.010201020102009295e+00,7.059559944074583759e-02,-7.027995694993186084e-07
7.011701170117011550e+00,7.059346949357510337e-02,-6.938470544908573299e-07
7.013201320132012917e+00,7.059133963693270397e-02,-6.845951689496702827e-07
7.014701470147014284e+00,7.058920987067367203e-02,-6.750460965274557006e-07
7.016201620162015651e+00,7.058708019464750294e-02,-6.652021055472761533e-07
7.017701770177017018e+00,7.058495060869825199e-02,-6.550655490035549470e-07
7.019201920192018385e+00,7.058282111266443726e-02,-6.446388645620676538e-07
7.020702070207020640e+00,7.058069170637905343e-02,-6.339245745599562994e-07
7.022202220222022007e+00,7.057856238966965512e-02,-6.229252860057289401e-07
7.023702370237023374e+00,7.057643316235825970e-02,-6.116436905792433566e-07
7.025202520252024740e+00,7.057430402426138893e-02,-6.000825646317195485e-07
7.026702670267026107e+00,7.057217497519005511e-02,-5.882447691857359223e-07
7.028202820282027474e+00,7.057004601494978879e-02,-5.761332499352341619e-07
7.029702970297028841e+00,7.056791714334062493e-02,-5.637510372455137227e-07
7.031203120312031096e+00,7.056578836015706124e-02,-5.511012461532237851e-07
7.032703270327032463e+00,7.056365966518814148e-02,-5.381870763664028532e-07
7.034203420342033830e+00,7.056153105821737215e-02,-5.250118122644175566e-07
7.035703570357035197e+00,7.055940253902279191e-02,-5.115788228980081782e-07
7.037203720372036564e+00,7.055727410737691607e-02,-4.978915619892731964e-07
7.038703870387037931e+00,7.055514576304676433e-02,-4.839535679316694964e-07
7.040204020402039298e+00,7.055301750579386078e-02,-4.697684637900149114e-07
7.041704170417041553e+00,7.055088933537423390e-02,-4.553399573004818700e-07
7.043204320432042920e+00,7.054876125153838884e-02,-4.406718408706183602e-07
7.044704470447044287e+00,7.054663325403136287e-02,-4.257679915793146831e-07
7.046204620462045654e+00,7.054450534259268379e-02,-4.106323711768299231e-07
7.047704770477047020e+00,7.054237751695635605e-02,-3.952690260847762775e-07
7.049204920492048387e+00,7.054024977685091624e-02,-3.796820873961334562e-07
7.050705070507050642e+00,7.053812212199937759e-02,-3.638757708752241177e-07
7.052205220522052009e+00,7.053599455211925773e-02,-3.478543769577649027e-07
7.053705370537053376e+00,7.053386706692259256e-02,-3.316222907508001540e-07
7.055205520552054743e+00,7.053173966611589463e-02,-3.151839820327442682e-07
7.056705670567056110e+00,7.052961234940018087e-02,-2.985440052533721661e-07
7.058205820582057477e+00,7.052748511647098650e-02,-2.817069995338192933e-07
7.059705970597058844e+00,7.052535796701832338e-02,-2.646776886665782317e-07
7.061206120612061099e+00,7.052323090072670775e-02,-2.474608811154919232e-07
7.062706270627062466e+00,7.052110391727517413e-02,-2.300614700157930572e-07
7.064206420642063833e+00,7.051897701633723370e-02,-2.124844331740471069e-07
7.065706570657065200e+00,7.051685019758091588e-02,-1.947348330681876935e-07
7.067206720672066567e+00,7.051472346066872676e-02,-1.768178168475043043e-07
7.068706870687067934e+00,7.051259680525770457e-02,-1.587386163326477977e-07
7.070207020702069300e+00,7.051047023099936417e-02,-1.405025480156343215e-07
7.071707170717071556e+00,7.050834373753972484e-02,-1.221150130598230778e-07
7.073207320732072922e+00,7.050621732451929635e-02,-1.035814972999647101e-07
7.074707470747074289e+00,7.050409099157312065e-02,-8.490757124214359885e-08
7.076207620762075656e+00,7.050196473833070243e-02,-6.609889006380390801e-08
7.077707770777077023e+00,7.049983856441607855e-02,-4.716119361376620784e-08
7.079207920792078390e+00,7.049771246944774861e-02,-2.810030641219242904e-08
7.080708070807080645e+00,7.049558645303874438e-02,-8.922137650603332758e-09
7.082208220822082012e+00,7.049346051479658815e-02,1.036731880809078443e-08
7.083708370837083379e+00,7.049133465432329271e-02,2.976198442964726529e-08
7.085208520852084746e+00,7.048920887121537526e-02,4.925569600845901051e-08
7.086708670867086113e+00,7.048708316506387128e-02,6.884220566755807864e-08
7.088208820882087480e+00,7.048495753545429288e-02,8.851518085861748597e-08
7.089708970897088847e+00,7.048283198196665655e-02,1.082682043619452774e-07
7.091209120912091102e+00,7.048070650417546934e-02,1.280947742865084550e-07
7.092709270927092469e+00,7.047858110164978429e-02,1.479883040698733681e-07
7.094209420942093836e+00,7.047645577395310335e-02,1.679421224782882992e-07
7.095709570957095202e+00,7.047433052064343284e-02,1.879494736066197244e-07
7.097209720972096569e+00,7.047220534127331126e-02,2.080035168783878890e-07
7.098709870987097936e+00,7.047008023538975374e-02,2.280973270457422434e-07
7.100210021002099303e+00,7.046795520253426592e-02,2.482238941894769019e-07
7.101710171017101558e+00,7.046583024224288561e-02,2.683761237190402768e-07
7.103210321032102925e+00,7.046370535404612723e-02,2.885468363724794930e-07
7.104710471047104292e+00,7.046158053746900962e-02,3.087287682165221256e-07
7.106210621062105659e+00,7.045945579203104214e-02,3.289145706465259081e-07
7.107710771077107026e+00,7.045733111724625242e-02,3.490968103864835494e-07
7.109210921092108393e+00,7.045520651262315859e-02,3.692679694890300930e-07
7.110711071107110648e+00,7.045308197766478320e-02,3.894204453354531864e-07
7.112211221122112015e+00,7.045095751186863930e-02,4.095465506356479773e-07
7.113711371137113382e+00,7.044883311472674436e-02,4.296385134281803233e-07
7.115211521152114749e+00,7.044670878572562023e-02,4.496884770802457636e-07
7.116711671167116116e+00,7.044458452434627926e-02,4.696885002876826479e-07
7.118211821182117482e+00,7.044246033006423824e-02,4.896305570749689074e-07
7.119711971197118849e+00,7.044033620234953219e-02,5.095065367952205195e-07
7.121212121212121104e+00,7.043821214066667280e-02,5.293082441302088716e-07
7.122712271227122471e+00,7.043608814447467614e-02,5.490273990903059163e-07
7.124212421242123838e+00,7.043396421322704881e-02,5.686556370145654331e-07
7.125712571257125205e+00,7.043184034637182955e-02,5.881845085706623600e-07
7.127212721272126572e+00,7.042971654335151988e-02,6.076054797549159809e-07
7.128712871287127939e+00,7.042759280360313956e-02,6.269099318922874903e-07
7.130213021302129306e+00,7.042546912655821278e-02,6.460891616363777700e-07
7.131713171317131561e+00,7.042334551164275425e-02,6.651343809694344830e-07
7.133213321332132928e+00,7.042122195827728304e-02,6.840367172023146981e-07
7.134713471347134295e+00,7.041909846587680877e-02,7.027872129745513817e-07
7.136213621362135662e+00,7.041697503385087320e-02,7.213768262543049059e-07
7.137713771377137029e+00,7.041485166160346698e-02,7.397964303383784002e-07
7.139213921392138396e+00,7.041272834853311291e-02,7.580368138522105521e-07
7.140714071407140651e+00,7.041060509403282430e-02,7.760886807498965713e-07
7.142214221422142018e+00,7.040848189749013275e-02,7.939426503141285794e-07
7.143714371437143384e+00,7.040635875828706036e-02,8.115892571562909011e-07
7.145214521452144751e+00,7.040423567580010589e-02,8.290189512163729264e-07
7.146714671467146118e+00,7.040211264940028635e-02,8.462220977630305193e-07
7.148214821482147485e+00,7.039998967845312317e-02,8.631889773935369968e-07
7.149714971497148852e+00,7.039786676231864215e-02,8.799097860338209274e-07
7.151215121512151107e+00,7.039574390035134577e-02,8.963746349384510961e-07
7.152715271527152474e+00,7.039362109190026862e-02,9.125735506906208343e-07
7.154215421542153841e+00,7.039149833630890807e-02,9.284964752021673960e-07
7.155715571557155208e+00,7.038937563291529365e-02,9.441332657135913333e-07
7.157215721572156575e+00,7.038725298105193151e-02,9.594736947940069454e-07
7.158715871587157942e+00,7.038513038004584610e-02,9.745074503411879121e-07
7.160216021602159309e+00,7.038300782921855236e-02,9.892241355815317184e-07
7.161716171617161564e+00,7.038088532788605578e-02,1.003613269070094913e-06
7.163216321632162931e+00,7.037876287535889397e-02,1.017664284690545990e-06
7.164716471647164298e+00,7.037664047094206732e-02,1.031366531655218332e-06
7.166216621662165664e+00,7.037451811393509449e-02,1.044709274505077808e-06
7.167716771677167031e+00,7.037239580363198466e-02,1.057681693109739292e-06
7.169216921692168398e+00,7.037027353932126528e-02,1.070272882667436167e-06
7.170717071707170653e+00,7.036815132028595432e-02,1.082471853705076660e-06
7.172217221722172020e+00,7.036602914580354640e-02,1.094267532078161247e-06
7.173717371737173387e+00,7.036390701514608215e-02,1.105648758970877739e-06
7.175217521752174754e+00,7.036178492758006497e-02,1.116604290896018058e-06
7.176717671767176121e+00,7.035966288236650268e-02,1.127122799695047694e-06
7.178217821782177488e+00,7.035754087876093521e-02,1.137192872538033286e-06
7.179717971797178855e+00,7.035541891601335140e-02,1.146803011923726476e-06
7.181218121812181110e+00,7.035329699336827225e-02,1.155941635679495086e-06
7.182718271827182477e+00,7.035117511006472313e-02,1.164597076961330534e-06
7.184218421842183844e+00,7.034905326533621994e-02,1.172757584253892089e-06
7.185718571857185211e+00,7.034693145841076911e-02,1.180411321370472565e-06
7.187218721872186578e+00,7.034480968851088145e-02,1.187546367453000228e-06
7.188718871887187944e+00,7.034268795485357217e-02,1.194150716972043032e-06
7.190219021902189311e+00,7.034056625665037477e-02,1.200212279726811583e-06
7.191719171917191566e+00,7.033844459310728547e-02,1.205718880845164220e-06
7.193219321932192933e+00,7.033632296342481882e-02,1.210658260783586266e-06
7.194719471947194300e+00,7.033420136679800760e-02,1.215018075327209081e-06
7.196219621962195667e+00,7.033207980241633350e-02,1.218785895589807314e-06
7.197719771977197034e+00,7.032995826946385198e-02,1.221949208013794030e-06
7.199219921992198401e+00,7.032783676711903964e-02,1.224495414370215205e-06
7.200720072007200656e+00,7.032571529455493298e-02,1.226411831758772385e-06
7.202220222022202023e+00,7.032359385093903126e-02,1.227685692607790073e-06
7.203720372037203390e+00,7.032147243543336590e-02,1.228304144674246225e-06
7.205220522052204757e+00,7.031935104719444496e-02,1.228254251043754035e-06
7.206720672067206124e+00,7.031722968537328089e-02,1.227522990130570410e-06
7.208220822082207491e+00,7.031510834911537666e-02,1.226097255677583896e-06
7.209720972097208858e+00,7.031298703756075352e-02,1.223963856756335010e-06
7.211221122112211113e+00,7.031086574984393711e-02,1.221109517766989130e-06
7.212721272127212480e+00,7.030874448509392971e-02,1.217520878438373135e-06
7.214221422142213846e+00,7.030662324243423800e-02,1.213184493827938768e-06
7.215721572157215213e+00,7.030450202098288692e-02,1.208086834321777881e-06
7.217221722172216580e+00,7.030238081985237808e-02,1.202214285634627520e-06
7.218721872187217947e+00,7.030025963814974521e-02,1.195553148809863996e-06
7.220222022202219314e+00,7.029813847497648482e-02,1.188089640219505423e-06
7.221722172217221569e+00,7.029601732942861170e-02,1.179809891564205155e-06
7.223222322232222936e+00,7.029389620059664501e-02,1.170699949873262799e-06
7.224722472247224303e+00,7.029177508756559445e-02,1.160745777504619132e-06
7.226222622262225670e+00,7.028965398941496023e-02,1.149933252144846570e-06
7.227722772277227037e+00,7.028753290521877473e-02,1.138248166809162299e-06
7.229222922292228404e+00,7.028541183404676818e-02,1.125676248218516607e-06
7.230723072307230659e+00,7.028329078886220993e-02,1.112413803774282900e-06
7.232223222322232026e+00,7.028116978335229026e-02,1.098668494915118534e-06
7.233723372337233393e+00,7.027904881841952334e-02,1.084454392296437917e-06
7.235223522352234760e+00,7.027692789495920689e-02,1.069785454509671450e-06
7.236723672367236126e+00,7.027480701385940831e-02,1.054675528082258118e-06
7.238223822382237493e+00,7.027268617600102019e-02,1.039138347477646126e-06
7.239723972397238860e+00,7.027056538225766313e-02,1.023187535095291627e-06
7.241224122412241115e+00,7.026844463349581071e-02,1.006836601270650254e-06
7.242724272427242482e+00,7.026632393057467840e-02,9.900989442752145961e-07
7.244224422442243849e+00,7.026420327434626523e-02,9.729878503164578774e-07
7.245724572457245216e+00,7.026208266565539540e-02,9.555164935378707981e-07
7.247224722472246583e+00,7.025996210533963504e-02,9.376979360189531724e-07
7.248724872487247950e+00,7.025784159422936159e-02,9.195451277752131862e-07
7.250225022502249317e+00,7.025572113314773603e-02,9.010709067581676095e-07
7.251725172517251572e+00,7.025360072291071678e-02,8.822879988553309965e-07
7.253225322532252939e+00,7.025148036432701804e-02,8.632090178902594136e-07
7.254725472547254306e+00,7.024936005819815144e-02,8.438464656224847947e-07
7.256225622562255673e+00,7.024723980531843992e-02,8.242127317475585629e-07
7.257725772577257040e+00,7.024511960647497610e-02,8.043200938970407253e-07
7.259225922592258406e+00,7.024299946244760839e-02,7.841807176384998728e-07
7.260726072607260662e+00,7.024087937400903814e-02,7.638066564755012161e-07
7.262226222622262028e+00,7.023875934192468085e-02,7.432098518476548660e-07
7.263726372637263395e+00,7.023663936695279109e-02,7.224021331305435186e-07
7.265226522652264762e+00,7.023451944984439310e-02,7.013952176357701003e-07
7.266726672667266129e+00,7.023239959134328081e-02,6.802007106109467570e-07
7.268226822682267496e+00,7.023027979218607331e-02,6.588301052396935830e-07
7.269726972697268863e+00,7.022816005310213161e-02,6.372947826416401036e-07
7.271227122712271118e+00,7.022604037481362804e-02,6.156060118724107695e-07
7.272727272727272485e+00,7.022392075803551847e-02,5.937749499236780024e-07
7.274227422742273852e+00,7.022180120347554233e-02,5.718126417230837386e-07
7.275727572757275219e+00,7.021968171183422258e-02,5.497300201342915213e-07
7.277227722772276586e+00,7.021756228380487963e-02,5.275379059569739012e-07
7.278727872787277953e+00,7.021544292007361743e-02,5.052470079268116950e-07
7.280228022802279320e+00,7.021332362131930960e-02,4.828679227154944096e-07
7.281728172817281575e+00,7.021120438821364107e-02,4.604111349307067948e-07
7.283228322832282942e+00,7.020908522142106645e-02,4.378870171161823123e-07
7.284728472847284309e+00,7.020696612159881000e-02,4.153058297516228799e-07
7.286228622862285675e+00,7.020484708939693508e-02,3.926777212527532926e-07
7.287728772877287042e+00,7.020272812545824692e-02,3.700127279713053414e-07
7.289228922892288409e+00,7.020060923041834822e-02,3.473207741950208834e-07
7.290729072907290664e+00,7.019849040490562520e-02,3.246116721476362776e-07
7.292229222922292031e+00,7.019637164954126152e-02,3.018951219889368070e-07
7.293729372937293398e+00,7.019425296493921052e-02,2.791807118146765277e-07
7.295229522952294765e+00,7.019213435170623683e-02,2.564779176566313149e-07
7.296729672967296132e+00,7.019001581044187477e-02,2.337961034825855215e-07
7.298229822982297499e+00,7.018789734173842831e-02,2.111445211963322964e-07
7.299729972997298866e+00,7.018577894618102664e-02,1.885323106376732661e-07
7.301230123012301121e+00,7.018366062434754082e-02,1.659684995824056183e-07
7.302730273027302488e+00,7.018154237680868102e-02,1.434620037423749348e-07
7.304230423042303855e+00,7.017942420412789928e-02,1.210216267653955709e-07
7.305730573057305222e+00,7.017730610686145898e-02,9.865606023530412425e-08
7.307230723072306589e+00,7.017518808555837928e-02,7.637388367194514100e-08
7.308730873087307955e+00,7.017307014076051841e-02,5.418356453117196304e-08
7.310231023102309322e+00,7.017095227300246263e-02,3.209345820484757491e-08
7.311731173117311577e+00,7.016883448281160951e-02,1.011180802082851022e-08
7.313231323132312944e+00,7.016671677070816793e-02,-1.175325475697839714e-08
7.314731473147314311e+00,7.016459913720510255e-02,-3.349371092869902226e-08
7.316231623162315678e+00,7.016248158280816161e-02,-5.510165335843625677e-08
7.317731773177317045e+00,7.016036410801590462e-02,-7.656928697428483190e-08
7.319231923192318412e+00,7.015824671331964690e-02,-9.788892876833089500e-08
7.320732073207320667e+00,7.015612939920350122e-02,-1.190530077966642915e-07
7.322232223222322034e+00,7.015401216614440549e-02,-1.400540651793283782e-07
7.323732373237323401e+00,7.015189501461201182e-02,-1.608847541003964681e-07
7.325232523252324768e+00,7.014977794506882525e-02,-1.815378398079199493e-07
7.326732673267326135e+00,7.014766095797009271e-02,-2.020061996139407791e-07
7.328232823282327502e+00,7.014554405376387247e-02,-2.222828228944948722e-07
7.329732973297328869e+00,7.014342723289099246e-02,-2.423608110896059593e-07
7.331233123312331124e+00,7.014131049578507804e-02,-2.622333777033044337e-07
7.332733273327332491e+00,7.013919384287253811e-02,-2.818938483035739885e-07
7.334233423342333857e+00,7.013707727457256513e-02,-3.013356605224263671e-07
7.335733573357335224e+00,7.013496079129714900e-02,-3.205523640558528703e-07
7.337233723372336591e+00,7.013284439345103538e-02,-3.395376206638357919e-07
7.338733873387337958e+00,7.013072808143180903e-02,-3.582852041703488414e-07
7.340234023402339325e+00,7.012861185562978272e-02,-3.767890004633577799e-07
7.341734173417341580e+00,7.012649571642809443e-02,-3.950430074948288902e-07
7.343234323432342947e+00,7.012437966420266566e-02,-4.130413352806889543e-07
7.344734473447344314e+00,7.012226369932218761e-02,-4.307782059008887814e-07
7.346234623462345681e+00,7.012014782214814890e-02,-4.482479534993576792e-07
7.347734773477347048e+00,7.011803203303480780e-02,-4.654450242840187011e-07
7.349234923492348415e+00,7.011591633232923393e-02,-4.823639765267854695e-07
7.350735073507350670e+00,7.011380072037128042e-02,-4.989994805635712815e-07
7.352235223522352037e+00,7.011168519749357009e-02,-5.153463187942533217e-07
7.353735373537353404e+00,7.010956976402150931e-02,-5.313993856827296251e-07
7.355235523552354771e+00,7.010745442027331575e-02,-5.471536877568775727e-07
7.356735673567356137e+00,7.010533916655997677e-02,-5.626043436085676557e-07
7.358235823582357504e+00,7.010322400318527714e-02,-5.777465838936626284e-07
7.359735973597358871e+00,7.010110893044575742e-02,-5.925757513320151788e-07
7.361236123612361126e+00,7.009899394863078337e-02,-6.070873007074770345e-07
7.362736273627362493e+00,7.009687905802249042e-02,-6.212767988678680456e-07
7.364236423642363860e+00,7.009476425889579754e-02,-6.351399247250229836e-07
7.365736573657365227e+00,7.009264955151842114e-02,-6.486724692547604127e-07
7.367236723672366594e+00,7.009053493615083341e-02,-6.618703354968905250e-07
7.368736873687367961e+00,7.008842041304634563e-02,-6.747295385552140818e-07
7.370237023702369328e+00,7.008630598245099708e-02,-6.872462055975243191e-07
7.371737173717371583e+00,7.008419164460365225e-02,-6.994165758556107595e-07
7.373237323732372950e+00,7.008207739973595918e-02,-7.112370006252357071e-07
7.374737473747374317e+00,7.007996324807233557e-02,-7.227039432661727872e-07
7.376237623762375684e+00,7.007784918982999656e-02,-7.338139792021794181e-07
7.377737773777377051e+00,7.007573522521894083e-02,-7.445637959210059162e-07
7.379237923792378417e+00,7.007362135444195061e-02,-7.549501929743923204e-07
7.380738073807380673e+00,7.007150757769460558e-02,-7.649700819780755910e-07
7.382238223822382039e+00,7.006939389516526895e-02,-7.746204866117699167e-07
7.383738373837383406e+00,7.006728030703505972e-02,-7.838985426191938198e-07
7.385238523852384773e+00,7.006516681347793596e-02,-7.928014978080549090e-07
7.386738673867386140e+00,7.006305341466061154e-02,-8.013267120500498801e-07
7.388238823882387507e+00,7.006094011074257000e-02,-8.094716572808679036e-07
7.389738973897388874e+00,7.005882690187612005e-02,-8.172339175001897778e-07
7.391239123912391129e+00,7.005671378820632622e-02,-8.246111887716908936e-07
7.392739273927392496e+00,7.005460076987106433e-02,-8.316012792230264114e-07
7.394239423942393863e+00,7.005248784700096598e-02,-8.382021090458532836e-07
7.395739573957395230e+00,7.005037501971948799e-02,-8.444117104958188202e-07
7.397239723972396597e+00,7.004826228814284295e-02,-8.502282278925602647e-07
7.398739873987397964e+00,7.004614965238002700e-02,-8.556499176197060651e-07
7.400240024002399331e+00,7.004403711253284759e-02,-8.606751481248746033e-07
7.401740174017401586e+00,7.004192466869588185e-02,-8.653023999196822415e-07
7.403240324032402953e+00,7.003981232095650433e-02,-8.695302655797246882e-07
7.404740474047404319e+00,7.003770006939485926e-02,-8.733574497445977497e-07
7.406240624062405686e+00,7.003558791408390216e-02,-8.767827691178884370e-07
7.407740774077407053e+00,7.003347585508933049e-02,-8.798051524671728475e-07
7.409240924092408420e+00,7.003136389246968074e-02,-8.824236406240199772e-07
7.410741074107410675e+00,7.002925202627623136e-02,-8.846373864839891795e-07
7.412241224122412042e+00,7.002714025655309982e-02,-8.864456550066288944e-07
7.413741374137413409e+00,7.002502858333713165e-02,-8.878478232154834251e-07
7.415241524152414776e+00,7.002291700665798369e-02,-8.888433801980848908e-07
7.416741674167416143e+00,7.002080552653812406e-02,-8.894319271059608503e-07
7.418241824182417510e+00,7.001869414299276284e-02,-8.896131771546254081e-07
7.419741974197418877e+00,7.001658285602992138e-02,-8.893869556235864142e-07
7.421242124212421132e+00,7.001447166565040459e-02,-8.887531998563424993e-07
7.422742274227422499e+00,7.001236057184780093e-02,-8.877119592603856160e-07
7.424242424242423866e+00,7.001024957460848241e-02,-8.862633953071963804e-07
7.425742574257425233e+00,7.000813867391161849e-02,-8.844077815322487303e-07
7.427242724272426599e+00,7.000602786972916214e-02,-8.821455035350061137e-07
7.428742874287427966e+00,7.000391716202584991e-02,-8.794770589789248773e-07
7.430243024302429333e+00,7.000180655075918801e-02,-8.764030575914529955e-07
7.431743174317431588e+00,6.999969603587949396e-02,-8.729242211640262589e-07
7.433243324332432955e+00,6.999758561732985496e-02,-8.690413835520788622e-07
7.434743474347434322e+00,6.999547529504616949e-02,-8.647554906750290048e-07
7.436243624362435689e+00,6.999336506895709187e-02,-8.600676005162915960e-07
7.437743774377437056e+00,6.999125493898407380e-02,-8.549788831232693614e-07
7.439243924392438423e+00,6.998914490504135055e-02,-8.494906206073575015e-07
7.440744074407440678e+00,6.998703496703596871e-02,-8.436042071439398801e-07
7.442244224422442045e+00,6.998492512486771677e-02,-8.373211489724017295e-07
7.443744374437443412e+00,6.998281537842922229e-02,-8.306430643961088988e-07
7.445244524452444779e+00,6.998070572760584085e-02,-8.235716837824214057e-07
7.446744674467446146e+00,6.997859617227575324e-02,-8.161088495626934371e-07
7.448244824482447513e+00,6.997648671230992379e-02,-8.082565162322691137e-07
7.449744974497448879e+00,6.997437734757208649e-02,-8.000167503504803722e-07
7.451245124512451135e+00,6.997226807791878667e-02,-7.913917305406486598e-07
7.452745274527452501e+00,6.997015890319933928e-02,-7.823837474901039920e-07
7.454245424542453868e+00,6.996804982325582900e-02,-7.729952039501508601e-07
7.455745574557455235e+00,6.996594083792316565e-02,-7.632286147360885593e-07
7.457245724572456602e+00,6.996383194702901487e-02,-7.530866067272088598e-07
7.458745874587457969e+00,6.996172315039385359e-02,-7.425719188667941009e-07
7.460246024602459336e+00,6.995961444783090066e-02,-7.316874021621205791e-07
7.461746174617461591e+00,6.995750583914622789e-02,-7.204360196844460543e-07
7.463246324632462958e+00,6.995539732413862122e-02,-7.088208465690440549e-07
7.464746474647464325e+00,6.995328890259971955e-02,-6.968450700151526317e-07
7.466246624662465692e+00,6.995118057431390368e-02,-6.845119892860139576e-07
7.467746774677467059e+00,6.994907233905833799e-02,-6.718250157088603507e-07
7.469246924692468426e+00,6.994696419660302589e-02,-6.587876726749125808e-07
7.470747074707470681e+00,6.994485614671068496e-02,-6.454035956393790219e-07
7.472247224722472048e+00,6.994274818913687186e-02,-6.316765321214789461e-07
7.473747374737473415e+00,6.994064032362991290e-02,-6.176103417044022892e-07
7.475247524752474781e+00,6.993853254993091795e-02,-6.032089960353361206e-07
7.476747674767476148e+00,6.993642486777379430e-02,-5.884765788254614670e-07
7.478247824782477515e+00,6.993431727688520505e-02,-5.734172858499501356e-07
7.479747974797478882e+00,6.993220977698465235e-02,-5.580354249479645031e-07
7.481248124812481137e+00,6.993010236778436639e-02,-5.423354160226465035e-07
7.482748274827482504e+00,6.992799504898940255e-02,-5.263217910411593451e-07
7.484248424842483871e+00,6.992588782029758587e-02,-5.099991940346341468e-07
7.485748574857485238e+00,6.992378068139953884e-02,-4.933723810981961968e-07
7.487248724872486605e+00,6.992167363197866747e-02,-4.764462203909651637e-07
7.488748874887487972e+00,6.991956667171116135e-02,-4.592256921360531914e-07
7.490249024902489339e+00,6.991745980026599361e-02,-4.417158886205587573e-07
7.491749174917491594e+00,6.991535301730490704e-02,-4.239220141955673082e-07
7.493249324932492961e+00,6.991324632248248350e-02,-4.058493852761838709e-07
7.494749474947494328e+00,6.991113971544604677e-02,-3.875034303414733360e-07
7.496249624962495695e+00,6.990903319583571807e-02,-3.688896899345021750e-07
7.497749774977497061e+00,6.990692676328438826e-02,-3.500138166623325105e-07
7.499249924992498428e+00,6.990482041741777341e-02,-3.308815751960142813e-07
7.500750075007500683e+00,6.990271415785433151e-02,-3.114988422705716898e-07
7.502250225022502050e+00,6.990060798420535959e-02,-2.918716066850684238e-07
7.503750375037503417e+00,6.989850189607488273e-02,-2.720059693025123650e-07
7.505250525052504784e+00,6.989639589305976508e-02,-2.519081430499193284e-07
7.506750675067506151e+00,6.989428997474961269e-02,-2.315844529182982391e-07
7.508250825082507518e+00,6.989218414072684293e-02,-2.110413359626452033e-07
7.509750975097508885e+00,6.989007839056665672e-02,-1.902853413019545194e-07
7.511251125112511140e+00,6.988797272383703851e-02,-1.693231301191890321e-07
7.512751275127512507e+00,6.988586714009875633e-02,-1.481614756613483184e-07
7.514251425142513874e+00,6.988376163890537562e-02,-1.268072632393856785e-07
7.515751575157515241e+00,6.988165621980323150e-02,-1.052674902282534520e-07
7.517251725172516608e+00,6.987955088233145651e-02,-8.354926606690068843e-08
7.518751875187517975e+00,6.987744562602196674e-02,-6.165981225826086561e-08
7.520252025202519341e+00,6.987534045039947572e-02,-3.960646236926925350e-08
7.521752175217521597e+00,6.987323535498146665e-02,-1.739666203082945652e-08
7.523252325232522963e+00,6.987113033927820627e-02,4.962031062119247321e-09
7.524752475247524330e+00,6.986902540279277263e-02,2.746194715068703325e-08
7.526252625262525697e+00,6.986692054502098570e-02,5.009530441197635501e-08
7.527752775277527064e+00,6.986481576545151839e-02,7.285420895910566178e-08
7.529252925292528431e+00,6.986271106356577165e-02,9.573065484119436333e-08
7.530753075307530686e+00,6.986060643883794385e-02,1.187165240433876057e-07
7.532253225322532053e+00,6.985850189073504468e-02,1.418035864867969791e-07
7.533753375337533420e+00,6.985639741871685349e-02,1.649835000285881855e-07
7.535253525352534787e+00,6.985429302223593317e-02,1.882478104619150760e-07
7.536753675367536154e+00,6.985218870073764408e-02,2.115879515159445329e-07
7.538253825382537521e+00,6.985008445366010232e-02,2.349952448558501161e-07
7.539753975397538888e+00,6.984798028043424922e-02,2.584609000828139698e-07
7.541254125412541143e+00,6.984587618048380964e-02,2.819760147340451389e-07
7.542754275427542510e+00,6.984377215322526422e-02,3.055315742827125480e-07
7.544254425442543877e+00,6.984166819806789106e-02,3.291184521380415628e-07
7.545754575457545243e+00,6.983956431441379342e-02,3.527274096452456983e-07
7.547254725472546610e+00,6.983746050165778874e-02,3.763490960855527709e-07
7.548754875487547977e+00,6.983535675918754737e-02,3.999740486762015102e-07
7.550255025502549344e+00,6.983325308638349549e-02,4.235926925704312888e-07
7.551755175517551599e+00,6.983114948261884281e-02,4.471953408575043567e-07
7.553255325532552966e+00,6.982904594725959646e-02,4.707721945626601020e-07
7.554755475547554333e+00,6.982694247966454715e-02,4.943133426471812247e-07
7.556255625562555700e+00,6.982483907918526911e-02,5.178087620083405862e-07
7.557755775577557067e+00,6.982273574516613401e-02,5.412483174794303250e-07
7.559255925592558434e+00,6.982063247694426933e-02,5.646217618297424819e-07
7.560756075607560689e+00,6.981852927384961383e-02,5.879187357645971631e-07
7.562256225622562056e+00,6.981642613520490370e-02,6.111287679252731898e-07
7.563756375637563423e+00,6.981432306032563095e-02,6.342412748891115416e-07
7.565256525652564790e+00,6.981222004852009888e-02,6.572455611694412419e-07
7.566756675667566157e+00,6.981011709908938045e-02,6.801308192156001094e-07
7.568256825682567523e+00,6.980801421132735995e-02,7.028861294129296765e-07
7.569756975697568890e+00,6.980591138452066358e-02,7.255004600827945647e-07
7.571257125712571145e+00,6.980380861794874270e-02,7.479626674825659679e-07
7.572757275727572512e+00,6.980170591088383225e-02,7.702614958055913706e-07
7.574257425742573879e+00,6.979960326259093684e-02,7.923855771812664402e-07
7.575757575757575246e+00,6.979750067232784461e-02,8.143234316749799693e-07
7.577257725772576613e+00,6.979539813934515502e-02,8.360634672881365346e-07
7.578757875787577980e+00,6.979329566288623721e-02,8.575939799581318263e-07
7.580258025802579347e+00,6.979119324218722997e-02,8.789031535583912945e-07
7.581758175817581602e+00,6.978909087647711118e-02,8.999790598983542671e-07
7.583258325832582969e+00,6.978698856497757286e-02,9.208096587234167752e-07
7.584758475847584336e+00,6.978488630690315997e-02,9.413827977150497139e-07
7.586258625862585703e+00,6.978278410146115940e-02,9.616862124906853403e-07
7.587758775877587070e+00,6.978068194785166933e-02,9.817075266037964709e-07
7.589258925892588437e+00,6.977857984526755764e-02,1.001434251543846930e-06
7.590759075907590692e+00,6.977647779289448959e-02,1.020853786736326067e-06
7.592259225922592059e+00,6.977437578991091405e-02,1.039953419542689886e-06
7.593759375937593425e+00,6.977227383548807726e-02,1.058720325260448504e-06
7.595259525952594792e+00,6.977017192878998131e-02,1.077141567123107916e-06
7.596759675967596159e+00,6.976807006897343955e-02,1.095204096300168514e-06
7.598259825982597526e+00,6.976596825518803502e-02,1.112894751897157694e-06
7.599759975997598893e+00,6.976386648657617595e-02,1.130200260955601064e-06
7.601260126012601148e+00,6.976176476227299861e-02,1.147107238453052505e-06
7.602760276027602515e+00,6.975966308140647831e-02,1.163602187303028111e-06
7.604260426042603882e+00,6.975756144309733231e-02,1.179671498355095755e-06
7.605760576057605249e+00,6.975545984645911690e-02,1.195301450394816862e-06
7.607260726072606616e+00,6.975335829059810255e-02,1.210478210143768850e-06
7.608760876087607983e+00,6.975125677461342655e-02,1.225187832259521629e-06
7.610261026102609350e+00,6.974915529759695421e-02,1.239416259335664703e-06
7.611761176117611605e+00,6.974705385863334828e-02,1.253149321901813526e-06
7.613261326132612972e+00,6.974495245680009670e-02,1.266372738423554017e-06
7.614761476147614339e+00,6.974285109116740156e-02,1.279072115302501221e-06
7.616261626162615705e+00,6.974074976079833177e-02,1.291232946876288931e-06
7.617761776177617072e+00,6.973864846474867041e-02,1.302840615418541736e-06
7.619261926192618439e+00,6.973654720206703961e-02,1.313880391138901914e-06
7.620762076207620694e+00,6.973444597179483118e-02,1.324337432183029011e-06
7.622262226222622061e+00,6.973234477296620659e-02,1.334196784632557697e-06
7.623762376237623428e+00,6.973024360460813864e-02,1.343443382505171460e-06
7.625262526252624795e+00,6.972814246574036978e-02,1.352062047754541832e-06
7.626762676267626162e+00,6.972604135537542602e-02,1.360037490270345118e-06
7.628262826282627529e+00,6.972394027251864468e-02,1.367354307878285053e-06
7.629762976297628896e+00,6.972183921616813274e-02,1.373996986340056379e-06
7.631263126312631151e+00,6.971973818531476685e-02,1.379949899353375339e-06
7.632763276327632518e+00,6.971763717894223500e-02,1.385197308551950880e-06
7.634263426342633885e+00,6.971553619602700869e-02,1.389723363505512813e-06
7.635763576357635252e+00,6.971343523553834298e-02,1.393512101719798051e-06
7.637263726372636619e+00,6.971133429643826263e-02,1.396547448636548068e-06
7.638763876387637985e+00,6.970923337768160366e-02,1.398813217633520757e-06
7.640264026402639352e+00,6.970713247821598568e-02,1.400293110024467347e-06
7.641764176417641607e+00,6.970503159698178408e-02,1.400970715059172217e-06
7.643264326432642974e+00,6.970293073291218555e-02,1.400829509923396776e-06
7.644764476447644341e+00,6.970082988493318810e-02,1.399852859738944475e-06
7.646264626462645708e+00,6.969872905196351776e-02,1.398024017563605328e-06
7.647764776477647075e+00,6.969662823291473963e-02,1.395326124391178989e-06
7.649264926492648442e+00,6.969452742669116074e-02,1.391742209151476027e-06
7.650765076507650697e+00,6.969242663218992717e-02,1.387255188710334651e-06
7.652265226522652064e+00,6.969032584830091304e-02,1.381847867869570318e-06
7.653765376537653431e+00,6.968822507390681764e-02,1.375502939367025275e-06
7.655265526552654798e+00,6.968612430788312384e-02,1.368202983876551202e-06
7.656765676567656165e+00,6.968402354909809804e-02,1.359930470008005612e-06
7.658265826582657532e+00,6.968192279641276243e-02,1.350667754307241259e-06
7.659765976597658899e+00,6.967982204868096441e-02,1.340397081256146374e-06
7.661266126612661154e+00,6.967772130474933490e-02,1.329100583272587491e-06
7.662766276627662521e+00,6.967562056345727450e-02,1.316760280710467258e-06
7.664266426642663887e+00,6.967351982363696739e-02,1.303358081859687374e-06
7.665766576657665254e+00,6.967141908411339513e-02,1.288875782946145632e-06
7.667266726672666621e+00,6.966931836640311015e-02,1.273644789161445879e-06
7.668766876687667988e+00,6.966721769355044280e-02,1.258020292225241081e-06
7.670267026702669355e+00,6.966511706639123835e-02,1.242015439824474262e-06
7.671767176717671610e+00,6.966301648575401462e-02,1.225643265151764899e-06
7.673267326732672977e+00,6.966091595246011459e-02,1.208916688300199652e-06
7.674767476747674344e+00,6.965881546732362317e-02,1.191848516263273284e-06
7.676267626762675711e+00,6.965671503115142271e-02,1.174451442934928472e-06
7.677767776777677078e+00,6.965461464474315134e-02,1.156738049109545432e-06
7.679267926792678445e+00,6.965251430889128625e-02,1.138720802481942337e-06
7.680768076807680700e+00,6.965041402438101881e-02,1.120412057647364103e-06
7.682268226822682067e+00,6.964831379199036554e-02,1.101824056101525791e-06
7.683768376837683434e+00,6.964621361249012654e-02,1.082968926240548236e-06
7.685268526852684801e+00,6.964411348664385770e-02,1.063858683361000610e-06
7.686768676867686167e+00,6.964201341520791233e-02,1.044505229659889837e-06
7.688268826882687534e+00,6.963991339893142729e-02,1.024920354234660375e-06
7.689768976897688901e+00,6.963781343855629524e-02,1.005115733083194858e-06
7.691269126912691156e+00,6.963571353481724791e-02,9.851029291038018071e-07
7.692769276927692523e+00,6.963361368844173116e-02,9.648933920952624362e-07
7.694269426942693890e+00,6.963151390015002995e-02,9.444984587567611903e-07
7.695769576957695257e+00,6.962941417065517113e-02,9.239293526879313812e-07
7.697269726972696624e+00,6.962731450066296512e-02,9.031971843888444937e-07
7.698769876987697991e+00,6.962521489087204751e-02,8.823129512600095498e-07
7.700270027002699358e+00,6.962311534197378193e-02,8.612875376023733211e-07
7.701770177017701613e+00,6.962101585465234332e-02,8.401317146173079405e-07
7.703270327032702980e+00,6.961891642958469018e-02,8.188561404066610891e-07
7.704770477047704347e+00,6.961681706744053677e-02,7.974713599726800807e-07
7.706270627062705714e+00,6.961471776888240870e-02,7.759878052180632133e-07
7.707770777077707081e+00,6.961261853456558735e-02,7.544157949459461107e-07
7.709270927092708448e+00,6.961051936513817928e-02,7.327655348599021460e-07
7.710771077107709814e+00,6.960842026124100523e-02,7.110471175639426533e-07
7.712271227122712070e+00,6.960632122350773887e-02,6.892705225625041164e-07
7.713771377137713436e+00,6.960422225256478190e-02,6.674456162604986731e-07
7.715271527152714803e+00,6.960212334903134734e-02,6.455821519632380940e-07
7.716771677167716170e+00,6.960002451351941788e-02,6.236897698764850281e-07
7.718271827182717537e+00,6.959792574663375975e-02,6.017779971064393441e-07
7.719771977197718904e+00,6.959582704897192273e-02,5.798562476597390837e-07
7.721272127212721159e+00,6.959372842112425406e-02,5.579338224434470145e-07
7.722772277227722526e+00,6.959162986367382897e-02,5.360199092651022995e-07
7.724272427242723893e+00,6.958953137719657567e-02,5.141235828326434168e-07
7.725772577257725260e+00,6.958743296226116426e-02,4.922538047544592992e-07
7.727272727272726627e+00,6.958533461942904841e-02,4.704194235393767349e-07
7.728772877287727994e+00,6.958323634925446532e-02,4.486291745966602610e-07
7.730273027302729361e+00,6.958113815228443577e-02,4.268916802360120583e-07
7.731773177317731616e+00,6.957904002905876406e-02,4.052154496675596690e-07
7.733273327332732983e+00,6.957694198011003806e-02,3.836088790019062892e-07
7.734773477347734350e+00,6.957484400596362917e-02,3.620802512500546421e-07
7.736273627362735716e+00,6.957274610713767848e-02,3.406377363234587525e-07
7.737773777377737083e+00,6.957064828414312452e-02,3.192893910340092299e-07
7.739273927392738450e+00,6.956855053748366158e-02,2.980431590940353861e-07
7.740774077407739817e+00,6.956645286765579528e-02,2.769068711163036467e-07
7.742274227422742072e+00,6.956435527514881478e-02,2.558882446140064342e-07
7.743774377437743439e+00,6.956225776044475118e-02,2.349948840008103428e-07
7.745274527452744806e+00,6.956016032401846072e-02,2.142342805907832935e-07
7.746774677467746173e+00,6.955806296633756935e-02,1.936138125984432384e-07
7.748274827482747540e+00,6.955596568786245881e-02,1.731407451387452440e-07
7.749774977497748907e+00,6.955386848904632213e-02,1.528222302270833962e-07
7.751275127512751162e+00,6.955177137033513590e-02,1.326653067792764016e-07
7.752775277527752529e+00,6.954967433216763251e-02,1.126769006116167146e-07
7.754275427542753896e+00,6.954757737497535564e-02,9.286382444080023426e-08
7.755775577557755263e+00,6.954548049918261865e-02,7.323277788397013809e-08
7.757275727572756630e+00,6.954338370520649071e-02,5.379034745870925860e-08
7.758775877587757996e+00,6.954128699345686615e-02,3.454300658303754233e-08
7.760276027602759363e+00,6.953919036433640899e-02,1.549711557541268514e-08
7.761776177617761618e+00,6.953709381824053903e-02,-3.341078345280879284e-09
7.763276327632762985e+00,6.953499735555747352e-02,-2.196544105968772191e-08
7.764776477647764352e+00,6.953290097666824099e-02,-4.036995154804748694e-08
7.766276627662765719e+00,6.953080468194659802e-02,-5.854870189015190491e-08
7.767776777677767086e+00,6.952870847175912639e-02,-7.649589726535389827e-08
7.769276927692768453e+00,6.952661234646517752e-02,-9.420585595256991075e-08
7.770777077707769820e+00,6.952451630641685865e-02,-1.116730093302763074e-07
7.772277227722772075e+00,6.952242035195908831e-02,-1.288919018765241978e-07
7.773777377737773442e+00,6.952032448342956861e-02,-1.458571911688956020e-07
7.775277527752774809e+00,6.951822870115877129e-02,-1.625636478845650721e-07
7.776777677767776176e+00,6.951613300546995167e-02,-1.790061558002596702e-07
7.778277827782777543e+00,6.951403739667913473e-02,-1.951797117922678619e-07
7.779777977797778910e+00,6.951194187509515676e-02,-2.110794258364407872e-07
7.781278127812781165e+00,6.950984644101960985e-02,-2.267005210082015776e-07
7.782778277827782532e+00,6.950775109474688351e-02,-2.420383334825070279e-07
7.784278427842783898e+00,6.950565583656413693e-02,-2.570883125339043476e-07
7.785778577857785265e+00,6.950356066675131284e-02,-2.718460205364938912e-07
7.787278727872786632e+00,6.950146558558115140e-02,-2.863071329639380521e-07
7.788778877887787999e+00,6.949937059331916245e-02,-3.004674383894608395e-07
7.790279027902789366e+00,6.949727569022362550e-02,-3.143228384858495715e-07
7.791779177917791621e+00,6.949518087654560361e-02,-3.278693480254614408e-07
7.793279327932792988e+00,6.949308615252898502e-02,-3.411030948801902677e-07
7.794779477947794355e+00,6.949099151841038602e-02,-3.540203200215194402e-07
7.796279627962795722e+00,6.948889697441923419e-02,-3.666173775204833737e-07
7.797779777977797089e+00,6.948680252077772679e-02,-3.788907345476810637e-07
7.799279927992798456e+00,6.948470815770083076e-02,-3.908369713732716390e-07
7.800780078007799823e+00,6.948261388539633820e-02,-4.024527813669783846e-07
7.802280228022802078e+00,6.948051970406476929e-02,-4.137349709980917069e-07
7.803780378037803445e+00,6.947842561389946936e-02,-4.246804598354454166e-07
7.805280528052804812e+00,6.947633161508653954e-02,-4.352862805474561154e-07
7.806780678067806178e+00,6.947423770780487839e-02,-4.455495789020935502e-07
7.808280828082807545e+00,6.947214389222614028e-02,-4.554676137668924717e-07
7.809780978097808912e+00,6.947005016851480474e-02,-4.650377571089483987e-07
7.811281128112811167e+00,6.946795653682807936e-02,-4.742574939949241831e-07
7.812781278127812534e+00,6.946586299731601077e-02,-4.831244225910294690e-07
7.814281428142813901e+00,6.946376955012138754e-02,-4.916362541630518215e-07
7.815781578157815268e+00,6.946167619537978177e-02,-4.997908130763372447e-07
7.817281728172816635e+00,6.945958293321957688e-02,-5.075860367957908169e-07
7.818781878187818002e+00,6.945748976376189820e-02,-5.150199758858838908e-07
7.820282028202819369e+00,6.945539668712068238e-02,-5.220907940106456227e-07
7.821782178217821624e+00,6.945330370340262183e-02,-5.287967679336744076e-07
7.823282328232822991e+00,6.945121081270723418e-02,-5.351362875181177624e-07
7.824782478247824358e+00,6.944911801512677896e-02,-5.411078557266987952e-07
7.826282628262825725e+00,6.944702531074631313e-02,-5.467100886216967242e-07
7.827782778277827092e+00,6.944493269964366333e-02,-5.519417153649538649e-07
7.829282928292828458e+00,6.944284018188945362e-02,-5.568015782178764779e-07
7.830783078307829825e+00,6.944074775754707773e-02,-5.612886325414294746e-07
7.832283228322832080e+00,6.943865542667272683e-02,-5.654019467961457345e-07
7.833783378337833447e+00,6.943656318931536175e-02,-5.691407025421114939e-07
7.835283528352834814e+00,6.943447104551671301e-02,-5.725041944389828632e-07
7.836783678367836181e+00,6.943237899531132240e-02,-5.754918302459756626e-07
7.838283828382837548e+00,6.943028703872648755e-02,-5.781031308218673273e-07
7.839783978397838915e+00,6.942819517578230348e-02,-5.803377301249998730e-07
7.841284128412841170e+00,6.942610340649163492e-02,-5.821953752132750248e-07
7.842784278427842537e+00,6.942401173086014399e-02,-5.836759262441561232e-07
7.844284428442843904e+00,6.942192014888626250e-02,-5.847793564746719358e-07
7.845784578457845271e+00,6.941982866056120582e-02,-5.855057522614111517e-07
7.847284728472846638e+00,6.941773726586897286e-02,-5.858553130605240754e-07
7.848784878487848005e+00,6.941564596478633220e-02,-5.858283514277264384e-07
7.850285028502849372e+00,6.941355475728287761e-02,-5.854252930182932583e-07
7.851785178517851627e+00,6.941146364332091701e-02,-5.846466765870615918e-07
7.853285328532852994e+00,6.940937262285559739e-02,-5.834931539884328637e-07
7.854785478547854360e+00,6.940728169583482154e-02,-5.819654901763709615e-07
7.856285628562855727e+00,6.940519086219927580e-02,-5.800645632043982115e-07
7.857785778577857094e+00,6.940310012188243005e-02,-5.777913642256023673e-07
7.859285928592858461e+00,6.940100947481053772e-02,-5.751469974926342801e-07
7.860786078607859828e+00,6.939891892090263581e-02,-5.721326803577038757e-07
7.862286228622862083e+00,6.939682846007054484e-02,-5.687497432725835419e-07
7.863786378637863450e+00,6.939473809221884115e-02,-5.649996297886127882e-07
7.865286528652864817e+00,6.939264781724492626e-02,-5.608838965566880804e-07
7.866786678667866184e+00,6.939055763503895746e-02,-5.564042133272694059e-07
7.868286828682867551e+00,6.938846754548387563e-02,-5.515623629503802731e-07
7.869786978697868918e+00,6.938637754845539130e-02,-5.463602413756041120e-07
7.871287128712871173e+00,6.938428764382202629e-02,-5.407998576520863914e-07
7.872787278727872540e+00,6.938219783144507213e-02,-5.348833339285420307e-07
7.874287428742873907e+00,6.938010811117860388e-02,-5.286129054532395177e-07
7.875787578757875274e+00,6.937801848286945239e-02,-5.219909205740121324e-07
7.877287728772876640e+00,6.937592894635725982e-02,-5.150198407382570992e-07
7.878787878787878007e+00,6.937383950147443801e-02,-5.077022404929315642e-07
7.880288028802879374e+00,6.937175014804619622e-02,-5.000408074845564062e-07
7.881788178817881629e+00,6.936966088589049950e-02,-4.920383424592096727e-07
7.883288328832882996e+00,6.936757171481811035e-02,-4.836977592625460615e-07
7.884788478847884363e+00,6.936548263463258868e-02,-4.750220848397676980e-07
7.886288628862885730e+00,6.936339364513023631e-02,-4.660144592356423463e-07
7.887788778877887097e+00,6.936130474610016639e-02,-4.566781355945042567e-07
7.889288928892888464e+00,6.935921593732427559e-02,-4.470164801602459065e-07
7.890789078907889831e+00,6.935712721857721641e-02,-4.370329722763230826e-07
7.892289228922892086e+00,6.935503858962645263e-02,-4.267312043857489522e-07
7.893789378937893453e+00,6.935295005023221770e-02,-4.161148820311150270e-07
7.895289528952894820e+00,6.935086160014751477e-02,-4.051878238545585519e-07
7.896789678967896187e+00,6.934877323911814440e-02,-3.939539615977847403e-07
7.898289828982897554e+00,6.934668496688270456e-02,-3.824173401020614796e-07
7.899789978997898920e+00,6.934459678317252129e-02,-3.705821173082161554e-07
7.901290129012901176e+00,6.934250868771175969e-02,-3.584525642566335332e-07
7.902790279027902542e+00,6.934042068021732674e-02,-3.460330650872856168e-07
7.904290429042903909e+00,6.933833276039894078e-02,-3.333281170396757442e-07
7.905790579057905276e+00,6.933624492795908978e-02,-3.203423304528858092e-07
7.907290729072906643e+00,6.933415718259303140e-02,-3.070804287655559332e-07
7.908790879087908010e+00,6.933206952398883460e-02,-2.935472485158876410e-07
7.910291029102909377e+00,6.932998195182729639e-02,-2.797477393416472494e-07
7.911791179117911632e+00,6.932789446578206671e-02,-2.656869639801537968e-07
7.913291329132912999e+00,6.932580706551952354e-02,-2.513700982683125009e-07
7.914791479147914366e+00,6.932371975069885617e-02,-2.368024311425662662e-07
7.916291629162915733e+00,6.932163252097200967e-02,-2.219893646389291418e-07
7.917791779177917100e+00,6.931954537598372657e-02,-2.069364138929810272e-07
7.919291929192918467e+00,6.931745831537153291e-02,-1.916492071398539086e-07
7.920792079207919834e+00,6.931537133876573831e-02,-1.761334857142530339e-07
7.922292229222922089e+00,6.931328444578942205e-02,-1.603951040504317143e-07
7.923792379237923456e+00,6.931119763605846085e-02,-1.444400296822294402e-07
7.925292529252924822e+00,6.930911090918148720e-02,-1.282743432430297415e-07
7.926792679267926189e+00,6.930702426475995881e-02,-1.119042384657783988e-07
7.928292829282927556e+00,6.930493770238806139e-02,-9.533602218299127861e-08
7.929792979297928923e+00,6.930285122165279199e-02,-7.857611432673633360e-08
7.931293129312931178e+00,6.930076482213394506e-02,-6.163104792864397900e-08
7.932793279327932545e+00,6.929867850340407087e-02,-4.450746911993292699e-08
7.934293429342933912e+00,6.929659226502851710e-02,-2.721213713134962387e-08
7.935793579357935279e+00,6.929450610656538723e-02,-9.751924293222036662e-09
7.937293729372936646e+00,6.929242002756560992e-02,7.866183964566604927e-09
7.938793879387938013e+00,6.929033402757284188e-02,2.563508911256933816e-08
7.940294029402939380e+00,6.928824810612356500e-02,4.354757952177885543e-08
7.941794179417941635e+00,6.928616226274703083e-02,6.159633046362941004e-08
7.943294329432943002e+00,6.928407649696527448e-02,7.977390410996738184e-08
7.944794479447944369e+00,6.928199080829308687e-02,9.807274953310760492e-08
7.946294629462945736e+00,6.927990519623808408e-02,1.164852027057920747e-07
7.947794779477947102e+00,6.927781966030063798e-02,1.350034865012005360e-07
7.949294929492948469e+00,6.927573419997390403e-02,1.536197106929494241e-07
7.950795079507949836e+00,6.927364881474380731e-02,1.723258719550922880e-07
7.952295229522952091e+00,6.927156350408908425e-02,1.911138538621337673e-07
7.953795379537953458e+00,6.926947826748124093e-02,2.099754268889827926e-07
7.955295529552954825e+00,6.926739310438455310e-02,2.289022484110178078e-07
7.956795679567956192e+00,6.926530801425609396e-02,2.478858627040437828e-07
7.958295829582957559e+00,6.926322299654572023e-02,2.669177009443070367e-07
7.959795979597958926e+00,6.926113805069603058e-02,2.859890812084867674e-07
7.961296129612961181e+00,6.925905317614246270e-02,3.050912084737141099e-07
7.962796279627962548e+00,6.925696837231321012e-02,3.242151746175240673e-07
7.964296429642963915e+00,6.925488363862923602e-02,3.433519584179208378e-07
7.965796579657965282e+00,6.925279897450430100e-02,3.624924255533411812e-07
7.967296729672966649e+00,6.925071437934494922e-02,3.816273286026499712e-07
7.968796879687968016e+00,6.924862985255049452e-02,4.007473070451589366e-07
7.970297029702969382e+00,6.924654539351303428e-02,4.198428872606134262e-07
7.971797179717971638e+00,6.924446100161747719e-02,4.389044825292083965e-07
7.973297329732973004e+00,6.924237667624145998e-02,4.579223930315407661e-07
7.974797479747974371e+00,6.924029241675544455e-02,4.768868058486826842e-07
7.976297629762975738e+00,6.923820822252266249e-02,4.957877949621327202e-07
7.977797779777977105e+00,6.923612409289912895e-02,5.146153212538220046e-07
7.979297929792978472e+00,6.923404002723361483e-02,5.333592325061242878e-07
7.980798079807979839e+00,6.923195602486770239e-02,5.520092634018523398e-07
7.982298229822982094e+00,6.922987208513577129e-02,5.705550355242629270e-07
7.983798379837983461e+00,6.922778820736492922e-02,5.889860573570184836e-07
7.985298529852984828e+00,6.922570439087510907e-02,6.072917242842564625e-07
7.986798679867986195e+00,6.922362063497902729e-02,6.254613185905355488e-07
7.988298829882987562e+00,6.922153693898214222e-02,6.434840094608575767e-07
7.989798979897988929e+00,6.921945330218272352e-02,6.613488529806603297e-07
7.991299129912991184e+00,6.921736972387182441e-02,6.790447921358257994e-07
7.992799279927992551e+00,6.921528620333326776e-02,6.965606568126460920e-07
7.994299429942993918e+00,6.921320273984368776e-02,7.138851637978803917e-07
7.995799579957995284e+00,6.921111933267243277e-02,7.310069167787202318e-07
7.997299729972996651e+00,6.920903598108171795e-02,7.479144063427904485e-07
7.998799879987998018e+00,6.920695268432647262e-02,7.645960099781547915e-07
8.000300030003000273e+00,6.920486944165445131e-02,7.810399920733194187e-07
8.001800180018001640e+00,6.920278625230616432e-02,7.972345039172132023e-07
8.003300330033003007e+00,6.920070311551490549e-02,8.131675836992141990e-07
8.004800480048004374e+00,6.919862003050676613e-02,8.288271565091422378e-07
8.006300630063005741e+00,6.919653699650062106e-02,8.442010343372481211e-07
8.007800780078007108e+00,6.919445401270808704e-02,8.592769160742198709e-07
8.009300930093008475e+00,6.919237107833361988e-02,8.740423875111864351e-07
8.010801080108009842e+00,6.919028819257441731e-02,8.884849213397163106e-07
8.012301230123011209e+00,6.918820535462047450e-02,9.025918771518162732e-07
8.013801380138012576e+00,6.918612256365457014e-02,9.163505014399172953e-07
8.015301530153013942e+00,6.918403981885223875e-02,9.297479275969039806e-07
8.016801680168017086e+00,6.918195711938184000e-02,9.427711759161070463e-07
8.018301830183018453e+00,6.917987446440447552e-02,9.554071535912533486e-07
8.019801980198019820e+00,6.917779185307405820e-02,9.676426547165439154e-07
8.021302130213021186e+00,6.917570928453725676e-02,9.794643602866209118e-07
8.022802280228022553e+00,6.917362675793353732e-02,9.908588381965407474e-07
8.024302430243023920e+00,6.917154427239516346e-02,1.001812543241813463e-06
8.025802580258025287e+00,6.916946182704714063e-02,1.012311817118383883e-06
8.027302730273026654e+00,6.916737942100728564e-02,1.022342888422628865e-06
8.028802880288028021e+00,6.916529705338619882e-02,1.031891872651376355e-06
8.030303030303029388e+00,6.916321472328723630e-02,1.040944772201872782e-06
8.031803180318030755e+00,6.916113242980655162e-02,1.049487476371816083e-06
8.033303330333032122e+00,6.915905017203309579e-02,1.057505761359340890e-06
8.034803480348033489e+00,6.915696794904858946e-02,1.064985290263012171e-06
8.036303630363036632e+00,6.915488575992750908e-02,1.071911613081854454e-06
8.037803780378037999e+00,6.915280360373714241e-02,1.078270166715287031e-06
8.039303930393039366e+00,6.915072147953757464e-02,1.084046274963211410e-06
8.040804080408040733e+00,6.914863938638161900e-02,1.089225148525943346e-06
8.042304230423042100e+00,6.914655732331492777e-02,1.093791885004239517e-06
8.043804380438043466e+00,6.914447528937589516e-02,1.097731468899300917e-06
8.045304530453044833e+00,6.914239328359571279e-02,1.101028771612763323e-06
8.046804680468046200e+00,6.914031130499835587e-02,1.103668551446690945e-06
8.048304830483047567e+00,6.913822935260056923e-02,1.105635453603599929e-06
8.049804980498048934e+00,6.913614742541190905e-02,1.106914010186441207e-06
8.051305130513050301e+00,6.913406552243467340e-02,1.107488640198594567e-06
8.052805280528051668e+00,6.913198364266395779e-02,1.107343649543880507e-06
8.054305430543053035e+00,6.912990178508765515e-02,1.106463231026570408e-06
8.055805580558054402e+00,6.912781994868642810e-02,1.104831464351357304e-06
8.057305730573057545e+00,6.912573813243370890e-02,1.102432316123372191e-06
8.058805880588058912e+00,6.912365633529572728e-02,1.099249639848199696e-06
8.060306030603060279e+00,6.912157455623151037e-02,1.095267175931848854e-06
8.061806180618061646e+00,6.911949279419281333e-02,1.090468551680767720e-06
8.063306330633063013e+00,6.911741104812423042e-02,1.084837281301842310e-06
8.064806480648064380e+00,6.911532931696311166e-02,1.078356765902401685e-06
8.066306630663065746e+00,6.911324759963959063e-02,1.071010293490209052e-06
8.067806780678067113e+00,6.911116589507657060e-02,1.062781038973468548e-06
8.069306930693068480e+00,6.910908420218977999e-02,1.053652064160807231e-06
8.070807080708069847e+00,6.910700251988766141e-02,1.043606317761312994e-06
8.072307230723071214e+00,6.910492084707149651e-02,1.032626635384496444e-06
8.073807380738072581e+00,6.910283918555529259e-02,1.020741187610395061e-06
8.075307530753073948e+00,6.910075756632166888e-02,1.008432224235728798e-06
8.076807680768077091e+00,6.909867599848161512e-02,9.958417347820022499e-07
8.078307830783078458e+00,6.909659448266478043e-02,9.829797157210752867e-07
8.079807980798079825e+00,6.909451301949519342e-02,9.698560747334766693e-07
8.081308130813081192e+00,6.909243160959122054e-02,9.564806307084646120e-07
8.082808280828082559e+00,6.909035025356566329e-02,9.428631137440111125e-07
8.084308430843083926e+00,6.908826895202567486e-02,9.290131651468026931e-07
8.085808580858085293e+00,6.908618770557278799e-02,9.149403374322400831e-07
8.087308730873086660e+00,6.908410651480290099e-02,9.006540943244382187e-07
8.088808880888088026e+00,6.908202538030631945e-02,8.861638107562263490e-07
8.090309030903089393e+00,6.907994430266772845e-02,8.714787728691477182e-07
8.091809180918090760e+00,6.907786328246616481e-02,8.566081780134600951e-07
8.093309330933092127e+00,6.907578232027505871e-02,8.415611347481351379e-07
8.094809480948093494e+00,6.907370141666223373e-02,8.263466628408591351e-07
8.096309630963096637e+00,6.907162057218989293e-02,8.109736932680141594e-07
8.097809780978098004e+00,6.906953978741457723e-02,7.954510682147510181e-07
8.099309930993099371e+00,6.906745906288727643e-02,7.797875410748804093e-07
8.100810081008100738e+00,6.906537839915329047e-02,7.639917764509453437e-07
8.102310231023102105e+00,6.906329779675234037e-02,7.480723501542033563e-07
8.103810381038103472e+00,6.906121725621851282e-02,7.320377492046256598e-07
8.105310531053104839e+00,6.905913677808028783e-02,7.158963718308978856e-07
8.106810681068106206e+00,6.905705636286049720e-02,6.996565274704202954e-07
8.108310831083107573e+00,6.905497601107639383e-02,6.833264367693067230e-07
8.109810981098108940e+00,6.905289572323958236e-02,6.669142315823859497e-07
8.111311131113110307e+00,6.905081549985603306e-02,6.504279549732003290e-07
8.112811281128111673e+00,6.904873534142612346e-02,6.338755612140070564e-07
8.114311431143113040e+00,6.904665524844461055e-02,6.172649157857768991e-07
8.115811581158114407e+00,6.904457522140060310e-02,6.006037953781954664e-07
8.117311731173117550e+00,6.904249526077761712e-02,5.838998878896423518e-07
8.118811881188118917e+00,6.904041536705356197e-02,5.671607924272710716e-07
8.120312031203120284e+00,6.903833554070067102e-02,5.503940193068896332e-07
8.121812181218121651e+00,6.903625578218559877e-02,5.336069900530408972e-07
8.123312331233123018e+00,6.903417609196937921e-02,5.168070373989808726e-07
8.124812481248124385e+00,6.903209647050741193e-02,5.000014052866804104e-07
8.126312631263125752e+00,6.903001691824948993e-02,4.831972488668246746e-07
8.127812781278127119e+00,6.902793743563975792e-02,4.664016344988125068e-07
8.129312931293128486e+00,6.902585802311678176e-02,4.496215397507574847e-07
8.130813081308129853e+00,6.902377868111347903e-02,4.328638533994876050e-07
8.132313231323131220e+00,6.902169941005714682e-02,4.161353754305445417e-07
8.133813381338132587e+00,6.901962021036946171e-02,3.994428170381842817e-07
8.135313531353133953e+00,6.901754108246650754e-02,3.827928006253773366e-07
8.136813681368137097e+00,6.901546202675871988e-02,3.661918598037887314e-07
8.138313831383138464e+00,6.901338304365089993e-02,3.496464393938563550e-07
8.139813981398139831e+00,6.901130413354228388e-02,3.331628954246739638e-07
8.141314131413141197e+00,6.900922529682641804e-02,3.167474951340687914e-07
8.142814281428142564e+00,6.900714653389129760e-02,3.004064169685820664e-07
8.144314431443143931e+00,6.900506784511922787e-02,2.841457505834698596e-07
8.145814581458145298e+00,6.900298923088694913e-02,2.679714968427021311e-07
8.147314731473146665e+00,6.900091069156556733e-02,2.518895678189627306e-07
8.148814881488148032e+00,6.899883222752055401e-02,2.359057867936505614e-07
8.150315031503149399e+00,6.899675383911176019e-02,2.200258882568784164e-07
8.151815181518150766e+00,6.899467552669343029e-02,2.042555179074726599e-07
8.153315331533152133e+00,6.899259729061417434e-02,1.886002326529751340e-07
8.154815481548153500e+00,6.899051913121700963e-02,1.730655006096404052e-07
8.156315631563156643e+00,6.898844104883930517e-02,1.576567011024206241e-07
8.157815781578158010e+00,6.898636304381280948e-02,1.423791246650361465e-07
8.159315931593159377e+00,6.898428511646366446e-02,1.272379730398659487e-07
8.160816081608160744e+00,6.898220726711240536e-02,1.122383591780234366e-07
8.162316231623162111e+00,6.898012949607389144e-02,9.738530723933421177e-08
8.163816381638163477e+00,6.897805180365741695e-02,8.268375259233988234e-08
8.165316531653164844e+00,6.897597419016665565e-02,6.813854181429509885e-08
8.166816681668166211e+00,6.897389665589960528e-02,5.375443269116861288e-08
8.168316831683167578e+00,6.897181920114871245e-02,3.953609421764454767e-08
8.169816981698168945e+00,6.896974182620076166e-02,2.548810659712059808e-08
8.171317131713170312e+00,6.896766453133690300e-02,1.161496124170845420e-08
8.172817281728171679e+00,6.896558731683273546e-02,-2.078939227765351662e-09
8.174317431743173046e+00,6.896351018295815427e-02,-1.558928098176092730e-08
8.175817581758174413e+00,6.896143312997747576e-02,-2.891183898202353826e-08
8.177317731773177556e+00,6.895935615814940967e-02,-4.204247698159906623e-08
8.178817881788178923e+00,6.895727926772703131e-02,-5.497714752477450495e-08
8.180318031803180290e+00,6.895520245895776779e-02,-6.771189194716689870e-08
8.181818181818181657e+00,6.895312573208346729e-02,-8.024284037566532049e-08
8.183318331833183024e+00,6.895104908734032978e-02,-9.256621172844421290e-08
8.184818481848184391e+00,6.894897252495896245e-02,-1.046783137149627528e-07
8.186318631863185757e+00,6.894689604516432424e-02,-1.165755428359676040e-07
8.187818781878187124e+00,6.894481964817576747e-02,-1.282543843834893178e-07
8.189318931893188491e+00,6.894274333420701006e-02,-1.397114124408459324e-07
8.190819081908189858e+00,6.894066710346617721e-02,-1.509432898826400086e-07
8.192319231923191225e+00,6.893859095615575971e-02,-1.619467683747603238e-07
8.193819381938192592e+00,6.893651489247260011e-02,-1.727186883743822954e-07
8.195319531953193959e+00,6.893443891260797596e-02,-1.832559791299648046e-07
8.196819681968197102e+00,6.893236301674750266e-02,-1.935556586812673485e-07
8.198319831983198469e+00,6.893028720507118901e-02,-2.036148338592964658e-07
8.199819981998199836e+00,6.892821147775340940e-02,-2.134307002863828164e-07
8.201320132013201203e+00,6.892613583496294549e-02,-2.230005423761290888e-07
8.202820282028202570e+00,6.892406027686294456e-02,-2.323217333334254587e-07
8.204320432043203937e+00,6.892198480361091950e-02,-2.413917351544455657e-07
8.205820582058205304e+00,6.891990941535879045e-02,-2.502080986266513833e-07
8.207320732073206671e+00,6.891783411225282929e-02,-2.587684633287885606e-07
8.208820882088208037e+00,6.891575889443370129e-02,-2.670705576308900220e-07
8.210321032103209404e+00,6.891368376203646506e-02,-2.751121986942730027e-07
8.211821182118210771e+00,6.891160871519053099e-02,-2.828912924715415896e-07
8.213321332133212138e+00,6.890953375401970282e-02,-2.904058337065852393e-07
8.214821482148213505e+00,6.890745887864216379e-02,-2.976539059345798367e-07
8.216321632163216648e+00,6.890538408917049051e-02,-3.046336814819936241e-07
8.217821782178218015e+00,6.890330938571161135e-02,-3.113434214665584025e-07
8.219321932193219382e+00,6.890123476836684802e-02,-3.177814757973129415e-07
8.220822082208220749e+00,6.889916023723190175e-02,-3.239462831745773570e-07
8.222322232223222116e+00,6.889708579239686714e-02,-3.298363710899556521e-07
8.223822382238223483e+00,6.889501143394619054e-02,-3.354503558263374112e-07
8.225322532253224850e+00,6.889293716195871164e-02,-3.407869424578982235e-07
8.226822682268226217e+00,6.889086297650766355e-02,-3.458449248500996828e-07
8.228322832283227584e+00,6.888878887766064496e-02,-3.506231856596891763e-07
8.229822982298228951e+00,6.888671486547962020e-02,-3.551206963346994606e-07
8.231323132313230317e+00,6.888464094002096083e-02,-3.593365171144490852e-07
8.232823282328231684e+00,6.888256710133540406e-02,-3.632697970295430281e-07
8.234323432343233051e+00,6.888049334946806657e-02,-3.669197739018712133e-07
8.235823582358234418e+00,6.887841968445844454e-02,-3.702857743446097813e-07
8.237323732373237561e+00,6.887634610634041366e-02,-3.733672137622246891e-07
8.238823882388238928e+00,6.887427261514222909e-02,-3.761635963504551930e-07
8.240324032403240295e+00,6.887219921088653940e-02,-3.786745150963390478e-07
8.241824182418241662e+00,6.887012589359035875e-02,-3.808996517781949311e-07
8.243324332433243029e+00,6.886805266326506691e-02,-3.828387769656287955e-07
8.244824482448244396e+00,6.886597951991646482e-02,-3.844917500195309047e-07
8.246324632463245763e+00,6.886390646354469125e-02,-3.858585190920764683e-07
8.247824782478247130e+00,6.886183349414429222e-02,-3.869391211267290299e-07
8.249324932493248497e+00,6.885976061170416551e-02,-3.877336818582358089e-07
8.250825082508249864e+00,6.885768781620761614e-02,-3.882424158126308761e-07
8.252325232523251231e+00,6.885561510763231474e-02,-3.884656263072345192e-07
8.253825382538252597e+00,6.885354248595031146e-02,-3.884037054506504895e-07
8.255325532553253964e+00,6.885146995112804980e-02,-3.880571341427708724e-07
8.256825682568257108e+00,6.884939750312633888e-02,-3.874264820747712173e-07
8.258325832583258475e+00,6.884732514190036734e-02,-3.865124077291151955e-07
8.259825982598259841e+00,6.884525286739971717e-02,-3.853156583795510011e-07
8.261326132613261208e+00,6.884318067956832210e-02,-3.838370700911128331e-07
8.262826282628262575e+00,6.884110857834452313e-02,-3.820775677201211069e-07
8.264326432643263942e+00,6.883903656366104074e-02,-3.800381649141803368e-07
8.265826582658265309e+00,6.883696463544494715e-02,-3.777199641121818891e-07
8.267326732673266676e+00,6.883489279361773572e-02,-3.751241565443041938e-07
8.268826882688268043e+00,6.883282103809522379e-02,-3.722520222320091443e-07
8.270327032703269410e+00,6.883074936878767758e-02,-3.691049299880459096e-07
8.271827182718270777e+00,6.882867778559967342e-02,-3.656843374164486047e-07
8.273327332733272144e+00,6.882660628843022266e-02,-3.619917909125381963e-07
8.274827482748273511e+00,6.882453487717267449e-02,-3.580289256629191149e-07
8.276327632763276654e+00,6.882246355171479923e-02,-3.537974656454805253e-07
8.277827782778278021e+00,6.882039231193870510e-02,-3.492992236294077614e-07
8.279327932793279388e+00,6.881832115772090752e-02,-3.445361011751598801e-07
8.280828082808280755e+00,6.881625008893230144e-02,-3.395100886344859663e-07
8.282328232823282121e+00,6.881417910543814742e-02,-3.342232651504219568e-07
8.283828382838283488e+00,6.881210820709807163e-02,-3.286777986572868288e-07
8.285328532853284855e+00,6.881003739376613526e-02,-3.228759458806883169e-07
8.286828682868286222e+00,6.880796666529072347e-02,-3.168200523375178314e-07
8.288328832883287589e+00,6.880589602151461481e-02,-3.105125523359525753e-07
8.289828982898288956e+00,6.880382546227498120e-02,-3.039559689754580861e-07
8.291329132913290323e+00,6.880175498740337403e-02,-2.971529141467823061e-07
8.292829282928291690e+00,6.879968459672571035e-02,-2.901060885319619352e-07
8.294329432943293057e+00,6.879761429006230056e-02,-2.828182816043158666e-07
8.295829582958294424e+00,6.879554406722782067e-02,-2.752923716284521746e-07
8.297329732973297567e+00,6.879347392803132621e-02,-2.675313256602545620e-07
8.298829882988298934e+00,6.879140387227627995e-02,-2.595381995469194182e-07
8.300330033003300301e+00,6.878933389976048252e-02,-2.513161379269003383e-07
8.301830183018301668e+00,6.878726401027614179e-02,-2.428683742299489921e-07
8.303330333033303035e+00,6.878519420360985903e-02,-2.341982306770992429e-07
8.304830483048304401e+00,6.878312447954257336e-02,-2.253091182806743468e-07
8.306330633063305768e+00,6.878105483784961727e-02,-2.162045368442797531e-07
8.307830783078307135e+00,6.877898527830074438e-02,-2.068880749628098804e-07
8.309330933093308502e+00,6.877691580066001842e-02,-1.973634100224430348e-07
8.310831083108309869e+00,6.877484640468595201e-02,-1.876343082006420445e-07
8.312331233123311236e+00,6.877277709013136786e-02,-1.777046244661587076e-07
8.313831383138312603e+00,6.877070785674353759e-02,-1.675783025790291325e-07
8.315331533153313970e+00,6.876863870426407066e-02,-1.572593750905743738e-07
8.316831683168317113e+00,6.876656963242895604e-02,-1.467519633433894209e-07
8.318331833183318480e+00,6.876450064096856218e-02,-1.360602774713923253e-07
8.319831983198319847e+00,6.876243172960767869e-02,-1.251886163997502977e-07
8.321332133213321214e+00,6.876036289806541912e-02,-1.141413678449273531e-07
8.322832283228322581e+00,6.875829414605530432e-02,-1.029230083146749936e-07
8.324332433243323948e+00,6.875622547328522072e-02,-9.153810310803009099e-08
8.325832583258325315e+00,6.875415687945747589e-02,-7.999130631531128662e-08
8.327332733273326681e+00,6.875208836426868753e-02,-6.828736081813169694e-08
8.328832883288328048e+00,6.875001992740990830e-02,-5.643109828938260821e-08
8.330333033303329415e+00,6.874795156856655653e-02,-4.442743919323961739e-08
8.331833183318330782e+00,6.874588328741841614e-02,-3.228139278517491419e-08
8.333333333333332149e+00,6.874381508363967830e-02,-1.999805711193568169e-08
8.334833483348333516e+00,6.874174695689887205e-02,-7.582619011557013603e-09
8.336333633363336659e+00,6.873967890685894755e-02,4.959645886650579461e-09
8.337833783378338026e+00,6.873761093317720672e-02,1.762337316205077154e-08
8.339333933393339393e+00,6.873554303550535871e-02,3.040310960276210118e-08
8.340834083408340760e+00,6.873347521348946443e-02,4.329331320560714953e-08
8.342334233423342127e+00,6.873140746676997814e-02,5.628835317612016353e-08
8.343834383438343494e+00,6.872933979498171975e-02,6.938250992854980888e-08
8.345334533453344861e+00,6.872727219775391638e-02,8.256997508585789941e-08
8.346834683468346228e+00,6.872520467471016081e-02,9.584485147972140881e-08
8.348334833483347595e+00,6.872313722546839754e-02,1.092011531505331059e-07
8.349834983498348961e+00,6.872106984964100607e-02,1.226328053473981666e-07
8.351335133513350328e+00,6.871900254683470377e-02,1.361336445281352324e-07
8.352835283528351695e+00,6.871693531665060140e-02,1.496974183592803284e-07
8.354335433543353062e+00,6.871486815868417530e-02,1.633177857160805101e-07
8.355835583558354429e+00,6.871280107252532299e-02,1.769883166824978870e-07
8.357335733573357572e+00,6.871073405775825205e-02,1.907024925512270926e-07
8.358835883588358939e+00,6.870866711396163284e-02,2.044537058236241338e-07
8.360336033603360306e+00,6.870660024070844585e-02,2.182352602098156579e-07
8.361836183618361673e+00,6.870453343756607878e-02,2.320403706286144613e-07
8.363336333633363040e+00,6.870246670409629886e-02,2.458621632075569705e-07
8.364836483648364407e+00,6.870040003985526667e-02,2.596936752828919131e-07
8.366336633663365774e+00,6.869833344439350842e-02,2.735278553995829648e-07
8.367836783678367141e+00,6.869626691725590206e-02,2.873575633113009145e-07
8.369336933693368508e+00,6.869420045798176055e-02,3.011755699804442046e-07
8.370837083708369875e+00,6.869213406610473471e-02,3.149745575781112965e-07
8.372337233723371241e+00,6.869006774115286873e-02,3.287471194841239645e-07
8.373837383738372608e+00,6.868800148264860017e-02,3.424857602870138485e-07
8.375337533753373975e+00,6.868593529010871834e-02,3.561828957840307129e-07
8.376837683768377119e+00,6.868386916304440593e-02,3.698308529811499642e-07
8.378337833783378485e+00,6.868180310096123897e-02,3.834218700930196052e-07
8.379837983798379852e+00,6.867973710335914528e-02,3.969480965430411268e-07
8.381338133813381219e+00,6.867767116973245989e-02,4.104015929633214390e-07
8.382838283828382586e+00,6.867560529956986959e-02,4.237743311946807057e-07
8.384338433843383953e+00,6.867353949235446842e-02,4.370581942866484273e-07
8.385838583858385320e+00,6.867147374756371603e-02,4.502449764974727582e-07
8.387338733873386687e+00,6.866940806466945157e-02,4.633263832941180715e-07
8.388838883888388054e+00,6.866734244313789370e-02,4.762940313522569118e-07
8.390339033903389421e+00,6.866527688242964056e-02,4.891394485562789957e-07
8.391839183918390788e+00,6.866321138199968366e-02,5.018540739992913169e-07
8.393339333933392155e+00,6.866114594129736626e-02,5.144292579831088294e-07
8.394839483948393521e+00,6.865908055976642499e-02,5.268562620182657762e-07
8.396339633963396665e+00,6.865701523684498986e-02,5.391262588240247953e-07
8.397839783978398032e+00,6.865494997196555649e-02,5.512303323283157209e-07
8.399339933993399399e+00,6.865288476455501387e-02,5.631594776678274873e-07
8.400840084008400765e+00,6.865081961403460276e-02,5.749046011879529652e-07
8.402340234023402132e+00,6.864875451981995724e-02,5.864565204427933033e-07
8.403840384038403499e+00,6.864668948132110482e-02,5.978059641951702097e-07
8.405340534053404866e+00,6.864462449794243859e-02,6.089435724166113410e-07
8.406840684068406233e+00,6.864255956908273115e-02,6.198598962873626901e-07
8.408340834083407600e+00,6.864049469413514848e-02,6.305453981963886920e-07
8.409840984098408967e+00,6.863842987248722216e-02,6.409904517413621651e-07
8.411341134113410334e+00,6.863636510352084941e-02,6.511853417286718291e-07
8.412841284128411701e+00,6.863430038661234855e-02,6.611202641734244222e-07
8.414341434143413068e+00,6.863223572113237581e-02,6.707853262994347484e-07
8.415841584158414435e+00,6.863017110644599461e-02,6.801705465392319248e-07
8.417341734173417578e+00,6.862810654191263404e-02,6.892658545340776982e-07
8.418841884188418945e+00,6.862604202688611654e-02,6.980610911339077883e-07
8.420342034203420312e+00,6.862397756071463018e-02,7.065460083974096032e-07
8.421842184218421679e+00,6.862191314274072862e-02,7.147102695919709933e-07
8.423342334233423045e+00,6.861984877230140056e-02,7.225434491936945456e-07
8.424842484248424412e+00,6.861778444872793092e-02,7.300350328873964187e-07
8.426342634263425779e+00,6.861572017134608126e-02,7.371744175666110016e-07
8.427842784278427146e+00,6.861365593947589547e-02,7.439509113335815962e-07
8.429342934293428513e+00,6.861159175243188024e-02,7.503537334992694172e-07
8.430843084308429880e+00,6.860952760952286622e-02,7.563720145833499921e-07
8.432343234323431247e+00,6.860746351005207744e-02,7.619947963142050085e-07
8.433843384338432614e+00,6.860539945331714518e-02,7.672110316289473017e-07
8.435343534353433981e+00,6.860333543861003858e-02,7.720095846733872909e-07
8.436843684368437124e+00,6.860127146521713404e-02,7.763792308020615665e-07
8.438343834383438491e+00,6.859920753241918745e-02,7.803086565782041970e-07
8.439843984398439858e+00,6.859714363949130644e-02,7.837864597737842102e-07
8.441344134413441225e+00,6.859507978570301978e-02,7.868011493694682179e-07
8.442844284428442592e+00,6.859301597031820796e-02,7.893411455546524970e-07
8.444344434443443959e+00,6.859095219259513099e-02,7.913947797274335553e-07
8.445844584458445325e+00,6.858888845178642835e-02,7.929502944946323782e-07
8.447344734473446692e+00,6.858682474713914679e-02,7.939958436717754755e-07
8.448844884488448059e+00,6.858476107789468479e-02,7.945194922831092816e-07
8.450345034503449426e+00,6.858269744328882034e-02,7.945092165615918969e-07
8.451845184518450793e+00,6.858063384255172479e-02,7.939529039489006049e-07
8.453345334533452160e+00,6.857857027490793511e-02,7.928383530954182139e-07
8.454845484548453527e+00,6.857650673957638165e-02,7.911532738602520096e-07
8.456345634563454894e+00,6.857444323577036038e-02,7.888852873112132143e-07
8.457845784578458037e+00,6.857237976269757451e-02,7.860219257248285277e-07
8.459345934593459404e+00,6.857031631956006512e-02,7.825506325863572797e-07
8.460846084608460771e+00,6.856825290555428054e-02,7.784587625897388078e-07
8.462346234623462138e+00,6.856618951987104860e-02,7.737335816376636086e-07
8.463846384638463505e+00,6.856412616169556273e-02,7.683622668415088569e-07
8.465346534653464872e+00,6.856206283020742365e-02,7.623319065213803341e-07
8.466846684668466239e+00,6.855999952458056990e-02,7.556295002060908287e-07
8.468346834683467605e+00,6.855793624398334729e-02,7.482419586331739007e-07
8.469846984698468972e+00,6.855587298757848114e-02,7.401561037488684232e-07
8.471347134713470339e+00,6.855380975928236642e-02,7.314331760418604333e-07
8.472847284728471706e+00,6.855174657930028503e-02,7.223895362421591060e-07
8.474347434743473073e+00,6.854968345049332334e-02,7.130701679592204385e-07
8.475847584758474440e+00,6.854762037341444181e-02,7.034839276243664626e-07
8.477347734773477583e+00,6.854555734861186855e-02,6.936395965522796426e-07
8.478847884788478950e+00,6.854349437662915490e-02,6.835458809410491442e-07
8.480348034803480317e+00,6.854143145800510595e-02,6.732114118721019073e-07
8.481848184818481684e+00,6.853936859327382225e-02,6.626447453102478565e-07
8.483348334833483051e+00,6.853730578296468590e-02,6.518543621036693132e-07
8.484848484848484418e+00,6.853524302760238829e-02,6.408486679839206777e-07
8.486348634863485785e+00,6.853318032770686075e-02,6.296359935659280058e-07
8.487848784878487152e+00,6.853111768379334390e-02,6.182245943479897502e-07
8.489348934893488519e+00,6.852905509637237380e-02,6.066226507117763367e-07
8.490849084908489885e+00,6.852699256594976807e-02,5.948382679223299526e-07
8.492349234923491252e+00,6.852493009302659810e-02,5.828794761280651817e-07
8.493849384938492619e+00,6.852286767809925849e-02,5.707542303607684753e-07
8.495349534953493986e+00,6.852080532165941151e-02,5.584704105355982578e-07
8.496849684968497129e+00,6.851874302419400098e-02,5.460358214510702097e-07
8.498349834983498496e+00,6.851668078618526614e-02,5.334581927891164538e-07
8.499849984998499863e+00,6.851461860811074167e-02,5.207451791149968287e-07
8.501350135013501230e+00,6.851255649044320217e-02,5.079043598773580751e-07
8.502850285028502597e+00,6.851049443365074543e-02,4.949432394082188009e-07
8.504350435043503964e+00,6.850843243819676465e-02,4.818692469229699051e-07
8.505850585058505331e+00,6.850637050453989296e-02,4.686897365203736244e-07
8.507350735073506698e+00,6.850430863313408669e-02,4.554119871825651746e-07
8.508850885088508065e+00,6.850224682442856983e-02,4.420432027750510564e-07
8.510351035103509432e+00,6.850018507886786179e-02,4.285905120467102732e-07
8.511851185118510799e+00,6.849812339689174967e-02,4.150609686297937487e-07
8.513351335133512165e+00,6.849606177893532988e-02,4.014615510399241678e-07
8.514851485148513532e+00,6.849400022542896649e-02,3.877991626760965593e-07
8.516351635163514899e+00,6.849193873679830513e-02,3.740806318206778724e-07
8.517851785178518043e+00,6.848987731346428687e-02,3.603127116393908826e-07
8.519351935193519409e+00,6.848781595584313431e-02,3.465020801813789903e-07
8.520852085208520776e+00,6.848575466434635162e-02,3.326553403791092352e-07
8.522352235223522143e+00,6.848369343938073839e-02,3.187790200484366709e-07
8.523852385238523510e+00,6.848163228134837577e-02,3.048795718885882181e-07
8.525352535253524877e+00,6.847957119064661258e-02,2.909633734821632475e-07
8.526852685268526244e+00,6.847751016766809307e-02,2.770367272951329969e-07
8.528352835283527611e+00,6.847544921280077079e-02,2.631058606768406242e-07
8.529852985298528978e+00,6.847338832642783923e-02,2.491769258600011550e-07
8.531353135313530345e+00,6.847132750892781505e-02,2.352559999607021702e-07
8.532853285328531712e+00,6.846926676067446871e-02,2.213490849784031708e-07
8.534353435343533079e+00,6.846720608203687997e-02,2.074621077959350489e-07
8.535853585358534446e+00,6.846514547337941015e-02,1.936009201795015168e-07
8.537353735373537589e+00,6.846308493506170212e-02,1.797712987786616368e-07
8.538853885388538956e+00,6.846102446743866643e-02,1.659789451263954666e-07
8.540354035403540323e+00,6.845896407086053681e-02,1.522294856390063325e-07
8.541854185418541690e+00,6.845690374567277303e-02,1.385284716161857337e-07
8.543354335433543056e+00,6.845484349221619969e-02,1.248813792409970367e-07
8.544854485448544423e+00,6.845278331082683965e-02,1.112936095798758986e-07
8.546354635463545790e+00,6.845072320183608061e-02,9.777048858263016160e-08
8.547854785478547157e+00,6.844866316557052244e-02,8.431726708243942941e-08
8.549354935493548524e+00,6.844660320235211592e-02,7.093912079585527880e-08
8.550855085508549891e+00,6.844454331249805179e-02,5.764115032280168329e-08
8.552355235523551258e+00,6.844248349632081618e-02,4.442838114657395431e-08
8.553855385538552625e+00,6.844042375412819068e-02,3.130576363384032940e-08
8.555355535553553992e+00,6.843836408622322454e-02,1.827817303464048987e-08
8.556855685568557135e+00,6.843630449290427631e-02,5.350409482371055420e-09
8.558355835583558502e+00,6.843424497446495836e-02,-7.472802006153217802e-09
8.559855985598559869e+00,6.843218553119420622e-02,-2.018681153079239901e-08
8.561356135613561236e+00,6.843012616337620924e-02,-3.278704430801785533e-08
8.562856285628562603e+00,6.842806687129043830e-02,-4.526900067092982773e-08
8.564356435643563970e+00,6.842600765521167361e-02,-5.762825606925626636e-08
8.565856585658565336e+00,6.842394851540997691e-02,-6.986046106935293643e-08
8.567356735673566703e+00,6.842188945215067764e-02,-8.196134135420405345e-08
8.568856885688568070e+00,6.841983046569438676e-02,-9.392669772342111861e-08
8.570357035703569437e+00,6.841777155629702456e-02,-1.057524060932442952e-07
8.571857185718570804e+00,6.841571272420979288e-02,-1.174344174965412439e-07
8.573357335733572171e+00,6.841365396967916124e-02,-1.289687580828078639e-07
8.574857485748573538e+00,6.841159529294688069e-02,-1.403515291181675519e-07
8.576357635763574905e+00,6.840953669425002548e-02,-1.515789069853720491e-07
8.577857785778578048e+00,6.840747817382089591e-02,-1.626471431838141465e-07
8.579357935793579415e+00,6.840541973188714320e-02,-1.735525643294752750e-07
8.580858085808580782e+00,6.840336136867163075e-02,-1.842915721550042791e-07
8.582358235823582149e+00,6.840130308439258677e-02,-1.948606435096646898e-07
8.583858385838583516e+00,6.839924487926345165e-02,-2.052563303593480644e-07
8.585358535853584883e+00,6.839718675349300281e-02,-2.154752597865734580e-07
8.586858685868586250e+00,6.839512870728527150e-02,-2.255141339904889052e-07
8.588358835883587616e+00,6.839307074083958438e-02,-2.353697302868695146e-07
8.589858985898588983e+00,6.839101285435054967e-02,-2.450389011081186334e-07
8.591359135913590350e+00,6.838895504800807101e-02,-2.545185740032679531e-07
8.592859285928591717e+00,6.838689732199733362e-02,-2.638057516379762393e-07
8.594359435943593084e+00,6.838483967649879036e-02,-2.728975117945312371e-07
8.595859585958594451e+00,6.838278211168820342e-02,-2.817910073718484010e-07
8.597359735973597594e+00,6.838072462773660265e-02,-2.904834663854804236e-07
8.598859885988598961e+00,6.837866722481031334e-02,-2.989721919675784841e-07
8.600360036003600328e+00,6.837660990307094233e-02,-3.072545623669517525e-07
8.601860186018601695e+00,6.837455266267536413e-02,-3.153280309490273667e-07
8.603360336033603062e+00,6.837249550377577645e-02,-3.231901261958610212e-07
8.604860486048604429e+00,6.837043842651961689e-02,-3.308384517061350606e-07
8.606360636063605796e+00,6.836838143104964627e-02,-3.382706861951608094e-07
8.607860786078607163e+00,6.836632451750389305e-02,-3.454845834948768776e-07
8.609360936093608530e+00,6.836426768601568116e-02,-3.524779725538508551e-07
8.610861086108609896e+00,6.836221093671358828e-02,-3.592487574372774056e-07
8.612361236123611263e+00,6.836015426972150144e-02,-3.657949173269795372e-07
8.613861386138612630e+00,6.835809768515860307e-02,-3.721145065214075438e-07
8.615361536153613997e+00,6.835604118313935718e-02,-3.782056544356406989e-07
8.616861686168617140e+00,6.835398476377346766e-02,-3.840665656013925498e-07
8.618361836183618507e+00,6.835192842716598938e-02,-3.896955196669833886e-07
8.619861986198619874e+00,6.834987217341721710e-02,-3.950908713973842987e-07
8.621362136213621241e+00,6.834781600262275492e-02,-4.002510506741845432e-07
8.622862286228622608e+00,6.834575991487347457e-02,-4.051745624956040591e-07
8.624362436243623975e+00,6.834370391025554325e-02,-4.098599869764883750e-07
8.625862586258625342e+00,6.834164798885039582e-02,-4.143059793483126344e-07
8.627362736273626709e+00,6.833959215073477644e-02,-4.185112699591790549e-07
8.628862886288628076e+00,6.833753639598071083e-02,-4.224746642738186219e-07
8.630363036303629443e+00,6.833548072465549239e-02,-4.261950428735893948e-07
8.631863186318630810e+00,6.833342513682170993e-02,-4.296713614564777772e-07
8.633363336333632176e+00,6.833136963253723384e-02,-4.329026508370987294e-07
8.634863486348633543e+00,6.832931421185522991e-02,-4.358880169466940733e-07
8.636363636363634910e+00,6.832725887482413163e-02,-4.386266408331341873e-07
8.637863786378638054e+00,6.832520362148768178e-02,-4.411177786609203354e-07
8.639363936393639420e+00,6.832314845188486307e-02,-4.433607617111736555e-07
8.640864086408640787e+00,6.832109336605000915e-02,-4.453549963816497711e-07
8.642364236423642154e+00,6.831903836401266583e-02,-4.470999641867324384e-07
8.643864386438643521e+00,6.831698344579772986e-02,-4.485952217574312168e-07
8.645364536453644888e+00,6.831492861142533790e-02,-4.498404008413837985e-07
8.646864686468646255e+00,6.831287386091093594e-02,-4.508352083028570672e-07
8.648364836483647622e+00,6.831081919426523763e-02,-4.515794261227445569e-07
8.649864986498648989e+00,6.830876461149423817e-02,-4.520729113985687815e-07
8.651365136513650356e+00,6.830671011259925596e-02,-4.523155963444793285e-07
8.652865286528651723e+00,6.830465569757684929e-02,-4.523074882912545536e-07
8.654365436543653090e+00,6.830260136641888580e-02,-4.520486696863000981e-07
8.655865586558654456e+00,6.830054711911250076e-02,-4.515392980936499478e-07
8.657365736573657600e+00,6.829849295564013878e-02,-4.507796061939647388e-07
8.658865886588658967e+00,6.829643887597949825e-02,-4.497699017845370514e-07
8.660366036603660334e+00,6.829438488010360075e-02,-4.485105677792831521e-07
8.661866186618661700e+00,6.829233096798072167e-02,-4.470020622087480749e-07
8.663366336633663067e+00,6.829027713957443180e-02,-4.452449182201071043e-07
8.664866486648664434e+00,6.828822339484358350e-02,-4.432397440771606929e-07
8.666366636663665801e+00,6.828616973374231069e-02,-4.409872231603395435e-07
8.667866786678667168e+00,6.828411615622005659e-02,-4.384881139667001623e-07
8.669366936693668535e+00,6.828206266222151821e-02,-4.357432501099288821e-07
8.670867086708669902e+00,6.828000925168668800e-02,-4.327535403203386863e-07
8.672367236723671269e+00,6.827795592455086771e-02,-4.295199684448719614e-07
8.673867386738672636e+00,6.827590268074458513e-02,-4.260435934470985914e-07
8.675367536753674003e+00,6.827384952019371900e-02,-4.223255494072144753e-07
8.676867686768677146e+00,6.827179644281937410e-02,-4.183670455220406804e-07
8.678367836783678513e+00,6.826974344853800614e-02,-4.141693661050405942e-07
8.679867986798679880e+00,6.826769053726129688e-02,-4.097338705862915492e-07
8.681368136813681247e+00,6.826563770889623739e-02,-4.050619935125011283e-07
8.682868286828682614e+00,6.826358496334510029e-02,-4.001552445470086468e-07
8.684368436843683980e+00,6.826153230050545362e-02,-3.950152084697764706e-07
8.685868586858685347e+00,6.825947972027013311e-02,-3.896435451774014510e-07
8.687368736873686714e+00,6.825742722252726991e-02,-3.840419896831015839e-07
8.688868886888688081e+00,6.825537480716026284e-02,-3.782123521167278686e-07
8.690369036903689448e+00,6.825332247404783392e-02,-3.721565177247579544e-07
8.691869186918690815e+00,6.825127022306394509e-02,-3.658764468702952943e-07
8.693369336933692182e+00,6.824921805407788145e-02,-3.593741750330735912e-07
8.694869486948693549e+00,6.824716596695418191e-02,-3.526518128094544694e-07
8.696369636963694916e+00,6.824511396155268084e-02,-3.457115459124253561e-07
8.697869786978698059e+00,6.824306203772852186e-02,-3.385556351715969409e-07
8.699369936993699426e+00,6.824101019533208856e-02,-3.311864165332287987e-07
8.700870087008700793e+00,6.823895843420908769e-02,-3.236063010601868254e-07
8.702370237023702160e+00,6.823690675420049367e-02,-3.158177749319718265e-07
8.703870387038703527e+00,6.823485515514257638e-02,-3.078233994447118927e-07
8.705370537053704894e+00,6.823280363686685945e-02,-2.996258110111645180e-07
8.706870687068706260e+00,6.823075219920018974e-02,-2.912277211607146940e-07
8.708370837083707627e+00,6.822870084196468177e-02,-2.826319165393740626e-07
8.709870987098708994e+00,6.822664956497773159e-02,-2.738412589097845159e-07
8.711371137113710361e+00,6.822459836805203071e-02,-2.648586851512137495e-07
8.712871287128711728e+00,6.822254725099556605e-02,-2.556872072595582267e-07
8.714371437143713095e+00,6.822049621361156446e-02,-2.463299123473446614e-07
8.715871587158714462e+00,6.821844525569857598e-02,-2.367899626437228178e-07
8.717371737173717605e+00,6.821639437705043219e-02,-2.270705954944629694e-07
8.718871887188718972e+00,6.821434357745624621e-02,-2.171751233619965570e-07
8.720372037203720339e+00,6.821229285670039888e-02,-2.071069338253484254e-07
8.721872187218721706e+00,6.821024221456259418e-02,-1.968694895801840461e-07
8.723372337233723073e+00,6.820819165081777602e-02,-1.864663284387934231e-07
8.724872487248724440e+00,6.820614116523619763e-02,-1.759010633300999874e-07
8.726372637263725807e+00,6.820409075758340767e-02,-1.651773822996494790e-07
8.727872787278727174e+00,6.820204042762020857e-02,-1.542990485096193707e-07
8.729372937293728540e+00,6.819999017510271211e-02,-1.432699002388143151e-07
8.730873087308729907e+00,6.819793999978231158e-02,-1.320938508826649797e-07
8.732373237323731274e+00,6.819588990140568185e-02,-1.207748889532328118e-07
8.733873387338732641e+00,6.819383987971476546e-02,-1.093170780792064385e-07
8.735373537353734008e+00,6.819178993444682813e-02,-9.772455700590103137e-08
8.736873687368737151e+00,6.818974006533438936e-02,-8.600153959524591864e-08
8.738373837383738518e+00,6.818769027210526412e-02,-7.415231482584292456e-08
8.739873987398739885e+00,6.818564055448254890e-02,-6.218124679287637218e-08
8.741374137413741252e+00,6.818359091218463564e-02,-5.009277470817544614e-08
8.742874287428742619e+00,6.818154134492518392e-02,-3.789141290019555795e-08
8.744374437443743986e+00,6.817949185241314880e-02,-2.558175081402247528e-08
8.745874587458745353e+00,6.817744243435276685e-02,-1.316845301136575742e-08
8.747374737473746720e+00,6.817539309044357010e-02,-6.562591705658492249e-10
8.748874887488748087e+00,6.817334382038034435e-02,1.195001591341184813e-08
8.750375037503749454e+00,6.817129462385321248e-02,2.464548232896607160e-08
8.751875187518750820e+00,6.816924550054753729e-02,3.742517504787758987e-08
8.753375337533752187e+00,6.816719645014397699e-02,5.028405392529078034e-08
8.754875487548753554e+00,6.816514747231848526e-02,6.321700369973078157e-08
8.756375637563754921e+00,6.816309856674229728e-02,7.621883399308517619e-08
8.757875787578758064e+00,6.816104973308192982e-02,8.928427931063956629e-08
8.759375937593759431e+00,6.815900097099916732e-02,1.024079990409939289e-07
8.760876087608760798e+00,6.815695228015111740e-02,1.155845774561729420e-07
8.762376237623762165e+00,6.815490366019015533e-02,1.288085237115613984e-07
8.763876387638763532e+00,6.815285511076392411e-02,1.420742718459046291e-07
8.765376537653764899e+00,6.815080663151536211e-02,1.553761807813341260e-07
8.766876687668766266e+00,6.814875822208270317e-02,1.687085343233430841e-07
8.768376837683767633e+00,6.814670988209946267e-02,1.820655411608018595e-07
8.769876987698769000e+00,6.814466161119442367e-02,1.954413348659500287e-07
8.771377137713770367e+00,6.814261340899169239e-02,2.088299738943979767e-07
8.772877287728771734e+00,6.814056527511061501e-02,2.222254415851340968e-07
8.774377437743773100e+00,6.813851720916583310e-02,2.356216461605145204e-07
8.775877587758774467e+00,6.813646921076729757e-02,2.490124207262648109e-07
8.777377737773777611e+00,6.813442127952024086e-02,2.623915232715049513e-07
8.778877887788778978e+00,6.813237341502513533e-02,2.757526366686768698e-07
8.780378037803780344e+00,6.813032561687780431e-02,2.890893686736379314e-07
8.781878187818781711e+00,6.812827788466931100e-02,3.023952519256069920e-07
8.783378337833783078e+00,6.812623021798600020e-02,3.156637439471731338e-07
8.784878487848784445e+00,6.812418261640953987e-02,3.288882271442973065e-07
8.786378637863785812e+00,6.812213507951683789e-02,3.420620088063110031e-07
8.787878787878787179e+00,6.812008760688013920e-02,3.551783211059215021e-07
8.789378937893788546e+00,6.811804019806691479e-02,3.682303210992051958e-07
8.790879087908789913e+00,6.811599285263995884e-02,3.812110907256110326e-07
8.792379237923791280e+00,6.811394557015733320e-02,3.941136368079576574e-07
8.793879387938792647e+00,6.811189835017240901e-02,4.069308910524445291e-07
8.795379537953794014e+00,6.810985119223382511e-02,4.196557100486277804e-07
8.796879687968797157e+00,6.810780409588548800e-02,4.322808752694695045e-07
8.798379837983798524e+00,6.810575706066661350e-02,4.447990930712435752e-07
8.799879987998799891e+00,6.810371008611169896e-02,4.572029946936443854e-07
8.801380138013801258e+00,6.810166317175050943e-02,4.694851362597298306e-07
8.802880288028802624e+00,6.809961631710813312e-02,4.816379987759225798e-07
8.804380438043803991e+00,6.809756952170489819e-02,4.936539881320236281e-07
8.805880588058805358e+00,6.809552278505645595e-02,5.055254351011976848e-07
8.807380738073806725e+00,6.809347610667369766e-02,5.172445953399893739e-07
8.808880888088808092e+00,6.809142948606285162e-02,5.288036493883090451e-07
8.810381038103809459e+00,6.808938292272539994e-02,5.401947026694470686e-07
8.811881188118810826e+00,6.808733641615810628e-02,5.514097854900556232e-07
8.813381338133812193e+00,6.808528996585302973e-02,5.624408530401683899e-07
8.814881488148813560e+00,6.808324357129751092e-02,5.732797853931851998e-07
8.816381638163814927e+00,6.808119723197418593e-02,5.839183875058825155e-07
8.817881788178818070e+00,6.807915094736097239e-02,5.943483892184155495e-07
8.819381938193819437e+00,6.807710471693104171e-02,6.045614452542777117e-07
8.820882088208820804e+00,6.807505854015290236e-02,6.145491352203707018e-07
8.822382238223822171e+00,6.807301241649031665e-02,6.243029636069552757e-07
8.823882388238823538e+00,6.807096634540231450e-02,6.338143597876663854e-07
8.825382538253824904e+00,6.806892032634326295e-02,6.430746780195142390e-07
8.826882688268826271e+00,6.806687435876275505e-02,6.520751974428728646e-07
8.828382838283827638e+00,6.806482844210572092e-02,6.608071220814914401e-07
8.829882988298829005e+00,6.806278257581233060e-02,6.692615808424941869e-07
8.831383138313830372e+00,6.806073675931807732e-02,6.774296275163711588e-07
8.832883288328831739e+00,6.805869099205372197e-02,6.853022407769949707e-07
8.834383438343833106e+00,6.805664527344529313e-02,6.928703241815984579e-07
8.835883588358834473e+00,6.805459960291414256e-02,7.001247061707934171e-07
8.837383738373837616e+00,6.805255397987686194e-02,7.070561400685672180e-07
8.838883888388838983e+00,6.805050840374538001e-02,7.136553040822636392e-07
8.840384038403840350e+00,6.804846287392685156e-02,7.199128013026129381e-07
8.841884188418841717e+00,6.804641738982378230e-02,7.258191597037155453e-07
8.843384338433843084e+00,6.804437195083389012e-02,7.313648321430410056e-07
8.844884488448844451e+00,6.804232655635022997e-02,7.365401963614275550e-07
8.846384638463845818e+00,6.804028120576113836e-02,7.413355549830988494e-07
8.847884788478847184e+00,6.803823589845021946e-02,7.457411355156297653e-07
8.849384938493848551e+00,6.803619063379634513e-02,7.497470903499915048e-07
8.850885088508849918e+00,6.803414541117372427e-02,7.533434967605021498e-07
8.852385238523851285e+00,6.803210022995180573e-02,7.565203569048718724e-07
8.853885388538852652e+00,6.803005508949534763e-02,7.592675978241736063e-07
8.855385538553854019e+00,6.802800998916437580e-02,7.615750714428535291e-07
8.856885688568857162e+00,6.802596492831421149e-02,7.634325545687313797e-07
8.858385838583858529e+00,6.802391990629545748e-02,7.648297488929959057e-07
8.859885988598859896e+00,6.802187492245401201e-02,7.657562809902093099e-07
8.861386138613861263e+00,6.801982997613104098e-02,7.662017023183088391e-07
8.862886288628862630e+00,6.801778506666299184e-02,7.661554892185951369e-07
8.864386438643863997e+00,6.801574019338162136e-02,7.656070429157572315e-07
8.865886588658865364e+00,6.801369535561395396e-02,7.645456895178387598e-07
8.867386738673866731e+00,6.801165055268230952e-02,7.629606800162651791e-07
8.868886888688868098e+00,6.800960578390427558e-02,7.608411902858279902e-07
8.870387038703869464e+00,6.800756104859273510e-02,7.581763210846974437e-07
8.871887188718870831e+00,6.800551634605585261e-02,7.549550980544134339e-07
8.873387338733872198e+00,6.800347167559710193e-02,7.511664717198810520e-07
8.874887488748873565e+00,6.800142703651519682e-02,7.467993174893894328e-07
8.876387638763874932e+00,6.799938242810417421e-02,7.418424356545949194e-07
8.877887788778878075e+00,6.799733784965332484e-02,7.362845513905136522e-07
8.879387938793879442e+00,6.799529330044726261e-02,7.301143147555511090e-07
8.880888088808880809e+00,6.799324877976584136e-02,7.233203006914872818e-07
8.882388238823882176e+00,6.799120428688423812e-02,7.158910090234538071e-07
8.883888388838883543e+00,6.798915982107289757e-02,7.078148644599736702e-07
8.885388538853884910e+00,6.798711538897916906e-02,6.991957689341296545e-07
8.886888688868886277e+00,6.798507100073783449e-02,6.901925167108715899e-07
8.888388838883887644e+00,6.798302665708061410e-02,6.808168912310102131e-07
8.889888988898889011e+00,6.798098235867967853e-02,6.710797423107132993e-07
8.891389138913890378e+00,6.797893810620177224e-02,6.609918325449870531e-07
8.892889288928891744e+00,6.797689390030821344e-02,6.505638373076767431e-07
8.894389438943893111e+00,6.797484974165490801e-02,6.398063447514668080e-07
8.895889588958894478e+00,6.797280563089230787e-02,6.287298558078803275e-07
8.897389738973897622e+00,6.797076156866546648e-02,6.173447841872656810e-07
8.898889888988898988e+00,6.796871755561398332e-02,6.056614563788508639e-07
8.900390039003900355e+00,6.796667359237204553e-02,5.936901116506625959e-07
8.901890189018901722e+00,6.796462967956842793e-02,5.814409020495796841e-07
8.903390339033903089e+00,6.796258581782643748e-02,5.689238924013197881e-07
8.904890489048904456e+00,6.796054200776398269e-02,5.561490603104398435e-07
8.906390639063905823e+00,6.795849824999355970e-02,5.431262961603355324e-07
8.907890789078907190e+00,6.795645454512221073e-02,5.298654031132410719e-07
8.909390939093908557e+00,6.795441089375153787e-02,5.163760971102301667e-07
8.910891089108909924e+00,6.795236729647775864e-02,5.026680068712152683e-07
8.912391239123911291e+00,6.795032375389163659e-02,4.887506738949475747e-07
8.913891389138912658e+00,6.794828026657852293e-02,4.746335524590174009e-07
8.915391539153914024e+00,6.794623683511831491e-02,4.603260096198539148e-07
8.916891689168917168e+00,6.794419346008551130e-02,4.458373252127080899e-07
8.918391839183918535e+00,6.794215014204915692e-02,4.311766918517211036e-07
8.919891989198919902e+00,6.794010688157291200e-02,4.163532149298218463e-07
8.921392139213921268e+00,6.793806367921496892e-02,4.013759126187952663e-07
8.922892289228922635e+00,6.793602053552810771e-02,3.862537158692652170e-07
8.924392439243924002e+00,6.793397745105969610e-02,3.709954684106942987e-07
8.925892589258925369e+00,6.793193442635162005e-02,3.556099267513842818e-07
8.927392739273926736e+00,6.792989146194042260e-02,3.401057601784756301e-07
8.928892889288928103e+00,6.792784855835715119e-02,3.244915507579479779e-07
8.930393039303929470e+00,6.792580571612745477e-02,3.087757933346194941e-07
8.931893189318930837e+00,6.792376293577155610e-02,2.929668955321478354e-07
8.933393339333932204e+00,6.792172021780423785e-02,2.770731777530290876e-07
8.934893489348933571e+00,6.791967756273487034e-02,2.611028731785984005e-07
8.936393639363934938e+00,6.791763497106738379e-02,2.450641277690300941e-07
8.937893789378938081e+00,6.791559244330029610e-02,2.289650002633178065e-07
8.939393939393939448e+00,6.791354997992667120e-02,2.128134621793519437e-07
8.940894089408940815e+00,6.791150758143418842e-02,1.966173978138043250e-07
8.942394239423942182e+00,6.790946524830507314e-02,1.803846042422045745e-07
8.943894389438943548e+00,6.790742298101611063e-02,1.641227913189213806e-07
8.945394539453944915e+00,6.790538078003867384e-02,1.478395816771627076e-07
8.946894689468946282e+00,6.790333864583873724e-02,1.315425107289748431e-07
8.948394839483947649e+00,6.790129657887679360e-02,1.152390266652436680e-07
8.949894989498949016e+00,6.789925457960795108e-02,9.893649045569328065e-08
8.951395139513950383e+00,6.789721264848186388e-02,8.264217584888705538e-08
8.952895289528951750e+00,6.789517078594278776e-02,6.636326937222743070e-08
8.954395439543953117e+00,6.789312899242951060e-02,5.010687033195559176e-08
8.955895589558954484e+00,6.789108726837544960e-02,3.387999081315157618e-08
8.957395739573957627e+00,6.788904561420852635e-02,1.768955567971542759e-08
8.958895889588958994e+00,6.788700403035130559e-02,1.542402574443216833e-09
8.960396039603960361e+00,6.788496251722087038e-02,-1.455471808108698987e-08
8.961896189618961728e+00,6.788292107522890528e-02,-3.059514308643974495e-08
8.963396339633963095e+00,6.788087970478165478e-02,-4.657229646234000720e-08
8.964896489648964462e+00,6.787883840627995102e-02,-6.247968945067409470e-08
8.966396639663965829e+00,6.787679718011918606e-02,-7.831092051448979067e-08
8.967896789678967195e+00,6.787475602668931185e-02,-9.405967533799528470e-08
8.969396939693968562e+00,6.787271494637490965e-02,-1.097197268265598080e-07
8.970897089708969929e+00,6.787067393955505124e-02,-1.252849351067146923e-07
8.972397239723971296e+00,6.786863300660345155e-02,-1.407492475261513578e-07
8.973897389738972663e+00,6.786659214788835770e-02,-1.561066986537221608e-07
8.975397539753974030e+00,6.786455136377260444e-02,-1.713514102794414519e-07
8.976897689768977173e+00,6.786251065461361420e-02,-1.864775914145019876e-07
8.978397839783978540e+00,6.786047002076335544e-02,-2.014795382912035678e-07
8.979897989798979907e+00,6.785842946256837038e-02,-2.163516343630617732e-07
8.981398139813981274e+00,6.785638898036980282e-02,-2.310883503047342742e-07
8.982898289828982641e+00,6.785434857450332868e-02,-2.456842440120408412e-07
8.984398439843984008e+00,6.785230824529923932e-02,-2.601339606019610162e-07
8.985898589858985375e+00,6.785026799308238599e-02,-2.744322324126369705e-07
8.987398739873986742e+00,6.784822781817216597e-02,-2.885738790033709644e-07
8.988898889888988109e+00,6.784618772088257810e-02,-3.025538071546260881e-07
8.990399039903989475e+00,6.784414770152218110e-02,-3.163670108680274263e-07
8.991899189918990842e+00,6.784210776039410751e-02,-3.300085713663605758e-07
8.993399339933992209e+00,6.784006789779609137e-02,-3.434736570935724929e-07
8.994899489948993576e+00,6.783802811402038502e-02,-3.567575237147706460e-07
8.996399639963994943e+00,6.783598840935387009e-02,-3.698555141162242864e-07
8.997899789978998086e+00,6.783394878407794648e-02,-3.827630584053777888e-07
8.999399939993999453e+00,6.783190923846862952e-02,-3.954756739107926298e-07
9.000900090009000820e+00,6.782986977279650831e-02,-4.079889651822363263e-07
9.002400240024002187e+00,6.782783038732670411e-02,-4.202986239906212373e-07
9.003900390039003554e+00,6.782579108231895360e-02,-4.324004293280223515e-07
9.005400540054004921e+00,6.782375185802753947e-02,-4.442902474076747466e-07
9.006900690069006288e+00,6.782171271470133211e-02,-4.559640316639752828e-07
9.008400840084007655e+00,6.781967365258377567e-02,-4.674178227524811209e-07
9.009900990099009022e+00,6.781763467191288808e-02,-4.786477485499107810e-07
9.011401140114010389e+00,6.781559577292123331e-02,-4.896500241541447778e-07
9.012901290129011755e+00,6.781355695583597687e-02,-5.004209518842222323e-07
9.014401440144013122e+00,6.781151822087885805e-02,-5.109569212803468011e-07
9.015901590159014489e+00,6.780947956826617606e-02,-5.212544091038799004e-07
9.017401740174017633e+00,6.780744099820880388e-02,-5.313099793373580698e-07
9.018901890189018999e+00,6.780540251091218829e-02,-5.411202831844423623e-07
9.020402040204020366e+00,6.780336410657636370e-02,-5.506820590699914008e-07
9.021902190219021733e+00,6.780132578539592447e-02,-5.599921326400114031e-07
9.023402340234023100e+00,6.779928754756002485e-02,-5.690474167616714288e-07
9.024902490249024467e+00,6.779724939325243449e-02,-5.778449115233008378e-07
9.026402640264025834e+00,6.779521132265142747e-02,-5.863817042343895023e-07
9.027902790279027201e+00,6.779317333592993489e-02,-5.946549694255897126e-07
9.029402940294028568e+00,6.779113543325537838e-02,-6.026619688487136360e-07
9.030903090309029935e+00,6.778909761478982277e-02,-6.104000514767345871e-07
9.032403240324031302e+00,6.778705988068986499e-02,-6.178666535037882988e-07
9.033903390339032669e+00,6.778502223110667579e-02,-6.250592983451695338e-07
9.035403540354034035e+00,6.778298466618599971e-02,-6.319755966373358965e-07
9.036903690369037179e+00,6.778094718606819669e-02,-6.386132462379124914e-07
9.038403840384038546e+00,6.777890979088813106e-02,-6.449700322256629126e-07
9.039903990399039913e+00,6.777687248077528259e-02,-6.510438269005351949e-07
9.041404140414041279e+00,6.777483525585370483e-02,-6.568325897836308974e-07
9.042904290429042646e+00,6.777279811624201122e-02,-6.623343676172118798e-07
9.044404440444044013e+00,6.777076106205340289e-02,-6.675472943647019962e-07
9.045904590459045380e+00,6.776872409339561310e-02,-6.724695912106854012e-07
9.047404740474046747e+00,6.776668721037100440e-02,-6.770995665609067617e-07
9.048904890489048114e+00,6.776465041307647152e-02,-6.814356160422744331e-07
9.050405040504049481e+00,6.776261370160351072e-02,-6.854762225028549540e-07
9.051905190519050848e+00,6.776057707603816427e-02,-6.892199560118766454e-07
9.053405340534052215e+00,6.775854053646106212e-02,-6.926654738597298231e-07
9.054905490549053582e+00,6.775650408294740801e-02,-6.958115205579659502e-07
9.056405640564054949e+00,6.775446771556699332e-02,-6.986569278392953084e-07
9.057905790579058092e+00,6.775243143438412774e-02,-7.012006146575956791e-07
9.059405940594059459e+00,6.775039523945775022e-02,-7.034415871878939214e-07
9.060906090609060826e+00,6.774835913084137351e-02,-7.053789388263890532e-07
9.062406240624062193e+00,6.774632310858302864e-02,-7.070118501904374283e-07
9.063906390639063559e+00,6.774428717272537592e-02,-7.083395891185552775e-07
9.065406540654064926e+00,6.774225132330562171e-02,-7.093615106704225201e-07
9.066906690669066293e+00,6.774021556035554614e-02,-7.100770571268772583e-07
9.068406840684067660e+00,6.773817988390151701e-02,-7.104857579899210713e-07
9.069906990699069027e+00,6.773614429396446202e-02,-7.105872299827158388e-07
9.071407140714070394e+00,6.773410879055988265e-02,-7.103811770495824702e-07
9.072907290729071761e+00,6.773207337369785419e-02,-7.098673903560076813e-07
9.074407440744073128e+00,6.773003804338302569e-02,-7.090457482886325591e-07
9.075907590759074495e+00,6.772800279961462000e-02,-7.079162164552656908e-07
9.077407740774077638e+00,6.772596764238643374e-02,-7.064788476848725760e-07
9.078907890789079005e+00,6.772393257168683733e-02,-7.047337820275826148e-07
9.080408040804080372e+00,6.772189758749877497e-02,-7.026812467546850840e-07
9.081908190819081739e+00,6.771986268979975077e-02,-7.003215563586299845e-07
9.083408340834083106e+00,6.771782787856187036e-02,-6.976551125530284650e-07
9.084908490849084473e+00,6.771579315375177155e-02,-6.946824042726526094e-07
9.086408640864085839e+00,6.771375851533070755e-02,-6.914040076734358615e-07
9.087908790879087206e+00,6.771172396325447762e-02,-6.878205861324732356e-07
9.089408940894088573e+00,6.770968949747344090e-02,-6.839328902480200467e-07
9.090909090909089940e+00,6.770765511793258584e-02,-6.797417578394936045e-07
9.092409240924091307e+00,6.770562082457141917e-02,-6.752481139474704601e-07
9.093909390939092674e+00,6.770358661732403527e-02,-6.704529708336910653e-07
9.095409540954094041e+00,6.770155249611910231e-02,-6.653574279810540544e-07
9.096909690969097184e+00,6.769951846087989000e-02,-6.599626720936141273e-07
9.098409840984098551e+00,6.769748451152418633e-02,-6.542699770966061896e-07
9.099909990999099918e+00,6.769545064796439471e-02,-6.482807041364076598e-07
9.101410141014101285e+00,6.769341687010747843e-02,-6.419963015805619741e-07
9.102910291029102652e+00,6.769138317785496073e-02,-6.354183050177756222e-07
9.104410441044104019e+00,6.768934957110298023e-02,-6.285483372579139119e-07
9.105910591059105386e+00,6.768731604974217997e-02,-6.213881083320052045e-07
9.107410741074106753e+00,6.768528261365784615e-02,-6.139394154922366794e-07
9.108910891089108119e+00,6.768324926272979714e-02,-6.062041432119596279e-07
9.110411041104109486e+00,6.768121599683243894e-02,-5.981842631856831010e-07
9.111911191119110853e+00,6.767918281583472362e-02,-5.898818343290794147e-07
9.113411341134112220e+00,6.767714971960021864e-02,-5.812990027789811855e-07
9.114911491149113587e+00,6.767511670798705137e-02,-5.724380018933845066e-07
9.116411641164114954e+00,6.767308378084788134e-02,-5.633011522514423837e-07
9.117911791179118097e+00,6.767105093802999738e-02,-5.538908616534592292e-07
9.119411941194119464e+00,6.766901817937524821e-02,-5.442096251209342723e-07
9.120912091209120831e+00,6.766698550472002860e-02,-5.342600248964959146e-07
9.122412241224122198e+00,6.766495291389532096e-02,-5.240447304439440811e-07
9.123912391239123565e+00,6.766292040672669539e-02,-5.135664984482375150e-07
9.125412541254124932e+00,6.766088798303428187e-02,-5.028281728154982246e-07
9.126912691269126299e+00,6.765885564263277030e-02,-4.918326846730091542e-07
9.128412841284127666e+00,6.765682338533143825e-02,-4.805830523692135482e-07
9.129912991299129033e+00,6.765479121093415094e-02,-4.690823814737153753e-07
9.131413141314130399e+00,6.765275911923931962e-02,-4.573338647772829278e-07
9.132913291329131766e+00,6.765072711003995709e-02,-4.453407822918403520e-07
9.134413441344133133e+00,6.764869518312359442e-02,-4.331065012504740000e-07
9.135913591359134500e+00,6.764666333827240585e-02,-4.206344761074385715e-07
9.137413741374137643e+00,6.764463157526309778e-02,-4.079282485381236558e-07
9.138913891389139010e+00,6.764259989386695038e-02,-3.949914474391322936e-07
9.140414041404140377e+00,6.764056829384983149e-02,-3.818277889281839924e-07
9.141914191419141744e+00,6.763853677497218275e-02,-3.684410763441683011e-07
9.143414341434143111e+00,6.763650533698899181e-02,-3.548352002471418453e-07
9.144914491449144478e+00,6.763447397964983399e-02,-3.410141384183192216e-07
9.146414641464145845e+00,6.763244270269888614e-02,-3.269819558600778683e-07
9.147914791479147212e+00,6.763041150587485728e-02,-3.127428047959534066e-07
9.149414941494148579e+00,6.762838038891104409e-02,-2.983009246706483228e-07
9.150915091509149946e+00,6.762634935153533089e-02,-2.836606421500171448e-07
9.152415241524151313e+00,6.762431839347014806e-02,-2.688263711210842304e-07
9.153915391539152679e+00,6.762228751443251362e-02,-2.538026126920308496e-07
9.155415541554154046e+00,6.762025671413403327e-02,-2.385939551922002670e-07
9.156915691569157190e+00,6.761822599228084485e-02,-2.232050741720763542e-07
9.158415841584158557e+00,6.761619534857370162e-02,-2.076407324033622579e-07
9.159915991599159923e+00,6.761416478270790287e-02,-1.919057798788654152e-07
9.161416141614161290e+00,6.761213429437334943e-02,-1.760051538125738926e-07
9.162916291629162657e+00,6.761010388325447429e-02,-1.599438786396367980e-07
9.164416441644164024e+00,6.760807354903031197e-02,-1.437270660163616342e-07
9.165916591659165391e+00,6.760604329137447077e-02,-1.273599148202199102e-07
9.167416741674166758e+00,6.760401310995511892e-02,-1.108477111498426942e-07
9.168916891689168125e+00,6.760198300443499841e-02,-9.419582832502114323e-08
9.170417041704169492e+00,6.759995297447143892e-02,-7.740972688671200879e-08
9.171917191719170859e+00,6.759792301971633000e-02,-6.049495459702810763e-08
9.173417341734172226e+00,6.759589313981612113e-02,-4.345714643924668628e-08
9.174917491749173593e+00,6.759386333441187722e-02,-2.630202461780508000e-08
9.176417641764174959e+00,6.759183360313919531e-02,-9.035398558298912831e-09
9.177917791779178103e+00,6.758980394562824623e-02,8.336835092531243166e-09
9.179417941794179470e+00,6.758777436150381623e-02,2.580869246672564667e-08
9.180918091809180837e+00,6.758574485038522373e-02,4.337410247522227763e-08
9.182418241824182203e+00,6.758371541188637477e-02,6.102690680778039255e-08
9.183918391839183570e+00,6.758168604561573534e-02,7.876085993299407700e-08
9.185418541854184937e+00,6.757965675117635906e-02,9.656962909830113949e-08
9.186918691869186304e+00,6.757762752816587337e-02,1.144467943299737941e-07
9.188418841884187671e+00,6.757559837617647946e-02,1.323858484331291424e-07
9.189918991899189038e+00,6.757356929479492458e-02,1.503801969917148801e-07
9.191419141914190405e+00,6.757154028360257136e-02,1.684231583685259196e-07
9.192919291929191772e+00,6.756951134217531463e-02,1.865079637051900967e-07
9.194419441944193139e+00,6.756748247008366459e-02,2.046277569221760054e-07
9.195919591959194506e+00,6.756545366689266363e-02,2.227755947187959628e-07
9.197419741974197649e+00,6.756342493216194178e-02,2.409444465732120439e-07
9.198919891989199016e+00,6.756139626544573062e-02,2.591271947423720778e-07
9.200420042004200383e+00,6.755936766629278001e-02,2.773166342621208208e-07
9.201920192019201750e+00,6.755733913424645520e-02,2.955054729471204412e-07
9.203420342034203117e+00,6.755531066884468139e-02,3.136863313908757184e-07
9.204920492049204483e+00,6.755328226961995752e-02,3.318517429657279551e-07
9.206420642064205850e+00,6.755125393609934248e-02,3.499941538228568829e-07
9.207920792079207217e+00,6.754922566780451054e-02,3.681059228922790211e-07
9.209420942094208584e+00,6.754719746425164040e-02,3.861793218828573121e-07
9.210921092109209951e+00,6.754516932495154002e-02,4.042065352822871449e-07
9.212421242124211318e+00,6.754314124940957731e-02,4.221796603571066256e-07
9.213921392139212685e+00,6.754111323712568005e-02,4.400907071526872600e-07
9.215421542154214052e+00,6.753908528759436369e-02,4.579315984932441711e-07
9.216921692169215419e+00,6.753705740030470361e-02,4.756941699818328166e-07
9.218421842184218562e+00,6.753502957474036283e-02,4.933701700003619061e-07
9.219921992199219929e+00,6.753300181037955041e-02,5.109512597095221977e-07
9.221422142214221296e+00,6.753097410669509082e-02,5.284290130489076765e-07
9.222922292229222663e+00,6.752894646315434068e-02,5.457949167369212161e-07
9.224422442244224030e+00,6.752691887921924430e-02,5.630403702708123780e-07
9.225922592259225397e+00,6.752489135434633361e-02,5.801566859266710582e-07
9.227422742274226763e+00,6.752286388798670047e-02,5.971350887594180642e-07
9.228922892289228130e+00,6.752083647958601054e-02,6.139667166028193031e-07
9.230423042304229497e+00,6.751880912858448935e-02,6.306426200694799578e-07
9.231923192319230864e+00,6.751678183441696401e-02,6.471537625508368641e-07
9.233423342334232231e+00,6.751475459651280764e-02,6.634910202171772508e-07
9.234923492349233598e+00,6.751272741429599489e-02,6.796451820176160823e-07
9.236423642364234965e+00,6.751070028718503258e-02,6.956069496801179747e-07
9.237923792379238108e+00,6.750867321459302905e-02,7.113669377114951849e-07
9.239423942394239475e+00,6.750664619592766647e-02,7.269156733973487414e-07
9.240924092409240842e+00,6.750461923059120073e-02,7.422435968021734762e-07
9.242424242424242209e+00,6.750259231798044768e-02,7.573410607692782983e-07
9.243924392439243576e+00,6.750056545748679693e-02,7.721983309208243100e-07
9.245424542454244943e+00,6.749853864849622576e-02,7.868055856577990781e-07
9.246924692469246310e+00,6.749651189038927135e-02,8.011529161600423626e-07
9.248424842484247677e+00,6.749448518254104468e-02,8.152303263862113886e-07
9.249924992499249043e+00,6.749245852432124437e-02,8.290277330738275386e-07
9.251425142514250410e+00,6.749043191509411510e-02,8.425349657392294484e-07
9.252925292529251777e+00,6.748840535421848918e-02,8.557417666776111233e-07
9.254425442544253144e+00,6.748637884104778661e-02,8.686377909629975861e-07
9.255925592559254511e+00,6.748435237492998728e-02,8.812126064482461475e-07
9.257425742574257654e+00,6.748232595520761712e-02,8.934556937650896050e-07
9.258925892589259021e+00,6.748029958121783134e-02,9.053564463240227402e-07
9.260426042604260388e+00,6.747827325229231732e-02,9.169041703144562673e-07
9.261926192619261755e+00,6.747624696775733621e-02,9.280880847046080951e-07
9.263426342634263122e+00,6.747422072693375072e-02,9.388973212415375259e-07
9.264926492649264489e+00,6.747219452913696958e-02,9.493209244511438792e-07
9.266426642664265856e+00,6.747016837367696140e-02,9.593478516381604566e-07
9.267926792679267223e+00,6.746814225985832414e-02,9.689669728861626944e-07
9.269426942694268590e+00,6.746611618698017399e-02,9.781670710575680578e-07
9.270927092709269957e+00,6.746409015433621481e-02,9.869368417936405935e-07
9.272427242724271323e+00,6.746206416121473814e-02,9.952648935144620250e-07
9.273927392739272690e+00,6.746003820689859543e-02,1.003139747418960552e-06
9.275427542754274057e+00,6.745801229066522575e-02,1.010549837484921013e-06
9.276927692769275424e+00,6.745598641178660038e-02,1.017483510468938513e-06
9.278427842784278567e+00,6.745396056952931985e-02,1.023929025906481949e-06
9.279927992799279934e+00,6.745193476315453074e-02,1.029874556111818837e-06
9.281428142814281301e+00,6.744990899191792566e-02,1.035308186178079262e-06
9.282928292829282668e+00,6.744788325506982651e-02,1.040217913977236185e-06
9.284428442844284035e+00,6.744585755185508735e-02,1.044591650160090407e-06
9.285928592859285402e+00,6.744383188151313602e-02,1.048417218156284336e-06
9.287428742874286769e+00,6.744180624327800189e-02,1.051682354174304313e-06
9.288928892889288136e+00,6.743978063637826037e-02,1.054374707201466428e-06
9.290429042904289503e+00,6.743775506003707454e-02,1.056481839003935151e-06
9.291929192919290870e+00,6.743572951347216737e-02,1.057991224126706394e-06
9.293429342934292237e+00,6.743370399589583564e-02,1.058890249893617673e-06
9.294929492949293603e+00,6.743167850651497763e-02,1.059166216407352133e-06
9.296429642964294970e+00,6.742965304453102382e-02,1.058806336549418643e-06
9.297929792979298114e+00,6.742762760913999232e-02,1.057797735980177208e-06
9.299429942994299481e+00,6.742560219953248890e-02,1.056127453138818847e-06
9.300930093009300847e+00,6.742357681489369314e-02,1.053782439243377246e-06
9.302430243024302214e+00,6.742155145440331676e-02,1.050749558290718801e-06
9.303930393039303581e+00,6.741952611723570077e-02,1.047015587056558078e-06
9.305430543054304948e+00,6.741750080255971833e-02,1.042567215095455485e-06
9.306930693069306315e+00,6.741547550953883028e-02,1.037391044740775340e-06
9.308430843084307682e+00,6.741345023733107122e-02,1.031473591104768037e-06
9.309930993099309049e+00,6.741142498508904957e-02,1.024801282078489788e-06
9.311431143114310416e+00,6.740939975195994749e-02,1.017360458331843493e-06
9.312931293129311783e+00,6.740737453708549320e-02,1.009137373313577892e-06
9.314431443144313150e+00,6.740534933960204422e-02,1.000118193251273589e-06
9.315931593159314517e+00,6.740332415864047633e-02,9.902889971513523701e-07
9.317431743174317660e+00,6.740129899332626684e-02,9.796357767990608984e-07
9.318931893189319027e+00,6.739927384332106142e-02,9.681529572685001567e-07
9.320432043204320394e+00,6.739724872145884393e-02,9.560423838006101867e-07
9.321932193219321761e+00,6.739522363419635231e-02,9.434060655734988190e-07
9.323432343234323127e+00,6.739319858247316830e-02,9.302592857046818809e-07
9.324932493249324494e+00,6.739117356722124086e-02,9.166172037907225973e-07
9.326432643264325861e+00,6.738914858936492780e-02,9.024948559072316972e-07
9.327932793279327228e+00,6.738712364982095415e-02,8.879071546088675192e-07
9.329432943294328595e+00,6.738509874949841216e-02,8.728688889293356941e-07
9.330933093309329962e+00,6.738307388929878905e-02,8.573947243813895683e-07
9.332433243324331329e+00,6.738104907011595313e-02,8.414992029568299917e-07
9.333933393339332696e+00,6.737902429283616768e-02,8.251967431265051068e-07
9.335433543354334063e+00,6.737699955833804932e-02,8.085016398403109830e-07
9.336933693369335430e+00,6.737497486749260966e-02,7.914280645271905586e-07
9.338433843384338573e+00,6.737295022116326915e-02,7.739900650951141586e-07
9.339933993399339940e+00,6.737092562020578768e-02,7.562015659311612333e-07
9.341434143414341307e+00,6.736890106546833401e-02,7.380763679013972214e-07
9.342934293429342674e+00,6.736687655779143025e-02,7.196281483509552881e-07
9.344434443444344041e+00,6.736485209800802121e-02,7.008704611040167378e-07
9.345934593459345407e+00,6.736282768694340506e-02,6.818167364638095317e-07
9.347434743474346774e+00,6.736080332541527493e-02,6.624802812126096643e-07
9.348934893489348141e+00,6.735877901423369118e-02,6.428742786117406338e-07
9.350435043504349508e+00,6.735675475420110914e-02,6.230117884015730188e-07
9.351935193519350875e+00,6.735473054611236521e-02,6.029057468015256430e-07
9.353435343534352242e+00,6.735270639075467691e-02,5.825689665100639867e-07
9.354935493549353609e+00,6.735068228890762898e-02,5.620141367047017754e-07
9.356435643564354976e+00,6.734865824134320111e-02,5.412538230419998147e-07
9.357935793579358119e+00,6.734663424882576799e-02,5.203004676575414268e-07
9.359435943594359486e+00,6.734461031211205762e-02,4.991663891660326118e-07
9.360936093609360853e+00,6.734258643195120686e-02,4.778637826611515935e-07
9.362436243624362220e+00,6.734056260908471980e-02,4.564047197156498283e-07
9.363936393639363587e+00,6.733853884424648162e-02,4.348011483813254294e-07
9.365436543654364954e+00,6.733651513816275858e-02,4.130648931890245431e-07
9.366936693669366321e+00,6.733449149155219804e-02,3.912076551486405021e-07
9.368436843684367688e+00,6.733246790512585622e-02,3.692410117491144605e-07
9.369936993699369054e+00,6.733044437958712880e-02,3.471764169584348644e-07
9.371437143714370421e+00,6.732842091563183418e-02,3.250252012236376638e-07
9.372937293729371788e+00,6.732639751394811634e-02,3.027985714708064184e-07
9.374437443744373155e+00,6.732437417521656975e-02,2.805076111050720859e-07
9.375937593759374522e+00,6.732235090011012835e-02,2.581632800106131278e-07
9.377437743774377665e+00,6.732032768929410715e-02,2.357764145506292516e-07
9.378937893789379032e+00,6.731830454342623005e-02,2.133577275674468658e-07
9.380438043804380399e+00,6.731628146315658812e-02,1.909178083823606856e-07
9.381938193819381766e+00,6.731425844912762579e-02,1.684671227957390819e-07
9.383438343834383133e+00,6.731223550197422412e-02,1.460160130869983532e-07
9.384938493849384500e+00,6.731021262232358970e-02,1.235746980146018780e-07
9.386438643864385867e+00,6.730818981079537966e-02,1.011532728160610684e-07
9.387938793879387234e+00,6.730616706800154891e-02,7.876170920793388703e-08
9.389438943894388601e+00,6.730414439454650288e-02,5.640985538582696540e-08
9.390939093909389968e+00,6.730212179102701420e-02,3.410743602439390927e-08
9.392439243924391334e+00,6.730009925803219495e-02,1.186405227733561652e-08
9.393939393939392701e+00,6.729807679614359384e-02,-1.031081822259919350e-08
9.395439543954394068e+00,6.729605440593511290e-02,-3.240782136361472110e-08
9.396939693969395435e+00,6.729403208797304914e-02,-5.441772655486670985e-08
9.398439843984398578e+00,6.729200984281605291e-02,-7.633142672649008102e-08
9.399939993999399945e+00,6.728998767101521117e-02,-9.813993832949432499e-08
9.401440144014401312e+00,6.728796557311393645e-02,-1.198344013359197789e-07
9.402940294029402679e+00,6.728594354964805013e-02,-1.414060792387319591e-07
9.404440444044404046e+00,6.728392160114574083e-02,-1.628463590518499371e-07
9.405940594059405413e+00,6.728189972812761988e-02,-1.841467513101452805e-07
9.407440744074406780e+00,6.727987793110662418e-02,-2.052988900694416293e-07
9.408940894089408147e+00,6.727785621058809951e-02,-2.262945329065153319e-07
9.410441044104409514e+00,6.727583456706978660e-02,-2.471255609190945970e-07
9.411941194119410881e+00,6.727381300104179340e-02,-2.677839787258618241e-07
9.413441344134412248e+00,6.727179151298660897e-02,-2.882619144664497908e-07
9.414941494149413614e+00,6.726977010337908958e-02,-3.085516198014456771e-07
9.416441644164414981e+00,6.726774877268650032e-02,-3.286454699123870412e-07
9.417941794179418125e+00,6.726572752136848743e-02,-3.485359635017893487e-07
9.419441944194419492e+00,6.726370634987706432e-02,-3.682157227930491988e-07
9.420942094209420858e+00,6.726168525865662551e-02,-3.876774935305862022e-07
9.422442244224422225e+00,6.725966424814394662e-02,-4.069141449797495961e-07
9.423942394239423592e+00,6.725764331876821212e-02,-4.259186699268398431e-07
9.425442544254424959e+00,6.725562247095095980e-02,-4.446841846791109609e-07
9.426942694269426326e+00,6.725360170510610858e-02,-4.632039290647694632e-07
9.428442844284427693e+00,6.725158102163997231e-02,-4.814712664329733013e-07
9.429942994299429060e+00,6.724956042095124598e-02,-4.994796836538344048e-07
9.431443144314430427e+00,6.724753990343100563e-02,-5.172227911184159288e-07
9.432943294329431794e+00,6.724551946946269454e-02,-5.346943227387347955e-07
9.434443444344433161e+00,6.724349911942215097e-02,-5.518881359477585171e-07
9.435943594359434528e+00,6.724147885367762201e-02,-5.687982116994092196e-07
9.437443744374437671e+00,6.723945867258966647e-02,-5.854186544685793128e-07
9.438943894389439038e+00,6.723743857651129363e-02,-6.017436922510563165e-07
9.440444044404440405e+00,6.723541856578786613e-02,-6.177676765636378445e-07
9.441944194419441772e+00,6.723339864075712768e-02,-6.334850824440553723e-07
9.443444344434443138e+00,6.723137880174920311e-02,-6.488905084509932948e-07
9.444944494449444505e+00,6.722935904908661220e-02,-6.639786766640859624e-07
9.446444644464445872e+00,6.722733938308424195e-02,-6.787444326839236093e-07
9.447944794479447239e+00,6.722531980404936047e-02,-6.931827456320457898e-07
9.449444944494448606e+00,6.722330031228163083e-02,-7.072887081509477308e-07
9.450945094509449973e+00,6.722128090807309719e-02,-7.210575364040750374e-07
9.452445244524451340e+00,6.721926159170815707e-02,-7.344845700758251759e-07
9.453945394539452707e+00,6.721724236346363068e-02,-7.475652723715502263e-07
9.455445544554454074e+00,6.721522322360870549e-02,-7.602952300175528588e-07
9.456945694569455441e+00,6.721320417240493617e-02,-7.726701532610901458e-07
9.458445844584458584e+00,6.721118521010627234e-02,-7.846858758703841494e-07
9.459945994599459951e+00,6.720916633695904474e-02,-7.963383551345679234e-07
9.461446144614461318e+00,6.720714755320196521e-02,-8.076236718637683104e-07
9.462946294629462685e+00,6.720512885906612666e-02,-8.185380303890519439e-07
9.464446444644464052e+00,6.720311025477500311e-02,-8.290777585624373182e-07
9.465946594659465418e+00,6.720109174054444967e-02,-8.392393077568947883e-07
9.467446744674466785e+00,6.719907331658271643e-02,-8.490192528663491116e-07
9.468946894689468152e+00,6.719705498309040681e-02,-8.584142923056750002e-07
9.470447044704469519e+00,6.719503674026053308e-02,-8.674212480107015683e-07
9.471947194719470886e+00,6.719301858827848861e-02,-8.760370654382097910e-07
9.473447344734472253e+00,6.719100052732202011e-02,-8.842588135659331395e-07
9.474947494749473620e+00,6.718898255756128313e-02,-8.920836848925565225e-07
9.476447644764474987e+00,6.718696467915881432e-02,-8.995089954377198858e-07
9.477947794779478130e+00,6.718494689226953143e-02,-9.065321847420207538e-07
9.479447944794479497e+00,6.718292919704070554e-02,-9.131508158669871238e-07
9.480948094809480864e+00,6.718091159361203046e-02,-9.193625753951225712e-07
9.482448244824482231e+00,6.717889408211555335e-02,-9.251652734298766031e-07
9.483948394839483598e+00,6.717687666267573021e-02,-9.305568435956484698e-07
9.485448544854484965e+00,6.717485933540937038e-02,-9.355353430377924588e-07
9.486948694869486332e+00,6.717284210042566428e-02,-9.400989524226147185e-07
9.488448844884487698e+00,6.717082495782622509e-02,-9.442459759373728349e-07
9.489948994899489065e+00,6.716880790770500542e-02,-9.479748412902785838e-07
9.491449144914490432e+00,6.716679095014835288e-02,-9.512840997104945435e-07
9.492949294929491799e+00,6.716477408523501003e-02,-9.541724259481366353e-07
9.494449444944493166e+00,6.716275731303607277e-02,-9.566386182742732766e-07
9.495949594959494533e+00,6.716074063361504587e-02,-9.586815984809258047e-07
9.497449744974497676e+00,6.715872404702780130e-02,-9.603004118810680528e-07
9.498949894989499043e+00,6.715670755332260600e-02,-9.614942273086233859e-07
9.500450045004500410e+00,6.715469115254009413e-02,-9.622623371184706296e-07
9.501950195019501777e+00,6.715267484471328097e-02,-9.626041571864423762e-07
9.503450345034503144e+00,6.715065862986759060e-02,-9.625192269093199026e-07
9.504950495049504511e+00,6.714864250802078660e-02,-9.620072092048407934e-07
9.506450645064505878e+00,6.714662647918305527e-02,-9.610678905116917415e-07
9.507950795079507245e+00,6.714461054335693624e-02,-9.597011807895153237e-07
9.509450945094508612e+00,6.714259470053736412e-02,-9.579071135189032251e-07
9.510951095109509978e+00,6.714057895071165460e-02,-9.556858457014017445e-07
9.512451245124511345e+00,6.713856329385949062e-02,-9.530376578595084062e-07
9.513951395139512712e+00,6.713654772995296394e-02,-9.499629540366749248e-07
9.515451545154514079e+00,6.713453225895653353e-02,-9.464622617973042407e-07
9.516951695169515446e+00,6.713251688082703950e-02,-9.425362322267517900e-07
9.518451845184518589e+00,6.713050159551370299e-02,-9.381856399313208467e-07
9.519951995199519956e+00,6.712848640295812630e-02,-9.334113830382815804e-07
9.521452145214521323e+00,6.712647130309429278e-02,-9.282144831958433160e-07
9.522952295229522690e+00,6.712445629584858076e-02,-9.225960855731706275e-07
9.524452445244524057e+00,6.712244138113973579e-02,-9.165574588603812204e-07
9.525952595259525424e+00,6.712042655887889842e-02,-9.100999952685484725e-07
9.527452745274526791e+00,6.711841182896956248e-02,-9.032252105296921169e-07
9.528952895289528158e+00,6.711639719130765847e-02,-8.959347438967907358e-07
9.530453045304529525e+00,6.711438264578142854e-02,-8.882303581437701133e-07
9.531953195319530892e+00,6.711236819227155148e-02,-8.801139395655123416e-07
9.533453345334532258e+00,6.711035383065107329e-02,-8.715874979778492558e-07
9.534953495349533625e+00,6.710833956078540719e-02,-8.626531667175681522e-07
9.536453645364534992e+00,6.710632538253236135e-02,-8.533132026424050114e-07
9.537953795379538136e+00,6.710431129574212505e-02,-8.435699861310419574e-07
9.539453945394539502e+00,6.710229730025726869e-02,-8.334260210831402919e-07
9.540954095409540869e+00,6.710028339591274371e-02,-8.228839349192896725e-07
9.542454245424542236e+00,6.709826958253588269e-02,-8.119464785810328880e-07
9.543954395439543603e+00,6.709625585994639929e-02,-8.006165265308755996e-07
9.545454545454544970e+00,6.709424222795640214e-02,-7.888970767522660121e-07
9.546954695469546337e+00,6.709222868637035320e-02,-7.767912507496130849e-07
9.548454845484547704e+00,6.709021523498512329e-02,-7.643022935482723445e-07
9.549954995499549071e+00,6.708820187358995046e-02,-7.514335736945571073e-07
9.551455145514550438e+00,6.708618860196646771e-02,-7.381885832557272567e-07
9.552955295529551805e+00,6.708417541988866140e-02,-7.245709378200021605e-07
9.554455445544553172e+00,6.708216232712295446e-02,-7.105843764965464826e-07
9.555955595559554538e+00,6.708014932342808156e-02,-6.962327619154824653e-07
9.557455745574557682e+00,6.707813640855521398e-02,-6.815200802278638831e-07
9.558955895589559049e+00,6.707612358224789018e-02,-6.664504411057518521e-07
9.560456045604560416e+00,6.707411084424201586e-02,-6.510280777421081035e-07
9.561956195619561782e+00,6.707209819426589170e-02,-6.352573468508599941e-07
9.563456345634563149e+00,6.707008563204018559e-02,-6.191427286668945761e-07
9.564956495649564516e+00,6.706807315727798813e-02,-6.026888269460452575e-07
9.566456645664565883e+00,6.706606076968471553e-02,-5.859003689650994242e-07
9.567956795679567250e+00,6.706404846895820671e-02,-5.687822055217990761e-07
9.569456945694568617e+00,6.706203625478866781e-02,-5.513393109348353212e-07
9.570957095709569984e+00,6.706002412685869996e-02,-5.335767830438543047e-07
9.572457245724571351e+00,6.705801208484324372e-02,-5.154998432094538208e-07
9.573957395739572718e+00,6.705600012840967628e-02,-4.971138363131845835e-07
9.575457545754574085e+00,6.705398825721772815e-02,-4.784242307575498029e-07
9.576957695769575452e+00,6.705197647091951096e-02,-4.594366184660043383e-07
9.578457845784578595e+00,6.704996476915951742e-02,-4.401567148829318283e-07
9.579957995799579962e+00,6.704795315157464908e-02,-4.205903589737425227e-07
9.581458145814581329e+00,6.704594161779416084e-02,-4.007435132247212409e-07
9.582958295829582696e+00,6.704393016743967482e-02,-3.806222636431345207e-07
9.584458445844584062e+00,6.704191880012524973e-02,-3.602328197572022434e-07
9.585958595859585429e+00,6.703990751545728377e-02,-3.395815146160959392e-07
9.587458745874586796e+00,6.703789631303455621e-02,-3.186748047899349759e-07
9.588958895889588163e+00,6.703588519244824129e-02,-2.975192703697954526e-07
9.590459045904589530e+00,6.703387415328190824e-02,-2.761216149677065998e-07
9.591959195919590897e+00,6.703186319511147961e-02,-2.544886657166431561e-07
9.593459345934592264e+00,6.702985231750527295e-02,-2.326273732705492971e-07
9.594959495949593631e+00,6.702784152002398688e-02,-2.105448118042986127e-07
9.596459645964594998e+00,6.702583080222071499e-02,-1.882481790137379414e-07
9.597959795979598141e+00,6.702382016364090422e-02,-1.657447961156213016e-07
9.599459945994599508e+00,6.702180960382241037e-02,-1.430421078477532519e-07
9.600960096009600875e+00,6.701979912229545644e-02,-1.201476824688002144e-07
9.602460246024602242e+00,6.701778871858266040e-02,-9.706921175840630672e-08
9.603960396039603609e+00,6.701577839219900745e-02,-7.381451101717449548e-08
9.605460546054604976e+00,6.701376814265186388e-02,-5.039151906665876099e-08
9.606960696069606342e+00,6.701175796944097707e-02,-2.680829824936219165e-08
9.608460846084607709e+00,6.700974787205851713e-02,-3.073034428743124879e-09
9.609960996099609076e+00,6.700773784998896587e-02,2.080596301078760576e-08
9.611461146114610443e+00,6.700572790270924173e-02,4.482026116386847047e-08
9.612961296129611810e+00,6.700371802968863033e-02,6.896130360418364336e-08
9.614461446144613177e+00,6.700170823038878454e-02,9.322041038446543766e-08
9.615961596159614544e+00,6.699969850426376605e-02,1.175887780364966350e-07
9.617461746174617687e+00,6.699768885075997604e-02,1.420574795711283792e-07
9.618961896189619054e+00,6.699567926931625228e-02,1.666174644781799083e-07
9.620462046204620421e+00,6.699366975936377200e-02,1.912595587266025619e-07
9.621962196219621788e+00,6.699166032032610740e-02,2.159744647643672312e-07
9.623462346234623155e+00,6.698965095161922567e-02,2.407527615184871231e-07
9.624962496249624522e+00,6.698764165265144732e-02,2.655849043950362892e-07
9.626462646264625889e+00,6.698563242282351560e-02,2.904612252791155326e-07
9.627962796279627256e+00,6.698362326152849933e-02,3.153719325348955008e-07
9.629462946294628622e+00,6.698161416815191782e-02,3.403071110055749692e-07
9.630963096309629989e+00,6.697960514207160210e-02,3.652567220134172636e-07
9.632463246324631356e+00,6.697759618265783366e-02,3.902106033597151083e-07
9.633963396339632723e+00,6.697558728927320570e-02,4.151584693248274720e-07
9.635463546354634090e+00,6.697357846127274805e-02,4.400899106681448396e-07
9.636963696369635457e+00,6.697156969800385773e-02,4.649943946281148347e-07
9.638463846384638600e+00,6.696956099880629898e-02,4.898612649222600076e-07
9.639963996399639967e+00,6.696755236301223102e-02,5.146797417470631679e-07
9.641464146414641334e+00,6.696554378994618029e-02,5.394389217781395441e-07
9.642964296429642701e+00,6.696353527892509594e-02,5.641277781701224343e-07
9.644464446444644068e+00,6.696152682925825272e-02,5.887351605566953932e-07
9.645964596459645435e+00,6.695951844024734811e-02,6.132497950505908556e-07
9.647464746474646802e+00,6.695751011118644680e-02,6.376602842435797607e-07
9.648964896489648169e+00,6.695550184136199456e-02,6.619551072064942099e-07
9.650465046504649536e+00,6.695349363005281829e-02,6.861226194892073495e-07
9.651965196519650902e+00,6.695148547653013982e-02,7.101510531206322067e-07
9.653465346534652269e+00,6.694947738005753435e-02,7.340285166087395827e-07
9.654965496549653636e+00,6.694746933989098592e-02,7.577429949405475708e-07
9.656465646564655003e+00,6.694546135527885966e-02,7.812823495821146742e-07
9.657965796579658146e+00,6.694345342546188793e-02,8.046343184785818400e-07
9.659465946594659513e+00,6.694144554967318417e-02,8.277865160540466750e-07
9.660966096609660880e+00,6.693943772713825680e-02,8.507264332117515926e-07
9.662466246624662247e+00,6.693742995707500920e-02,8.734414373339378057e-07
9.663966396639663614e+00,6.693542223869367036e-02,8.959187722819090659e-07
9.665466546654664981e+00,6.693341457119691973e-02,9.181455583960174757e-07
9.666966696669666348e+00,6.693140695377977623e-02,9.401087924956516300e-07
9.668466846684667715e+00,6.692939938562965374e-02,9.617953478792636152e-07
9.669966996699669082e+00,6.692739186592634726e-02,9.831919743243321634e-07
9.671467146714670449e+00,6.692538439384203286e-02,1.004285298087398651e-06
9.672967296729671816e+00,6.692337696854125384e-02,1.025061821904052912e-06
9.674467446744673182e+00,6.692136958918097622e-02,1.045507924988925084e-06
9.675967596759674549e+00,6.691936225491050549e-02,1.065609863035693654e-06
9.677467746774677693e+00,6.691735496487154211e-02,1.085353768217114897e-06
9.678967896789679060e+00,6.691534771819818150e-02,1.104725649184905346e-06
9.680468046804680426e+00,6.691334051401688632e-02,1.123711391069926023e-06
9.681968196819681793e+00,6.691133335144651417e-02,1.142296755482035690e-06
9.683468346834683160e+00,6.690932622959828990e-02,1.160467380510160308e-06
9.684968496849684527e+00,6.690731914757581944e-02,1.178208780722253435e-06
9.686468646864685894e+00,6.690531210447510368e-02,1.195506347165339216e-06
9.687968796879687261e+00,6.690330509938451076e-02,1.212345347365475747e-06
9.689468946894688628e+00,6.690129813138481762e-02,1.228710925327769262e-06
9.690969096909689995e+00,6.689929119954915460e-02,1.244588101536374558e-06
9.692469246924691362e+00,6.689728430294304695e-02,1.259961772954500289e-06
9.693969396939692729e+00,6.689527744062440107e-02,1.274816713024381861e-06
9.695469546954694096e+00,6.689327061164349053e-02,1.289137571667333311e-06
9.696969696969695462e+00,6.689126381504299779e-02,1.302908875283686958e-06
9.698469846984698606e+00,6.688925704985795861e-02,1.316115026752860742e-06
9.699969996999699973e+00,6.688725031511581764e-02,1.328740305433260390e-06
9.701470147014701340e+00,6.688524360983638672e-02,1.340768867162394613e-06
9.702970297029702706e+00,6.688323693303187267e-02,1.352184744256785534e-06
9.704470447044704073e+00,6.688123028370682177e-02,1.362971845512028191e-06
9.705970597059705440e+00,6.687922366085821690e-02,1.373113956202749243e-06
9.707470747074706807e+00,6.687721706347539430e-02,1.382594738082623064e-06
9.708970897089708174e+00,6.687521049054008515e-02,1.391397729384381063e-06
9.710471047104709541e+00,6.687320394102638788e-02,1.399506344819789233e-06
9.711971197119710908e+00,6.687119741390078198e-02,1.406903875579676109e-06
9.713471347134712275e+00,6.686919090812214195e-02,1.413573489333899093e-06
9.714971497149713642e+00,6.686718442264172335e-02,1.419498230231386806e-06
9.716471647164715009e+00,6.686517795640314898e-02,1.424661018900089543e-06
9.717971797179718152e+00,6.686317150834243661e-02,1.429044652447037709e-06
9.719471947194719519e+00,6.686116507738799897e-02,1.432631804458257971e-06
9.720972097209720886e+00,6.685915866246060213e-02,1.435405024998877436e-06
9.722472247224722253e+00,6.685715226247339327e-02,1.437346740613047636e-06
9.723972397239723620e+00,6.685514587633194228e-02,1.438439254323957864e-06
9.725472547254724986e+00,6.685313950293414464e-02,1.438664745633865883e-06
9.726972697269726353e+00,6.685113314117033245e-02,1.438005270524074417e-06
9.728472847284727720e+00,6.684912678992317725e-02,1.436442761454904047e-06
9.729972997299729087e+00,6.684712044806774556e-02,1.433959027365763942e-06
9.731473147314730454e+00,6.684511411447151275e-02,1.430535753675090020e-06
9.732973297329731821e+00,6.684310778799427977e-02,1.426154502280360197e-06
9.734473447344733188e+00,6.684110146748828418e-02,1.420796711558110907e-06
9.735973597359734555e+00,6.683909515179811689e-02,1.414443696363924177e-06
9.737473747374737698e+00,6.683708883976074988e-02,1.407076648032415144e-06
9.738973897389739065e+00,6.683508253020556400e-02,1.398676634377284562e-06
9.740474047404740432e+00,6.683307622195427955e-02,1.389224599691240667e-06
9.741974197419741799e+00,6.683106991382103956e-02,1.378701364746055081e-06
9.743474347434743166e+00,6.682906360461235429e-02,1.367087626792541424e-06
9.744974497449744533e+00,6.682705729312708731e-02,1.354363959560572255e-06
9.746474647464745900e+00,6.682505097815652495e-02,1.340510813259068483e-06
9.747974797479747266e+00,6.682304465848432073e-02,1.325508514575973535e-06
9.749474947494748633e+00,6.682103834019240129e-02,1.309454509629300548e-06
9.750975097509750000e+00,6.681903205341649388e-02,1.292832472336315898e-06
9.752475247524751367e+00,6.681702580246214052e-02,1.275711844872473686e-06
9.753975397539752734e+00,6.681501958834774879e-02,1.258109329187353029e-06
9.755475547554754101e+00,6.681301341208270572e-02,1.240041480611469379e-06
9.756975697569755468e+00,6.681100727466748879e-02,1.221524707856276641e-06
9.758475847584758611e+00,6.680900117709355490e-02,1.202575273014142821e-06
9.759975997599759978e+00,6.680699512034343757e-02,1.183209291558441504e-06
9.761476147614761345e+00,6.680498910539067747e-02,1.163442732343416331e-06
9.762976297629762712e+00,6.680298313319983639e-02,1.143291417604270572e-06
9.764476447644764079e+00,6.680097720472655265e-02,1.122771022957145314e-06
9.765976597659765446e+00,6.679897132091745793e-02,1.101897077399118826e-06
9.767476747674766813e+00,6.679696548271023271e-02,1.080684963308206772e-06
9.768976897689768180e+00,6.679495969103357855e-02,1.059149916443362420e-06
9.770477047704769546e+00,6.679295394680724585e-02,1.037307025944476647e-06
9.771977197719770913e+00,6.679094825094199217e-02,1.015171234332377509e-06
9.773477347734772280e+00,6.678894260433965169e-02,9.927573375088308813e-07
9.774977497749773647e+00,6.678693700789305188e-02,9.700799847565398217e-07
9.776477647764775014e+00,6.678493146248605516e-02,9.471536787391449931e-07
9.777977797779778157e+00,6.678292596899357281e-02,9.239927755011969241e-07
9.779477947794779524e+00,6.678092052828153713e-02,9.006114844682660174e-07
9.780978097809780891e+00,6.677891514120694316e-02,8.770238684467781191e-07
9.782478247824782258e+00,6.677690980861776537e-02,8.532438436241235746e-07
9.783978397839783625e+00,6.677490453135304094e-02,8.292851795686305468e-07
9.785478547854784992e+00,6.677289931024284197e-02,8.051614992295644868e-07
9.786978697869786359e+00,6.677089414610828944e-02,7.808862789371282398e-07
9.788478847884787726e+00,6.676888903976148371e-02,7.564728484024622569e-07
9.789978997899789093e+00,6.676688399200560176e-02,7.319343907176442771e-07
9.791479147914790460e+00,6.676487900363484163e-02,7.072839423556897516e-07
9.792979297929791827e+00,6.676287407543443631e-02,6.825343931705517369e-07
9.794479447944793193e+00,6.676086920818063986e-02,6.576984863971200487e-07
9.795979597959794560e+00,6.675886440264075516e-02,6.327888186512228495e-07
9.797479747974797704e+00,6.675685965957312007e-02,6.078178399295954144e-07
9.798979897989799071e+00,6.675485497972706572e-02,5.827978536099999865e-07
9.800480048004800437e+00,6.675285036384301374e-02,5.577410164510469466e-07
9.801980198019801804e+00,6.675084581265237904e-02,5.326593385923138220e-07
9.803480348034803171e+00,6.674884132687762539e-02,5.075646835543159571e-07
9.804980498049804538e+00,6.674683690723223761e-02,4.824687682385058790e-07
9.806480648064805905e+00,6.674483255442073548e-02,4.573831629272737205e-07
9.807980798079807272e+00,6.674282826913867372e-02,4.323192912839471144e-07
9.809480948094808639e+00,6.674082405207264201e-02,4.072884303527908756e-07
9.810981098109810006e+00,6.673881990390027885e-02,3.823017105590075309e-07
9.812481248124811373e+00,6.673681582529021605e-02,3.573701157087366836e-07
9.813981398139812740e+00,6.673481181690213426e-02,3.325044829890559662e-07
9.815481548154814107e+00,6.673280787938677683e-02,3.077155029679807230e-07
9.816981698169815473e+00,6.673080401338588041e-02,2.830137195944629512e-07
9.818481848184818617e+00,6.672880021953223051e-02,2.584095301983634545e-07
9.819981998199819984e+00,6.672679649844964755e-02,2.339131854905674637e-07
9.821482148214821351e+00,6.672479285075297306e-02,2.095347895628109943e-07
9.822982298229822717e+00,6.672278927704808349e-02,1.852842998877962550e-07
9.824482448244824084e+00,6.672078577793191800e-02,1.611715273191624251e-07
9.825982598259825451e+00,6.671878235399239521e-02,1.372061360914877721e-07
9.827482748274826818e+00,6.671677900580849641e-02,1.133976438202858399e-07
9.828982898289828185e+00,6.671477573395025173e-02,8.975542150200968398e-08
9.830483048304829552e+00,6.671277253897869852e-02,6.628869351404827182e-08
9.831983198319830919e+00,6.671076942144589517e-02,4.300653761472881181e-08
9.833483348334832286e+00,6.670876638189497665e-02,1.991788494331590648e-08
9.834983498349833653e+00,6.670676342086007127e-02,-2.968479979988659337e-09
9.836483648364835020e+00,6.670476053886635615e-02,-2.564391925404464794e-08
9.837983798379838163e+00,6.670275773643002948e-02,-4.809994159680216789e-08
9.839483948394839530e+00,6.670075501405835217e-02,-7.032820234519367729e-08
9.840984098409840897e+00,6.669875237224956455e-02,-9.232050345529407305e-08
9.842484248424842264e+00,6.669674981149299742e-02,-1.140687935022133294e-07
9.843984398439843631e+00,6.669474733226898877e-02,-1.355651676801250854e-07
9.845484548454844997e+00,6.669274493504888379e-02,-1.568018678022653741e-07
9.846984698469846364e+00,6.669074262029510425e-02,-1.777712823009313522e-07
9.848484848484847731e+00,6.668874038846109298e-02,-1.984659462274846884e-07
9.849984998499849098e+00,6.668673823999128614e-02,-2.188785412523481747e-07
9.851485148514850465e+00,6.668473617532121034e-02,-2.390018956650074210e-07
9.852985298529851832e+00,6.668273419487738551e-02,-2.588289843740121253e-07
9.854485448544853199e+00,6.668073229907738042e-02,-2.783529289069714153e-07
9.855985598559854566e+00,6.667873048832979876e-02,-2.975669974105591420e-07
9.857485748574857709e+00,6.667672876303426532e-02,-3.164646046505339971e-07
9.858985898589859076e+00,6.667472712358143982e-02,-3.350393120116495156e-07
9.860486048604860443e+00,6.667272557035301694e-02,-3.532848274977889657e-07
9.861986198619861810e+00,6.667072410372172631e-02,-3.711950057318749282e-07
9.863486348634863177e+00,6.666872272405131861e-02,-3.887638479558953426e-07
9.864986498649864544e+00,6.666672143169662113e-02,-4.059855020308975781e-07
9.866486648664865911e+00,6.666472022700341282e-02,-4.228542624369930920e-07
9.867986798679867277e+00,6.666271911030859088e-02,-4.393645702733551005e-07
9.869486948694868644e+00,6.666071808194001802e-02,-4.555110132582200611e-07
9.870987098709870011e+00,6.665871714221663358e-02,-4.712883257288870371e-07
9.872487248724871378e+00,6.665671629144838406e-02,-4.866913886417162156e-07
9.873987398739872745e+00,6.665471552993625093e-02,-5.017152295721320834e-07
9.875487548754874112e+00,6.665271485797227835e-02,-5.163550227146208865e-07
9.876987698769875479e+00,6.665071427583950381e-02,-5.306060888827308415e-07
9.878487848784878622e+00,6.664871378381201361e-02,-5.444638955090897114e-07
9.879987998799879989e+00,6.664671338215492902e-02,-5.579240566453387373e-07
9.881488148814881356e+00,6.664471307112439236e-02,-5.709823329622308943e-07
9.882988298829882723e+00,6.664271285096760866e-02,-5.836346317495643990e-07
9.884488448844884090e+00,6.664071272192277628e-02,-5.958770069162019800e-07
9.885988598859885457e+00,6.663871268421914240e-02,-6.077056589900668540e-07
9.887488748874886824e+00,6.663671273807698914e-02,-6.191169351181448439e-07
9.888988898889888191e+00,6.663471288370764745e-02,-6.301073290664864958e-07
9.890489048904889557e+00,6.663271312131344160e-02,-6.406734812202017856e-07
9.891989198919890924e+00,6.663071345108775856e-02,-6.508121785834652008e-07
9.893489348934892291e+00,6.662871387321500638e-02,-6.605203547795140468e-07
9.894989498949893658e+00,6.662671438787064193e-02,-6.697950900506475994e-07
9.896489648964895025e+00,6.662471499522112928e-02,-6.786336112582254111e-07
9.897989798979898168e+00,6.662271569542398131e-02,-6.870332918826842516e-07
9.899489948994899535e+00,6.662071648862773199e-02,-6.949916520234894036e-07
9.900990099009900902e+00,6.661871737497196411e-02,-7.025063583992003075e-07
9.902490249024902269e+00,6.661671835458729540e-02,-7.095752243474277866e-07
9.903990399039903636e+00,6.661471942759533693e-02,-7.161962098248484464e-07
9.905490549054905003e+00,6.661272059410879021e-02,-7.223674214071970515e-07
9.906990699069906370e+00,6.661072185423133618e-02,-7.280871122892741486e-07
9.908490849084907737e+00,6.660872320805771851e-02,-7.333536822849409849e-07
9.909990999099909104e+00,6.660672465567371581e-02,-7.381656778271224718e-07
9.911491149114910471e+00,6.660472619715611386e-02,-7.425217919678059153e-07
9.912991299129911837e+00,6.660272783257276119e-02,-7.464208643780388978e-07
9.914491449144913204e+00,6.660072956198252736e-02,-7.498618813479360546e-07
9.915991599159914571e+00,6.659873138543530302e-02,-7.528439757866697564e-07
9.917491749174917715e+00,6.659673330297201377e-02,-7.553664272224806973e-07
9.918991899189919081e+00,6.659473531462463403e-02,-7.574286618026626485e-07
9.920492049204920448e+00,6.659273742041615929e-02,-7.590302522935798218e-07
9.921992199219921815e+00,6.659073962036063388e-02,-7.601709180806579762e-07
9.923492349234923182e+00,6.658874191446309543e-02,-7.608505251683848417e-07
9.924992499249924549e+00,6.658674430271964428e-02,-7.610690861803088479e-07
9.926492649264925916e+00,6.658474678511742961e-02,-7.608267603590429366e-07
9.927992799279927283e+00,6.658274936163458002e-02,-7.601238535662607494e-07
9.929492949294928650e+00,6.658075203224031458e-02,-7.589608182827008632e-07
9.930993099309930017e+00,6.657875479689484566e-02,-7.573382536081625553e-07
9.932493249324931384e+00,6.657675765554942060e-02,-7.552569052615083437e-07
9.933993399339932751e+00,6.657476060814636332e-02,-7.527176655806627176e-07
9.935493549354934117e+00,6.657276365461896328e-02,-7.497215735226134069e-07
9.936993699369935484e+00,6.657076679489158655e-02,-7.462698146634092656e-07
9.938493849384938628e+00,6.656877002887962025e-02,-7.423637211981606943e-07
9.939993999399939995e+00,6.656677335648950034e-02,-7.380047719410493822e-07
9.941494149414941361e+00,6.656477677761865608e-02,-7.331945923253084008e-07
9.942994299429942728e+00,6.656278029215559333e-02,-7.279349544032404156e-07
9.944494449444944095e+00,6.656078389997981126e-02,-7.222277768462041339e-07
9.945994599459945462e+00,6.655878760096187174e-02,-7.160751249446274329e-07
9.947494749474946829e+00,6.655679139496335772e-02,-7.094792106079971962e-07
9.948994899489948196e+00,6.655479528183688709e-02,-7.024423923648631249e-07
9.950495049504949563e+00,6.655279926142609881e-02,-6.949671753628390085e-07
9.951995199519950930e+00,6.655080333356569455e-02,-6.870562113685989130e-07
9.953495349534952297e+00,6.654880749808135543e-02,-6.787122987678814162e-07
9.954995499549953664e+00,6.654681175478985300e-02,-6.699383825654853723e-07
9.956495649564955031e+00,6.654481610349896603e-02,-6.607375543852758415e-07
9.957995799579958174e+00,6.654282054400748048e-02,-6.511130524701641846e-07
9.959495949594959541e+00,6.654082507610527275e-02,-6.410682616821618493e-07
9.960996099609960908e+00,6.653882969957319871e-02,-6.306067135023100670e-07
9.962496249624962275e+00,6.653683441418317690e-02,-6.197320860307188157e-07
9.963996399639963641e+00,6.653483921969814696e-02,-6.084482039865647030e-07
9.965496549654965008e+00,6.653284411587206959e-02,-5.967590387080858834e-07
9.966996699669966375e+00,6.653084910244996819e-02,-5.846687081525826941e-07
9.968496849684967742e+00,6.652885417916787336e-02,-5.721814768964182897e-07
9.969996999699969109e+00,6.652685934575286453e-02,-5.593017561350167369e-07
9.971497149714970476e+00,6.652486460192304218e-02,-5.460341036828700020e-07
9.972997299729971843e+00,6.652286994738752790e-02,-5.323832239735246108e-07
9.974497449744973210e+00,6.652087538184651982e-02,-5.183539680595935063e-07
9.975997599759974577e+00,6.651888090499119555e-02,-5.039513336127575316e-07
9.977497749774977720e+00,6.651688651650379536e-02,-4.891804649237302777e-07
9.978997899789979087e+00,6.651489221605759450e-02,-4.740466529023533750e-07
9.980498049804980454e+00,6.651289800331688928e-02,-4.585553350774698616e-07
9.981998199819981821e+00,6.651090387793701098e-02,-4.427120955970050748e-07
9.983498349834983188e+00,6.650890983956431191e-02,-4.265226652279490759e-07
9.984998499849984555e+00,6.650691588783620711e-02,-4.099929213563517789e-07
9.986498649864985921e+00,6.650492202238111883e-02,-3.931288879873267625e-07
9.987998799879987288e+00,6.650292824281851811e-02,-3.759367357450485176e-07
9.989498949894988655e+00,6.650093454875888321e-02,-3.584227818727573171e-07
9.990999099909990022e+00,6.649894093980375509e-02,-3.405934902327547694e-07
9.992499249924991389e+00,6.649694741554568189e-02,-3.224554713064014888e-07
9.993999399939992756e+00,6.649495397556826060e-02,-3.040154821941274720e-07
9.995499549954994123e+00,6.649296061944612313e-02,-2.852804266154166394e-07
9.996999699969995490e+00,6.649096734674492248e-02,-2.662573549088216584e-07
9.998499849984998633e+00,6.648897415702134661e-02,-2.469534640319351441e-07
1.000000000000000000e+01,6.648698104982311841e-02,-2.273760975614783861e-07
1.000150015001500137e+01,6.648498802468899571e-02,-2.075327456931632823e-07
1.000300030003000273e+01,6.648299508114877132e-02,-1.874310452417975824e-07
1.000450045004500410e+01,6.648100221872325910e-02,-1.670787796412395718e-07
1.000600060006000547e+01,6.647900943692430786e-02,-1.464838789444188241e-07
1.000750075007500683e+01,6.647701673525481525e-02,-1.256544198233222246e-07
1.000900090009000820e+01,6.647502411320868609e-02,-1.045986255690011705e-07
1.001050105010500957e+01,6.647303157027088794e-02,-8.332486609157072385e-08
1.001200120012001094e+01,6.647103910591738163e-02,-6.184165792020452897e-08
1.001350135013501230e+01,6.646904671961519073e-02,-4.015766420314730659e-08
1.001500150015001367e+01,6.646705441082237376e-02,-1.828169470769431310e-08
1.001650165016501504e+01,6.646506217898801028e-02,3.777294179789177615e-09
1.001800180018001818e+01,6.646307002355220095e-02,2.601019945390133204e-08
1.001950195019501955e+01,6.646107794394609525e-02,4.840777149010147773e-08
1.002100210021002091e+01,6.645908593959187760e-02,7.096061404486341635e-08
1.002250225022502228e+01,6.645709400990276738e-02,9.365918425557462668e-08
1.002400240024002365e+01,6.645510215428299117e-02,1.164937926405578640e-07
1.002550255025502501e+01,6.645311037212782435e-02,1.394546030990747600e-07
1.002700270027002638e+01,6.645111866282359114e-02,1.625316329113226463e-07
1.002850285028502775e+01,6.644912702574762298e-02,1.857147527384362487e-07
1.003000300030002911e+01,6.644713546026828621e-02,2.089936866224898046e-07
1.003150315031503048e+01,6.644514396574500992e-02,2.323580119864974865e-07
1.003300330033003185e+01,6.644315254152821648e-02,2.557971596344036614e-07
1.003450345034503322e+01,6.644116118695937712e-02,2.793004137510907253e-07
1.003600360036003458e+01,6.643916990137099798e-02,3.028569119023922329e-07
1.003750375037503595e+01,6.643717868408662020e-02,3.264556450350583805e-07
1.003900390039003909e+01,6.643518753442080593e-02,3.500854574768199571e-07
1.004050405040504046e+01,6.643319645167915233e-02,3.737350469362587487e-07
1.004200420042004183e+01,6.643120543515831922e-02,3.973929645029742972e-07
1.004350435043504319e+01,6.642921448414594587e-02,4.210476146474729399e-07
1.004500450045004456e+01,6.642722359792073428e-02,4.446872552212062429e-07
1.004650465046504593e+01,6.642523277575243523e-02,4.682999974565599902e-07
1.004800480048004729e+01,6.642324201690179286e-02,4.918738059668595833e-07
1.004950495049504866e+01,6.642125132062061399e-02,5.153964987463582886e-07
1.005100510051005003e+01,6.641926068615174039e-02,5.388557471702600016e-07
1.005250525052505139e+01,6.641727011272900716e-02,5.622390759946988118e-07
1.005400540054005276e+01,6.641527959957732596e-02,5.855338633567429209e-07
1.005550555055505413e+01,6.641328914591261567e-02,6.087273407744117945e-07
1.005700570057005550e+01,6.641129875094185786e-02,6.318065931466452460e-07
1.005850585058505864e+01,6.640930841386301353e-02,6.547585587533624107e-07
1.006000600060006001e+01,6.640731813386512028e-02,6.775700292553249507e-07
1.006150615061506137e+01,6.640532791012823677e-02,7.002276496943241424e-07
1.006300630063006274e+01,6.640333774182347049e-02,7.227179184930544578e-07
1.006450645064506411e+01,6.640134762811290836e-02,7.450271874551548565e-07
1.006600660066006547e+01,6.639935756814974166e-02,7.671416617651991512e-07
1.006750675067506684e+01,6.639736756107812721e-02,7.890473999886892313e-07
1.006900690069006821e+01,6.639537760603329841e-02,8.107303140720813211e-07
1.007050705070506957e+01,6.639338770214150975e-02,8.321761693427585567e-07
1.007200720072007094e+01,6.639139784852005066e-02,8.533705845090410447e-07
1.007350735073507231e+01,6.638940804427723164e-02,8.742990316601895684e-07
1.007500750075007367e+01,6.638741828851239812e-02,8.949468362663981756e-07
1.007650765076507504e+01,6.638542858031595828e-02,9.152991771788133430e-07
1.007800780078007818e+01,6.638343891876928582e-02,9.353410866295165062e-07
1.007950795079507955e+01,6.638144930294487267e-02,9.550574502314822375e-07
1.008100810081008092e+01,6.637945973190616245e-02,9.744330069786716311e-07
1.008250825082508229e+01,6.637747020470768922e-02,9.934523492459751283e-07
1.008400840084008365e+01,6.637548072039500813e-02,1.012099922789211459e-06
1.008550855085508502e+01,6.637349127800466764e-02,1.030360026745149030e-06
1.008700870087008639e+01,6.637150187656430667e-02,1.048216813631475217e-06
1.008850885088508775e+01,6.636951251509254357e-02,1.065654289346833215e-06
1.009000900090008912e+01,6.636752319259908717e-02,1.082656313170784130e-06
1.009150915091509049e+01,6.636553390808461184e-02,1.099206597763845945e-06
1.009300930093009185e+01,6.636354466054088241e-02,1.115288709167468530e-06
1.009450945094509322e+01,6.636155544895065705e-02,1.130886066804029833e-06
1.009600960096009459e+01,6.635956627228774274e-02,1.145981943476847523e-06
1.009750975097509595e+01,6.635757712951699527e-02,1.160559465370191279e-06
1.009900990099009910e+01,6.635558801959426378e-02,1.174601612049271768e-06
1.010051005100510046e+01,6.635359894146647397e-02,1.188091216460188775e-06
1.010201020102010183e+01,6.635160989407154486e-02,1.201010964930030723e-06
1.010351035103510320e+01,6.634962087633845818e-02,1.213343397166806700e-06
1.010501050105010457e+01,6.634763188718720284e-02,1.225070906259461917e-06
1.010651065106510593e+01,6.634564292552883047e-02,1.236175738677891685e-06
1.010801080108010730e+01,6.634365399026538601e-02,1.246639994272904992e-06
1.010951095109510867e+01,6.634166508028997711e-02,1.256445626276260292e-06
1.011101110111011003e+01,6.633967619448674635e-02,1.265574441300665077e-06
1.011251125112511140e+01,6.633768733173084353e-02,1.274008099339745600e-06
1.011401140114011277e+01,6.633569849088846726e-02,1.281728113768081179e-06
1.011551155115511413e+01,6.633370967081685110e-02,1.288715851341176029e-06
1.011701170117011550e+01,6.633172087036426356e-02,1.294952532195470069e-06
1.011851185118511864e+01,6.632973208836999424e-02,1.300419229848362845e-06
1.012001200120012001e+01,6.632774332366436765e-02,1.305096871198164190e-06
1.012151215121512138e+01,6.632575457506874328e-02,1.308966236524128323e-06
1.012301230123012274e+01,6.632376584139550169e-02,1.312007959486467818e-06
1.012451245124512411e+01,6.632177712144810000e-02,1.314202527126302787e-06
1.012601260126012548e+01,6.631978841402096092e-02,1.315530279865712123e-06
1.012751275127512685e+01,6.631779971789959760e-02,1.315971411507702794e-06
1.012901290129012821e+01,6.631581103186051651e-02,1.315505969236227001e-06
1.013051305130512958e+01,6.631382235467128683e-02,1.314113853616153160e-06
1.013201320132013095e+01,6.631183368509048492e-02,1.311774818593322234e-06
1.013351335133513231e+01,6.630984502186773599e-02,1.308468471494480181e-06
1.013501350135013368e+01,6.630785636374370018e-02,1.304174273027320518e-06
1.013651365136513505e+01,6.630586770945004482e-02,1.298871537280494061e-06
1.013801380138013819e+01,6.630387905770949997e-02,1.292539431723547090e-06
1.013951395139513956e+01,6.630189040723580285e-02,1.285156977207009658e-06
1.014101410141014092e+01,6.629990175673376729e-02,1.276703047962321681e-06
1.014251425142514229e+01,6.629791310489917266e-02,1.267156371601861528e-06
1.014401440144014366e+01,6.629592445041888882e-02,1.256495529118958514e-06
1.014551455145514502e+01,6.629393579197077890e-02,1.244698954887860080e-06
1.014701470147014639e+01,6.629194712822378266e-02,1.231744936663781342e-06
1.014851485148514776e+01,6.628995845783781926e-02,1.217611615582834786e-06
1.015001500150014913e+01,6.628796979831651226e-02,1.202583348480552371e-06
1.015151515151515049e+01,6.628598118267949035e-02,1.187196813245601038e-06
1.015301530153015186e+01,6.628399261232720274e-02,1.171474997080869374e-06
1.015451545154515323e+01,6.628200408804069133e-02,1.155430821700788557e-06
1.015601560156015459e+01,6.628001561059362889e-02,1.139077087136548303e-06
1.015751575157515596e+01,6.627802718075229138e-02,1.122426471736098349e-06
1.015901590159015910e+01,6.627603879927558561e-02,1.105491532164126219e-06
1.016051605160516047e+01,6.627405046691503543e-02,1.088284703402139812e-06
1.016201620162016184e+01,6.627206218441475394e-02,1.070818298748345214e-06
1.016351635163516320e+01,6.627007395251149902e-02,1.053104509817728014e-06
1.016501650165016457e+01,6.626808577193464556e-02,1.035155406542032977e-06
1.016651665166516594e+01,6.626609764340614384e-02,1.016982937169763407e-06
1.016801680168016730e+01,6.626410956764063054e-02,9.985989282661819938e-07
1.016951695169516867e+01,6.626212154534527610e-02,9.800150847133103915e-07
1.017101710171017004e+01,6.626013357721993735e-02,9.612429897099296401e-07
1.017251725172517141e+01,6.625814566395704652e-02,9.422941047715794248e-07
1.017401740174017277e+01,6.625615780624166673e-02,9.231797697305585001e-07
1.017551755175517414e+01,6.625417000475146423e-02,9.039112027359252185e-07
1.017701770177017551e+01,6.625218226015675005e-02,8.844995002534962603e-07
1.017851785178517865e+01,6.625019457312042448e-02,8.649556370658249285e-07
1.018001800180018002e+01,6.624820694429799095e-02,8.452904662722922045e-07
1.018151815181518138e+01,6.624621937433762542e-02,8.255147192889697406e-07
1.018301830183018275e+01,6.624423186388006535e-02,8.056390058487105988e-07
1.018451845184518412e+01,6.624224441355867909e-02,7.856738140011271214e-07
1.018601860186018548e+01,6.624025702399945204e-02,7.656295101125910374e-07
1.018751875187518685e+01,6.623826969582101432e-02,7.455163388662325094e-07
1.018901890189018822e+01,6.623628242963454371e-02,7.253444232619414043e-07
1.019051905190518958e+01,6.623429522604391828e-02,7.051237646163662342e-07
1.019201920192019095e+01,6.623230808564556371e-02,6.848642425629147919e-07
1.019351935193519232e+01,6.623032100902855046e-02,6.645756150517537273e-07
1.019501950195019369e+01,6.622833399677457988e-02,6.442675183498089711e-07
1.019651965196519505e+01,6.622634704945792872e-02,6.239494670407655228e-07
1.019801980198019820e+01,6.622436016764553235e-02,6.036308540250432044e-07
1.019951995199519956e+01,6.622237335189691543e-02,5.833209505198932223e-07
1.020102010201020093e+01,6.622038660276421962e-02,5.630289060592533247e-07
1.020252025202520230e+01,6.621839992079223136e-02,5.427637484938455278e-07
1.020402040204020366e+01,6.621641330651829860e-02,5.225343839911492227e-07
1.020552055205520503e+01,6.621442676047244180e-02,5.023495970354042457e-07
1.020702070207020640e+01,6.621244028317725683e-02,4.822180504276085493e-07
1.020852085208520776e+01,6.621045387514798430e-02,4.621482852855198958e-07
1.021002100210020913e+01,6.620846753689246800e-02,4.421487210436550106e-07
1.021152115211521050e+01,6.620648126891116869e-02,4.222276554532887353e-07
1.021302130213021186e+01,6.620449507169715031e-02,4.023932645824563566e-07
1.021452145214521323e+01,6.620250894573610767e-02,3.826536028159513830e-07
1.021602160216021460e+01,6.620052289150636649e-02,3.630166028553267097e-07
1.021752175217521597e+01,6.619853690947882785e-02,3.434900757188941948e-07
1.021902190219021911e+01,6.619655100011705151e-02,3.240817107417015780e-07
1.022052205220522048e+01,6.619456516387718648e-02,3.047990755756251242e-07
1.022202220222022184e+01,6.619257940120799877e-02,2.856496161892304991e-07
1.022352235223522321e+01,6.619059371255088531e-02,2.666406568678661541e-07
1.022502250225022458e+01,6.618860809833984615e-02,2.477794002136392917e-07
1.022652265226522594e+01,6.618662255900149838e-02,2.290729271454156542e-07
1.022802280228022731e+01,6.618463709495508995e-02,2.105281968988208995e-07
1.022952295229522868e+01,6.618265170661245811e-02,1.921520470262396488e-07
1.023102310231023004e+01,6.618066639437808485e-02,1.739511933968150626e-07
1.023252325232523141e+01,6.617868115864905532e-02,1.559322301964494763e-07
1.023402340234023278e+01,6.617669599981504391e-02,1.381016299278050353e-07
1.023552355235523414e+01,6.617471091825839757e-02,1.204657434103017892e-07
1.023702370237023551e+01,6.617272591435403861e-02,1.030307997801200212e-07
1.023852385238523865e+01,6.617074098846950636e-02,8.580290649017780172e-08
1.024002400240024002e+01,6.616875614096497105e-02,6.878804931021378577e-08
1.024152415241524139e+01,6.616677137219323379e-02,5.199209232666418154e-08
1.024302430243024276e+01,6.616478668249965722e-02,3.542077794274575956e-08
1.024452445244524412e+01,6.616280207222226262e-02,1.907972687843277108e-08
1.024602460246024549e+01,6.616081754169168827e-02,2.974438170460124421e-09
1.024752475247524686e+01,6.615883309123118949e-02,-1.288971082767936787e-08
1.024902490249024822e+01,6.615684872115659698e-02,-2.850746444573435374e-08
1.025052505250524959e+01,6.615486443177640008e-02,-4.387368869669197703e-08
1.025202520252025096e+01,6.615288022339170515e-02,-5.898337127678317142e-08
1.025352535253525232e+01,6.615089609629620782e-02,-7.383162156547757822e-08
1.025502550255025369e+01,6.614891205077622072e-02,-8.841367062548735804e-08
1.025652565256525506e+01,6.614692808711070127e-02,-1.027248712027642262e-07
1.025802580258025820e+01,6.614494420557121002e-02,-1.167606977265187226e-07
1.025952595259525957e+01,6.614296040642191066e-02,-1.305167463091511787e-07
1.026102610261026093e+01,6.614097668991958390e-02,-1.439887347463539968e-07
1.026252625262526230e+01,6.613899305631364134e-02,-1.571725025170436752e-07
1.026402640264026367e+01,6.613700950584611160e-02,-1.700640107833764790e-07
1.026552655265526504e+01,6.613502603875162644e-02,-1.826593423907509805e-07
1.026702670267026640e+01,6.613304265525743464e-02,-1.949547018678061540e-07
1.026852685268526777e+01,6.613105935558340198e-02,-2.069464154264215871e-07
1.027002700270026914e+01,6.612907613994202516e-02,-2.186309309617181163e-07
1.027152715271527050e+01,6.612709300853839012e-02,-2.300048180520580382e-07
1.027302730273027187e+01,6.612510996157022758e-02,-2.410647679590432046e-07
1.027452745274527324e+01,6.612312699922785753e-02,-2.518075936275177746e-07
1.027602760276027460e+01,6.612114412169423083e-02,-2.622302296855663088e-07
1.027752775277527597e+01,6.611916132914491540e-02,-2.723297324445139816e-07
1.027902790279027911e+01,6.611717862174809612e-02,-2.821032798989390745e-07
1.028052805280528048e+01,6.611519599966457494e-02,-2.915481717266253305e-07
1.028202820282028185e+01,6.611321346304774305e-02,-3.006618292886331051e-07
1.028352835283528321e+01,6.611123101204363639e-02,-3.094417956292512970e-07
1.028502850285028458e+01,6.610924864679092183e-02,-3.178857354760109005e-07
1.028652865286528595e+01,6.610726636742082774e-02,-3.259914352396809826e-07
1.028802880288028732e+01,6.610528417405724111e-02,-3.337568030142756705e-07
1.028952895289528868e+01,6.610330206681667986e-02,-3.411798685770477990e-07
1.029102910291029005e+01,6.610132004580820952e-02,-3.482587833884897576e-07
1.029252925292529142e+01,6.609933811113359592e-02,-3.549918205923373023e-07
1.029402940294029278e+01,6.609735626288715249e-02,-3.613773750155663788e-07
1.029552955295529415e+01,6.609537450115583745e-02,-3.674139631683935464e-07
1.029702970297029552e+01,6.609339282601923993e-02,-3.731002232442764015e-07
1.029852985298529866e+01,6.609141123754953828e-02,-3.784349151199190828e-07
1.030003000300030003e+01,6.608942973581152791e-02,-3.834169203552494023e-07
1.030153015301530139e+01,6.608744832086264898e-02,-3.880452421934531494e-07
1.030303030303030276e+01,6.608546699275293090e-02,-3.923190055609524917e-07
1.030453045304530413e+01,6.608348575152502014e-02,-3.962374570674097868e-07
1.030603060306030549e+01,6.608150459721419401e-02,-3.997999650057275826e-07
1.030753075307530686e+01,6.607952352984833300e-02,-4.030060193520509458e-07
1.030903090309030823e+01,6.607754254944793459e-02,-4.058552317657644980e-07
1.031053105310530960e+01,6.607556165602611331e-02,-4.083473355894936860e-07
1.031203120312031096e+01,6.607358084958862843e-02,-4.104821858491062642e-07
1.031353135313531233e+01,6.607160013013378685e-02,-4.122597592537095416e-07
1.031503150315031370e+01,6.606961949765258191e-02,-4.136801541956529230e-07
1.031653165316531506e+01,6.606763895212859616e-02,-4.147435907505255797e-07
1.031803180318031821e+01,6.606565849353800146e-02,-4.154504106771596256e-07
1.031953195319531957e+01,6.606367812184964217e-02,-4.158010774176246119e-07
1.032103210321032094e+01,6.606169783702492415e-02,-4.157961760972336678e-07
1.032253225322532231e+01,6.605971763901789806e-02,-4.154364135245407477e-07
1.032403240324032367e+01,6.605773752777523156e-02,-4.147226181913404196e-07
1.032553255325532504e+01,6.605575750323619544e-02,-4.136557402726676530e-07
1.032703270327032641e+01,6.605377756533267752e-02,-4.122368516267986664e-07
1.032853285328532777e+01,6.605179771398919653e-02,-4.104671457952511385e-07
1.033003300330032914e+01,6.604981794912287429e-02,-4.083479380027835735e-07
1.033153315331533051e+01,6.604783827064346358e-02,-4.058806651573936066e-07
1.033303330333033188e+01,6.604585867845329250e-02,-4.030668858503226628e-07
1.033453345334533324e+01,6.604387917244736173e-02,-3.999082803560504515e-07
1.033603360336033461e+01,6.604189975251324729e-02,-3.964066506323000481e-07
1.033753375337533598e+01,6.603992041853114225e-02,-3.925639203200334475e-07
1.033903390339033912e+01,6.603794117037389833e-02,-3.883821347434513524e-07
1.034053405340534049e+01,6.603596200790692872e-02,-3.838634609100048196e-07
1.034203420342034185e+01,6.603398293098829142e-02,-3.790101875103768375e-07
1.034353435343534322e+01,6.603200393946866142e-02,-3.738247249184933371e-07
1.034503450345034459e+01,6.603002503319131689e-02,-3.683096051915227690e-07
1.034653465346534595e+01,6.602804621199216684e-02,-3.624674820698722910e-07
1.034803480348034732e+01,6.602606747569970957e-02,-3.563011309771926394e-07
1.034953495349534869e+01,6.602408882413510205e-02,-3.498134490203724109e-07
1.035103510351035005e+01,6.602211025711209047e-02,-3.430074549895444156e-07
1.035253525352535142e+01,6.602013177443701031e-02,-3.358862893580793241e-07
1.035403540354035279e+01,6.601815337590888344e-02,-3.284532142825915971e-07
1.035553555355535416e+01,6.601617506131927937e-02,-3.207116136029350380e-07
1.035703570357035552e+01,6.601419683045242626e-02,-3.126649928422042755e-07
1.035853585358535867e+01,6.601221868308514151e-02,-3.043169792067248108e-07
1.036003600360036003e+01,6.601024061898687345e-02,-2.956713215860940990e-07
1.036153615361536140e+01,6.600826263791968740e-02,-2.867318905531186564e-07
1.036303630363036277e+01,6.600628473963826570e-02,-2.775026783638591656e-07
1.036453645364536413e+01,6.600430692388989384e-02,-2.679877989576131108e-07
1.036603660366036550e+01,6.600232919041447432e-02,-2.581914879569228249e-07
1.036753675367536687e+01,6.600035153894454054e-02,-2.481181026675682897e-07
1.036903690369036823e+01,6.599837396920522903e-02,-2.377721220785739119e-07
1.037053705370536960e+01,6.599639648091430721e-02,-2.271581468622015357e-07
1.037203720372037097e+01,6.599441907378213179e-02,-2.162808993739565829e-07
1.037353735373537233e+01,6.599244174751171810e-02,-2.051452236525829717e-07
1.037503750375037370e+01,6.599046450179864298e-02,-1.937560854200673508e-07
1.037653765376537507e+01,6.598848733633114194e-02,-1.821185720816361358e-07
1.037803780378037821e+01,6.598651025079003973e-02,-1.702378927257451323e-07
1.037953795379537958e+01,6.598453324484881977e-02,-1.581193781241297231e-07
1.038103810381038095e+01,6.598255631817351308e-02,-1.457684807317269406e-07
1.038253825382538231e+01,6.598057947042283711e-02,-1.331907746867256543e-07
1.038403840384038368e+01,6.597860270124807081e-02,-1.203919558105593703e-07
1.038553855385538505e+01,6.597662601029313789e-02,-1.073778416079019964e-07
1.038703870387038641e+01,6.597464939719457910e-02,-9.415437126666381876e-08
1.038853885388538778e+01,6.597267286158153832e-02,-8.072760565800103104e-08
1.039003900390038915e+01,6.597069640307577643e-02,-6.710372733630938148e-08
1.039153915391539051e+01,6.596872002129167134e-02,-5.328904053922565533e-08
1.039303930393039188e+01,6.596674371583624574e-02,-3.928997118762576898e-08
1.039453945394539325e+01,6.596476748630908382e-02,-2.511306688562964046e-08
1.039603960396039462e+01,6.596279133230242842e-02,-1.076499692059758948e-08
1.039753975397539598e+01,6.596081525340111162e-02,3.747447736874744744e-09
1.039903990399039913e+01,6.595883924918261032e-02,1.841735443296063863e-08
1.040054005400540049e+01,6.595686331921700452e-02,3.323768883054172139e-08
1.040204020402040186e+01,6.595488746306697736e-02,4.820129490931618352e-08
1.040354035403540323e+01,6.595291168028784290e-02,6.330089496571809686e-08
1.040504050405040459e+01,6.595093597042751832e-02,7.852908961294282562e-08
1.040654065406540596e+01,6.594896033302656557e-02,9.387835778094490877e-08
1.040804080408040733e+01,6.594698476761810813e-02,1.093410567164361543e-07
1.040954095409540869e+01,6.594500927372795585e-02,1.249094219828905094e-07
1.041104110411041006e+01,6.594303385087448011e-02,1.405755674605396140e-07
1.041254125412541143e+01,6.594105849856868318e-02,1.563314853463725885e-07
1.041404140414041279e+01,6.593908321631418434e-02,1.721690461541398457e-07
1.041554155415541416e+01,6.593710800360723379e-02,1.880799987143505499e-07
1.041704170417041553e+01,6.593513285993667095e-02,2.040559701742702870e-07
1.041854185418541867e+01,6.593315778478398004e-02,2.200884659979492288e-07
1.042004200420042004e+01,6.593118277762324841e-02,2.361688699661293828e-07
1.042154215421542141e+01,6.592920783792115269e-02,2.522884441763801173e-07
1.042304230423042277e+01,6.592723296513704201e-02,2.684383290429994823e-07
1.042454245424542414e+01,6.592525815872282702e-02,2.846095432970569845e-07
1.042604260426042551e+01,6.592328341812306314e-02,3.007929839863710351e-07
1.042754275427542687e+01,6.592130874277490893e-02,3.169794264755237730e-07
1.042904290429042824e+01,6.591933413210816772e-02,3.331595244458554528e-07
1.043054305430542961e+01,6.591735958554521824e-02,3.493238098954645513e-07
1.043204320432043097e+01,6.591538510250108396e-02,3.654626931392116844e-07
1.043354335433543234e+01,6.591341068238337764e-02,3.815664628087094431e-07
1.043504350435043371e+01,6.591143632459237067e-02,3.976252858523384872e-07
1.043654365436543507e+01,6.590946202852090985e-02,4.136292075352346276e-07
1.043804380438043822e+01,6.590748779355445897e-02,4.295681514393089437e-07
1.043954395439543958e+01,6.590551361907114047e-02,4.454319194631782208e-07
1.044104410441044095e+01,6.590353950444165221e-02,4.612101918222754877e-07
1.044254425442544232e+01,6.590156544902930902e-02,4.768925270487705017e-07
1.044404440444044369e+01,6.589959145219005665e-02,4.924683619915970651e-07
1.044554455445544505e+01,6.589761751327247175e-02,5.079270118164395792e-07
1.044704470447044642e+01,6.589564363161770633e-02,5.232576700057542192e-07
1.044854485448544779e+01,6.589366980655955719e-02,5.384494083587447945e-07
1.045004500450044915e+01,6.589169603742442427e-02,5.534911769913808538e-07
1.045154515451545052e+01,6.588972232353133840e-02,5.683718043363850855e-07
1.045304530453045189e+01,6.588774866419193355e-02,5.830799971432461288e-07
1.045454545454545325e+01,6.588577505871046069e-02,5.976043404782048099e-07
1.045604560456045462e+01,6.588380150638380173e-02,6.119332977242682235e-07
1.045754575457545599e+01,6.588182800650142779e-02,6.260552105811986158e-07
1.045904590459045913e+01,6.587985455834544091e-02,6.399582990655323367e-07
1.046054605460546050e+01,6.587788116119057402e-02,6.536306615105172652e-07
1.046204620462046186e+01,6.587590781430413545e-02,6.670602745662083125e-07
1.046354635463546323e+01,6.587393451694610602e-02,6.802349931994086591e-07
1.046504650465046460e+01,6.587196126836902810e-02,6.931425506936707074e-07
1.046654665466546597e+01,6.586998806781808879e-02,7.057705586493170463e-07
1.046804680468046733e+01,6.586801491453107837e-02,7.181065069834185337e-07
1.046954695469546870e+01,6.586604180773843187e-02,7.301377639298130374e-07
1.047104710471047007e+01,6.586406874666317357e-02,7.418515760390932589e-07
1.047254725472547143e+01,6.586209573052093091e-02,7.532350681786157333e-07
1.047404740474047280e+01,6.586012275851997610e-02,7.642752435324889705e-07
1.047554755475547417e+01,6.585814982986119837e-02,7.749589836015825612e-07
1.047704770477047553e+01,6.585617694373807618e-02,7.852730482035301411e-07
1.047854785478547868e+01,6.585420409933671892e-02,7.952040754727314029e-07
1.048004800480048004e+01,6.585223129583586688e-02,8.047385818603188502e-07
1.048154815481548141e+01,6.585025853240684957e-02,8.138629621341988786e-07
1.048304830483048278e+01,6.584828580821362742e-02,8.225634893790482817e-07
1.048454845484548414e+01,6.584631312241277790e-02,8.308263149962851341e-07
1.048604860486048551e+01,6.584434047415349545e-02,8.386374687040984379e-07
1.048754875487548688e+01,6.584236786257756380e-02,8.459828585374342525e-07
1.048904890489048825e+01,6.584039528681942532e-02,8.528482708479937884e-07
1.049054905490548961e+01,6.583842274600612554e-02,8.592193703042374311e-07
1.049204920492049098e+01,6.583645023925728534e-02,8.650816998913837878e-07
1.049354935493549235e+01,6.583447776568521204e-02,8.704206809114201698e-07
1.049504950495049371e+01,6.583250532439476055e-02,8.752216129830788752e-07
1.049654965496549508e+01,6.583053291448344446e-02,8.794696740418613295e-07
1.049804980498049822e+01,6.582856053504139437e-02,8.831499203400283449e-07
1.049954995499549959e+01,6.582658818515133015e-02,8.862472864465903790e-07
1.050105010501050096e+01,6.582461586388860253e-02,8.887465852473218291e-07
1.050255025502550232e+01,6.582264357032117930e-02,8.906325079447633608e-07
1.050405040504050369e+01,6.582067130350964523e-02,8.918896240582048620e-07
1.050555055505550506e+01,6.581869906250720215e-02,8.925023814236966659e-07
1.050705070507050642e+01,6.581672684635964110e-02,8.924551061940539981e-07
1.050855085508550779e+01,6.581475465410542569e-02,8.917320028388479765e-07
1.051005100510050916e+01,6.581278248477558102e-02,8.903171541444103762e-07
1.051155115511551053e+01,6.581081033739376307e-02,8.881945212138226179e-07
1.051305130513051189e+01,6.580883821097627262e-02,8.853479434669389555e-07
1.051455145514551326e+01,6.580686610453198582e-02,8.817611386403645591e-07
1.051605160516051463e+01,6.580489401706242358e-02,8.774177027874688558e-07
1.051755175517551599e+01,6.580292194756169610e-02,8.723011102783713419e-07
1.051905190519051914e+01,6.580094989501655833e-02,8.663947137999486767e-07
1.052055205520552050e+01,6.579897785840636837e-02,8.596817443558652816e-07
1.052205220522052187e+01,6.579700583670310132e-02,8.521453112665123538e-07
1.052355235523552324e+01,6.579503382887134932e-02,8.437684021690490534e-07
1.052505250525052460e+01,6.579306183386829376e-02,8.345338830173984796e-07
1.052655265526552597e+01,6.579108985288846523e-02,8.244612401063230799e-07
1.052805280528052734e+01,6.578911791199702763e-02,8.139771368355710303e-07
1.052955295529552870e+01,6.578714601939930628e-02,8.032160561436066031e-07
1.053105310531053007e+01,6.578517417569199055e-02,7.921879554607985709e-07
1.053255325532553144e+01,6.578320238146627419e-02,7.809027008502601014e-07
1.053405340534053281e+01,6.578123063730785536e-02,7.693700670078492870e-07
1.053555355535553417e+01,6.577925894379692273e-02,7.575997372621686151e-07
1.053705370537053554e+01,6.577728730150815550e-02,7.456013035745650744e-07
1.053855385538553868e+01,6.577531571101075114e-02,7.333842665391158608e-07
1.054005400540054005e+01,6.577334417286839763e-02,7.209580353826860817e-07
1.054155415541554142e+01,6.577137268763925959e-02,7.083319279648423587e-07
1.054305430543054278e+01,6.576940125587604768e-02,6.955151707779101081e-07
1.054455445544554415e+01,6.576742987812592145e-02,6.825168989469593532e-07
1.054605460546054552e+01,6.576545855493057258e-02,6.693461562298047242e-07
1.054755475547554688e+01,6.576348728682618328e-02,6.560118950170055640e-07
1.054905490549054825e+01,6.576151607434342627e-02,6.425229763318656108e-07
1.055055505550554962e+01,6.575954491800746482e-02,6.288881698304333156e-07
1.055205520552055098e+01,6.575757381833799431e-02,6.151161538015016305e-07
1.055355535553555235e+01,6.575560277584918678e-02,6.012155151666083261e-07
1.055505550555055372e+01,6.575363179104970479e-02,5.871947494800353567e-07
1.055655565556555509e+01,6.575166086444272917e-02,5.730622609288094951e-07
1.055805580558055823e+01,6.574968999652591739e-02,5.588263623326854980e-07
1.055955595559555960e+01,6.574771918779144519e-02,5.444952751442129159e-07
1.056105610561056096e+01,6.574574843872599272e-02,5.300771294486354017e-07
1.056255625562556233e+01,6.574377774981070288e-02,5.155799639639580501e-07
1.056405640564056370e+01,6.574180712152125072e-02,5.010117260409308806e-07
1.056555655565556506e+01,6.573983655432778794e-02,4.863802716630480956e-07
1.056705670567056643e+01,6.573786604869499839e-02,4.716933654465484520e-07
1.056855685568556780e+01,6.573589560508202867e-02,4.569586806404157369e-07
1.057005700570056916e+01,6.573392522394254367e-02,4.421837991263778679e-07
1.057155715571557053e+01,6.573195490572468491e-02,4.273762114189076343e-07
1.057305730573057190e+01,6.572998465087113995e-02,4.125433166652222205e-07
1.057455745574557326e+01,6.572801445981903135e-02,3.976924226452836297e-07
1.057605760576057463e+01,6.572604433300002769e-02,3.828307457717983130e-07
1.057755775577557600e+01,6.572407427084027420e-02,3.679654110902174346e-07
1.057905790579057914e+01,6.572210427376043440e-02,3.531034522787187131e-07
1.058055805580558051e+01,6.572013434217566230e-02,3.382518116482780489e-07
1.058205820582058188e+01,6.571816447649557469e-02,3.234173401425621626e-07
1.058355835583558324e+01,6.571619467712434826e-02,3.086067973380010696e-07
1.058505850585058461e+01,6.571422494446062246e-02,2.938268514437684392e-07
1.058655865586558598e+01,6.571225527889752727e-02,2.790840793017828654e-07
1.058805880588058734e+01,6.571028568082272481e-02,2.643849663867076548e-07
1.058955895589558871e+01,6.570831615061835385e-02,2.497359068059507212e-07
1.059105910591059008e+01,6.570634668866104366e-02,2.351432032996642675e-07
1.059255925592559144e+01,6.570437729532192794e-02,2.206130672407451036e-07
1.059405940594059281e+01,6.570240797096667251e-02,2.061516186348354934e-07
1.059555955595559418e+01,6.570043871595537821e-02,1.917648861203209312e-07
1.059705970597059554e+01,6.569846953064270578e-02,1.774588069683324713e-07
1.059855985598559869e+01,6.569650041537777874e-02,1.632392270827285165e-07
1.060006000600060005e+01,6.569453137050422498e-02,1.491119010001625810e-07
1.060156015601560142e+01,6.569256239636019068e-02,1.350824918899827050e-07
1.060306030603060279e+01,6.569059349327829866e-02,1.211565715542980528e-07
1.060456045604560416e+01,6.568862466158566227e-02,1.073396204279615486e-07
1.060606060606060552e+01,6.568665590160392698e-02,9.363702757857231190e-08
1.060756075607560689e+01,6.568468721364920104e-02,8.005409070647301007e-08
1.060906090609060826e+01,6.568271859803212487e-02,6.659601614475112931e-08
1.061056105610560962e+01,6.568075005505781550e-02,5.326791885923844513e-08
1.061206120612061099e+01,6.567878158502589436e-02,4.007482244851218696e-08
1.061356135613561236e+01,6.567681318823048731e-02,2.702165914389313241e-08
1.061506150615061372e+01,6.567484486496019680e-02,1.411326980944730127e-08
1.061656165616561509e+01,6.567287661549814359e-02,1.354403941985426174e-09
1.061806180618061823e+01,6.567090844012195283e-02,-1.125028032895239992e-08
1.061956195619561960e+01,6.566894033910374018e-02,-2.369621624103721964e-08
1.062106210621062097e+01,6.566697231271012569e-02,-3.597892839923930265e-08
1.062256225622562233e+01,6.566500436120219220e-02,-4.809403277576980621e-08
1.062406240624062370e+01,6.566303648483558242e-02,-6.003723671009559831e-08
1.062556255625562507e+01,6.566106868386038797e-02,-7.180433890893862234e-08
1.062706270627062644e+01,6.565910095852121875e-02,-8.339122944627610891e-08
1.062856285628562780e+01,6.565713330905717515e-02,-9.479388976334110519e-08
1.063006300630062917e+01,6.565516573570187586e-02,-1.060083926686218397e-07
1.063156315631563054e+01,6.565319823868343008e-02,-1.170309023378617221e-07
1.063306330633063190e+01,6.565123081822440976e-02,-1.278576743140598730e-07
1.063456345634563327e+01,6.564926347454194677e-02,-1.384850555074708059e-07
1.063606360636063464e+01,6.564729620784763575e-02,-1.489094841956040039e-07
1.063756375637563600e+01,6.564532901834756184e-02,-1.591274900232254020e-07
1.063906390639063915e+01,6.564336190624232847e-02,-1.691356940023676573e-07
1.064056405640564051e+01,6.564139487172702958e-02,-1.789308085122818680e-07
1.064206420642064188e+01,6.563942791499126350e-02,-1.885096372995125363e-07
1.064356435643564325e+01,6.563746103621913297e-02,-1.978690754778458987e-07
1.064506450645064461e+01,6.563549423558921736e-02,-2.070061095283247497e-07
1.064656465646564598e+01,6.563352751327460044e-02,-2.159178172992469591e-07
1.064806480648064735e+01,6.563156086944288425e-02,-2.246013680061654722e-07
1.064956495649564872e+01,6.562959430425614749e-02,-2.330540222318883096e-07
1.065106510651065008e+01,6.562762781787098709e-02,-2.412731319264802616e-07
1.065256525652565145e+01,6.562566141043847667e-02,-2.492561404072599231e-07
1.065406540654065282e+01,6.562369508210422198e-02,-2.570005823588024471e-07
1.065556555655565418e+01,6.562172883300826376e-02,-2.645040838329378498e-07
1.065706570657065555e+01,6.561976266328523044e-02,-2.717643622487518585e-07
1.065856585658565869e+01,6.561779657306415769e-02,-2.787792263925935344e-07
1.066006600660066006e+01,6.561583056246865497e-02,-2.855465764180428736e-07
1.066156615661566143e+01,6.561386463161679450e-02,-2.920644038459597234e-07
1.066306630663066279e+01,6.561189878062115288e-02,-2.983307915644520185e-07
1.066456645664566416e+01,6.560993300958878338e-02,-3.043439138288810750e-07
1.066606660666066553e+01,6.560796731862128528e-02,-3.101020362618660371e-07
1.066756675667566689e+01,6.560600170781470675e-02,-3.156035158532802777e-07
1.066906690669066826e+01,6.560403617725964198e-02,-3.208468009602520331e-07
1.067056705670566963e+01,6.560207072704114795e-02,-3.258304313071663092e-07
1.067206720672067100e+01,6.560010535723878600e-02,-3.305530379856623404e-07
1.067356735673567236e+01,6.559814006792663577e-02,-3.350133434546348598e-07
1.067506750675067373e+01,6.559617485917323965e-02,-3.392101615402347349e-07
1.067656765676567510e+01,6.559420973104168606e-02,-3.431423974358681204e-07
1.067806780678067824e+01,6.559224468358952620e-02,-3.468090477022002698e-07
1.067956795679567961e+01,6.559027971686882952e-02,-3.502092002671390181e-07
1.068106810681068097e+01,6.558831483092614212e-02,-3.533420344258612521e-07
1.068256825682568234e+01,6.558635002580252837e-02,-3.562068208407940634e-07
1.068406840684068371e+01,6.558438530153355706e-02,-3.588029215416204660e-07
1.068556855685568507e+01,6.558242065814925970e-02,-3.611297899252796083e-07
1.068706870687068644e+01,6.558045609567419998e-02,-3.631869707559640199e-07
1.068856885688568781e+01,6.557849161412743211e-02,-3.649741001651238470e-07
1.069006900690068917e+01,6.557652721352251468e-02,-3.664909056514628290e-07
1.069156915691569054e+01,6.557456289386749682e-02,-3.677372060809412629e-07
1.069306930693069191e+01,6.557259865516491815e-02,-3.687129116867755799e-07
1.069456945694569328e+01,6.557063449741182271e-02,-3.694180240694349574e-07
1.069606960696069464e+01,6.556867042059975892e-02,-3.698526361966461893e-07
1.069756975697569601e+01,6.556670642471479349e-02,-3.700169324033911449e-07
1.069906990699069915e+01,6.556474250973744200e-02,-3.699111883919065571e-07
1.070057005700570052e+01,6.556277867564275219e-02,-3.695357712316844462e-07
1.070207020702070189e+01,6.556081492240027619e-02,-3.688911393594731783e-07
1.070357035703570325e+01,6.555885124997404279e-02,-3.679778425792759831e-07
1.070507050705070462e+01,6.555688765832259901e-02,-3.667965220623511659e-07
1.070657065706570599e+01,6.555492414739896856e-02,-3.653479103472133780e-07
1.070807080708070735e+01,6.555296071715070727e-02,-3.636328313396323459e-07
1.070957095709570872e+01,6.555099736751981987e-02,-3.616522003126316013e-07
1.071107110711071009e+01,6.554903409844287099e-02,-3.594070239064922920e-07
1.071257125712571145e+01,6.554707090985086027e-02,-3.568984001287502181e-07
1.071407140714071282e+01,6.554510780166934725e-02,-3.541275183541964668e-07
1.071557155715571419e+01,6.554314477381832649e-02,-3.510956593248767770e-07
1.071707170717071556e+01,6.554118182621236632e-02,-3.478041951500936573e-07
1.071857185718571870e+01,6.553921895876045622e-02,-3.442545893064004566e-07
1.072007200720072007e+01,6.553725617136614556e-02,-3.404483966376174574e-07
1.072157215721572143e+01,6.553529346392744648e-02,-3.363872633548102772e-07
1.072307230723072280e+01,6.553333083633687550e-02,-3.320729270362998202e-07
1.072457245724572417e+01,6.553136828848146744e-02,-3.275072166276671486e-07
1.072607260726072553e+01,6.552940582024271987e-02,-3.226920524417464941e-07
1.072757275727572690e+01,6.552744343149667638e-02,-3.176294461586265283e-07
1.072907290729072827e+01,6.552548112211384335e-02,-3.123215008256535397e-07
1.073057305730572963e+01,6.552351889195923151e-02,-3.067704108574278333e-07
1.073207320732073100e+01,6.552155674089235604e-02,-3.009784620358050011e-07
1.073357335733573237e+01,6.551959466876722260e-02,-2.949480315098969814e-07
1.073507350735073373e+01,6.551763267543235514e-02,-2.886815877960695171e-07
1.073657365736573510e+01,6.551567076073076812e-02,-2.821816907779466031e-07
1.073807380738073824e+01,6.551370892449995265e-02,-2.754509917063956629e-07
1.073957395739573961e+01,6.551174716657191810e-02,-2.684922331995682063e-07
1.074107410741074098e+01,6.550978548677317825e-02,-2.613082492428422314e-07
1.074257425742574235e+01,6.550782388492473740e-02,-2.539019651888637285e-07
1.074407440744074371e+01,6.550586236084209035e-02,-2.462763977575305875e-07
1.074557455745574508e+01,6.550390091433523632e-02,-2.384346550359981027e-07
1.074707470747074645e+01,6.550193954520869277e-02,-2.303799364786757969e-07
1.074857485748574781e+01,6.549997825326145384e-02,-2.221155329072295389e-07
1.075007500750074918e+01,6.549801703828700417e-02,-2.136448265105811200e-07
1.075157515751575055e+01,6.549605590007334666e-02,-2.049712908449055009e-07
1.075307530753075191e+01,6.549409483840297475e-02,-1.960984908336342004e-07
1.075457545754575328e+01,6.549213385305290014e-02,-1.870300827674548711e-07
1.075607560756075465e+01,6.549017294379458343e-02,-1.777698143043113001e-07
1.075757575757575601e+01,6.548821211039404511e-02,-1.683215244693991736e-07
1.075907590759075916e+01,6.548625135261174068e-02,-1.586891436551614178e-07
1.076057605760576052e+01,6.548429067020269945e-02,-1.488766936213301278e-07
1.076207620762076189e+01,6.548233006291637182e-02,-1.388882874948583810e-07
1.076357635763576326e+01,6.548036953049676812e-02,-1.287281297699636472e-07
1.076507650765076463e+01,6.547840907268237531e-02,-1.184005163081231309e-07
1.076657665766576599e+01,6.547644868920614314e-02,-1.079098343380666763e-07
1.076807680768076736e+01,6.547448837979558123e-02,-9.726056245577952105e-08
1.076957695769576873e+01,6.547252814417266198e-02,-8.645727062450197791e-08
1.077107710771077009e+01,6.547056798205387607e-02,-7.550462017473314102e-08
1.077257725772577146e+01,6.546860789315017692e-02,-6.440736380422379178e-08
1.077407740774077283e+01,6.546664787716706402e-02,-5.317034557798116344e-08
1.077557755775577419e+01,6.546468793380448570e-02,-4.179850092826788231e-08
1.077707770777077556e+01,6.546272806275695022e-02,-3.029685665460196776e-08
1.077857785778577870e+01,6.546076826371340085e-02,-1.867053092374423264e-08
1.078007800780078007e+01,6.545880853635731300e-02,-6.924733269750481609e-09
1.078157815781578144e+01,6.545684888036666649e-02,4.935235406107686360e-09
1.078307830783078280e+01,6.545488929541391776e-02,1.690398283528887969e-08
1.078457845784578417e+01,6.545292978116605542e-02,2.897602538200309000e-08
1.078607860786078554e+01,6.545097033728451696e-02,4.114578804319528083e-08
1.078757875787578691e+01,6.544901096342527202e-02,5.340760444855936372e-08
1.078907890789078827e+01,6.544705165923879464e-02,6.575571686053502181e-08
1.079057905790578964e+01,6.544509242437004937e-02,7.818427617430506285e-08
1.079207920792079101e+01,6.544313325845847740e-02,9.068734191779827798e-08
1.079357935793579237e+01,6.544117416113805208e-02,1.032588822516839360e-07
1.079507950795079374e+01,6.543921513203722340e-02,1.158927739693826888e-07
1.079657965796579511e+01,6.543725617077895962e-02,1.285828024970534426e-07
1.079807980798079647e+01,6.543529727698069176e-02,1.413226618936037340e-07
1.079957995799579962e+01,6.543333845025439688e-02,1.541059548506976706e-07
1.080108010801080098e+01,6.543137969020651479e-02,1.669261926927009803e-07
1.080258025802580235e+01,6.542942099643798970e-02,1.797767953767691023e-07
1.080408040804080372e+01,6.542746236854429798e-02,1.926510914927856716e-07
1.080558055805580508e+01,6.542550380611535099e-02,2.055423182633795652e-07
1.080708070807080645e+01,6.542354530873562002e-02,2.184436215439250083e-07
1.080858085808580782e+01,6.542158687598403910e-02,2.313480558225421037e-07
1.081008100810080919e+01,6.541962850743406055e-02,2.442485842200884670e-07
1.081158115811581055e+01,6.541767020265361332e-02,2.571380784901753207e-07
1.081308130813081192e+01,6.541571196120515852e-02,2.700093190191543647e-07
1.081458145814581329e+01,6.541375378264562002e-02,2.828549948261211650e-07
1.081608160816081465e+01,6.541179566652643995e-02,2.956677035629162118e-07
1.081758175817581602e+01,6.540983761239356487e-02,3.084399515141279906e-07
1.081908190819081916e+01,6.540787961978740406e-02,3.211641535970998642e-07
1.082058205820582053e+01,6.540592168824292674e-02,3.338326333618763916e-07
1.082208220822082190e+01,6.540396381728953712e-02,3.464376229912925846e-07
1.082358235823582326e+01,6.540200600645118545e-02,3.589712633009126565e-07
1.082508250825082463e+01,6.540004825524629861e-02,3.714256037390452157e-07
1.082658265826582600e+01,6.539809056318779401e-02,3.837926023867436365e-07
1.082808280828082736e+01,6.539613292978312120e-02,3.960641259578059000e-07
1.082958295829582873e+01,6.539417535453417862e-02,4.082319497987727414e-07
1.083108310831083010e+01,6.539221783693741075e-02,4.202877578889347968e-07
1.083258325832583147e+01,6.539026037648373868e-02,4.322231428403201094e-07
1.083408340834083283e+01,6.538830297265857405e-02,4.440296058977064115e-07
1.083558355835583420e+01,6.538634562494186064e-02,4.556985569386147721e-07
1.083708370837083557e+01,6.538438833280799112e-02,4.672213144733111843e-07
1.083858385838583871e+01,6.538243109572589029e-02,4.785891056448194304e-07
1.084008400840084008e+01,6.538047391315898738e-02,4.897930662288642773e-07
1.084158415841584144e+01,6.537851678456518822e-02,5.008242406339611565e-07
1.084308430843084281e+01,6.537655970939691696e-02,5.116735819013513654e-07
1.084458445844584418e+01,6.537460268710107436e-02,5.223319517050254674e-07
1.084608460846084554e+01,6.537264571711907946e-02,5.327901203517156680e-07
1.084758475847584691e+01,6.537068879888684181e-02,5.430387667809001562e-07
1.084908490849084828e+01,6.536873193183476149e-02,5.530684785648001397e-07
1.085058505850584964e+01,6.536677511538775687e-02,5.628697519083820683e-07
1.085208520852085101e+01,6.536481834896522292e-02,5.724329916493572107e-07
1.085358535853585238e+01,6.536286163198107291e-02,5.817485112581851481e-07
1.085508550855085375e+01,6.536090496384371062e-02,5.908065328380608573e-07
1.085658565856585511e+01,6.535894834395604425e-02,5.995971871249321806e-07
1.085808580858085648e+01,6.535699177171545859e-02,6.081105134874910377e-07
1.085958595859585962e+01,6.535503524651385676e-02,6.163364599271776611e-07
1.086108610861086099e+01,6.535307876773764624e-02,6.242648830781529616e-07
1.086258625862586236e+01,6.535112233476772503e-02,6.318855482073497737e-07
1.086408640864086372e+01,6.534916594697946779e-02,6.391881292144363273e-07
1.086558655865586509e+01,6.534720960374279519e-02,6.461622086318244006e-07
1.086708670867086646e+01,6.534525330442207680e-02,6.527972776246737667e-07
1.086858685868586782e+01,6.534329704837621433e-02,6.590827359908855234e-07
1.087008700870086919e+01,6.534134083495861389e-02,6.650078921611048461e-07
1.087158715871587056e+01,6.533938466351713048e-02,6.705619631987227878e-07
1.087308730873087192e+01,6.533742853339417900e-02,6.757340747998743728e-07
1.087458745874587329e+01,6.533547244392662323e-02,6.805132612934418798e-07
1.087608760876087466e+01,6.533351639444587300e-02,6.848884656410501823e-07
1.087758775877587603e+01,6.533156038427780088e-02,6.888485394370648434e-07
1.087908790879087917e+01,6.532960441274276997e-02,6.923822429086100091e-07
1.088058805880588054e+01,6.532764847915568940e-02,6.954782449155300804e-07
1.088208820882088190e+01,6.532569258282591718e-02,6.981251229504361937e-07
1.088358835883588327e+01,6.532373672305735735e-02,7.003113631386738220e-07
1.088508850885088464e+01,6.532178089914834895e-02,7.020253602383359042e-07
1.088658865886588600e+01,6.531982511039180483e-02,7.032554176402625272e-07
1.088808880888088737e+01,6.531786935607507283e-02,7.039897473680290673e-07
1.088958895889588874e+01,6.531591363548003293e-02,7.042164700779676840e-07
1.089108910891089010e+01,6.531395794788305564e-02,7.039236150591438145e-07
1.089258925892589147e+01,6.531200229255501588e-02,7.030991202333802087e-07
1.089408940894089284e+01,6.531004666876127907e-02,7.017308321552283414e-07
1.089558955895589420e+01,6.530809107576171502e-02,6.998065060119975292e-07
1.089708970897089557e+01,6.530613551281068407e-02,6.973138056237365075e-07
1.089858985898589872e+01,6.530417997915705097e-02,6.942403034432345954e-07
1.090009000900090008e+01,6.530222447404418484e-02,6.905734805560356715e-07
1.090159015901590145e+01,6.530026899670994533e-02,6.863007266804225039e-07
1.090309030903090282e+01,6.529831354638668262e-02,6.814093401674167500e-07
1.090459045904590418e+01,6.529635812230126513e-02,6.758865280007962152e-07
1.090609060906090555e+01,6.529440272367505183e-02,6.697194057970731472e-07
1.090759075907590692e+01,6.529244734972389219e-02,6.628949978055161535e-07
1.090909090909090828e+01,6.529049199965815398e-02,6.554002369081217193e-07
1.091059105910590965e+01,6.528853667607076305e-02,6.472775294528951162e-07
1.091209120912091102e+01,6.528658139409936056e-02,6.387751732067871788e-07
1.091359135913591238e+01,6.528462615620950205e-02,6.299338565973697627e-07
1.091509150915091375e+01,6.528267096303033701e-02,6.207641604517174402e-07
1.091659165916591512e+01,6.528071581518561650e-02,6.112765753243261843e-07
1.091809180918091648e+01,6.527876071329370700e-02,6.014815014971131567e-07
1.091959195919591963e+01,6.527680565796757650e-02,5.913892489794052731e-07
1.092109210921092100e+01,6.527485064981479457e-02,5.810100375079868487e-07
1.092259225922592236e+01,6.527289568943756004e-02,5.703539965470278121e-07
1.092409240924092373e+01,6.527094077743265943e-02,5.594311652881315628e-07
1.092559255925592510e+01,6.526898591439150854e-02,5.482514926503227950e-07
1.092709270927092646e+01,6.526703110090012472e-02,5.368248372800478152e-07
1.092859285928592783e+01,6.526507633753914073e-02,5.251609675511742246e-07
1.093009300930092920e+01,6.526312162488376312e-02,5.132695615649913429e-07
1.093159315931593056e+01,6.526116696350384161e-02,5.011602071502098902e-07
1.093309330933093193e+01,6.525921235396384135e-02,4.888424018629618812e-07
1.093459345934593330e+01,6.525725779682280125e-02,4.763255529868008373e-07
1.093609360936093466e+01,6.525530329263440343e-02,4.636189775327021570e-07
1.093759375937593603e+01,6.525334884194693152e-02,4.507319022390622157e-07
1.093909390939093917e+01,6.525139444530325683e-02,4.376734635716834370e-07
1.094059405940594054e+01,6.524944010324087995e-02,4.244527077238363378e-07
1.094209420942094191e+01,6.524748581629191690e-02,4.110785906161666195e-07
1.094359435943594328e+01,6.524553158498305749e-02,3.975599778967565775e-07
1.094509450945094464e+01,6.524357740983563470e-02,3.839056449411102786e-07
1.094659465946594601e+01,6.524162329136559690e-02,3.701242768521531900e-07
1.094809480948094738e+01,6.523966923008345242e-02,3.562244684602319681e-07
1.094959495949594874e+01,6.523771522649436660e-02,3.422147243231151989e-07
1.095109510951095011e+01,6.523576128109810635e-02,3.281034587259926045e-07
1.095259525952595148e+01,6.523380739438901232e-02,3.138989956814754664e-07
1.095409540954095284e+01,6.523185356685608227e-02,2.996095689295966256e-07
1.095559555955595421e+01,6.522989979898290158e-02,2.852433219378103235e-07
1.095709570957095558e+01,6.522794609124764331e-02,2.708083079009922024e-07
1.095859585958595872e+01,6.522599244412312369e-02,2.563124897414224172e-07
1.096009600960096009e+01,6.522403885807674662e-02,2.417637401088538750e-07
1.096159615961596145e+01,6.522208533357054527e-02,2.271698413804096907e-07
1.096309630963096282e+01,6.522013187106114052e-02,2.125384856606514266e-07
1.096459645964596419e+01,6.521817847099976861e-02,1.978772747815620984e-07
1.096609660966096556e+01,6.521622513383228126e-02,1.831937203025462813e-07
1.096759675967596692e+01,6.521427185999913168e-02,1.684952435104302686e-07
1.096909690969096829e+01,6.521231864993537464e-02,1.537891754194614368e-07
1.097059705970596966e+01,6.521036550407069421e-02,1.390827567713087216e-07
1.097209720972097102e+01,6.520841242282937600e-02,1.243831380350625653e-07
1.097359735973597239e+01,6.520645940663030715e-02,1.096973794072349167e-07
1.097509750975097376e+01,6.520450645588699023e-02,9.503245081175933690e-08
1.097659765976597512e+01,6.520255357100752935e-02,8.039523189999046994e-08
1.097809780978097649e+01,6.520060075239463016e-02,6.579251205070520759e-08
1.097959795979597963e+01,6.519864800044564146e-02,5.123099037008363097e-08
1.098109810981098100e+01,6.519669531555249975e-02,3.671727569177952609e-08
1.098259825982598237e+01,6.519474269810174305e-02,2.225788657681693995e-08
1.098409840984098373e+01,6.519279014847451093e-02,7.859251313657625548e-09
1.098559855985598510e+01,6.519083766704658611e-02,-6.472292081814734126e-09
1.098709870987098647e+01,6.518888525418833901e-02,-2.073049586629431432e-08
1.098859885988598784e+01,6.518693291026472769e-02,-3.490920256905494847e-08
1.099009900990098920e+01,6.518498063563536726e-02,-4.900234499194843413e-08
1.099159915991599057e+01,6.518302843065444663e-02,-6.300394620940506238e-08
1.099309930993099194e+01,6.518107629567078398e-02,-7.690811956843372368e-08
1.099459945994599330e+01,6.517912423102777131e-02,-9.070906868862169613e-08
1.099609960996099467e+01,6.517717223706344376e-02,-1.044010874621352808e-07
1.099759975997599604e+01,6.517522031411043804e-02,-1.179785600537185309e-07
1.099909990999099918e+01,6.517326846249600625e-02,-1.314359609007104048e-07
1.100060006000600055e+01,6.517131668254198817e-02,-1.447678547129810261e-07
1.100210021002100191e+01,6.516936497456483901e-02,-1.579688964730260224e-07
1.100360036003600328e+01,6.516741333887564325e-02,-1.710338314359038446e-07
1.100510051005100465e+01,6.516546177578007304e-02,-1.839574951292517548e-07
1.100660066006600601e+01,6.516351028557841596e-02,-1.967348133532854029e-07
1.100810081008100738e+01,6.516155886856556112e-02,-2.093608021807988261e-07
1.100960096009600875e+01,6.515960752503102693e-02,-2.218305679571652966e-07
1.101110111011101012e+01,6.515765625525891946e-02,-2.341393073003353093e-07
1.101260126012601148e+01,6.515570505952797409e-02,-2.462823071008388058e-07
1.101410141014101285e+01,6.515375393811149995e-02,-2.582549445217839033e-07
1.101560156015601422e+01,6.515180289127744939e-02,-2.700526869988578479e-07
1.101710171017101558e+01,6.514985191928837627e-02,-2.816710922403253206e-07
1.101860186018601873e+01,6.514790102240143599e-02,-2.931058082270441070e-07
1.102010201020102009e+01,6.514595020086839938e-02,-3.043525732124094052e-07
1.102160216021602146e+01,6.514399945493562494e-02,-3.154072157224356702e-07
1.102310231023102283e+01,6.514204878484412820e-02,-3.262656545557019806e-07
1.102460246024602419e+01,6.514009819082948460e-02,-3.369238987833669670e-07
1.102610261026102556e+01,6.513814767312189891e-02,-3.473780477491664831e-07
1.102760276027602693e+01,6.513619723194619127e-02,-3.576242910694157233e-07
1.102910291029102829e+01,6.513424686752176951e-02,-3.676589086330081634e-07
1.103060306030602966e+01,6.513229658006267075e-02,-3.774782706014157731e-07
1.103210321032103103e+01,6.513034636977754754e-02,-3.870788374086896506e-07
1.103360336033603240e+01,6.512839623686961232e-02,-3.964571597614585408e-07
1.103510351035103376e+01,6.512644618153676235e-02,-4.056098786389298937e-07
1.103660366036603513e+01,6.512449620397144090e-02,-4.145337252928894412e-07
1.103810381038103650e+01,6.512254630436072056e-02,-4.232255212477028908e-07
1.103960396039603964e+01,6.512059648288630320e-02,-4.316821783003229142e-07
1.104110411041104101e+01,6.511864673972445061e-02,-4.399006985202510302e-07
1.104260426042604237e+01,6.511669707504609550e-02,-4.478781742495977443e-07
1.104410441044104374e+01,6.511474748901673049e-02,-4.556117881030416794e-07
1.104560456045604511e+01,6.511279798179649136e-02,-4.630988129678403756e-07
1.104710471047104647e+01,6.511084855354007384e-02,-4.703366120038298664e-07
1.104860486048604784e+01,6.510889920439684453e-02,-4.773226386434236198e-07
1.105010501050104921e+01,6.510694993451074386e-02,-4.840544365916150800e-07
1.105160516051605057e+01,6.510500074402032766e-02,-4.905296398259761845e-07
1.105310531053105194e+01,6.510305163305873943e-02,-4.967459725966556703e-07
1.105460546054605331e+01,6.510110260175377972e-02,-5.027012494263835207e-07
1.105610561056105468e+01,6.509915365022780898e-02,-5.083933751104652480e-07
1.105760576057605604e+01,6.509720477859783083e-02,-5.138203447167869756e-07
1.105910591059105919e+01,6.509525598697543658e-02,-5.189802435858190379e-07
1.106060606060606055e+01,6.509330727546684681e-02,-5.238712473305909927e-07
1.106210621062106192e+01,6.509135864417286976e-02,-5.284916218367312202e-07
1.106360636063606329e+01,6.508941009318892912e-02,-5.328397232624381237e-07
1.106510651065106465e+01,6.508746162260505008e-02,-5.369139980384907178e-07
1.106660666066606602e+01,6.508551323250590104e-02,-5.407129828682456633e-07
1.106810681068106739e+01,6.508356492297072415e-02,-5.442353047276374795e-07
1.106960696069606875e+01,6.508161669407337702e-02,-5.474796808651806613e-07
1.107110711071107012e+01,6.507966854588233263e-02,-5.504449188019665033e-07
1.107260726072607149e+01,6.507772047846066554e-02,-5.531299163316671228e-07
1.107410741074107285e+01,6.507577249186607959e-02,-5.555336615205308012e-07
1.107560756075607422e+01,6.507382458615086629e-02,-5.576552327073855841e-07
1.107710771077107559e+01,6.507187676136191867e-02,-5.594937985036380105e-07
1.107860786078607873e+01,6.506992901754075909e-02,-5.610486177932739602e-07
1.108010801080108010e+01,6.506798135472351141e-02,-5.623190397328537829e-07
1.108160816081608147e+01,6.506603377294092883e-02,-5.633045037515222510e-07
1.108310831083108283e+01,6.506408627221832441e-02,-5.640045395509973365e-07
1.108460846084608420e+01,6.506213885257565444e-02,-5.644187671055810108e-07
1.108610861086108557e+01,6.506019151402750444e-02,-5.645468966621484447e-07
1.108760876087608693e+01,6.505824425658300603e-02,-5.643887287401566907e-07
1.108910891089108830e+01,6.505629708024596169e-02,-5.639441541316393888e-07
1.109060906090608967e+01,6.505434998501474775e-02,-5.632131539012114258e-07
1.109210921092109103e+01,6.505240297088236978e-02,-5.621957993860627935e-07
1.109360936093609240e+01,6.505045603783642105e-02,-5.608922521959645184e-07
1.109510951095109377e+01,6.504850918585911024e-02,-5.593027642132648501e-07
1.109660966096609513e+01,6.504656241492727531e-02,-5.574276775928907434e-07
1.109810981098109650e+01,6.504461572501234190e-02,-5.552674247623480701e-07
1.109960996099609964e+01,6.504266911608035107e-02,-5.528225284217186543e-07
1.110111011101110101e+01,6.504072258809194540e-02,-5.500936015436706491e-07
1.110261026102610238e+01,6.503877614100238291e-02,-5.470813473734415949e-07
1.110411041104110375e+01,6.503682977476153704e-02,-5.437865594288528201e-07
1.110561056105610511e+01,6.503488348931388274e-02,-5.402101215003022405e-07
1.110711071107110648e+01,6.503293728459849654e-02,-5.363530076507660538e-07
1.110861086108610785e+01,6.503099116054908424e-02,-5.322162822158004334e-07
1.111011101110110921e+01,6.502904511709393931e-02,-5.278010998035389875e-07
1.111161116111611058e+01,6.502709915415598452e-02,-5.231087052946940297e-07
1.111311131113111195e+01,6.502515327165271641e-02,-5.181404338425565785e-07
1.111461146114611331e+01,6.502320746949628860e-02,-5.128977108729961464e-07
1.111611161116111468e+01,6.502126174759342847e-02,-5.073820520844615860e-07
1.111761176117611605e+01,6.501931610584547883e-02,-5.015950634479772792e-07
1.111911191119111919e+01,6.501737054414841177e-02,-4.955384412071435599e-07
1.112061206120612056e+01,6.501542506239277319e-02,-4.892139718781568319e-07
1.112211221122112192e+01,6.501347966046373827e-02,-4.826235322497722986e-07
1.112361236123612329e+01,6.501153433824111150e-02,-4.757690893833314923e-07
1.112511251125112466e+01,6.500958909559925725e-02,-4.686527006127525327e-07
1.112661266126612603e+01,6.500764393240718308e-02,-4.612765135445330920e-07
1.112811281128112739e+01,6.500569884852852587e-02,-4.536427660577497593e-07
1.112961296129612876e+01,6.500375384382145461e-02,-4.457537863040586762e-07
1.113111311131113013e+01,6.500180891813883699e-02,-4.376119927076908778e-07
1.113261326132613149e+01,6.499986407132810062e-02,-4.292198939654592808e-07
1.113411341134113286e+01,6.499791930323127465e-02,-4.205800890467540250e-07
1.113561356135613423e+01,6.499597461368503137e-02,-4.116952671935439553e-07
1.113711371137113559e+01,6.499403000252063078e-02,-4.025682079203766221e-07
1.113861386138613874e+01,6.499208546956393440e-02,-3.932017810143668458e-07
1.114011401140114010e+01,6.499014101463541915e-02,-3.835989465352405515e-07
1.114161416141614147e+01,6.498819663755019127e-02,-3.737627548152703938e-07
1.114311431143114284e+01,6.498625233811794466e-02,-3.636963464593176852e-07
1.114461446144614420e+01,6.498430811614298863e-02,-3.534029523448218083e-07
1.114611461146114557e+01,6.498236397142422016e-02,-3.428858936218031805e-07
1.114761476147614694e+01,6.498041990375519328e-02,-3.321485817128560535e-07
1.114911491149114831e+01,6.497847591292402192e-02,-3.211945183131586788e-07
1.115061506150614967e+01,6.497653199871344931e-02,-3.100272953904639895e-07
1.115211521152115104e+01,6.497458816090084799e-02,-2.986505951851040474e-07
1.115361536153615241e+01,6.497264439925815038e-02,-2.870681902099912080e-07
1.115511551155115377e+01,6.497070071355195986e-02,-2.752839432506140967e-07
1.115661566156615514e+01,6.496875710354342581e-02,-2.633018073650418442e-07
1.115811581158115651e+01,6.496681356898834081e-02,-2.511258258839209099e-07
1.115961596159615965e+01,6.496487010963709896e-02,-2.387601324104618473e-07
1.116111611161116102e+01,6.496292672523473755e-02,-2.262089508204972196e-07
1.116261626162616238e+01,6.496098341552082600e-02,-2.134765952623959439e-07
1.116411641164116375e+01,6.495904018022961857e-02,-2.005674701571171832e-07
1.116561656165616512e+01,6.495709701908992939e-02,-1.874860701982015585e-07
1.116711671167116648e+01,6.495515393182521580e-02,-1.742369803517669140e-07
1.116861686168616785e+01,6.495321091815352277e-02,-1.608248758565084226e-07
1.117011701170116922e+01,6.495126797778749683e-02,-1.472545222237043037e-07
1.117161716171617059e+01,6.494932511043442769e-02,-1.335307752372039643e-07
1.117311731173117195e+01,6.494738231579616494e-02,-1.196585809534416579e-07
1.117461746174617332e+01,6.494543959356921525e-02,-1.056429757014273785e-07
1.117611761176117469e+01,6.494349694344467294e-02,-9.148908608275056662e-08
1.117761776177617605e+01,6.494155436510821999e-02,-7.720212897157852097e-08
1.117911791179117920e+01,6.493961185824019544e-02,-6.278741151463988137e-08
1.118061806180618056e+01,6.493766942251551211e-02,-4.825033113129345019e-08
1.118211821182118193e+01,6.493572705760369823e-02,-3.359637551342813652e-08
1.118361836183618330e+01,6.493378476316888359e-02,-1.883112262552076625e-08
1.118511851185118466e+01,6.493184253886984114e-02,-3.960240704635129084e-09
1.118661866186618603e+01,6.492990038435988986e-02,1.101051173959146807e-08
1.118811881188118740e+01,6.492795829928703355e-02,2.607528592494153070e-08
1.118961896189618876e+01,6.492601628329383590e-02,4.122814279661949433e-08
1.119111911191119013e+01,6.492407433601746214e-02,5.646305302725055979e-08
1.119261926192619150e+01,6.492213245708973457e-02,7.177389701688175204e-08
1.119411941194119287e+01,6.492019064613702151e-02,8.715446489298255543e-08
1.119561956195619423e+01,6.491824890278036220e-02,1.025984565104424785e-07
1.119711971197119560e+01,6.491630722663536968e-02,1.180994814515729597e-07
1.119861986198619874e+01,6.491436561731225852e-02,1.336510590261256848e-07
1.120012001200120011e+01,6.491242407441587259e-02,1.492466182712164593e-07
1.120162016201620148e+01,6.491048259754567118e-02,1.648794979514429464e-07
1.120312031203120284e+01,6.490854118629570124e-02,1.805429465588025048e-07
1.120462046204620421e+01,6.490659984025461127e-02,1.962301223127116171e-07
1.120612061206120558e+01,6.490465855900569292e-02,2.119340931600130373e-07
1.120762076207620694e+01,6.490271734212682553e-02,2.276478367749662612e-07
1.120912091209120831e+01,6.490077618919048996e-02,2.433642405592563142e-07
1.121062106210620968e+01,6.489883509976379639e-02,2.590761016419872405e-07
1.121212121212121104e+01,6.489689407340845650e-02,2.747761268796856492e-07
1.121362136213621241e+01,6.489495310968076969e-02,2.904569328562988091e-07
1.121512151215121378e+01,6.489301220813167848e-02,3.061110458831992540e-07
1.121662166216621515e+01,6.489107136830671307e-02,3.217309019991727658e-07
1.121812181218121651e+01,6.488913058974601911e-02,3.373088469704352619e-07
1.121962196219621966e+01,6.488718987198434374e-02,3.528371362906363952e-07
1.122112211221122102e+01,6.488524921455106342e-02,3.683079351807953915e-07
1.122262226222622239e+01,6.488330861697012841e-02,3.837133185894082519e-07
1.122412241224122376e+01,6.488136807876013212e-02,3.990452711923739552e-07
1.122562256225622512e+01,6.487942759943425564e-02,4.142956873930064749e-07
1.122712271227122649e+01,6.487748717850030933e-02,4.294563713220525146e-07
1.122862286228622786e+01,6.487554681546069124e-02,4.445190368376748311e-07
1.123012301230122922e+01,6.487360650981242871e-02,4.594753075254540882e-07
1.123162316231623059e+01,6.487166626104712286e-02,4.743167166983973794e-07
1.123312331233123196e+01,6.486972606865101798e-02,4.890347073969301283e-07
1.123462346234623332e+01,6.486778593210495991e-02,5.036206323889040824e-07
1.123612361236123469e+01,6.486584585088439603e-02,5.180657541695869373e-07
1.123762376237623606e+01,6.486390582445938913e-02,5.323612449616703830e-07
1.123912391239123920e+01,6.486196585229460354e-02,5.464981867152821215e-07
1.124062406240624057e+01,6.486002593384933290e-02,5.604675711079245627e-07
1.124212421242124194e+01,6.485808606857744463e-02,5.742602995445733979e-07
1.124362436243624330e+01,6.485614625592743543e-02,5.878671831576023197e-07
1.124512451245124467e+01,6.485420649534241744e-02,6.012789428068083271e-07
1.124662466246624604e+01,6.485226678626011820e-02,6.144862090794152196e-07
1.124812481248124740e+01,6.485032712811282518e-02,6.274795222900636446e-07
1.124962496249624877e+01,6.484838752032751064e-02,6.402493324808190379e-07
1.125112511251125014e+01,6.484644796232567898e-02,6.527859994211618835e-07
1.125262526252625150e+01,6.484450845352349169e-02,6.650797926080003127e-07
1.125412541254125287e+01,6.484256899333171176e-02,6.771208912656613163e-07
1.125562556255625424e+01,6.484062958115571762e-02,6.888993843458954035e-07
1.125712571257125560e+01,6.483869021639546149e-02,7.004052705278701427e-07
1.125862586258625875e+01,6.483675089844553874e-02,7.116284582181930321e-07
1.126012601260126011e+01,6.483481162669513242e-02,7.225587655508509362e-07
1.126162616261626148e+01,6.483287240052806877e-02,7.331859203872928839e-07
1.126312631263126285e+01,6.483093321932274777e-02,7.434995603163724695e-07
1.126462646264626422e+01,6.482899408245218487e-02,7.534892326543691353e-07
1.126612661266126558e+01,6.482705498928401089e-02,7.631443944449864766e-07
1.126762676267626695e+01,6.482511593918047210e-02,7.724544124593395370e-07
1.126912691269126832e+01,6.482317693149840243e-02,7.814085631959723839e-07
1.127062706270626968e+01,6.482123796558926510e-02,7.899960328808476265e-07
1.127212721272127105e+01,6.481929904079912486e-02,7.982059174673520276e-07
1.127362736273627242e+01,6.481736015646866189e-02,8.060272226362944916e-07
1.127512751275127378e+01,6.481542131193315792e-02,8.134488637959009826e-07
1.127662766276627515e+01,6.481348250652249621e-02,8.204596660818166417e-07
1.127812781278127652e+01,6.481154373956117543e-02,8.270483643571206104e-07
1.127962796279627966e+01,6.480960501036832355e-02,8.332036032123100425e-07
1.128112811281128103e+01,6.480766631825764235e-02,8.389139369652849637e-07
1.128262826282628239e+01,6.480572766253746286e-02,8.441678296613825761e-07
1.128412841284128376e+01,6.480378904251071770e-02,8.489536550733686825e-07
1.128562856285628513e+01,6.480185045747496875e-02,8.532596967014149218e-07
1.128712871287128650e+01,6.479991190672235168e-02,8.570741477731236509e-07
1.128862886288628786e+01,6.479797338953963148e-02,8.603851112435187333e-07
1.129012901290128923e+01,6.479603490520820241e-02,8.631805997950409862e-07
1.129162916291629060e+01,6.479409645300401865e-02,8.654485358375531565e-07
1.129312931293129196e+01,6.479215803219767755e-02,8.671767515083483918e-07
1.129462946294629333e+01,6.479021964205437800e-02,8.683529886721248289e-07
1.129612961296129470e+01,6.478828128183393431e-02,8.689648989210147106e-07
1.129762976297629606e+01,6.478634295079076233e-02,8.690000435745712570e-07
1.129912991299129921e+01,6.478440464817387945e-02,8.684458936797588183e-07
1.130063006300630057e+01,6.478246637322693235e-02,8.672898300109792390e-07
1.130213021302130194e+01,6.478052812518814152e-02,8.655191430700451765e-07
1.130363036303630331e+01,6.477858990329038447e-02,8.631210330861896298e-07
1.130513051305130467e+01,6.477665170676111250e-02,8.600826100160744100e-07
1.130663066306630604e+01,6.477471353482240624e-02,8.563908935437720351e-07
1.130813081308130741e+01,6.477277538669092005e-02,8.520328130807899763e-07
1.130963096309630878e+01,6.477083726157796539e-02,8.469952077660494820e-07
1.131113111311131014e+01,6.476889915868941361e-02,8.412648264658914014e-07
1.131263126312631151e+01,6.476696107722580698e-02,8.348283277740860309e-07
1.131413141314131288e+01,6.476502301638221992e-02,8.276722800118136327e-07
1.131563156315631424e+01,6.476308497534841169e-02,8.197831612276781990e-07
1.131713171317131561e+01,6.476114695330870141e-02,8.111473591977219572e-07
1.131863186318631875e+01,6.475920894944200978e-02,8.017511714253780423e-07
1.132013201320132012e+01,6.475727096631517243e-02,7.916362428496053201e-07
1.132163216321632149e+01,6.475533301478306192e-02,7.809800153086194693e-07
1.132313231323132285e+01,6.475339509653652015e-02,7.698106420265411243e-07
1.132463246324632422e+01,6.475145721247226038e-02,7.581433141654119710e-07
1.132613261326132559e+01,6.474951936347958514e-02,7.459930970886211227e-07
1.132763276327632695e+01,6.474758155044033070e-02,7.333749303609055435e-07
1.132913291329132832e+01,6.474564377422889483e-02,7.203036277483495187e-07
1.133063306330632969e+01,6.474370603571222293e-02,7.067938772183847606e-07
1.133213321332133106e+01,6.474176833574979417e-02,6.928602409397908325e-07
1.133363336333633242e+01,6.473983067519367696e-02,6.785171552826943014e-07
1.133513351335133379e+01,6.473789305488845958e-02,6.637789308185700082e-07
1.133663366336633516e+01,6.473595547567127795e-02,6.486597523202396919e-07
1.133813381338133652e+01,6.473401793837185725e-02,6.331736787618727302e-07
1.133963396339633967e+01,6.473208044381241477e-02,6.173346433189675054e-07
1.134113411341134103e+01,6.473014299280777095e-02,6.011564533684257307e-07
1.134263426342634240e+01,6.472820558616527997e-02,5.846527904884411720e-07
1.134413441344134377e+01,6.472626822468484364e-02,5.678372104585735512e-07
1.134563456345634513e+01,6.472433090915891141e-02,5.507231432597295939e-07
1.134713471347134650e+01,6.472239364037248033e-02,5.333238930741642997e-07
1.134863486348634787e+01,6.472045641910312286e-02,5.156526382854798839e-07
1.135013501350134923e+01,6.471851924612093132e-02,4.977224314786257772e-07
1.135163516351635060e+01,6.471658212218858730e-02,4.795461994398995785e-07
1.135313531353135197e+01,6.471464504806126450e-02,4.611367431569459963e-07
1.135463546354635334e+01,6.471270802448675363e-02,4.425067378187571664e-07
1.135613561356135470e+01,6.471077105220535142e-02,4.236687328156731281e-07
1.135763576357635607e+01,6.470883413194991607e-02,4.046351517393812421e-07
1.135913591359135921e+01,6.470689726444586731e-02,3.854182923828934793e-07
1.136063606360636058e+01,6.470496045041115862e-02,3.660303267406378475e-07
1.136213621362136195e+01,6.470302369055633274e-02,3.464833010083218073e-07
1.136363636363636331e+01,6.470108698558442450e-02,3.267891355830225339e-07
1.136513651365136468e+01,6.469915033619107192e-02,3.069596250631654240e-07
1.136663666366636605e+01,6.469721374306443284e-02,2.870064382485227720e-07
1.136813681368136741e+01,6.469527720688524053e-02,2.669411181402148818e-07
1.136963696369636878e+01,6.469334072832673421e-02,2.467750819407091140e-07
1.137113711371137015e+01,6.469140430805477016e-02,2.265196210538208914e-07
1.137263726372637151e+01,6.468946794672768286e-02,2.061859010847126409e-07
1.137413741374137288e+01,6.468753164499643771e-02,1.857849618398949574e-07
1.137563756375637425e+01,6.468559540350447834e-02,1.653277173272253337e-07
1.137713771377137562e+01,6.468365922288783765e-02,1.448249557559087957e-07
1.137863786378637876e+01,6.468172310377508227e-02,1.242873395364743973e-07
1.138013801380138013e+01,6.467978704678736812e-02,1.037254052808705112e-07
1.138163816381638149e+01,6.467785105253834321e-02,8.314956380232115154e-08
1.138313831383138286e+01,6.467591512163425871e-02,6.257010011542147650e-08
1.138463846384638423e+01,6.467397925467387176e-02,4.199717343611470668e-08
1.138613861386138559e+01,6.467204345224854267e-02,2.144081718169085462e-08
1.138763876387638696e+01,6.467010771494212384e-02,9.109389707882070903e-10
1.138913891389138833e+01,6.466817204333105695e-02,-1.958267937660783960e-08
1.139063906390638969e+01,6.466623643798434518e-02,-4.003038183916414432e-08
1.139213921392139106e+01,6.466430089946349768e-02,-6.042263819420013872e-08
1.139363936393639243e+01,6.466236542832261291e-02,-8.075004401768782729e-08
1.139513951395139379e+01,6.466043002510832305e-02,-1.010033206842515755e-07
1.139663966396639516e+01,6.465849469035982178e-02,-1.211733153671678983e-07
1.139813981398139653e+01,6.465655942460885042e-02,-1.412510010383665185e-07
1.139963996399639967e+01,6.465462422837968404e-02,-1.612274764684528135e-07
1.140114011401140104e+01,6.465268910218918696e-02,-1.810939662266132650e-07
1.140264026402640241e+01,6.465075404654672953e-02,-2.008418206807583961e-07
1.140414041404140377e+01,6.464881906195427130e-02,-2.204625159974277973e-07
1.140564056405640514e+01,6.464688414890629176e-02,-2.399476541418128910e-07
1.140714071407140651e+01,6.464494930788984572e-02,-2.592889628777573546e-07
1.140864086408640787e+01,6.464301453938452180e-02,-2.784782957677588147e-07
1.141014101410140924e+01,6.464107984386247008e-02,-2.975076321729652476e-07
1.141164116411641061e+01,6.463914522178840216e-02,-3.163690772531790018e-07
1.141314131413141197e+01,6.463721067361953565e-02,-3.350548619668534110e-07
1.141464146414641334e+01,6.463527619980570516e-02,-3.535573430710953341e-07
1.141614161416141471e+01,6.463334180078925129e-02,-3.718690031216638856e-07
1.141764176417641607e+01,6.463140747700506228e-02,-3.899824504729700113e-07
1.141914191419141922e+01,6.462947322888060175e-02,-4.078904192780989354e-07
1.142064206420642059e+01,6.462753905683586708e-02,-4.255857694887243977e-07
1.142214221422142195e+01,6.462560496128341714e-02,-4.430614868552371913e-07
1.142364236423642332e+01,6.462367094262837230e-02,-4.603106829266574948e-07
1.142514251425142469e+01,6.462173700126837284e-02,-4.773265950506600710e-07
1.142664266426642605e+01,6.461980313759362049e-02,-4.941025863735708792e-07
1.142814281428142742e+01,6.461786935198689241e-02,-5.106321458403679222e-07
1.142964296429642879e+01,6.461593564482349950e-02,-5.269088881946835755e-07
1.143114311431143015e+01,6.461400201647128638e-02,-5.429265539788005638e-07
1.143264326432643152e+01,6.461206846729067310e-02,-5.586790095336553495e-07
1.143414341434143289e+01,6.461013499763462731e-02,-5.741602469988360148e-07
1.143564356435643425e+01,6.460820160784865041e-02,-5.893643843125841676e-07
1.143714371437143562e+01,6.460626829827081918e-02,-6.042856652117936711e-07
1.143864386438643876e+01,6.460433506923174418e-02,-6.189184592320271606e-07
1.144014401440144013e+01,6.460240192105459744e-02,-6.332572617074482813e-07
1.144164416441644150e+01,6.460046885405508477e-02,-6.472966937709254494e-07
1.144314431443144287e+01,6.459853586854150120e-02,-6.610315023539619723e-07
1.144464446444644423e+01,6.459660296481463393e-02,-6.744565601867144712e-07
1.144614461446144560e+01,6.459467014316788713e-02,-6.875668657979907638e-07
1.144764476447644697e+01,6.459273740388715712e-02,-7.003575435152519818e-07
1.144914491449144833e+01,6.459080474725092946e-02,-7.128238434646104530e-07
1.145064506450644970e+01,6.458887217353022347e-02,-7.249611415708326665e-07
1.145214521452145107e+01,6.458693968298860610e-02,-7.367649395573371547e-07
1.145364536453645243e+01,6.458500727588221968e-02,-7.482308649461942817e-07
1.145514551455145380e+01,6.458307495245974028e-02,-7.593546710581266668e-07
1.145664566456645517e+01,6.458114271296239162e-02,-7.701322370125108783e-07
1.145814581458145653e+01,6.457921055762394502e-02,-7.805595677273740458e-07
1.145964596459645968e+01,6.457727848667073334e-02,-7.906327939194088950e-07
1.146114611461146104e+01,6.457534650032165091e-02,-8.003481721039250428e-07
1.146264626462646241e+01,6.457341459878811196e-02,-8.097020845949197252e-07
1.146414641464146378e+01,6.457148278227411997e-02,-8.186910395050305746e-07
1.146564656465646515e+01,6.456955105097618441e-02,-8.273116707455485377e-07
1.146714671467146651e+01,6.456761940508341791e-02,-8.355607380264161809e-07
1.146864686468646788e+01,6.456568784477742518e-02,-8.434351268562289611e-07
1.147014701470146925e+01,6.456375637023242797e-02,-8.509318485422350138e-07
1.147164716471647061e+01,6.456182498161512628e-02,-8.580480401903351534e-07
1.147314731473147198e+01,6.455989367908485099e-02,-8.647809647050807551e-07
1.147464746474647335e+01,6.455796246279341122e-02,-8.711280107896784142e-07
1.147614761476147471e+01,6.455603133288520534e-02,-8.770866929459852869e-07
1.147764776477647608e+01,6.455410028949717938e-02,-8.826546514745103612e-07
1.147914791479147922e+01,6.455216933275882696e-02,-8.878296524744246209e-07
1.148064806480648059e+01,6.455023846279218935e-02,-8.926095878435292825e-07
1.148214821482148196e+01,6.454830767971185546e-02,-8.969924752782987814e-07
1.148364836483648332e+01,6.454637698362498954e-02,-9.009764582738532438e-07
1.148514851485148469e+01,6.454444637463127576e-02,-9.045598061239654746e-07
1.148664866486648606e+01,6.454251585282297365e-02,-9.077409139210596868e-07
1.148814881488148743e+01,6.454058541828486262e-02,-9.105183025562142545e-07
1.148964896489648879e+01,6.453865507109429744e-02,-9.128906187191587480e-07
1.149114911491149016e+01,6.453672481132119443e-02,-9.148566348982758400e-07
1.149264926492649153e+01,6.453479463902798974e-02,-9.164152493805993994e-07
1.149414941494149289e+01,6.453286455426970880e-02,-9.175654862518178797e-07
1.149564956495649426e+01,6.453093455709388304e-02,-9.183064953962711426e-07
1.149714971497149563e+01,6.452900464754061927e-02,-9.186375524969519402e-07
1.149864986498649877e+01,6.452707482564257191e-02,-9.185580590355021033e-07
1.150015001500150014e+01,6.452514509142497079e-02,-9.180675422922222825e-07
1.150165016501650150e+01,6.452321544490555172e-02,-9.171656553460603013e-07
1.150315031503150287e+01,6.452128588609463977e-02,-9.158521770746189914e-07
1.150465046504650424e+01,6.451935641499507990e-02,-9.141270121541542864e-07
1.150615061506150560e+01,6.451742703160229242e-02,-9.119901910595701402e-07
1.150765076507650697e+01,6.451549773590423142e-02,-9.094418700644297497e-07
1.150915091509150834e+01,6.451356852788142637e-02,-9.064823312409428497e-07
1.151065106510650971e+01,6.451163940750692660e-02,-9.031119824599756650e-07
1.151215121512151107e+01,6.450971037474634295e-02,-8.993313573910432878e-07
1.151365136513651244e+01,6.450778142955786165e-02,-8.951411155023160300e-07
1.151515151515151381e+01,6.450585257189218880e-02,-8.905420420606160349e-07
1.151665166516651517e+01,6.450392380169257811e-02,-8.855350481314174896e-07
1.151815181518151654e+01,6.450199511889487258e-02,-8.801211705788472595e-07
1.151965196519651968e+01,6.450006652342743507e-02,-8.743015720656781128e-07
1.152115211521152105e+01,6.449813801521117607e-02,-8.680775410533554014e-07
1.152265226522652242e+01,6.449620959415958144e-02,-8.614504918019559802e-07
1.152415241524152378e+01,6.449428126017867080e-02,-8.544219643702178530e-07
1.152565256525652515e+01,6.449235301316702529e-02,-8.469936246155300084e-07
1.152715271527152652e+01,6.449042485301574590e-02,-8.391672641939326312e-07
1.152865286528652788e+01,6.448849677960853677e-02,-8.309448005601226083e-07
1.153015301530152925e+01,6.448656879282160803e-02,-8.223282769674439998e-07
1.153165316531653062e+01,6.448464089252374520e-02,-8.133198624678969324e-07
1.153315331533153199e+01,6.448271307857626755e-02,-8.039218519121329409e-07
1.153465346534653335e+01,6.448078535083306972e-02,-7.941366659494564508e-07
1.153615361536153472e+01,6.447885770914058012e-02,-7.839668510278239308e-07
1.153765376537653609e+01,6.447693015333776090e-02,-7.734150793938441049e-07
1.153915391539153923e+01,6.447500268325617734e-02,-7.624841490927646113e-07
1.154065406540654060e+01,6.447307529871988685e-02,-7.511769839685262130e-07
1.154215421542154196e+01,6.447114799954554998e-02,-7.394966336636831762e-07
1.154365436543654333e+01,6.446922078554233326e-02,-7.274462736194532455e-07
1.154515451545154470e+01,6.446729365651196475e-02,-7.150292050757070561e-07
1.154665466546654606e+01,6.446536661224876175e-02,-7.022488550709702510e-07
1.154815481548154743e+01,6.446343965253954755e-02,-6.891087764424190344e-07
1.154965496549654880e+01,6.446151277716372086e-02,-6.756126478258805951e-07
1.155115511551155016e+01,6.445958598589320021e-02,-6.617642736558373419e-07
1.155265526552655153e+01,6.445765927849250732e-02,-6.475675841654213973e-07
1.155415541554155290e+01,6.445573265471865598e-02,-6.330266353864220097e-07
1.155565556555655427e+01,6.445380611432126317e-02,-6.181456091492736945e-07
1.155715571557155563e+01,6.445187965704247957e-02,-6.029288130830716928e-07
1.155865586558655700e+01,6.444995328261697576e-02,-5.873806806155565125e-07
1.156015601560156014e+01,6.444802699077201158e-02,-5.715057709731075763e-07
1.156165616561656151e+01,6.444610078122739449e-02,-5.553087691808088661e-07
1.156315631563156288e+01,6.444417465369546572e-02,-5.387944860623441029e-07
1.156465646564656424e+01,6.444224860788111409e-02,-5.219678582400659921e-07
1.156615661566156561e+01,6.444032264348181771e-02,-5.048339481349809761e-07
1.156765676567656698e+01,6.443839676018754681e-02,-4.873979439667469059e-07
1.156915691569156834e+01,6.443647095768087474e-02,-4.696651597536753696e-07
1.157065706570656971e+01,6.443454523563690861e-02,-4.516410353127297873e-07
1.157215721572157108e+01,6.443261959372328929e-02,-4.333311362595251987e-07
1.157365736573657244e+01,6.443069403160024688e-02,-4.147411540083282635e-07
1.157515751575157381e+01,6.442876854892050364e-02,-3.958769057720631907e-07
1.157665766576657518e+01,6.442684314532939882e-02,-3.767443345623028443e-07
1.157815781578157655e+01,6.442491782046477766e-02,-3.573495091892704378e-07
1.157965796579657969e+01,6.442299257395704692e-02,-3.376986242618204759e-07
1.158115811581158106e+01,6.442106740542917487e-02,-3.177980001875346807e-07
1.158265826582658242e+01,6.441914231449667738e-02,-2.976540831725674084e-07
1.158415841584158379e+01,6.441721730076761798e-02,-2.772734452217585165e-07
1.158565856585658516e+01,6.441529236384259394e-02,-2.566627841385939767e-07
1.158715871587158652e+01,6.441336750331479177e-02,-2.358289235252132864e-07
1.158865886588658789e+01,6.441144271876990401e-02,-2.147788127824103156e-07
1.159015901590158926e+01,6.440951800978622632e-02,-1.935195271096328837e-07
1.159165916591659062e+01,6.440759337593456035e-02,-1.720582675049749244e-07
1.159315931593159199e+01,6.440566881677828315e-02,-1.504023607651906731e-07
1.159465946594659336e+01,6.440374433187330550e-02,-1.285592594856796325e-07
1.159615961596159472e+01,6.440181992076809969e-02,-1.065365420605003367e-07
1.159765976597659609e+01,6.439989558300369954e-02,-8.434191268235648114e-08
1.159915991599159923e+01,6.439797131811365871e-02,-6.198320134258622870e-08
1.160066006600660060e+01,6.439604712562412014e-02,-3.946836383125167758e-08
1.160216021602160197e+01,6.439412300505374664e-02,-1.680548173699359516e-08
1.160366036603660334e+01,6.439219895591377640e-02,5.997237552871808450e-09
1.160516051605160470e+01,6.439027497770798136e-02,2.893146085237172695e-08
1.160666066606660607e+01,6.438835106993269497e-02,5.198872917688671044e-08
1.160816081608160744e+01,6.438642723207678442e-02,7.516045774314039519e-08
1.160966096609660880e+01,6.438450346362169230e-02,9.843793596920522107e-08
1.161116111611161017e+01,6.438257976404138105e-02,1.218123274744997846e-07
1.161266126612661154e+01,6.438065613280240240e-02,1.452746700797933917e-07
1.161416141614161290e+01,6.437873256936384181e-02,1.688158758071989639e-07
1.161566156615661427e+01,6.437680907317731849e-02,1.924267308801826733e-07
1.161716171617161564e+01,6.437488564368701316e-02,2.160978957235533545e-07
1.161866186618661700e+01,6.437296228032969581e-02,2.398199049634641989e-07
1.162016201620162015e+01,6.437103898253461465e-02,2.635831674274562709e-07
1.162166216621662151e+01,6.436911574972362104e-02,2.873779661443221355e-07
1.162316231623162288e+01,6.436719258131112786e-02,3.111944583442875471e-07
1.162466246624662425e+01,6.436526947670404009e-02,3.350226754589046174e-07
1.162616261626162562e+01,6.436334643530186583e-02,3.588525231210638325e-07
1.162766276627662698e+01,6.436142345649664698e-02,3.826737811650150171e-07
1.162916291629162835e+01,6.435950053967298690e-02,4.064761036263397001e-07
1.163066306630662972e+01,6.435757768420800884e-02,4.302490187419821370e-07
1.163216321632163108e+01,6.435565488947142532e-02,4.539819289502285580e-07
1.163366336633663245e+01,6.435373215482546871e-02,4.776641108907091790e-07
1.163516351635163382e+01,6.435180947962494680e-02,5.012847154044013788e-07
1.163666366636663518e+01,6.434988686321721496e-02,5.248327675336398628e-07
1.163816381638163655e+01,6.434796430494214847e-02,5.482971665220941642e-07
1.163966396639663969e+01,6.434604180413221186e-02,5.716666858148172421e-07
1.164116411641164106e+01,6.434411936011241728e-02,5.949299730581254148e-07
1.164266426642664243e+01,6.434219697220029677e-02,6.180755500997651194e-07
1.164416441644164379e+01,6.434027463970597160e-02,6.410918129887981390e-07
1.164566456645664516e+01,6.433835236193208296e-02,6.639670319756414129e-07
1.164716471647164653e+01,6.433643013817383349e-02,6.866893515120566604e-07
1.164866486648664790e+01,6.433450796771900126e-02,7.092467902511445581e-07
1.165016501650164926e+01,6.433258584984787032e-02,7.316272410473706796e-07
1.165166516651665063e+01,6.433066378383331396e-02,7.538184709565292850e-07
1.165316531653165200e+01,6.432874176894072538e-02,7.758081212357850376e-07
1.165466546654665336e+01,6.432681980442808700e-02,7.975837073436161464e-07
1.165616561656165473e+01,6.432489788954590115e-02,8.191326189398842465e-07
1.165766576657665610e+01,6.432297602353721777e-02,8.404421198857800831e-07
1.165916591659165924e+01,6.432105420563766218e-02,8.614993482438641693e-07
1.166066606660666061e+01,6.431913243507539346e-02,8.822913162779750942e-07
1.166216621662166197e+01,6.431721071107114607e-02,9.028049104533835777e-07
1.166366636663666334e+01,6.431528903283816045e-02,9.230268914366638268e-07
1.166516651665166471e+01,6.431336739958226634e-02,9.429438940957478521e-07
1.166666666666666607e+01,6.431144581050182718e-02,9.625424274999175265e-07
1.166816681668166744e+01,6.430952426478776796e-02,9.818088749197961149e-07
1.166966696669666881e+01,6.430760276162354738e-02,1.000729493827364791e-06
1.167116711671167018e+01,6.430568130018521344e-02,1.019290415895927911e-06
1.167266726672667154e+01,6.430375987964130624e-02,1.037477647000174844e-06
1.167416741674167291e+01,6.430183849915296901e-02,1.055277067216106280e-06
1.167566756675667428e+01,6.429991715787387874e-02,1.072674430821092893e-06
1.167716771677167564e+01,6.429799585495024616e-02,1.089655366293845897e-06
1.167866786678667701e+01,6.429607458952085741e-02,1.106205376314424254e-06
1.168016801680168015e+01,6.429415336071703235e-02,1.122309837764244410e-06
1.168166816681668152e+01,6.429223216766266624e-02,1.137954001726035406e-06
1.168316831683168289e+01,6.429031100947416033e-02,1.153122993483912354e-06
1.168466846684668425e+01,6.428838988526053289e-02,1.167801812523322442e-06
1.168616861686168562e+01,6.428646879412328041e-02,1.181975332531067166e-06
1.168766876687668699e+01,6.428454773515650256e-02,1.195628301395283275e-06
1.168916891689168835e+01,6.428262670744681884e-02,1.208745341205470719e-06
1.169066906690668972e+01,6.428070571007343803e-02,1.221310948252455807e-06
1.169216921692169109e+01,6.427878474210807491e-02,1.233309493028442239e-06
1.169366936693669246e+01,6.427686380261503352e-02,1.244725220226950330e-06
1.169516951695169382e+01,6.427494289065112387e-02,1.255542248742866139e-06
1.169666966696669519e+01,6.427302200526575915e-02,1.265744571672422837e-06
1.169816981698169656e+01,6.427110114550087239e-02,1.275316056313189692e-06
1.169966996699669970e+01,6.426918031039095813e-02,1.284240444164106797e-06
1.170117011701170107e+01,6.426725949896304468e-02,1.292501350925427686e-06
1.170267026702670243e+01,6.426533871023673572e-02,1.300082266498772274e-06
1.170417041704170380e+01,6.426341794322416867e-02,1.306966554987117747e-06
1.170567056705670517e+01,6.426149719693002860e-02,1.313137454694770404e-06
1.170717071707170653e+01,6.425957647035158982e-02,1.318578078127396146e-06
1.170867086708670790e+01,6.425765576247863264e-02,1.323271411992007983e-06
1.171017101710170927e+01,6.425573507229348502e-02,1.327200317196952906e-06
1.171167116711671063e+01,6.425381439877107803e-02,1.330347528851948945e-06
1.171317131713171200e+01,6.425189374087884875e-02,1.332695656268035193e-06
1.171467146714671337e+01,6.424997309757679576e-02,1.334227182957618603e-06
1.171617161716171474e+01,6.424805246781746526e-02,1.334924466634448158e-06
1.171767176717671610e+01,6.424613185054596498e-02,1.334769739213607667e-06
1.171917191719171925e+01,6.424421124469995026e-02,1.333745106811548166e-06
1.172067206720672061e+01,6.424229064920962406e-02,1.331832549746060602e-06
1.172217221722172198e+01,6.424037006299775088e-02,1.329013922536276252e-06
1.172367236723672335e+01,6.423844948497961505e-02,1.325270953902681553e-06
1.172517251725172471e+01,6.423652891406309018e-02,1.320585246767115556e-06
1.172667266726672608e+01,6.423460834914859752e-02,1.314938278252747267e-06
1.172817281728172745e+01,6.423268778912906429e-02,1.308311399684107840e-06
1.172967296729672881e+01,6.423076723289002088e-02,1.300685836587073631e-06
1.173117311731173018e+01,6.422884667930953140e-02,1.292042688688872339e-06
1.173267326732673155e+01,6.422692612725819372e-02,1.282362929918070305e-06
1.173417341734173291e+01,6.422500557559918111e-02,1.271627408404575897e-06
1.173567356735673428e+01,6.422308502318821444e-02,1.259816846479664496e-06
1.173717371737173565e+01,6.422116446887354835e-02,1.246911840675945676e-06
1.173867386738673702e+01,6.421924391149599898e-02,1.232892861727376758e-06
1.174017401740174016e+01,6.421732335057747654e-02,1.217751708859567510e-06
1.174167416741674153e+01,6.421540280576901183e-02,1.201815230894048205e-06
1.174317431743174289e+01,6.421348228739756636e-02,1.185255659762879684e-06
1.174467446744674426e+01,6.421156179663731201e-02,1.168093039090836805e-06
1.174617461746174563e+01,6.420964133465213719e-02,1.150347236937405493e-06
1.174767476747674699e+01,6.420772090259560527e-02,1.132037945796781475e-06
1.174917491749174836e+01,6.420580050161094066e-02,1.113184682597870063e-06
1.175067506750674973e+01,6.420388013283112594e-02,1.093806788704287852e-06
1.175217521752175109e+01,6.420195979737874925e-02,1.073923429914360389e-06
1.175367536753675246e+01,6.420003949636617080e-02,1.053553596461124289e-06
1.175517551755175383e+01,6.419811923089535632e-02,1.032716103012325544e-06
1.175667566756675519e+01,6.419619900205804364e-02,1.011429588670420793e-06
1.175817581758175656e+01,6.419427881093558996e-02,9.897125169725764725e-07
1.175967596759675970e+01,6.419235865859908297e-02,9.675831758906434069e-07
1.176117611761176107e+01,6.419043854610929911e-02,9.450596778312602538e-07
1.176267626762676244e+01,6.418851847451667592e-02,9.221599596356983894e-07
1.176417641764176381e+01,6.418659844486136745e-02,8.989017825799650352e-07
1.176567656765676517e+01,6.418467845817320272e-02,8.753027323747773179e-07
1.176717671767176654e+01,6.418275851547169952e-02,8.513802191655626924e-07
1.176867686768676791e+01,6.418083861776607835e-02,8.271514775324586247e-07
1.177017701770176927e+01,6.417891876605524848e-02,8.026335664903130152e-07
1.177167716771677064e+01,6.417699896132778026e-02,7.778433694886834572e-07
1.177317731773177201e+01,6.417507920456196058e-02,7.527975944118379788e-07
1.177467746774677337e+01,6.417315949672576514e-02,7.275127735787549363e-07
1.177617761776177474e+01,6.417123983877685844e-02,7.020052637431220617e-07
1.177767776777677611e+01,6.416932023166256605e-02,6.762912460933380508e-07
1.177917791779177925e+01,6.416740067631993005e-02,6.503867262524804818e-07
1.178067806780678062e+01,6.416548117367568138e-02,6.243075342784293760e-07
1.178217821782178198e+01,6.416356172464623975e-02,5.980693246636830746e-07
1.178367836783678335e+01,6.416164233013771367e-02,5.716875763354802109e-07
1.178517851785178472e+01,6.415972299104588661e-02,5.451775926557699585e-07
1.178667866786678609e+01,6.415780370825624468e-02,5.185545014212113959e-07
1.178817881788178745e+01,6.415588448264394894e-02,4.918332548631740360e-07
1.178967896789678882e+01,6.415396531507387701e-02,4.650286296477370851e-07
1.179117911791179019e+01,6.415204620640058142e-02,4.381552268756902896e-07
1.179267926792679155e+01,6.415012715746827576e-02,4.112274720825329831e-07
1.179417941794179292e+01,6.414820816911093182e-02,3.842596152384755692e-07
1.179567956795679429e+01,6.414628924215212691e-02,3.572657307484372974e-07
1.179717971797179565e+01,6.414437037740519654e-02,3.302597174520491223e-07
1.179867986798679702e+01,6.414245157567310951e-02,3.032552986236506328e-07
1.180018001800180016e+01,6.414053283774859282e-02,2.762660219722603004e-07
1.180168016801680153e+01,6.413861416441397900e-02,2.493052596417030630e-07
1.180318031803180290e+01,6.413669555644137266e-02,2.223862082104173080e-07
1.180468046804680426e+01,6.413477701459249780e-02,1.955218886915834088e-07
1.180618061806180563e+01,6.413285853961880889e-02,1.687251465330930205e-07
1.180768076807680700e+01,6.413094013226143530e-02,1.420086516175467501e-07
1.180918091809180837e+01,6.412902179325120910e-02,1.153848982622552155e-07
1.181068106810680973e+01,6.412710352330862340e-02,8.886620521924116307e-08
1.181218121812181110e+01,6.412518532314388786e-02,6.246471567523438537e-08
1.181368136813681247e+01,6.412326719345690096e-02,3.619239725167807401e-08
1.181518151815181383e+01,6.412134913493723609e-02,1.006104200472267857e-08
1.181668166816681520e+01,6.411943114826414158e-02,-1.591773357476901116e-08
1.181818181818181657e+01,6.411751323410661008e-02,-4.173248856122588858e-08
1.181968196819681971e+01,6.411559539312326750e-02,-6.737195759439584713e-08
1.182118211821182108e+01,6.411367762596244246e-02,-9.282505087922550158e-08
1.182268226822682244e+01,6.411175993326218014e-02,-1.180808541860427236e-07
1.182418241824182381e+01,6.410984231565017288e-02,-1.431286288504355162e-07
1.182568256825682518e+01,6.410792477374384346e-02,-1.679578117732818715e-07
1.182718271827182654e+01,6.410600730815027570e-02,-1.925580154207476529e-07
1.182868286828682791e+01,6.410408991946625612e-02,-2.169190278242906192e-07
1.183018301830182928e+01,6.410217260827824615e-02,-2.410308125806578829e-07
1.183168316831683065e+01,6.410025537516242378e-02,-2.648835088518852748e-07
1.183318331833183201e+01,6.409833822068461417e-02,-2.884674313653009447e-07
1.183468346834683338e+01,6.409642114540038682e-02,-3.117730704135204900e-07
1.183618361836183475e+01,6.409450414985494449e-02,-3.347910918544501327e-07
1.183768376837683611e+01,6.409258723458322038e-02,-3.575123371112869311e-07
1.183918391839183926e+01,6.409067040010980876e-02,-3.799278231725427080e-07
1.184068406840684062e+01,6.408875364694902044e-02,-4.020287425919409251e-07
1.184218421842184199e+01,6.408683697560482728e-02,-4.238064634885733838e-07
1.184368436843684336e+01,6.408492038657091772e-02,-4.452525295467960398e-07
1.184518451845184472e+01,6.408300388033064121e-02,-4.663586600162556853e-07
1.184668466846684609e+01,6.408108745735706380e-02,-4.871167497118865605e-07
1.184818481848184746e+01,6.407917111811291255e-02,-5.075188690139139533e-07
1.184968496849684882e+01,6.407725486305064500e-02,-5.275572638678533528e-07
1.185118511851185019e+01,6.407533869261235193e-02,-5.472243557845096018e-07
1.185268526852685156e+01,6.407342260722985461e-02,-5.665127418399790145e-07
1.185418541854185293e+01,6.407150660732466307e-02,-5.854151946756445062e-07
1.185568556855685429e+01,6.406959069330796230e-02,-6.039246624981815225e-07
1.185718571857185566e+01,6.406767486558061220e-02,-6.220342690795542274e-07
1.185868586858685703e+01,6.406575912453320309e-02,-6.397373137570171978e-07
1.186018601860186017e+01,6.406384347054598638e-02,-6.570272714331357517e-07
1.186168616861686154e+01,6.406192790398888837e-02,-6.738977925757020927e-07
1.186318631863186290e+01,6.406001242522157968e-02,-6.903427032178606701e-07
1.186468646864686427e+01,6.405809703459335036e-02,-7.063560049580262291e-07
1.186618661866186564e+01,6.405618173244323477e-02,-7.219318749599022333e-07
1.186768676867686700e+01,6.405426651909992830e-02,-7.370646659524819237e-07
1.186918691869186837e+01,6.405235139488181517e-02,-7.517489062300487423e-07
1.187068706870686974e+01,6.405043636009699615e-02,-7.659792996521759084e-07
1.187218721872187110e+01,6.404852141504323304e-02,-7.797507256437276893e-07
1.187368736873687247e+01,6.404660656000797647e-02,-7.930582391948560120e-07
1.187518751875187384e+01,6.404469179526837974e-02,-8.058970708610042751e-07
1.187668766876687521e+01,6.404277712109129883e-02,-8.182626267629043838e-07
1.187818781878187657e+01,6.404086253773323689e-02,-8.301504885865805620e-07
1.187968796879687972e+01,6.403894804544041364e-02,-8.415564135833569752e-07
1.188118811881188108e+01,6.403703364444875146e-02,-8.524763345698107206e-07
1.188268826882688245e+01,6.403511933498383379e-02,-8.629063599278455183e-07
1.188418841884188382e+01,6.403320511726094677e-02,-8.728427736046447019e-07
1.188568856885688518e+01,6.403129099148507919e-02,-8.822820351126809584e-07
1.188718871887188655e+01,6.402937695785086702e-02,-8.912207795297154819e-07
1.188868886888688792e+01,6.402746301654267669e-02,-8.996558174987996674e-07
1.189018901890188928e+01,6.402554916773454952e-02,-9.075841352282755341e-07
1.189168916891689065e+01,6.402363541159021565e-02,-9.150028944917731847e-07
1.189318931893189202e+01,6.402172174826309403e-02,-9.219094326282158875e-07
1.189468946894689338e+01,6.401980817789630629e-02,-9.283012625418141468e-07
1.189618961896189475e+01,6.401789470062262122e-02,-9.341760727020686680e-07
1.189768976897689612e+01,6.401598131656456581e-02,-9.395317271437707808e-07
1.189918991899189926e+01,6.401406802583428646e-02,-9.443662654670062511e-07
1.190069006900690063e+01,6.401215482853366001e-02,-9.486779028371341050e-07
1.190219021902190200e+01,6.401024172475425211e-02,-9.524650299848209336e-07
1.190369036903690336e+01,6.400832871457728945e-02,-9.557262132060175996e-07
1.190519051905190473e+01,6.400641579807371528e-02,-9.584601943619647433e-07
1.190669066906690610e+01,6.400450297530416166e-02,-9.606658908791910882e-07
1.190819081908190746e+01,6.400259024631892169e-02,-9.623423957495164056e-07
1.190969096909690883e+01,6.400067761115801890e-02,-9.634889775300519385e-07
1.191119111911191020e+01,6.399876506985113789e-02,-9.641050803431970131e-07
1.191269126912691156e+01,6.399685262241763817e-02,-9.641903238766398859e-07
1.191419141914191293e+01,6.399494026886662357e-02,-9.637445033833624024e-07
1.191569156915691430e+01,6.399302800919681733e-02,-9.627675896816319504e-07
1.191719171917191566e+01,6.399111584339670089e-02,-9.612597291550086598e-07
1.191869186918691703e+01,6.398920377144438898e-02,-9.592212437523403201e-07
1.192019201920192017e+01,6.398729179330772676e-02,-9.566526309877636511e-07
1.192169216921692154e+01,6.398537990894420657e-02,-9.535545639407127736e-07
1.192319231923192291e+01,6.398346811830106506e-02,-9.499278912559031152e-07
1.192469246924692428e+01,6.398155642131515830e-02,-9.457736371433453866e-07
1.192619261926192564e+01,6.397964481791310054e-02,-9.410930013783358408e-07
1.192769276927692701e+01,6.397773330801116709e-02,-9.358873593014638963e-07
1.192919291929192838e+01,6.397582189151529430e-02,-9.301582618186049372e-07
1.193069306930692974e+01,6.397391056832114897e-02,-9.239074354009317485e-07
1.193219321932193111e+01,6.397199933831407281e-02,-9.171367820848971516e-07
1.193369336933693248e+01,6.397008820136909635e-02,-9.098483794722526390e-07
1.193519351935193384e+01,6.396817715735093890e-02,-9.020444807300331281e-07
1.193669366936693521e+01,6.396626620611399472e-02,-8.937275145905671250e-07
1.193819381938193658e+01,6.396435534750238849e-02,-8.849000853514716430e-07
1.193969396939693972e+01,6.396244458134987820e-02,-8.755649728756424610e-07
1.194119411941194109e+01,6.396053390747996614e-02,-8.657251325913002874e-07
1.194269426942694245e+01,6.395862332570578790e-02,-8.553836954919170679e-07
1.194419441944194382e+01,6.395671283583023725e-02,-8.445439681362740073e-07
1.194569456945694519e+01,6.395480243764582740e-02,-8.332094326484357350e-07
1.194719471947194656e+01,6.395289213093480196e-02,-8.213837467177613167e-07
1.194869486948694792e+01,6.395098191546909339e-02,-8.090707435988915484e-07
1.195019501950194929e+01,6.394907179101029515e-02,-7.962744321117667444e-07
1.195169516951695066e+01,6.394716175730971730e-02,-7.829989966416114907e-07
1.195319531953195202e+01,6.394525181410835868e-02,-7.692487971389418449e-07
1.195469546954695339e+01,6.394334196113687918e-02,-7.550283691195640653e-07
1.195619561956195476e+01,6.394143219811565526e-02,-7.403424236645750347e-07
1.195769576957695612e+01,6.393952252475476605e-02,-7.251958474203588722e-07
1.195919591959195927e+01,6.393761294075392398e-02,-7.095937025985712629e-07
1.196069606960696063e+01,6.393570344580259968e-02,-6.935412269762148442e-07
1.196219621962196200e+01,6.393379403957988316e-02,-6.770438338955276090e-07
1.196369636963696337e+01,6.393188472175462267e-02,-6.601071122640542681e-07
1.196519651965196473e+01,6.392997549198531360e-02,-6.427368265546297334e-07
1.196669666966696610e+01,6.392806634992014014e-02,-6.249389168053776353e-07
1.196819681968196747e+01,6.392615729519698919e-02,-6.067194986197149813e-07
1.196969696969696884e+01,6.392424832744343643e-02,-5.880848631663430508e-07
1.197119711971197020e+01,6.392233944627673248e-02,-5.690414771792590415e-07
1.197269726972697157e+01,6.392043065130384449e-02,-5.495959829577448462e-07
1.197419741974197294e+01,6.391852194212140070e-02,-5.297551983663750998e-07
1.197569756975697430e+01,6.391661331831574588e-02,-5.095261168350142146e-07
1.197719771977197567e+01,6.391470477946288586e-02,-4.889159073588159567e-07
1.197869786978697704e+01,6.391279632512851527e-02,-4.679319144982238696e-07
1.198019801980198018e+01,6.391088795486805918e-02,-4.465816583789469219e-07
1.198169816981698155e+01,6.390897966822657594e-02,-4.248728346920554339e-07
1.198319831983198291e+01,6.390707146473886824e-02,-4.028133146938432232e-07
1.198469846984698428e+01,6.390516334392938591e-02,-3.804111452059080722e-07
1.198619861986198565e+01,6.390325530531228149e-02,-3.576745486151468582e-07
1.198769876987698701e+01,6.390134734839141017e-02,-3.346119228737398833e-07
1.198919891989198838e+01,6.389943947266028823e-02,-3.112318414991614619e-07
1.199069906990698975e+01,6.389753167760214847e-02,-2.875430535741716625e-07
1.199219921992199112e+01,6.389562396268989863e-02,-2.635544837468256248e-07
1.199369936993699248e+01,6.389371632738613527e-02,-2.392752322304665721e-07
1.199519951995199385e+01,6.389180877114315760e-02,-2.147145748037222109e-07
1.199669966996699522e+01,6.388990129340293977e-02,-1.898819628105180719e-07
1.199819981998199658e+01,6.388799389359714476e-02,-1.647870231600648046e-07
1.199969996999699973e+01,6.388608657114713818e-02,-1.394395583268344601e-07
1.200120012001200109e+01,6.388417932546396061e-02,-1.138495463506794996e-07
1.200270027002700246e+01,6.388227215594834141e-02,-8.802714083665004683e-08
1.200420042004200383e+01,6.388036506199072651e-02,-6.198267095511967232e-08
1.200570057005700519e+01,6.387845804297122287e-02,-3.572664144174431256e-08
1.200720072007200656e+01,6.387655109825962629e-02,-9.269732597481116336e-09
1.200870087008700793e+01,6.387464422721542134e-02,1.737719971143230756e-08
1.201020102010200929e+01,6.387273742918780917e-02,4.420312405346179669e-08
1.201170117011701066e+01,6.387083070351565195e-02,7.119683343179230505e-08
1.201320132013201203e+01,6.386892404952751456e-02,9.834694528430884491e-08
1.201470147014701340e+01,6.386701746654165068e-02,1.256419014836102510e-07
1.201620162016201476e+01,6.386511095386598891e-02,1.530699683370112982e-07
1.201770177017701613e+01,6.386320451079816052e-02,1.806192365865283019e-07
1.201920192019201927e+01,6.386129813662547172e-02,2.082776214089225283e-07
1.202070207020702064e+01,6.385939183062495916e-02,2.360328624155712341e-07
1.202220222022202201e+01,6.385748559206330666e-02,2.638725236526561309e-07
1.202370237023702337e+01,6.385557942019688682e-02,2.917839936010404596e-07
1.202520252025202474e+01,6.385367331427177495e-02,3.197544851762904839e-07
1.202670267026702611e+01,6.385176727352374904e-02,3.477710357286905255e-07
1.202820282028202747e+01,6.384986129717826198e-02,3.758205070432296226e-07
1.202970297029702884e+01,6.384795538445045548e-02,4.038895853396042834e-07
1.203120312031203021e+01,6.384604953454514620e-02,4.319647812722326737e-07
1.203270327032703157e+01,6.384414374665686731e-02,4.600324299302341819e-07
1.203420342034203294e+01,6.384223801996982695e-02,4.880786908374424428e-07
1.203570357035703431e+01,6.384033235365792203e-02,5.160895479523899845e-07
1.203720372037203568e+01,6.383842674688475216e-02,5.440508096683379808e-07
1.203870387038703704e+01,6.383652119880357800e-02,5.719481088132440638e-07
1.204020402040204019e+01,6.383461570855737677e-02,5.997669026498099695e-07
1.204170417041704155e+01,6.383271027527881447e-02,6.274924728753579770e-07
1.204320432043204292e+01,6.383080489809021818e-02,6.551099256220127027e-07
1.204470447044704429e+01,6.382889957610363152e-02,6.826041914565685400e-07
1.204620462046204565e+01,6.382699430842078692e-02,7.099600253805484218e-07
1.204770477047704702e+01,6.382508909413307785e-02,7.371620068301681396e-07
1.204920492049204839e+01,6.382318393232162823e-02,7.641945396763597426e-07
1.205070507050704975e+01,6.382127882205722302e-02,7.910418522247721729e-07
1.205220522052205112e+01,6.381937376240033599e-02,8.176879972157549603e-07
1.205370537053705249e+01,6.381746875240114358e-02,8.441168518243660573e-07
1.205520552055205385e+01,6.381556379109949717e-02,8.703121176603876151e-07
1.205670567056705522e+01,6.381365887752496469e-02,8.962573207682996194e-07
1.205820582058205659e+01,6.381175401069677511e-02,9.219358116272939729e-07
1.205970597059705973e+01,6.380984918962384622e-02,9.473307651513029764e-07
1.206120612061206110e+01,6.380794441330481237e-02,9.724251806888801088e-07
1.206270627062706247e+01,6.380603968072796894e-02,9.972018820233861630e-07
1.206420642064206383e+01,6.380413499087131401e-02,1.021643517372852132e-06
1.206570657065706520e+01,6.380223034270252058e-02,1.045732559390016796e-06
1.206720672067206657e+01,6.380032573517899208e-02,1.069451305162337630e-06
1.206870687068706793e+01,6.379842116724776524e-02,1.092781876211985081e-06
1.207020702070206930e+01,6.379651663784559334e-02,1.115706218495822457e-06
1.207170717071707067e+01,6.379461214589893236e-02,1.138206102405444040e-06
1.207320732073207203e+01,6.379270769032389932e-02,1.160263122767136337e-06
1.207470747074707340e+01,6.379080327002632778e-02,1.181858698841914921e-06
1.207620762076207477e+01,6.378889888390171237e-02,1.202974074325488014e-06
1.207770777077707614e+01,6.378699453083526427e-02,1.223590317348279777e-06
1.207920792079207928e+01,6.378509020970185572e-02,1.243688320475448946e-06
1.208070807080708065e+01,6.378318591936608939e-02,1.263248800706796929e-06
1.208220822082208201e+01,6.378128165868221511e-02,1.282252299476904390e-06
1.208370837083708338e+01,6.377937742649418540e-02,1.300679182655033416e-06
1.208520852085208475e+01,6.377747322163565546e-02,1.318509640545156953e-06
1.208670867086708611e+01,6.377556904292995543e-02,1.335723687885971085e-06
1.208820882088208748e+01,6.377366488919010423e-02,1.352301163850865602e-06
1.208970897089708885e+01,6.377176075921882348e-02,1.368221732047945600e-06
1.209120912091209021e+01,6.376985665180850971e-02,1.383464880520029362e-06
1.209270927092709158e+01,6.376795256574124826e-02,1.398009921744642639e-06
1.209420942094209295e+01,6.376604849978882716e-02,1.411835992634029031e-06
1.209570957095709431e+01,6.376414445271272324e-02,1.424922054535122663e-06
1.209720972097209568e+01,6.376224042326407437e-02,1.437246893229587580e-06
1.209870987098709705e+01,6.376033641018374887e-02,1.448789118933790213e-06
1.210021002100210019e+01,6.375843241220227609e-02,1.459527166298825426e-06
1.210171017101710156e+01,6.375652842803988807e-02,1.469439294410441979e-06
1.210321032103210293e+01,6.375462445640649178e-02,1.478503586789162805e-06
1.210471047104710429e+01,6.375272049600169688e-02,1.486697951390191203e-06
1.210621062106210566e+01,6.375081654551480181e-02,1.494000120603445776e-06
1.210771077107710703e+01,6.374891260362477996e-02,1.500387651253553231e-06
1.210921092109210839e+01,6.374700866900032126e-02,1.505837924599854310e-06
1.211071107110710976e+01,6.374510474029977669e-02,1.510328146336391720e-06
1.211221122112211113e+01,6.374320081617119993e-02,1.513835346591927707e-06
1.211371137113711249e+01,6.374129689525231957e-02,1.516336379929924576e-06
1.211521152115211386e+01,6.373939297617059463e-02,1.517807925348576028e-06
1.211671167116711523e+01,6.373748905754311744e-02,1.518226486280753168e-06
1.211821182118211659e+01,6.373558513797671077e-02,1.517568390594070779e-06
1.211971197119711974e+01,6.373368121606785841e-02,1.515809790590822737e-06
1.212121212121212110e+01,6.373177729040276074e-02,1.512926663008038767e-06
1.212271227122712247e+01,6.372987335955729304e-02,1.508894809017442508e-06
1.212421242124212384e+01,6.372796942209701943e-02,1.503689854225474810e-06
1.212571257125712521e+01,6.372606547657719278e-02,1.497287248673287172e-06
1.212721272127212657e+01,6.372416152154276869e-02,1.489662266836731571e-06
1.212871287128712794e+01,6.372225755552834991e-02,1.480790007626389903e-06
1.213021302130212931e+01,6.372035357705829739e-02,1.470645394387540520e-06
1.213171317131713067e+01,6.371844958464659148e-02,1.459203174900169669e-06
1.213321332133213204e+01,6.371654557679695685e-02,1.446437921378970855e-06
1.213471347134713341e+01,6.371464155200276536e-02,1.432324030473362627e-06
1.213621362136213477e+01,6.371273750874711927e-02,1.416835723267468040e-06
1.213771377137713614e+01,6.371083344550276806e-02,1.399947045280106186e-06
1.213921392139213928e+01,6.370892938004280026e-02,1.381958518924732701e-06
1.214071407140714065e+01,6.370702534925876126e-02,1.363494301158540348e-06
1.214221422142214202e+01,6.370512135506836704e-02,1.344587127852156232e-06
1.214371437143714338e+01,6.370321739848061604e-02,1.325254363673486891e-06
1.214521452145214475e+01,6.370131348049472286e-02,1.305513204764614177e-06
1.214671467146714612e+01,6.369940960210006275e-02,1.285380678741796526e-06
1.214821482148214749e+01,6.369750576427618549e-02,1.264873644695468955e-06
1.214971497149714885e+01,6.369560196799281537e-02,1.244008793190241796e-06
1.215121512151215022e+01,6.369369821420987898e-02,1.222802646264901965e-06
1.215271527152715159e+01,6.369179450387744967e-02,1.201271557432412959e-06
1.215421542154215295e+01,6.368989083793580308e-02,1.179431711679913380e-06
1.215571557155715432e+01,6.368798721731537549e-02,1.157299125468719044e-06
1.215721572157215569e+01,6.368608364293679158e-02,1.134889646734321508e-06
1.215871587158715705e+01,6.368418011571085058e-02,1.112218954886388064e-06
1.216021602160216020e+01,6.368227663653854009e-02,1.089302560808735480e-06
1.216171617161716156e+01,6.368037320631099452e-02,1.066155806859438214e-06
1.216321632163216293e+01,6.367846982590957827e-02,1.042793866870665356e-06
1.216471647164716430e+01,6.367656649620577480e-02,1.019231746148789049e-06
1.216621662166216566e+01,6.367466321806128371e-02,9.954842814743578089e-07
1.216771677167716703e+01,6.367275999232799299e-02,9.715661411020963103e-07
1.216921692169216840e+01,6.367085681984792356e-02,9.474918247609052824e-07
1.217071707170716977e+01,6.366895370145329858e-02,9.232756636538616145e-07
1.217221722172217113e+01,6.366705063796654351e-02,8.989318204582185676e-07
1.217371737173717250e+01,6.366514763020023060e-02,8.744742893254053508e-07
1.217521752175217387e+01,6.366324467895709271e-02,8.499168958810271217e-07
1.217671767176717523e+01,6.366134178503010665e-02,8.252732972248656213e-07
1.217821782178217660e+01,6.365943894920236823e-02,8.005569819308786447e-07
1.217971797179717974e+01,6.365753617224714778e-02,7.757812700471705007e-07
1.218121812181218111e+01,6.365563345492795955e-02,7.509593130961099617e-07
1.218271827182718248e+01,6.365373079799842293e-02,7.261040940741537624e-07
1.218421842184218384e+01,6.365182820220237347e-02,7.012284274519646555e-07
1.218571857185718521e+01,6.364992566827382126e-02,6.763449591743808128e-07
1.218721872187218658e+01,6.364802319693693700e-02,6.514661666604167775e-07
1.218871887188718794e+01,6.364612078890609370e-02,6.266043588032635707e-07
1.219021902190218931e+01,6.364421844488582503e-02,6.017716759702882675e-07
1.219171917191719068e+01,6.364231616557083915e-02,5.769800900030335736e-07
1.219321932193219205e+01,6.364041395164604653e-02,5.522414042172190960e-07
1.219471947194719341e+01,6.363851180378650441e-02,5.275672534027401779e-07
1.219621962196219478e+01,6.363660972265748617e-02,5.029691038236678994e-07
1.219771977197719615e+01,6.363470770891439809e-02,4.784582532182508766e-07
1.219921992199219929e+01,6.363280576320286264e-02,4.540458307988839220e-07
1.220072007200720066e+01,6.363090388615864901e-02,4.297427972522241939e-07
1.220222022202220202e+01,6.362900207840774258e-02,4.055599447390198835e-07
1.220372037203720339e+01,6.362710034056627550e-02,3.815078968942229765e-07
1.220522052205220476e+01,6.362519867324056833e-02,3.575971088269615128e-07
1.220672067206720612e+01,6.362329707702710224e-02,3.338378671205407511e-07
1.220822082208220749e+01,6.362139555251257461e-02,3.102402898324414748e-07
1.220972097209720886e+01,6.361949410027382956e-02,2.868143264943202038e-07
1.221122112211221022e+01,6.361759272087789963e-02,2.635697581120106767e-07
1.221272127212721159e+01,6.361569141488199186e-02,2.405161971655217335e-07
1.221422142214221296e+01,6.361379018283350173e-02,2.176630876090390093e-07
1.221572157215721433e+01,6.361188902526998534e-02,1.950197048709242992e-07
1.221722172217221569e+01,6.360998794271920109e-02,1.725951558537153468e-07
1.221872187218721706e+01,6.360808693569905414e-02,1.503983789341254200e-07
1.222022202220222020e+01,6.360618600471763806e-02,1.284381439630191715e-07
1.222172217221722157e+01,6.360428515027326257e-02,1.067230522655153405e-07
1.222322232223222294e+01,6.360238437285435642e-02,8.526153664082920550e-08
1.222472247224722430e+01,6.360048367293956451e-02,6.406186136237994518e-08
1.222622262226222567e+01,6.359858305099770626e-02,4.313212217776226297e-08
1.222772277227722704e+01,6.359668250748774787e-02,2.248024630874681051e-08
1.222922292229222840e+01,6.359478204285888558e-02,2.113992451280611258e-09
1.223072307230722977e+01,6.359288165755044853e-02,-1.795904922451272785e-08
1.223222322232223114e+01,6.359098135199195423e-02,-3.773145707433534570e-08
1.223372337233723250e+01,6.358908112660312251e-02,-5.719597797971004477e-08
1.223522352235223387e+01,6.358718098179383382e-02,-7.634552734798600867e-08
1.223672367236723524e+01,6.358528091796412929e-02,-9.517318911233499044e-08
1.223822382238223661e+01,6.358338093550426617e-02,-1.136722157317538537e-07
1.223972397239723975e+01,6.358148103479463464e-02,-1.318360281910834190e-07
1.224122412241224112e+01,6.357958121620584102e-02,-1.496582160009241843e-07
1.224272427242724248e+01,6.357768148009866616e-02,-1.671325371977650736e-07
1.224422442244224385e+01,6.357578182682405155e-02,-1.842529183438989459e-07
1.224572457245724522e+01,6.357388225672311322e-02,-2.010134545274391119e-07
1.224722472247224658e+01,6.357198277012715559e-02,-2.174084093623265339e-07
1.224872487248724795e+01,6.357008336735768539e-02,-2.334322149883228380e-07
1.225022502250224932e+01,6.356818404872634221e-02,-2.490794720710162429e-07
1.225172517251725068e+01,6.356628481453496793e-02,-2.643449498018162665e-07
1.225322532253225205e+01,6.356438566507557897e-02,-2.792235858979575370e-07
1.225472547254725342e+01,6.356248660063038014e-02,-2.937104866024987345e-07
1.225622562256225478e+01,6.356058762147173691e-02,-3.078009266843211084e-07
1.225772577257725615e+01,6.355868872786218926e-02,-3.214903494381325012e-07
1.225922592259225929e+01,6.355678992005447947e-02,-3.347743666844762419e-07
1.226072607260726066e+01,6.355489119829152433e-02,-3.476487587696769361e-07
1.226222622262226203e+01,6.355299256280638742e-02,-3.601094745659253811e-07
1.226372637263726340e+01,6.355109401382234846e-02,-3.721526314712252028e-07
1.226522652265226476e+01,6.354919555155284783e-02,-3.837745154094013260e-07
1.226672667266726613e+01,6.354729717620148655e-02,-3.949715808301010331e-07
1.226822682268226750e+01,6.354539888796208180e-02,-4.057404507087994699e-07
1.226972697269726886e+01,6.354350068701861143e-02,-4.160779165467926577e-07
1.227122712271227023e+01,6.354160257354520003e-02,-4.259809383712004578e-07
1.227272727272727160e+01,6.353970454770621612e-02,-4.354466447349686889e-07
1.227422742274227296e+01,6.353780660965614724e-02,-4.444723327168642570e-07
1.227572757275727433e+01,6.353590875953968320e-02,-4.530554679214802374e-07
1.227722772277227570e+01,6.353401099749168834e-02,-4.611936844792331219e-07
1.227872787278727706e+01,6.353211332363721542e-02,-4.688847850463617599e-07
1.228022802280228021e+01,6.353021573809147782e-02,-4.761267408049379465e-07
1.228172817281728157e+01,6.352831824095987734e-02,-4.829176914628331764e-07
1.228322832283228294e+01,6.352642083233799031e-02,-4.892559452537669246e-07
1.228472847284728431e+01,6.352452351231158145e-02,-4.951399789372748829e-07
1.228622862286228568e+01,6.352262628095657615e-02,-5.005684377987157359e-07
1.228772877287728704e+01,6.352072913833908818e-02,-5.055401356492722203e-07
1.228922892289228841e+01,6.351883208451540586e-02,-5.100540548259513359e-07
1.229072907290728978e+01,6.351693511953200588e-02,-5.141093461915839229e-07
1.229222922292229114e+01,6.351503824342552562e-02,-5.177053291348244493e-07
1.229372937293729251e+01,6.351314145622279084e-02,-5.208414915701503765e-07
1.229522952295229388e+01,6.351124475794080182e-02,-5.235174899378651232e-07
1.229672967296729524e+01,6.350934814858674726e-02,-5.257331492040942542e-07
1.229822982298229661e+01,6.350745162815796263e-02,-5.274884628607871741e-07
1.229972997299729975e+01,6.350555519664201343e-02,-5.287835929257183982e-07
1.230123012301230112e+01,6.350365885401659805e-02,-5.296188699424833171e-07
1.230273027302730249e+01,6.350176260024961716e-02,-5.299947929805058203e-07
1.230423042304230385e+01,6.349986643529914598e-02,-5.299120296350285547e-07
1.230573057305730522e+01,6.349797035911340648e-02,-5.293714160271226662e-07
1.230723072307230659e+01,6.349607437163085066e-02,-5.283739568036805995e-07
1.230873087308730796e+01,6.349417847278007732e-02,-5.269208251374186393e-07
1.231023102310230932e+01,6.349228266247985975e-02,-5.250133627268777574e-07
1.231173117311731069e+01,6.349038694063915966e-02,-5.226530797964219183e-07
1.231323132313231206e+01,6.348849130715712719e-02,-5.198416550962406210e-07
1.231473147314731342e+01,6.348659576192308696e-02,-5.165809359023442395e-07
1.231623162316231479e+01,6.348470030481651039e-02,-5.128729380165699525e-07
1.231773177317731616e+01,6.348280493570707117e-02,-5.087198457665772965e-07
1.231923192319231752e+01,6.348090965445464529e-02,-5.041240120058504951e-07
1.232073207320732067e+01,6.347901446090922772e-02,-4.990879581136887177e-07
1.232223222322232203e+01,6.347711935491105739e-02,-4.936143739952384793e-07
1.232373237323732340e+01,6.347522433629049221e-02,-4.877061180814464176e-07
1.232523252325232477e+01,6.347332940486812014e-02,-4.813662173290923280e-07
1.232673267326732613e+01,6.347143456045467591e-02,-4.745978672207796338e-07
1.232823282328232750e+01,6.346953980285106878e-02,-4.674044317649347514e-07
1.232973297329732887e+01,6.346764513184839640e-02,-4.597894434958075139e-07
1.233123312331233024e+01,6.346575054722793097e-02,-4.517566034734741352e-07
1.233273327332733160e+01,6.346385604876114694e-02,-4.433097812838319164e-07
1.233423342334233297e+01,6.346196163620965169e-02,-4.344530150386015752e-07
1.233573357335733434e+01,6.346006730932526874e-02,-4.251905113753306338e-07
1.233723372337233570e+01,6.345817306784998224e-02,-4.155266454573891840e-07
1.233873387338733707e+01,6.345627891151596478e-02,-4.054659609739696750e-07
1.234023402340234021e+01,6.345438484004553570e-02,-3.950131701400780202e-07
1.234173417341734158e+01,6.345249085315124438e-02,-3.841731536965787010e-07
1.234323432343234295e+01,6.345059695053578697e-02,-3.729509609101263695e-07
1.234473447344734431e+01,6.344870313189202027e-02,-3.613518095732094704e-07
1.234623462346234568e+01,6.344680939690301724e-02,-3.493810860041409236e-07
1.234773477347734705e+01,6.344491574524199762e-02,-3.370443450470564302e-07
1.234923492349234841e+01,6.344302217657239729e-02,-3.243473100719172253e-07
1.235073507350734978e+01,6.344112869054778503e-02,-3.112958729745083842e-07
1.235223522352235115e+01,6.343923528681194579e-02,-2.978960941764375515e-07
1.235373537353735252e+01,6.343734196499879741e-02,-2.841542026251368472e-07
1.235523552355235388e+01,6.343544872473250162e-02,-2.700765957938615958e-07
1.235673567356735525e+01,6.343355556562732533e-02,-2.556698396816932913e-07
1.235823582358235662e+01,6.343166248728776546e-02,-2.409406688135332442e-07
1.235973597359735976e+01,6.342976948930847958e-02,-2.258959862400917822e-07
1.236123612361236113e+01,6.342787657127431367e-02,-2.105428635379566474e-07
1.236273627362736249e+01,6.342598373276026047e-02,-1.948885408094847886e-07
1.236423642364236386e+01,6.342409097333152890e-02,-1.789404266828739351e-07
1.236573657365736523e+01,6.342219829254347463e-02,-1.627060983121488326e-07
1.236723672367236659e+01,6.342030568994166950e-02,-1.461933013771553140e-07
1.236873687368736796e+01,6.341841316506181825e-02,-1.294099500835638991e-07
1.237023702370236933e+01,6.341652071742982788e-02,-1.123641271628683126e-07
1.237173717371737069e+01,6.341462834656177994e-02,-9.506408387238844850e-08
1.237323732373237206e+01,6.341273605196395824e-02,-7.751823999526528776e-08
1.237473747374737343e+01,6.341084383313276562e-02,-5.973518384046365152e-08
1.237623762376237480e+01,6.340895168955484884e-02,-4.172367224277453021e-08
1.237773777377737616e+01,6.340705962070698753e-02,-2.349263056281127193e-08
1.237923792379237753e+01,6.340516762605616363e-02,-5.051152687012335364e-09
1.238073807380738067e+01,6.340327570505950583e-02,1.359149897238518007e-08
1.238223822382238204e+01,6.340138385716437286e-02,3.242589347725066649e-08
1.238373837383738341e+01,6.339949208180824247e-02,5.144243136369807391e-08
1.238523852385238477e+01,6.339760037841882245e-02,7.063134464199400719e-08
1.238673867386738614e+01,6.339570874641396736e-02,8.998269679658123120e-08
1.238823882388238751e+01,6.339381718520172015e-02,1.094863827860797296e-07
1.238973897389738887e+01,6.339192569418029832e-02,1.291321290432858578e-07
1.239123912391239024e+01,6.339003427273810776e-02,1.489094934751700137e-07
1.239273927392739161e+01,6.338814292025370112e-02,1.688078654628848960e-07
1.239423942394239297e+01,6.338625163609584723e-02,1.888164658617470816e-07
1.239573957395739434e+01,6.338436041962347556e-02,2.089243470012630717e-07
1.239723972397239571e+01,6.338246927018570398e-02,2.291203926851045160e-07
1.239873987398739708e+01,6.338057818712179714e-02,2.493933181911272710e-07
1.240024002400240022e+01,6.337868716976124972e-02,2.697316702713851644e-07
1.240174017401740159e+01,6.337679621742367542e-02,2.901238271520317390e-07
1.240324032403240295e+01,6.337490532941891797e-02,3.105579985334733542e-07
1.240474047404740432e+01,6.337301450504696787e-02,3.310222255902679655e-07
1.240624062406240569e+01,6.337112374359800404e-02,3.515043809711486296e-07
1.240774077407740705e+01,6.336923304435237991e-02,3.719921687990230807e-07
1.240924092409240842e+01,6.336734240658062345e-02,3.924731246709807190e-07
1.241074107410740979e+01,6.336545182954346489e-02,4.129346156582801165e-07
1.241224122412241115e+01,6.336356131249178125e-02,4.333638403063615109e-07
1.241374137413741252e+01,6.336167085466663795e-02,4.537478286348381236e-07
1.241524152415241389e+01,6.335978045529928881e-02,4.740734421375007125e-07
1.241674167416741525e+01,6.335789011361114831e-02,4.943273737823153483e-07
1.241824182418241662e+01,6.335599982881381931e-02,5.144961480114220384e-07
1.241974197419741976e+01,6.335410960010909309e-02,5.345661207411675492e-07
1.242124212421242113e+01,6.335221942668892159e-02,5.545234793619967740e-07
1.242274227422742250e+01,6.335032930773543125e-02,5.743542427386061525e-07
1.242424242424242387e+01,6.334843924242095081e-02,5.940442612098413906e-07
1.242574257425742523e+01,6.334654922990796966e-02,6.135792165887299661e-07
1.242724272427242660e+01,6.334465926934915170e-02,6.329446221624650348e-07
1.242874287428742797e+01,6.334276935988734925e-02,6.521258226924272413e-07
1.243024302430242933e+01,6.334087950065558914e-02,6.711079944141640731e-07
1.243174317431743070e+01,6.333898969077707275e-02,6.898761450374081773e-07
1.243324332433243207e+01,6.333709992936517597e-02,7.084151137460609494e-07
1.243474347434743343e+01,6.333521021552347696e-02,7.267095711982056626e-07
1.243624362436243480e+01,6.333332054834568681e-02,7.447440195260974089e-07
1.243774377437743617e+01,6.333143092691576048e-02,7.625027923361647933e-07
1.243924392439243753e+01,6.332954135030775811e-02,7.799700547090199924e-07
1.244074407440744068e+01,6.332765181758596984e-02,7.971298031994697658e-07
1.244224422442244204e+01,6.332576232780484649e-02,8.139658658364362583e-07
1.244374437443744341e+01,6.332387288000899950e-02,8.304619021230681735e-07
1.244524452445244478e+01,6.332198347323325649e-02,8.466014030366845514e-07
1.244674467446744615e+01,6.332009410650259185e-02,8.623676910287810155e-07
1.244824482448244751e+01,6.331820477883218223e-02,8.777439200250157970e-07
1.244974497449744888e+01,6.331631548922733721e-02,8.927130754252308042e-07
1.245124512451245025e+01,6.331442623668361025e-02,9.072579741034435762e-07
1.245274527452745161e+01,6.331253702018667384e-02,9.213612644078534238e-07
1.245424542454245298e+01,6.331064783871241664e-02,9.350054261608284061e-07
1.245574557455745435e+01,6.330875869122688793e-02,9.481727706589124245e-07
1.245724572457245571e+01,6.330686957668631154e-02,9.608454406728328463e-07
1.245874587458745708e+01,6.330498049403711358e-02,9.730054104474859988e-07
1.246024602460246022e+01,6.330309144221586692e-02,9.846344857019570749e-07
1.246174617461746159e+01,6.330120242014933285e-02,9.957143036294765108e-07
1.246324632463246296e+01,6.329931342675447492e-02,1.006226332897480337e-06
1.246474647464746432e+01,6.329742446093838959e-02,1.016151873647575238e-06
1.246624662466246569e+01,6.329553552159840335e-02,1.025472057495537072e-06
1.246774677467746706e+01,6.329364660762196171e-02,1.034167847531324419e-06
1.246924692469246843e+01,6.329175771788675409e-02,1.042220038319070115e-06
1.247074707470746979e+01,6.328986885126058892e-02,1.049609255897081461e-06
1.247224722472247116e+01,6.328798000660149081e-02,1.056315957777835779e-06
1.247374737473747253e+01,6.328609118275763112e-02,1.062320432948005182e-06
1.247524752475247389e+01,6.328420237856739738e-02,1.067602801868416771e-06
1.247674767476747526e+01,6.328231359285933777e-02,1.072143016474094133e-06
1.247824782478247663e+01,6.328042482445216110e-02,1.075920860174216901e-06
1.247974797479747977e+01,6.327853607215477849e-02,1.078915947852153146e-06
1.248124812481248114e+01,6.327664733476626169e-02,1.081107725865442021e-06
1.248274827482748250e+01,6.327475861107587085e-02,1.082475472045799047e-06
1.248424842484248387e+01,6.327286989986304067e-02,1.082998295699121836e-06
1.248574857485748524e+01,6.327098119989740810e-02,1.082655137605481620e-06
1.248724872487248660e+01,6.326909250993872913e-02,1.081424770019119013e-06
1.248874887488748797e+01,6.326720382873698978e-02,1.079285796668459048e-06
1.249024902490248934e+01,6.326531515503235059e-02,1.076216652756100588e-06
1.249174917491749071e+01,6.326342648755510500e-02,1.072195604958816753e-06
1.249324932493249207e+01,6.326153782502580425e-02,1.067200751427554913e-06
1.249474947494749344e+01,6.325964916615509082e-02,1.061210021787446861e-06
1.249624962496249481e+01,6.325776050964383723e-02,1.054201177137790805e-06
1.249774977497749617e+01,6.325587185418307667e-02,1.046151810052070644e-06
1.249924992499249754e+01,6.325398319845404460e-02,1.037039344577940509e-06
1.250075007500750068e+01,6.325209454112810936e-02,1.026841036237218196e-06
1.250225022502250205e+01,6.325020588086686935e-02,1.015533972025929635e-06
1.250375037503750342e+01,6.324831721645123028e-02,1.003097275063195160e-06
1.250525052505250478e+01,6.324642857478163238e-02,9.899899970555891595e-07
1.250675067506750615e+01,6.324453997739223898e-02,9.765797955526963811e-07
1.250825082508250752e+01,6.324265142498373959e-02,9.628788304493018451e-07
1.250975097509750888e+01,6.324076291824992646e-02,9.488991415700301854e-07
1.251125112511251025e+01,6.323887445787761130e-02,9.346526486693452263e-07
1.251275127512751162e+01,6.323698604454663919e-02,9.201511514315506179e-07
1.251425142514251299e+01,6.323509767892995792e-02,9.054063294707889889e-07
1.251575157515751435e+01,6.323320936169353479e-02,8.904297423310426877e-07
1.251725172517251572e+01,6.323132109349638430e-02,8.752328294861334650e-07
1.251875187518751709e+01,6.322943287499060983e-02,8.598269103397225795e-07
1.252025202520252023e+01,6.322754470682133421e-02,8.442231842252918456e-07
1.252175217521752160e+01,6.322565658962675528e-02,8.284327304062184899e-07
1.252325232523252296e+01,6.322376852403810421e-02,8.124665080756637663e-07
1.252475247524752433e+01,6.322188051067967329e-02,7.963353563566464363e-07
1.252625262526252570e+01,6.321999255016882979e-02,7.800499943020248753e-07
1.252775277527752706e+01,6.321810464311594657e-02,7.636210208944972844e-07
1.252925292529252843e+01,6.321621679012451311e-02,7.470589150466006315e-07
1.253075307530752980e+01,6.321432899179101061e-02,7.303740356007119220e-07
1.253225322532253116e+01,6.321244124870500913e-02,7.135766213290471399e-07
1.253375337533753253e+01,6.321055356144911208e-02,6.966767909336618833e-07
1.253525352535253390e+01,6.320866593059901173e-02,6.796845430464516816e-07
1.253675367536753527e+01,6.320677835672340594e-02,6.626097562291506195e-07
1.253825382538253663e+01,6.320489084038406757e-02,6.454621889733330309e-07
1.253975397539753978e+01,6.320300338213584446e-02,6.282514797003915817e-07
1.254125412541254114e+01,6.320111598252660390e-02,6.109871467616201737e-07
1.254275427542754251e+01,6.319922864209727431e-02,5.936785884380909125e-07
1.254425442544254388e+01,6.319734136138185909e-02,5.763350829407351053e-07
1.254575457545754524e+01,6.319545414090738111e-02,5.589657884103246262e-07
1.254725472547254661e+01,6.319356698119395210e-02,5.415797429174692691e-07
1.254875487548754798e+01,6.319167988275470327e-02,5.241858644626200301e-07
1.255025502550254934e+01,6.318979284609584079e-02,5.067929509760662484e-07
1.255175517551755071e+01,6.318790587171660422e-02,4.894096803179364540e-07
1.255325532553255208e+01,6.318601896010932195e-02,4.720446102781995317e-07
1.255475547554755344e+01,6.318413211175934185e-02,4.547061785766635568e-07
1.255625562556255481e+01,6.318224532714508679e-02,4.374027028629753715e-07
1.255775577557755618e+01,6.318035860673799908e-02,4.201423807166220670e-07
1.255925592559255755e+01,6.317847195100262381e-02,4.029332896469297135e-07
1.256075607560756069e+01,6.317658536039652550e-02,3.857833870930439837e-07
1.256225622562256206e+01,6.317469883537031594e-02,3.687005104240104095e-07
1.256375637563756342e+01,6.317281237636769575e-02,3.516923769386535739e-07
1.256525652565256479e+01,6.317092598382538504e-02,3.347665838656570497e-07
1.256675667566756616e+01,6.316903965817317890e-02,3.179306083635444472e-07
1.256825682568256752e+01,6.316715339983389188e-02,3.011918075206788845e-07
1.256975697569756889e+01,6.316526720922344129e-02,2.845574183552624587e-07
1.257125712571257026e+01,6.316338108675077778e-02,2.680345578153374098e-07
1.257275727572757162e+01,6.316149503281787148e-02,2.516302227787844275e-07
1.257425742574257299e+01,6.315960904781979524e-02,2.353512900533246621e-07
1.257575757575757436e+01,6.315772313214464140e-02,2.192045163765179251e-07
1.257725772577257572e+01,6.315583728617357728e-02,2.031965384157642772e-07
1.257875787578757709e+01,6.315395151028080356e-02,1.873338727683022281e-07
1.258025802580258024e+01,6.315206580483359589e-02,1.716229159611922200e-07
1.258175817581758160e+01,6.315018017019227714e-02,1.560699444513892600e-07
1.258325832583258297e+01,6.314829460671020356e-02,1.406811146256317474e-07
1.258475847584758434e+01,6.314640911473380636e-02,1.254624628005168595e-07
1.258625862586258570e+01,6.314452369460256398e-02,1.104199052224809641e-07
1.258775877587758707e+01,6.314263834664900210e-02,9.555923806779940761e-08
1.258925892589258844e+01,6.314075307119872138e-02,8.088613744258767965e-08
1.259075907590758980e+01,6.313886786857032807e-02,6.640615938280014273e-08
1.259225922592259117e+01,6.313698273907554503e-02,5.212473985423140852e-08
1.259375937593759254e+01,6.313509768301910074e-02,3.804719475251379679e-08
1.259525952595259390e+01,6.313321270069878477e-02,2.417871990312188819e-08
1.259675967596759527e+01,6.313132779240546166e-02,1.052439106136670095e-08
1.259825982598259664e+01,6.312944295842302933e-02,-2.910836087599015219e-09
1.259975997599759978e+01,6.312755819902844678e-02,-1.612212592880004910e-08
1.260126012601260115e+01,6.312567351449172026e-02,-2.910476291737435346e-08
1.260276027602760252e+01,6.312378890507591711e-02,-4.185415157866664221e-08
1.260426042604260388e+01,6.312190437103713803e-02,-5.436581650816867455e-08
1.260576057605760525e+01,6.312001991262458644e-02,-6.663540237153026644e-08
1.260726072607260662e+01,6.311813553008044364e-02,-7.865867390456310221e-08
1.260876087608760798e+01,6.311625122364002138e-02,-9.043151591323946404e-08
1.261026102610260935e+01,6.311436699353162316e-02,-1.019499332736918084e-07
1.261176117611761072e+01,6.311248283997665520e-02,-1.132100509322134014e-07
1.261326132613261208e+01,6.311059876318954320e-02,-1.242081139052572600e-07
1.261476147614761345e+01,6.310871476337776009e-02,-1.349404872794386929e-07
1.261626162616261482e+01,6.310683084074186766e-02,-1.454036562115319127e-07
1.261776177617761618e+01,6.310494699547546105e-02,-1.555942259284719415e-07
1.261926192619261755e+01,6.310306322776518262e-02,-1.655089217273554582e-07
1.262076207620762069e+01,6.310117953779072197e-02,-1.751445889754488450e-07
1.262226222622262206e+01,6.309929592572487145e-02,-1.844981931101481652e-07
1.262376237623762343e+01,6.309741239173340122e-02,-1.935668196390407850e-07
1.262526252625262480e+01,6.309552893597518419e-02,-2.023476741398659863e-07
1.262676267626762616e+01,6.309364555860215440e-02,-2.108380822605217430e-07
1.262826282628262753e+01,6.309176225975925145e-02,-2.190354897190676856e-07
1.262976297629762890e+01,6.308987903958451771e-02,-2.269374623037236190e-07
1.263126312631263026e+01,6.308799589820902887e-02,-2.345416858728695223e-07
1.263276327632763163e+01,6.308611283575689399e-02,-2.418459663550461844e-07
1.263426342634263300e+01,6.308422985234531100e-02,-2.488482297489558389e-07
1.263576357635763436e+01,6.308234694808449727e-02,-2.555465221234596231e-07
1.263726372637263573e+01,6.308046412307775908e-02,-2.619390096175799077e-07
1.263876387638763710e+01,6.307858137742143601e-02,-2.680239784405007197e-07
1.264026402640264024e+01,6.307669871120490102e-02,-2.737998348715719781e-07
1.264176417641764161e+01,6.307481612451062980e-02,-2.792651052602834474e-07
1.264326432643264297e+01,6.307293361741410365e-02,-2.844184360263079363e-07
1.264476447644764434e+01,6.307105118998387883e-02,-2.892585936594708044e-07
1.264626462646264571e+01,6.306916884228157272e-02,-2.937844647197569505e-07
1.264776477647764708e+01,6.306728657436183605e-02,-2.979950558373137771e-07
1.264926492649264844e+01,6.306540438627238065e-02,-3.018894937124475903e-07
1.265076507650764981e+01,6.306352227805397948e-02,-3.054670251156259294e-07
1.265226522652265118e+01,6.306164024974045268e-02,-3.087270168874765081e-07
1.265376537653765254e+01,6.305975830135866766e-02,-3.116689559387893318e-07
1.265526552655265391e+01,6.305787643292856681e-02,-3.142924492505122511e-07
1.265676567656765528e+01,6.305599464446311198e-02,-3.165972238737554083e-07
1.265826582658265664e+01,6.305411293596833999e-02,-3.185831269297895437e-07
1.265976597659765979e+01,6.305223130744333493e-02,-3.202501256100464189e-07
1.266126612661266115e+01,6.305034975888025583e-02,-3.215983071761145817e-07
1.266276627662766252e+01,6.304846829026426736e-02,-3.226278789597467775e-07
1.266426642664266389e+01,6.304658690157363687e-02,-3.233391683628569850e-07
1.266576657665766525e+01,6.304470559277963737e-02,-3.237326228575166043e-07
1.266726672667266662e+01,6.304282436384665844e-02,-3.238088099859605979e-07
1.266876687668766799e+01,6.304094321473208140e-02,-3.235684173605830439e-07
1.267026702670266936e+01,6.303906214538636255e-02,-3.230122526639381946e-07
1.267176717671767072e+01,6.303718115575303316e-02,-3.221412436487409004e-07
1.267326732673267209e+01,6.303530024576863011e-02,-3.209564381378676679e-07
1.267476747674767346e+01,6.303341941536280690e-02,-3.194590040243545431e-07
1.267626762676267482e+01,6.303153866445820874e-02,-3.176502292713990169e-07
1.267776777677767619e+01,6.302965799297056970e-02,-3.155315219123574836e-07
1.267926792679267756e+01,6.302777740080867108e-02,-3.131044100507488416e-07
1.268076807680768070e+01,6.302589688787432753e-02,-3.103705418602489869e-07
1.268226822682268207e+01,6.302401645406244257e-02,-3.073316855847011898e-07
1.268376837683768343e+01,6.302213609926095306e-02,-3.039897295381042362e-07
1.268526852685268480e+01,6.302025582335084308e-02,-3.003466821046175097e-07
1.268676867686768617e+01,6.301837562620617172e-02,-2.964046717385620509e-07
1.268826882688268753e+01,6.301649550769401753e-02,-2.921659469644184389e-07
1.268976897689768890e+01,6.301461546767453403e-02,-2.876328763768303922e-07
1.269126912691269027e+01,6.301273550600093587e-02,-2.828079486405977801e-07
1.269276927692769164e+01,6.301085562251947103e-02,-2.776937724906865752e-07
1.269426942694269300e+01,6.300897581706944861e-02,-2.722930767322178425e-07
1.269576957695769437e+01,6.300709608948325269e-02,-2.666087102404770565e-07
1.269726972697269574e+01,6.300521643958627294e-02,-2.606436419609079599e-07
1.269876987698769710e+01,6.300333686719700177e-02,-2.544009609091172230e-07
1.270027002700270025e+01,6.300145737212695107e-02,-2.478838761708615256e-07
1.270177017701770161e+01,6.299957795418069384e-02,-2.410957169020820743e-07
1.270327032703270298e+01,6.299769861315587804e-02,-2.340399323288601329e-07
1.270477047704770435e+01,6.299581934884317114e-02,-2.267200917474415865e-07
1.270627062706270571e+01,6.299394016102630167e-02,-2.191398845242356708e-07
1.270777077707770708e+01,6.299206104948208707e-02,-2.113031200958098900e-07
1.270927092709270845e+01,6.299018201398035033e-02,-2.032137279688936167e-07
1.271077107710770981e+01,6.298830305428400334e-02,-1.948757577203766097e-07
1.271227122712271118e+01,6.298642417014896355e-02,-1.862933789973085902e-07
1.271377137713771255e+01,6.298454536132427894e-02,-1.774708815169015714e-07
1.271527152715271392e+01,6.298266662755196144e-02,-1.684126750665249879e-07
1.271677167716771528e+01,6.298078796856715345e-02,-1.591232895037126839e-07
1.271827182718271665e+01,6.297890938409800299e-02,-1.496073747561557131e-07
1.271977197719771979e+01,6.297703087386571918e-02,-1.398697008216959863e-07
1.272127212721272116e+01,6.297515243758458614e-02,-1.299151577683703170e-07
1.272277227722772253e+01,6.297327407496190743e-02,-1.197487557343409646e-07
1.272427242724272389e+01,6.297139578569808938e-02,-1.093756249279422213e-07
1.272577257725772526e+01,6.296951756948653001e-02,-9.880101562766961246e-08
1.272727272727272663e+01,6.296763942601371622e-02,-8.803029818217947290e-08
1.272877287728772799e+01,6.296576135495920989e-02,-7.706896301028746485e-08
1.273027302730272936e+01,6.296388335599556463e-02,-6.592262060097027186e-08
1.273177317731773073e+01,6.296200542878843676e-02,-5.459700151336623411e-08
1.273327332733273209e+01,6.296012757299652984e-02,-4.309795637677174851e-08
1.273477347734773346e+01,6.295824978827156693e-02,-3.143145589064656266e-08
1.273627362736273483e+01,6.295637207425837378e-02,-1.960359082460996323e-08
1.273777377737773620e+01,6.295449443059479566e-02,-7.620572018440140627e-09
1.273927392739273756e+01,6.295261685691175280e-02,4.511269617920516989e-09
1.274077407740774071e+01,6.295073935283318489e-02,1.678548310438829363e-08
1.274227422742274207e+01,6.294886191797610664e-02,2.919549739067228866e-08
1.274377437743774344e+01,6.294698455195060771e-02,4.173462135636250823e-08
1.274527452745274481e+01,6.294510725435979726e-02,5.439604381088020793e-08
1.274677467746774617e+01,6.294323002479984552e-02,6.717283349348128099e-08
1.274827482748274754e+01,6.294135286285998387e-02,8.005793907326112867e-08
1.274977497749774891e+01,6.293947576812247702e-02,9.304418914915593081e-08
1.275127512751275027e+01,6.293759874016269240e-02,1.061242922499425400e-07
1.275277527752775164e+01,6.293572177854898919e-02,1.192908368342355168e-07
1.275427542754275301e+01,6.293384488284281542e-02,1.325362912904871301e-07
1.275577557755775437e+01,6.293196805259866633e-02,1.458530039369931800e-07
1.275727572757275574e+01,6.293009128736408442e-02,1.592332030218868573e-07
1.275877587758775711e+01,6.292821458667967327e-02,1.726689967231386371e-07
1.276027602760276025e+01,6.292633795007908371e-02,1.861523731485778786e-07
1.276177617761776162e+01,6.292446137708902765e-02,1.996752003358269681e-07
1.276327632763276299e+01,6.292258486722925037e-02,2.132292262523873987e-07
1.276477647764776435e+01,6.292070842001258602e-02,2.268060787955930776e-07
1.276627662766276572e+01,6.291883203494488819e-02,2.403972657926143498e-07
1.276777677767776709e+01,6.291695571152507160e-02,2.539941750004576797e-07
1.276927692769276845e+01,6.291507944924512596e-02,2.675880741059748637e-07
1.277077707770776982e+01,6.291320324759006044e-02,2.811701107258526529e-07
1.277227722772277119e+01,6.291132710603794531e-02,2.947313124066178362e-07
1.277377737773777255e+01,6.290945102405993972e-02,3.082625866246397810e-07
1.277527752775277392e+01,6.290757500112022227e-02,3.217547207861219626e-07
1.277677767776777529e+01,6.290569903667601881e-02,3.351983822271147763e-07
1.277827782778277665e+01,6.290382313017763016e-02,3.485841182134994431e-07
1.277977797779777980e+01,6.290194728106839051e-02,3.619023559410181855e-07
1.278127812781278116e+01,6.290007148878472287e-02,3.751434025352046651e-07
1.278277827782778253e+01,6.289819575275605590e-02,3.882974450514766265e-07
1.278427842784278390e+01,6.289632007240489320e-02,4.013545504750781933e-07
1.278577857785778527e+01,6.289444444714681337e-02,4.143046657210922561e-07
1.278727872787278663e+01,6.289256887639041449e-02,4.271376176344414252e-07
1.278877887788778800e+01,6.289069335953735573e-02,4.398431129898864427e-07
1.279027902790278937e+01,6.288881789598237126e-02,4.524107384920276644e-07
1.279177917791779073e+01,6.288694248511322860e-02,4.648299607753077071e-07
1.279327932793279210e+01,6.288506712631072859e-02,4.770901264040031900e-07
1.279477947794779347e+01,6.288319181894877485e-02,4.891804618722384987e-07
1.279627962796279483e+01,6.288131656239430434e-02,5.010900736039651392e-07
1.279777977797779620e+01,6.287944135600727347e-02,5.128079479529900074e-07
1.279927992799279757e+01,6.287756619914072753e-02,5.243229512029438369e-07
1.280078007800780071e+01,6.287569109114077293e-02,5.356238295673203748e-07
1.280228022802280208e+01,6.287381603134653552e-02,5.466992091894079832e-07
1.280378037803780344e+01,6.287194101909023003e-02,5.575375961423777313e-07
1.280528052805280481e+01,6.287006605369709067e-02,5.681273764292221966e-07
1.280678067806780618e+01,6.286819113448542662e-02,5.784568159827803467e-07
1.280828082808280755e+01,6.286631626076659429e-02,5.885140606657252579e-07
1.280978097809780891e+01,6.286444143184499733e-02,5.982871362705664434e-07
1.281128112811281028e+01,6.286256664701811436e-02,6.077639485196625600e-07
1.281278127812781165e+01,6.286069190557645736e-02,6.169322830652052076e-07
1.281428142814281301e+01,6.285881720680358553e-02,6.257798054892268709e-07
1.281578157815781438e+01,6.285694254997613306e-02,6.342940613035966838e-07
1.281728172817281575e+01,6.285506793436376749e-02,6.424624759500266762e-07
1.281878187818781711e+01,6.285319335922921746e-02,6.502723548000682805e-07
1.282028202820282026e+01,6.285131882382827273e-02,6.577108831551205895e-07
1.282178217821782162e+01,6.284944432740977027e-02,6.647651262463903346e-07
1.282328232823282299e+01,6.284756986921558042e-02,6.714220292349631423e-07
1.282478247824782436e+01,6.284569544848067624e-02,6.776684172117422302e-07
1.282628262826282572e+01,6.284382106443303639e-02,6.834909951974763587e-07
1.282778277827782709e+01,6.284194671629371454e-02,6.888763481427531615e-07
1.282928292829282846e+01,6.284007240327679766e-02,6.938109409280020034e-07
1.283078307830782983e+01,6.283819812458946164e-02,6.982811183634805342e-07
1.283228322832283119e+01,6.283632387943190178e-02,7.022731051893065582e-07
1.283378337833783256e+01,6.283444966699737455e-02,7.057730060754145178e-07
1.283528352835283393e+01,6.283257548647221136e-02,7.087668056215899044e-07
1.283678367836783529e+01,6.283070133703577698e-02,7.112403683574617405e-07
1.283828382838283666e+01,6.282882721786048341e-02,7.131794387424901926e-07
1.283978397839783980e+01,6.282695312811181765e-02,7.145696411659803348e-07
1.284128412841284117e+01,6.282507906694830002e-02,7.153964799470689144e-07
1.284278427842784254e+01,6.282320503352151198e-02,7.156453393347446802e-07
1.284428442844284390e+01,6.282133102697608218e-02,7.153014835078245603e-07
1.284578457845784527e+01,6.281945704644971429e-02,7.143500565749706023e-07
1.284728472847284664e+01,6.281758309107313143e-02,7.127760825746779031e-07
1.284878487848784800e+01,6.281570915997014559e-02,7.105644654752908086e-07
1.285028502850284937e+01,6.281383525225758824e-02,7.076999891749895729e-07
1.285178517851785074e+01,6.281196136704536581e-02,7.041673175017930052e-07
1.285328532853285211e+01,6.281008750343643199e-02,6.999509942135509525e-07
1.285478547854785347e+01,6.280821366052678767e-02,6.950354429979682279e-07
1.285628562856285484e+01,6.280633983740550874e-02,6.894049674725762357e-07
1.285778577857785621e+01,6.280446603315470444e-02,6.830437511847600758e-07
1.285928592859285757e+01,6.280259224684953123e-02,6.759358576117239214e-07
1.286078607860786072e+01,6.280071847755822056e-02,6.680652301605201360e-07
1.286228622862286208e+01,6.279884472836329279e-02,6.594846160974750583e-07
1.286378637863786345e+01,6.279697101938493120e-02,6.505389054231116437e-07
1.286528652865286482e+01,6.279509735404265047e-02,6.412869128713761071e-07
1.286678667866786618e+01,6.279322373294550508e-02,6.317392909349566973e-07
1.286828682868286755e+01,6.279135015669690123e-02,6.219065938151612324e-07
1.286978697869786892e+01,6.278947662589456913e-02,6.117992774219171003e-07
1.287128712871287028e+01,6.278760314113064622e-02,6.014276993737707288e-07
1.287278727872787165e+01,6.278572970299158007e-02,5.908021189978884330e-07
1.287428742874287302e+01,6.278385631205821160e-02,5.799326973300557798e-07
1.287578757875787439e+01,6.278198296890570573e-02,5.688294971146774818e-07
1.287728772877287575e+01,6.278010967410362075e-02,5.575024828047781392e-07
1.287878787878787712e+01,6.277823642821582506e-02,5.459615205620016038e-07
1.288028802880288026e+01,6.277636323180058042e-02,5.342163782565970033e-07
1.288178817881788163e+01,6.277449008541050035e-02,5.222767254674749628e-07
1.288328832883288300e+01,6.277261698959252234e-02,5.101521334821237491e-07
1.288478847884788436e+01,6.277074394488797726e-02,4.978520752966649626e-07
1.288628862886288573e+01,6.276887095183254772e-02,4.853859256158395614e-07
1.288778877887788710e+01,6.276699801095625419e-02,4.727629608530079673e-07
1.288928892889288846e+01,6.276512512278346889e-02,4.599923591301501188e-07
1.289078907890788983e+01,6.276325228783295740e-02,4.470832002778652059e-07
1.289228922892289120e+01,6.276137950661780929e-02,4.340444658353719883e-07
1.289378937893789256e+01,6.275950677964546587e-02,4.208850390505086365e-07
1.289528952895289393e+01,6.275763410741774795e-02,4.076137048797326786e-07
1.289678967896789530e+01,6.275576149043082808e-02,3.942391499881212121e-07
1.289828982898289667e+01,6.275388892917521666e-02,3.807699627493705865e-07
1.289978997899789981e+01,6.275201642413580361e-02,3.672146332457806801e-07
1.290129012901290118e+01,6.275014397579181669e-02,3.535815532683188510e-07
1.290279027902790254e+01,6.274827158461683541e-02,3.398790163165239047e-07
1.290429042904290391e+01,6.274639925107883265e-02,3.261152175985699392e-07
1.290579057905790528e+01,6.274452697564009140e-02,3.122982540312506221e-07
1.290729072907290664e+01,6.274265475875728804e-02,2.984361242399789257e-07
1.290879087908790801e+01,6.274078260088142289e-02,2.845367285587874448e-07
1.291029102910290938e+01,6.273891050245786194e-02,2.706078690303279202e-07
1.291179117911791074e+01,6.273703846392635064e-02,2.566572494058718739e-07
1.291329132913291211e+01,6.273516648572097232e-02,2.426924751453098681e-07
1.291479147914791348e+01,6.273329456827014816e-02,2.287210534171521931e-07
1.291629162916291484e+01,6.273142271199669273e-02,2.147503930985286030e-07
1.291779177917791621e+01,6.272955091731774457e-02,2.007878047751878391e-07
1.291929192919291758e+01,6.272767918464482173e-02,1.868405007414989002e-07
1.292079207920792072e+01,6.272580751438379398e-02,1.729155950004327259e-07
1.292229222922292209e+01,6.272393590693486898e-02,1.590201032636298532e-07
1.292379237923792346e+01,6.272206436269261998e-02,1.451609429513006781e-07
1.292529252925292482e+01,6.272019288204599974e-02,1.313449331922913660e-07
1.292679267926792619e+01,6.271832146537828501e-02,1.175787948240674396e-07
1.292829282928292756e+01,6.271645011306711814e-02,1.038691503927143091e-07
1.292979297929792892e+01,6.271457882548450713e-02,9.022252415293610703e-08
1.293129312931293029e+01,6.271270760299681168e-02,7.664534206805674704e-08
1.293279327932793166e+01,6.271083644596472939e-02,6.314393181002003011e-08
1.293429342934293302e+01,6.270896535474333733e-02,4.972452275938837370e-08
1.293579357935793439e+01,6.270709432968207819e-02,3.639324600534461184e-08
1.293729372937293576e+01,6.270522337112471867e-02,2.315613434568966573e-08
1.293879387938793712e+01,6.270335247940939105e-02,1.001912228684508486e-08
1.294029402940294027e+01,6.270148165486860714e-02,-3.011953956164317164e-09
1.294179417941794163e+01,6.269961089782920272e-02,-1.593135645964714691e-08
1.294329432943294300e+01,6.269774020861239305e-02,-2.873344559133987530e-08
1.294479447944794437e+01,6.269586958753373129e-02,-4.141268001034341600e-08
1.294629462946294574e+01,6.269399903490315007e-02,-5.396361666713996024e-08
1.294779477947794710e+01,6.269212855102490600e-02,-6.638091080359128270e-08
1.294929492949294847e+01,6.269025813619764909e-02,-7.865931595294054147e-08
1.295079507950794984e+01,6.268838779071435330e-02,-9.079368393981121928e-08
1.295229522952295120e+01,6.268651751486237211e-02,-1.027789648802069117e-07
1.295379537953795257e+01,6.268464730892339687e-02,-1.146102071815128096e-07
1.295529552955295394e+01,6.268277717317348452e-02,-1.262825575424934753e-07
1.295679567956795530e+01,6.268090710788305764e-02,-1.377912609532950665e-07
1.295829582958295667e+01,6.267903711331686278e-02,-1.491316606954437479e-07
1.295979597959795981e+01,6.267716718973403989e-02,-1.602991983418591377e-07
1.296129612961296118e+01,6.267529733738806674e-02,-1.712894137568027447e-07
1.296279627962796255e+01,6.267342755652678676e-02,-1.820979450959552600e-07
1.296429642964296391e+01,6.267155784739236735e-02,-1.927205288063657349e-07
1.296579657965796528e+01,6.266968821022139702e-02,-2.031529996264632276e-07
1.296729672967296665e+01,6.266781864524473278e-02,-2.133912905860572270e-07
1.296879687968796802e+01,6.266594915268768051e-02,-2.234314330063381819e-07
1.297029702970296938e+01,6.266407973276982846e-02,-2.332695564998766537e-07
1.297179717971797075e+01,6.266221038570515822e-02,-2.429018889706242699e-07
1.297329732973297212e+01,6.266034111170198928e-02,-2.523247566139126648e-07
1.297479747974797348e+01,6.265847191096303448e-02,-2.615345839164548561e-07
1.297629762976297485e+01,6.265660278368530289e-02,-2.705278936563437628e-07
1.297779777977797622e+01,6.265473373006022473e-02,-2.793013069030528400e-07
1.297929792979297758e+01,6.265286475027351254e-02,-2.878515430174363971e-07
1.298079807980798073e+01,6.265099584450531389e-02,-2.961754196517390206e-07
1.298229822982298209e+01,6.264912701293008646e-02,-3.042698527495565049e-07
1.298379837983798346e+01,6.264725825571663964e-02,-3.121318565458941916e-07
1.298529852985298483e+01,6.264538957302816236e-02,-3.197585435671293825e-07
1.298679867986798619e+01,6.264352096502218137e-02,-3.271471246310186455e-07
1.298829882988298756e+01,6.264165243185058907e-02,-3.342949088466999314e-07
1.298979897989798893e+01,6.263978397365964346e-02,-3.411993036146908809e-07
1.299129912991299030e+01,6.263791559058994041e-02,-3.478578146268909412e-07
1.299279927992799166e+01,6.263604728277644140e-02,-3.542680458665790373e-07
1.299429942994299303e+01,6.263417905034844579e-02,-3.604276996084152658e-07
1.299579957995799440e+01,6.263231089342964630e-02,-3.663345764184400479e-07
1.299729972997299576e+01,6.263044281213805964e-02,-3.719865751540741296e-07
1.299879987998799713e+01,6.262857480658606812e-02,-3.773816929641196401e-07
1.300030003000300027e+01,6.262670687688040583e-02,-3.825180252887647508e-07
1.300180018001800164e+01,6.262483902312218631e-02,-3.873937658595593229e-07
1.300330033003300301e+01,6.262297124540686100e-02,-3.920072066994538712e-07
1.300480048004800437e+01,6.262110354382421917e-02,-3.963567381227713999e-07
1.300630063006300574e+01,6.261923591845842962e-02,-4.004408487352171437e-07
1.300780078007800711e+01,6.261736836938802675e-02,-4.042581254338747562e-07
1.300930093009300847e+01,6.261550089668588281e-02,-4.078072534072120271e-07
1.301080108010800984e+01,6.261363350041922182e-02,-4.110870161350730475e-07
1.301230123012301121e+01,6.261176618064964727e-02,-4.140962953886858328e-07
1.301380138013801258e+01,6.260989893743308665e-02,-4.168340712306566056e-07
1.301530153015301394e+01,6.260803177081984694e-02,-4.192994220149742424e-07
1.301680168016801531e+01,6.260616468085458686e-02,-4.214915243870073092e-07
1.301830183018301668e+01,6.260429766757633074e-02,-4.234096532835036376e-07
1.301980198019801982e+01,6.260243073101842692e-02,-4.250531819325954073e-07
1.302130213021302119e+01,6.260056387120861709e-02,-4.264215818537889818e-07
1.302280228022802255e+01,6.259869708816896694e-02,-4.275144228579765547e-07
1.302430243024302392e+01,6.259683038191593552e-02,-4.283313730474297974e-07
1.302580258025802529e+01,6.259496375246030586e-02,-4.288721988158000705e-07
1.302730273027302665e+01,6.259309719980724052e-02,-4.291367648481203299e-07
1.302880288028802802e+01,6.259123072395621212e-02,-4.291250341208038559e-07
1.303030303030302939e+01,6.258936432490112833e-02,-4.288370679016436184e-07
1.303180318031803075e+01,6.258749800263016527e-02,-4.282730257498141825e-07
1.303330333033303212e+01,6.258563175712593407e-02,-4.274331655158691670e-07
1.303480348034803349e+01,6.258376558836532821e-02,-4.263178433417450569e-07
1.303630363036303486e+01,6.258189949631967619e-02,-4.249275136607569674e-07
1.303780378037803622e+01,6.258003348095458884e-02,-4.232627291976013973e-07
1.303930393039303759e+01,6.257816754223008426e-02,-4.213241409683558053e-07
1.304080408040804073e+01,6.257630168010050453e-02,-4.191124982804743746e-07
1.304230423042304210e+01,6.257443589451457122e-02,-4.166286487328007191e-07
1.304380438043804347e+01,6.257257018541534377e-02,-4.138735382155500947e-07
1.304530453045304483e+01,6.257070455274024723e-02,-4.108482109103229527e-07
1.304680468046804620e+01,6.256883899642107227e-02,-4.075538092900992220e-07
1.304830483048304757e+01,6.256697351638394744e-02,-4.039915741192389441e-07
1.304980498049804893e+01,6.256510811254936688e-02,-4.001628444534822737e-07
1.305130513051305030e+01,6.256324278483217649e-02,-3.960690576399505369e-07
1.305280528052805167e+01,6.256137753314157390e-02,-3.917117493171479257e-07
1.305430543054305303e+01,6.255951235738113625e-02,-3.870925534149547214e-07
1.305580558055805440e+01,6.255764725744876464e-02,-3.822132021546355534e-07
1.305730573057305577e+01,6.255578223323673970e-02,-3.770755260488341052e-07
1.305880588058805714e+01,6.255391728463169376e-02,-3.716814539015735379e-07
1.306030603060306028e+01,6.255205241151461093e-02,-3.660330128082531021e-07
1.306180618061806165e+01,6.255018761376082703e-02,-3.601323281556712194e-07
1.306330633063306301e+01,6.254832289124002964e-02,-3.539816236219871542e-07
1.306480648064806438e+01,6.254645824381629970e-02,-3.475832211767479073e-07
1.306630663066306575e+01,6.254459367134802827e-02,-3.409395410808810158e-07
1.306780678067806711e+01,6.254272917368798590e-02,-3.340531018866934942e-07
1.306930693069306848e+01,6.254086475068329487e-02,-3.269265204378739524e-07
1.307080708070806985e+01,6.253900040217544309e-02,-3.195625118694913249e-07
1.307230723072307121e+01,6.253713612800024246e-02,-3.119638896079950824e-07
1.307380738073807258e+01,6.253527192798788437e-02,-3.041335653712152323e-07
1.307530753075307395e+01,6.253340780196293969e-02,-2.960745491683621063e-07
1.307680768076807531e+01,6.253154374974430330e-02,-2.877899493000265726e-07
1.307830783078307668e+01,6.252967977114522180e-02,-2.792829723581816240e-07
1.307980798079807805e+01,6.252781586597332131e-02,-2.705569232261786722e-07
1.308130813081308119e+01,6.252595203403055191e-02,-2.616152050787397125e-07
1.308280828082808256e+01,6.252408827511327094e-02,-2.524613193820000991e-07
1.308430843084308393e+01,6.252222458901214586e-02,-2.430988658934418413e-07
1.308580858085808529e+01,6.252036097551222360e-02,-2.335315426619415667e-07
1.308730873087308666e+01,6.251849743439288898e-02,-2.237631460277528395e-07
1.308880888088808803e+01,6.251663396542790629e-02,-2.137975706225124071e-07
1.309030903090308939e+01,6.251477056838537771e-02,-2.036388093692355417e-07
1.309180918091809076e+01,6.251290724302775714e-02,-1.932909534823203811e-07
1.309330933093309213e+01,6.251104398911187798e-02,-1.827581924675424233e-07
1.309480948094809349e+01,6.250918080638892538e-02,-1.720448141220611964e-07
1.309630963096309486e+01,6.250731769460440845e-02,-1.611552045344151771e-07
1.309780978097809623e+01,6.250545465349822971e-02,-1.500938480845231663e-07
1.309930993099309759e+01,6.250359168280462951e-02,-1.388653274436842898e-07
1.310081008100810074e+01,6.250172878225219997e-02,-1.274743235745650807e-07
1.310231023102310211e+01,6.249986595156391961e-02,-1.159256157312554894e-07
1.310381038103810347e+01,6.249800319045709096e-02,-1.042240814591814279e-07
1.310531053105310484e+01,6.249614049864338217e-02,-9.237469659516459088e-08
1.310681068106810621e+01,6.249427787582882005e-02,-8.038253526740911527e-08
1.310831083108310757e+01,6.249241532171378316e-02,-6.825276989549776864e-08
1.310981098109810894e+01,6.249055283599301569e-02,-5.599067119039290199e-08
1.311131113111311031e+01,6.248869041835559968e-02,-4.360160815443877915e-08
1.311281128112811167e+01,6.248682806848500360e-02,-3.109104808136062381e-08
1.311431143114311304e+01,6.248496578605901297e-02,-1.846455655626557252e-08
1.311581158115811441e+01,6.248310357074980670e-02,-5.727797455639604118e-09
1.311731173117311577e+01,6.248124142222389460e-02,7.113467052655318975e-09
1.311881188118811714e+01,6.247937934014215211e-02,2.005337650936748646e-08
1.312031203120312028e+01,6.247751732415981335e-02,3.308597216388625102e-08
1.312181218121812165e+01,6.247565537392646418e-02,4.620519697417363035e-08
1.312331233123312302e+01,6.247379348908604219e-02,5.940489560685536326e-08
1.312481248124812439e+01,6.247193166927685060e-02,7.267881443716108793e-08
1.312631263126312575e+01,6.247006991413155130e-02,8.602060154894212964e-08
1.312781278127812712e+01,6.246820822327714406e-02,9.942380673466715969e-08
1.312931293129312849e+01,6.246634659633500120e-02,1.128818814954261129e-07
1.313081308130812985e+01,6.246448503292084675e-02,1.263881790409283879e-07
1.313231323132313122e+01,6.246262353264475653e-02,1.399359542894988232e-07
1.313381338133813259e+01,6.246076209511117888e-02,1.535183638680853211e-07
1.313531353135313395e+01,6.245890071991888615e-02,1.671284661122572590e-07
1.313681368136813532e+01,6.245703940666104403e-02,1.807592210661971255e-07
1.313831383138313669e+01,6.245517815492514918e-02,1.944034904827129605e-07
1.313981398139813805e+01,6.245331696429306384e-02,2.080540378232288796e-07
1.314131413141314120e+01,6.245145583434100200e-02,2.217035282578064084e-07
1.314281428142814256e+01,6.244959476463954329e-02,2.353445286650779377e-07
1.314431443144314393e+01,6.244773375475361210e-02,2.489695076323379913e-07
1.314581458145814530e+01,6.244587280424249154e-02,2.625708354554946271e-07
1.314731473147314667e+01,6.244401191265981643e-02,2.761407841390680612e-07
1.314881488148814803e+01,6.244215107955360111e-02,2.896715273961973379e-07
1.315031503150314940e+01,6.244029030446619083e-02,3.031551406486494355e-07
1.315181518151815077e+01,6.243842958693428952e-02,3.165836010267980906e-07
1.315331533153315213e+01,6.243656892648896672e-02,3.299487873696471439e-07
1.315481548154815350e+01,6.243470832265564374e-02,3.432424802248163530e-07
1.315631563156315487e+01,6.243284777495410748e-02,3.564563618485416569e-07
1.315781578157815623e+01,6.243098728289847577e-02,3.695820162056834344e-07
1.315931593159315760e+01,6.242912684599725287e-02,3.826109289697182987e-07
1.316081608160816074e+01,6.242726646375328092e-02,3.955344875227589497e-07
1.316231623162316211e+01,6.242540613566376073e-02,4.083439809554914403e-07
1.316381638163816348e+01,6.242354586122024485e-02,4.210306000672650153e-07
1.316531653165316484e+01,6.242168563990866531e-02,4.335854373660376365e-07
1.316681668166816621e+01,6.241982547120927816e-02,4.459994870683843467e-07
1.316831683168316758e+01,6.241796535459671197e-02,4.582636450994961057e-07
1.316981698169816895e+01,6.241610528953995402e-02,4.703687090931888423e-07
1.317131713171317031e+01,6.241424527550234330e-02,4.823053783918960435e-07
1.317281728172817168e+01,6.241238531194157751e-02,4.940642540466704478e-07
1.317431743174317305e+01,6.241052539830969914e-02,5.056358388171801811e-07
1.317581758175817441e+01,6.240866553405313016e-02,5.170105371717207739e-07
1.317731773177317578e+01,6.240680571861261655e-02,5.281786552872018204e-07
1.317881788178817715e+01,6.240494595142329765e-02,5.391304010491521668e-07
1.318031803180318029e+01,6.240308623191462983e-02,5.498558840517339929e-07
1.318181818181818166e+01,6.240122655951046288e-02,5.603451155976925198e-07
1.318331833183318302e+01,6.239936693362897746e-02,5.705880086984315016e-07
1.318481848184818439e+01,6.239750735368271989e-02,5.805743780739529802e-07
1.318631863186318576e+01,6.239564781907858820e-02,5.902939401528889431e-07
1.318781878187818712e+01,6.239378832921783913e-02,5.997363130724855475e-07
1.318931893189318849e+01,6.239192888349608807e-02,6.088910166786076731e-07
1.319081908190818986e+01,6.239006948130330216e-02,6.177474725257425218e-07
1.319231923192319123e+01,6.238821012202380722e-02,6.262950038769901949e-07
1.319381938193819259e+01,6.238635080503628777e-02,6.345228357040826449e-07
1.319531953195319396e+01,6.238449152971378003e-02,6.424200946873561474e-07
1.319681968196819533e+01,6.238263229542367894e-02,6.499758092157821114e-07
1.319831983198319669e+01,6.238077310152772420e-02,6.571789093869396575e-07
1.319981998199819806e+01,6.237891394738203504e-02,6.640182270070274751e-07
1.320132013201320120e+01,6.237705483233706161e-02,6.704824955908801292e-07
1.320282028202820257e+01,6.237519575573763353e-02,6.765603503619208369e-07
1.320432043204320394e+01,6.237333671692291831e-02,6.822403282522187493e-07
1.320582058205820530e+01,6.237147771522644907e-02,6.875108679024554927e-07
1.320732073207320667e+01,6.236961874997611066e-02,6.923603096619272868e-07
1.320882088208820804e+01,6.236775982049415357e-02,6.967768955885532028e-07
1.321032103210320940e+01,6.236590092609715918e-02,7.007487694488768580e-07
1.321182118211821077e+01,6.236404206609610229e-02,7.042639767180462983e-07
1.321332133213321214e+01,6.236218323979627470e-02,7.073104645798465033e-07
1.321482148214821351e+01,6.236032444649736162e-02,7.098760819266701637e-07
1.321632163216321487e+01,6.235846568549337915e-02,7.119485793595369512e-07
1.321782178217821624e+01,6.235660695607270210e-02,7.135156091880806013e-07
1.321932193219321761e+01,6.235474825751807781e-02,7.145647254305555836e-07
1.322082208220822075e+01,6.235288958910657764e-02,7.150833838138350902e-07
1.322232223222322212e+01,6.235103095010967322e-02,7.150589417734131533e-07
1.322382238223822348e+01,6.234917233979316020e-02,7.144786584534030568e-07
1.322532253225322485e+01,6.234731375741719289e-02,7.133296947065374426e-07
1.322682268226822622e+01,6.234545520223629123e-02,7.115991130941719100e-07
1.322832283228322758e+01,6.234359667349932688e-02,7.092738778862768633e-07
1.322982298229822895e+01,6.234173817044953714e-02,7.063408550614365588e-07
1.323132313231323032e+01,6.233987969232449022e-02,7.027868123068648810e-07
1.323282328232823168e+01,6.233802123835614079e-02,6.985984190183953895e-07
1.323432343234323305e+01,6.233616280777078827e-02,6.937622463004774018e-07
1.323582358235823442e+01,6.233430439978907001e-02,6.882647669661732407e-07
1.323732373237323579e+01,6.233244601362600973e-02,6.820923555371743272e-07
1.323882388238823715e+01,6.233058764849096212e-02,6.752312882437869933e-07
1.324032403240324030e+01,6.232872930358766134e-02,6.676677430249341760e-07
1.324182418241824166e+01,6.232687097811975135e-02,6.593878945998026787e-07
1.324332433243324303e+01,6.232501267914045129e-02,6.505118342960166294e-07
1.324482448244824440e+01,6.232315441399920164e-02,6.411651800323215088e-07
1.324632463246324576e+01,6.232129618350561173e-02,6.313621917514633486e-07
1.324782478247824713e+01,6.231943798846235200e-02,6.211170074202100157e-07
1.324932493249324850e+01,6.231757982966513315e-02,6.104436430293519535e-07
1.325082508250824986e+01,6.231572170790272702e-02,5.993559925937015470e-07
1.325232523252325123e+01,6.231386362395696654e-02,5.878678281520935454e-07
1.325382538253825260e+01,6.231200557860271799e-02,5.759927997673849572e-07
1.325532553255325396e+01,6.231014757260791570e-02,5.637444355264549436e-07
1.325682568256825533e+01,6.230828960673354122e-02,5.511361415402048189e-07
1.325832583258325670e+01,6.230643168173362334e-02,5.381812019435583682e-07
1.325982598259825807e+01,6.230457379835525195e-02,5.248927788954612115e-07
1.326132613261326121e+01,6.230271595733855722e-02,5.112839125788652403e-07
1.326282628262826258e+01,6.230085815941675126e-02,4.973675212007929917e-07
1.326432643264326394e+01,6.229900040531605870e-02,4.831564009922409805e-07
1.326582658265826531e+01,6.229714269575578611e-02,4.686632262082438625e-07
1.326732673267326668e+01,6.229528503144828033e-02,4.539005491278587641e-07
1.326882688268826804e+01,6.229342741309894932e-02,4.388808000541646998e-07
1.327032703270326941e+01,6.229156984140623438e-02,4.236162873142631549e-07
1.327182718271827078e+01,6.228971231706165179e-02,4.081191972592776088e-07
1.327332733273327214e+01,6.228785484074976508e-02,3.924015942643540645e-07
1.327482748274827351e+01,6.228599741314818500e-02,3.764754207286603603e-07
1.327632763276327488e+01,6.228414003492756951e-02,3.603524970753869110e-07
1.327782778277827624e+01,6.228228270675163769e-02,3.440445217517461256e-07
1.327932793279327761e+01,6.228042542927716280e-02,3.275630712289727777e-07
1.328082808280828075e+01,6.227856820315397224e-02,3.109196000023041007e-07
1.328232823282328212e+01,6.227671102902493372e-02,2.941254405910583495e-07
1.328382838283828349e+01,6.227485390752598299e-02,2.771918035385175925e-07
1.328532853285328486e+01,6.227299683928608914e-02,2.601297774120052155e-07
1.328682868286828622e+01,6.227113982492730321e-02,2.429503288028672865e-07
1.328832883288328759e+01,6.226928286506468874e-02,2.256643023264717089e-07
1.328982898289828896e+01,6.226742596030640509e-02,2.082824206222085391e-07
1.329132913291329032e+01,6.226556911125363108e-02,1.908152843534905687e-07
1.329282928292829169e+01,6.226371231850061361e-02,1.732733722077523718e-07
1.329432943294329306e+01,6.226185558263465369e-02,1.556670408964507814e-07
1.329582958295829442e+01,6.225999890423608574e-02,1.380065251550651011e-07
1.329732973297329579e+01,6.225814228387832605e-02,1.203019377430966815e-07
1.329882988298829716e+01,6.225628572212783124e-02,1.025632694440691322e-07
1.330033003300330030e+01,6.225442921954409126e-02,8.480038906550693401e-08
1.330183018301830167e+01,6.225257277667967104e-02,6.702304343902045997e-08
1.330333033303330303e+01,6.225071639408019664e-02,4.924085742017892038e-08
1.330483048304830440e+01,6.224886007228431356e-02,3.146333388859474847e-08
1.330633063306330577e+01,6.224700381182375619e-02,1.369985374790253048e-08
1.330783078307830714e+01,6.224514761322327838e-02,-4.040324074240676755e-09
1.330933093309330850e+01,6.224329147700071591e-02,-2.174806262615587517e-08
1.331083108310830987e+01,6.224143540366693095e-02,-3.941434693214127845e-08
1.331233123312331124e+01,6.223957939372586068e-02,-5.703028399247411194e-08
1.331383138313831260e+01,6.223772344767447562e-02,-7.458710278340785984e-08
1.331533153315331397e+01,6.223586756600282127e-02,-9.207615425717480627e-08
1.331683168316831534e+01,6.223401174919397649e-02,-1.094889113419848706e-07
1.331833183318331670e+01,6.223215599772407430e-02,-1.268169689420250781e-07
1.331983198319831807e+01,6.223030031206231577e-02,-1.440520439374613598e-07
1.332133213321332121e+01,6.222844469267092837e-02,-1.611859751844565519e-07
1.332283228322832258e+01,6.222658914000522845e-02,-1.782107235150911986e-07
1.332433243324332395e+01,6.222473365451354488e-02,-1.951183717374839359e-07
1.332583258325832531e+01,6.222287823663728845e-02,-2.119011246357118713e-07
1.332733273327332668e+01,6.222102288681091720e-02,-2.285513089698290062e-07
1.332883288328832805e+01,6.221916760546192943e-02,-2.450613734758666597e-07
1.333033303330332942e+01,6.221731239301087762e-02,-2.614238888658354801e-07
1.333183318331833078e+01,6.221545724987138926e-02,-2.776315478277225866e-07
1.333333333333333215e+01,6.221360217645011820e-02,-2.936771650254933685e-07
1.333483348334833352e+01,6.221174717314677943e-02,-3.095536770990909566e-07
1.333633363336333488e+01,6.220989224035414905e-02,-3.252541426644363286e-07
1.333783378337833625e+01,6.220803737845804343e-02,-3.407717423134277797e-07
1.333933393339333762e+01,6.220618258783734006e-02,-3.560997786139420875e-07
1.334083408340834076e+01,6.220432786886396365e-02,-3.712316761098513467e-07
1.334233423342334213e+01,6.220247322190289307e-02,-3.861609813209513947e-07
1.334383438343834349e+01,6.220061864731216139e-02,-4.008813627430704438e-07
1.334533453345334486e+01,6.219876414544285581e-02,-4.153866108479960243e-07
1.334683468346834623e+01,6.219690971663910384e-02,-4.296706380834925607e-07
1.334833483348334759e+01,6.219505536123811490e-02,-4.437274788733045479e-07
1.334983498349834896e+01,6.219320107957011096e-02,-4.575512896171521046e-07
1.335133513351335033e+01,6.219134687195839589e-02,-4.711363486907339373e-07
1.335283528352835170e+01,6.218949273871932082e-02,-4.844770564457264939e-07
1.335433543354335306e+01,6.218763868016227714e-02,-4.975679352097841750e-07
1.335583558355835443e+01,6.218578469658972430e-02,-5.104036292865389109e-07
1.335733573357335580e+01,6.218393078829716897e-02,-5.229789049556003727e-07
1.335883588358835716e+01,6.218207695557316506e-02,-5.352886504725568199e-07
1.336033603360336031e+01,6.218022319869932063e-02,-5.473278760689867467e-07
1.336183618361836167e+01,6.217836951795031181e-02,-5.590917139524046721e-07
1.336333633363336304e+01,6.217651591359384111e-02,-5.705754183063471139e-07
1.336483648364836441e+01,6.217466238589067912e-02,-5.817743652903120253e-07
1.336633663366336577e+01,6.217280893509465056e-02,-5.926840530397757363e-07
1.336783678367836714e+01,6.217095556145263435e-02,-6.033001016661925296e-07
1.336933693369336851e+01,6.216910226520454275e-02,-6.136182532569944289e-07
1.337083708370836987e+01,6.216724904658336298e-02,-6.236343718755916228e-07
1.337233723372337124e+01,6.216539590581512953e-02,-6.333444435613711939e-07
1.337383738373837261e+01,6.216354284311891715e-02,-6.427445763296988130e-07
1.337533753375337398e+01,6.216168985870687558e-02,-6.518310001719176802e-07
1.337683768376837534e+01,6.215983695278418097e-02,-6.606000670553483133e-07
1.337833783378337671e+01,6.215798412554908448e-02,-6.690482509232896065e-07
1.337983798379837808e+01,6.215613137719287057e-02,-6.771721476950184069e-07
1.338133813381338122e+01,6.215427870789989873e-02,-6.849684752657975612e-07
1.338283828382838259e+01,6.215242611784755483e-02,-6.924340735068409759e-07
1.338433843384338395e+01,6.215057360720630669e-02,-6.995659042653667682e-07
1.338583858385838532e+01,6.214872117613964853e-02,-7.063610513645644439e-07
1.338733873387338669e+01,6.214686882480414259e-02,-7.128167206035974382e-07
1.338883888388838805e+01,6.214501655334939839e-02,-7.189302397576105272e-07
1.339033903390338942e+01,6.214316436191807264e-02,-7.246990585777234755e-07
1.339183918391839079e+01,6.214131225064589009e-02,-7.301207487910359062e-07
1.339333933393339215e+01,6.213946021966160888e-02,-7.351930041006232779e-07
1.339483948394839352e+01,6.213760826908705515e-02,-7.399136401855406961e-07
1.339633963396339489e+01,6.213575639903710229e-02,-7.442805947008195251e-07
1.339783978397839626e+01,6.213390460961967787e-02,-7.482919272774703526e-07
1.339933993399339762e+01,6.213205290093574973e-02,-7.519458195224802371e-07
1.340084008400840077e+01,6.213020127307936069e-02,-7.552405750188177896e-07
1.340234023402340213e+01,6.212834972613758694e-02,-7.581746193254202568e-07
1.340384038403840350e+01,6.212649826019057270e-02,-7.607464999772106733e-07
1.340534053405340487e+01,6.212464687531149554e-02,-7.629548864850885444e-07
1.340684068406840623e+01,6.212279557156660109e-02,-7.647985703359296340e-07
1.340834083408340760e+01,6.212094434901518913e-02,-7.662764649925899885e-07
1.340984098409840897e+01,6.211909320770959975e-02,-7.673876058938997953e-07
1.341134113411341033e+01,6.211724214769523411e-02,-7.681311504546699477e-07
1.341284128412841170e+01,6.211539116901054758e-02,-7.685063780656873861e-07
1.341434143414341307e+01,6.211354027168703579e-02,-7.685126900937186978e-07
1.341584158415841443e+01,6.211168945574926242e-02,-7.681496098815056701e-07
1.341734173417341580e+01,6.210983872121483146e-02,-7.674167827477691021e-07
1.341884188418841717e+01,6.210798806809440797e-02,-7.663139759872098632e-07
1.342034203420342031e+01,6.210613749639170428e-02,-7.648410788704995760e-07
1.342184218421842168e+01,6.210428700610349378e-02,-7.629981026442986159e-07
1.342334233423342305e+01,6.210243659721959714e-02,-7.607851805312359934e-07
1.342484248424842441e+01,6.210058626972287527e-02,-7.582025677299210015e-07
1.342634263426342578e+01,6.209873602358926409e-02,-7.552506414149434272e-07
1.342784278427842715e+01,6.209688585878773981e-02,-7.519299007368669869e-07
1.342934293429342851e+01,6.209503577528032586e-02,-7.482409668222346206e-07
1.343084308430842988e+01,6.209318577302211373e-02,-7.441845827735687032e-07
1.343234323432343125e+01,6.209133585196122823e-02,-7.397616136693672335e-07
1.343384338433843261e+01,6.208948601203886919e-02,-7.349730465641063746e-07
1.343534353435343398e+01,6.208763625318926976e-02,-7.298199904882410900e-07
1.343684368436843535e+01,6.208578657533973116e-02,-7.243036764482032368e-07
1.343834383438343671e+01,6.208393697841058795e-02,-7.184254574264019900e-07
1.343984398439843808e+01,6.208208746231524272e-02,-7.121868083812257481e-07
1.344134413441344122e+01,6.208023802696015225e-02,-7.055893262470315449e-07
1.344284428442844259e+01,6.207838867224481361e-02,-6.986347299341782959e-07
1.344434443444344396e+01,6.207653939806178495e-02,-6.913248603289797880e-07
1.344584458445844533e+01,6.207469020429667861e-02,-6.836616802937343252e-07
1.344734473447344669e+01,6.207284109082815415e-02,-6.756472746667181646e-07
1.344884488448844806e+01,6.207099205752791837e-02,-6.672838502621855161e-07
1.345034503450344943e+01,6.206914310426074610e-02,-6.585737358703696014e-07
1.345184518451845079e+01,6.206729423088445941e-02,-6.495193822574794774e-07
1.345334533453345216e+01,6.206544543724992063e-02,-6.401233621657021540e-07
1.345484548454845353e+01,6.206359672320106019e-02,-6.303883703132049231e-07
1.345634563456345489e+01,6.206174808857485570e-02,-6.203172233941292182e-07
1.345784578457845626e+01,6.205989953320133201e-02,-6.099128600785963313e-07
1.345934593459345763e+01,6.205805105690357509e-02,-5.991783410127048720e-07
1.346084608460846077e+01,6.205620265949771119e-02,-5.881168488185180621e-07
1.346234623462346214e+01,6.205435434079294849e-02,-5.767316880941190044e-07
1.346384638463846350e+01,6.205250610059150768e-02,-5.650262854135240737e-07
1.346534653465346487e+01,6.205065793868869140e-02,-5.530041893267428442e-07
1.346684668466846624e+01,6.204880985487283562e-02,-5.406690703597630547e-07
1.346834683468346761e+01,6.204696184892535132e-02,-5.280247210145533615e-07
1.346984698469846897e+01,6.204511392062067587e-02,-5.150750557690529625e-07
1.347134713471347034e+01,6.204326606972631469e-02,-5.018241110771851492e-07
1.347284728472847171e+01,6.204141829600283431e-02,-4.882760453688479898e-07
1.347434743474347307e+01,6.203957059920383460e-02,-4.744351390499170818e-07
1.347584758475847444e+01,6.203772297907597655e-02,-4.603057945022489402e-07
1.347734773477347581e+01,6.203587543535896837e-02,-4.458925360836737978e-07
1.347884788478847717e+01,6.203402796778558631e-02,-4.312000101280025931e-07
1.348034803480348032e+01,6.203218057608164693e-02,-4.162329849450028298e-07
1.348184818481848168e+01,6.203033325996601399e-02,-4.009963508204794688e-07
1.348334833483348305e+01,6.202848601915061932e-02,-3.854951200161565550e-07
1.348484848484848442e+01,6.202663885334043503e-02,-3.697344267697521798e-07
1.348634863486348578e+01,6.202479176223349433e-02,-3.537195272949681050e-07
1.348784878487848715e+01,6.202294474552087766e-02,-3.374557997814810805e-07
1.348934893489348852e+01,6.202109780288671964e-02,-3.209487443949441154e-07
1.349084908490848989e+01,6.201925093400820210e-02,-3.042039832769885948e-07
1.349234923492349125e+01,6.201740413855556106e-02,-2.872272605452262922e-07
1.349384938493849262e+01,6.201555741619210749e-02,-2.700244422932450282e-07
1.349534953495349399e+01,6.201371076657416492e-02,-2.526015165906085643e-07
1.349684968496849535e+01,6.201186418935113881e-02,-2.349645934828604151e-07
1.349834983498349672e+01,6.201001768416548876e-02,-2.171199049915224716e-07
1.349984998499849809e+01,6.200817125065270080e-02,-1.990738051140936245e-07
1.350135013501350123e+01,6.200632488844133594e-02,-1.808327698240268950e-07
1.350285028502850260e+01,6.200447859715300242e-02,-1.624033970708222901e-07
1.350435043504350396e+01,6.200263237640236957e-02,-1.437924067798901131e-07
1.350585058505850533e+01,6.200078622579713317e-02,-1.250066408526390547e-07
1.350735073507350670e+01,6.199894014493807087e-02,-1.060530631664560763e-07
1.350885088508850806e+01,6.199709413341900066e-02,-8.693875957470926837e-08
1.351035103510350943e+01,6.199524819082678773e-02,-6.767093790673863942e-08
1.351185118511851080e+01,6.199340231674135143e-02,-4.825692796786755051e-08
1.351335133513351217e+01,6.199155651073567919e-02,-2.870418153939509219e-08
1.351485148514851353e+01,6.198971077237579175e-02,-9.020272378595978545e-09
1.351635163516351490e+01,6.198786510122077792e-02,1.078710378127310002e-08
1.351785178517851627e+01,6.198601949682275986e-02,3.071012923098353532e-08
1.351935193519351763e+01,6.198417395872692776e-02,5.074086428532241353e-08
1.352085208520852078e+01,6.198232848647151905e-02,7.087124728312766705e-08
1.352235223522352214e+01,6.198048307958783920e-02,9.109309458718537175e-08
1.352385238523852351e+01,6.197863773760021316e-02,1.113981005843738485e-07
1.352535253525352488e+01,6.197679246002604780e-02,1.317778376855752540e-07
1.352685268526852624e+01,6.197494724637579028e-02,1.522237563256896627e-07
1.352835283528352761e+01,6.197310209615294191e-02,1.727271849636401494e-07
1.352985298529852898e+01,6.197125700885405819e-02,1.932793300823738473e-07
1.353135313531353034e+01,6.196941198396874878e-02,2.138712761888570253e-07
1.353285328532853171e+01,6.196756702097966363e-02,2.344939858140817051e-07
1.353435343534353308e+01,6.196572211936252766e-02,2.551382995130583554e-07
1.353585358535853445e+01,6.196387727858609917e-02,2.757949358648199689e-07
1.353735373537353581e+01,6.196203249811219060e-02,2.964544914724262966e-07
1.353885388538853718e+01,6.196018777739568245e-02,3.171074409629546900e-07
1.354035403540354032e+01,6.195834311588448856e-02,3.377441369875338760e-07
1.354185418541854169e+01,6.195649851301958388e-02,3.583548102212306136e-07
1.354335433543354306e+01,6.195465396823501142e-02,3.789295693632260885e-07
1.354485448544854442e+01,6.195280948095783363e-02,3.994584011366799641e-07
1.354635463546354579e+01,6.195096505060818798e-02,4.199311702887840096e-07
1.354785478547854716e+01,6.194912067659926608e-02,4.403376195907522530e-07
1.354935493549354852e+01,6.194727635833729984e-02,4.606673698378150518e-07
1.355085508550854989e+01,6.194543209522158228e-02,4.809099198492361928e-07
1.355235523552355126e+01,6.194358788664446058e-02,5.010546464682877454e-07
1.355385538553855262e+01,6.194174373199132916e-02,5.210908045622754731e-07
1.355535553555355399e+01,6.193989963064062965e-02,5.410075270225208865e-07
1.355685568556855536e+01,6.193805558196387173e-02,5.607938247643695550e-07
1.355835583558355673e+01,6.193621158532560539e-02,5.804385867271869776e-07
1.355985598559855809e+01,6.193436764008343476e-02,5.999305798743688531e-07
1.356135613561356124e+01,6.193252374558802509e-02,6.192584491933470092e-07
1.356285628562856260e+01,6.193067990118308191e-02,6.384107176955110522e-07
1.356435643564356397e+01,6.192883610620537188e-02,6.573757864163357396e-07
1.356585658565856534e+01,6.192699235998471580e-02,6.761419344153062289e-07
1.356735673567356670e+01,6.192514866184398170e-02,6.946973187759226311e-07
1.356885688568856807e+01,6.192330501109908486e-02,7.130299746057098572e-07
1.357035703570356944e+01,6.192146140705900165e-02,7.311278150362083006e-07
1.357185718571857080e+01,6.191961784902576954e-02,7.489786312229878135e-07
1.357335733573357217e+01,6.191777433629445243e-02,7.665700923456425185e-07
1.357485748574857354e+01,6.191593086815319613e-02,7.838897456077772565e-07
1.357635763576357490e+01,6.191408744388317981e-02,8.009250162370316208e-07
1.357785778577857627e+01,6.191224406275864373e-02,8.176632074850596285e-07
1.357935793579357764e+01,6.191040072404687539e-02,8.340915006275448612e-07
1.358085808580858078e+01,6.190855742700821646e-02,8.501969549642032182e-07
1.358235823582358215e+01,6.190671417089606277e-02,8.659665078187267998e-07
1.358385838583858352e+01,6.190487095495686432e-02,8.813869745388663878e-07
1.358535853585358488e+01,6.190302777843012527e-02,8.964450484964034933e-07
1.358685868586858625e+01,6.190118464054839703e-02,9.111273010871173220e-07
1.358835883588358762e+01,6.189934154053727822e-02,9.254201817308342204e-07
1.358985898589858898e+01,6.189749847761543550e-02,9.393100178713733592e-07
1.359135913591359035e+01,6.189565545099457583e-02,9.527830149766011556e-07
1.359285928592859172e+01,6.189381245987946034e-02,9.658252565383898742e-07
1.359435943594359308e+01,6.189196950346791126e-02,9.784227040726468502e-07
1.359585958595859445e+01,6.189012658095079805e-02,9.905611971192972304e-07
1.359735973597359582e+01,6.188828369151203740e-02,1.002226453242274127e-06
1.359885988598859718e+01,6.188644083432860016e-02,1.013404068029557898e-06
1.360036003600360033e+01,6.188459800857051829e-02,1.024079515093148197e-06
1.360186018601860169e+01,6.188275521340087099e-02,1.034238146069025641e-06
1.360336033603360306e+01,6.188091244797579160e-02,1.043865190617249437e-06
1.360486048604860443e+01,6.187906971144446766e-02,1.052945756421862509e-06
1.360636063606360580e+01,6.187722700294912004e-02,1.061464829190952697e-06
1.360786078607860716e+01,6.187538432162505847e-02,1.069407272656620360e-06
1.360936093609360853e+01,6.187354166660061217e-02,1.076757828574984729e-06
1.361086108610860990e+01,6.187169903699717838e-02,1.083501116726197033e-06
1.361236123612361126e+01,6.186985643192920159e-02,1.089621634914419325e-06
1.361386138613861263e+01,6.186801385050419433e-02,1.095103758967846506e-06
1.361536153615361400e+01,6.186617129182269553e-02,1.099931742738690653e-06
1.361686168616861536e+01,6.186432875497831912e-02,1.104089718103179748e-06
1.361836183618361673e+01,6.186248623905771932e-02,1.107561694961576951e-06
1.361986198619861810e+01,6.186064374314060449e-02,1.110331561238157092e-06
1.362136213621362124e+01,6.185880126629973719e-02,1.112383082881229542e-06
1.362286228622862261e+01,6.185695880760093412e-02,1.113699903863110048e-06
1.362436243624362397e+01,6.185511636610307312e-02,1.114265546180142759e-06
1.362586258625862534e+01,6.185327394085806535e-02,1.114063409852697258e-06
1.362736273627362671e+01,6.185143153091088308e-02,1.113076772925163692e-06
1.362886288628862808e+01,6.184958913529955277e-02,1.111288791465959338e-06
1.363036303630362944e+01,6.184774675305516195e-02,1.108682499567511874e-06
1.363186318631863081e+01,6.184590438320183153e-02,1.105240809346281825e-06
1.363336333633363218e+01,6.184406202475675046e-02,1.100946510942746679e-06
1.363486348634863354e+01,6.184221967673014797e-02,1.095782272521410419e-06
1.363636363636363491e+01,6.184037733812532134e-02,1.089730640270788066e-06
1.363786378637863628e+01,6.183853500793861507e-02,1.082774038403431506e-06
1.363936393639363764e+01,6.183669268515941397e-02,1.074894769155914467e-06
1.364086408640864079e+01,6.183485036877016394e-02,1.066075012788806036e-06
1.364236423642364215e+01,6.183300805774637199e-02,1.056296827586744361e-06
1.364386438643864352e+01,6.183116575105659235e-02,1.045542149858347498e-06
1.364536453645364489e+01,6.182932344766241956e-02,1.033792793936280536e-06
1.364686468646864625e+01,6.182748114651851618e-02,1.021030452177220022e-06
1.364836483648364762e+01,6.182563885344699584e-02,1.007354576031863322e-06
1.364986498649864899e+01,6.182379658065925709e-02,9.929748132617982626e-07
1.365136513651365036e+01,6.182195432958627335e-02,9.779164216688825940e-07
1.365286528652865172e+01,6.182011210144104651e-02,9.622009199773209332e-07
1.365436543654365309e+01,6.181826989742592732e-02,9.458496377704855965e-07
1.365586558655865446e+01,6.181642771873254588e-02,9.288837154909163873e-07
1.365736573657365582e+01,6.181458556654187420e-02,9.113241044403208083e-07
1.365886588658865719e+01,6.181274344202417753e-02,8.931915667795739554e-07
1.366036603660366033e+01,6.181090134633903527e-02,8.745066755286963887e-07
1.366186618661866170e+01,6.180905928063536864e-02,8.552898145669428598e-07
1.366336633663366307e+01,6.180721724605137135e-02,8.355611786326697506e-07
1.366486648664866443e+01,6.180537524371458591e-02,8.153407733234230589e-07
1.366636663666366580e+01,6.180353327474185504e-02,7.946484150959161643e-07
1.366786678667866717e+01,6.180169134023932864e-02,7.735037312660305686e-07
1.366936693669366853e+01,6.179984944130247765e-02,7.519261600088147318e-07
1.367086708670866990e+01,6.179800757901609404e-02,7.299349503584856598e-07
1.367236723672367127e+01,6.179616575445427001e-02,7.075491622084271048e-07
1.367386738673867264e+01,6.179432396868041882e-02,6.847876663111915768e-07
1.367536753675367400e+01,6.179248222274727476e-02,6.616691442784981201e-07
1.367686768676867537e+01,6.179064051769687232e-02,6.382120885812343253e-07
1.367836783678367674e+01,6.178879885456056015e-02,6.144348025494547407e-07
1.367986798679867810e+01,6.178695723435901482e-02,5.903554003723823550e-07
1.368136813681368125e+01,6.178511565810222012e-02,5.659918070983781038e-07
1.368286828682868261e+01,6.178327412678947389e-02,5.413617586350576545e-07
1.368436843684368398e+01,6.178143264140937424e-02,5.164828017491181879e-07
1.368586858685868535e+01,6.177959120293986112e-02,4.913722940664528536e-07
1.368736873687368671e+01,6.177774981234816082e-02,4.660474040721223944e-07
1.368886888688868808e+01,6.177590847059083456e-02,4.405251111103554639e-07
1.369036903690368945e+01,6.177406717861375074e-02,4.148222053845484148e-07
1.369186918691869081e+01,6.177222593735207795e-02,3.889552879572651929e-07
1.369336933693369218e+01,6.177038474773031973e-02,3.629407707502373374e-07
1.369486948694869355e+01,6.176854361066227983e-02,3.367948765443642982e-07
1.369636963696369492e+01,6.176670252705108305e-02,3.105336389797129064e-07
1.369786978697869628e+01,6.176486149778916829e-02,2.841729025555177984e-07
1.369936993699369765e+01,6.176302052375828161e-02,2.577283226301812037e-07
1.370087008700870079e+01,6.176117960582949012e-02,2.312153654212419222e-07
1.370237023702370216e+01,6.175933874486316810e-02,2.046493080055001561e-07
1.370387038703870353e+01,6.175749794170901086e-02,1.780452383188297860e-07
1.370537053705370489e+01,6.175565719720602781e-02,1.514180551563039433e-07
1.370687068706870626e+01,6.175381651218253554e-02,1.247824681721636707e-07
1.370837083708370763e+01,6.175197588745616473e-02,9.815299787981643886e-08
1.370987098709870899e+01,6.175013532383387405e-02,7.154397565183858257e-08
1.371137113711371036e+01,6.174829482211191545e-02,4.496954371997392377e-08
1.371287128712871173e+01,6.174645438307586193e-02,1.844365517513355999e-08
1.371437143714371309e+01,6.174461400750062140e-02,-8.019926032603394569e-09
1.371587158715871446e+01,6.174277369615038119e-02,-3.440762509398980897e-08
1.371737173717371583e+01,6.174093344977866354e-02,-6.070605634061233553e-08
1.371887188718871720e+01,6.173909326912829787e-02,-8.690202324488823344e-08
1.372037203720372034e+01,6.173725315493144156e-02,-1.129825184200986148e-07
1.372187218721872171e+01,6.173541310790953834e-02,-1.389347236202647778e-07
1.372337233723372307e+01,6.173357312877338077e-02,-1.647460097403324364e-07
1.372487248724872444e+01,6.173173321822304077e-02,-1.904039368160486888e-07
1.372637263726372581e+01,6.172989337694793216e-02,-2.158962540239935694e-07
1.372787278727872717e+01,6.172805360562675508e-02,-2.412108996815787783e-07
1.372937293729372854e+01,6.172621390492755850e-02,-2.663360012470489518e-07
1.373087308730872991e+01,6.172437427550767075e-02,-2.912598753194799682e-07
1.373237323732373127e+01,6.172253471801376207e-02,-3.159710276387821245e-07
1.373387338733873264e+01,6.172069523308179595e-02,-3.404581530856950540e-07
1.373537353735373401e+01,6.171885582133705694e-02,-3.647101356817932319e-07
1.373687368736873538e+01,6.171701648339415064e-02,-3.887160485894827992e-07
1.373837383738373674e+01,6.171517721985698979e-02,-4.124651541120017743e-07
1.373987398739873811e+01,6.171333803131879431e-02,-4.359469036934211117e-07
1.374137413741374125e+01,6.171149891836211904e-02,-4.591509379186703249e-07
1.374287428742874262e+01,6.170965988155880516e-02,-4.820670865134305486e-07
1.374437443744374399e+01,6.170782092147003572e-02,-5.046853683442963216e-07
1.374587458745874535e+01,6.170598203864628706e-02,-5.269959914186673787e-07
1.374737473747374672e+01,6.170414323362735654e-02,-5.489893528847772380e-07
1.374887488748874809e+01,6.170230450694236257e-02,-5.706560390316893891e-07
1.375037503750374945e+01,6.170046585910971687e-02,-5.919868252893008931e-07
1.375187518751875082e+01,6.169862729063717299e-02,-6.129726762283417473e-07
1.375337533753375219e+01,6.169678880202177779e-02,-6.336047455603725559e-07
1.375487548754875355e+01,6.169495039374989220e-02,-6.538743761377874947e-07
1.375637563756375492e+01,6.169311206629721211e-02,-6.737730999538136753e-07
1.375787578757875629e+01,6.169127382012872668e-02,-6.932926381425079697e-07
1.375937593759375766e+01,6.168943565569873916e-02,-7.124249009787625150e-07
1.376087608760876080e+01,6.168759757345088079e-02,-7.311619878783227135e-07
1.376237623762376217e+01,6.168575957381809000e-02,-7.494961873976985058e-07
1.376387638763876353e+01,6.168392165722260539e-02,-7.674199772343009549e-07
1.376537653765376490e+01,6.168208382407600748e-02,-7.849260242263505545e-07
1.376687668766876627e+01,6.168024607477917004e-02,-8.020071843528996763e-07
1.376837683768376763e+01,6.167840840972228095e-02,-8.186565027338325689e-07
1.376987698769876900e+01,6.167657082928485607e-02,-8.348672136298670527e-07
1.377137713771377037e+01,6.167473333383571149e-02,-8.506327404425524018e-07
1.377287728772877173e+01,6.167289592373297741e-02,-8.659466957142710384e-07
1.377437743774377310e+01,6.167105859932411199e-02,-8.808028811282364151e-07
1.377587758775877447e+01,6.166922136094588058e-02,-8.951952875084942852e-07
1.377737773777377583e+01,6.166738420892434874e-02,-9.091180948199260915e-07
1.377887788778877720e+01,6.166554714357491002e-02,-9.225656721682415539e-07
1.378037803780378034e+01,6.166371016520227899e-02,-9.355325777999979400e-07
1.378187818781878171e+01,6.166187327410046354e-02,-9.480135591025431020e-07
1.378337833783378308e+01,6.166003647055280645e-02,-9.600035526040980623e-07
1.378487848784878445e+01,6.165819975483195076e-02,-9.714976839737049212e-07
1.378637863786378581e+01,6.165636312719985357e-02,-9.824912680212365973e-07
1.378787878787878718e+01,6.165452658790779306e-02,-9.929798086973980987e-07
1.378937893789378855e+01,6.165269013719635455e-02,-1.002958999093725676e-06
1.379087908790878991e+01,6.165085377529544441e-02,-1.012424721442591479e-06
1.379237923792379128e+01,6.164901750242428313e-02,-1.021373047117195090e-06
1.379387938793879265e+01,6.164718131879139834e-02,-1.029800236631572838e-06
1.379537953795379401e+01,6.164534522459463178e-02,-1.037702739640591024e-06
1.379687968796879538e+01,6.164350922002113931e-02,-1.045077194939948462e-06
1.379837983798379675e+01,6.164167330524740473e-02,-1.051920430466177325e-06
1.379987998799879811e+01,6.163983748043920519e-02,-1.058229463296640604e-06
1.380138013801380126e+01,6.163800174575164575e-02,-1.064001499649540581e-06
1.380288028802880262e+01,6.163616610132914564e-02,-1.069233934883893839e-06
1.380438043804380399e+01,6.163433054730542426e-02,-1.073924353499566836e-06
1.380588058805880536e+01,6.163249508380352210e-02,-1.078070529137253462e-06
1.380738073807380673e+01,6.163065971093580758e-02,-1.081670424578477154e-06
1.380888088808880809e+01,6.162882442880394246e-02,-1.084722191745599794e-06
1.381038103810380946e+01,6.162698923749891644e-02,-1.087224171701807302e-06
1.381188118811881083e+01,6.162515413710102641e-02,-1.089174894651124467e-06
1.381338133813381219e+01,6.162331912767988334e-02,-1.090573079938404776e-06
1.381488148814881356e+01,6.162148420929441234e-02,-1.091417636049336350e-06
1.381638163816381493e+01,6.161964938199285952e-02,-1.091707660610438548e-06
1.381788178817881629e+01,6.161781464581277123e-02,-1.091442440389062398e-06
1.381938193819381766e+01,6.161598000078102183e-02,-1.090621451293392285e-06
1.382088208820882080e+01,6.161414544691379280e-02,-1.089244358372443839e-06
1.382238223822382217e+01,6.161231098421657976e-02,-1.087311015816066047e-06
1.382388238823882354e+01,6.161047661268419240e-02,-1.084821466954943376e-06
1.382538253825382490e+01,6.160864233230076148e-02,-1.081775944260583486e-06
1.382688268826882627e+01,6.160680814303971103e-02,-1.078174869345336715e-06
1.382838283828382764e+01,6.160497404486380696e-02,-1.074018852962379561e-06
1.382988298829882901e+01,6.160314003772510844e-02,-1.069308695005721458e-06
1.383138313831383037e+01,6.160130612156499569e-02,-1.064045384510207318e-06
1.383288328832883174e+01,6.159947229631416998e-02,-1.058230099651511176e-06
1.383438343834383311e+01,6.159763856189263281e-02,-1.051864207746139158e-06
1.383588358835883447e+01,6.159580491820969977e-02,-1.044949265251431596e-06
1.383738373837383584e+01,6.159397136516402138e-02,-1.037487017765561335e-06
1.383888388838883721e+01,6.159213790264354144e-02,-1.029479400027533307e-06
1.384038403840383857e+01,6.159030453052552478e-02,-1.020928535917182419e-06
1.384188418841884172e+01,6.158847124867654343e-02,-1.011836738455167619e-06
1.384338433843384308e+01,6.158663805695249738e-02,-1.002206509803012130e-06
1.384488448844884445e+01,6.158480495519858683e-02,-9.920405412630382318e-07
1.384638463846384582e+01,6.158297194324933999e-02,-9.813417132784113040e-07
1.384788478847884718e+01,6.158113902092857833e-02,-9.701130954331322034e-07
1.384938493849384855e+01,6.157930618804945827e-02,-9.583579464520300648e-07
1.385088508850884992e+01,6.157747344441444337e-02,-9.460797142007678058e-07
1.385238523852385129e+01,6.157564078981530437e-02,-9.332820356858404334e-07
1.385388538853885265e+01,6.157380822403313303e-02,-9.199687370545775848e-07
1.385538553855385402e+01,6.157197574683833524e-02,-9.061438335951375983e-07
1.385688568856885539e+01,6.157014335799061711e-02,-8.918115297365134423e-07
1.385838583858385675e+01,6.156831105723902658e-02,-8.769762190485274219e-07
1.385988598859885812e+01,6.156647884432190493e-02,-8.616424842418404954e-07
1.386138613861386126e+01,6.156464671896690749e-02,-8.458150971679190292e-07
1.386288628862886263e+01,6.156281468089100373e-02,-8.294990188191252177e-07
1.386438643864386400e+01,6.156098272980049801e-02,-8.126993993285932054e-07
1.386588658865886536e+01,6.155915086539097414e-02,-7.954215779703099781e-07
1.386738673867386673e+01,6.155731908734735774e-02,-7.776710831590929170e-07
1.386888688868886810e+01,6.155548739534387470e-02,-7.594536324505948803e-07
1.387038703870386946e+01,6.155365578904407192e-02,-7.407751325412986979e-07
1.387188718871887083e+01,6.155182426810079654e-02,-7.216416792685178066e-07
1.387338733873387220e+01,6.154999283215623757e-02,-7.020595576104042969e-07
1.387488748874887357e+01,6.154816148084186339e-02,-6.820352416859323957e-07
1.387638763876387493e+01,6.154633021377849122e-02,-6.615753947549209131e-07
1.387788778877887630e+01,6.154449903057621768e-02,-6.406868692180110071e-07
1.387938793879387767e+01,6.154266793083447429e-02,-6.193767066166824897e-07
1.388088808880888081e+01,6.154083691414200669e-02,-5.976521376332159218e-07
1.388238823882388218e+01,6.153900598007686767e-02,-5.755205820908069626e-07
1.388388838883888354e+01,6.153717512820643110e-02,-5.529896489534033158e-07
1.388538853885388491e+01,6.153534435808737102e-02,-5.300671363258137855e-07
1.388688868886888628e+01,6.153351366926569643e-02,-5.067610314536741824e-07
1.388838883888388764e+01,6.153168306127670961e-02,-4.830795107234568534e-07
1.388988898889888901e+01,6.152985253364503387e-02,-4.590309396624651759e-07
1.389138913891389038e+01,6.152802208588462052e-02,-4.346238729388384282e-07
1.389288928892889174e+01,6.152619171749871413e-02,-4.098670543615399305e-07
1.389438943894389311e+01,6.152436142797988033e-02,-3.847694168803720808e-07
1.389588958895889448e+01,6.152253121681000581e-02,-3.593400825859691542e-07
1.389738973897389585e+01,6.152070108346027744e-02,-3.335883627097932797e-07
1.389888988898889721e+01,6.151887102739121704e-02,-3.075237576241475695e-07
1.390039003900389858e+01,6.151704104805263279e-02,-2.811559568421566371e-07
1.390189018901890172e+01,6.151521114488367470e-02,-2.544948390177498683e-07
1.390339033903390309e+01,6.151338131731278608e-02,-2.275504719457916526e-07
1.390489048904890446e+01,6.151155156475773822e-02,-2.003331125618711071e-07
1.390639063906390582e+01,6.150972188662560264e-02,-1.728532069424513665e-07
1.390789078907890719e+01,6.150789228231277189e-02,-1.451213903048255367e-07
1.390939093909390856e+01,6.150606275120496652e-02,-1.171484870071088606e-07
1.391089108910890992e+01,6.150423329267719341e-02,-8.894551054826455175e-08
1.391239123912391129e+01,6.150240390609378743e-02,-6.052366356808198387e-08
1.391389138913891266e+01,6.150057459080840450e-02,-3.189433784717753757e-08
1.391539153915391402e+01,6.149874534616400767e-02,-3.069114307008788276e-09
1.391689168916891539e+01,6.149691617149286721e-02,2.594023699014306977e-08
1.391839183918391676e+01,6.149508706611657438e-02,5.512175684115691807e-08
1.391989198919891813e+01,6.149325802934604152e-02,8.446329690208346649e-08
1.392139213921392127e+01,6.149142906048148116e-02,1.139525196881740524e-07
1.392289228922892264e+01,6.148960015881242691e-02,1.435768985737469152e-07
1.392439243924392400e+01,6.148777132361772646e-02,1.733237177923890021e-07
1.392589258925892537e+01,6.148594255416554161e-02,2.031800724368164196e-07
1.392739273927392674e+01,6.148411384971334825e-02,2.331328684589258900e-07
1.392889288928892810e+01,6.148228520950792947e-02,2.631688226697629888e-07
1.393039303930392947e+01,6.148045663278538936e-02,2.932744627395610011e-07
1.393189318931893084e+01,6.147862811877114614e-02,3.234361271977051357e-07
1.393339333933393220e+01,6.147679966667992518e-02,3.536399654327522174e-07
1.393489348934893357e+01,6.147497127571577985e-02,3.838719376924364056e-07
1.393639363936393494e+01,6.147314294507207066e-02,4.141178150836460058e-07
1.393789378937893630e+01,6.147131467393145837e-02,4.443631795724459167e-07
1.393939393939393767e+01,6.146948646146593170e-02,4.745934239840621714e-07
1.394089408940894081e+01,6.146765830683679349e-02,5.047937520029307479e-07
1.394239423942394218e+01,6.146583020919466761e-02,5.349491781725447855e-07
1.394389438943894355e+01,6.146400216767946428e-02,5.650445278956707898e-07
1.394539453945394492e+01,6.146217418142044253e-02,5.950644374342114137e-07
1.394689468946894628e+01,6.146034624953614772e-02,6.249933539092304444e-07
1.394839483948394765e+01,6.145851837113445321e-02,6.548155353009709092e-07
1.394989498949894902e+01,6.145669054531254644e-02,6.845150504488274408e-07
1.395139513951395038e+01,6.145486277115692203e-02,7.140757790513763469e-07
1.395289528952895175e+01,6.145303504774339565e-02,7.434814116663550698e-07
1.395439543954395312e+01,6.145120737413708317e-02,7.727154497106688569e-07
1.395589558955895448e+01,6.144937974939244235e-02,8.017612054603943602e-07
1.395739573957395585e+01,6.144755217255321034e-02,8.306018020507657665e-07
1.395889588958895722e+01,6.144572464265246614e-02,8.592201734762011613e-07
1.396039603960395858e+01,6.144389715871258900e-02,8.875990645902722469e-07
1.396189618961896173e+01,6.144206971974527226e-02,9.157210311057609883e-07
1.396339633963396309e+01,6.144024232475152336e-02,9.435684395945086294e-07
1.396489648964896446e+01,6.143841497272167773e-02,9.711234674876307333e-07
1.396639663966396583e+01,6.143658766263536408e-02,9.983681030753730811e-07
1.396789678967896720e+01,6.143476039346153911e-02,1.025284145507155188e-06
1.396939693969396856e+01,6.143293316415845973e-02,1.051853204791554951e-06
1.397089708970896993e+01,6.143110597367371778e-02,1.078056701796327071e-06
1.397239723972397130e+01,6.142927882094420533e-02,1.103875868248386537e-06
1.397389738973897266e+01,6.142745170489612161e-02,1.129291746733819003e-06
1.397539753975397403e+01,6.142562462444499383e-02,1.154285190697881632e-06
1.397689768976897540e+01,6.142379757849565636e-02,1.178836864444995898e-06
1.397839783978397676e+01,6.142197056594226462e-02,1.202927243138748646e-06
1.397989798979897813e+01,6.142014358566827426e-02,1.226536612801892936e-06
1.398139813981398127e+01,6.141831663654646889e-02,1.249645070316382774e-06
1.398289828982898264e+01,6.141648971743893931e-02,1.272232523423263632e-06
1.398439843984398401e+01,6.141466282719708347e-02,1.294278690722809245e-06
1.398589858985898537e+01,6.141283596466163425e-02,1.315763101674452999e-06
1.398739873987398674e+01,6.141100912866261780e-02,1.336665096596791531e-06
1.398889888988898811e+01,6.140918231801938132e-02,1.356963826667587698e-06
1.399039903990398948e+01,6.140735553154059306e-02,1.376638253923770148e-06
1.399189918991899084e+01,6.140552876802421456e-02,1.395667151261435652e-06
1.399339933993399221e+01,6.140370202625754920e-02,1.414029102435849103e-06
1.399489948994899358e+01,6.140187530501719365e-02,1.431702502061451564e-06
1.399639963996399494e+01,6.140004860306906564e-02,1.448665555611834010e-06
1.399789978997899631e+01,6.139822191916840394e-02,1.464896279419769302e-06
1.399939993999399768e+01,6.139639525205974058e-02,1.480372500677199060e-06
1.400090009000900082e+01,6.139456860047694947e-02,1.495071857435234082e-06
1.400240024002400219e+01,6.139274196314319088e-02,1.508971798604113271e-06
1.400390039003900355e+01,6.139091533877095996e-02,1.522049583953303365e-06
1.400540054005400492e+01,6.138908872606205908e-02,1.534282284111402592e-06
1.400690069006900629e+01,6.138726212370760466e-02,1.545646780566185773e-06
1.400840084008400765e+01,6.138543553038801337e-02,1.556119765664601567e-06
1.400990099009900902e+01,6.138360894477304375e-02,1.565677742612747488e-06
1.401140114011401039e+01,6.138178236552174760e-02,1.574297025475921571e-06
1.401290129012901176e+01,6.137995579128249085e-02,1.581953739178546351e-06
1.401440144014401312e+01,6.137812922069296739e-02,1.588623819504250390e-06
1.401590159015901449e+01,6.137630265238017135e-02,1.594283013095810256e-06
1.401740174017401586e+01,6.137447608496041096e-02,1.598906877455178687e-06
1.401890189018901722e+01,6.137264951703932936e-02,1.602470780943459389e-06
1.402040204020401859e+01,6.137082294721184911e-02,1.604949902780952145e-06
1.402190219021902173e+01,6.136899637406223462e-02,1.606319233047090132e-06
1.402340234023402310e+01,6.136716979616405748e-02,1.606553572680507471e-06
1.402490249024902447e+01,6.136534321208019643e-02,1.605627533478975701e-06
1.402640264026402583e+01,6.136351662036284432e-02,1.603515538099466459e-06
1.402790279027902720e+01,6.136169001955352198e-02,1.600191820058093247e-06
1.402940294029402857e+01,6.135986340818305046e-02,1.595630423730148066e-06
1.403090309030902993e+01,6.135803678477156492e-02,1.589805204350082356e-06
1.403240324032403130e+01,6.135621014782852156e-02,1.582689828011536011e-06
1.403390339033903267e+01,6.135438349585269069e-02,1.574257771667282316e-06
1.403540354035403404e+01,6.135255682733214283e-02,1.564482323129296562e-06
1.403690369036903540e+01,6.135073014074428344e-02,1.553336581068691881e-06
1.403840384038403677e+01,6.134890343455581818e-02,1.540793455015777902e-06
1.403990399039903814e+01,6.134707670722276684e-02,1.526825665360018403e-06
1.404140414041404128e+01,6.134524995719046331e-02,1.511405743350022623e-06
1.404290429042904265e+01,6.134342318289356943e-02,1.494506031093617266e-06
1.404440444044404401e+01,6.134159638275604037e-02,1.476098681557767301e-06
1.404590459045904538e+01,6.133976956988387158e-02,1.456413503767778726e-06
1.404740474047404675e+01,6.133794277959687263e-02,1.436070456139077603e-06
1.404890489048904811e+01,6.133611601472890168e-02,1.415119687070654153e-06
1.405040504050404948e+01,6.133428927656747048e-02,1.393584209910818218e-06
1.405190519051905085e+01,6.133246256638749672e-02,1.371486813734553789e-06
1.405340534053405221e+01,6.133063588545131783e-02,1.348850063343517946e-06
1.405490549054905358e+01,6.132880923500871190e-02,1.325696299266042342e-06
1.405640564056405495e+01,6.132698261629686287e-02,1.302047637757132146e-06
1.405790579057905632e+01,6.132515603054038839e-02,1.277925970798466462e-06
1.405940594059405768e+01,6.132332947895133279e-02,1.253352966098398331e-06
1.406090609060906083e+01,6.132150296272916717e-02,1.228350067091924452e-06
1.406240624062406219e+01,6.131967648306076851e-02,1.202938492940805245e-06
1.406390639063906356e+01,6.131785004112046134e-02,1.177139238533385282e-06
1.406540654065406493e+01,6.131602363806998301e-02,1.150973074484713356e-06
1.406690669066906629e+01,6.131419727505848377e-02,1.124460547136511348e-06
1.406840684068406766e+01,6.131237095322256830e-02,1.097621978557175923e-06
1.406990699069906903e+01,6.131054467368622640e-02,1.070477466541776627e-06
1.407140714071407039e+01,6.130871843756091621e-02,1.043046884612057152e-06
1.407290729072907176e+01,6.130689224594547404e-02,1.015349882016435554e-06
1.407440744074407313e+01,6.130506609992619760e-02,9.874058837300029776e-07
1.407590759075907449e+01,6.130324000057679051e-02,9.592340904545253513e-07
1.407740774077407586e+01,6.130141394895839008e-02,9.308534786184411656e-07
1.407890789078907723e+01,6.129958794611953948e-02,9.022828003768641185e-07
1.408040804080407860e+01,6.129776199309622253e-02,8.735405836115808922e-07
1.408190819081908174e+01,6.129593609091184975e-02,8.446451319310182254e-07
1.408340834083408311e+01,6.129411024057725144e-02,8.156145246703787553e-07
1.408490849084908447e+01,6.129228444309067075e-02,7.864666168914373069e-07
1.408640864086408584e+01,6.129045869943778452e-02,7.572190393826763119e-07
1.408790879087908721e+01,6.128863301059170321e-02,7.278891986592517159e-07
1.408940894089408857e+01,6.128680737751294322e-02,6.984942769629937195e-07
1.409090909090908994e+01,6.128498180114946153e-02,6.690512322624062488e-07
1.409240924092409131e+01,6.128315628243662799e-02,6.395767982526673792e-07
1.409390939093909267e+01,6.128133082229723916e-02,6.100874843556283820e-07
1.409540954095409404e+01,6.127950542164151831e-02,5.805995757198148896e-07
1.409690969096909541e+01,6.127768008136710853e-02,5.511291332204262598e-07
1.409840984098409677e+01,6.127585480235908655e-02,5.216919934593357879e-07
1.409990999099909814e+01,6.127402958548994194e-02,4.923037687650908123e-07
1.410141014101410128e+01,6.127220443161959101e-02,4.629798471928773511e-07
1.410291029102910265e+01,6.127037934159538374e-02,4.337353925246594387e-07
1.410441044104410402e+01,6.126855431625208986e-02,4.045853442689711797e-07
1.410591059105910539e+01,6.126672935641189199e-02,3.755444176610553443e-07
1.410741074107410675e+01,6.126490446288441333e-02,3.466271036628280046e-07
1.410891089108910812e+01,6.126307963646668298e-02,3.178476689628795938e-07
1.411041104110410949e+01,6.126125487794317759e-02,2.892201559764738470e-07
1.411191119111911085e+01,6.125943018808577278e-02,2.607583828455488602e-07
1.411341134113411222e+01,6.125760556765379172e-02,2.324759434387170903e-07
1.411491149114911359e+01,6.125578101739397041e-02,2.043862073512630257e-07
1.411641164116411495e+01,6.125395653804046464e-02,1.765023199051469979e-07
1.411791179117911632e+01,6.125213213031485693e-02,1.488372021490022170e-07
1.411941194119411769e+01,6.125030779492617039e-02,1.214035508581356188e-07
1.412091209120912083e+01,6.124848353257082018e-02,9.421383853449673588e-08
1.412241224122412220e+01,6.124665934393267591e-02,6.728031340680454149e-08
1.412391239123912356e+01,6.124483522968301313e-02,4.061499943035559605e-08
1.412541254125412493e+01,6.124301119048054104e-02,1.422969628715216108e-08
1.412691269126912630e+01,6.124118722697139555e-02,-1.186402061412787049e-08
1.412841284128412767e+01,6.123936333978912544e-02,-3.765480013813626828e-08
1.412991299129912903e+01,6.123753952955470620e-02,-6.313151542284726469e-08
1.413141314131413040e+01,6.123571579687654004e-02,-8.828326387956263707e-08
1.413291329132913177e+01,6.123389214235046285e-02,-1.130993671929114960e-07
1.413441344134413313e+01,6.123206856655972335e-02,-1.375693713208475324e-07
1.413591359135913450e+01,6.123024507007499007e-02,-1.616830464946509233e-07
1.413741374137413587e+01,6.122842165345436516e-02,-1.854303872189281203e-07
1.413891389138913723e+01,6.122659831724337753e-02,-2.088016122716120611e-07
1.414041404140413860e+01,6.122477506197497588e-02,-2.317871647039621695e-07
1.414191419141914174e+01,6.122295188816952172e-02,-2.543777118405882842e-07
1.414341434143414311e+01,6.122112879633482413e-02,-2.765641452793492267e-07
1.414491449144914448e+01,6.121930578696609809e-02,-2.983375808915084432e-07
1.414641464146414584e+01,6.121748286054598531e-02,-3.196893588216298201e-07
1.414791479147914721e+01,6.121566001754456116e-02,-3.406110434876033063e-07
1.414941494149414858e+01,6.121383725841931384e-02,-3.610944235806425840e-07
1.415091509150914995e+01,6.121201458361516523e-02,-3.811315120652916333e-07
1.415241524152415131e+01,6.121019199356445700e-02,-4.007145461794168970e-07
1.415391539153915268e+01,6.120836948868694366e-02,-4.198359874342136335e-07
1.415541554155415405e+01,6.120654706938983419e-02,-4.384885216142014697e-07
1.415691569156915541e+01,6.120472473606772962e-02,-4.566650587772265188e-07
1.415841584158415678e+01,6.120290248910267156e-02,-4.743587332544613800e-07
1.415991599159915815e+01,6.120108032886412142e-02,-4.915629036504049271e-07
1.416141614161416129e+01,6.119925825570896732e-02,-5.082711528429003077e-07
1.416291629162916266e+01,6.119743626998152414e-02,-5.244772879830612513e-07
1.416441644164416402e+01,6.119561437201352649e-02,-5.401753404953838779e-07
1.416591659165916539e+01,6.119379256212412188e-02,-5.553595660776696177e-07
1.416741674167416676e+01,6.119197084061991226e-02,-5.700244447010510460e-07
1.416891689168916812e+01,6.119014920779489164e-02,-5.841646806099804478e-07
1.417041704170416949e+01,6.118832766393050154e-02,-5.977752023222412530e-07
1.417191719171917086e+01,6.118650620929558942e-02,-6.108511626289412602e-07
1.417341734173417223e+01,6.118468484414644332e-02,-6.233879385945134834e-07
1.417491749174917359e+01,6.118286356872676413e-02,-6.353811315567186935e-07
1.417641764176417496e+01,6.118104238326767946e-02,-6.468265671266428771e-07
1.417791779177917633e+01,6.117922128798774367e-02,-6.577202951886985067e-07
1.417941794179417769e+01,6.117740028309293782e-02,-6.680585899006241178e-07
1.418091809180918084e+01,6.117557936877666275e-02,-6.778379496934957433e-07
1.418241824182418220e+01,6.117375854521973216e-02,-6.870550972716811738e-07
1.418391839183918357e+01,6.117193781259041424e-02,-6.957069796129085678e-07
1.418541854185418494e+01,6.117011717104437613e-02,-7.037907679682211346e-07
1.418691869186918630e+01,6.116829662072470475e-02,-7.113038578619877229e-07
1.418841884188418767e+01,6.116647616176194152e-02,-7.182438690919045145e-07
1.418991899189918904e+01,6.116465579427401988e-02,-7.246086457289933305e-07
1.419141914191419040e+01,6.116283551836632082e-02,-7.303962561176016309e-07
1.419291929192919177e+01,6.116101533413162428e-02,-7.356049928754025149e-07
1.419441944194419314e+01,6.115919524165016469e-02,-7.402333728933959917e-07
1.419591959195919451e+01,6.115737524098957545e-02,-7.442801373359085562e-07
1.419741974197419587e+01,6.115555533220493056e-02,-7.477442516405919193e-07
1.419891989198919724e+01,6.115373551533872382e-02,-7.506249055184247015e-07
1.420042004200419861e+01,6.115191579042086184e-02,-7.529215129537111622e-07
1.420192019201920175e+01,6.115009615746869187e-02,-7.546337122040845885e-07
1.420342034203420312e+01,6.114827661648698093e-02,-7.557613658004979770e-07
1.420492049204920448e+01,6.114645716746790888e-02,-7.563045605472341989e-07
1.420642064206420585e+01,6.114463781039109619e-02,-7.562636075219038821e-07
1.420792079207920722e+01,6.114281854522358312e-02,-7.556390420754437169e-07
1.420942094209420858e+01,6.114099937191981582e-02,-7.544316238321126448e-07
1.421092109210920995e+01,6.113918029042169494e-02,-7.526423366894994818e-07
1.421242124212421132e+01,6.113736130065852703e-02,-7.502723888185169886e-07
1.421392139213921268e+01,6.113554240254703842e-02,-7.473232126634065300e-07
1.421542154215421405e+01,6.113372359599139605e-02,-7.437964649417329920e-07
1.421692169216921542e+01,6.113190488088317970e-02,-7.396940266443873235e-07
1.421842184218421679e+01,6.113008625710138894e-02,-7.350180030355890773e-07
1.421992199219921815e+01,6.112826772451246393e-02,-7.297707236528838685e-07
1.422142214221422130e+01,6.112644928297025770e-02,-7.239547423071323636e-07
1.422292229222922266e+01,6.112463093231604305e-02,-7.175728370825462793e-07
1.422442244224422403e+01,6.112281267237853338e-02,-7.106280103366422191e-07
1.422592259225922540e+01,6.112099450297385494e-02,-7.031234887002696254e-07
1.422742274227422676e+01,6.111917642390554684e-02,-6.950627230776018856e-07
1.422892289228922813e+01,6.111735843496460263e-02,-6.864493886461409910e-07
1.423042304230422950e+01,6.111554053592940794e-02,-6.772873848567141485e-07
1.423192319231923086e+01,6.111372272656579591e-02,-6.675808354334746275e-07
1.423342334233423223e+01,6.111190500662700559e-02,-6.573340883739038778e-07
1.423492349234923360e+01,6.111008737585372358e-02,-6.465517159488051768e-07
1.423642364236423496e+01,6.110826983397403545e-02,-6.352385147023125229e-07
1.423792379237923633e+01,6.110645238070346735e-02,-6.233995054518830129e-07
1.423942394239423770e+01,6.110463501574496525e-02,-6.110399332883006530e-07
1.424092409240924084e+01,6.110281773878889489e-02,-5.981652675756598422e-07
1.424242424242424221e+01,6.110100054951305565e-02,-5.847812019514310170e-07
1.424392439243924358e+01,6.109918344758265979e-02,-5.708936543263573134e-07
1.424542454245424494e+01,6.109736643265035322e-02,-5.565087668845299530e-07
1.424692469246924631e+01,6.109554950435620163e-02,-5.416329060833632555e-07
1.424842484248424768e+01,6.109373266232769051e-02,-5.262726626535992972e-07
1.424992499249924904e+01,6.109191590617974593e-02,-5.104348515993036761e-07
1.425142514251425041e+01,6.109009923551469295e-02,-4.941265121978718643e-07
1.425292529252925178e+01,6.108828264992230417e-02,-4.773549080000203146e-07
1.425442544254425314e+01,6.108646614897976501e-02,-4.601275268297978951e-07
1.425592559255925451e+01,6.108464973225168765e-02,-4.424520807845731838e-07
1.425742574257425588e+01,6.108283339929011097e-02,-4.243365062350488681e-07
1.425892589258925724e+01,6.108101714963448670e-02,-4.057889638252443809e-07
1.426042604260425861e+01,6.107920098281170024e-02,-3.868178384725115704e-07
1.426192619261926176e+01,6.107738489833606371e-02,-3.674317393675044186e-07
1.426342634263426312e+01,6.107556889570931596e-02,-3.476394999742703097e-07
1.426492649264926449e+01,6.107375297442060175e-02,-3.274501780301155627e-07
1.426642664266426586e+01,6.107193713394650642e-02,-3.068730555456964884e-07
1.426792679267926722e+01,6.107012137375103511e-02,-2.859176388049918600e-07
1.426942694269426859e+01,6.106830569328561970e-02,-2.645936583653082077e-07
1.427092709270926996e+01,6.106649009198911182e-02,-2.429110690572819358e-07
1.427242724272427132e+01,6.106467456928778986e-02,-2.208800499848697939e-07
1.427392739273927269e+01,6.106285912459535892e-02,-1.985110045253565001e-07
1.427542754275427406e+01,6.106104375731293693e-02,-1.758145603293587643e-07
1.427692769276927542e+01,6.105922846682907551e-02,-1.528015693208079242e-07
1.427842784278427679e+01,6.105741325251975993e-02,-1.294831076969721799e-07
1.427992799279927816e+01,6.105559811374838136e-02,-1.058704759284409234e-07
1.428142814281428130e+01,6.105378304986575771e-02,-8.197519875910123418e-08
1.428292829282928267e+01,6.105196806021014749e-02,-5.780902520625243967e-08
1.428442844284428404e+01,6.105015314410721511e-02,-3.338392856043628558e-08
1.428592859285928540e+01,6.104833830087005864e-02,-8.712106385543450158e-09
1.428742874287428677e+01,6.104652352979919594e-02,1.619401948120127888e-08
1.428892889288928814e+01,6.104470883018256466e-02,4.132180292925298038e-08
1.429042904290428950e+01,6.104289420129554999e-02,6.665837357473876473e-08
1.429192919291929087e+01,6.104107964240092915e-02,9.219063676045925611e-08
1.429342934293429224e+01,6.103926515274892689e-02,1.179052735558854162e-07
1.429492949294929360e+01,6.103745073157718082e-02,1.437887407571718848e-07
1.429642964296429497e+01,6.103563637811076220e-02,1.698272708871332631e-07
1.429792979297929634e+01,6.103382209156214822e-02,1.960068721952756656e-07
1.429942994299429770e+01,6.103200787113125664e-02,2.223133286577588151e-07
1.430093009300930085e+01,6.103019371600543197e-02,2.487321999774648648e-07
1.430243024302430221e+01,6.102837962535942462e-02,2.752488215838461433e-07
1.430393039303930358e+01,6.102656559835543254e-02,3.018483046331273843e-07
1.430543054305430495e+01,6.102475163414305959e-02,3.285155360081689307e-07
1.430693069306930632e+01,6.102293773185934328e-02,3.552351783185196738e-07
1.430843084308430768e+01,6.102112389062873399e-02,3.819916699003859253e-07
1.430993099309930905e+01,6.101931010956312962e-02,4.087692248166561928e-07
1.431143114311431042e+01,6.101749638776182011e-02,4.355518328568888977e-07
1.431293129312931178e+01,6.101568272431154988e-02,4.623232595373189399e-07
1.431443144314431315e+01,6.101386911828646925e-02,4.890670461008638389e-07
1.431593159315931452e+01,6.101205556874815528e-02,5.157665095170953578e-07
1.431743174317431588e+01,6.101024207474561173e-02,5.424047424822734907e-07
1.431893189318931725e+01,6.100842863531527605e-02,5.689646134193300517e-07
1.432043204320431862e+01,6.100661524948099157e-02,5.954287664778678274e-07
1.432193219321932176e+01,6.100480191625403531e-02,6.217796215341945645e-07
1.432343234323432313e+01,6.100298863463311100e-02,6.479993741911995143e-07
1.432493249324932449e+01,6.100117540360434215e-02,6.740699957785430628e-07
1.432643264326432586e+01,6.099936222214127901e-02,6.999732333525173932e-07
1.432793279327932723e+01,6.099754908920489160e-02,7.256906096961085314e-07
1.432943294329432860e+01,6.099573600374357668e-02,7.512034233189510298e-07
1.433093309330932996e+01,6.099392296469316466e-02,7.764927484573683068e-07
1.433243324332433133e+01,6.099210997097689185e-02,8.015394350743610006e-07
1.433393339333933270e+01,6.099029702150543519e-02,8.263241088595946870e-07
1.433543354335433406e+01,6.098848411517688445e-02,8.508271712294151259e-07
1.433693369336933543e+01,6.098667125087675611e-02,8.750287993268310032e-07
1.433843384338433680e+01,6.098485842747799340e-02,8.989089460215377536e-07
1.433993399339933816e+01,6.098304564384097320e-02,9.224473399098962786e-07
1.434143414341434131e+01,6.098123289881347137e-02,9.456234853149779454e-07
1.434293429342934267e+01,6.097942019123071822e-02,9.684166622864364733e-07
1.434443444344434404e+01,6.097760751991534306e-02,9.908059266006840102e-07
1.434593459345934541e+01,6.097579488367740885e-02,1.012770109760783560e-06
1.434743474347434677e+01,6.097398228131441222e-02,1.034287818996459358e-06
1.434893489348934814e+01,6.097216971161126264e-02,1.055337437264130753e-06
1.435043504350434951e+01,6.097035717334028937e-02,1.075897123246868373e-06
1.435193519351935088e+01,6.096854466526125532e-02,1.095944811354437112e-06
1.435343534353435224e+01,6.096673218612135015e-02,1.115458211723262249e-06
1.435493549354935361e+01,6.096491973465517633e-02,1.134414810216444906e-06
1.435643564356435498e+01,6.096310730958477697e-02,1.152791868423763742e-06
1.435793579357935634e+01,6.096129490961959413e-02,1.170566423661665637e-06
1.435943594359435771e+01,6.095948253345652434e-02,1.187715288973274371e-06
1.436093609360936085e+01,6.095767017977986313e-02,1.204215053128412862e-06
1.436243624362436222e+01,6.095585784726134659e-02,1.220042080623509144e-06
1.436393639363936359e+01,6.095404553456012370e-02,1.235172511681729351e-06
1.436543654365436495e+01,6.095223324032277706e-02,1.249582262252900000e-06
1.436693669366936632e+01,6.095042096318330910e-02,1.263247024013507572e-06
1.436843684368436769e+01,6.094860870176314199e-02,1.276142264366720742e-06
1.436993699369936905e+01,6.094679645467113160e-02,1.288243226442381488e-06
1.437143714371437042e+01,6.094498422050354663e-02,1.299524929097008902e-06
1.437293729372937179e+01,6.094317199784409639e-02,1.309962166913782671e-06
1.437443744374437316e+01,6.094135978526389608e-02,1.319529510202571457e-06
1.437593759375937452e+01,6.093954758132149457e-02,1.328201304999912138e-06
1.437743774377437589e+01,6.093773538456286748e-02,1.335951673069017438e-06
1.437893789378937726e+01,6.093592319352141018e-02,1.342754511899765124e-06
1.438043804380437862e+01,6.093411100671793784e-02,1.348583494708718335e-06
1.438193819381938177e+01,6.093229882266069930e-02,1.353412070439114994e-06
1.438343834383438313e+01,6.093048663984536317e-02,1.357213463760846634e-06
1.438493849384938450e+01,6.092867445675501786e-02,1.359960675070506463e-06
1.438643864386438587e+01,6.092686227186019238e-02,1.361626480491329442e-06
1.438793879387938723e+01,6.092505008361881469e-02,1.362183431873269572e-06
1.438943894389438860e+01,6.092323789047625338e-02,1.361603856792906935e-06
1.439093909390938997e+01,6.092142569086530374e-02,1.359859858553531336e-06
1.439243924392439133e+01,6.091961348320617392e-02,1.356923316185079626e-06
1.439393939393939270e+01,6.091780126590650574e-02,1.352765884444190332e-06
1.439543954395439407e+01,6.091598903736136078e-02,1.347358993814138015e-06
1.439693969396939544e+01,6.091417679595322737e-02,1.340673850504915218e-06
1.439843984398439680e+01,6.091236454005201362e-02,1.332681436453156023e-06
1.439993999399939817e+01,6.091055226801504741e-02,1.323352509322178402e-06
1.440144014401440131e+01,6.090873997818710417e-02,1.312657602501961134e-06
1.440294029402940268e+01,6.090692766890035137e-02,1.300567025109202677e-06
1.440444044404440405e+01,6.090511533847440401e-02,1.287050861987219733e-06
1.440594059405940541e+01,6.090330298521629687e-02,1.272078973706036822e-06
1.440744074407440678e+01,6.090149060914066409e-02,1.255651525126486077e-06
1.440894089408940815e+01,6.089967825228878584e-02,1.238514627230763426e-06
1.441044104410440951e+01,6.089786593399575815e-02,1.221011635007273050e-06
1.441194119411941088e+01,6.089605365515377011e-02,1.203158622603044061e-06
1.441344134413441225e+01,6.089424141664562945e-02,1.184971495693262718e-06
1.441494149414941361e+01,6.089242921934476249e-02,1.166465991481271579e-06
1.441644164416441498e+01,6.089061706411522806e-02,1.147657678698570136e-06
1.441794179417941635e+01,6.088880495181168973e-02,1.128561957604814394e-06
1.441944194419441772e+01,6.088699288327942966e-02,1.109194059987817501e-06
1.442094209420942086e+01,6.088518085935435559e-02,1.089569049163525613e-06
1.442244224422442223e+01,6.088336888086299387e-02,1.069701819976111276e-06
1.442394239423942359e+01,6.088155694862250333e-02,1.049607098797834727e-06
1.442544254425442496e+01,6.087974506344063369e-02,1.029299443529135583e-06
1.442694269426942633e+01,6.087793322611577407e-02,1.008793243598610182e-06
1.442844284428442769e+01,6.087612143743692528e-02,9.881027199630122224e-07
1.442994299429942906e+01,6.087430969818372062e-02,9.672419251072510660e-07
1.443144314431443043e+01,6.087249800912639119e-02,9.462247430443934320e-07
1.443294329432943179e+01,6.087068637102580060e-02,9.250648893156629741e-07
1.443444344434443316e+01,6.086887478463343798e-02,9.037759109904394338e-07
1.443594359435943453e+01,6.086706325069139722e-02,8.823711866662599103e-07
1.443744374437443589e+01,6.086525176993239777e-02,8.608639264688178021e-07
1.443894389438943726e+01,6.086344034307977768e-02,8.392671720519634420e-07
1.444044404440443863e+01,6.086162897084750750e-02,8.175937965977034622e-07
1.444194419441944177e+01,6.085981765394014864e-02,7.958565048161760182e-07
1.444344434443444314e+01,6.085800639305290888e-02,7.740678329457529624e-07
1.444494449444944451e+01,6.085619518887160073e-02,7.522401487528855782e-07
1.444644464446444587e+01,6.085438404207266921e-02,7.303856515322077059e-07
1.444794479447944724e+01,6.085257295332315713e-02,7.085163721065103325e-07
1.444944494449444861e+01,6.085076192328074673e-02,6.866441728267402144e-07
1.445094509450944997e+01,6.084895095259373193e-02,6.647807475720014660e-07
1.445244524452445134e+01,6.084714004190102526e-02,6.429376217495549246e-07
1.445394539453945271e+01,6.084532919183216482e-02,6.211261522948181502e-07
1.445544554455445407e+01,6.084351840300729342e-02,5.993575276713647898e-07
1.445694569456945544e+01,6.084170767603718638e-02,5.776427678709262725e-07
1.445844584458445681e+01,6.083989701152323765e-02,5.559927244133897968e-07
1.445994599459945817e+01,6.083808641005745976e-02,5.344180803468000251e-07
1.446144614461446132e+01,6.083627587222247696e-02,5.129293502473322962e-07
1.446294629462946268e+01,6.083446539859154595e-02,4.915368802193954342e-07
1.446444644464446405e+01,6.083265498972852819e-02,4.702508478954783291e-07
1.446594659465946542e+01,6.083084464618791071e-02,4.490812624362521108e-07
1.446744674467446679e+01,6.082903436851480605e-02,4.280379645305448432e-07
1.446894689468946815e+01,6.082722415724494541e-02,4.071306263953411017e-07
1.447044704470446952e+01,6.082541401290466471e-02,3.863687517757822897e-07
1.447194719471947089e+01,6.082360393601093235e-02,3.657616759451662162e-07
1.447344734473447225e+01,6.082179392707133536e-02,3.453185657049480477e-07
1.447494749474947362e+01,6.081998398658407939e-02,3.250484193847392503e-07
1.447644764476447499e+01,6.081817411503798870e-02,3.049600668423075889e-07
1.447794779477947635e+01,6.081636431291250616e-02,2.850621694635787161e-07
1.447944794479447772e+01,6.081455458067768632e-02,2.653632201626337364e-07
1.448094809480948086e+01,6.081274491879421623e-02,2.458715433816881367e-07
1.448244824482448223e+01,6.081093532771340154e-02,2.265952950911837948e-07
1.448394839483948360e+01,6.080912580787715960e-02,2.075424627896485842e-07
1.448544854485448496e+01,6.080731635971803328e-02,1.887208655037912415e-07
1.448694869486948633e+01,6.080550698365917023e-02,1.701381537884774375e-07
1.448844884488448770e+01,6.080369768011436443e-02,1.518018097267293544e-07
1.448994899489948907e+01,6.080188844948800075e-02,1.337191469297246261e-07
1.449144914491449043e+01,6.080007929217511042e-02,1.158973105367993035e-07
1.449294929492949180e+01,6.079827020856131553e-02,9.834327721544573670e-08
1.449444944494449317e+01,6.079646119902288454e-02,8.106385516131215128e-08
1.449594959495949453e+01,6.079465226392669064e-02,6.406568409820497800e-08
1.449744974497449590e+01,6.079284340363021871e-02,4.735523527808588793e-08
1.449894989498949727e+01,6.079103461848160000e-02,3.093881148107454543e-08
1.450045004500449863e+01,6.078922590881954968e-02,1.482254701544585521e-08
1.450195019501950178e+01,6.078741727497342928e-02,-9.875922823854959545e-10
1.450345034503450314e+01,6.078560871726321896e-02,-1.648580904779346498e-08
1.450495049504950451e+01,6.078380023599950360e-02,-3.166647438805034321e-08
1.450645064506450588e+01,6.078199183148349366e-02,-4.652412788225433514e-08
1.450795079507950724e+01,6.078018350400701819e-02,-6.105347758134544024e-08
1.450945094509450861e+01,6.077837525385253181e-02,-7.524940000810778232e-08
1.451095109510950998e+01,6.077656708129309387e-02,-8.910694015716876249e-08
1.451245124512451135e+01,6.077475898659241010e-02,-1.026213114949986357e-07
1.451395139513951271e+01,6.077295097000477708e-02,-1.157878959599113575e-07
1.451545154515451408e+01,6.077114303177512389e-02,-1.286022439620639494e-07
1.451695169516951545e+01,6.076933517213899127e-02,-1.410600743834564980e-07
1.451845184518451681e+01,6.076752739132255943e-02,-1.531572745779330028e-07
1.451995199519951818e+01,6.076571968954260633e-02,-1.648899003711801052e-07
1.452145214521452132e+01,6.076391206700653552e-02,-1.762541760607410646e-07
1.452295229522952269e+01,6.076210452391236916e-02,-1.872464944159623955e-07
1.452445244524452406e+01,6.076029706044876189e-02,-1.978634166780753944e-07
1.452595259525952542e+01,6.075848967679496615e-02,-2.081016725601385413e-07
1.452745274527452679e+01,6.075668237312086689e-02,-2.179581602470565581e-07
1.452895289528952816e+01,6.075487514958696766e-02,-2.274299463955757502e-07
1.453045304530452952e+01,6.075306800634439064e-02,-2.365142661342850647e-07
1.453195319531953089e+01,6.075126094353486966e-02,-2.452085230636182085e-07
1.453345334533453226e+01,6.074945396129077801e-02,-2.535102892558523776e-07
1.453495349534953363e+01,6.074764705973507983e-02,-2.614173052551055041e-07
1.453645364536453499e+01,6.074584023898138563e-02,-2.689274800773419737e-07
1.453795379537953636e+01,6.074403349913390371e-02,-2.760388912103679673e-07
1.453945394539453773e+01,6.074222684028747488e-02,-2.827497846138325194e-07
1.454095409540954087e+01,6.074042026252755855e-02,-2.890585747192357770e-07
1.454245424542454224e+01,6.073861376593023276e-02,-2.949638444298987180e-07
1.454395439543954360e+01,6.073680735056218721e-02,-3.004643451210091027e-07
1.454545454545454497e+01,6.073500101648074412e-02,-3.055589966395888630e-07
1.454695469546954634e+01,6.073319476373383041e-02,-3.102468873045040555e-07
1.454845484548454770e+01,6.073138859236000553e-02,-3.145272739064642255e-07
1.454995499549954907e+01,6.072958250238844058e-02,-3.183995817080217722e-07
1.455145514551455044e+01,6.072777649383891835e-02,-3.218634044435719487e-07
1.455295529552955180e+01,6.072597056672186799e-02,-3.249185043193547675e-07
1.455445544554455317e+01,6.072416472103830953e-02,-3.275648120134522480e-07
1.455595559555955454e+01,6.072235895677989548e-02,-3.298024266757894751e-07
1.455745574557455591e+01,6.072055327392889695e-02,-3.316316159281356581e-07
1.455895589558955727e+01,6.071874767245820370e-02,-3.330528158641028599e-07
1.456045604560455864e+01,6.071694215233132408e-02,-3.340666310491466328e-07
1.456195619561956178e+01,6.071513671350238506e-02,-3.346738345205664412e-07
1.456345634563456315e+01,6.071333135591613223e-02,-3.348753677875024862e-07
1.456495649564956452e+01,6.071152607950793673e-02,-3.346723408309409987e-07
1.456645664566456588e+01,6.070972088420378138e-02,-3.340660321037114870e-07
1.456795679567956725e+01,6.070791576992027455e-02,-3.330578885304844075e-07
1.456945694569456862e+01,6.070611073656464324e-02,-3.316495255077753996e-07
1.457095709570956998e+01,6.070430578403472610e-02,-3.298427269039442270e-07
1.457245724572457135e+01,6.070250091221898736e-02,-3.276394450591899074e-07
1.457395739573957272e+01,6.070069612099650985e-02,-3.250418007855591826e-07
1.457545754575457408e+01,6.069889141023700196e-02,-3.220520833669408013e-07
1.457695769576957545e+01,6.069708677980078376e-02,-3.186727505590646719e-07
1.457845784578457682e+01,6.069528222953878699e-02,-3.149064285895069445e-07
1.457995799579957819e+01,6.069347775929258282e-02,-3.107559121576851410e-07
1.458145814581458133e+01,6.069167336889434716e-02,-3.062241644348551899e-07
1.458295829582958270e+01,6.068986905816688149e-02,-3.013143170641323907e-07
1.458445844584458406e+01,6.068806482692359894e-02,-2.960296701604596503e-07
1.458595859585958543e+01,6.068626067496854515e-02,-2.903736923106278113e-07
1.458745874587458680e+01,6.068445660209637743e-02,-2.843500205732718407e-07
1.458895889588958816e+01,6.068265260809236478e-02,-2.779624604788693477e-07
1.459045904590458953e+01,6.068084869273240867e-02,-2.712149860297420656e-07
1.459195919591959090e+01,6.067904485578302226e-02,-2.641117397000518287e-07
1.459345934593459226e+01,6.067724109700133733e-02,-2.566570324358101016e-07
1.459495949594959363e+01,6.067543741613511815e-02,-2.488553436548640025e-07
1.459645964596459500e+01,6.067363381292273372e-02,-2.407113212469107034e-07
1.459795979597959636e+01,6.067183028709317860e-02,-2.322297815734857831e-07
1.459945994599459773e+01,6.067002683836605903e-02,-2.234157094679708506e-07
1.460096009600959910e+01,6.066822346645160680e-02,-2.142742582355912158e-07
1.460246024602460224e+01,6.066642017105068618e-02,-2.048107496533991603e-07
1.460396039603960361e+01,6.066461695185475234e-02,-1.950306739703298419e-07
1.460546054605460498e+01,6.066281380854589983e-02,-1.849396899071273909e-07
1.460696069606960634e+01,6.066101074079684186e-02,-1.745436246563872618e-07
1.460846084608460771e+01,6.065920774827091022e-02,-1.638484738825492449e-07
1.460996099609960908e+01,6.065740483062204147e-02,-1.528604017218983140e-07
1.461146114611461044e+01,6.065560198749481158e-02,-1.415857407825614493e-07
1.461296129612961181e+01,6.065379921852440126e-02,-1.300309921445089085e-07
1.461446144614461318e+01,6.065199652333662372e-02,-1.182028253595531679e-07
1.461596159615961454e+01,6.065019390154789691e-02,-1.061080784513520985e-07
1.461746174617461591e+01,6.064839135276527821e-02,-9.375375791540684859e-08
1.461896189618961728e+01,6.064658887658641584e-02,-8.114703871905845578e-08
1.462046204620461864e+01,6.064478647259960442e-02,-6.829526430149377599e-08
1.462196219621962179e+01,6.064298414038374330e-02,-5.520594657372833115e-08
1.462346234623462315e+01,6.064118187950835737e-02,-4.188676591866602498e-08
1.462496249624962452e+01,6.063937968953358321e-02,-2.834557119100829873e-08
1.462646264626462589e+01,6.063757757001018295e-02,-1.459037971731511754e-08
1.462796279627962726e+01,6.063577552047954428e-02,-6.293772959878180515e-10
1.462946294629462862e+01,6.063397354047365961e-02,1.352908180272580945e-08
1.463096309630962999e+01,6.063217162951515388e-02,2.787647483673617966e-08
1.463246324632463136e+01,6.063036978711726366e-02,4.240411059211170053e-08
1.463396339633963272e+01,6.062856801278383723e-02,5.710312938307432634e-08
1.463546354635463409e+01,6.062676630600936922e-02,7.196450305200548693e-08
1.463696369636963546e+01,6.062496466627894515e-02,8.697903496944185251e-08
1.463846384638463682e+01,6.062316309306828993e-02,1.021373600340787218e-07
1.463996399639963819e+01,6.062136158584372631e-02,1.174299446727653635e-07
1.464146414641464133e+01,6.061956014406221643e-02,1.328470868405291563e-07
1.464296429642964270e+01,6.061775876717133416e-02,1.483789160204946978e-07
1.464446444644464407e+01,6.061595745460927193e-02,1.640153932240040828e-07
1.464596459645964543e+01,6.061415620580484775e-02,1.797463109905338941e-07
1.464746474647464680e+01,6.061235502017749133e-02,1.955612933877193433e-07
1.464896489648964817e+01,6.061055389713725094e-02,2.114497960113500350e-07
1.465046504650464954e+01,6.060875283608480046e-02,2.274011059853735673e-07
1.465196519651965090e+01,6.060695183641143235e-02,2.434043419618961667e-07
1.465346534653465227e+01,6.060515089749905077e-02,2.594484541211750651e-07
1.465496549654965364e+01,6.060335001872019234e-02,2.755222241716326870e-07
1.465646564656465500e+01,6.060154919943799845e-02,2.916142653498441568e-07
1.465796579657965637e+01,6.059974843900624297e-02,3.077130224205346507e-07
1.465946594659465774e+01,6.059794773676931146e-02,3.238067716765980322e-07
1.466096609660965910e+01,6.059614709206221500e-02,3.398836209390772641e-07
1.466246624662466225e+01,6.059434650421056251e-02,3.559315095571928901e-07
1.466396639663966361e+01,6.059254597253062313e-02,3.719382084082651079e-07
1.466546654665466498e+01,6.059074549632924300e-02,3.878913198978262124e-07
1.466696669666966635e+01,6.058894507490392156e-02,4.037782779595501866e-07
1.466846684668466771e+01,6.058714470754274911e-02,4.195863480552647715e-07
1.466996699669966908e+01,6.058534439352445539e-02,4.353026271749534779e-07
1.467146714671467045e+01,6.058354413211838874e-02,4.509140438367626801e-07
1.467296729672967182e+01,6.058174392258449531e-02,4.664073580869848876e-07
1.467446744674467318e+01,6.057994376417336763e-02,4.817691615000785436e-07
1.467596759675967455e+01,6.057814365612620294e-02,4.969858771786571203e-07
1.467746774677467592e+01,6.057634359767482407e-02,5.120437597534854126e-07
1.467896789678967728e+01,6.057454358804167244e-02,5.269288953834924555e-07
1.468046804680467865e+01,6.057274362643979421e-02,5.416272017557575483e-07
1.468196819681968179e+01,6.057094371207287498e-02,5.561244280855387354e-07
1.468346834683468316e+01,6.056914384413521896e-02,5.704061551161972095e-07
1.468496849684968453e+01,6.056734402181173510e-02,5.844577951193003313e-07
1.468646864686468589e+01,6.056554424427795791e-02,5.982645918945575730e-07
1.468796879687968726e+01,6.056374451070004744e-02,6.118116207698366118e-07
1.468946894689468863e+01,6.056194482023478237e-02,6.250837886011610005e-07
1.469096909690968999e+01,6.056014517202954611e-02,6.380658337727047677e-07
1.469246924692469136e+01,6.055834556522236151e-02,6.507423261968075587e-07
1.469396939693969273e+01,6.055654599894185613e-02,6.630976673139608709e-07
1.469546954695469410e+01,6.055474647230728313e-02,6.751160900928175831e-07
1.469696969696969546e+01,6.055294698442851425e-02,6.867816590301775561e-07
1.469846984698469683e+01,6.055114753440604680e-02,6.980782701510081728e-07
1.469996999699969820e+01,6.054934812133098282e-02,7.089896510084262332e-07
1.470147014701470134e+01,6.054754874428505684e-02,7.194993606837222009e-07
1.470297029702970271e+01,6.054574940234061509e-02,7.295907897863030279e-07
1.470447044704470407e+01,6.054395009456063625e-02,7.392471604537701878e-07
1.470597059705970544e+01,6.054215081999868991e-02,7.484515263518706536e-07
1.470747074707470681e+01,6.054035157769899894e-02,7.571867726745099211e-07
1.470897089708970817e+01,6.053855236669638401e-02,7.654356161437439620e-07
1.471047104710470954e+01,6.053675318601629135e-02,7.731806050097945760e-07
1.471197119711971091e+01,6.053495403467479274e-02,7.804041190510308626e-07
1.471347134713471227e+01,6.053315491167855777e-02,7.870883695739789614e-07
1.471497149714971364e+01,6.053135581602490933e-02,7.932153994133343344e-07
1.471647164716471501e+01,6.052955674670176117e-02,7.987670829319327550e-07
1.471797179717971638e+01,6.052775770268765260e-02,8.037251260207837658e-07
1.471947194719471774e+01,6.052595868295175541e-02,8.080710660990329859e-07
1.472097209720971911e+01,6.052415968645384614e-02,8.117862721139998033e-07
1.472247224722472225e+01,6.052236071214431995e-02,8.148519445411608583e-07
1.472397239723972362e+01,6.052056175896421142e-02,8.172491153841302439e-07
1.472547254725472499e+01,6.051876282584514599e-02,8.189586481746957163e-07
1.472697269726972635e+01,6.051696391170939548e-02,8.199612379728013312e-07
1.472847284728472772e+01,6.051516501546983645e-02,8.202374113665404550e-07
1.472997299729972909e+01,6.051336613602995712e-02,8.197675264721744004e-07
1.473147314731473045e+01,6.051156727228388515e-02,8.185317729341027797e-07
1.473297329732973182e+01,6.050976842311634601e-02,8.165101719249020447e-07
1.473447344734473319e+01,6.050796958740271153e-02,8.136825761452934059e-07
1.473597359735973455e+01,6.050617076400894440e-02,8.100286698241556434e-07
1.473747374737473592e+01,6.050437195179164673e-02,8.055279687185274363e-07
1.473897389738973729e+01,6.050257314959802540e-02,8.001598201136018571e-07
1.474047404740473866e+01,6.050077435626591976e-02,7.939034028227357949e-07
1.474197419741974180e+01,6.049897557062378084e-02,7.867377271874200976e-07
1.474347434743474317e+01,6.049717679149068522e-02,7.786416350773400286e-07
1.474497449744974453e+01,6.049537801767632117e-02,7.695937998903067632e-07
1.474647464746474590e+01,6.049357924969085004e-02,7.596033822582889183e-07
1.474797479747974727e+01,6.049178052548927209e-02,7.493508994353434378e-07
1.474947494749474863e+01,6.048998186120845694e-02,7.391257327145826215e-07
1.475097509750975000e+01,6.048818325700609094e-02,7.289307801483631943e-07
1.475247524752475137e+01,6.048638471303722369e-02,7.187688922582009748e-07
1.475397539753975273e+01,6.048458622945428187e-02,7.086428720347716160e-07
1.475547554755475410e+01,6.048278780640706231e-02,6.985554749379100761e-07
1.475697569756975547e+01,6.048098944404272509e-02,6.885094088966108302e-07
1.475847584758475683e+01,6.047919114250580735e-02,6.785073343090279761e-07
1.475997599759975820e+01,6.047739290193821643e-02,6.685518640424751285e-07
1.476147614761476135e+01,6.047559472247922285e-02,6.586455634334136667e-07
1.476297629762976271e+01,6.047379660426548120e-02,6.487909502874996383e-07
1.476447644764476408e+01,6.047199854743100927e-02,6.389904948795132445e-07
1.476597659765976545e+01,6.047020055210718809e-02,6.292466199534063796e-07
1.476747674767476681e+01,6.046840261842277575e-02,6.195617007222899251e-07
1.476897689768976818e+01,6.046660474650391442e-02,6.099380648684345971e-07
1.477047704770476955e+01,6.046480693647408866e-02,6.003779925432706289e-07
1.477197719771977091e+01,6.046300918845417399e-02,5.908837163673875585e-07
1.477347734773477228e+01,6.046121150256241611e-02,5.814574214305346530e-07
1.477497749774977365e+01,6.045941387891442392e-02,5.721012452916208019e-07
1.477647764776477501e+01,6.045761631762317651e-02,5.628172779787137766e-07
1.477797779777977638e+01,6.045581881879903002e-02,5.536075619890417123e-07
1.477947794779477775e+01,6.045402138254970387e-02,5.444740922889916259e-07
1.478097809780977911e+01,6.045222400898029452e-02,5.354188163141103688e-07
1.478247824782478226e+01,6.045042669819326864e-02,5.264436339690935096e-07
1.478397839783978363e+01,6.044862945028845608e-02,5.175503976278283211e-07
1.478547854785478499e+01,6.044683226536306381e-02,5.087409121333289822e-07
1.478697869786978636e+01,6.044503514351166895e-02,5.000169347977806238e-07
1.478847884788478773e+01,6.044323808482622573e-02,4.913801754025275759e-07
1.478997899789978909e+01,6.044144108939603771e-02,4.828322961980736853e-07
1.479147914791479046e+01,6.043964415730779943e-02,4.743749119040821572e-07
1.479297929792979183e+01,6.043784728864556172e-02,4.660095897093759253e-07
1.479447944794479319e+01,6.043605048349076636e-02,4.577378492719372813e-07
1.479597959795979456e+01,6.043425374192221144e-02,4.495611627189081397e-07
1.479747974797479593e+01,6.043245706401605133e-02,4.414809546465899850e-07
1.479897989798979729e+01,6.043066044984584523e-02,4.334986021204436597e-07
1.480048004800479866e+01,6.042886389948249476e-02,4.256154346750895231e-07
1.480198019801980180e+01,6.042706741299427864e-02,4.178327343142985578e-07
1.480348034803480317e+01,6.042527099044685962e-02,4.101517355110283680e-07
1.480498049804980454e+01,6.042347463190325674e-02,4.025736252073688642e-07
1.480648064806480591e+01,6.042167833742385225e-02,3.950995428145784734e-07
1.480798079807980727e+01,6.041988210706642631e-02,3.877305802130751395e-07
1.480948094809480864e+01,6.041808594088610845e-02,3.804677817524364291e-07
1.481098109810981001e+01,6.041628983893539834e-02,3.733121442513992671e-07
1.481248124812481137e+01,6.041449380126417273e-02,3.662646169978602010e-07
1.481398139813981274e+01,6.041269782791968551e-02,3.593261017488754541e-07
1.481548154815481411e+01,6.041090191894654682e-02,3.524974527306602371e-07
1.481698169816981547e+01,6.040910607438674390e-02,3.457794766385899131e-07
1.481848184818481684e+01,6.040731029427963417e-02,3.391729326371988853e-07
1.481998199819981821e+01,6.040551457866195212e-02,3.326785323601813390e-07
1.482148214821482135e+01,6.040371892756779548e-02,3.262969399103836173e-07
1.482298229822982272e+01,6.040192334102862520e-02,3.200287718598334445e-07
1.482448244824482408e+01,6.040012781907329320e-02,3.138745972496963565e-07
1.482598259825982545e+01,6.039833236172800074e-02,3.078349375903041296e-07
1.482748274827482682e+01,6.039653696901634006e-02,3.019102668611485333e-07
1.482898289828982819e+01,6.039474164095925274e-02,2.961010115108808539e-07
1.483048304830482955e+01,6.039294637757506440e-02,2.904075504573115771e-07
1.483198319831983092e+01,6.039115117887947082e-02,2.848302150874110763e-07
1.483348334833483229e+01,6.038935604488553099e-02,2.793692892573091354e-07
1.483498349834983365e+01,6.038756097560368102e-02,2.740250092922946852e-07
1.483648364836483502e+01,6.038576597104172716e-02,2.687975639868168082e-07
1.483798379837983639e+01,6.038397103120484583e-02,2.636870946044834689e-07
1.483948394839483775e+01,6.038217615609557665e-02,2.586936948780624660e-07
1.484098409840983912e+01,6.038038134571384330e-02,2.538174110094814330e-07
1.484248424842484226e+01,6.037858660005693268e-02,2.490582416698211675e-07
1.484398439843984363e+01,6.037679191911949489e-02,2.444161379993395598e-07
1.484548454845484500e+01,6.037499730289356409e-02,2.398910036074365473e-07
1.484698469846984636e+01,6.037320275136854458e-02,2.354826945726775133e-07
1.484848484848484773e+01,6.037140826453119002e-02,2.311910194427871463e-07
1.484998499849984910e+01,6.036961384236565198e-02,2.270157392346500754e-07
1.485148514851485047e+01,6.036781948485343829e-02,2.229565674343101286e-07
1.485298529852985183e+01,6.036602519197343392e-02,2.190131699969707571e-07
1.485448544854485320e+01,6.036423096370188007e-02,2.151851653469942935e-07
1.485598559855985457e+01,6.036243680001240897e-02,2.114721243779039636e-07
1.485748574857485593e+01,6.036064270087600908e-02,2.078735704523813458e-07
1.485898589858985730e+01,6.035884866626104600e-02,2.043889794022676409e-07
1.486048604860485867e+01,6.035705469613324853e-02,2.010177795285640963e-07
1.486198619861986181e+01,6.035526079045572256e-02,1.977593516014273469e-07
1.486348634863486318e+01,6.035346694918895111e-02,1.946130288601849794e-07
1.486498649864986454e+01,6.035167317229076650e-02,1.915780970133127683e-07
1.486648664866486591e+01,6.034987945971639900e-02,1.886537942384496051e-07
1.486798679867986728e+01,6.034808581141842126e-02,1.858393111823940039e-07
1.486948694869486864e+01,6.034629222734680387e-02,1.831337909611036781e-07
1.487098709870987001e+01,6.034449870744885980e-02,1.805363291596968110e-07
1.487248724872487138e+01,6.034270525166930688e-02,1.780459738324502556e-07
1.487398739873987275e+01,6.034091185995019146e-02,1.756617255028001703e-07
1.487548754875487411e+01,6.033911853223097171e-02,1.733825371633431830e-07
1.487698769876987548e+01,6.033732526844844818e-02,1.712073142758344859e-07
1.487848784878487685e+01,6.033553206853680545e-02,1.691349147711894231e-07
1.487998799879987821e+01,6.033373893242759134e-02,1.671641490494826441e-07
1.488148814881488136e+01,6.033194586004973076e-02,1.652937799799458799e-07
1.488298829882988272e+01,6.033015285132951183e-02,1.635225229009775783e-07
1.488448844884488409e+01,6.032835990619060673e-02,1.618490456201283982e-07
1.488598859885988546e+01,6.032656702455403697e-02,1.602719684141107390e-07
1.488748874887488682e+01,6.032477420633821502e-02,1.587898640287975758e-07
1.488898889888988819e+01,6.032298145145891660e-02,1.574012576792199182e-07
1.489048904890488956e+01,6.032118875982928063e-02,1.561046270495694574e-07
1.489198919891989092e+01,6.031939613135982314e-02,1.548984022931964487e-07
1.489348934893489229e+01,6.031760356595843031e-02,1.537809660326111935e-07
1.489498949894989366e+01,6.031581106353036542e-02,1.527506533594838278e-07
1.489648964896489503e+01,6.031401862397825497e-02,1.518057518346436871e-07
1.489798979897989639e+01,6.031222624720208869e-02,1.509445014880789883e-07
1.489948994899489776e+01,6.031043393309924033e-02,1.501650948189384180e-07
1.490099009900989913e+01,6.030864168156445382e-02,1.494656767955298624e-07
1.490249024902490227e+01,6.030684949248982935e-02,1.488443448553196655e-07
1.490399039903990364e+01,6.030505736576485115e-02,1.482991489049363355e-07
1.490549054905490500e+01,6.030326530127637363e-02,1.478280913201653560e-07
1.490699069906990637e+01,6.030147329890862135e-02,1.474291269459525749e-07
1.490849084908490774e+01,6.029968135854317512e-02,1.471001630964036745e-07
1.490999099909990910e+01,6.029788948005900678e-02,1.468390595547832187e-07
1.491149114911491047e+01,6.029609766333243748e-02,1.466436285735155000e-07
1.491299129912991184e+01,6.029430590823718628e-02,1.465116348741848575e-07
1.491449144914491320e+01,6.029251421464432159e-02,1.464407956475344056e-07
1.491599159915991457e+01,6.029072258242228199e-02,1.464287805534670936e-07
1.491749174917491594e+01,6.028893101143689010e-02,1.464732117210455994e-07
1.491899189918991731e+01,6.028713950155133172e-02,1.465716637484916941e-07
1.492049204920491867e+01,6.028534805262615592e-02,1.467216637031867717e-07
1.492199219921992182e+01,6.028355666451930273e-02,1.469206911216725903e-07
1.492349234923492318e+01,6.028176533708605456e-02,1.471661780096485188e-07
1.492499249924992455e+01,6.027997407017909176e-02,1.474555088419756666e-07
1.492649264926492592e+01,6.027818286364845096e-02,1.477860205626724365e-07
1.492799279927992728e+01,6.027639171734153894e-02,1.481550025849183365e-07
1.492949294929492865e+01,6.027460063110313265e-02,1.485596967910528149e-07
1.493099309930993002e+01,6.027280960477538613e-02,1.489972975325727194e-07
1.493249324932493138e+01,6.027101863819782357e-02,1.494649516301360027e-07
1.493399339933993275e+01,6.026922773120733240e-02,1.499597583735602403e-07
1.493549354935493412e+01,6.026743688363817714e-02,1.504787695218216777e-07
1.493699369936993548e+01,6.026564609532199246e-02,1.510189893030562889e-07
1.493849384938493685e+01,6.026385536608776933e-02,1.515773744145598825e-07
1.493999399939993822e+01,6.026206469576189662e-02,1.521508340227878899e-07
1.494149414941494136e+01,6.026027408416811254e-02,1.527362297633552594e-07
1.494299429942994273e+01,6.025848353112753242e-02,1.533303757410348680e-07
1.494449444944494410e+01,6.025669303645864172e-02,1.539300385297612272e-07
1.494599459945994546e+01,6.025490259997730302e-02,1.545319371726273066e-07
1.494749474947494683e+01,6.025311222149672824e-02,1.551327431818864397e-07
1.494899489948994820e+01,6.025132190082753414e-02,1.557290805389502065e-07
1.495049504950494956e+01,6.024953163777767295e-02,1.563175256943905507e-07
1.495199519951995093e+01,6.024774143215248789e-02,1.568946075679391449e-07
1.495349534953495230e+01,6.024595128375468539e-02,1.574568075484859078e-07
1.495499549954995366e+01,6.024416119238434897e-02,1.580005594940819694e-07
1.495649564956495503e+01,6.024237115783893232e-02,1.585222497319368116e-07
1.495799579957995640e+01,6.024058117991325234e-02,1.590182170584195394e-07
1.495949594959495776e+01,6.023879125839949611e-02,1.594847527390593037e-07
1.496099609960995913e+01,6.023700139308722779e-02,1.599181005085445610e-07
1.496249624962496227e+01,6.023521158376338169e-02,1.603144565707227549e-07
1.496399639963996364e+01,6.023342183021226232e-02,1.606699695986013755e-07
1.496549654965496501e+01,6.023163213221554430e-02,1.609807407343471123e-07
1.496699669966996638e+01,6.022984248955226549e-02,1.612428235892868067e-07
1.496849684968496774e+01,6.022805290199884087e-02,1.614522242439059701e-07
1.496999699969996911e+01,6.022626336932906249e-02,1.616049012478505837e-07
1.497149714971497048e+01,6.022447389131407869e-02,1.616967656199248751e-07
1.497299729972997184e+01,6.022268446772242184e-02,1.617236808480938594e-07
1.497449744974497321e+01,6.022089509831998755e-02,1.616814628894812213e-07
1.497599759975997458e+01,6.021910578287004157e-02,1.615658801703703744e-07
1.497749774977497594e+01,6.021731652113322675e-02,1.613726535862045669e-07
1.497899789978997731e+01,6.021552731286754223e-02,1.610974565015862460e-07
1.498049804980497868e+01,6.021373815782837119e-02,1.607359147502770585e-07
1.498199819981998182e+01,6.021194905576846695e-02,1.602836066351984854e-07
1.498349834983498319e+01,6.021016000643795302e-02,1.597360629284322659e-07
1.498499849984998455e+01,6.020837100958430915e-02,1.590887668712183857e-07
1.498649864986498592e+01,6.020658206495240611e-02,1.583371541739578296e-07
1.498799879987998729e+01,6.020479317228447091e-02,1.574766130162087698e-07
1.498949894989498866e+01,6.020300433132011464e-02,1.565024840466912250e-07
1.499099909990999002e+01,6.020121554179629769e-02,1.554100603832838836e-07
1.499249924992499139e+01,6.019942680344737146e-02,1.541945876130241039e-07
1.499399939993999276e+01,6.019763811600505055e-02,1.528512637921101376e-07
1.499549954995499412e+01,6.019584947919841972e-02,1.513752394458991181e-07
1.499699969996999549e+01,6.019406089275392696e-02,1.497616175689076954e-07
1.499849984998499686e+01,6.019227235639541124e-02,1.480054536248116132e-07
1.500000000000000000e+01,6.019048386984405391e-02,1.461017555464444378e-07
