# t, x, y
0.000000000000000000e+00,1.500000000000000000e+01,1.200000000000000000e+01
1.500150015001500050e-03,1.498038680840589798e+01,1.200074082763929795e+01
3.000300030003000100e-03,1.496080034529846969e+01,1.200148065097970651e+01
4.500450045004499716e-03,1.494124054054097961e+01,1.200221946886617275e+01
6.000600060006000200e-03,1.492170732420350099e+01,1.200295728014064700e+01
7.500750075007500683e-03,1.490220062656292122e+01,1.200369408364208823e+01
9.000900090008999432e-03,1.488272037810293824e+01,1.200442987820646046e+01
1.050105010501049992e-02,1.486326650951406059e+01,1.200516466266673099e+01
1.200120012001200040e-02,1.484383895169360912e+01,1.200589843585287753e+01
1.350135013501350088e-02,1.482443763574571882e+01,1.200663119659188283e+01
1.500150015001500137e-02,1.480506249298133170e+01,1.200736294370773294e+01
1.650165016501650012e-02,1.478571345491820210e+01,1.200809367602142430e+01
1.800180018001799886e-02,1.476639045328090027e+01,1.200882339235095664e+01
1.950195019501950108e-02,1.474709342000080525e+01,1.200955209151133474e+01
2.100210021002099983e-02,1.472782228721610309e+01,1.201027977231457378e+01
2.250225022502250205e-02,1.470857698727180107e+01,1.201100643356969222e+01
2.400240024002400080e-02,1.468935745271970994e+01,1.201173207408271359e+01
2.550255025502549955e-02,1.467016361631845456e+01,1.201245669265666827e+01
2.700270027002700177e-02,1.465099541103347214e+01,1.201318028809159344e+01
2.850285028502850052e-02,1.463185277003701046e+01,1.201390285918453316e+01
3.000300030003000273e-02,1.461273562670813142e+01,1.201462440472953652e+01
3.150315031503150148e-02,1.459364391463270394e+01,1.201534492351765948e+01
3.300330033003300023e-02,1.457457756760341283e+01,1.201606441433696126e+01
3.450345034503449898e-02,1.455553651961974992e+01,1.201678287597250971e+01
3.600360036003599773e-02,1.453652070488802472e+01,1.201750030720637952e+01
3.750375037503750342e-02,1.451753005782135197e+01,1.201821670681765042e+01
3.900390039003900217e-02,1.449856451303966232e+01,1.201893207358240723e+01
4.050405040504050092e-02,1.447962400536969696e+01,1.201964640627374337e+01
4.200420042004199966e-02,1.446070846984500591e+01,1.202035970366175555e+01
4.350435043504349841e-02,1.444181784170595684e+01,1.202107196451354731e+01
4.500450045004500410e-02,1.442295205639972089e+01,1.202178318759322906e+01
4.650465046504650285e-02,1.440411104958028865e+01,1.202249337166191800e+01
4.800480048004800160e-02,1.438529475710845773e+01,1.202320251547773644e+01
4.950495049504950035e-02,1.436650311505183630e+01,1.202391061779581349e+01
5.100510051005099910e-02,1.434773605968484844e+01,1.202461767736827980e+01
5.250525052505250478e-02,1.432899352748872701e+01,1.202532369294428172e+01
5.400540054005400353e-02,1.431027545515151544e+01,1.202602866326996178e+01
5.550555055505550228e-02,1.429158177956807307e+01,1.202673258708847293e+01
5.700570057005700103e-02,1.427291243784006447e+01,1.202743546313997669e+01
5.850585058505849978e-02,1.425426736727597188e+01,1.202813729016163791e+01
6.000600060006000547e-02,1.423564650539108456e+01,1.202883806688762469e+01
6.150615061506150422e-02,1.421704978990750767e+01,1.202953779204911733e+01
6.300630063006300297e-02,1.419847715875415339e+01,1.203023646437429761e+01
6.450645064506450865e-02,1.417992855006674624e+01,1.203093408258835595e+01
6.600660066006600046e-02,1.416140390218782663e+01,1.203163064541348781e+01
6.750675067506750615e-02,1.414290315366674378e+01,1.203232615156889374e+01
6.900690069006899796e-02,1.412442624325965390e+01,1.203302059977078287e+01
7.050705070507050365e-02,1.410597310992953446e+01,1.203371398873236764e+01
7.200720072007199546e-02,1.408754369284616459e+01,1.203440631716386910e+01
7.350735073507350115e-02,1.406913793138614288e+01,1.203509758377251160e+01
7.500750075007500683e-02,1.405075576513287317e+01,1.203578778726252985e+01
7.650765076507649864e-02,1.403239713387657694e+01,1.203647692633516186e+01
7.800780078007800433e-02,1.401406197761428274e+01,1.203716499968865072e+01
7.950795079507949614e-02,1.399575023654983141e+01,1.203785200601824634e+01
8.100810081008100183e-02,1.397746185109387618e+01,1.203853794401620547e+01
8.250825082508250752e-02,1.395919676186388259e+01,1.203922281237179348e+01
8.400840084008399933e-02,1.394095490968412676e+01,1.203990660977127547e+01
8.550855085508550502e-02,1.392273623558569540e+01,1.204058933489792871e+01
8.700870087008699683e-02,1.390454068080648753e+01,1.204127098643203198e+01
8.850885088508850251e-02,1.388636818679121632e+01,1.204195156305087444e+01
9.000900090009000820e-02,1.386821869519140193e+01,1.204263106342874856e+01
9.150915091509150001e-02,1.385009214786537868e+01,1.204330948623695363e+01
9.300930093009300570e-02,1.383198848687829496e+01,1.204398683014379579e+01
9.450945094509449751e-02,1.381390765450210445e+01,1.204466309381458267e+01
9.600960096009600320e-02,1.379584959321557669e+01,1.204533827591163764e+01
9.750975097509750888e-02,1.377781424570429358e+01,1.204601237509428024e+01
9.900990099009900069e-02,1.375980155486064582e+01,1.204668539001884042e+01
1.005100510051005064e-01,1.374181146378383644e+01,1.204735731933865495e+01
1.020102010201019982e-01,1.372384391577988083e+01,1.204802816170406743e+01
1.035103510351035039e-01,1.370589885436160493e+01,1.204869791576242299e+01
1.050105010501050096e-01,1.368797622324864882e+01,1.204936658015807716e+01
1.065106510651065014e-01,1.367007596636746136e+01,1.205003415353239049e+01
1.080108010801080071e-01,1.365219802785130199e+01,1.205070063452372864e+01
1.095109510951094989e-01,1.363434235204024603e+01,1.205136602176746408e+01
1.110111011101110046e-01,1.361650879783985069e+01,1.205203030798072739e+01
1.125112511251125103e-01,1.359869694970270793e+01,1.205269346706586475e+01
1.140114011401140021e-01,1.358090672139367783e+01,1.205335549586188115e+01
1.155115511551155077e-01,1.356313806830375768e+01,1.205401639407742920e+01
1.170117011701169996e-01,1.354539094588919923e+01,1.205467616140966669e+01
1.185118511851185052e-01,1.352766530967150160e+01,1.205533479754425663e+01
1.200120012001200109e-01,1.350996111523741838e+01,1.205599230215536188e+01
1.215121512151215027e-01,1.349227831823895407e+01,1.205664867490564873e+01
1.230123012301230084e-01,1.347461687439336409e+01,1.205730391544628510e+01
1.245124512451245002e-01,1.345697673948315476e+01,1.205795802341694767e+01
1.260126012601260059e-01,1.343935786935608334e+01,1.205861099844580941e+01
1.275127512751275116e-01,1.342176021992515977e+01,1.205926284014954852e+01
1.290129012901290173e-01,1.340418374716864491e+01,1.205991354813334837e+01
1.305130513051304952e-01,1.338662840713004876e+01,1.206056312199089575e+01
1.320132013201320009e-01,1.336909415591813755e+01,1.206121156130437555e+01
1.335133513351335066e-01,1.335158094970692133e+01,1.206185886564447962e+01
1.350135013501350123e-01,1.333408874473566996e+01,1.206250503457040146e+01
1.365136513651365180e-01,1.331661749730889888e+01,1.206315006762983977e+01
1.380138013801379959e-01,1.329916716379637620e+01,1.206379396435899309e+01
1.395139513951395016e-01,1.328173770063312276e+01,1.206443672428256697e+01
1.410141014101410073e-01,1.326432906431940673e+01,1.206507834691376502e+01
1.425142514251425130e-01,1.324694121142075254e+01,1.206571883175429782e+01
1.440144014401439909e-01,1.322957409856793376e+01,1.206635817829437585e+01
1.455145514551454966e-01,1.321222768245697310e+01,1.206699638601271651e+01
1.470147014701470023e-01,1.319490191984914951e+01,1.206763345437653889e+01
1.485148514851485080e-01,1.317759676757098930e+01,1.206826938284156192e+01
1.500150015001500137e-01,1.316031218251426971e+01,1.206890417085200973e+01
1.515151515151514916e-01,1.314304812163602421e+01,1.206953781784061341e+01
1.530153015301529973e-01,1.312580454195853008e+01,1.207017032322860040e+01
1.545154515451545030e-01,1.310858140056932264e+01,1.207080168642570506e+01
1.560156015601560087e-01,1.309137865462118455e+01,1.207143190683016343e+01
1.575157515751575144e-01,1.307419626133215296e+01,1.207206098382871673e+01
1.590159015901589923e-01,1.305703417798551236e+01,1.207268891679660427e+01
1.605160516051604980e-01,1.303989236192979995e+01,1.207331570509757590e+01
1.620162016201620037e-01,1.302277077057880739e+01,1.207394134808387953e+01
1.635163516351635093e-01,1.300566936141157370e+01,1.207456584509626474e+01
1.650165016501650150e-01,1.298858809197239061e+01,1.207518919546398806e+01
1.665166516651664930e-01,1.297152691987080075e+01,1.207581139850480589e+01
1.680168016801679987e-01,1.295448580278159945e+01,1.207643245352498163e+01
1.695169516951695043e-01,1.293746469844483116e+01,1.207705235981927672e+01
1.710171017101710100e-01,1.292046356466579482e+01,1.207767111667095961e+01
1.725172517251725157e-01,1.290348235931503673e+01,1.207828872335179859e+01
1.740174017401739937e-01,1.288652104032835766e+01,1.207890517912206896e+01
1.755175517551754993e-01,1.286957956570680750e+01,1.207952048323054584e+01
1.770177017701770050e-01,1.285265789351668886e+01,1.208013463491450779e+01
1.785178517851785107e-01,1.283575598188955524e+01,1.208074763339973856e+01
1.800180018001800164e-01,1.281887378902221108e+01,1.208135947790052178e+01
1.815181518151814943e-01,1.280201127317671350e+01,1.208197016761964626e+01
1.830183018301830000e-01,1.278516839268036698e+01,1.208257970174840246e+01
1.845184518451845057e-01,1.276834510592573402e+01,1.208318807946658602e+01
1.860186018601860114e-01,1.275154137137062094e+01,1.208379529994249424e+01
1.875187518751875171e-01,1.273475714753809207e+01,1.208440136233292783e+01
1.890189018901889950e-01,1.271799239301645912e+01,1.208500626578318737e+01
1.905190519051905007e-01,1.270124706645928470e+01,1.208561000942708397e+01
1.920192019201920064e-01,1.268452112658538411e+01,1.208621259238692325e+01
1.935193519351935121e-01,1.266781453217882536e+01,1.208681401377351783e+01
1.950195019501950178e-01,1.265112724208892558e+01,1.208741427268618729e+01
1.965196519651964957e-01,1.263445921523025284e+01,1.208801336821274575e+01
1.980198019801980014e-01,1.261781041058262964e+01,1.208861129942951784e+01
1.995199519951995071e-01,1.260118078719112411e+01,1.208920806540132631e+01
2.010201020102010128e-01,1.258457030416606237e+01,1.208980366518150085e+01
2.025202520252025185e-01,1.256797892068301792e+01,1.209039809781187103e+01
2.040204020402039964e-01,1.255140659598281516e+01,1.209099136232276983e+01
2.055205520552055021e-01,1.253485328937153298e+01,1.209158345773303544e+01
2.070207020702070078e-01,1.251831896022049762e+01,1.209217438305000769e+01
2.085208520852085134e-01,1.250180356796628978e+01,1.209276413726952981e+01
2.100210021002100191e-01,1.248530707211073931e+01,1.209335271937594669e+01
2.115211521152114971e-01,1.246882943222092877e+01,1.209394012834210841e+01
2.130213021302130028e-01,1.245237060792919159e+01,1.209452636312936669e+01
2.145214521452145084e-01,1.243593055893311217e+01,1.209511142268757666e+01
2.160216021602160141e-01,1.241950924499552578e+01,1.209569530595509512e+01
2.175217521752175198e-01,1.240310662594452218e+01,1.209627801185878582e+01
2.190219021902189978e-01,1.238672266167343849e+01,1.209685953931401059e+01
2.205220522052205034e-01,1.237035731214086276e+01,1.209743988722463826e+01
2.220222022202220091e-01,1.235401053737063926e+01,1.209801905448303749e+01
2.235223522352235148e-01,1.233768229745185785e+01,1.209859703997008396e+01
2.250225022502250205e-01,1.232137255253886465e+01,1.209917384255515316e+01
2.265226522652264984e-01,1.230508126285125314e+01,1.209974946109612226e+01
2.280228022802280041e-01,1.228880838867386949e+01,1.210032389443937717e+01
2.295229522952295098e-01,1.227255389035681254e+01,1.210089714141980188e+01
2.310231023102310155e-01,1.225631772831543209e+01,1.210146920086078381e+01
2.325232523252325212e-01,1.224009986303032527e+01,1.210204007157421735e+01
2.340234023402339991e-01,1.222390025504734723e+01,1.210260975236049319e+01
2.355235523552355048e-01,1.220771886497759695e+01,1.210317824200851256e+01
2.370237023702370105e-01,1.219155565349743142e+01,1.210374553929567298e+01
2.385238523852385162e-01,1.217541058134845677e+01,1.210431164298788076e+01
2.400240024002400219e-01,1.215928360933752828e+01,1.210487655183954203e+01
2.415241524152414998e-01,1.214317469833675389e+01,1.210544026459356637e+01
2.430243024302430055e-01,1.212708380928349250e+01,1.210600277998136676e+01
2.445244524452445112e-01,1.211101090318035745e+01,1.210656409672285960e+01
2.460246024602460169e-01,1.209495594109520766e+01,1.210712421352646118e+01
2.475247524752474948e-01,1.207891888416115833e+01,1.210768312908909650e+01
2.490249024902490005e-01,1.206289969357657377e+01,1.210824084209619045e+01
2.505250525052505339e-01,1.204689833060506921e+01,1.210879735122166778e+01
2.520252025202520119e-01,1.203091475657551257e+01,1.210935265512796377e+01
2.535253525352534898e-01,1.201494893288202093e+01,1.210990675246601000e+01
2.550255025502550232e-01,1.199900082098396581e+01,1.211045964187524326e+01
2.565256525652565012e-01,1.198307038240596789e+01,1.211101132198360553e+01
2.580258025802580346e-01,1.196715757873789876e+01,1.211156179140754041e+01
2.595259525952595125e-01,1.195126237163488447e+01,1.211211104875199140e+01
2.610261026102609905e-01,1.193538472281729668e+01,1.211265909261040896e+01
2.625262526252625239e-01,1.191952459407076326e+01,1.211320592156474696e+01
2.640264026402640019e-01,1.190368194724616302e+01,1.211375153418545914e+01
2.655265526552655353e-01,1.188785674425962213e+01,1.211429592903150443e+01
2.670267026702670132e-01,1.187204894709252301e+01,1.211483910465034519e+01
2.685268526852684912e-01,1.185625851779149720e+01,1.211538105957794365e+01
2.700270027002700246e-01,1.184048541846842539e+01,1.211592179233877076e+01
2.715271527152715025e-01,1.182472961130044453e+01,1.211646130144579203e+01
2.730273027302730360e-01,1.180899105852993891e+01,1.211699958540048705e+01
2.745274527452745139e-01,1.179326972246454375e+01,1.211753664269282815e+01
2.760276027602759918e-01,1.177756556547715050e+01,1.211807247180129643e+01
2.775277527752775253e-01,1.176187855000589266e+01,1.211860707119287461e+01
2.790279027902790032e-01,1.174620863855416708e+01,1.211914043932304885e+01
2.805280528052805367e-01,1.173055579369061263e+01,1.211967257463580694e+01
2.820282028202820146e-01,1.171491997804912266e+01,1.212020347556364186e+01
2.835283528352834925e-01,1.169930115432884321e+01,1.212073314052754824e+01
2.850285028502850260e-01,1.168369928529416590e+01,1.212126156793702414e+01
2.865286528652865039e-01,1.166811433377474394e+01,1.212178875619006924e+01
2.880288028802879818e-01,1.165254626266547078e+01,1.212231470367318842e+01
2.895289528952895153e-01,1.163699503492649967e+01,1.212283940876138821e+01
2.910291029102909932e-01,1.162146061358322768e+01,1.212336286981818034e+01
2.925292529252925267e-01,1.160594296172631168e+01,1.212388508519557639e+01
2.940294029402940046e-01,1.159044204251165233e+01,1.212440605323409315e+01
2.955295529552954825e-01,1.157495781916040478e+01,1.212492577226274904e+01
2.970297029702970160e-01,1.155949025495897686e+01,1.212544424059906767e+01
2.985298529852984939e-01,1.154403931325902377e+01,1.212596145654907254e+01
3.000300030003000273e-01,1.152860495747745517e+01,1.212647741840729410e+01
3.015301530153015053e-01,1.151318715109643520e+01,1.212699212445676089e+01
3.030303030303029832e-01,1.149778585766336647e+01,1.212750557296901022e+01
3.045304530453045166e-01,1.148240104079092028e+01,1.212801776220407923e+01
3.060306030603059946e-01,1.146703266415700817e+01,1.212852869041050496e+01
3.075307530753075280e-01,1.145168069150479262e+01,1.212903835582533496e+01
3.090309030903090060e-01,1.143634508664269234e+01,1.212954675667411486e+01
3.105310531053104839e-01,1.142102581344437695e+01,1.213005389117089194e+01
3.120312031203120173e-01,1.140572283584876345e+01,1.213055975751822047e+01
3.135313531353134953e-01,1.139043611786002153e+01,1.213106435390715632e+01
3.150315031503150287e-01,1.137516562354757532e+01,1.213156767851725881e+01
3.165316531653165066e-01,1.135991131704609636e+01,1.213206972951658891e+01
3.180318031803179846e-01,1.134467316255551239e+01,1.213257050506171097e+01
3.195319531953195180e-01,1.132945112434099322e+01,1.213307000329769281e+01
3.210321032103209959e-01,1.131424516673297020e+01,1.213356822235810561e+01
3.225322532253225294e-01,1.129905525412712208e+01,1.213406516036502403e+01
3.240324032403240073e-01,1.128388135098437672e+01,1.213456081542902254e+01
3.255325532553254853e-01,1.126872342183091469e+01,1.213505518564918439e+01
3.270327032703270187e-01,1.125358143125816923e+01,1.213554826911309092e+01
3.285328532853284966e-01,1.123845534392282453e+01,1.213604006389682866e+01
3.300330033003300301e-01,1.122334512454681388e+01,1.213653056806498576e+01
3.315331533153315080e-01,1.120825073791732507e+01,1.213701977967065382e+01
3.330333033303329859e-01,1.119317214888679501e+01,1.213750769675542962e+01
3.345334533453345194e-01,1.117810932237291155e+01,1.213799431734941159e+01
3.360336033603359973e-01,1.116306222335861520e+01,1.213847963947120157e+01
3.375337533753375308e-01,1.114803081689209741e+01,1.213896366112789948e+01
3.390339033903390087e-01,1.113301506808680053e+01,1.213944638031511758e+01
3.405340534053404866e-01,1.111801494212141961e+01,1.213992779501696440e+01
3.420342034203420201e-01,1.110303040423989884e+01,1.214040790320605190e+01
3.435343534353434980e-01,1.108806141975143511e+01,1.214088670284349902e+01
3.450345034503450314e-01,1.107310795403047621e+01,1.214136419187892457e+01
3.465346534653465094e-01,1.105816997251672262e+01,1.214184036825045077e+01
3.480348034803479873e-01,1.104324744071512221e+01,1.214231522988470147e+01
3.495349534953495207e-01,1.102834032419587729e+01,1.214278877469680751e+01
3.510351035103509987e-01,1.101344858859444464e+01,1.214326100059039959e+01
3.525352535253525321e-01,1.099857219961152310e+01,1.214373190545761361e+01
3.540354035403540101e-01,1.098371112301307306e+01,1.214420148717908532e+01
3.555355535553554880e-01,1.096886532463029873e+01,1.214466974362395568e+01
3.570357035703570214e-01,1.095403477035965878e+01,1.214513667264987085e+01
3.585358535853584994e-01,1.093921942616286280e+01,1.214560227210297505e+01
3.600360036003600328e-01,1.092441925806687308e+01,1.214606653981791951e+01
3.615361536153615107e-01,1.090963423216389927e+01,1.214652947361785529e+01
3.630363036303629887e-01,1.089486431461140725e+01,1.214699107131444222e+01
3.645364536453645221e-01,1.088010947163211206e+01,1.214745133070783467e+01
3.660366036603660000e-01,1.086536966951397787e+01,1.214791024958669752e+01
3.675367536753675335e-01,1.085064487461022154e+01,1.214836782572819551e+01
3.690369036903690114e-01,1.083593505333931262e+01,1.214882405689799683e+01
3.705370537053704894e-01,1.082124017218497336e+01,1.214927894085027127e+01
3.720372037203720228e-01,1.080656019769617160e+01,1.214973247532769385e+01
3.735373537353735007e-01,1.079189509648713141e+01,1.215018465806144299e+01
3.750375037503750342e-01,1.077724483523732957e+01,1.215063548677119698e+01
3.765376537653765121e-01,1.076260938069148487e+01,1.215108495916513931e+01
3.780378037803779900e-01,1.074798869965957948e+01,1.215153307293995866e+01
3.795379537953795235e-01,1.073338275901683758e+01,1.215197982578084002e+01
3.810381038103810014e-01,1.071879152570374139e+01,1.215242521536148068e+01
3.825382538253825349e-01,1.070421496672601869e+01,1.215286923934407248e+01
3.840384038403840128e-01,1.068965304915465175e+01,1.215331189537931600e+01
3.855385538553854907e-01,1.067510574012587554e+01,1.215375318110641167e+01
3.870387038703870242e-01,1.066057300684117060e+01,1.215419309415306515e+01
3.885388538853885021e-01,1.064605481656727548e+01,1.215463163213548192e+01
3.900390039003900355e-01,1.063155113663617612e+01,1.215506879265837625e+01
3.915391539153915135e-01,1.061706193444511293e+01,1.215550457331495693e+01
3.930393039303929914e-01,1.060258717745657187e+01,1.215593897168694504e+01
3.945394539453945248e-01,1.058812683319829517e+01,1.215637198534455798e+01
3.960396039603960028e-01,1.057368086926327422e+01,1.215680361184651836e+01
3.975397539753975362e-01,1.055924925330975483e+01,1.215723384874005397e+01
3.990399039903990142e-01,1.054483195306123022e+01,1.215766269356089246e+01
4.005400540054004921e-01,1.053042893630644627e+01,1.215809014383326492e+01
4.020402040204020255e-01,1.051604017089939802e+01,1.215851619706990761e+01
4.035403540354035035e-01,1.050166562475933851e+01,1.215894085077205844e+01
4.050405040504050369e-01,1.048730526587076461e+01,1.215936410242945875e+01
4.065406540654065148e-01,1.047295906228342943e+01,1.215978594952035152e+01
4.080408040804079928e-01,1.045862698211233344e+01,1.216020638951148314e+01
4.095409540954095262e-01,1.044430899353773157e+01,1.216062541985810697e+01
4.110411041104110041e-01,1.043000506480512968e+01,1.216104303800397268e+01
4.125412541254125376e-01,1.041571516422528276e+01,1.216145924138133871e+01
4.140414041404140155e-01,1.040143926017419851e+01,1.216187402741096157e+01
4.155415541554154935e-01,1.038717732109313729e+01,1.216228739350210830e+01
4.170417041704170269e-01,1.037292931548860864e+01,1.216269933705254047e+01
4.185418541854185048e-01,1.035869521193237475e+01,1.216310985544852663e+01
4.200420042004200383e-01,1.034447497906144697e+01,1.216351894606483874e+01
4.215421542154215162e-01,1.033026858557809113e+01,1.216392660626475397e+01
4.230423042304229941e-01,1.031607600024982219e+01,1.216433283340004579e+01
4.245424542454245276e-01,1.030189719190940778e+01,1.216473762481099641e+01
4.260426042604260055e-01,1.028773212945486470e+01,1.216514097782638792e+01
4.275427542754275390e-01,1.027358078184946422e+01,1.216554288976351117e+01
4.290429042904290169e-01,1.025944311812172316e+01,1.216594335792815151e+01
4.305430543054304948e-01,1.024531910736541640e+01,1.216634237961460308e+01
4.320432043204320283e-01,1.023120871873956617e+01,1.216673995210566162e+01
4.335433543354335062e-01,1.021711192146845093e+01,1.216713607267262631e+01
4.350435043504350396e-01,1.020302868484159298e+01,1.216753073857529799e+01
4.365436543654365176e-01,1.018895897821376906e+01,1.216792394706198266e+01
4.380438043804379955e-01,1.017490277100501039e+01,1.216831569536948621e+01
4.395439543954395289e-01,1.016086003270059379e+01,1.216870598072312148e+01
4.410441044104410069e-01,1.014683073285105230e+01,1.216909480033670299e+01
4.425442544254425403e-01,1.013281484107216812e+01,1.216948215141254508e+01
4.440444044404440183e-01,1.011881232704497258e+01,1.216986803114147087e+01
4.455445544554454962e-01,1.010482316051575680e+01,1.217025243670280155e+01
4.470447044704470296e-01,1.009084731129605039e+01,1.217063536526436351e+01
4.485448544854485076e-01,1.007688474926264455e+01,1.217101681398248658e+01
4.500450045004500410e-01,1.006293544435757781e+01,1.217139678000200043e+01
4.515451545154515189e-01,1.004899936658814141e+01,1.217177526045624347e+01
4.530453045304529969e-01,1.003507648602687397e+01,1.217215225246705224e+01
4.545454545454545303e-01,1.002116677281157031e+01,1.217252775314477020e+01
4.560456045604560082e-01,1.000727019714527444e+01,1.217290175958823895e+01
4.575457545754575417e-01,9.993386729296281246e+00,1.217327426888480524e+01
4.590459045904590196e-01,9.979516339598138330e+00,1.217364527811032282e+01
4.605460546054604976e-01,9.965658998449642425e+00,1.217401478432914352e+01
4.620462046204620310e-01,9.951814676314844732e+00,1.217438278459412437e+01
4.635463546354635089e-01,9.937983343723043816e+00,1.217474927594662404e+01
4.650465046504650424e-01,9.924164971268794488e+00,1.217511425541650461e+01
4.665466546654665203e-01,9.910359529611897145e+00,1.217547772002213335e+01
4.680468046804679982e-01,9.896566989477406651e+00,1.217583966677037921e+01
4.695469546954695317e-01,9.882787321655630564e+00,1.217620009265661096e+01
4.710471047104710096e-01,9.869020497002125580e+00,1.217655899466470615e+01
4.725472547254725431e-01,9.855266486437699314e+00,1.217691636976704039e+01
4.740474047404740210e-01,9.841525260948410292e+00,1.217727221492449630e+01
4.755475547554754989e-01,9.827796791585573288e+00,1.217762652708645810e+01
4.770477047704770324e-01,9.814081049465746887e+00,1.217797930319080990e+01
4.785478547854785103e-01,9.800378005770747691e+00,1.217833054016394456e+01
4.800480048004800437e-01,9.786687631747639671e+00,1.217868023492075480e+01
4.815481548154815217e-01,9.773009898708737708e+00,1.217902838436463320e+01
4.830483048304829996e-01,9.759344778031611156e+00,1.217937498538748287e+01
4.845484548454845330e-01,9.745692241159076730e+00,1.217972003486970500e+01
4.860486048604860110e-01,9.732052259599207389e+00,1.218006352968020245e+01
4.875487548754874889e-01,9.718424804925325233e+00,1.218040546667638679e+01
4.890489048904890224e-01,9.704809848775997949e+00,1.218074584270416594e+01
4.905490549054905003e-01,9.691207362855054797e+00,1.218108465459795653e+01
4.920492049204920337e-01,9.677617318931567070e+00,1.218142189918067508e+01
4.935493549354935117e-01,9.664039688839865860e+00,1.218175757326374153e+01
4.950495049504949896e-01,9.650474444479524294e+00,1.218209167364707923e+01
4.965496549654965230e-01,9.636921557815375294e+00,1.218242419711911495e+01
4.980498049804980010e-01,9.623381000877500924e+00,1.218275514045677710e+01
4.995499549954995344e-01,9.609852745761225279e+00,1.218308450042549929e+01
5.010501050105010679e-01,9.596336764627139360e+00,1.218341227377921854e+01
5.025502550255025458e-01,9.582833029701074423e+00,1.218373845726036997e+01
5.040504050405040237e-01,9.569341513274117972e+00,1.218406304759989744e+01
5.055505550555055017e-01,9.555862187702604871e+00,1.218438604151724469e+01
5.070507050705069796e-01,9.542395025408126230e+00,1.218470743572035886e+01
5.085508550855085685e-01,9.528939998877518747e+00,1.218502722690569229e+01
5.100510051005100465e-01,9.515497080662871809e+00,1.218534541175819896e+01
5.115511551155115244e-01,9.502066243381534605e+00,1.218566198695133274e+01
5.130513051305130023e-01,9.488647459716094801e+00,1.218597694914705620e+01
5.145514551455144803e-01,9.475240702414399863e+00,1.218629029499583183e+01
5.160516051605160692e-01,9.461845944289546395e+00,1.218660202113662372e+01
5.175517551755175472e-01,9.448463158219878366e+00,1.218691212419690295e+01
5.190519051905190251e-01,9.435092317148999541e+00,1.218722060079264047e+01
5.205520552055205030e-01,9.421733394085755720e+00,1.218752744752831063e+01
5.220522052205219810e-01,9.408386362104250722e+00,1.218783266099689300e+01
5.235523552355235699e-01,9.395051194343835732e+00,1.218813623777986876e+01
5.250525052505250478e-01,9.381727864009116402e+00,1.218843817444721900e+01
5.265526552655265258e-01,9.368416344369947524e+00,1.218873846755743529e+01
5.280528052805280037e-01,9.355116608761434804e+00,1.218903711365750553e+01
5.295529552955294816e-01,9.341828630583936643e+00,1.218933410928292105e+01
5.310531053105310706e-01,9.328552383303062356e+00,1.218962945095768191e+01
5.325532553255325485e-01,9.315287840449673951e+00,1.218992313519428627e+01
5.340534053405340265e-01,9.302034975619879020e+00,1.219021515849373571e+01
5.355535553555355044e-01,9.288793762475044957e+00,1.219050551734553522e+01
5.370537053705369823e-01,9.275564174741784740e+00,1.219079420822769322e+01
5.385538553855385713e-01,9.262346186211964039e+00,1.219108122760672330e+01
5.400540054005400492e-01,9.249139770742697664e+00,1.219136657193763718e+01
5.415541554155415271e-01,9.235944902256358446e+00,1.219165023766395528e+01
5.430543054305430051e-01,9.222761554740563028e+00,1.219193222121769615e+01
5.445544554455444830e-01,9.209589702248182519e+00,1.219221251901938352e+01
5.460546054605460720e-01,9.196429318897337168e+00,1.219249112747804453e+01
5.475547554755475499e-01,9.183280378871407024e+00,1.219276804299120975e+01
5.490549054905490278e-01,9.170142856419008837e+00,1.219304326194490962e+01
5.505550555055505058e-01,9.157016725854026262e+00,1.219331678071368152e+01
5.520552055205519837e-01,9.143901961555581437e+00,1.219358859566056630e+01
5.535553555355535726e-01,9.130798537968050965e+00,1.219385870313710107e+01
5.550555055505550506e-01,9.117706429601073026e+00,1.219412709948333529e+01
5.565556555655565285e-01,9.104625611029524279e+00,1.219439378102781291e+01
5.580558055805580064e-01,9.091556056893535853e+00,1.219465874408758843e+01
5.595559555955594844e-01,9.078497741898495121e+00,1.219492198496821445e+01
5.610561056105610733e-01,9.065450640815033267e+00,1.219518349996374695e+01
5.625562556255625513e-01,9.052414728479039496e+00,1.219544328535674715e+01
5.640564056405640292e-01,9.039389979791652152e+00,1.219570133741827966e+01
5.655565556555655071e-01,9.026376369719258719e+00,1.219595765240790719e+01
5.670567056705669851e-01,9.013373873293499372e+00,1.219621222657370119e+01
5.685568556855685740e-01,9.000382465611268756e+00,1.219646505615223475e+01
5.700570057005700519e-01,8.987402121834707103e+00,1.219671613736858085e+01
5.715571557155715299e-01,8.974432817191210887e+00,1.219696546643631940e+01
5.730573057305730078e-01,8.961474526973422172e+00,1.219721303955753200e+01
5.745574557455744857e-01,8.948527226539241042e+00,1.219745885292280185e+01
5.760576057605759637e-01,8.935590891311814943e+00,1.219770290271121560e+01
5.775577557755775526e-01,8.922665496779544014e+00,1.219794518509036685e+01
5.790579057905790306e-01,8.909751018496077535e+00,1.219818569621634730e+01
5.805580558055805085e-01,8.896847432080317475e+00,1.219842443223375206e+01
5.820582058205819864e-01,8.883954713216422050e+00,1.219866138927568322e+01
5.835583558355834644e-01,8.871072837653787957e+00,1.219889656346374274e+01
5.850585058505850533e-01,8.858201781207075243e+00,1.219912995090803598e+01
5.865586558655865312e-01,8.845341519756196647e+00,1.219936154770716996e+01
5.880588058805880092e-01,8.832492029246299836e+00,1.219959134994826044e+01
5.895589558955894871e-01,8.819653285687802935e+00,1.219981935370691950e+01
5.910591059105909650e-01,8.806825265156366100e+00,1.220004555504726440e+01
5.925592559255925540e-01,8.794007943792898629e+00,1.220026995002191761e+01
5.940594059405940319e-01,8.781201297803569616e+00,1.220049253467200145e+01
5.955595559555955099e-01,8.768405303459786637e+00,1.220071330502714524e+01
5.970597059705969878e-01,8.755619937098224170e+00,1.220093225710547813e+01
5.985598559855984657e-01,8.742845175120793400e+00,1.220114938691363093e+01
6.000600060006000547e-01,8.730080993994667082e+00,1.220136469044674321e+01
6.015601560156015326e-01,8.717327370252267116e+00,1.220157816368845083e+01
6.030603060306030105e-01,8.704584280491260984e+00,1.220178980261089841e+01
6.045604560456044885e-01,8.691851701374572414e+00,1.220199960317472865e+01
6.060606060606059664e-01,8.679129609630379605e+00,1.220220756132909301e+01
6.075607560756075554e-01,8.666417982052099234e+00,1.220241367301163926e+01
6.090609060906090333e-01,8.653716795498418435e+00,1.220261793414852569e+01
6.105610561056105112e-01,8.641026026893261047e+00,1.220282034065440513e+01
6.120612061206119892e-01,8.628345653225807155e+00,1.220302088843244093e+01
6.135613561356134671e-01,8.615675651550485981e+00,1.220321957337429630e+01
6.150615061506150560e-01,8.603015998986979440e+00,1.220341639136013789e+01
6.165616561656165340e-01,8.590366672720222141e+00,1.220361133825863220e+01
6.180618061806180119e-01,8.577727650000399606e+00,1.220380440992695625e+01
6.195619561956194898e-01,8.565098908142946499e+00,1.220399560221078161e+01
6.210621062106209678e-01,8.552480424528550174e+00,1.220418491094429037e+01
6.225622562256225567e-01,8.539872176603150677e+00,1.220437233195016269e+01
6.240624062406240347e-01,8.527274141877935421e+00,1.220455786103958218e+01
6.255625562556255126e-01,8.514686297929346281e+00,1.220474149401223762e+01
6.270627062706269905e-01,8.502108622399076054e+00,1.220492322665631946e+01
6.285628562856284685e-01,8.489541092994068450e+00,1.220510305474852153e+01
6.300630063006300574e-01,8.476983687486519869e+00,1.220528097405404111e+01
6.315631563156315353e-01,8.464436383713875856e+00,1.220545698032657711e+01
6.330633063306330133e-01,8.451899159578832865e+00,1.220563106930833364e+01
6.345634563456344912e-01,8.439371993049341825e+00,1.220580323673001644e+01
6.360636063606359691e-01,8.426854862158599246e+00,1.220597347831083468e+01
6.375637563756375581e-01,8.414347745005061441e+00,1.220614178975849917e+01
6.390639063906390360e-01,8.401850619752430305e+00,1.220630816676922592e+01
6.405640564056405140e-01,8.389363464629656875e+00,1.220647260502773257e+01
6.420642064206419919e-01,8.376886257930948432e+00,1.220663510020724196e+01
6.435643564356434698e-01,8.364418978015764949e+00,1.220679564796947503e+01
6.450645064506450588e-01,8.351961603308808435e+00,1.220695424396466144e+01
6.465646564656465367e-01,8.339514112300044246e+00,1.220711088383153253e+01
6.480648064806480146e-01,8.327076483544679775e+00,1.220726556319731770e+01
6.495649564956494926e-01,8.314648695663176881e+00,1.220741827767775689e+01
6.510651065106509705e-01,8.302230727341250116e+00,1.220756902287708812e+01
6.525652565256525595e-01,8.289822557329863173e+00,1.220771779438805460e+01
6.540654065406540374e-01,8.277424164445230659e+00,1.220786458779189942e+01
6.555655565556555153e-01,8.265035527568823426e+00,1.220800939865837442e+01
6.570657065706569933e-01,8.252656625647357913e+00,1.220815222254572774e+01
6.585658565856584712e-01,8.240287437692803252e+00,1.220829305500071627e+01
6.600660066006600601e-01,8.227927942782379489e+00,1.220843189155859854e+01
6.615661566156615381e-01,8.215578120058562916e+00,1.220856872774313295e+01
6.630663066306630160e-01,8.203237948729073636e+00,1.220870355906658311e+01
6.645664566456644939e-01,8.190907408066887996e+00,1.220883638102971780e+01
6.660666066606659719e-01,8.178586477410235034e+00,1.220896718912180390e+01
6.675667566756675608e-01,8.166275136162587600e+00,1.220909597882061703e+01
6.690669066906690388e-01,8.153973363792676565e+00,1.220922274559243270e+01
6.705670567056705167e-01,8.141681139834481939e+00,1.220934748489202804e+01
6.720672067206719946e-01,8.129398443887236425e+00,1.220947019216268714e+01
6.735673567356734726e-01,8.117125255615421864e+00,1.220959086283619222e+01
6.750675067506750615e-01,8.104861554748769237e+00,1.220970949233283420e+01
6.765676567656765394e-01,8.092607321082272875e+00,1.220982607606140213e+01
6.780678067806780174e-01,8.080362534476158487e+00,1.220994060941919201e+01
6.795679567956794953e-01,8.068127174855924011e+00,1.221005308779199794e+01
6.810681068106809732e-01,8.055901222212302315e+00,1.221016350655412452e+01
6.825682568256825622e-01,8.043684656601282512e+00,1.221027186106836915e+01
6.840684068406840401e-01,8.031477458144113513e+00,1.221037814668604327e+01
6.855685568556855181e-01,8.019279607027282708e+00,1.221048235874695465e+01
6.870687068706869960e-01,8.007091083502540840e+00,1.221058449257941270e+01
6.885688568856884739e-01,7.994911867886874468e+00,1.221068454350023735e+01
6.900690069006900629e-01,7.982741940562536165e+00,1.221078250681474309e+01
6.915691569156915408e-01,7.970581281977025867e+00,1.221087837781675489e+01
6.930693069306930187e-01,7.958429872643091763e+00,1.221097215178859408e+01
6.945694569456944967e-01,7.946287693138733843e+00,1.221106382400109069e+01
6.960696069606959746e-01,7.934154724107205681e+00,1.221115338971357289e+01
6.975697569756975636e-01,7.922030946257009987e+00,1.221124084417387579e+01
6.990699069906990415e-01,7.909916340361902165e+00,1.221132618261833613e+01
7.005700570057005194e-01,7.897810887260888535e+00,1.221140940027179411e+01
7.020702070207019974e-01,7.885714567858225443e+00,1.221149049234758976e+01
7.035703570357034753e-01,7.873627363123422818e+00,1.221156945404757010e+01
7.050705070507050642e-01,7.861549254091240613e+00,1.221164628056208556e+01
7.065706570657065422e-01,7.849480221861692364e+00,1.221172096706998644e+01
7.080708070807080201e-01,7.837420247600036305e+00,1.221179350873862823e+01
7.095709570957094980e-01,7.825369312536789579e+00,1.221186390072386985e+01
7.110711071107109760e-01,7.813327397967717580e+00,1.221193213817006828e+01
7.125712571257125649e-01,7.801294485253835731e+00,1.221199821621009107e+01
7.140714071407140429e-01,7.789270555821412145e+00,1.221206212996530560e+01
7.155715571557155208e-01,7.777255591161966741e+00,1.221212387454557913e+01
7.170717071707169987e-01,7.765249572832269465e+00,1.221218344504928766e+01
7.185718571857184767e-01,7.753252482454341177e+00,1.221224083656330350e+01
7.200720072007200656e-01,7.741264301715458096e+00,1.221229604416300951e+01
7.215721572157215435e-01,7.729285012368141139e+00,1.221234906291228839e+01
7.230723072307230215e-01,7.717314596230169244e+00,1.221239988786352093e+01
7.245724572457244994e-01,7.705353035184566934e+00,1.221244851405760024e+01
7.260726072607259773e-01,7.693400311179614981e+00,1.221249493652391394e+01
7.275727572757275663e-01,7.681456406228838851e+00,1.221253915028035841e+01
7.290729072907290442e-01,7.669521302411022035e+00,1.221258115033332992e+01
7.305730573057305222e-01,7.657594981870199824e+00,1.221262093167773166e+01
7.320732073207320001e-01,7.645677426815652211e+00,1.221265848929696318e+01
7.335733573357334780e-01,7.633768619521913656e+00,1.221269381816293453e+01
7.350735073507350670e-01,7.621868542328771312e+00,1.221272691323605208e+01
7.365736573657365449e-01,7.609977177641263246e+00,1.221275776946523095e+01
7.380738073807380228e-01,7.598094507929676666e+00,1.221278638178788434e+01
7.395739573957395008e-01,7.586220515729555913e+00,1.221281274512993420e+01
7.410741074107409787e-01,7.574355183641685585e+00,1.221283685440579880e+01
7.425742574257425677e-01,7.562498494332111854e+00,1.221285870451840694e+01
7.440744074407440456e-01,7.550650430532129143e+00,1.221287829035918193e+01
7.455745574557455235e-01,7.538810975038282791e+00,1.221289560680805764e+01
7.470747074707470015e-01,7.526980110712369054e+00,1.221291064873346599e+01
7.485748574857484794e-01,7.515157820481434214e+00,1.221292341099234591e+01
7.500750075007500683e-01,7.503344087337779023e+00,1.221293388843013616e+01
7.515751575157515463e-01,7.491538894338955146e+00,1.221294207588077896e+01
7.530753075307530242e-01,7.479742224607760726e+00,1.221294796816672168e+01
7.545754575457545021e-01,7.467954061332251925e+00,1.221295156009891336e+01
7.560756075607559801e-01,7.456174387765732270e+00,1.221295284647680468e+01
7.575757575757575690e-01,7.444403187226756202e+00,1.221295182208835328e+01
7.590759075907590470e-01,7.432640443099132632e+00,1.221294848171001490e+01
7.605760576057605249e-01,7.420886138831919610e+00,1.221294282010675225e+01
7.620762076207620028e-01,7.409140257939425211e+00,1.221293483203202790e+01
7.635763576357634808e-01,7.397402784001209319e+00,1.221292451222781139e+01
7.650765076507650697e-01,7.385673700662088947e+00,1.221291185542457214e+01
7.665766576657665476e-01,7.373952991632122256e+00,1.221289685634128297e+01
7.680768076807680256e-01,7.362240640686628090e+00,1.221287950968542013e+01
7.695769576957695035e-01,7.350536631666169995e+00,1.221285981015296507e+01
7.710771077107709814e-01,7.338840948476566872e+00,1.221283775242839731e+01
7.725772577257725704e-01,7.327153575088884097e+00,1.221281333118470513e+01
7.740774077407740483e-01,7.315474495539445066e+00,1.221278654108337491e+01
7.755775577557755263e-01,7.303803693929821428e+00,1.221275737677439999e+01
7.770777077707770042e-01,7.292141154426835747e+00,1.221272583289627356e+01
7.785778577857784821e-01,7.280486861262558840e+00,1.221269190407599403e+01
7.800780078007800711e-01,7.268840798734315989e+00,1.221265558492906145e+01
7.815781578157815490e-01,7.257202951204687835e+00,1.221261687005948104e+01
7.830783078307830269e-01,7.245573303101497942e+00,1.221257575405975970e+01
7.845784578457845049e-01,7.233951838917829669e+00,1.221253223151090417e+01
7.860786078607859828e-01,7.222338543212009299e+00,1.221248629698243171e+01
7.875787578757875718e-01,7.210733400607620247e+00,1.221243794503235414e+01
7.890789078907890497e-01,7.199136395793495957e+00,1.221238717020719378e+01
7.905790579057905276e-01,7.187547513523719012e+00,1.221233396704196927e+01
7.920792079207920056e-01,7.175966738617627350e+00,1.221227833006020980e+01
7.935793579357934835e-01,7.164394055959805385e+00,1.221222025377393905e+01
7.950795079507950724e-01,7.152829450500092001e+00,1.221215973268369126e+01
7.965796579657965504e-01,7.141272907253579660e+00,1.221209676127850052e+01
7.980798079807980283e-01,7.129724411300605524e+00,1.221203133403590080e+01
7.995799579957995062e-01,7.118183947786763888e+00,1.221196344542193657e+01
8.010801080108009842e-01,7.106651501922895520e+00,1.221189308989114863e+01
8.025802580258025731e-01,7.095127058985097435e+00,1.221182026188658298e+01
8.040804080408040511e-01,7.083610604314714010e+00,1.221174495583979080e+01
8.055805580558055290e-01,7.072102123318345868e+00,1.221166716617082315e+01
8.070807080708070069e-01,7.060601601467836552e+00,1.221158688728823449e+01
8.085808580858084849e-01,7.049109024300290294e+00,1.221150411358908627e+01
8.100810081008100738e-01,7.037624377418056909e+00,1.221141883945893625e+01
8.115811581158115517e-01,7.026147646488738019e+00,1.221133105927185269e+01
8.130813081308130297e-01,7.014678817245189713e+00,1.221124076739040021e+01
8.145814581458145076e-01,7.003217875485512778e+00,1.221114795816565213e+01
8.160816081608159855e-01,6.991764807073069576e+00,1.221105262593717988e+01
8.175817581758175745e-01,6.980319597936460063e+00,1.221095476503306010e+01
8.190819081908190524e-01,6.968882234069551096e+00,1.221085436976987459e+01
8.205820582058205304e-01,6.957452701531449790e+00,1.221075143445270328e+01
8.220822082208220083e-01,6.946030986446516842e+00,1.221064595337513481e+01
8.235823582358234862e-01,6.934617075004364750e+00,1.221053792081925593e+01
8.250825082508250752e-01,6.923210953459857819e+00,1.221042733105566036e+01
8.265826582658265531e-01,6.911812608133115710e+00,1.221031417834344168e+01
8.280828082808280310e-01,6.900422025409501003e+00,1.221019845693019690e+01
8.295829582958295090e-01,6.889039191739634305e+00,1.221008016105202998e+01
8.310831083108309869e-01,6.877664093639382692e+00,1.220995928493354299e+01
8.325832583258325759e-01,6.866296717689868601e+00,1.220983582278784318e+01
8.340834083408340538e-01,6.854937050537461829e+00,1.220970976881653947e+01
8.355835583558355317e-01,6.843585078893786644e+00,1.220958111720974770e+01
8.370837083708370097e-01,6.832240789535720005e+00,1.220944986214608186e+01
8.385838583858384876e-01,6.820904169305386233e+00,1.220931599779266286e+01
8.400840084008400765e-01,6.809575205110162344e+00,1.220917951830511328e+01
8.415841584158415545e-01,6.798253883922677154e+00,1.220904041782755556e+01
8.430843084308430324e-01,6.786940192780809511e+00,1.220889869049261911e+01
8.445844584458445103e-01,6.775634118787690952e+00,1.220875433042143854e+01
8.460846084608459883e-01,6.764335649111703930e+00,1.220860733172364299e+01
8.475847584758475772e-01,6.753044770986486256e+00,1.220845768849737389e+01
8.490849084908490552e-01,6.741761471710915110e+00,1.220830539482927080e+01
8.505850585058505331e-01,6.730485738649131910e+00,1.220815044479447664e+01
8.520852085208520110e-01,6.719217559230523662e+00,1.220799283245663958e+01
8.535853585358534890e-01,6.707956920949728286e+00,1.220783255186790761e+01
8.550855085508550779e-01,6.696703811366638170e+00,1.220766959706893218e+01
8.565856585658565558e-01,6.685458218106393069e+00,1.220750396208887167e+01
8.580858085808580338e-01,6.674220128859386314e+00,1.220733564094538437e+01
8.595859585958595117e-01,6.662989531381260377e+00,1.220716462764463017e+01
8.610861086108609896e-01,6.651766413492913088e+00,1.220699091618127596e+01
8.625862586258625786e-01,6.640550763080489638e+00,1.220681450053848849e+01
8.640864086408640565e-01,6.629342568095387911e+00,1.220663537468793969e+01
8.655865586558655345e-01,6.618141816554261148e+00,1.220645353258980137e+01
8.670867086708670124e-01,6.606948496539006399e+00,1.220626896819275409e+01
8.685868586858684903e-01,6.595762596196774297e+00,1.220608167543397471e+01
8.700870087008700793e-01,6.584584103739969052e+00,1.220589164823914530e+01
8.715871587158715572e-01,6.573413007446249345e+00,1.220569888052245666e+01
8.730873087308730351e-01,6.562249295658515003e+00,1.220550336618659415e+01
8.745874587458745131e-01,6.551092956784928312e+00,1.220530509912275008e+01
8.760876087608759910e-01,6.539943979298891819e+00,1.220510407321062196e+01
8.775877587758775800e-01,6.528802351739072307e+00,1.220490028231840540e+01
8.790879087908790579e-01,6.517668062709375043e+00,1.220469372030280297e+01
8.805880588058805358e-01,6.506541100878965089e+00,1.220448438100902067e+01
8.820882088208820138e-01,6.495421454982257536e+00,1.220427225827076256e+01
8.835883588358834917e-01,6.484309113818913950e+00,1.220405734591023972e+01
8.850885088508850806e-01,6.473204066253853028e+00,1.220383963773816838e+01
8.865886588658865586e-01,6.462106301217240834e+00,1.220361912755376110e+01
8.880888088808880365e-01,6.451015807704496119e+00,1.220339580914474098e+01
8.895889588958895144e-01,6.439932574776291219e+00,1.220316967628732741e+01
8.910891089108909924e-01,6.428856591558544054e+00,1.220294072274624853e+01
8.925892589258925813e-01,6.417787847242431454e+00,1.220270894227473235e+01
8.940894089408940593e-01,6.406726331084375836e+00,1.220247432861451031e+01
8.955895589558955372e-01,6.395672032406050533e+00,1.220223687549581548e+01
8.970897089708970151e-01,6.384624940594384235e+00,1.220199657663738790e+01
8.985898589858984931e-01,6.373585045101555657e+00,1.220175342574646749e+01
9.000900090009000820e-01,6.362552335444992657e+00,1.220150741651879933e+01
9.015901590159015599e-01,6.351526801207375783e+00,1.220125854263862841e+01
9.030903090309030379e-01,6.340508432036635611e+00,1.220100679777870489e+01
9.045904590459045158e-01,6.329497217645958962e+00,1.220075217560028236e+01
9.060906090609059937e-01,6.318493147813779132e+00,1.220049466975311603e+01
9.075907590759075827e-01,6.307496212383777667e+00,1.220023427387546633e+01
9.090909090909090606e-01,6.296506401264897690e+00,1.219997098159409354e+01
9.105910591059105386e-01,6.285523704431325243e+00,1.219970478652426493e+01
9.120912091209120165e-01,6.274548111922499949e+00,1.219943568226974584e+01
9.135913591359134944e-01,6.263579613843110572e+00,1.219916366242281036e+01
9.150915091509150834e-01,6.252618200363101231e+00,1.219888872056423068e+01
9.165916591659165613e-01,6.241663869430118972e+00,1.219861084532048956e+01
9.180918091809180392e-01,6.230716968278982471e+00,1.219832980463026040e+01
9.195919591959195172e-01,6.219777673508219529e+00,1.219804548483805107e+01
9.210921092109209951e-01,6.208845964312620147e+00,1.219775790022603523e+01
9.225922592259225841e-01,6.197921819972664892e+00,1.219746706482537313e+01
9.240924092409240620e-01,6.187005219854533777e+00,1.219717299241622932e+01
9.255925592559255399e-01,6.176096143410095607e+00,1.219687569652775849e+01
9.270927092709270179e-01,6.165194570176914191e+00,1.219657519043811256e+01
9.285928592859284958e-01,6.154300479778247457e+00,1.219627148717443532e+01
9.300930093009300847e-01,6.143413851923047453e+00,1.219596459951287315e+01
9.315931593159315627e-01,6.132534666405961232e+00,1.219565453997856075e+01
9.330933093309330406e-01,6.121662903107326414e+00,1.219534132084563005e+01
9.345934593459345185e-01,6.110798541993177402e+00,1.219502495413721377e+01
9.360936093609359965e-01,6.099941563115241827e+00,1.219470545162542940e+01
9.375937593759375854e-01,6.089091946610938777e+00,1.219438282483140235e+01
9.390939093909390634e-01,6.078249672703385009e+00,1.219405708502524099e+01
9.405940594059405413e-01,6.067414721701388736e+00,1.219372824322605986e+01
9.420942094209420192e-01,6.056587073999453175e+00,1.219339631020196002e+01
9.435943594359434972e-01,6.045766710077772998e+00,1.219306129647004511e+01
9.450945094509450861e-01,6.034953610502237886e+00,1.219272321229640887e+01
9.465946594659465640e-01,6.024147755924434300e+00,1.219238206769614230e+01
9.480948094809480420e-01,6.013349127081638379e+00,1.219203787243333537e+01
9.495949594959495199e-01,6.002557704796822158e+00,1.219169063602106462e+01
9.510951095109509978e-01,5.991773469978651789e+00,1.219134036772141272e+01
9.525952595259525868e-01,5.980996403621483992e+00,1.219098707654544889e+01
9.540954095409540647e-01,5.970226486805374932e+00,1.219063077125324135e+01
9.555955595559555427e-01,5.959463700696070454e+00,1.219027146035385556e+01
9.570957095709570206e-01,5.948708026545010519e+00,1.218990915210534887e+01
9.585958595859584985e-01,5.937959445689330984e+00,1.218954385451477584e+01
9.600960096009600875e-01,5.927217939551858272e+00,1.218917557533818652e+01
9.615961596159615654e-01,5.916483489641117366e+00,1.218880432208062281e+01
9.630963096309630433e-01,5.905756077551322036e+00,1.218843010199612920e+01
9.645964596459645213e-01,5.895035684962383726e+00,1.218805292208773849e+01
9.660966096609659992e-01,5.884322293639905332e+00,1.218767278910748431e+01
9.675967596759674771e-01,5.873615885435183870e+00,1.218728970955639035e+01
9.690969096909690661e-01,5.862916442285210472e+00,1.218690368968447935e+01
9.705970597059705440e-01,5.852223946212673056e+00,1.218651473549076947e+01
9.720972097209720220e-01,5.841538379325947439e+00,1.218612285272327078e+01
9.735973597359734999e-01,5.830859723819107998e+00,1.218572804687899414e+01
9.750975097509749778e-01,5.820187961971921453e+00,1.218533032320394049e+01
9.765976597659765668e-01,5.809523076149847753e+00,1.218492968669310983e+01
9.780978097809780447e-01,5.798865048804040967e+00,1.218452614209049578e+01
9.795979597959795226e-01,5.788213862471351057e+00,1.218411969388908744e+01
9.810981098109810006e-01,5.777569499774317663e+00,1.218371034633087113e+01
9.825982598259824785e-01,5.766931943421177209e+00,1.218329810340682329e+01
9.840984098409840675e-01,5.756301176205859349e+00,1.218288296885692290e+01
9.855985598559855454e-01,5.745677181007988743e+00,1.218246494617014086e+01
9.870987098709870233e-01,5.735059940792881505e+00,1.218204403858443996e+01
9.885988598859885013e-01,5.724449438611549645e+00,1.218162024908678553e+01
9.900990099009899792e-01,5.713845657600696626e+00,1.218119358041313305e+01
9.915991599159915681e-01,5.703248580982721805e+00,1.218076403504843519e+01
9.930993099309930461e-01,5.692658192065717770e+00,1.218033161522663832e+01
9.945994599459945240e-01,5.682074474243472118e+00,1.217989632293068780e+01
9.960996099609960019e-01,5.671497410995463007e+00,1.217945815989251912e+01
9.975997599759974799e-01,5.660926985886866269e+00,1.217901712759307031e+01
9.990999099909990688e-01,5.650363182568547415e+00,1.217857322726226776e+01
1.000600060006000547e+00,5.639805984777071401e+00,1.217812645987903508e+01
1.002100210021002136e+00,5.629255376334691086e+00,1.217767682617129488e+01
1.003600360036003503e+00,5.618711341149357885e+00,1.217722432661596166e+01
1.005100510051005092e+00,5.608173863214712895e+00,1.217676896143894538e+01
1.006600660066006458e+00,5.597642926610095770e+00,1.217631073061515146e+01
1.008100810081008047e+00,5.587118515500534066e+00,1.217584963386848429e+01
1.009600960096009636e+00,5.576600614136753897e+00,1.217538567067183664e+01
1.011101110111011003e+00,5.566089206855175497e+00,1.217491884024710558e+01
1.012601260126012592e+00,5.555584278077907889e+00,1.217444914156517477e+01
1.014101410141013959e+00,5.545085812312761320e+00,1.217397657334592687e+01
1.015601560156015548e+00,5.534593794153231272e+00,1.217350113405824352e+01
1.017101710171017137e+00,5.524108208278513565e+00,1.217302282191999652e+01
1.018601860186018504e+00,5.513629039453497249e+00,1.217254163489805485e+01
1.020102010201020093e+00,5.503156272528761050e+00,1.217205757070828298e+01
1.021602160216021460e+00,5.492689892440583144e+00,1.217157062681554081e+01
1.023102310231023049e+00,5.482229884210929605e+00,1.217108080043368368e+01
1.024602460246024638e+00,5.471776232947465068e+00,1.217058808852556062e+01
1.026102610261026005e+00,5.461328923843547400e+00,1.217009248780302144e+01
1.027602760276027594e+00,5.450887942178223255e+00,1.216959399472690251e+01
1.029102910291028961e+00,5.440453273316242289e+00,1.216909260550704452e+01
1.030603060306030549e+00,5.430024902708038503e+00,1.216858831610227654e+01
1.032103210321032138e+00,5.419602815889744463e+00,1.216808112222042837e+01
1.033603360336033505e+00,5.409186998483189512e+00,1.216757101931832175e+01
1.035103510351035094e+00,5.398777436195888235e+00,1.216705800260177384e+01
1.036603660366036461e+00,5.388374114821059102e+00,1.216654206702560082e+01
1.038103810381038050e+00,5.377977020237604933e+00,1.216602320729360898e+01
1.039603960396039639e+00,5.367586138410129770e+00,1.216550141785860362e+01
1.041104110411041006e+00,5.357201455388929112e+00,1.216497669292238548e+01
1.042604260426042595e+00,5.346822957309989022e+00,1.216444902643574721e+01
1.044104410441043962e+00,5.336450630394995898e+00,1.216391841209848046e+01
1.045604560456045551e+00,5.326084460951321375e+00,1.216338484335937054e+01
1.047104710471047140e+00,5.315724435372040091e+00,1.216284831341619999e+01
1.048604860486048507e+00,5.305370540135914581e+00,1.216230881521574325e+01
1.050105010501050096e+00,5.295022761807401501e+00,1.216176634145377378e+01
1.051605160516051463e+00,5.284681087036656066e+00,1.216122088457505868e+01
1.053105310531053052e+00,5.274345502559519616e+00,1.216067243677335874e+01
1.054605460546054641e+00,5.264015995197533826e+00,1.216012098999143554e+01
1.056105610561056007e+00,5.253692551857933601e+00,1.215956653592103898e+01
1.057605760576057596e+00,5.243375159533641749e+00,1.215900906600291798e+01
1.059105910591058963e+00,5.233063805303284077e+00,1.215844857142682045e+01
1.060606060606060552e+00,5.222758476331170741e+00,1.215788504313148088e+01
1.062106210621062141e+00,5.212459159867313119e+00,1.215731847180463809e+01
1.063606360636063508e+00,5.202165843247414045e+00,1.215674884788302101e+01
1.065106510651065097e+00,5.191878513892867808e+00,1.215617616155235403e+01
1.066606660666066464e+00,5.181597159310765477e+00,1.215560040274735876e+01
1.068106810681068053e+00,5.171321767093890465e+00,1.215502156115175225e+01
1.069606960696069642e+00,5.161052324920720302e+00,1.215443962619824525e+01
1.071107110711071009e+00,5.150788820555428416e+00,1.215385458706854571e+01
1.072607260726072598e+00,5.140531241847877908e+00,1.215326643269335705e+01
1.074107410741073965e+00,5.130279576733628666e+00,1.215267515175237456e+01
1.075607560756075554e+00,5.120033813233932918e+00,1.215208073267429256e+01
1.077107710771077143e+00,5.109793939455738787e+00,1.215148316363680081e+01
1.078607860786078509e+00,5.099559943591687627e+00,1.215088243256658096e+01
1.080108010801080098e+00,5.089331813920111358e+00,1.215027852713931367e+01
1.081608160816081465e+00,5.079109538805040458e+00,1.214967143477967504e+01
1.083108310831083054e+00,5.068893106696195971e+00,1.214906114266133130e+01
1.084608460846084643e+00,5.058682506128993062e+00,1.214844763770695302e+01
1.086108610861086010e+00,5.048477725724544563e+00,1.214783090658819553e+01
1.087608760876087599e+00,5.038278754189650321e+00,1.214721093572572030e+01
1.089108910891088966e+00,5.028085580316811409e+00,1.214658771128917536e+01
1.090609060906090555e+00,5.017898192984215910e+00,1.214596121919720773e+01
1.092109210921092144e+00,5.007716581155749580e+00,1.214533144511746166e+01
1.093609360936093511e+00,4.997540733880993180e+00,1.214469837446657330e+01
1.095109510951095100e+00,4.987370640295218038e+00,1.214406199241017603e+01
1.096609660966096467e+00,4.977206289619391377e+00,1.214342228386289868e+01
1.098109810981098056e+00,4.967047671160170985e+00,1.214277923348836374e+01
1.099609960996099645e+00,4.956894774309914098e+00,1.214213282569919272e+01
1.101110111011101012e+00,4.946747588546669405e+00,1.214148304465699901e+01
1.102610261026102600e+00,4.936606103434176163e+00,1.214082987427239146e+01
1.104110411041103967e+00,4.926470308621871297e+00,1.214017329820497615e+01
1.105610561056105556e+00,4.916340193844883188e+00,1.213951329986335459e+01
1.107110711071107145e+00,4.906215748924036113e+00,1.213884986240512021e+01
1.108610861086108512e+00,4.896096963765849353e+00,1.213818296873686897e+01
1.110111011101110101e+00,4.885983828362530090e+00,1.213751260151418343e+01
1.111611161116111468e+00,4.875876332791985845e+00,1.213683874314164690e+01
1.113111311131113057e+00,4.865774467217812926e+00,1.213616137577283816e+01
1.114611461146114646e+00,4.855678221889305313e+00,1.213548048131032786e+01
1.116111611161116013e+00,4.845587587141450214e+00,1.213479604140568568e+01
1.117611761176117602e+00,4.835502553394926295e+00,1.213410803745947675e+01
1.119111911191118969e+00,4.825423111156109002e+00,1.213341645062125629e+01
1.120612061206120558e+00,4.815349251017062571e+00,1.213272126178958210e+01
1.122112211221122147e+00,4.805280963655551574e+00,1.213202245161200210e+01
1.123612361236123514e+00,4.795218239835032037e+00,1.213132000048506320e+01
1.125112511251125103e+00,4.785161070404651440e+00,1.213061388855430422e+01
1.126612661266126469e+00,4.775109446299254046e+00,1.212990409571426120e+01
1.128112811281128058e+00,4.765063358539375571e+00,1.212919060160846563e+01
1.129612961296129647e+00,4.755022798231246739e+00,1.212847338562944266e+01
1.131113111311131014e+00,4.744987756566794168e+00,1.212775242691871824e+01
1.132613261326132603e+00,4.734958224823634154e+00,1.212702770436680488e+01
1.134113411341133970e+00,4.724934194365079776e+00,1.212629919661321942e+01
1.135613561356135559e+00,4.714915656640136454e+00,1.212556688204646704e+01
1.137113711371137148e+00,4.704902603183503729e+00,1.212483073880405371e+01
1.138613861386138515e+00,4.694895025615577921e+00,1.212409074477247550e+01
1.140114011401140104e+00,4.684892915642443256e+00,1.212334687758722929e+01
1.141614161416141471e+00,4.674896265055883404e+00,1.212259911463280204e+01
1.143114311431143060e+00,4.664905065733371714e+00,1.212184743304268153e+01
1.144614461446144649e+00,4.654919309638077429e+00,1.212109180969934563e+01
1.146114611461146016e+00,4.644938988818865688e+00,1.212033222123427123e+01
1.147614761476147605e+00,4.634964095410291307e+00,1.211956864402793066e+01
1.149114911491148971e+00,4.624994621632604996e+00,1.211880105420978815e+01
1.150615061506150560e+00,4.615030559791748033e+00,1.211802942765830515e+01
1.152115211521151927e+00,4.605071902279364693e+00,1.211725374000094213e+01
1.153615361536153516e+00,4.595118641572781826e+00,1.211647396661414788e+01
1.155115511551155105e+00,4.585170770235027504e+00,1.211569008262337199e+01
1.156615661566156472e+00,4.575228280914822143e+00,1.211490206290305949e+01
1.158115811581158061e+00,4.565291166346575835e+00,1.211410988207664552e+01
1.159615961596159428e+00,4.555359419350399008e+00,1.211331351451656779e+01
1.161116111611161017e+00,4.545433032832091769e+00,1.211251293434425236e+01
1.162616261626162606e+00,4.535511999783147452e+00,1.211170811543012604e+01
1.164116411641163973e+00,4.525596313280757954e+00,1.211089903139360935e+01
1.165616561656165562e+00,4.515685966487803071e+00,1.211008565560311645e+01
1.167116711671166929e+00,4.505780952652860272e+00,1.210926796117605875e+01
1.168616861686168518e+00,4.495881265110199365e+00,1.210844592097884309e+01
1.170117011701170107e+00,4.485986897279784280e+00,1.210761950762687178e+01
1.171617161716171474e+00,4.476097842667274840e+00,1.210678869348453901e+01
1.173117311731173062e+00,4.466214094864019657e+00,1.210595345066523976e+01
1.174617461746174429e+00,4.456335647547066792e+00,1.210511375103136089e+01
1.176117611761176018e+00,4.446462494479153094e+00,1.210426956619428474e+01
1.177617761776177607e+00,4.436594629508713084e+00,1.210342086751439261e+01
1.179117911791178974e+00,4.426732046569876289e+00,1.210256762610105596e+01
1.180618061806180563e+00,4.416874739682458362e+00,1.210170981281264346e+01
1.182118211821181930e+00,4.407022702951978843e+00,1.210084739825652278e+01
1.183618361836183519e+00,4.397175930569641622e+00,1.209998035278905171e+01
1.185118511851185108e+00,4.387334416812352700e+00,1.209910864651558526e+01
1.186618661866186475e+00,4.377498156042706867e+00,1.209823224929047569e+01
1.188118811881188064e+00,4.367667142708993921e+00,1.209735113071706714e+01
1.189618961896189431e+00,4.357841371345197778e+00,1.209646526014770451e+01
1.191119111911191020e+00,4.348020836570995584e+00,1.209557460668372109e+01
1.192619261926192609e+00,4.338205533091758603e+00,1.209467913917545090e+01
1.194119411941193976e+00,4.328395455698553995e+00,1.209377882622222167e+01
1.195619561956195565e+00,4.318590599268137709e+00,1.209287363617235478e+01
1.197119711971196931e+00,4.308790958762966916e+00,1.209196353712317062e+01
1.198619861986198520e+00,4.298996529231184027e+00,1.209104849692098149e+01
1.200120012001200109e+00,4.289207305806630899e+00,1.209012848316109867e+01
1.201620162016201476e+00,4.279423283708844394e+00,1.208920346318782357e+01
1.203120312031203065e+00,4.269644458243048391e+00,1.208827340409445839e+01
1.204620462046204432e+00,4.259870824800169764e+00,1.208733827272329719e+01
1.206120612061206021e+00,4.250102378856819740e+00,1.208639803566562954e+01
1.207620762076207610e+00,4.240339115975309880e+00,1.208545265926174395e+01
1.209120912091208977e+00,4.230581031803645864e+00,1.208450210960092086e+01
1.210621062106210566e+00,4.220828122075520383e+00,1.208354635252143794e+01
1.212121212121211933e+00,4.211080382610330020e+00,1.208258535361056474e+01
1.213621362136213522e+00,4.201337809313155702e+00,1.208161907820456982e+01
1.215121512151215111e+00,4.191600398174777808e+00,1.208064749138871541e+01
1.216621662166216478e+00,4.181868145271668169e+00,1.207967055799726275e+01
1.218121812181218067e+00,4.172141046765993622e+00,1.207868824261346141e+01
1.219621962196219433e+00,4.162419098905616011e+00,1.207770050956956176e+01
1.221122112211221022e+00,4.152702298024086858e+00,1.207670732294680960e+01
1.222622262226222611e+00,4.142990640540656244e+00,1.207570864657544440e+01
1.224122412241223978e+00,4.133284122960263929e+00,1.207470444403469934e+01
1.225622562256225567e+00,4.123582741873546453e+00,1.207369467865280477e+01
1.227122712271226934e+00,4.113886493956835366e+00,1.207267931350698831e+01
1.228622862286228523e+00,4.104195375972149229e+00,1.207165831142347123e+01
1.230123012301230112e+00,4.094509384767208715e+00,1.207063163497746849e+01
1.231623162316231479e+00,4.084828517275424176e+00,1.206959924649319404e+01
1.233123312331233068e+00,4.075152770515899192e+00,1.206856110804385196e+01
1.234623462346234435e+00,4.065482141593433241e+00,1.206751718145164887e+01
1.236123612361236024e+00,4.055816627698519028e+00,1.206646742828777974e+01
1.237623762376237613e+00,4.046156226107340714e+00,1.206541180987243855e+01
1.239123912391238980e+00,4.036500934181781908e+00,1.206435028727481473e+01
1.240624062406240569e+00,4.026850749369412341e+00,1.206328282131309315e+01
1.242124212421241936e+00,4.017205669203503859e+00,1.206220937255445236e+01
1.243624362436243524e+00,4.007565691303013544e+00,1.206112990131506812e+01
1.245124512451245113e+00,3.997930813372600145e+00,1.206004436766010812e+01
1.246624662466246480e+00,3.988301033202612089e+00,1.205895273140374258e+01
1.248124812481248069e+00,3.978676348669090590e+00,1.205785495210912828e+01
1.249624962496249436e+00,3.969056757733775420e+00,1.205675098908842280e+01
1.251125112511251025e+00,3.959442258444094254e+00,1.205564080140277916e+01
1.252625262526252614e+00,3.949832848933172880e+00,1.205452434786234228e+01
1.254125412541253981e+00,3.940228527419829874e+00,1.205340158702625786e+01
1.255625562556255570e+00,3.930629292208576153e+00,1.205227247720266170e+01
1.257125712571256937e+00,3.921035141689621195e+00,1.205113697644868687e+01
1.258625862586258526e+00,3.911446074338859269e+00,1.204999504257046183e+01
1.260126012601260115e+00,3.901862088717887200e+00,1.204884663312311233e+01
1.261626162616261482e+00,3.892283183473993269e+00,1.204769170541075596e+01
1.263126312631263071e+00,3.882709357340155876e+00,1.204653021648650757e+01
1.264626462646264438e+00,3.873140609135053314e+00,1.204536212315247923e+01
1.266126612661266027e+00,3.863576937763050889e+00,1.204418738195977490e+01
1.267626762676267616e+00,3.854018342214214687e+00,1.204300594920849399e+01
1.269126912691268982e+00,3.844464821564299140e+00,1.204181778094773669e+01
1.270627062706270571e+00,3.834916374974755016e+00,1.204062283297558977e+01
1.272127212721271938e+00,3.825373001692727648e+00,1.203942106083914432e+01
1.273627362736273527e+00,3.815834701051052935e+00,1.203821241983448154e+01
1.275127512751275116e+00,3.806301472468264446e+00,1.203699686500667809e+01
1.276627662766276483e+00,3.796773315448588537e+00,1.203577435114980609e+01
1.278127812781278072e+00,3.787250229581941241e+00,1.203454483280693843e+01
1.279627962796279439e+00,3.777732214543939815e+00,1.203330826427013456e+01
1.281128112811281028e+00,3.768219270095889417e+00,1.203206459958045471e+01
1.282628262826282617e+00,3.758711396084789769e+00,1.203081379252795458e+01
1.284128412841283984e+00,3.749208592443339594e+00,1.202955579665168351e+01
1.285628562856285573e+00,3.739710859189923742e+00,1.202829056523968632e+01
1.287128712871286940e+00,3.730218196428627397e+00,1.202701805132900503e+01
1.288628862886288529e+00,3.720730604349223203e+00,1.202573820770567536e+01
1.290129012901290118e+00,3.711248083227185024e+00,1.202445098690472669e+01
1.291629162916291484e+00,3.701770633423675516e+00,1.202315634121018917e+01
1.293129312931293073e+00,3.692298255385551009e+00,1.202185422265508308e+01
1.294629462946294440e+00,3.682830949645366392e+00,1.202054458302142592e+01
1.296129612961296029e+00,3.673368716821363567e+00,1.201922737384023065e+01
1.297629762976297618e+00,3.663911557617482995e+00,1.201790254639150568e+01
1.299129912991298985e+00,3.654459472823359256e+00,1.201657005170425485e+01
1.300630063006300574e+00,3.645012463314316609e+00,1.201522984055647747e+01
1.302130213021301941e+00,3.635570530051378313e+00,1.201388186347516829e+01
1.303630363036303530e+00,3.626133674081256864e+00,1.201252607073631573e+01
1.305130513051305119e+00,3.616701896536361094e+00,1.201116241236490723e+01
1.306630663066306486e+00,3.607275198634794400e+00,1.200979083813492032e+01
1.308130813081308075e+00,3.597853581680351187e+00,1.200841129756933334e+01
1.309630963096309442e+00,3.588437047062523089e+00,1.200702373994011651e+01
1.311131113111311031e+00,3.579025596256491415e+00,1.200562811426823551e+01
1.312631263126312620e+00,3.569619230823135148e+00,1.200422436932365500e+01
1.314131413141313987e+00,3.560217952409026942e+00,1.200281245362532978e+01
1.315631563156315575e+00,3.550821762746428245e+00,1.200139231544121543e+01
1.317131713171316942e+00,3.541430663653301725e+00,1.199996390278825764e+01
1.318631863186318531e+00,3.532044657033298396e+00,1.199852716343240111e+01
1.320132013201320120e+00,3.522663744875763836e+00,1.199708204488858421e+01
1.321632163216321487e+00,3.513287929255742181e+00,1.199562849442074075e+01
1.323132313231323076e+00,3.503917212333963693e+00,1.199416645904180179e+01
1.324632463246324443e+00,3.494551596356859413e+00,1.199269588551369026e+01
1.326132613261326032e+00,3.485191083656547839e+00,1.199121672034732988e+01
1.327632763276327621e+00,3.475835676650847361e+00,1.198972890980263273e+01
1.329132913291328988e+00,3.466485377843268711e+00,1.198823239988851164e+01
1.330633063306330577e+00,3.457140189823011411e+00,1.198672713636287313e+01
1.332133213321331944e+00,3.447800115264977094e+00,1.198521306473261916e+01
1.333633363336333533e+00,3.438465156929753075e+00,1.198369013025364715e+01
1.335133513351335122e+00,3.429135317663625671e+00,1.198215827793084998e+01
1.336633663366336489e+00,3.419810600398575318e+00,1.198061745251811416e+01
1.338133813381338078e+00,3.410491008152271242e+00,1.197906759851832348e+01
1.339633963396339444e+00,3.401176544028082560e+00,1.197750866018335891e+01
1.341134113411341033e+00,3.391867211215067623e+00,1.197594058151408980e+01
1.342634263426342622e+00,3.382563012987980677e+00,1.197436330626039158e+01
1.344134413441343989e+00,3.373263952707271418e+00,1.197277677792112449e+01
1.345634563456345578e+00,3.363970033819079219e+00,1.197118093974415132e+01
1.347134713471346945e+00,3.354681259855241127e+00,1.196957573472632497e+01
1.348634863486348534e+00,3.345397634433284750e+00,1.196796110561349913e+01
1.350135013501350123e+00,3.336119161256435373e+00,1.196633699490051939e+01
1.351635163516351490e+00,3.326845844113609729e+00,1.196470334483122855e+01
1.353135313531353079e+00,3.317577686879415566e+00,1.196306009739845955e+01
1.354635463546354446e+00,3.308314693514162297e+00,1.196140719434404964e+01
1.356135613561356035e+00,3.299056868063843684e+00,1.195974457715882444e+01
1.357635763576357624e+00,3.289804214660153381e+00,1.195807218708260677e+01
1.359135913591358991e+00,3.280556737520480493e+00,1.195638996510421670e+01
1.360636063606360580e+00,3.271314440947901581e+00,1.195469785196146617e+01
1.362136213621361946e+00,3.262077329331192210e+00,1.195299578814116614e+01
1.363636363636363535e+00,3.252845407144818513e+00,1.195128371387912125e+01
1.365136513651365124e+00,3.243618678948941625e+00,1.194956156916013157e+01
1.366636663666366491e+00,3.234397149389419468e+00,1.194782929371799085e+01
1.368136813681368080e+00,3.225180823197797864e+00,1.194608682703549185e+01
1.369636963696369447e+00,3.215969705191323413e+00,1.194433410834442100e+01
1.371137113711371036e+00,3.206763800272928844e+00,1.194257107662555661e+01
1.372637263726372625e+00,3.197563113431245885e+00,1.194079767060867958e+01
1.374137413741373992e+00,3.188367649740600829e+00,1.193901382877256090e+01
1.375637563756375581e+00,3.179177414361009202e+00,1.193721948934496524e+01
1.377137713771376948e+00,3.169992412538185533e+00,1.193541459030266161e+01
1.378637863786378537e+00,3.160812649603533142e+00,1.193359906937140202e+01
1.380138013801380126e+00,3.151638130974153906e+00,1.193177286402594461e+01
1.381638163816381493e+00,3.142468862152840714e+00,1.192993591149003763e+01
1.383138313831383082e+00,3.133304848728078795e+00,1.192808814873642653e+01
1.384638463846384449e+00,3.124146096374052828e+00,1.192622951248684693e+01
1.386138613861386037e+00,3.114992610850634502e+00,1.192435993921203874e+01
1.387638763876387626e+00,3.105844398003393625e+00,1.192247936513173201e+01
1.389138913891388993e+00,3.096701463763595008e+00,1.192058772621465046e+01
1.390639063906390582e+00,3.087563814148192254e+00,1.191868495817851503e+01
1.392139213921391949e+00,3.078431455259837524e+00,1.191677099649004745e+01
1.393639363936393538e+00,3.069304393286872656e+00,1.191484577636495423e+01
1.395139513951395127e+00,3.060182634503337162e+00,1.191290923276794622e+01
1.396639663966396494e+00,3.051066185268964226e+00,1.191096130041272438e+01
1.398139813981398083e+00,3.041955052029176709e+00,1.190900191376198869e+01
1.399639963996399450e+00,3.032849241315096478e+00,1.190703100702743278e+01
1.401140114011401039e+00,3.023748759743532855e+00,1.190504851416974397e+01
1.402640264026402628e+00,3.014653614016995942e+00,1.190305436889860680e+01
1.404140414041403995e+00,3.005563810923686852e+00,1.190104850467270303e+01
1.405640564056405584e+00,2.996479357337498151e+00,1.189903085469970634e+01
1.407140714071406951e+00,2.987400260218022296e+00,1.189700135193628761e+01
1.408640864086408540e+00,2.978326526610537872e+00,1.189495992908811139e+01
1.410141014101410128e+00,2.969258163646020243e+00,1.189290651860983949e+01
1.411641164116411495e+00,2.960195178541144223e+00,1.189084105270513092e+01
1.413141314131413084e+00,2.951137578598269418e+00,1.188876346332663481e+01
1.414641464146414451e+00,2.942085371205456656e+00,1.188667368217599929e+01
1.416141614161416040e+00,2.933038563836452894e+00,1.188457164070386796e+01
1.417641764176417629e+00,2.923997164050706754e+00,1.188245727010987629e+01
1.419141914191418996e+00,2.914961179493358312e+00,1.188033050134266055e+01
1.420642064206420585e+00,2.905930617895236434e+00,1.187819126509985068e+01
1.422142214221421952e+00,2.896905487072874319e+00,1.187603949182806673e+01
1.423642364236423541e+00,2.887885794928485517e+00,1.187387511172293131e+01
1.425142514251425130e+00,2.878871549449988354e+00,1.187169805472905715e+01
1.426642664266426497e+00,2.869862758710992612e+00,1.186950825054005776e+01
1.428142814281428086e+00,2.860859430870795528e+00,1.186730562859853677e+01
1.429642964296429453e+00,2.851861574174396896e+00,1.186509011809609504e+01
1.431143114311431042e+00,2.842869196952484412e+00,1.186286164797332887e+01
1.432643264326432631e+00,2.833882307621442553e+00,1.186062014691983180e+01
1.434143414341433997e+00,2.824900914683349029e+00,1.185836554337418924e+01
1.435643564356435586e+00,2.815925026725974778e+00,1.185609776552398387e+01
1.437143714371436953e+00,2.806954652422785745e+00,1.185381674130579555e+01
1.438643864386438542e+00,2.797989800532937554e+00,1.185152239840519428e+01
1.440144014401440131e+00,2.789030479901285275e+00,1.184921466425675263e+01
1.441644164416441498e+00,2.780076699458376766e+00,1.184689346604403148e+01
1.443144314431443087e+00,2.771128468220449559e+00,1.184455873069959253e+01
1.444644464446444454e+00,2.762185795289441081e+00,1.184221038490498934e+01
1.446144614461446043e+00,2.753248689852975772e+00,1.183984835509077094e+01
1.447644764476447632e+00,2.744317161184376186e+00,1.183747256743648535e+01
1.449144914491448999e+00,2.735391218642660771e+00,1.183508294787067250e+01
1.450645064506450588e+00,2.726470871672536322e+00,1.183267942207086776e+01
1.452145214521451955e+00,2.717556129804407750e+00,1.183026191546360373e+01
1.453645364536453544e+00,2.708647002654370084e+00,1.182783035322440668e+01
1.455145514551455133e+00,2.699743499924214696e+00,1.182538466027780011e+01
1.456645664566456500e+00,2.690845631401430182e+00,1.182292476129730296e+01
1.458145814581458088e+00,2.681953406959189934e+00,1.182045058070542431e+01
1.459645964596459455e+00,2.673066836556370784e+00,1.181796204267367578e+01
1.461146114611461044e+00,2.664185930237534361e+00,1.181545907112256089e+01
1.462646264626462633e+00,2.655310698132943514e+00,1.181294158972157682e+01
1.464146414641464000e+00,2.646441150458552105e+00,1.181040952188922155e+01
1.465646564656465589e+00,2.637577297516007668e+00,1.180786279079298318e+01
1.467146714671466956e+00,2.628719149692653190e+00,1.180530131934934879e+01
1.468646864686468545e+00,2.619866717461520889e+00,1.180272503022379560e+01
1.470147014701470134e+00,2.611020011381341988e+00,1.180013384583080160e+01
1.471647164716471501e+00,2.602179042096539607e+00,1.179752768833384025e+01
1.473147314731473090e+00,2.593343820337229655e+00,1.179490647964537686e+01
1.474647464746474457e+00,2.584514356919224820e+00,1.179227014142687224e+01
1.476147614761476046e+00,2.575690662744025694e+00,1.178961859508878618e+01
1.477647764776477635e+00,2.566872748798834536e+00,1.178695176179056858e+01
1.479147914791479002e+00,2.558060626156541950e+00,1.178426956244067192e+01
1.480648064806480591e+00,2.549254305975734436e+00,1.178157191769653878e+01
1.482148214821481957e+00,2.540453799500691723e+00,1.177885874796460541e+01
1.483648364836483546e+00,2.531659118061385882e+00,1.177612997340031065e+01
1.485148514851485135e+00,2.522870273073485325e+00,1.177338551390807986e+01
1.486648664866486502e+00,2.514087276038353913e+00,1.177062528914134099e+01
1.488148814881488091e+00,2.505310138543042520e+00,1.176784921850251564e+01
1.489648964896489458e+00,2.496538872260304132e+00,1.176505722114301733e+01
1.491149114911491047e+00,2.487773488948578304e+00,1.176224921596325856e+01
1.492649264926492636e+00,2.479014000452002264e+00,1.175942512161264375e+01
1.494149414941494003e+00,2.470260418700407801e+00,1.175658485648957985e+01
1.495649564956495592e+00,2.461512755709318157e+00,1.175372833874146039e+01
1.497149714971496959e+00,2.452771023579952470e+00,1.175085548626467968e+01
1.498649864986498548e+00,2.444035234499220888e+00,1.174796621670462393e+01
1.500150015001500137e+00,2.435305400739729897e+00,1.174506044745568012e+01
1.501650165016501504e+00,2.426581534659780104e+00,1.174213809566122357e+01
1.503150315031503093e+00,2.417863648703362678e+00,1.173919907821363218e+01
1.504650465046504459e+00,2.409151755400168238e+00,1.173624331175427393e+01
1.506150615061506048e+00,2.400445867365574415e+00,1.173327071267351229e+01
1.507650765076507637e+00,2.391745997300656956e+00,1.173028119711070971e+01
1.509150915091509004e+00,2.383052157992186615e+00,1.172727468095422232e+01
1.510651065106510593e+00,2.374364362312622934e+00,1.172425107984139991e+01
1.512151215121511960e+00,2.365682623220125347e+00,1.172121030915859130e+01
1.513651365136513549e+00,2.357006953758539858e+00,1.171815228404113540e+01
1.515151515151515138e+00,2.348337367057412806e+00,1.171507691937337015e+01
1.516651665166516505e+00,2.339673876331984648e+00,1.171198412978862891e+01
1.518151815181518094e+00,2.331016494883182855e+00,1.170887382966924051e+01
1.519651965196519461e+00,2.322365236097635677e+00,1.170574593314652745e+01
1.521152115211521050e+00,2.313720113447659710e+00,1.170260035410080945e+01
1.522652265226522639e+00,2.305081140491270553e+00,1.169943700616139814e+01
1.524152415241524006e+00,2.296448330872173482e+00,1.169625580270660592e+01
1.525652565256525595e+00,2.287821698319769670e+00,1.169305665686373530e+01
1.527152715271526962e+00,2.279201256649155294e+00,1.168983948150908958e+01
1.528652865286528550e+00,2.270587019761116210e+00,1.168660418926796041e+01
1.530153015301530139e+00,2.261979001642136833e+00,1.168335069251464375e+01
1.531653165316531506e+00,2.253377216364392588e+00,1.168007890337242216e+01
1.533153315331533095e+00,2.244781678085752574e+00,1.167678873371357717e+01
1.534653465346534462e+00,2.236192401049781786e+00,1.167348009515938934e+01
1.536153615361536051e+00,2.227609399585736227e+00,1.167015289908012754e+01
1.537653765376537640e+00,2.219032688108568685e+00,1.166680705659506145e+01
1.539153915391539007e+00,2.210462281118924288e+00,1.166344247857245442e+01
1.540654065406540596e+00,2.201898193203140508e+00,1.166005907562956345e+01
1.542154215421541963e+00,2.193340439033251599e+00,1.165665675813264457e+01
1.543654365436543552e+00,2.184789033366984157e+00,1.165323543619694746e+01
1.545154515451545141e+00,2.176243991047758009e+00,1.164979501968671372e+01
1.546654665466546508e+00,2.167705327004689764e+00,1.164633541821518747e+01
1.548154815481548097e+00,2.159173056252583933e+00,1.164285654114460122e+01
1.549654965496549464e+00,2.150647193891945363e+00,1.163935829758618823e+01
1.551155115511551053e+00,2.142127755108967690e+00,1.163584059640017188e+01
1.552655265526552641e+00,2.133614755175541333e+00,1.163230334619577633e+01
1.554155415541554008e+00,2.125108209449251717e+00,1.162874645533121587e+01
1.555655565556555597e+00,2.116608133373373946e+00,1.162516983191370556e+01
1.557155715571556964e+00,2.108114542476880793e+00,1.162157338379945237e+01
1.558655865586558553e+00,2.099627452374434711e+00,1.161795701859365870e+01
1.560156015601560142e+00,2.091146878766394934e+00,1.161432064365052241e+01
1.561656165616561509e+00,2.082672837438817481e+00,1.161066416607324037e+01
1.563156315631563098e+00,2.074205344263444495e+00,1.160698749271399777e+01
1.564656465646564465e+00,2.065744415197719341e+00,1.160329053017398238e+01
1.566156615661566054e+00,2.057290066284774177e+00,1.159957318480337207e+01
1.567656765676567643e+00,2.048842313653437053e+00,1.159583536270134196e+01
1.569156915691569010e+00,2.040401173518231026e+00,1.159207696971606616e+01
1.570657065706570599e+00,2.031966662179369720e+00,1.158829791144470711e+01
1.572157215721571966e+00,2.023538796022764430e+00,1.158449809323342805e+01
1.573657365736573555e+00,2.015117591520017903e+00,1.158067742017738411e+01
1.575157515751575144e+00,2.006703065228426119e+00,1.157683579712072941e+01
1.576657665766576510e+00,1.998295233790980951e+00,1.157297312865660999e+01
1.578157815781578099e+00,1.989894113936365727e+00,1.156908931912717087e+01
1.579657965796579466e+00,1.981499722478961445e+00,1.156518427262354898e+01
1.581158115811581055e+00,1.973112076318837005e+00,1.156125789298587669e+01
1.582658265826582644e+00,1.964731192441760754e+00,1.155731008380328539e+01
1.584158415841584011e+00,1.956357087919194271e+00,1.155334074841389835e+01
1.585658565856585600e+00,1.947989779908287922e+00,1.154934978990483430e+01
1.587158715871586967e+00,1.939629285651891522e+00,1.154533711111221095e+01
1.588658865886588556e+00,1.931275622478544562e+00,1.154130261462113616e+01
1.590159015901590145e+00,1.922928807802484208e+00,1.153724620276571855e+01
1.591659165916591512e+00,1.914588859123639963e+00,1.153316777762905865e+01
1.593159315931593101e+00,1.906255794027633677e+00,1.152906724104325065e+01
1.594659465946594468e+00,1.897929630185783978e+00,1.152494449458938952e+01
1.596159615961596057e+00,1.889610385355095623e+00,1.152079943959756037e+01
1.597659765976597646e+00,1.881298077378279920e+00,1.151663197714684728e+01
1.599159915991599012e+00,1.872992724183731639e+00,1.151244200806532980e+01
1.600660066006600601e+00,1.864694343785543218e+00,1.150822943293007938e+01
1.602160216021601968e+00,1.856402954283502105e+00,1.150399415206716469e+01
1.603660366036603557e+00,1.848118573863085423e+00,1.149973606555165162e+01
1.605160516051605146e+00,1.839841220795467969e+00,1.149545507320759796e+01
1.606660666066606513e+00,1.831570913437519543e+00,1.149115107460806051e+01
1.608160816081608102e+00,1.823307670231796074e+00,1.148682396907508974e+01
1.609660966096609469e+00,1.815051509706557376e+00,1.148247365567972977e+01
1.611161116111611058e+00,1.806802450475751165e+00,1.147810003324202199e+01
1.612661266126612647e+00,1.798560511239016613e+00,1.147370300033100143e+01
1.614161416141614014e+00,1.790325710781695001e+00,1.146928245526470569e+01
1.615661566156615603e+00,1.782098067974813738e+00,1.146483829611015537e+01
1.617161716171616970e+00,1.773877601775099677e+00,1.146037042068337719e+01
1.618661866186618559e+00,1.765664331224966688e+00,1.145587872654938799e+01
1.620162016201620148e+00,1.757458275452530749e+00,1.145136311102220006e+01
1.621662166216621515e+00,1.749259453671595743e+00,1.144682347116482291e+01
1.623162316231623103e+00,1.741067885181659669e+00,1.144225970378926149e+01
1.624662466246624470e+00,1.732883589367919086e+00,1.143767170545651624e+01
1.626162616261626059e+00,1.724706585701256678e+00,1.143305937247657766e+01
1.627662766276627648e+00,1.716536893738257241e+00,1.142842260090843887e+01
1.629162916291629015e+00,1.708374533121195249e+00,1.142376128656008660e+01
1.630663066306630604e+00,1.700219523578035741e+00,1.141907532498849953e+01
1.632163216321631971e+00,1.692071884922446756e+00,1.141436461149965709e+01
1.633663366336633560e+00,1.683931637053778019e+00,1.140962904114852527e+01
1.635163516351635149e+00,1.675798799957084029e+00,1.140486850873907620e+01
1.636663666366636516e+00,1.667673393703108964e+00,1.140008290882427211e+01
1.638163816381638105e+00,1.659555438448289344e+00,1.139527213570606889e+01
1.639663966396639472e+00,1.651444954434756696e+00,1.139043608343541969e+01
1.641164116411641061e+00,1.643341961990333999e+00,1.138557464581227485e+01
1.642664266426642650e+00,1.635246481528543683e+00,1.138068771638557486e+01
1.644164416441644017e+00,1.627158533548598740e+00,1.137577518845326452e+01
1.645664566456645606e+00,1.619078138635402730e+00,1.137083695506227343e+01
1.647164716471646972e+00,1.611005317459561326e+00,1.136587290900853375e+01
1.648664866486648561e+00,1.602940090777366322e+00,1.136088294283697131e+01
1.650165016501650150e+00,1.594882479430803635e+00,1.135586694884150560e+01
1.651665166516651517e+00,1.586832504347560402e+00,1.135082481906505514e+01
1.653165316531653106e+00,1.578790186541008111e+00,1.134575644529953031e+01
1.654665466546654473e+00,1.570755547110220363e+00,1.134066171908583698e+01
1.656165616561656062e+00,1.562728607239956879e+00,1.133554053171387643e+01
1.657665766576657651e+00,1.554709388200678610e+00,1.133039277422254898e+01
1.659165916591659018e+00,1.546697911348534404e+00,1.132521833739974682e+01
1.660666066606660607e+00,1.538694198125370782e+00,1.132001711178235936e+01
1.662166216621661974e+00,1.530698270058726607e+00,1.131478898765626795e+01
1.663666366636663563e+00,1.522710148761833970e+00,1.130953385505635289e+01
1.665166516651665152e+00,1.514729855933619085e+00,1.130425160376648996e+01
1.666666666666666519e+00,1.506757413358704056e+00,1.129894212331954684e+01
1.668166816681668108e+00,1.498792842907400669e+00,1.129360530299739018e+01
1.669666966696669475e+00,1.490836166535721041e+00,1.128824103183088212e+01
1.671167116711671063e+00,1.482887406285362530e+00,1.128284919859987490e+01
1.672667266726672652e+00,1.474946584283721052e+00,1.127742969183322153e+01
1.674167416741674019e+00,1.467013722743891080e+00,1.127198239980877048e+01
1.675667566756675608e+00,1.459088843964651439e+00,1.126650721055336213e+01
1.677167716771676975e+00,1.451171970330480399e+00,1.126100401184283584e+01
1.678667866786678564e+00,1.443263124311549461e+00,1.125547269120202110e+01
1.680168016801680153e+00,1.435362328463722470e+00,1.124991313590474817e+01
1.681668166816681520e+00,1.427469605428559163e+00,1.124432523297384279e+01
1.683168316831683109e+00,1.419584977933311620e+00,1.123870886918111900e+01
1.684668466846684476e+00,1.411708468790927817e+00,1.123306393104739698e+01
1.686168616861686065e+00,1.403840100900043630e+00,1.122739030484248168e+01
1.687668766876687654e+00,1.395979897244996160e+00,1.122168787658517886e+01
1.689168916891689021e+00,1.388127880895813071e+00,1.121595653204329324e+01
1.690669066906690610e+00,1.380284075008217037e+00,1.121019615673361436e+01
1.692169216921691977e+00,1.372448502823621297e+00,1.120440663592193964e+01
1.693669366936693566e+00,1.364621187669135871e+00,1.119858785462304951e+01
1.695169516951695154e+00,1.356802152957562235e+00,1.119273969760073051e+01
1.696669666966696521e+00,1.348991422187401312e+00,1.118686204936775930e+01
1.698169816981698110e+00,1.341189018942841038e+00,1.118095479418590799e+01
1.699669966996699477e+00,1.333394966893766131e+00,1.117501781606594413e+01
1.701170117011701066e+00,1.325609289795755430e+00,1.116905099876763252e+01
1.702670267026702655e+00,1.317832011490081001e+00,1.116305422579972983e+01
1.704170417041704022e+00,1.310063155903709919e+00,1.115702738041999176e+01
1.705670567056705611e+00,1.302302747049298937e+00,1.115097034563516765e+01
1.707170717071706978e+00,1.294550809025206917e+00,1.114488300420100231e+01
1.708670867086708567e+00,1.286807366015475296e+00,1.113876523862223777e+01
1.710171017101710156e+00,1.279072442289849398e+00,1.113261693115260620e+01
1.711671167116711523e+00,1.271346062203766003e+00,1.112643796379484229e+01
1.713171317131713112e+00,1.263628250198348901e+00,1.112022821830066910e+01
1.714671467146714479e+00,1.255919030800425773e+00,1.111398757617081223e+01
1.716171617161716068e+00,1.248218428622510423e+00,1.110771591865498564e+01
1.717671767176717657e+00,1.240526468362813439e+00,1.110141312675190228e+01
1.719171917191719023e+00,1.232843174805240416e+00,1.109507908120927233e+01
1.720672067206720612e+00,1.225168572819389290e+00,1.108871366252379786e+01
1.722172217221721979e+00,1.217502687360552116e+00,1.108231675094117641e+01
1.723672367236723568e+00,1.209845880681356567e+00,1.107588234729445098e+01
1.725172517251725157e+00,1.202199023034886238e+00,1.106939570840645537e+01
1.726672667266726524e+00,1.194562171142309115e+00,1.106285638554461492e+01
1.728172817281728113e+00,1.186935342440248675e+00,1.105626462289841960e+01
1.729672967296729480e+00,1.179318556557762188e+00,1.104962063199187838e+01
1.731173117311731069e+00,1.171711835316332273e+00,1.104292459168351215e+01
1.732673267326732658e+00,1.164115202729874676e+00,1.103617664816636790e+01
1.734173417341734025e+00,1.156528685004733825e+00,1.102937691496800454e+01
1.735673567356735614e+00,1.148952310539681054e+00,1.102252547295050000e+01
1.737173717371736981e+00,1.141386109925921044e+00,1.101562237031045299e+01
1.738673867386738570e+00,1.133830115947083828e+00,1.100866762257897591e+01
1.740174017401740159e+00,1.126284363579232339e+00,1.100166121262170194e+01
1.741674167416741525e+00,1.118748889990858641e+00,1.099460309063878327e+01
1.743174317431743114e+00,1.111223734542881036e+00,1.098749317416488580e+01
1.744674467446744481e+00,1.103708938788652283e+00,1.098033134806919620e+01
1.746174617461746070e+00,1.096204546473949382e+00,1.097311746455541837e+01
1.747674767476747659e+00,1.088710603536982902e+00,1.096585134316177346e+01
1.749174917491749026e+00,1.081227158108391873e+00,1.095853277076100341e+01
1.750675067506750615e+00,1.073754260511242897e+00,1.095116150156036383e+01
1.752175217521751982e+00,1.066291963261035036e+00,1.094373725710163292e+01
1.753675367536753571e+00,1.058840321065693146e+00,1.093625972626110077e+01
1.755175517551755160e+00,1.051399390825575431e+00,1.092872856524958003e+01
1.756675667566756527e+00,1.043969231633468109e+00,1.092114339761240238e+01
1.758175817581758116e+00,1.036549904774584974e+00,1.091350381422941140e+01
1.759675967596759483e+00,1.029141473726572942e+00,1.090580937331497324e+01
1.761176117611761072e+00,1.021744004159504282e+00,1.089805960041797128e+01
1.762676267626762661e+00,1.014357563935883721e+00,1.089025398842180792e+01
1.764176417641764028e+00,1.006982223110646224e+00,1.088239199754439923e+01
1.765676567656765616e+00,9.996180539311518842e-01,1.087447305533818387e+01
1.767176717671766983e+00,9.922651308371954748e-01,1.086649655669011594e+01
1.768676867686768572e+00,9.849235304609966768e-01,1.085846186382166501e+01
1.770177017701770161e+00,9.775933316272076290e-01,1.085036830628882498e+01
1.771677167716771528e+00,9.702746153529104856e-01,1.084221518098210524e+01
1.773177317731773117e+00,9.629674648476129750e-01,1.083400175212652883e+01
1.774677467746774484e+00,9.556719655132572822e-01,1.082572725128164137e+01
1.776177617761776073e+00,9.483882049442100559e-01,1.081739087734150218e+01
1.777677767776777662e+00,9.411162729272715133e-01,1.080899179653469311e+01
1.779177917791779029e+00,9.338562614416705543e-01,1.080052914242431505e+01
1.780678067806780618e+00,9.266082646590629857e-01,1.079200201590797725e+01
1.782178217821781985e+00,9.193723789435377380e-01,1.078340948521781861e+01
1.783678367836783574e+00,9.121487028516093165e-01,1.077475058592048640e+01
1.785178517851785163e+00,9.049373371322251280e-01,1.076602432091715400e+01
1.786678667866786530e+00,8.977383847267614847e-01,1.075722966044350670e+01
1.788178817881788119e+00,8.905519507690216052e-01,1.074836554206974881e+01
1.789678967896789485e+00,8.833781425852419433e-01,1.073943087070060542e+01
1.791179117911791074e+00,8.762170696940843051e-01,1.073042451857531354e+01
1.792679267926792663e+00,8.690688438066433985e-01,1.072134532526763628e+01
1.794179417941794030e+00,8.619335788264432807e-01,1.071219209768584868e+01
1.795679567956795619e+00,8.548113908494341384e-01,1.070296361007274477e+01
1.797179717971796986e+00,8.477023981639999484e-01,1.069365860400563939e+01
1.798679867986798575e+00,8.406067212509502617e-01,1.068427578839635927e+01
1.800180018001800164e+00,8.335244827835266435e-01,1.067481383949125551e+01
1.801680168016801531e+00,8.264558076274010068e-01,1.066527140087119463e+01
1.803180318031803120e+00,8.194008228406706174e-01,1.065564708345155864e+01
1.804680468046804487e+00,8.123596576738671970e-01,1.064593946548225034e+01
1.806180618061806076e+00,8.053324435699473760e-01,1.063614709254768975e+01
1.807680768076807665e+00,7.983193141643004642e-01,1.062626847756681414e+01
1.809180918091809032e+00,7.913204052847451209e-01,1.061630210079308334e+01
1.810681068106810621e+00,7.843358549515269118e-01,1.060624640981446376e+01
1.812181218121811987e+00,7.773658033773241938e-01,1.059609981955345148e+01
1.813681368136813576e+00,7.704103929672414530e-01,1.058586071226705450e+01
1.815181518151815165e+00,7.634697683188151895e-01,1.057552743754680158e+01
1.816681668166816532e+00,7.565440762220116966e-01,1.056509831231873697e+01
1.818181818181818121e+00,7.496334656592236190e-01,1.055457162084342215e+01
1.819681968196819488e+00,7.427380878052768365e-01,1.054394561471594116e+01
1.821182118211821077e+00,7.358580960274232474e-01,1.053321851286589173e+01
1.822682268226822666e+00,7.289936458853467638e-01,1.052238850155738703e+01
1.824182418241824033e+00,7.221448951311613129e-01,1.051145373438906994e+01
1.825682568256825622e+00,7.153120037094065076e-01,1.050041233229408455e+01
1.827182718271826989e+00,7.084951337570559726e-01,1.048926238354010643e+01
1.828682868286828578e+00,7.016944496035090184e-01,1.047800194372932125e+01
1.830183018301830167e+00,6.949101177705966359e-01,1.046662903579843551e+01
1.831683168316831534e+00,6.881423069725801644e-01,1.045514165001867646e+01
1.833183318331833123e+00,6.813911881161470729e-01,1.044353774399578150e+01
1.834683468346834490e+00,6.746569343004180652e-01,1.043181524267001592e+01
1.836183618361836078e+00,6.679397208169395306e-01,1.041997203831615337e+01
1.837683768376837667e+00,6.612397251496907602e-01,1.040800599054349007e+01
1.839183918391839034e+00,6.545571269750796173e-01,1.039591492629584124e+01
1.840684068406840623e+00,6.478921081619415379e-01,1.038369663985153757e+01
1.842184218421841990e+00,6.412448527715443047e-01,1.037134889282343053e+01
1.843684368436843579e+00,6.346155470575818303e-01,1.035886941415888174e+01
1.845184518451845168e+00,6.280043794661808176e-01,1.034625590013978247e+01
1.846684668466846535e+00,6.214115406358964311e-01,1.033350601438253413e+01
1.848184818481848124e+00,6.148372233977115187e-01,1.032061738783805538e+01
1.849684968496849491e+00,6.082816227750413862e-01,1.030758761879178920e+01
1.851185118511851080e+00,6.017449359837274692e-01,1.029441427286368871e+01
1.852685268526852669e+00,5.952273624320434386e-01,1.028109488300823138e+01
1.854185418541854036e+00,5.887291037206923150e-01,1.026762694951440835e+01
1.855685568556855625e+00,5.822503636428039142e-01,1.025400794000572979e+01
1.857185718571856992e+00,5.757913481839412873e-01,1.024023528944022665e+01
1.858685868586858581e+00,5.693522655220931705e-01,1.022630640011044179e+01
1.860186018601860169e+00,5.629333260276806472e-01,1.021221864164344062e+01
1.861686168616861536e+00,5.565347422635541497e-01,1.019796935100080759e+01
1.863186318631863125e+00,5.501567289849906839e-01,1.018355583247863905e+01
1.864686468646864492e+00,5.437995031397011569e-01,1.016897535770755745e+01
1.866186618661866081e+00,5.374632838678213842e-01,1.015422516565269184e+01
1.867686768676867670e+00,5.311482925019196388e-01,1.013930246261370094e+01
1.869186918691869037e+00,5.248547525669940983e-01,1.012420442222475714e+01
1.870687068706870626e+00,5.185828897804695137e-01,1.010892818545454652e+01
1.872187218721871993e+00,5.123329320522032049e-01,1.009347086060628129e+01
1.873687368736873582e+00,5.061051094844790654e-01,1.007782952331768023e+01
1.875187518751875171e+00,4.998996543720130026e-01,1.006200121656099000e+01
1.876687668766876538e+00,4.937168012019499397e-01,1.004598295064297275e+01
1.878187818781878127e+00,4.875567866538622619e-01,1.002977170320490430e+01
1.879687968796879494e+00,4.814198495997551452e-01,1.001336441922258835e+01
1.881188118811881083e+00,4.753062311040590071e-01,9.996758011006329880e+00
1.882688268826882672e+00,4.692161744236380549e-01,9.979949358200967069e+00
1.884188418841884038e+00,4.631499250077839580e-01,9.962935307785851791e+00
1.885688568856885627e+00,4.571077304982170686e-01,9.945712674074849602e+00
1.887188718871886994e+00,4.510898407290891976e-01,9.928278238716350401e+00
1.888688868886888583e+00,4.450965077269793957e-01,9.910628750693252442e+00
1.890189018901890172e+00,4.391279857108976170e-01,9.892760926322981874e+00
1.891689168916891539e+00,4.331845310922844972e-01,9.874671449257482081e+00
1.893189318931893128e+00,4.272664024750068013e-01,9.856356970483203028e+00
1.894689468946894495e+00,4.213738606553640853e-01,9.837814108321129680e+00
1.896189618961896084e+00,4.155071686220825899e-01,9.819039448426746475e+00
1.897689768976897673e+00,4.096665915563203475e-01,9.800029543790071074e+00
1.899189918991899040e+00,4.038523968316644064e-01,9.780780914735633047e+00
1.900690069006900629e+00,3.980648540141294989e-01,9.761290048922475648e+00
1.902190219021901996e+00,3.923042348621625930e-01,9.741553401344170027e+00
1.903690369036903585e+00,3.865708133266374524e-01,9.721567394328793910e+00
1.905190519051905174e+00,3.808648860137795467e-01,9.701327410055412770e+00
1.906690669066906541e+00,3.751871634352875184e-01,9.680809491603278971e+00
1.908190819081908129e+00,3.695381607659781187e-01,9.660001619140677676e+00
1.909690969096909496e+00,3.639182444284106976e-01,9.638899298627816137e+00
1.911191119111911085e+00,3.583277859908772234e-01,9.617497646618506479e+00
1.912691269126912674e+00,3.527671621674077773e-01,9.595791390260199449e+00
1.914191419141914041e+00,3.472367548177685004e-01,9.573774867293961321e+00
1.915691569156915630e+00,3.417369509474589284e-01,9.551442026054475676e+00
1.917191719171916997e+00,3.362681427077176544e-01,9.528786425470059385e+00
1.918691869186918586e+00,3.308307273955160555e-01,9.505801235062637744e+00
1.920192019201920175e+00,3.254251074535636779e-01,9.482479234947769342e+00
1.921692169216921542e+00,3.200516904703059606e-01,9.458812815834633625e+00
1.923192319231923131e+00,3.147108891799218489e-01,9.434793979026025568e+00
1.924692469246924498e+00,3.094031214623292891e-01,9.410414336418371661e+00
1.926192619261926087e+00,3.041288103431790679e-01,9.385665110501708597e+00
1.927692769276927454e+00,2.988883839938608622e-01,9.360537134359709910e+00
1.929192919291929043e+00,2.936822757314971888e-01,9.335020851669655784e+00
1.930693069306930632e+00,2.885109240189486779e-01,9.309106316702461470e+00
1.932193219321931998e+00,2.833747724648119082e-01,9.282783194322663078e+00
1.933693369336933587e+00,2.782742698234170198e-01,9.256040759988406919e+00
1.935193519351934954e+00,2.732098699948330989e-01,9.228867899751477921e+00
1.936693669366936543e+00,2.681820320248619605e-01,9.201253110257269441e+00
1.938193819381938132e+00,2.631912201050437550e-01,9.173184498744802795e+00
1.939693969396939499e+00,2.582379035726543037e-01,9.144649783046730818e+00
1.941194119411941088e+00,2.533225569107032116e-01,9.115636291589305884e+00
1.942694269426942455e+00,2.484456597479388906e-01,9.086130963392429649e+00
1.944194419441944044e+00,2.436076968588425928e-01,9.056120348069599757e+00
1.945694569456945633e+00,2.388091581636338501e-01,9.025590605827954249e+00
1.947194719471947000e+00,2.340505387282678096e-01,8.994527507468252026e+00
1.948694869486948589e+00,2.293323387644335409e-01,8.962916434384862185e+00
1.950195019501949956e+00,2.246550636295586711e-01,8.930742378565792450e+00
1.951695169516951545e+00,2.200192238268040834e-01,8.897989942592655410e+00
1.953195319531953134e+00,2.154253350050683857e-01,8.864643339640696951e+00
1.954695469546954500e+00,2.108739179589863288e-01,8.830686393478789142e+00
1.956195619561956089e+00,2.063654986289263082e-01,8.796102538469412480e+00
1.957695769576957456e+00,2.019006081009953046e-01,8.760874819568682526e+00
1.959195919591959045e+00,1.974797826070335827e-01,8.724985892326325043e+00
1.960696069606960634e+00,1.931035635246192705e-01,8.688418022885699088e+00
1.962196219621962001e+00,1.887724973770662229e-01,8.651153087983786349e+00
1.963696369636963590e+00,1.844871358334224110e-01,8.613172574951175164e+00
1.965196519651964957e+00,1.802480357084741691e-01,8.574457581712096044e+00
1.966696669666966546e+00,1.760557589627411434e-01,8.534988816784384369e+00
1.968196819681968135e+00,1.719108727024807604e-01,8.494746599279510590e+00
1.969696969696969502e+00,1.678139491796863947e-01,8.453710858902567793e+00
1.971197119711971091e+00,1.637655657920762120e-01,8.411861135954648461e+00
1.972697269726972458e+00,1.597661824519954477e-01,8.369206353227843564e+00
1.974197419741974047e+00,1.558162678253414979e-01,8.325743850362366416e+00
1.975697569756975636e+00,1.519164004739700646e-01,8.281435607182908498e+00
1.977197719771977003e+00,1.480671381313779511e-01,8.236243674612401477e+00
1.978697869786978591e+00,1.442690177027013965e-01,8.190130174671994112e+00
1.980198019801979958e+00,1.405225552647200449e-01,8.143057300481107319e+00
1.981698169816981547e+00,1.368282460658524491e-01,8.094987316257372001e+00
1.983198319831983136e+00,1.331865645261599840e-01,8.045882557316680561e+00
1.984698469846984503e+00,1.295979642373451535e-01,7.995705430073163811e+00
1.986198619861986092e+00,1.260628779627499529e-01,7.944418412039173205e+00
1.987698769876987459e+00,1.225817176373596717e-01,7.891984051825330582e+00
1.989198919891989048e+00,1.191548743677986189e-01,7.838364969140464211e+00
1.990699069906990637e+00,1.157827184323338837e-01,7.783523854791669194e+00
1.992199219921992004e+00,1.124655992808735877e-01,7.727423470684278151e+00
1.993699369936993593e+00,1.092038455349655379e-01,7.670026649821841680e+00
1.995199519951994960e+00,1.059977649878006412e-01,7.611296296306182541e+00
1.996699669966996549e+00,1.028476446042090320e-01,7.551195385337329924e+00
1.998199819981998138e+00,9.975375052066340342e-02,7.489686963213578963e+00
1.999699969996999505e+00,9.671632804527754979e-02,7.426734147331464975e+00
2.001200120012001094e+00,9.373560165780511766e-02,7.362300126185735927e+00
2.002700270027002460e+00,9.081177500964258964e-02,7.296348159369417274e+00
2.004200420042004271e+00,8.794503092382550957e-02,7.228841577573728472e+00
2.005700570057005638e+00,8.513553139503345080e-02,7.159743782588193994e+00
2.007200720072007005e+00,8.238341758958465932e-02,7.089018247300521658e+00
2.008700870087008372e+00,7.968880984543932899e-02,7.016628515696679891e+00
2.010201020102010183e+00,7.705180767219806104e-02,6.942538202860854213e+00
2.011701170117011550e+00,7.447248975110487557e-02,6.866710994975533389e+00
2.013201320132012917e+00,7.195091393504264576e-02,6.789110649321385971e+00
2.014701470147014728e+00,6.948711724853538774e-02,6.709700994277314479e+00
2.016201620162016095e+00,6.708111588775053646e-02,6.628445929320534447e+00
2.017701770177017462e+00,6.473290522049433837e-02,6.545309425026431427e+00
2.019201920192019273e+00,6.244245978621439097e-02,6.460255523068626715e+00
2.020702070207020640e+00,6.020973329600133594e-02,6.373248336219059951e+00
2.022202220222022007e+00,5.803465863258498725e-02,6.284252048347834574e+00
2.023702370237023374e+00,5.591714785033699564e-02,6.193230914423317301e+00
2.025202520252025185e+00,5.385709217526947479e-02,6.100149260512092830e+00
2.026702670267026551e+00,5.185436200503756865e-02,6.004971483779060648e+00
2.028202820282027918e+00,4.990880690893573224e-02,5.907662052487284932e+00
2.029702970297029729e+00,4.802024095529211500e-02,5.808186009361697266e+00
2.031203120312031096e+00,4.618740727051963424e-02,5.706543805117062718e+00
2.032703270327032463e+00,4.440916488319730099e-02,5.602732714847159734e+00
2.034203420342034274e+00,4.268489477559082174e-02,5.496739847916874311e+00
2.035703570357035641e+00,4.101395146339010395e-02,5.388561944123090086e+00
2.037203720372037008e+00,3.939566299570615437e-02,5.278205373694501823e+00
2.038703870387038375e+00,3.782933095507316074e-02,5.165686137291737090e+00
2.040204020402040186e+00,3.631423045744750638e-02,5.051029866007292313e+00
2.041704170417041553e+00,3.484961015220957442e-02,4.934271821365669553e+00
2.043204320432042920e+00,3.343469222216104153e-02,4.815456895323174891e+00
2.044704470447044731e+00,3.206867238352629351e-02,4.694639610268011687e+00
2.046204620462046098e+00,3.075071988595358061e-02,4.571884119020396042e+00
2.047704770477047465e+00,2.947997751509067940e-02,4.447264205333075537e+00
2.049204920492049276e+00,2.825561814216543885e-02,4.320880555181196847e+00
2.050705070507050642e+00,2.707667093891119939e-02,4.192845260717230182e+00
2.052205220522052009e+00,2.594205996125408323e-02,4.063270002047244311e+00
2.053705370537053376e+00,2.485072769158624267e-02,3.932283806271395399e+00
2.055205520552055187e+00,2.380163503876520092e-02,3.800033047483845294e+00
2.056705670567056554e+00,2.279376133811506638e-02,3.666681446772924957e+00
2.058205820582057921e+00,2.182610435142467303e-02,3.532410072220894648e+00
2.059705970597059732e+00,2.089768026694857617e-02,3.397417338904061612e+00
2.061206120612061099e+00,2.000752369940781220e-02,3.261919008892901317e+00
2.062706270627062466e+00,1.915468768998825067e-02,3.126148191251818531e+00
2.064206420642064277e+00,1.833824370634146855e-02,2.990355342039264563e+00
2.065706570657065644e+00,1.755728164258544416e-02,2.854808264307859389e+00
2.067206720672067011e+00,1.681094443514501852e-02,2.719798950742777333e+00
2.068706870687068378e+00,1.609816765921312509e-02,2.585639724381545435e+00
2.070207020702070189e+00,1.541771785185334399e-02,2.452636641231378256e+00
2.071707170717071556e+00,1.476843589712823271e-02,2.321095391584281131e+00
2.073207320732072922e+00,1.414923889963093720e-02,2.191321421299457395e+00
2.074707470747074733e+00,1.355912018448583722e-02,2.063619931803430507e+00
2.076207620762076100e+00,1.299714929734904073e-02,1.938295880090153300e+00
2.077707770777077467e+00,1.246247200440732741e-02,1.815653978720782602e+00
2.079207920792079278e+00,1.195431029237871076e-02,1.695998695823795588e+00
2.080708070807080645e+00,1.147196236851285092e-02,1.579634255095092366e+00
2.082208220822082012e+00,1.101480266059015438e-02,1.466864635797783256e+00
2.083708370837083379e+00,1.058228181692238978e-02,1.357993572762331347e+00
2.085208520852085190e+00,1.017361450130962672e-02,1.253292966777703743e+00
2.086708670867086557e+00,9.787559012804928488e-03,1.152960633056034023e+00
2.088208820882087924e+00,9.423430630272943212e-03,1.057204814628477152e+00
2.089708970897089735e+00,9.080569053532711390e-03,9.661963565281084243e-01
2.091209120912091102e+00,8.758315561595363119e-03,8.800665719199198822e-01
2.092709270927092469e+00,8.456013012663514405e-03,7.989072421006589986e-01
2.094209420942094280e+00,8.173005844131593298e-03,7.227706164989153859e-01
2.095709570957095647e+00,7.908640072586067132e-03,6.516694126751819693e-01
2.097209720972097013e+00,7.662263293804942067e-03,5.855768163217200950e-01
2.098709870987098380e+00,7.433224682758099618e-03,5.244264812626510119e-01
2.100210021002100191e+00,7.220874993607153541e-03,4.681125294539163484e-01
2.101710171017101558e+00,7.024566559705690966e-03,4.164895509833438370e-01
2.103210321032102925e+00,6.843649426306692464e-03,3.693736205716113830e-01
2.104710471047104736e+00,6.677487128686391583e-03,3.265645749051178104e-01
2.106210621062106103e+00,6.525456279255919395e-03,2.878554341710976017e-01
2.107710771077107470e+00,6.386901987837552593e-03,2.530212135116891581e-01
2.109210921092109281e+00,6.261136052198495137e-03,2.218185705762867055e-01
2.110711071107110648e+00,6.147436958050978874e-03,1.939858055215629706e-01
2.112211221122112015e+00,6.045049854208688414e-03,1.692428612981386749e-01
2.113711371137113382e+00,5.953166899759517079e-03,1.473062046777674217e-01
2.115211521152115193e+00,5.871007045044766663e-03,1.279359215630208046e-01
2.116711671167116560e+00,5.797836477969168373e-03,1.109056434438787514e-01
2.118211821182117927e+00,5.732935722339170884e-03,9.599158545502269047e-02
2.119711971197119738e+00,5.675599637863014933e-03,8.297254637585566028e-02
2.121212121212121104e+00,5.625137420150778424e-03,7.162990863051109380e-02
2.122712271227122471e+00,5.580863387951062911e-03,6.174840905147758324e-02
2.124212421242124282e+00,5.542052598879288611e-03,5.314743279146460359e-02
2.125712571257125649e+00,5.508136239302706405e-03,4.569258003417721314e-02
2.127212721272127016e+00,5.478602012133087888e-03,3.925665222843095770e-02
2.128712871287128383e+00,5.452961738882960117e-03,3.371672924357433515e-02
2.130213021302130194e+00,5.430751359665589133e-03,2.895416936948480569e-02
2.131713171317131561e+00,5.411530933195008580e-03,2.485460931657421796e-02
2.133213321332132928e+00,5.394886238120436342e-03,2.131090080142120785e-02
2.134713471347134739e+00,5.380478007098421847e-03,1.825469231427392924e-02
2.136213621362136106e+00,5.368045815862853946e-03,1.563046748317676801e-02
2.137713771377137473e+00,5.357346426470593892e-03,1.338349881606904802e-02
2.139213921392139284e+00,5.348150057682430313e-03,1.146203873971455948e-02
2.140714071407140651e+00,5.340240384963090489e-03,9.817319599702776720e-03
2.142214221422142018e+00,5.333414847353909125e-03,8.403646064460354448e-03
2.143714371437143384e+00,5.327516599817155168e-03,7.187170837702571910e-03
2.145214521452145195e+00,5.322436711812665935e-03,6.145067976507425853e-03
2.146714671467146562e+00,5.318070809209604968e-03,5.254852252356252175e-03
2.148214821482147929e+00,5.314320719841877927e-03,4.495374647892562414e-03
2.149714971497149740e+00,5.311094473508135190e-03,3.846822356923147897e-03
2.151215121512151107e+00,5.308306302222824506e-03,3.290718844039417987e-03
2.152715271527152474e+00,5.305888072506546697e-03,2.812555678458757927e-03
2.154215421542154285e+00,5.303796364961062618e-03,2.403252696993103676e-03
2.155715571557155652e+00,5.301989237406021932e-03,2.053929117571787720e-03
2.157215721572157019e+00,5.300427234522072685e-03,1.756230380236973752e-03
2.158715871587158386e+00,5.299073387850863903e-03,1.502328147144157576e-03
2.160216021602160197e+00,5.297893215795045595e-03,1.284920302561977801e-03
2.161716171617161564e+00,5.296858054513267806e-03,1.097955022208917933e-03
2.163216321632162931e+00,5.295950858753706823e-03,9.378678483786654935e-04
2.164716471647164742e+00,5.295155502475283778e-03,8.012677141935741106e-04
2.166216621662166109e+00,5.294456691865998856e-03,6.849377463810124881e-04
2.167716771677167475e+00,5.293840011071786027e-03,5.858453516641638119e-04
2.169216921692169286e+00,5.293291922196519984e-03,5.011422167621685381e-04
2.170717071707170653e+00,5.292800278370545647e-03,4.282735756416616813e-04
2.172217221722172020e+00,5.292357919130564331e-03,3.657403430928650228e-04
2.173717371737173387e+00,5.291959091003027756e-03,3.123363744427365006e-04
2.175217521752175198e+00,5.291598146933220587e-03,2.668769224919804658e-04
2.176717671767176565e+00,5.291269682642468081e-03,2.282279917935470920e-04
2.178217821782177932e+00,5.290968536628141289e-03,1.953063386525518189e-04
2.179717971797179743e+00,5.290689790163650118e-03,1.670794711263239246e-04
2.181218121812181110e+00,5.290429435292260708e-03,1.427065604931068818e-04
2.182718271827182477e+00,5.290185582867548697e-03,1.217924345361171739e-04
2.184218421842184288e+00,5.289956395595464544e-03,1.039520436444935878e-04
2.185718571857185655e+00,5.289740051017750161e-03,8.880336324741087983e-05
2.187218721872187022e+00,5.289534749608180465e-03,7.596910651529853844e-05
2.188718871887188389e+00,5.289338714772565120e-03,6.507672435986245469e-05
2.190219021902190200e+00,5.289150192848746795e-03,5.575840543407676372e-05
2.191719171917191566e+00,5.288967520846127833e-03,4.766531980019738984e-05
2.193219321932192933e+00,5.288789986837644057e-03,4.064840821736943422e-05
2.194719471947194744e+00,5.288617218065947909e-03,3.462965691566584277e-05
2.196219621962196111e+00,5.288448759672501401e-03,2.951376150868831839e-05
2.197719771977197478e+00,5.288284127951349903e-03,2.519934769226767434e-05
2.199219921992199289e+00,5.288122810349126478e-03,2.157897124447023105e-05
2.200720072007200656e+00,5.287964265465048413e-03,1.853911802559998789e-05
2.202220222022202023e+00,5.287807923050918957e-03,1.596020397819223658e-05
2.203720372037203390e+00,5.287653184011128181e-03,1.371657512701800641e-05
2.205220522052205201e+00,5.287499567416039693e-03,1.170736700365299440e-05
2.206720672067206568e+00,5.287347126161586787e-03,9.943738675643121604e-06
2.208220822082207935e+00,5.287195844369385785e-03,8.422390553625071314e-06
2.209720972097209746e+00,5.287045669805536321e-03,7.132390321445942131e-06
2.211221122112211113e+00,5.286896525788904733e-03,6.057673072340684466e-06
2.212721272127212480e+00,5.286748311191124053e-03,5.177041308929817786e-06
2.214221422142214291e+00,5.286600900436594884e-03,4.464164943220834999e-06
2.215721572157215657e+00,5.286454143502483660e-03,3.887581296608574297e-06
2.217221722172217024e+00,5.286307865918723516e-03,3.410695099873979101e-06
2.218721872187218391e+00,5.286161868768015151e-03,2.991778493184959497e-06
2.220222022202220202e+00,5.286015930865333411e-03,2.584428305597295296e-06
2.221722172217221569e+00,5.285870048027820241e-03,2.187769263126081313e-06
2.223222322232222936e+00,5.285724339029967619e-03,1.826728458190417577e-06
2.224722472247224747e+00,5.285578837600350167e-03,1.508389749186381565e-06
2.226222622262226114e+00,5.285433565857817172e-03,1.237400001586502454e-06
2.227722772277227481e+00,5.285288534311485646e-03,1.015969087939192972e-06
2.229222922292229292e+00,5.285143741860749006e-03,8.438698878690983795e-07
2.230723072307230659e+00,5.284999175795270128e-03,7.184382880771818043e-07
2.232223222322232026e+00,5.284854811794983086e-03,6.345731823404222759e-07
2.233723372337233393e+00,5.284710613930095752e-03,5.847364715120322011e-07
2.235223522352235204e+00,5.284566534661088062e-03,5.589530635213912954e-07
2.236723672367236571e+00,5.284422514838709416e-03,5.448108733740741114e-07
2.238223822382237937e+00,5.284278483703983877e-03,5.274608231518017580e-07
2.239723972397239748e+00,5.284134358888204971e-03,4.896168420124711229e-07
2.241224122412241115e+00,5.283990081015680837e-03,4.188162960719415238e-07
2.242724272427242482e+00,5.283845755410280023e-03,3.371580083877527406e-07
2.244224422442244293e+00,5.283701426381590648e-03,2.539441406617121364e-07
2.245724572457245660e+00,5.283557120100348427e-03,1.746705144221097902e-07
2.247224722472247027e+00,5.283412858043393633e-03,1.038473367519157444e-07
2.248724872487248394e+00,5.283268656993672825e-03,4.499920028887947728e-08
2.250225022502250205e+00,5.283124529040235384e-03,6.650832254947517553e-10
2.251725172517251572e+00,5.282980481578234376e-03,-2.760165069095220988e-08
2.253225322532252939e+00,5.282836517308929156e-03,-3.923325215846261168e-08
2.254725472547254750e+00,5.282692634239682765e-03,-3.464758632026346243e-08
2.256225622562256117e+00,5.282548825683961932e-03,-1.524813276483303956e-08
2.257725772577257484e+00,5.282405080261338808e-03,1.657601447410615184e-08
2.259225922592259295e+00,5.282261381897488360e-03,5.745014691760167264e-08
2.260726072607260662e+00,5.282117709824192715e-03,1.030139416414172573e-07
2.262226222622262028e+00,5.281974038579335083e-03,1.479214612761075643e-07
2.263726372637263395e+00,5.281830338006905830e-03,1.858411540069722780e-07
2.265226522652265206e+00,5.281686573256998141e-03,2.094558535740687077e-07
2.266726672667266573e+00,5.281542704785810623e-03,2.104627792721891827e-07
2.268226822682267940e+00,5.281398692245449847e-03,1.803874934039211614e-07
2.269726972697269751e+00,5.281254548220541863e-03,1.218565360089030987e-07
2.271227122712271118e+00,5.281110317976184763e-03,4.437690211131298312e-08
2.272727272727272485e+00,5.280966042007542195e-03,-4.354290791010634412e-08
2.274227422742274296e+00,5.280821756230412271e-03,-1.343565444135139709e-07
2.275727572757275663e+00,5.280677491981226705e-03,-2.214798084938756231e-07
2.277227722772277030e+00,5.280533276017054280e-03,-2.992906519831280149e-07
2.278727872787278397e+00,5.280389130515598245e-03,-3.631291774500698734e-07
2.280228022802280208e+00,5.280245073075194584e-03,-4.092976382003992078e-07
2.281728172817281575e+00,5.280101116714818084e-03,-4.350604382766644459e-07
2.283228322832282942e+00,5.279957269874075397e-03,-4.386441324583466497e-07
2.284728472847284753e+00,5.279813536413209378e-03,-4.192374262617897407e-07
2.286228622862286119e+00,5.279669915613098216e-03,-3.769911759402490987e-07
2.287728772877287486e+00,5.279526402175254568e-03,-3.130183884838525979e-07
2.289228922892289297e+00,5.279382986221826425e-03,-2.293942216195927725e-07
2.290729072907290664e+00,5.279239653295595379e-03,-1.291559838114298362e-07
2.292229222922292031e+00,5.279096384359980090e-03,-1.630313426013747006e-08
2.293729372937293398e+00,5.278953155799032820e-03,1.042027170965967780e-07
2.295229522952295209e+00,5.278809939417442032e-03,2.264378095842323473e-07
2.296729672967296576e+00,5.278666702440529788e-03,3.435162317912346332e-07
2.298229822982297943e+00,5.278523407514253488e-03,4.475899215692858454e-07
2.299729972997299754e+00,5.278380012705206729e-03,5.298486660331625324e-07
2.301230123012301121e+00,5.278236471500616714e-03,5.805201015606868506e-07
2.302730273027302488e+00,5.278092732808345976e-03,5.888697137928691304e-07
2.304230423042303855e+00,5.277948740956891517e-03,5.432008376337977090e-07
2.305730573057305666e+00,5.277804483953658921e-03,4.409786383693039874e-07
2.307230723072307033e+00,5.277660059425843576e-03,3.026989176040402311e-07
2.308730873087308400e+00,5.277515545598372888e-03,1.448075856414880797e-07
2.310231023102310211e+00,5.277371010907023000e-03,-1.830715962073478190e-08
2.311731173117311577e+00,5.277226514426402830e-03,-1.742251698055752283e-07
2.313231323132312944e+00,5.277082105869950607e-03,-3.124943460568385611e-07
2.314731473147314755e+00,5.276937825589933864e-03,-4.246306390390220666e-07
2.316231623162316122e+00,5.276793704577452913e-03,-5.041180489372380421e-07
2.317731773177317489e+00,5.276649764462436505e-03,-5.464086254574144367e-07
2.319231923192318856e+00,5.276506017513645300e-03,-5.489224678261537143e-07
2.320732073207320667e+00,5.276362466638667530e-03,-5.110477247907529707e-07
2.322232223222322034e+00,5.276219105383925939e-03,-4.341405946192587790e-07
2.323732373237323401e+00,5.276075917934669110e-03,-3.215253251004020742e-07
2.325232523252325212e+00,5.275932879114981003e-03,-1.784942135435834354e-07
2.326732673267326579e+00,5.275789954387771416e-03,-1.230760677905011623e-08
2.328232823282327946e+00,5.275647099854782925e-03,1.678060988423693943e-07
2.329732973297329757e+00,5.275504262256588278e-03,3.506504574491467873e-07
2.331233123312331124e+00,5.275361378972589534e-03,5.230609736488778568e-07
2.332733273327332491e+00,5.275218378021020657e-03,6.699051025286131603e-07
2.334233423342333857e+00,5.275075178058945789e-03,7.740822496546342963e-07
2.335733573357335668e+00,5.274931688382257511e-03,8.165237710725262196e-07
2.337233723372337035e+00,5.274787808925681179e-03,7.761929733071126554e-07
2.338733873387338402e+00,5.274643496304276188e-03,6.439544249677607119e-07
2.340234023402340213e+00,5.274498923059632929e-03,4.560522598420416993e-07
2.341734173417341580e+00,5.274354206371288309e-03,2.371345085350575317e-07
2.343234323432342947e+00,5.274209444513132221e-03,7.875036735968221281e-09
2.344734473447344758e+00,5.274064722596799419e-03,-2.138211283537182659e-07
2.346234623462346125e+00,5.273920112571666916e-03,-4.128177980199325576e-07
2.347734773477347492e+00,5.273775673224852245e-03,-5.767476220364458980e-07
2.349234923492348859e+00,5.273631450181217803e-03,-6.960120886645988858e-07
2.350735073507350670e+00,5.273487475903366507e-03,-7.637815246533806719e-07
2.352235223522352037e+00,5.273343769691644402e-03,-7.759950952393660665e-07
2.353735373537353404e+00,5.273200337684138921e-03,-7.313608041468337012e-07
2.355235523552355215e+00,5.273057172856680623e-03,-6.313554935876374910e-07
2.356735673567356582e+00,5.272914255022843194e-03,-4.802248442613635472e-07
2.358235823582357948e+00,5.272771550833939974e-03,-2.849833753551535714e-07
2.359735973597359759e+00,5.272629013779029164e-03,-5.541444454374032497e-08
2.361236123612361126e+00,5.272486584184910355e-03,1.959297520103005908e-07
2.362736273627362493e+00,5.272344189216126263e-03,4.537281796569573632e-07
2.364236423642363860e+00,5.272201742874959261e-03,6.998909652585127704e-07
2.365736573657365671e+00,5.272059146001438316e-03,9.135593971896761067e-07
2.367236723672367038e+00,5.271916286273330317e-03,1.071105925337328756e-06
2.368736873687368405e+00,5.271773038206148745e-03,1.146134161100911124e-06
2.370237023702370216e+00,5.271629263153145006e-03,1.109478877392130365e-06
2.371737173717371583e+00,5.271484874719447808e-03,9.429549419151525411e-07
2.373237323732372950e+00,5.271340132522633719e-03,7.011329965460340664e-07
2.374737473747374761e+00,5.271195205463592541e-03,4.195556123732216660e-07
2.376237623762376128e+00,5.271050220354984474e-03,1.249162133137408019e-07
2.377737773777377495e+00,5.270905286731708897e-03,-1.597285119615447211e-07
2.379237923792378862e+00,5.270760496850912177e-03,-4.149586100275989192e-07
2.380738073807380673e+00,5.270615925691979863e-03,-6.249908627053500012e-07
2.382238223822382039e+00,5.270471630956541018e-03,-7.776787870614520351e-07
2.383738373837383406e+00,5.270327653068467358e-03,-8.645126354086643131e-07
2.385238523852385217e+00,5.270184015173872381e-03,-8.806193953055796650e-07
2.386738673867386584e+00,5.270040723141112236e-03,-8.247627895566951865e-07
2.388238823882387951e+00,5.269897765560785721e-03,-6.993432762124418846e-07
2.389738973897389762e+00,5.269755113745735152e-03,-5.103980485690790103e-07
2.391239123912391129e+00,5.269612721731042893e-03,-2.676010351689528277e-07
2.392739273927392496e+00,5.269470526274036559e-03,1.573710019983944697e-08
2.394239423942393863e+00,5.269328446854282949e-03,3.226689585032558862e-07
2.395739573957395674e+00,5.269186385673594111e-03,6.326104054614213418e-07
2.397239723972397041e+00,5.269044227656023878e-03,9.213405715482828090e-07
2.398739873987398408e+00,5.268901840447867864e-03,1.161001851992160209e-06
2.400240024002400219e+00,5.268759074417664334e-03,1.320099906775399105e-06
2.401740174017401586e+00,5.268615762656194204e-03,1.363503660634312364e-06
2.403240324032402953e+00,5.268471721084140580e-03,1.252467951437658082e-06
2.404740474047404764e+00,5.268327113966123597e-03,1.021537598966343146e-06
2.406240624062406130e+00,5.268182307758399220e-03,7.478298728722244540e-07
2.407740774077407497e+00,5.268037428755280131e-03,4.579444666741838412e-07
2.409240924092408864e+00,5.267892585825043571e-03,1.748110404465505046e-07
2.410741074107410675e+00,5.267747870409934807e-03,-8.231077918102964903e-08
2.412241224122412042e+00,5.267603356526163669e-03,-2.978313990232951068e-07
2.413741374137413409e+00,5.267459100763907144e-03,-4.598312593398336648e-07
2.415241524152415220e+00,5.267315142287307649e-03,-5.600608338347853318e-07
2.416741674167416587e+00,5.267171502834474758e-03,-5.939406296568215762e-07
2.418241824182417954e+00,5.267028186717483476e-03,-5.605611873993232036e-07
2.419741974197419765e+00,5.266885180822375098e-03,-4.626830811002101029e-07
2.421242124212421132e+00,5.266742454609157215e-03,-3.067369182421083233e-07
2.422742274227422499e+00,5.266599960111803709e-03,-1.028233397521796096e-07
2.424242424242423866e+00,5.266457631938254759e-03,1.352869799977852133e-07
2.425742574257425677e+00,5.266315387270415101e-03,3.901533331914589896e-07
2.427242724272427044e+00,5.266173125864158366e-03,6.406649785676655723e-07
2.428742874287428410e+00,5.266030730049321880e-03,8.620411414208552201e-07
2.430243024302430221e+00,5.265888064729710126e-03,1.025831013600825818e-06
2.431743174317431588e+00,5.265744977383094751e-03,1.099913753512611491e-06
2.433243324332432955e+00,5.265601298061211959e-03,1.048498486116810514e-06
2.434743474347434766e+00,5.265457050568921743e-03,8.765849114964680387e-07
2.436243624362436133e+00,5.265312638016565218e-03,6.690470533579918866e-07
2.437743774377437500e+00,5.265168167485865212e-03,4.484480685141790704e-07
2.439243924392438867e+00,5.265023721447228099e-03,2.321673341199537993e-07
2.440744074407440678e+00,5.264879369106714897e-03,3.478914630426321610e-08
2.442244224422442045e+00,5.264735166406043013e-03,-1.318972798296932690e-07
2.443744374437443412e+00,5.264591156022585365e-03,-2.588978102048208969e-07
2.445244524452445223e+00,5.264447367369368656e-03,-3.400133917699016019e-07
2.446744674467446590e+00,5.264303816595077706e-03,-3.718400524995745297e-07
2.448244824482447957e+00,5.264160506584049382e-03,-3.537689013944815154e-07
2.449744974497449768e+00,5.264017426956279534e-03,-2.879861284811277469e-07
2.451245124512451135e+00,5.263874554067416930e-03,-1.794730048120109371e-07
2.452745274527452501e+00,5.263731851008767587e-03,-3.600588246549363355e-08
2.454245424542453868e+00,5.263589267607292170e-03,1.318438054541223482e-07
2.455745574557455679e+00,5.263446740425605126e-03,3.107095448166689812e-07
2.457245724572457046e+00,5.263304192761979888e-03,4.844297404658925399e-07
2.458745874587458413e+00,5.263161534650342803e-03,6.340477162197771669e-07
2.460246024602460224e+00,5.263018662860275733e-03,7.378117148703513252e-07
2.461746174617461591e+00,5.262875460897017792e-03,7.711748981836440709e-07
2.463246324632462958e+00,5.262731800147245863e-03,7.070366576741392886e-07
2.464746474647464769e+00,5.262587799216117759e-03,5.703682938335827455e-07
2.466246624662466136e+00,5.262443671441074076e-03,4.061159367034816824e-07
2.467746774677467503e+00,5.262299494796730294e-03,2.307203477724797332e-07
2.469246924692468870e+00,5.262155336711085360e-03,5.839866411842448810e-08
2.470747074707470681e+00,5.262011254065521691e-03,-9.885560159171043329e-08
2.472247224722472048e+00,5.261867293194802571e-03,-2.312725611016436407e-07
2.473747374737473415e+00,5.261723489887076485e-03,-3.313059505660687234e-07
2.475247524752475226e+00,5.261579869383875389e-03,-3.936331305504747846e-07
2.476747674767476592e+00,5.261436446380112104e-03,-4.151550860311300309e-07
2.478247824782477959e+00,5.261293225024084655e-03,-3.949964263951968623e-07
2.479747974797479770e+00,5.261150198917471932e-03,-3.345053854406193231e-07
2.481248124812481137e+00,5.261007351115339764e-03,-2.372538213762339570e-07
2.482748274827482504e+00,5.260864654126132245e-03,-1.090372168216584225e-07
2.484248424842483871e+00,5.260722069911681273e-03,4.212532119264741471e-08
2.485748574857485682e+00,5.260579549887197011e-03,2.059910612254396099e-07
2.487248724872487049e+00,5.260437034921277427e-03,3.700936474244974388e-07
2.488748874887488416e+00,5.260294455335900489e-03,5.197430995269123421e-07
2.490249024902490227e+00,5.260151730906427632e-03,6.380258128589318591e-07
2.491749174917491594e+00,5.260008770861605495e-03,7.058045583358620078e-07
2.493249324932492961e+00,5.259865473883560717e-03,7.017184824623021243e-07
2.494749474947494772e+00,5.259721753451468071e-03,6.075216044299823244e-07
2.496249624962496139e+00,5.259577759091407442e-03,4.547080386616148972e-07
2.497749774977497506e+00,5.259433617880968602e-03,2.700752518140119753e-07
2.499249924992498872e+00,5.259289418121507360e-03,7.225208553366661805e-08
2.500750075007500683e+00,5.259145236596652652e-03,-1.225624107888208339e-07
2.502250225022502050e+00,5.259001138572297861e-03,-3.005989800185127893e-07
2.503750375037503417e+00,5.258857177796606892e-03,-4.505181572764864548e-07
2.505250525052505228e+00,5.258713396500010705e-03,-5.634102699396247230e-07
2.506750675067506595e+00,5.258569825395209910e-03,-6.327954376405512689e-07
2.508250825082507962e+00,5.258426483677170436e-03,-6.546235722678356380e-07
2.509750975097509773e+00,5.258283379023129603e-03,-6.272743779658297684e-07
2.511251125112511140e+00,5.258140507592591779e-03,-5.515573511347533297e-07
2.512751275127512507e+00,5.257997854027329256e-03,-4.307117804306490420e-07
2.514251425142513874e+00,5.257855391451382240e-03,-2.704067467653934756e-07
2.515751575157515685e+00,5.257713081471061464e-03,-7.874112330664157018e-08
2.517251725172517052e+00,5.257570874174942975e-03,1.337564245219364077e-07
2.518751875187518419e+00,5.257428708133873342e-03,3.541274390410026245e-07
2.520252025202520230e+00,5.257286510400965319e-03,5.669836703153959843e-07
2.521752175217521597e+00,5.257144196511601315e-03,7.545070761539123241e-07
2.523252325232522963e+00,5.257001670483431657e-03,8.964498221097191421e-07
2.524752475247524774e+00,5.256858824816375460e-03,9.701342814800929644e-07
2.526252625262526141e+00,5.256715540492618889e-03,9.504530353064038343e-07
2.527752775277527508e+00,5.256571719124245208e-03,8.166428708322037502e-07
2.529252925292528875e+00,5.256427532617373097e-03,6.049261104156904999e-07
2.530753075307530686e+00,5.256283142366926023e-03,3.493592011521997633e-07
2.532253225322532053e+00,5.256138670322030131e-03,7.568495512732623216e-08
2.533753375337533420e+00,5.255994222554456578e-03,-1.937053225630388703e-07
2.535253525352535231e+00,5.255849889258614599e-03,-4.397718338124761257e-07
2.536753675367536598e+00,5.255705744751556704e-03,-6.468262875038243622e-07
2.538253825382537965e+00,5.255561847472976084e-03,-8.025318995096238646e-07
2.539753975397539776e+00,5.255418239985207469e-03,-8.979033926918316655e-07
2.541254125412541143e+00,5.255274948973228007e-03,-9.273069969018026984e-07
2.542754275427542510e+00,5.255131985244654649e-03,-8.884604489804644990e-07
2.544254425442543877e+00,5.254989343729746763e-03,-7.824329927581785028e-07
2.545754575457545688e+00,5.254847003481405258e-03,-6.136453790547252222e-07
2.547254725472547054e+00,5.254704927675171722e-03,-3.898698656795215110e-07
2.548754875487548421e+00,5.254563063609228417e-03,-1.222302174313101260e-07
2.550255025502550232e+00,5.254421342704402621e-03,1.747982939017299463e-07
2.551755175517551599e+00,5.254279680504158820e-03,4.833888895416876639e-07
2.553255325532552966e+00,5.254137976674604776e-03,7.823632837214266665e-07
2.554755475547554777e+00,5.253996115004489799e-03,1.047191683684331165e-06
2.556255625562556144e+00,5.253853963405205607e-03,1.249992789684079363e-06
2.557755775577557511e+00,5.253711373910781995e-03,1.359533794985103391e-06
2.559255925592558878e+00,5.253568182677894639e-03,1.341230385862302801e-06
2.560756075607560689e+00,5.253424255422064169e-03,1.166731582384889641e-06
2.562256225622562056e+00,5.253279915319724984e-03,9.042096064255498507e-07
2.563756375637563423e+00,5.253135387151711654e-03,6.011191513329412978e-07
2.565256525652565234e+00,5.252990805574423924e-03,2.859022361695776344e-07
2.566756675667566601e+00,5.252846286310837269e-03,-1.699804226976167452e-08
2.568256825682567968e+00,5.252701926150499419e-03,-2.871375094586033103e-07
2.569756975697569779e+00,5.252557802949533831e-03,-5.080709131384558989e-07
2.571257125712571145e+00,5.252413975630637957e-03,-6.673519233186592387e-07
2.572757275727572512e+00,5.252270484183084974e-03,-7.565331322767779594e-07
2.574257425742573879e+00,5.252127349662719449e-03,-7.711660545583245421e-07
2.575757575757575690e+00,5.251984574191962546e-03,-7.108011269768027297e-07
2.577257725772577057e+00,5.251842140959810286e-03,-5.789877086137958300e-07
2.578757875787578424e+00,5.251700014221830949e-03,-3.832740808188729072e-07
2.580258025802580235e+00,5.251558139300168543e-03,-1.352074472095432535e-07
2.581758175817581602e+00,5.251416442583541067e-03,1.496660663284363498e-07
2.583258325832582969e+00,5.251274831527241380e-03,4.518014116414976420e-07
2.584758475847584780e+00,5.251133194653135466e-03,7.476546183080782420e-07
2.586258625862586147e+00,5.250991401549665906e-03,1.009682793638329739e-06
2.587758775877587514e+00,5.250849302871847535e-03,1.206344122674640102e-06
2.589258925892588881e+00,5.250706730341269182e-03,1.302097868191320697e-06
2.590759075907590692e+00,5.250563496746097139e-03,1.257404370694592209e-06
2.592259225922592059e+00,5.250419565249729061e-03,1.064472130761738052e-06
2.593759375937593425e+00,5.250275410105018081e-03,8.234364521896942073e-07
2.595259525952595236e+00,5.250131177628203707e-03,5.652121248671843298e-07
2.596759675967596603e+00,5.249986965803716404e-03,3.105071205298621228e-07
2.598259825982597970e+00,5.249842856987499418e-03,7.672670212615721990e-08
2.599759975997599781e+00,5.249698917907009640e-03,-1.220265761824694342e-07
2.601260126012601148e+00,5.249555199661215012e-03,-2.749528690213746002e-07
2.602760276027602515e+00,5.249411737720595383e-03,-3.745550398030925213e-07
2.604260426042603882e+00,5.249268551927144255e-03,-4.166386607270820839e-07
2.605760576057605693e+00,5.249125646494368774e-03,-4.003120127797803928e-07
2.607260726072607060e+00,5.248983010007284532e-03,-3.279860857346402516e-07
2.608760876087608427e+00,5.248840615422423368e-03,-2.053745781520990351e-07
2.610261026102610238e+00,5.248698420067829037e-03,-4.149389737952490210e-08
2.611761176117611605e+00,5.248556365643054604e-03,1.513368404485655167e-07
2.613261326132612972e+00,5.248414378219169382e-03,3.574958104108076040e-07
2.614761476147614783e+00,5.248272368238753732e-03,5.580584787988625477e-07
2.616261626162616150e+00,5.248130230515899927e-03,7.307976031172208295e-07
2.617761776177617516e+00,5.247987844236212153e-03,8.501832320835534258e-07
2.619261926192618883e+00,5.247845072956809111e-03,8.873827056285025905e-07
2.620762076207620694e+00,5.247701767156907025e-03,8.107994330565456850e-07
2.622262226222622061e+00,5.247558101413525404e-03,6.573038520247232373e-07
2.623762376237623428e+00,5.247414324793117472e-03,4.795224823013277876e-07
2.625262526252625239e+00,5.247270516000528823e-03,2.940975877887661876e-07
2.626762676267626606e+00,5.247126742519790839e-03,1.152989018225203602e-07
2.628262826282627973e+00,5.246983060614119829e-03,-4.497637282918759558e-08
2.629762976297629784e+00,5.246839515325917025e-03,-1.772035639652074696e-07
2.631263126312631151e+00,5.246696140476769452e-03,-2.742305299513672374e-07
2.632763276327632518e+00,5.246552958667449924e-03,-3.312776597207109706e-07
2.634263426342633885e+00,5.246409981277916183e-03,-3.459378727733310184e-07
2.635763576357635696e+00,5.246267208467310025e-03,-3.181766191763975480e-07
2.637263726372637063e+00,5.246124629173961641e-03,-2.503318795642049196e-07
2.638763876387638430e+00,5.245982221115383544e-03,-1.471141651381204409e-07
2.640264026402640241e+00,5.245839950788275773e-03,-1.560651766656266188e-08
2.641764176417641607e+00,5.245697773468523291e-03,1.347354905148335596e-07
2.643264326432642974e+00,5.245555633211194252e-03,2.920837565034580387e-07
2.644764476447644785e+00,5.245413462850545203e-03,4.422376468296139319e-07
2.646264626462646152e+00,5.245271184000015879e-03,5.686239974563754881e-07
2.647764776477647519e+00,5.245128707052233545e-03,6.522971137798713813e-07
2.649264926492648886e+00,5.244985931179007785e-03,6.719387706290805755e-07
2.650765076507650697e+00,5.244842749452477068e-03,6.049402205568789722e-07
2.652265226522652064e+00,5.244699273512300718e-03,4.748814326617710470e-07
2.653765376537653431e+00,5.244555659317328734e-03,3.147342739995141794e-07
2.655265526552655242e+00,5.244411986169105616e-03,1.412764614981687483e-07
2.656765676567656609e+00,5.244268323014749343e-03,-3.090487144051312248e-08
2.658265826582657976e+00,5.244124728446951378e-03,-1.894131749414011784e-07
2.659765976597659787e+00,5.243981250703977533e-03,-3.240424826558154039e-07
2.661266126612661154e+00,5.243837927669664500e-03,-4.267774117614244846e-07
2.662766276627662521e+00,5.243694786873422456e-03,-4.917931629624896465e-07
2.664266426642663887e+00,5.243551845490237659e-03,-5.154555204896912263e-07
2.665766576657665698e+00,5.243409110340665515e-03,-4.963208521001651999e-07
2.667266726672667065e+00,5.243266577890837513e-03,-4.351361090775352631e-07
2.668766876687668432e+00,5.243124234252456890e-03,-3.348388262318802214e-07
2.670267026702670243e+00,5.242982055182800367e-03,-2.005571218996990498e-07
2.671767176717671610e+00,5.242840006084718146e-03,-3.960969794408453447e-08
2.673267326732672977e+00,5.242698042006633044e-03,1.384941602455246963e-07
2.674767476747674788e+00,5.242556107642542228e-03,3.220545837532425279e-07
2.676267626762676155e+00,5.242414137332014612e-03,4.971811201365489064e-07
2.677767776777677522e+00,5.242272055060192594e-03,6.477927334266291809e-07
2.679267926792678889e+00,5.242129774457792921e-03,7.556178041281448756e-07
2.680768076807680700e+00,5.241987198801103219e-03,8.001941292192916055e-07
2.682268226822682067e+00,5.241844221011987201e-03,7.588689221517719713e-07
2.683768376837683434e+00,5.241700798830426465e-03,6.226844021028247655e-07
2.685268526852685245e+00,5.241557104401124018e-03,4.280296479771565229e-07
2.686768676867686612e+00,5.241413258014217952e-03,2.003672873534341775e-07
2.688268826882687978e+00,5.241269362564748846e-03,-3.852040657826488715e-08
2.689768976897689789e+00,5.241125507240973307e-03,-2.697527035610336505e-07
2.691269126912691156e+00,5.240981767524366570e-03,-4.773504162709144850e-07
2.692769276927692523e+00,5.240838205189619903e-03,-6.482359003173160020e-07
2.694269426942693890e+00,5.240694868304640597e-03,-7.722330542427307785e-07
2.695769576957695701e+00,5.240551791230555444e-03,-8.420673195228187896e-07
2.697269726972697068e+00,5.240408994621705528e-03,-8.533656805663423986e-07
2.698769876987698435e+00,5.240266485425650565e-03,-8.046566647152879065e-07
2.700270027002700246e+00,5.240124256883165431e-03,-6.973703422447304503e-07
2.701770177017701613e+00,5.239982288528244499e-03,-5.358383263630034091e-07
2.703270327032702980e+00,5.239840546188096436e-03,-3.272937732115071870e-07
2.704770477047704791e+00,5.239698981983148540e-03,-8.187138186474129405e-08
2.706270627062706158e+00,5.239557534327045872e-03,1.873926056694023684e-07
2.707770777077707525e+00,5.239416127926646918e-03,4.645604044501099815e-07
2.709270927092708892e+00,5.239274673782031398e-03,7.307926866033334128e-07
2.710771077107710703e+00,5.239133069186492457e-03,9.643485813219319881e-07
2.712271227122712070e+00,5.238991197726542738e-03,1.140585674865414252e-06
2.713771377137713436e+00,5.238848929281910913e-03,1.231960010560332847e-06
2.715271527152715247e+00,5.238706120025540813e-03,1.208026088800000274e-06
2.716771677167716614e+00,5.238562650998476906e-03,1.043595016672841231e-06
2.718271827182717981e+00,5.238418760708600172e-03,7.891068751398583180e-07
2.719771977197719792e+00,5.238274650266862287e-03,4.871424758199663119e-07
2.721272127212721159e+00,5.238130460584182468e-03,1.675495610518813872e-07
2.722772277227722526e+00,5.237986313584973123e-03,-1.438456928566928791e-07
2.724272427242723893e+00,5.237842312207137245e-03,-4.252386756287144131e-07
2.725772577257725704e+00,5.237698540402072750e-03,-6.588463430179433565e-07
2.727272727272727071e+00,5.237555063134668142e-03,-8.309072168086817104e-07
2.728772877287728438e+00,5.237411926383305980e-03,-9.316813848161955811e-07
2.730273027302730249e+00,5.237269157139858543e-03,-9.554505008864110951e-07
2.731773177317731616e+00,5.237126763409692166e-03,-9.005177848959895736e-07
2.733273327332732983e+00,5.236984734211667242e-03,-7.692080227523679778e-07
2.734773477347734794e+00,5.236843039578132145e-03,-5.678675663936411721e-07
2.736273627362736161e+00,5.236701630554931909e-03,-3.068643337888359383e-07
2.737773777377737527e+00,5.236560439201402156e-03,-5.878089375581873298e-10
2.739273927392738894e+00,5.236419378590369961e-03,3.325509581298058711e-07
2.740774077407740705e+00,5.236278342808156454e-03,6.701193513522118069e-07
2.742274227422742072e+00,5.236137206954574221e-03,9.856631886375718871e-07
2.743774377437743439e+00,5.235995827142929035e-03,1.248706721863363458e-06
2.745274527452745250e+00,5.235854040500017258e-03,1.424752636876249260e-06
2.746774677467746617e+00,5.235711665166129306e-03,1.475282053492009353e-06
2.748274827482747984e+00,5.235568500300614644e-03,1.357755704169806373e-06
2.749774977497749795e+00,5.235424726656515149e-03,1.110428775283865809e-06
2.751275127512751162e+00,5.235280759057623322e-03,8.211476120062741690e-07
2.752775277527752529e+00,5.235136727824787027e-03,5.175326842584284796e-07
2.754275427542753896e+00,5.234992744820015503e-03,2.232924612682133169e-07
2.755775577557755707e+00,5.234848903446480232e-03,-4.177658843013641181e-08
2.757275727572757074e+00,5.234705278648514939e-03,-2.617899969957294776e-07
2.758775877587758441e+00,5.234561926911615592e-03,-4.247752972814970094e-07
2.760276027602760252e+00,5.234418886262440403e-03,-5.226720228338823740e-07
2.761776177617761618e+00,5.234276176268810692e-03,-5.513317078928280474e-07
2.763276327632762985e+00,5.234133798039708289e-03,-5.105178873919498912e-07
2.764776477647764796e+00,5.233991734225279004e-03,-4.039060969583664761e-07
2.766276627662766163e+00,5.233849949016829151e-03,-2.390838729128748408e-07
2.767776777677767530e+00,5.233708388146829024e-03,-2.755075226976266264e-08
2.769276927692768897e+00,5.233566978888910294e-03,2.152817272630822633e-07
2.770777077707770708e+00,5.233425630057866873e-03,4.700900272842704921e-07
2.772277227722772075e+00,5.233284232009654917e-03,7.136386086986047263e-07
2.773777377737773442e+00,5.233142656641392824e-03,9.187799317175360491e-07
2.775277527752775253e+00,5.233000757391361238e-03,1.054454455858899756e-06
2.776777677767776620e+00,5.232858369239003909e-03,1.085690639946835946e-06
2.778277827782777987e+00,5.232715321968995498e-03,9.764150171200487429e-07
2.779777977797779798e+00,5.232571910149711771e-03,7.890285273526655777e-07
2.781278127812781165e+00,5.232428399597535522e-03,5.798619332893483901e-07
2.782778277827782532e+00,5.232284875979821039e-03,3.670816368473717944e-07
2.784278427842783898e+00,5.232141412036819643e-03,1.661129193283501487e-07
2.785778577857785709e+00,5.231998067581681428e-03,-1.036005858185815928e-08
2.787278727872787076e+00,5.231854889500457857e-03,-1.523942568129522955e-07
2.788778877887788443e+00,5.231711911752094830e-03,-2.527877559105029109e-07
2.790279027902790254e+00,5.231569155368440485e-03,-3.070797570357462060e-07
2.791779177917791621e+00,5.231426628454241730e-03,-3.135505819655839318e-07
2.793279327932792988e+00,5.231284326187140774e-03,-2.732216730926854566e-07
2.794779477947794799e+00,5.231142230817682065e-03,-1.898555934253763814e-07
2.796279627962796166e+00,5.231000311669307956e-03,-6.995602658777385340e-08
2.797779777977797533e+00,5.230858525138357834e-03,7.723222318036410008e-08
2.799279927992798900e+00,5.230716814694072458e-03,2.397232310235510094e-07
2.800780078007800711e+00,5.230575110878589624e-03,4.027899514706368667e-07
2.802280228022802078e+00,5.230433331306945897e-03,5.489642184346161669e-07
2.803780378037803445e+00,5.230291380667077480e-03,6.580367452129208751e-07
2.805280528052805256e+00,5.230149150719817612e-03,7.070571244872252919e-07
2.806780678067806623e+00,5.230006520298900903e-03,6.703338283234549467e-07
2.808280828082807989e+00,5.229863508571629648e-03,5.519181916653773984e-07
2.809780978097809800e+00,5.229720356852782769e-03,4.029628365230364067e-07
2.811281128112811167e+00,5.229577143863717824e-03,2.401693040965276388e-07
2.812781278127812534e+00,5.229433935310938419e-03,7.747862848350840501e-08
2.814281428142813901e+00,5.229290786931683165e-03,-7.328323947300869004e-08
2.815781578157815712e+00,5.229147744493918733e-03,-2.024054321847290684e-07
2.817281728172817079e+00,5.229004843796344199e-03,-3.022921653179312832e-07
2.818781878187818446e+00,5.228862110668388435e-03,-3.674627377936978354e-07
2.820282028202820257e+00,5.228719560970212718e-03,-3.945515317877575197e-07
2.821782178217821624e+00,5.228577200592708987e-03,-3.823080127305050118e-07
2.823282328232822991e+00,5.228435025457498116e-03,-3.315967293070485146e-07
2.824782478247824802e+00,5.228293021516935112e-03,-2.453973134571393481e-07
2.826282628262826169e+00,5.228151164754103047e-03,-1.288044803752930754e-07
2.827782778277827536e+00,5.228009421182817397e-03,1.097197148935999870e-08
2.829282928292828903e+00,5.227867746847626035e-03,1.646071604329830306e-07
2.830783078307830714e+00,5.227726087823804033e-03,3.206611214971075471e-07
2.832283228322832080e+00,5.227584380217360598e-03,4.655788064684282522e-07
2.833783378337833447e+00,5.227442550165035604e-03,5.836900838791055760e-07
2.835283528352835258e+00,5.227300513834297856e-03,6.572097390065797515e-07
2.836783678367836625e+00,5.227158177423348560e-03,6.662374738735449270e-07
2.838283828382837992e+00,5.227015444993397819e-03,5.904176185976186471e-07
2.839783978397839803e+00,5.226872405784203576e-03,4.486519139805595271e-07
2.841284128412841170e+00,5.226729195358550788e-03,2.697004645714446653e-07
2.842784278427842537e+00,5.226585905284924019e-03,7.300256240329235231e-08
2.844284428442843904e+00,5.226442615604382988e-03,-1.244496015519539467e-07
2.845784578457845715e+00,5.226299394830562564e-03,-3.081109373835109306e-07
2.847284728472847082e+00,5.226156299949672769e-03,-4.658834562415421155e-07
2.848784878487848449e+00,5.226013376420496175e-03,-5.881162703374888134e-07
2.850285028502850260e+00,5.225870658174393106e-03,-6.676055929438611265e-07
2.851785178517851627e+00,5.225728167615295572e-03,-6.995947383942132775e-07
2.853285328532852994e+00,5.225585915619714202e-03,-6.817741220832885578e-07
2.854785478547854805e+00,5.225443901536729573e-03,-6.142812604668806266e-07
2.856285628562856171e+00,5.225302113188001751e-03,-4.997007710619616235e-07
2.857785778577857538e+00,5.225160526867763354e-03,-3.430643724465568089e-07
2.859285928592858905e+00,5.225019107342820414e-03,-1.518508842598177253e-07
2.860786078607860716e+00,5.224877807852556719e-03,6.401377279806546977e-08
2.862286228622862083e+00,5.224736570108928606e-03,2.921565769655900419e-07
2.863786378637863450e+00,5.224595324296468432e-03,5.177574054203481555e-07
2.865286528652865261e+00,5.224453989072281972e-03,7.235490342788023044e-07
2.866786678667866628e+00,5.224312471566051885e-03,8.898171385961291397e-07
2.868286828682867995e+00,5.224170667380033384e-03,9.944002923666004762e-07
2.869786978697869806e+00,5.224028460589057697e-03,1.012689968523274602e-06
2.871287128712871173e+00,5.223885724621831449e-03,9.178173031721571234e-07
2.872787278727872540e+00,5.223742503853335759e-03,7.191626495849001420e-07
2.874287428742873907e+00,5.223598998846694895e-03,4.592890044319379585e-07
2.875787578757875718e+00,5.223455349729730531e-03,1.679622270885056339e-07
2.877287728772877085e+00,5.223311679351674321e-03,-1.287220131653989063e-07
2.878787878787878451e+00,5.223168093283162700e-03,-4.083382371455446914e-07
2.880288028802880262e+00,5.223024679816240350e-03,-6.521311557631869668e-07
2.881788178817881629e+00,5.222881509964358467e-03,-8.450156700248725353e-07
2.883288328832882996e+00,5.222738637462375627e-03,-9.755768710328778849e-07
2.884788478847884807e+00,5.222596098766556921e-03,-1.036070039984915268e-06
2.886288628862886174e+00,5.222453913054574820e-03,-1.022420648174153244e-06
2.887788778877887541e+00,5.222312082225509175e-03,-9.342243569893350474e-07
2.889288928892888908e+00,5.222170590899847219e-03,-7.747470179146799145e-07
2.890789078907890719e+00,5.222029406419480962e-03,-5.509246725298288688e-07
2.892289228922892086e+00,5.221888478847712400e-03,-2.733635525101449962e-07
2.893789378937893453e+00,5.221747740969249173e-03,4.365992037370096665e-08
2.895289528952895264e+00,5.221607108290205433e-03,3.821991342555707544e-07
2.896789678967896631e+00,5.221466479038104451e-03,7.206372871735233598e-07
2.898289828982897998e+00,5.221325734161872539e-03,1.033687387070413039e-06
2.899789978997899809e+00,5.221184737331848597e-03,1.292392251793559605e-06
2.901290129012901176e+00,5.221043334939772830e-03,1.464124509094541962e-06
2.902790279027902542e+00,5.220901356098797165e-03,1.512586596629695523e-06
2.904290429042903909e+00,5.220758612643478305e-03,1.397810761959763241e-06
2.905790579057905720e+00,5.220615204309852521e-03,1.140950166418079398e-06
2.907290729072907087e+00,5.220471529890731086e-03,8.266877917169988118e-07
2.908790879087908454e+00,5.220327744111884390e-03,4.879095270820723683e-07
2.910291029102910265e+00,5.220183980259932889e-03,1.529448763217431333e-07
2.911791179117911632e+00,5.220040350859506822e-03,-1.542893067158939408e-07
2.913291329132912999e+00,5.219896947673243609e-03,-4.142888181436971143e-07
2.914791479147914810e+00,5.219753841701786981e-03,-6.119621040351184005e-07
2.916291629162916177e+00,5.219611083183788719e-03,-7.366302604240915455e-07
2.917791779177917544e+00,5.219468701595906049e-03,-7.820270333053846060e-07
2.919291929192918911e+00,5.219326705652805112e-03,-7.462988186343430862e-07
2.920792079207920722e+00,5.219185083307158364e-03,-6.320046623269206429e-07
2.922292229222922089e+00,5.219043801749645439e-03,-4.461162602598260457e-07
2.923792379237923456e+00,5.218902807408954889e-03,-2.000179582703287830e-07
2.925292529252925267e+00,5.218762025951778974e-03,9.049324784372124470e-08
2.926792679267926633e+00,5.218621362282820607e-03,4.052077123235676168e-07
2.928292829282928000e+00,5.218480700544788145e-03,7.195031394500490482e-07
2.929792979297929811e+00,5.218339904118397127e-03,1.004344583543364337e-06
2.931293129312931178e+00,5.218198815622370271e-03,1.226284448962812539e-06
2.932793279327932545e+00,5.218057256913438344e-03,1.347462490107302243e-06
2.934293429342933912e+00,5.217915029086338426e-03,1.325605811415005349e-06
2.935793579357935723e+00,5.217772031490772525e-03,1.139316089420313062e-06
2.937293729372937090e+00,5.217628774085863314e-03,8.969437004298702381e-07
2.938793879387938457e+00,5.217485441190240596e-03,6.376710351258747216e-07
2.940294029402940268e+00,5.217342130220549434e-03,3.822151414899928835e-07
2.941794179417941635e+00,5.217198922802754497e-03,1.479351763646917401e-07
2.943294329432943002e+00,5.217055884772143527e-03,-5.116759454722331445e-08
2.944794479447944813e+00,5.216913066173324738e-03,-2.044497966823347051e-07
2.946294629462946180e+00,5.216770501260229419e-03,-3.046259466165238430e-07
2.947794779477947547e+00,5.216628208496110197e-03,-3.477684520652448232e-07
2.949294929492948913e+00,5.216486190553541041e-03,-3.333076118833281247e-07
2.950795079507950724e+00,5.216344434314418126e-03,-2.640316160650015745e-07
2.952295229522952091e+00,5.216202910869958964e-03,-1.460865457439964387e-07
2.953795379537953458e+00,5.216061575520704145e-03,1.102362680658640921e-08
2.955295529552955269e+00,5.215920367776513862e-03,1.944370381742631470e-07
2.956795679567956636e+00,5.215779211356573117e-03,3.879339338069467755e-07
2.958295829582958003e+00,5.215638014189385649e-03,5.719366680132901668e-07
2.959795979597959814e+00,5.215496668412778272e-03,7.235097039625042699e-07
2.961296129612961181e+00,5.215355050373900875e-03,8.163596136842383613e-07
2.962796279627962548e+00,5.215213020629222949e-03,8.208350780688597779e-07
2.964296429642963915e+00,5.215070473741855242e-03,7.145124376007660683e-07
2.965796579657965726e+00,5.214927708672809081e-03,5.609410207344343560e-07
2.967296729672967093e+00,5.214784870349863447e-03,3.909430357016574535e-07
2.968796879687968460e+00,5.214642028222146210e-03,2.192955254448242537e-07
2.970297029702970271e+00,5.214499241165875508e-03,5.852601322170163428e-08
2.971797179717971638e+00,5.214356557484370151e-03,-8.108749739441879386e-08
2.973297329732973004e+00,5.214214014908039214e-03,-1.915165225150120132e-07
2.974797479747974815e+00,5.214071640594388976e-03,-2.669820979361393401e-07
2.976297629762976182e+00,5.213929451128020316e-03,-3.039547791384153910e-07
2.977797779777977549e+00,5.213787452520629584e-03,-3.011546412871507010e-07
2.979297929792978916e+00,5.213645640211006863e-03,-2.595512792322429863e-07
2.980798079807980727e+00,5.213503999065037704e-03,-1.823638075081824384e-07
2.982298229822982094e+00,5.213362503375703998e-03,-7.506086033415209685e-08
2.983798379837983461e+00,5.213221116863080498e-03,5.463940838611085162e-08
2.985298529852985272e+00,5.213079792674337430e-03,1.967693250642776984e-07
2.986798679867986639e+00,5.212938473383740487e-03,3.391116964272691821e-07
2.988298829882988006e+00,5.212797090992651698e-03,4.671998095175160575e-07
2.989798979897989817e+00,5.212655566929525093e-03,5.643174316928092762e-07
2.991299129912991184e+00,5.212513812049911037e-03,6.114988106262449298e-07
2.992799279927992551e+00,5.212371726636455364e-03,5.875286743063875152e-07
2.994299429942993918e+00,5.212229280709990489e-03,4.860178078720221061e-07
2.995799579957995729e+00,5.212086653711258191e-03,3.451230685962933224e-07
2.997299729972997095e+00,5.211943933101602193e-03,1.834621298723405150e-07
2.998799879987998462e+00,5.211801190295882631e-03,1.623865830422521801e-08
3.000300030003000273e+00,5.211658486755009652e-03,-1.434627114193028316e-07
3.001800180018001640e+00,5.211515873985942543e-03,-2.846763765246556635e-07
3.003300330033003007e+00,5.211373393541687132e-03,-3.985557661536955415e-07
3.004800480048004818e+00,5.211231077021297523e-03,-4.783733413635570339e-07
3.006300630063006185e+00,5.211088946069876091e-03,-5.195205951266135556e-07
3.007800780078007552e+00,5.210947012378573488e-03,-5.195080523306196693e-07
3.009300930093008919e+00,5.210805277684586907e-03,-4.779652697786020307e-07
3.010801080108010730e+00,5.210663733771163549e-03,-3.966408361888661642e-07
3.012301230123012097e+00,5.210522362467597153e-03,-2.794023721950951422e-07
3.013801380138013464e+00,5.210381135649230604e-03,-1.322365303462132133e-07
3.015301530153015275e+00,5.210240015237454191e-03,3.675100489358857526e-08
3.016801680168016642e+00,5.210098953199705611e-03,2.173355171446593072e-07
3.018301830183018009e+00,5.209957891549472572e-03,3.971732581121926524e-07
3.019801980198019820e+00,5.209816762346288453e-03,5.618014475860785300e-07
3.021302130213021186e+00,5.209675487695735775e-03,6.946382734407529725e-07
3.022802280228022553e+00,5.209533979749444467e-03,7.769828916355066039e-07
3.024302430243023920e+00,5.209392140705094466e-03,7.880154262142719817e-07
3.025802580258025731e+00,5.209249865466547384e-03,7.053620805821675834e-07
3.027302730273027098e+00,5.209107194961857569e-03,5.376973946733498212e-07
3.028802880288028465e+00,5.208964281966609738e-03,3.175388542745563548e-07
3.030303030303030276e+00,5.208821245152245490e-03,7.016564605890074623e-08
3.031803180318031643e+00,5.208678188741555810e-03,-1.822207777829342710e-07
3.033303330333033010e+00,5.208535202508675875e-03,-4.204966995431458252e-07
3.034803480348034821e+00,5.208392361779089381e-03,-6.286161359965756436e-07
3.036303630363036188e+00,5.208249727429627683e-03,-7.936108384005376804e-07
3.037803780378037555e+00,5.208107345888466320e-03,-9.055902924952009763e-07
3.039303930393038922e+00,5.207965249135129357e-03,-9.577417185033218899e-07
3.040804080408040733e+00,5.207823454700489380e-03,-9.463300711303028605e-07
3.042304230423042100e+00,5.207681965666762294e-03,-8.706980395642229017e-07
3.043804380438043466e+00,5.207540770667513398e-03,-7.332660474758202367e-07
3.045304530453045277e+00,5.207399843887654776e-03,-5.395322530184174424e-07
3.046804680468046644e+00,5.207259145063444436e-03,-2.980725488281769349e-07
3.048304830483048011e+00,5.207118619482487172e-03,-2.054056202375591030e-08
3.049804980498049822e+00,5.206978197983736303e-03,2.783323457935782477e-07
3.051305130513051189e+00,5.206837796957489335e-03,5.807370785396253537e-07
3.052805280528052556e+00,5.206697318345394031e-03,8.657868056477933574e-07
3.054305430543053923e+00,5.206556649640441473e-03,1.109516962068738248e-06
3.055805580558055734e+00,5.206415663886972134e-03,1.284885248270523722e-06
3.057305730573057101e+00,5.206274219680673276e-03,1.361771630238381151e-06
3.058805880588058468e+00,5.206132161168577216e-03,1.306978339475066294e-06
3.060306030603060279e+00,5.205989400578378036e-03,1.101793733579430685e-06
3.061806180618061646e+00,5.205846232982844907e-03,8.090224250533112310e-07
3.063306330633063013e+00,5.205702853443461287e-03,4.702313413660619542e-07
3.064806480648064824e+00,5.205559414116968375e-03,1.178520531665698719e-07
3.066306630663066191e+00,5.205416045969232797e-03,-2.202004398910282926e-07
3.067806780678067557e+00,5.205272858775239660e-03,-5.205277091479817024e-07
3.069306930693068924e+00,5.205129941119101232e-03,-7.642478969405059136e-07
3.070807080708070735e+00,5.204987360394050001e-03,-9.369957165999227418e-07
3.072307230723072102e+00,5.204845162802444747e-03,-1.028922452452478362e-06
3.073807380738073469e+00,5.204703373355763600e-03,-1.034695959819653322e-06
3.075307530753075280e+00,5.204561995874610117e-03,-9.535006650179016560e-07
3.076807680768076647e+00,5.204421012988711542e-03,-7.890375653588236818e-07
3.078307830783078014e+00,5.204280386136915341e-03,-5.495242291490353426e-07
3.079807980798079381e+00,5.204140055567195271e-03,-2.476947956902306775e-07
3.081308130813081192e+00,5.203999940336647041e-03,9.920002472094375104e-08
3.082808280828082559e+00,5.203859938311488319e-03,4.693929507924440598e-07
3.084308430843083926e+00,5.203719926167060458e-03,8.366001302374680248e-07
3.085808580858085737e+00,5.203579759387829372e-03,1.170021139774143585e-06
3.087308730873087104e+00,5.203439272267382926e-03,1.434338985125237251e-06
3.088808880888088471e+00,5.203298277908430941e-03,1.589720101018736335e-06
3.090309030903090282e+00,5.203156568222807796e-03,1.591814351187460480e-06
3.091809180918091648e+00,5.203013958813795109e-03,1.401317410998247472e-06
3.093309330933093015e+00,5.202870914359556884e-03,1.117227280600095671e-06
3.094809480948094382e+00,5.202727734026307491e-03,8.033097453880591313e-07
3.096309630963096193e+00,5.202584544769582424e-03,4.866404467818718659e-07
3.097809780978097560e+00,5.202441454004323208e-03,1.901278756709361641e-07
3.099309930993098927e+00,5.202298549604881736e-03,-6.748662758624703819e-08
3.100810081008100738e+00,5.202155899905016798e-03,-2.716288731617497218e-07
3.102310231023102105e+00,5.202013553697895816e-03,-4.118918217580842233e-07
3.103810381038103472e+00,5.201871540236096582e-03,-4.820355846085710594e-07
3.105310531053105283e+00,5.201729869231603784e-03,-4.799874234770651234e-07
3.106810681068106650e+00,5.201588530855811611e-03,-4.078417506580486469e-07
3.108310831083108017e+00,5.201447495739522017e-03,-2.718601289766284471e-07
3.109810981098109384e+00,5.201306714972944722e-03,-8.247127178851835100e-08
3.111311131113111195e+00,5.201166120105700681e-03,1.457289570200262382e-07
3.112811281128112562e+00,5.201025623146817746e-03,3.939775430319290318e-07
3.114311431143113928e+00,5.200885116564732402e-03,6.393443212996881022e-07
3.115811581158115739e+00,5.200744473287288033e-03,8.547319763451903833e-07
3.117311731173117106e+00,5.200603546701740992e-03,1.008876042159515264e-06
3.118811881188118473e+00,5.200462170654751928e-03,1.066344902203329940e-06
3.120312031203120284e+00,5.200320159531430196e-03,9.875566393755803587e-07
3.121812181218121651e+00,5.200177693797009698e-03,8.109765631733448157e-07
3.123312331233123018e+00,5.200035128541346391e-03,6.123176370668033421e-07
3.124812481248124385e+00,5.199892545955971633e-03,4.091179862213091156e-07
3.126312631263126196e+00,5.199750015819144984e-03,2.162671462144092254e-07
3.127812781278127563e+00,5.199607595495862010e-03,4.600606303607019534e-08
3.129312931293128930e+00,5.199465329937846478e-03,-9.207290691167141763e-08
3.130813081308130741e+00,5.199323251683556427e-03,-1.910259968144929240e-07
3.132313231323132108e+00,5.199181380858179831e-03,-2.465580294457417737e-07
3.133813381338133475e+00,5.199039725173637203e-03,-2.570224171666132212e-07
3.135313531353135286e+00,5.198898279928581591e-03,-2.234211619260025181e-07
3.136813681368136653e+00,5.198757028008397715e-03,-1.494048552605932169e-07
3.138313831383138020e+00,5.198615939885199363e-03,-4.127267829479766599e-08
3.139813981398139386e+00,5.198474973617836330e-03,9.202759825921567255e-08
3.141314131413141197e+00,5.198334074851885742e-03,2.388996141015716692e-07
3.142814281428142564e+00,5.198193176819661601e-03,3.850984193445106497e-07
3.144314431443143931e+00,5.198052200340204376e-03,5.137304745126453639e-07
3.145814581458145742e+00,5.197911053819290542e-03,6.052536505428272603e-07
3.147314731473147109e+00,5.197769633249424773e-03,6.374772287840630534e-07
3.148814881488148476e+00,5.197627823052969331e-03,5.857416956072440711e-07
3.150315031503150287e+00,5.197485715998048129e-03,4.698222116100903374e-07
3.151815181518151654e+00,5.197343495182526162e-03,3.287780943278354511e-07
3.153315331533153021e+00,5.197201229473867243e-03,1.773120410129703339e-07
3.154815481548154388e+00,5.197058978421828859e-03,2.813757729342792049e-08
3.156315631563156199e+00,5.196916792258469975e-03,-1.080209428274831221e-07
3.157815781578157566e+00,5.196774711898143224e-03,-2.224283369709218518e-07
3.159315931593158933e+00,5.196632768937500119e-03,-3.083385943827594737e-07
3.160816081608160744e+00,5.196490985655489309e-03,-3.609948759334220037e-07
3.162316231623162111e+00,5.196349375013356586e-03,-3.776295141178808453e-07
3.163816381638163477e+00,5.196207940654644884e-03,-3.574640130557472333e-07
3.165316531653165288e+00,5.196066676905193409e-03,-3.017090484911766257e-07
3.166816681668166655e+00,5.195925568773141108e-03,-2.135644677929673826e-07
3.168316831683168022e+00,5.195784591948921470e-03,-9.821928995446102791e-08
3.169816981698169389e+00,5.195643712805266858e-03,3.714829440640354002e-08
3.171317131713171200e+00,5.195502888397206774e-03,1.833709230471439413e-07
3.172817281728172567e+00,5.195362066462066997e-03,3.292920621005579199e-07
3.174317431743173934e+00,5.195221185419471310e-03,4.617660060749850763e-07
3.175817581758175745e+00,5.195080174371339773e-03,5.656578778541661549e-07
3.177317731773177112e+00,5.194938953101892187e-03,6.238436286971569637e-07
3.178817881788178479e+00,5.194797432077642024e-03,6.172100382385344155e-07
3.180318031803180290e+00,5.194655532327943290e-03,5.288928280372864512e-07
3.181818181818181657e+00,5.194513354223081851e-03,3.802863915546528012e-07
3.183318331833183024e+00,5.194371013455811696e-03,1.960953509229211526e-07
3.184818481848184391e+00,5.194228601430096216e-03,-4.154880720048958680e-09
3.186318631863186202e+00,5.194086197952682560e-03,-2.034161705494965651e-07
3.187818781878187568e+00,5.193943871233094693e-03,-3.871176660535238981e-07
3.189318931893188935e+00,5.193801677883635136e-03,-5.431657950334556364e-07
3.190819081908190746e+00,5.193659662919385828e-03,-6.619442656036276766e-07
3.192319231923192113e+00,5.193517859758207261e-03,-7.363140661913158769e-07
3.193819381938193480e+00,5.193376290220741084e-03,-7.616134655369517327e-07
3.195319531953195291e+00,5.193234964530404028e-03,-7.356580126939502173e-07
3.196819681968196658e+00,5.193093881313393979e-03,-6.587405370288006260e-07
3.198319831983198025e+00,5.192953027598688244e-03,-5.336311482210182954e-07
3.199819981998199392e+00,5.192812378818041814e-03,-3.655772362631594263e-07
3.201320132013201203e+00,5.192671898805989103e-03,-1.623034714607543801e-07
3.202820282028202570e+00,5.192531539799843075e-03,6.598819556743154132e-08
3.204320432043203937e+00,5.192391242439695249e-03,3.066185338897723778e-07
3.205820582058205748e+00,5.192250935768417432e-03,5.444310322616161281e-07
3.207320732073207115e+00,5.192110537231659981e-03,7.617918991250557333e-07
3.208820882088208482e+00,5.191969952677850074e-03,9.385900626093535458e-07
3.210321032103210293e+00,5.191829076358196911e-03,1.052237170530687961e-06
3.211821182118211659e+00,5.191687790926686509e-03,1.077667590392090103e-06
3.213321332133213026e+00,5.191545967440084307e-03,9.873384093836796121e-07
3.214821482148214393e+00,5.191403603293837446e-03,7.806551198510305519e-07
3.216321632163216204e+00,5.191260902653502783e-03,5.012061436889182706e-07
3.217821782178217571e+00,5.191118023120390793e-03,1.826779500673606329e-07
3.219321932193218938e+00,5.190975103171009512e-03,-1.453306985348221971e-07
3.220822082208220749e+00,5.190832262157172097e-03,-4.573087231949923148e-07
3.222322232223222116e+00,5.190689600305997686e-03,-7.318327285464008954e-07
3.223822382238223483e+00,5.190547198719909668e-03,-9.515670027787528479e-07
3.225322532253225294e+00,5.190405119376638281e-03,-1.103263517637859425e-06
3.226822682268226661e+00,5.190263405129218015e-03,-1.177761928425572790e-06
3.228322832283228028e+00,5.190122079705989343e-03,-1.169989574000062786e-06
3.229822982298229395e+00,5.189981147710597854e-03,-1.078961476775607717e-06
3.231323132313231206e+00,5.189840594621994256e-03,-9.077803427225926533e-07
3.232823282328232573e+00,5.189700386794436973e-03,-6.636365613677366518e-07
3.234323432343233939e+00,5.189560471457486078e-03,-3.578082057937865498e-07
3.235823582358235750e+00,5.189420776716009362e-03,-5.661032639577529100e-09
3.237323732373237117e+00,5.189281211550179733e-03,3.733515178995587195e-07
3.238823882388238484e+00,5.189141665815476950e-03,7.556883220724230246e-07
3.240324032403240295e+00,5.189002010242682421e-03,1.113720572571674931e-06
3.241824182418241662e+00,5.188862096437886137e-03,1.415731778533471015e-06
3.243324332433243029e+00,5.188721756882483209e-03,1.625917765538121867e-06
3.244824482448244396e+00,5.188580804933172128e-03,1.704386675609683079e-06
3.246324632463246207e+00,5.188439034821959971e-03,1.607158967215964561e-06
3.247824782478247574e+00,5.188296455291794944e-03,1.336079968436048511e-06
3.249324932493248941e+00,5.188153560423738701e-03,9.967142664837117165e-07
3.250825082508250752e+00,5.188010534145052685e-03,6.283945877078039651e-07
3.252325232523252119e+00,5.187867523304089817e-03,2.625276739951658129e-07
3.253825382538253486e+00,5.187724651798804494e-03,-7.438792550442867061e-08
3.255325532553255297e+00,5.187582020576748248e-03,-3.607618543779074663e-07
3.256825682568256664e+00,5.187439707635073220e-03,-5.799119489486831296e-07
3.258325832583258030e+00,5.187297768020533023e-03,-7.200642382771684219e-07
3.259825982598259397e+00,5.187156233829478408e-03,-7.743529441604171687e-07
3.261326132613261208e+00,5.187015114207861599e-03,-7.408204811321920217e-07
3.262826282628262575e+00,5.186874395351234561e-03,-6.224174564630334927e-07
3.264326432643263942e+00,5.186734040504748129e-03,-4.270026701601985434e-07
3.265826582658265753e+00,5.186593989963152879e-03,-1.673431149675902814e-07
3.267326732673267120e+00,5.186454161070799991e-03,1.388860236339188963e-07
3.268826882688268487e+00,5.186314448221640387e-03,4.691013674269315723e-07
3.270327032703270298e+00,5.186174722859224727e-03,7.958113454573664900e-07
3.271827182718271665e+00,5.186034833476701675e-03,1.086616194034088189e-06
3.273327332733273032e+00,5.185894605616822237e-03,1.304207956729550325e-06
3.274827482748274399e+00,5.185753841871935423e-03,1.406370484379363262e-06
3.276327632763276210e+00,5.185612321883990850e-03,1.345979435082348915e-06
3.277827782778277577e+00,5.185470077233427302e-03,1.129774828858152930e-06
3.279327932793278944e+00,5.185327671971655394e-03,8.783584473504226816e-07
3.280828082808280755e+00,5.185185232559486566e-03,6.187872780298738164e-07
3.282328232823282121e+00,5.185042848720570335e-03,3.702613607187917272e-07
3.283828382838283488e+00,5.184900594394694154e-03,1.486033908874086347e-07
3.285328532853285299e+00,5.184758527737779940e-03,-3.374128034583129100e-08
3.286828682868286666e+00,5.184616691121888415e-03,-1.677046462141447702e-07
3.288328832883288033e+00,5.184475111135217369e-03,-2.475960443027372150e-07
3.289828982898289400e+00,5.184333798582100791e-03,-2.711021565485707484e-07
3.291329132913291211e+00,5.184192748483008005e-03,-2.392870092404090966e-07
3.292829282928292578e+00,5.184051940074548871e-03,-1.565919730188705291e-07
3.294329432943293945e+00,5.183911336809465982e-03,-3.083576287636941313e-08
3.295829582958295756e+00,5.183770886356642467e-03,1.267855618429100444e-07
3.297329732973297123e+00,5.183630520601096789e-03,3.016985974428172851e-07
3.298829882988298490e+00,5.183490155643983611e-03,4.759525958755276256e-07
3.300330033003300301e+00,5.183349691802594666e-03,6.282194647413862975e-07
3.301830183018301668e+00,5.183209013610359621e-03,7.337937672887980155e-07
3.303330333033303035e+00,5.183067989816844343e-03,7.645927224144841579e-07
3.304830483048304401e+00,5.182926481402469129e-03,6.908705144956604966e-07
3.306330633063306212e+00,5.182784687958415237e-03,5.553139016734751853e-07
3.307830783078307579e+00,5.182642812336274961e-03,4.013239722463611261e-07
3.309330933093308946e+00,5.182500920660735623e-03,2.430578581945384998e-07
3.310831083108310757e+00,5.182359069235335444e-03,9.257012863797783297e-08
3.312331233123312124e+00,5.182217304542471349e-03,-4.018721016346013550e-08
3.313831383138313491e+00,5.182075663243392895e-03,-1.473647148102969873e-07
3.315331533153315302e+00,5.181934172178204873e-03,-2.232155047632678002e-07
3.316831683168316669e+00,5.181792848365869043e-03,-2.640952623432885909e-07
3.318331833183318036e+00,5.181651699004200667e-03,-2.684622327315925804e-07
3.319831983198319403e+00,5.181510721469869372e-03,-2.368772239696291864e-07
3.321332133213321214e+00,5.181369903318400888e-03,-1.720036069590660343e-07
3.322832283228322581e+00,5.181229222284176178e-03,-7.860731546188075463e-08
3.324332433243323948e+00,5.181088646280429706e-03,3.644315389976374257e-08
3.325832583258325759e+00,5.180948133399252906e-03,1.641767416434807277e-07
3.327332733273327126e+00,5.180807631911589842e-03,2.935198254265248676e-07
3.328832883288328492e+00,5.180667080267242416e-03,4.112962200460226185e-07
3.330333033303330303e+00,5.180526407094866032e-03,5.022271774388390297e-07
3.331833183318331670e+00,5.180385531201970456e-03,5.489313866815206755e-07
3.333333333333333037e+00,5.180244361574920693e-03,5.319249739904575437e-07
3.334833483348334404e+00,5.180102854652569866e-03,4.418731424200219742e-07
3.336333633363336215e+00,5.179961160559414142e-03,3.108929842250377793e-07
3.337833783378337582e+00,5.179819366193743300e-03,1.575965295154514614e-07
3.339333933393338949e+00,5.179677541651009354e-03,-3.000694414505303628e-09
3.340834083408340760e+00,5.179535747482279934e-03,-1.579276377674011463e-07
3.342334233423342127e+00,5.179394034694233956e-03,-2.962577282424557672e-07
3.343834383438343494e+00,5.179252444749163353e-03,-4.091088710358222106e-07
3.345334533453345305e+00,5.179111009564973944e-03,-4.896434488404139106e-07
3.346834683468346672e+00,5.178969751515183698e-03,-5.330683218458675282e-07
3.348334833483348039e+00,5.178828683428924468e-03,-5.366348277386870523e-07
3.349834983498349406e+00,5.178687808590941126e-03,-4.996387817021385561e-07
3.351335133513351217e+00,5.178547120741591563e-03,-4.234204764162504085e-07
3.352835283528352583e+00,5.178406604076845818e-03,-3.113646820579130128e-07
3.354335433543353950e+00,5.178266233248287817e-03,-1.689006463007483631e-07
3.355835583558355761e+00,5.178125973363114504e-03,-3.502094315127620466e-09
3.357335733573357128e+00,5.177985779984135839e-03,1.753127712316276108e-07
3.358835883588358495e+00,5.177845599129774802e-03,3.559812701755585797e-07
3.360336033603360306e+00,5.177705367274067390e-03,5.248962448559164987e-07
3.361836183618361673e+00,5.177565011346662617e-03,6.664060601150094431e-07
3.363336333633363040e+00,5.177424448732823384e-03,7.628146032985122588e-07
3.364836483648364407e+00,5.177283587273423006e-03,7.943812842552549098e-07
3.366336633663366218e+00,5.177142325264952154e-03,7.393210353372491602e-07
3.367836783678367585e+00,5.177000616346114081e-03,5.876760200553932489e-07
3.369336933693368952e+00,5.176858594927761029e-03,3.682103412849006493e-07
3.370837083708370763e+00,5.176716394559762943e-03,1.095491429674586218e-07
3.372337233723372130e+00,5.176574133023985683e-03,-1.630617118651033282e-07
3.373837383738373497e+00,5.176431912664660427e-03,-4.276852288117162669e-07
3.375337533753375308e+00,5.176289820388379342e-03,-6.656932821018334984e-07
3.376837683768376674e+00,5.176147927664097315e-03,-8.617666145952252649e-07
3.378337833783378041e+00,5.176006290523131083e-03,-1.003894837782412640e-06
3.379837983798379408e+00,5.175864949559161841e-03,-1.083376431784366936e-06
3.381338133813381219e+00,5.175723929928230903e-03,-1.094818745352584247e-06
3.382838283828382586e+00,5.175583241348744035e-03,-1.036137995869088830e-06
3.384338433843383953e+00,5.175442878101467990e-03,-9.085592693464496303e-07
3.385838583858385764e+00,5.175302819029533978e-03,-7.166165204276913367e-07
3.387338733873387131e+00,5.175163027538432457e-03,-4.681525723865438354e-07
3.388838883888388498e+00,5.175023451596020944e-03,-1.743191171271048790e-07
3.390339033903390309e+00,5.174884023732514472e-03,1.504232848160514939e-07
3.391839183918391676e+00,5.174744661040495131e-03,4.883052042775293686e-07
3.393339333933393043e+00,5.174605265174903393e-03,8.182483434616812200e-07
3.394839483948394410e+00,5.174465722353045923e-03,1.115865535942262110e-06
3.396339633963396221e+00,5.174325903354590368e-03,1.353460746662536417e-06
3.397839783978397588e+00,5.174185663521565365e-03,1.500029071935028590e-06
3.399339933993398954e+00,5.174044842758364002e-03,1.521256739441997072e-06
3.400840084008400765e+00,5.173903266811947198e-03,1.379795390904115676e-06
3.402340234023402132e+00,5.173761182700749306e-03,1.128561163705253528e-06
3.403840384038403499e+00,5.173618967567424239e-03,8.483784791001899874e-07
3.405340534053405310e+00,5.173476735539401725e-03,5.637244582440249971e-07
3.406840684068406677e+00,5.173334583178097745e-03,2.953090458702463537e-07
3.408340834083408044e+00,5.173192589478918003e-03,6.007501029021386630e-08
3.409840984098409411e+00,5.173050815871253587e-03,-1.288020566064959013e-07
3.411341134113411222e+00,5.172909306218483570e-03,-2.619137393522055687e-07
3.412841284128412589e+00,5.172768086817973281e-03,-3.336187989009968601e-07
3.414341434143413956e+00,5.172627166401076899e-03,-3.420431726289458684e-07
3.415841584158415767e+00,5.172486536133135727e-03,-2.890799743339286610e-07
3.417341734173417134e+00,5.172346169613476451e-03,-1.803894942357436755e-07
3.418841884188418501e+00,5.172206022875414609e-03,-2.539919897602426448e-08
3.420342034203420312e+00,5.172066034386253730e-03,1.626962683817875635e-07
3.421842184218421679e+00,5.171926125047283593e-03,3.669350883521997386e-07
3.423342334233423045e+00,5.171786198193780229e-03,5.665882650280233433e-07
3.424842484248424412e+00,5.171646139595009392e-03,7.371596260801398894e-07
3.426342634263426223e+00,5.171505817454221353e-03,8.503858227576014799e-07
3.427842784278427590e+00,5.171365082408656104e-03,8.742363298874759081e-07
3.429342934293428957e+00,5.171223791152346726e-03,7.779780367738606874e-07
3.430843084308430768e+00,5.171082241146417527e-03,6.253816589839843424e-07
3.432343234323432135e+00,5.170940631500844410e-03,4.591469971865150049e-07
3.433843384338433502e+00,5.170799026995823340e-03,2.931747492025933329e-07
3.435343534353435313e+00,5.170657482085574096e-03,1.391499886816879153e-07
3.436843684368436680e+00,5.170516040898338536e-03,6.542165101731326712e-09
3.438343834383438047e+00,5.170374737236384070e-03,-9.739489623115743490e-08
3.439843984398439414e+00,5.170233594576000187e-03,-1.676229941824816775e-07
3.441344134413441225e+00,5.170092626067499322e-03,-2.013195517894226015e-07
3.442844284428442592e+00,5.169951834535218595e-03,-1.978776162608066889e-07
3.444344434443443959e+00,5.169811212477516335e-03,-1.589058589771691252e-07
3.445844584458445770e+00,5.169670742066777291e-03,-8.822857549067650731e-08
3.447344734473447136e+00,5.169530395149408292e-03,8.114314474766642064e-09
3.448844884488448503e+00,5.169390133245838244e-03,1.218672670236403763e-07
3.450345034503450314e+00,5.169249907550520738e-03,2.425591140887757613e-07
3.451845184518451681e+00,5.169109658931934047e-03,3.575030634312206208e-07
3.453345334533453048e+00,5.168969317932577655e-03,4.517966986404571710e-07
3.454845484548454415e+00,5.168828804768974862e-03,5.083219791342672891e-07
3.456345634563456226e+00,5.168688029331672783e-03,5.077452401587456427e-07
3.457845784578457593e+00,5.168546923317334472e-03,4.354071762650555936e-07
3.459345934593458960e+00,5.168405633406540807e-03,3.227588146665266251e-07
3.460846084608460771e+00,5.168264252184640896e-03,1.896703842835779953e-07
3.462346234623462138e+00,5.168122841772957582e-03,4.947902730424450161e-08
3.463846384638463505e+00,5.167981455777083052e-03,-8.630632458171151273e-08
3.465346534653465316e+00,5.167840139286884044e-03,-2.080049501826770739e-07
3.466846684668466683e+00,5.167698928876498371e-03,-3.077643388050851865e-07
3.468346834683468050e+00,5.167557852604335797e-03,-3.795601902536352741e-07
3.469846984698469416e+00,5.167416930013078898e-03,-4.191964148311409780e-07
3.471347134713471227e+00,5.167276172129681329e-03,-4.243051333385658381e-07
3.472847284728472594e+00,5.167135581465368693e-03,-3.943466770750268932e-07
3.474347434743473961e+00,5.166995152015639407e-03,-3.306095878378052689e-07
3.475847584758475772e+00,5.166854869260263834e-03,-2.362106179222948260e-07
3.477347734773477139e+00,5.166714710163283417e-03,-1.160947301221345094e-07
3.478847884788478506e+00,5.166574643173013279e-03,2.296490227096561089e-08
3.480348034803480317e+00,5.166434628222037889e-03,1.723668954671644128e-07
3.481848184818481684e+00,5.166294616727217133e-03,3.216816551783294205e-07
3.483348334833483051e+00,5.166154551589679372e-03,4.586513766183099204e-07
3.484848484848484418e+00,5.166014367194828386e-03,5.691900445027585011e-07
3.486348634863486229e+00,5.165873989412337296e-03,6.373834330491881227e-07
3.487848784878487596e+00,5.165733335596152040e-03,6.454891059768984250e-07
3.489348934893488963e+00,5.165592316173390521e-03,5.742759170913884395e-07
3.490849084908490774e+00,5.165450933015508853e-03,4.241072182669944436e-07
3.492349234923492141e+00,5.165309307274366414e-03,2.209887038902613025e-07
3.493849384938493507e+00,5.165167551661267037e-03,-1.086660353694398220e-08
3.495349534953495318e+00,5.165025765561439934e-03,-2.501083575775307572e-07
3.496849684968496685e+00,5.164884035034044904e-03,-4.782488878589309248e-07
3.498349834983498052e+00,5.164742432812167994e-03,-6.796632000735349009e-07
3.499849984998499419e+00,5.164601018302823233e-03,-8.415889759784008172e-07
3.501350135013501230e+00,5.164459837586952637e-03,-9.541265733953522483e-07
3.502850285028502597e+00,5.164318923419428803e-03,-1.010239026210859097e-06
3.504350435043503964e+00,5.164178295229047110e-03,-1.005752044376240037e-06
3.505850585058505775e+00,5.164037959118536122e-03,-9.393540139074846326e-07
3.507350735073507142e+00,5.163897907864548921e-03,-8.125959968853909845e-07
3.508850885088508509e+00,5.163758120917668303e-03,-6.298917314554460855e-07
3.510351035103510320e+00,5.163618564402403313e-03,-3.985176318278122678e-07
3.511851185118511687e+00,5.163479191117192717e-03,-1.286127882776091591e-07
3.513351335133513054e+00,5.163339940534402393e-03,1.668210328555123218e-07
3.514851485148514421e+00,5.163200738800326206e-03,4.719193891670885915e-07
3.516351635163516232e+00,5.163061498735185134e-03,7.679551621880104791e-07
3.517851785178517598e+00,5.162922119833130742e-03,1.033338557384165355e-06
3.519351935193518965e+00,5.162782488262239976e-03,1.243617104156952497e-06
3.520852085208520776e+00,5.162642476864517764e-03,1.371475655842986470e-06
3.522352235223522143e+00,5.162501945155898754e-03,1.386736389714033706e-06
3.523852385238523510e+00,5.162360740291474341e-03,1.256566058558230581e-06
3.525352535253525321e+00,5.162219067833725625e-03,1.025095247952300036e-06
3.526852685268526688e+00,5.162077260478065491e-03,7.637816920941757411e-07
3.528352835283528055e+00,5.161935428160980069e-03,4.962564361929430545e-07
3.529852985298529422e+00,5.161793664173052951e-03,2.425726724354611063e-07
3.531353135313531233e+00,5.161652045158959985e-03,1.920573998624082648e-08
3.532853285328532600e+00,5.161510631117473616e-03,-1.609468750122977687e-07
3.534353435343533967e+00,5.161369465401462013e-03,-2.885655394402319409e-07
3.535853585358535778e+00,5.161228574717885605e-03,-3.579084731998651792e-07
3.537353735373537145e+00,5.161087969127803148e-03,-3.668117492157356706e-07
3.538853885388538512e+00,5.160947642046367391e-03,-3.166892934347429310e-07
3.540354035403540323e+00,5.160807570242824209e-03,-2.125328848260031746e-07
3.541854185418541690e+00,5.160667713840517805e-03,-6.291215538102697917e-08
3.543354335433543056e+00,5.160528016316884639e-03,1.200254098864795553e-07
3.544854485448544423e+00,5.160388404503458634e-03,3.205544729404937863e-07
3.546354635463546234e+00,5.160248788585865970e-03,5.193718427227631383e-07
3.547854785478547601e+00,5.160109062103831155e-03,6.935964751525744980e-07
3.549354935493548968e+00,5.159969101951171824e-03,8.167694731270973681e-07
3.550855085508550779e+00,5.159828768375799603e-03,8.588540865211586631e-07
3.552355235523552146e+00,5.159687907068352328e-03,7.866844877876394983e-07
3.553855385538553513e+00,5.159546703227497165e-03,6.400479981730223160e-07
3.555355535553555324e+00,5.159405417805382893e-03,4.750260237253143247e-07
3.556855685568556691e+00,5.159264119870703852e-03,3.064727173012553938e-07
3.558355835583558058e+00,5.159122867986373241e-03,1.469829609271201776e-07
3.559855985598559425e+00,5.158981710209517048e-03,6.892365798913038929e-09
3.561356135613561236e+00,5.158840684091478383e-03,-1.057227277177064370e-07
3.562856285628562603e+00,5.158699816677814881e-03,-1.850452500872991932e-07
3.564356435643563970e+00,5.158559124508299565e-03,-2.275174026048492481e-07
3.565856585658565781e+00,5.158418613616920848e-03,-2.318406573956165230e-07
3.567356735673567147e+00,5.158278279531884267e-03,-1.989757574151773943e-07
3.568856885688568514e+00,5.158138107275609015e-03,-1.321427164494369751e-07
3.570357035703570325e+00,5.157998071364730541e-03,-3.682081911457744649e-08
3.571857185718571692e+00,5.157858135810098818e-03,7.925137914281139383e-08
3.573357335733573059e+00,5.157718254116780074e-03,2.060760520459066200e-07
3.574857485748574426e+00,5.157578369284056795e-03,3.313961024875418522e-07
3.576357635763576237e+00,5.157438413805425122e-03,4.406951625302656490e-07
3.577857785778577604e+00,5.157298309668598320e-03,5.171975934062067757e-07
3.579357935793578971e+00,5.157157968355504177e-03,5.418684855172875516e-07
3.580858085808580782e+00,5.157017292461989373e-03,4.937617014083576794e-07
3.582358235823582149e+00,5.156876350072738500e-03,3.874986590793317311e-07
3.583858385838583516e+00,5.156735281446650672e-03,2.532359782934804833e-07
3.585358535853585327e+00,5.156594156244647884e-03,1.059631270310889064e-07
3.586858685868586694e+00,5.156453035069955698e-03,-4.127936630513232934e-08
3.588358835883588061e+00,5.156311969468100644e-03,-1.773999128903137753e-07
3.589858985898589427e+00,5.156171001926909345e-03,-2.932558634772527682e-07
3.591359135913591238e+00,5.156030165876511993e-03,-3.816535083964755815e-07
3.592859285928592605e+00,5.155889485689338879e-03,-4.373480775561437753e-07
3.594359435943593972e+00,5.155748976680121255e-03,-4.570437404422099442e-07
3.595859585958595783e+00,5.155608645105892208e-03,-4.393936061182959568e-07
3.597359735973597150e+00,5.155468488165987524e-03,-3.849997232257522476e-07
3.598859885988598517e+00,5.155328494002043085e-03,-2.964130799836277475e-07
3.600360036003600328e+00,5.155188641697995740e-03,-1.781336041886427788e-07
3.601860186018601695e+00,5.155048901280085902e-03,-3.661016321533548586e-08
3.603360336033603062e+00,5.154909233716853216e-03,1.197594359841522524e-07
3.604860486048604429e+00,5.154769590919139159e-03,2.806284468799333678e-07
3.606360636063606240e+00,5.154629915740087907e-03,4.337011833644610477e-07
3.607860786078607607e+00,5.154490141975143734e-03,5.647330197523364584e-07
3.609360936093608974e+00,5.154350194362053612e-03,6.575303907806002302e-07
3.610861086108610785e+00,5.154209988580863745e-03,6.939507916085336165e-07
3.612361236123612152e+00,5.154069431253923902e-03,6.539027778176823166e-07
3.613861386138613518e+00,5.153928466625070509e-03,5.253688127971124556e-07
3.615361536153615329e+00,5.153787207569492795e-03,3.326065479723107940e-07
3.616861686168616696e+00,5.153645776442738330e-03,1.019586674276823170e-07
3.618361836183618063e+00,5.153504280856390819e-03,-1.434053877063156089e-07
3.619861986198619430e+00,5.153362814495434513e-03,-3.833145713243948985e-07
3.621362136213621241e+00,5.153221457118255938e-03,-6.005962323465461741e-07
3.622862286228622608e+00,5.153080274556637828e-03,-7.810761147177874611e-07
3.624362436243623975e+00,5.152939318715766062e-03,-9.135783574085562583e-07
3.625862586258625786e+00,5.152798627574225326e-03,-9.899254944144548991e-07
3.627362736273627153e+00,5.152658225183998249e-03,-1.004938454756243987e-06
3.628862886288628520e+00,5.152518121670469735e-03,-9.564365624799815190e-07
3.630363036303630331e+00,5.152378313232424366e-03,-8.452375366568696821e-07
3.631863186318631698e+00,5.152238782142044664e-03,-6.751574913834434206e-07
3.633363336333633065e+00,5.152099496744915429e-03,-4.530109357813561383e-07
3.634863486348634432e+00,5.151960411460020269e-03,-1.886107739975171294e-07
3.636363636363636243e+00,5.151821466779742467e-03,1.052316947960450055e-07
3.637863786378637609e+00,5.151682589269864984e-03,4.127067764018125769e-07
3.639363936393638976e+00,5.151543691569571322e-03,7.150063815973076192e-07
3.640864086408640787e+00,5.151404672391445526e-03,9.903240261348249699e-07
3.642364236423642154e+00,5.151265416521469583e-03,1.213854830741207382e-06
3.643864386438643521e+00,5.151125794819026021e-03,1.357795521118312821e-06
3.645364536453645332e+00,5.150985664216897915e-03,1.391344427942700695e-06
3.646864686468646699e+00,5.150844867721268878e-03,1.280701486865686271e-06
3.648364836483648066e+00,5.150703533969029982e-03,1.053539430940909231e-06
3.649864986498649433e+00,5.150562048136173889e-03,7.927681470027416596e-07
3.651365136513651244e+00,5.150420524325899710e-03,5.229690644404136392e-07
3.652865286528652611e+00,5.150279058888000173e-03,2.648993600554815092e-07
3.654365436543653978e+00,5.150137731322648217e-03,3.568645076970869642e-08
3.655865586558655789e+00,5.149996604280398724e-03,-1.511720063746553985e-07
3.657365736573657156e+00,5.149855723562187654e-03,-2.858081142147498288e-07
3.658865886588658523e+00,5.149715118119331178e-03,-3.619837354674347735e-07
3.660366036603660334e+00,5.149574800053528280e-03,-3.770904927290509805e-07
3.661866186618661700e+00,5.149434764616856418e-03,-3.321497684754841405e-07
3.663366336633663067e+00,5.149294990211777598e-03,-2.318127050621877573e-07
3.664866486648664434e+00,5.149155438391133169e-03,-8.436020472415032522e-08
3.666366636663666245e+00,5.149016053858143822e-03,9.829707042415083429e-08
3.667866786678667612e+00,5.148876764466414797e-03,3.006186983885206620e-07
3.669366936693668979e+00,5.148737481219930676e-03,5.034344972953798801e-07
3.670867086708670790e+00,5.148598098273057116e-03,6.839445253916001382e-07
3.672367236723672157e+00,5.148458492930541724e-03,8.157190810443390542e-07
3.673867386738673524e+00,5.148318525647511447e-03,8.686987027413840032e-07
3.675367536753675335e+00,5.148178040029476911e-03,8.091941690908821261e-07
3.676867686768676702e+00,5.148037157594775176e-03,6.633669641949417628e-07
3.678367836783678069e+00,5.147896182986577175e-03,4.968317866718592839e-07
3.679867986798679436e+00,5.147755188037335221e-03,3.250717694527517595e-07
3.681368136813681247e+00,5.147614233762725332e-03,1.612386939796647577e-07
3.682868286828682614e+00,5.147473370435098027e-03,1.616880792090732817e-08
3.684368436843683980e+00,5.147332637583481793e-03,-1.016171748292440363e-07
3.685868586858685791e+00,5.147192063993581354e-03,-1.859140741503643459e-07
3.687368736873687158e+00,5.147051667707777667e-03,-2.328322436958411509e-07
3.688868886888688525e+00,5.146911456025125321e-03,-2.407975708930245717e-07
3.690369036903690336e+00,5.146771425501358611e-03,-2.105514769431032091e-07
3.691869186918691703e+00,5.146631561948885464e-03,-1.451509168211824946e-07
3.693369336933693070e+00,5.146491840436791775e-03,-4.996837927622476254e-08
3.694869486948694437e+00,5.146352225290837940e-03,6.730811316891845616e-08
3.696369636963696248e+00,5.146212670093462324e-03,1.966750042175531272e-07
3.697869786978697615e+00,5.146073117683777794e-03,3.258132037989860116e-07
3.699369936993698982e+00,5.145933500157573448e-03,4.400880880687556940e-07
3.700870087008700793e+00,5.145793738867316357e-03,5.225494994085009747e-07
3.702370237023702160e+00,5.145653744422148089e-03,5.539317464259039072e-07
3.703870387038703527e+00,5.145513416746534847e-03,5.126662343351230747e-07
3.705370537053705338e+00,5.145372798117200420e-03,4.078472486585650051e-07
3.706870687068706705e+00,5.145232045168672205e-03,2.732246285090134518e-07
3.708370837083708071e+00,5.145091229533675127e-03,1.242466571359940652e-07
3.709870987098709438e+00,5.144950413592895740e-03,-2.563359770833471379e-08
3.711371137113711249e+00,5.144809650474981358e-03,-1.649582837692466110e-07
3.712871287128712616e+00,5.144668984056541793e-03,-2.842647642892837236e-07
3.714371437143713983e+00,5.144528448962147615e-03,-3.760856180085093070e-07
3.715871587158715794e+00,5.144388070564330159e-03,-4.349486391643493792e-07
3.717371737173717161e+00,5.144247864983582386e-03,-4.573768374915721804e-07
3.718871887188718528e+00,5.144107839088358884e-03,-4.418884382224007228e-07
3.720372037203720339e+00,5.143967990495076741e-03,-3.889968820864034168e-07
3.721872187218721706e+00,5.143828307568112067e-03,-3.012108253105966687e-07
3.723372337233723073e+00,5.143688769419804338e-03,-1.830341396193476829e-07
3.724872487248724440e+00,5.143549345910452923e-03,-4.096591223442486108e-08
3.726372637263726251e+00,5.143409997648318820e-03,1.164995541250571498e-07
3.727872787278727618e+00,5.143270675989625521e-03,2.788727412424471920e-07
3.729372937293728985e+00,5.143131323038557280e-03,4.336689154038438420e-07
3.730873087308730796e+00,5.142991871647258247e-03,5.664081273979410908e-07
3.732373237323732162e+00,5.142852245415835931e-03,6.606152125159220420e-07
3.733873387338733529e+00,5.142712358692358605e-03,6.978197905517053979e-07
3.735373537353735340e+00,5.142572116572855304e-03,6.575562658017473072e-07
3.736873687368736707e+00,5.142431465601303431e-03,5.282763527728063563e-07
3.738373837383738074e+00,5.142290524647881444e-03,3.355854166968471209e-07
3.739873987398739441e+00,5.142149415597991290e-03,1.057836510503131159e-07
3.741374137413741252e+00,5.142008245429658363e-03,-1.380443798799663693e-07
3.742874287428742619e+00,5.141867107159410304e-03,-3.758267446396008175e-07
3.744374437443743986e+00,5.141726079842271792e-03,-5.905041446070811107e-07
3.745874587458745797e+00,5.141585228571770617e-03,-7.680299139935335204e-07
3.747374737473747164e+00,5.141444604479933345e-03,-8.973700198425913818e-07
3.748874887488748531e+00,5.141304244737287914e-03,-9.705030620307148490e-07
3.750375037503750342e+00,5.141164172552860172e-03,-9.824202732669613488e-07
3.751875187518751709e+00,5.141024397174179944e-03,-9.311255190930452968e-07
3.753375337533753076e+00,5.140884913887273228e-03,-8.176352978833654140e-07
3.754875487548754442e+00,5.140745704016669131e-03,-6.459787408449632224e-07
3.756375637563756253e+00,5.140606734925396402e-03,-4.231976120174690462e-07
3.757875787578757620e+00,5.140467960014983434e-03,-1.593463082733889448e-07
3.759375937593758987e+00,5.140329318725459125e-03,1.325081406823152040e-07
3.760876087608760798e+00,5.140190736535352883e-03,4.362860723120414748e-07
3.762376237623762165e+00,5.140052124961694627e-03,7.328951912452613848e-07
3.763876387638763532e+00,5.139913381560013914e-03,1.000230569279055431e-06
3.765376537653765343e+00,5.139774389924339944e-03,1.213174645377809641e-06
3.766876687668766710e+00,5.139635019687205028e-03,1.343597225673060565e-06
3.768376837683768077e+00,5.139495126519637649e-03,1.360355483463883853e-06
3.769876987698769444e+00,5.139354554126691205e-03,1.229724355100106163e-06
3.771377137713771255e+00,5.139213521520564695e-03,9.989334327468476051e-07
3.772877287728772622e+00,5.139072352335055834e-03,7.378071213390829052e-07
3.774377437743773989e+00,5.138931157550314169e-03,4.703077100360032267e-07
3.775877587758775800e+00,5.138790031320666397e-03,2.167647510646425031e-07
3.777377737773777167e+00,5.138649050974618097e-03,-6.124940279887721556e-09
3.778877887788778533e+00,5.138508277014854596e-03,-1.852972856348579137e-07
3.780378037803780344e+00,5.138367753118239234e-03,-3.113209435696342535e-07
3.781878187818781711e+00,5.138227506135814235e-03,-3.783973095856279184e-07
3.783378337833783078e+00,5.138087546092802438e-03,-3.843605161165206061e-07
3.784878487848784445e+00,5.137947866188602095e-03,-3.306774325280940687e-07
3.786378637863786256e+00,5.137808442796792073e-03,-2.224476651182392186e-07
3.787878787878787623e+00,5.137669235465130123e-03,-6.840355711709991210e-08
3.789378937893788990e+00,5.137530186915553743e-03,1.190898113131195385e-07
3.790879087908790801e+00,5.137391223044176711e-03,3.240346230781100019e-07
3.792379237923792168e+00,5.137252252921292554e-03,5.268003241512208877e-07
3.793879387938793535e+00,5.137113168791375417e-03,7.041236235738377115e-07
3.795379537953795346e+00,5.136973846073075722e-03,8.291084934551751011e-07
3.796879687968796713e+00,5.136834143359224510e-03,8.712261689721815055e-07
3.798379837983798080e+00,5.136693904825693872e-03,7.968350469271487209e-07
3.799879987998799447e+00,5.136553318349975153e-03,6.464783778133370152e-07
3.801380138013801258e+00,5.136412645050296953e-03,4.765249609134040941e-07
3.802880288028802624e+00,5.136271957074237116e-03,3.025606462911351153e-07
3.804380438043803991e+00,5.136131315612035148e-03,1.378043405905128807e-07
3.805880588058805802e+00,5.135990770896587017e-03,-6.891992964121121192e-09
3.807380738073807169e+00,5.135850362203448621e-03,-1.230433345679475482e-07
3.808880888088808536e+00,5.135710117850834922e-03,-2.045316078359326849e-07
3.810381038103810347e+00,5.135570055199618206e-03,-2.476056798026506715e-07
3.811881188118811714e+00,5.135430180653331560e-03,-2.508813609222953623e-07
3.813381338133813081e+00,5.135290489658165397e-03,-2.153414050687539116e-07
3.814881488148814448e+00,5.135150966702970061e-03,-1.443355095355444112e-07
3.816381638163816259e+00,5.135011585319254092e-03,-4.358031503580149026e-08
3.817881788178817626e+00,5.134872308081185090e-03,7.884059429759472330e-08
3.819381938193818993e+00,5.134733086605589719e-03,2.124766909122017741e-07
3.820882088208820804e+00,5.134593861551951972e-03,3.445105038359398637e-07
3.822382238223822171e+00,5.134454562622416639e-03,4.597576186769591313e-07
3.823882388238823538e+00,5.134315108561786703e-03,5.406666776238815875e-07
3.825382538253825349e+00,5.134175407157523345e-03,5.673193794456363662e-07
3.826882688268826715e+00,5.134035356623615522e-03,5.177291851480080220e-07
3.828382838283828082e+00,5.133895026752092160e-03,4.069516147178487822e-07
3.829882988298829449e+00,5.133754566768843584e-03,2.672149303081184636e-07
3.831383138313831260e+00,5.133614049196938076e-03,1.141944006227882455e-07
3.832883288328832627e+00,5.133473537047220439e-03,-3.849061725721487935e-08
3.834383438343833994e+00,5.133333083818305935e-03,-1.792766778742851909e-07
3.835883588358835805e+00,5.133192733496582880e-03,-2.986562473939873106e-07
3.837383738373837172e+00,5.133052520556215248e-03,-3.891777036049656751e-07
3.838883888388838539e+00,5.132912469959136602e-03,-4.454453359191597353e-07
3.840384038403840350e+00,5.132772597155056161e-03,-4.641193453716525495e-07
3.841884188418841717e+00,5.132632908081454469e-03,-4.439158446207004292e-07
3.843384338433843084e+00,5.132493399163586857e-03,-3.856068579477645974e-07
3.844884488448844451e+00,5.132354057314480848e-03,-2.920203212574792126e-07
3.846384638463846262e+00,5.132214859934936153e-03,-1.680400820776205583e-07
3.847884788478847629e+00,5.132075774913527275e-03,-2.060589955926459120e-08
3.849384938493848995e+00,5.131936760626600036e-03,1.412865555234370464e-07
3.850885088508850806e+00,5.131797765938274185e-03,3.065857007731660231e-07
3.852385238523852173e+00,5.131658730200443393e-03,4.621840421692699241e-07
3.853885388538853540e+00,5.131519583252772652e-03,5.929181740680621000e-07
3.855385538553854907e+00,5.131380245422701748e-03,6.815687792026296559e-07
3.856885688568856718e+00,5.131240627525440919e-03,7.088606286828614559e-07
3.858385838583858085e+00,5.131100630863976927e-03,6.534625819954612521e-07
3.859885988598859452e+00,5.130960232002493120e-03,5.102807298936813658e-07
3.861386138613861263e+00,5.130819566751446126e-03,3.086492234454484213e-07
3.862886288628862630e+00,5.130678754169242309e-03,7.431670199835960885e-08
3.864386438643863997e+00,5.130537899190100101e-03,-1.700227300362653316e-07
3.865886588658865808e+00,5.130397092631410437e-03,-4.047279168517897346e-07
3.867386738673867175e+00,5.130256411193739353e-03,-6.132106512460359683e-07
3.868886888688868542e+00,5.130115917460830594e-03,-7.819356746217109634e-07
3.870387038703869909e+00,5.129975659899597799e-03,-9.004206769861174802e-07
3.871887188718871720e+00,5.129835672860134053e-03,-9.612362969512376475e-07
3.873387338733873086e+00,5.129695976575705807e-03,-9.600061217336730350e-07
3.874887488748874453e+00,5.129556577162752880e-03,-8.954066871547622848e-07
3.876387638763876264e+00,5.129417466620892797e-03,-7.691674776404364807e-07
3.877887788778877631e+00,5.129278622832915586e-03,-5.860709262214183071e-07
3.879387938793878998e+00,5.129140009564787245e-03,-3.539524145329992787e-07
3.880888088808880809e+00,5.129001576465648006e-03,-8.370027281507521050e-08
3.882388238823882176e+00,5.128863259067813207e-03,2.107442200875320158e-07
3.883888388838883543e+00,5.128724978786775024e-03,5.123868367255806598e-07
3.885388538853884910e+00,5.128586642921197265e-03,8.011804010450723208e-07
3.886888688868886721e+00,5.128448144652920579e-03,1.054024788387416686e-06
3.888388838883888088e+00,5.128309363046959848e-03,1.244766925489128186e-06
3.889888988898889455e+00,5.128170163051505061e-03,1.344200790482297900e-06
3.891389138913891266e+00,5.128030395497921307e-03,1.320067412894213129e-06
3.892889288928892633e+00,5.127889944567919599e-03,1.147315853960060624e-06
3.894389438943894000e+00,5.127749179288908395e-03,9.057179069796759914e-07
3.895889588958895811e+00,5.127608312198511480e-03,6.412427015034795543e-07
3.897389738973897177e+00,5.127467449379084427e-03,3.768461590056541363e-07
3.898889888988898544e+00,5.127326680052737840e-03,1.318359110371613321e-07
3.900390039003899911e+00,5.127186076581332144e-03,-7.812870077394297187e-08
3.901890189018901722e+00,5.127045694466481063e-03,-2.410366247226243236e-07
3.903390339033903089e+00,5.126905572349550744e-03,-3.485250990266934170e-07
3.904890489048904456e+00,5.126765732011658895e-03,-3.958796518270970473e-07
3.906390639063906267e+00,5.126626178373676519e-03,-3.820341011876938594e-07
3.907890789078907634e+00,5.126486899496227045e-03,-3.095705550953494271e-07
3.909390939093909001e+00,5.126347866579685462e-03,-1.847194114599049130e-07
3.910891089108910812e+00,5.126209033964180053e-03,-1.735935811412518773e-08
3.912391239123912179e+00,5.126070339129589794e-03,1.789826271860847531e-07
3.913891389138913546e+00,5.125931702695548688e-03,3.871312767619831328e-07
3.915391539153914913e+00,5.125793028421440564e-03,5.862630330118045166e-07
3.916891689168916724e+00,5.125654203206401680e-03,7.519060484108428211e-07
3.918391839183918091e+00,5.125515097089324186e-03,8.559401855112594615e-07
3.919891989198919457e+00,5.125375563248847459e-03,8.665970169424012001e-07
3.921392139213921268e+00,5.125235481324009849e-03,7.578306401894837545e-07
3.922892289228922635e+00,5.125095167853652503e-03,5.981104295694468779e-07
3.924392439243924002e+00,5.124954787983552681e-03,4.231736509078656911e-07
3.925892589258925813e+00,5.124814411998638436e-03,2.482376760409072362e-07
3.927392739273927180e+00,5.124674099016633504e-03,8.610221738156738399e-08
3.928892889288928547e+00,5.124533896988053838e-03,-5.285067208064458009e-08
3.930393039303929914e+00,5.124393842696211079e-03,-1.606565987794950976e-07
3.931893189318931725e+00,5.124253961757209951e-03,-2.317688285720937292e-07
3.933393339333933092e+00,5.124114268619950861e-03,-2.630582867388193571e-07
3.934893489348934459e+00,5.123974766566126438e-03,-2.538135579834486158e-07
3.936393639363936270e+00,5.123835447710224991e-03,-2.057408864330393201e-07
3.937893789378937637e+00,5.123696292999529653e-03,-1.229641756380278732e-07
3.939393939393939004e+00,5.123557272214114902e-03,-1.202498857213736387e-08
3.940894089408940815e+00,5.123418343966853507e-03,1.181174523676082459e-07
3.942394239423942182e+00,5.123279455703407849e-03,2.560862653607410779e-07
3.943894389438943548e+00,5.123140543702239466e-03,3.880869091635814780e-07
3.945394539453944915e+00,5.123001533074599510e-03,4.979071831090813678e-07
3.946894689468946726e+00,5.122862337764536554e-03,5.669172271068804666e-07
3.948394839483948093e+00,5.122722860548891387e-03,5.740695216432323874e-07
3.949894989498949460e+00,5.122583013641743115e-03,5.003566188363102272e-07
3.951395139513951271e+00,5.122442940811792675e-03,3.768791540705866160e-07
3.952895289528952638e+00,5.122302758368019009e-03,2.288200754207763362e-07
3.954395439543954005e+00,5.122162537490922846e-03,7.159880078194637364e-08
3.955895589558955816e+00,5.122022339613722941e-03,-8.147666525269008295e-08
3.957395739573957183e+00,5.121882216422354341e-03,-2.192097313916246169e-07
3.958895889588958550e+00,5.121742209855470983e-03,-3.325152196453312517e-07
3.960396039603959917e+00,5.121602352104439627e-03,-4.144193653260781979e-07
3.961896189618961728e+00,5.121462665613349396e-03,-4.600598170479831222e-07
3.963396339633963095e+00,5.121323163079002233e-03,-4.666856367269713248e-07
3.964896489648964462e+00,5.121183847450918106e-03,-4.336572995808541962e-07
3.966396639663966273e+00,5.121044711931335876e-03,-3.624466941292416549e-07
3.967896789678967640e+00,5.120905739975209828e-03,-2.566371221936549089e-07
3.969396939693969006e+00,5.120766905290211404e-03,-1.219232988973949537e-07
3.970897089708970817e+00,5.120628171836728339e-03,3.388864733442259343e-08
3.972397239723972184e+00,5.120489493827867257e-03,2.008811747747042810e-07
3.973897389738973551e+00,5.120350815729450208e-03,3.670253283946439441e-07
3.975397539753974918e+00,5.120212072260017268e-03,5.181807398635626687e-07
3.976897689768976729e+00,5.120073188390824800e-03,6.380956275489531546e-07
3.978397839783978096e+00,5.119934079345846330e-03,7.084067965163783364e-07
3.979897989798979463e+00,5.119794650601772537e-03,7.086396385296656716e-07
3.981398139813981274e+00,5.119654805967462433e-03,6.179543726861517728e-07
3.982898289828982641e+00,5.119514604436826467e-03,4.490897158970443980e-07
3.984398439843984008e+00,5.119374184069738938e-03,2.319541702612400966e-07
3.985898589858985819e+00,5.119233658901791578e-03,-8.734939674069159108e-09
3.987398739873987186e+00,5.119093128725385293e-03,-2.513474241862054864e-07
3.988898889888988553e+00,5.118952679089741435e-03,-4.773402283774408373e-07
3.990399039903989920e+00,5.118812381300892264e-03,-6.712574321747116549e-07
3.991899189918991731e+00,5.118672292421686150e-03,-8.207302503297249106e-07
3.993399339933993097e+00,5.118532455271786706e-03,-9.164770324187932510e-07
3.994899489948994464e+00,5.118392898427672789e-03,-9.523032628431057303e-07
3.996399639963996275e+00,5.118253636222637633e-03,-9.251015608285154171e-07
3.997899789978997642e+00,5.118114668746788845e-03,-8.348516804256420970e-07
3.999399939993999009e+00,5.117975981847049279e-03,-6.846205105098265327e-07
4.000900090009000820e+00,5.117837547127157029e-03,-4.805620747810724428e-07
4.002400240024002187e+00,5.117699321947664567e-03,-2.319175317643090811e-07
4.003900390039003554e+00,5.117561249425940477e-03,4.898482519097912766e-08
4.005400540054004921e+00,5.117423258436165981e-03,3.467295679105193896e-07
4.006900690069006288e+00,5.117285263609340148e-03,6.428141333953057576e-07
4.008400840084008543e+00,5.117147165333273823e-03,9.156488238217478910e-07
4.009900990099009910e+00,5.117008849752594825e-03,1.140556806541039911e-06
4.011401140114011277e+00,5.116870188768746219e-03,1.289774114080143116e-06
4.012901290129012644e+00,5.116731040039982845e-03,1.332449644141117200e-06
4.014401440144014011e+00,5.116591246981379119e-03,1.234645159601283725e-06
4.015901590159015377e+00,5.116450902110141613e-03,1.016392390448126644e-06
4.017401740174016744e+00,5.116310391989750336e-03,7.614560033809932990e-07
4.018901890189018999e+00,5.116169834033463225e-03,4.952996759820434681e-07
4.020402040204020366e+00,5.116029326151982394e-03,2.391582496471692035e-07
4.021902190219021733e+00,5.115888949365715241e-03,1.060364112591708723e-08
4.023402340234023100e+00,5.115748767804780515e-03,-1.764551574778733187e-07
4.024902490249024467e+00,5.115608828709003117e-03,-3.117720787062260671e-07
4.026402640264025834e+00,5.115469162427915828e-03,-3.887639797470263905e-07
4.027902790279027201e+00,5.115329782420761917e-03,-4.045106424340255717e-07
4.029402940294029456e+00,5.115190685256491669e-03,-3.597547732467905449e-07
4.030903090309030823e+00,5.115051850613761518e-03,-2.589020033108533977e-07
4.032403240324032190e+00,5.114913241280940118e-03,-1.100208883975470460e-07
4.033903390339033557e+00,5.114774803156100537e-03,7.515709107592446178e-08
4.035403540354034924e+00,5.114636465247027197e-03,2.812375300464956858e-07
4.036903690369036291e+00,5.114498139671209802e-03,4.891630988052359830e-07
4.038403840384038546e+00,5.114359721655848540e-03,6.762135429974521043e-07
4.039903990399039913e+00,5.114221089537850616e-03,8.160056836222510193e-07
4.041404140414041279e+00,5.114082104763832855e-03,8.784934170332373422e-07
4.042904290429042646e+00,5.113942611890118228e-03,8.299677149380155941e-07
4.044404440444044013e+00,5.113802673754113022e-03,6.840421040929826035e-07
4.045904590459045380e+00,5.113662623140442613e-03,5.128701210303928407e-07
4.047404740474046747e+00,5.113522540536348006e-03,3.339160954582479323e-07
4.048904890489049002e+00,5.113382491998599497e-03,1.615138557820019163e-07
4.050405040504050369e+00,5.113242532214175122e-03,7.530233070553305027e-09
4.051905190519051736e+00,5.113102704500262392e-03,-1.186349389443766370e-07
4.053405340534053103e+00,5.112963040804258293e-03,-2.100488238678238708e-07
4.054905490549054470e+00,5.112823561703768414e-03,-2.622455826416850263e-07
4.056405640564055837e+00,5.112684276406606956e-03,-2.732263735447199441e-07
4.057905790579057204e+00,5.112545182750797591e-03,-2.434593521925488162e-07
4.059405940594059459e+00,5.112406267204573466e-03,-1.758796715376051760e-07
4.060906090609060826e+00,5.112267504866376336e-03,-7.588948186931589257e-08
4.062406240624062193e+00,5.112128859464857428e-03,4.864206918614044520e-08
4.063906390639063559e+00,5.111990283358875710e-03,1.873788366656937685e-07
4.065406540654064926e+00,5.111851717537500492e-03,3.275176782694121745e-07
4.066906690669066293e+00,5.111713091620009690e-03,4.537884543605033559e-07
4.068406840684068548e+00,5.111574323855890695e-03,5.484540279653553114e-07
4.069906990699069915e+00,5.111435321124839504e-03,5.913102647733285048e-07
4.071407140714071282e+00,5.111295978936759854e-03,5.596860331371085486e-07
4.072907290729072649e+00,5.111156298500190223e-03,4.538298436432347498e-07
4.074407440744074016e+00,5.111016463905055339e-03,3.136687420421973997e-07
4.075907590759075383e+00,5.110876554612825591e-03,1.564537204595209815e-07
4.077407740774076750e+00,5.110736638356866771e-03,-3.109849855728654555e-09
4.078907890789079005e+00,5.110596772892161098e-03,-1.524828802556924240e-07
4.080408040804080372e+00,5.110457005995303753e-03,-2.812925646933704599e-07
4.081908190819081739e+00,5.110317375464503743e-03,-3.813323797231617784e-07
4.083408340834083106e+00,5.110177909119585637e-03,-4.465620845004958725e-07
4.084908490849084473e+00,5.110038624801986097e-03,-4.731077207819253565e-07
4.086408640864085839e+00,5.109899530374757345e-03,-4.592616129251281893e-07
4.087908790879087206e+00,5.109760623722567167e-03,-4.054823678889039683e-07
4.089408940894089461e+00,5.109621892751693706e-03,-3.143948752331135789e-07
4.090909090909090828e+00,5.109483315390034135e-03,-1.907903071189132929e-07
4.092409240924092195e+00,5.109344859587095986e-03,-4.162611830843289588e-08
4.093909390939093562e+00,5.109206483314001485e-03,1.239739538350301302e-07
4.095409540954094929e+00,5.109068134563490154e-03,2.947198893470581470e-07
4.096909690969096296e+00,5.108929751349911876e-03,4.571553856621087010e-07
4.098409840984098551e+00,5.108791261709232957e-03,5.956578576135875799e-07
4.099909990999099918e+00,5.108652583699033536e-03,6.924384374335249288e-07
4.101410141014101285e+00,5.108513625398507577e-03,7.275419747531083514e-07
4.102910291029102652e+00,5.108374284908462869e-03,6.788470366022889334e-07
4.104410441044104019e+00,5.108234528039297742e-03,5.389072198868893114e-07
4.105910591059105386e+00,5.108094498780578127e-03,3.389579568304499043e-07
4.107410741074106753e+00,5.107954318214117002e-03,1.053017582250296494e-07
4.108910891089109008e+00,5.107814092573690484e-03,-1.389838857303635311e-07
4.110411041104110375e+00,5.107673913719825570e-03,-3.739437317198608567e-07
4.111911191119111741e+00,5.107533859139799272e-03,-5.827447833116166202e-07
4.113411341134113108e+00,5.107393991947638615e-03,-7.516762909572217761e-07
4.114911491149114475e+00,5.107254360884119770e-03,-8.701497519918461366e-07
4.116411641164115842e+00,5.107115000316772395e-03,-9.306989106342426066e-07
4.117911791179117209e+00,5.106975930239871821e-03,-9.289797579867406191e-07
4.119411941194119464e+00,5.106837156274447731e-03,-8.637705320351961602e-07
4.120912091209120831e+00,5.106698669668278089e-03,-7.369717176491762109e-07
4.122412241224122198e+00,5.106560447295890003e-03,-5.536060465817355535e-07
4.123912391239123565e+00,5.106422451658563198e-03,-3.218184974695302744e-07
4.125412541254124932e+00,5.106284630884326547e-03,-5.287629583278928211e-08
4.126912691269126299e+00,5.106146918727957201e-03,2.388310859246733573e-07
4.128412841284128554e+00,5.106009234570985794e-03,5.357919285156379385e-07
4.129912991299129921e+00,5.105871483421692107e-03,8.173722657687652801e-07
4.131413141314131288e+00,5.105733555915104201e-03,1.059815884629681138e-06
4.132913291329132655e+00,5.105595328313001884e-03,1.236244325160247916e-06
4.134413441344134021e+00,5.105456662503915846e-03,1.316656880538747362e-06
4.135913591359135388e+00,5.105317406003125925e-03,1.267930597059886600e-06
4.137413741374136755e+00,5.105177498338889924e-03,1.076920571242278731e-06
4.138913891389139010e+00,5.105037344692084540e-03,8.316095625735117871e-07
4.140414041404140377e+00,5.104897107739874047e-03,5.673461563527363759e-07
4.141914191419141744e+00,5.104756890997022914e-03,3.066303551521393505e-07
4.143414341434143111e+00,5.104616781049928914e-03,6.828282924150065242e-08
4.144914491449144478e+00,5.104476847556630066e-03,-1.325550834119409427e-07
4.146414641464145845e+00,5.104337143246798561e-03,-2.844213771434887782e-07
4.147914791479147212e+00,5.104197703921744232e-03,-3.795333785909866226e-07
4.149414941494149467e+00,5.104058548454413688e-03,-4.137877466948236455e-07
4.150915091509150834e+00,5.103919678789389444e-03,-3.867604726978869841e-07
4.152415241524152201e+00,5.103781079942891659e-03,-3.017068801456858332e-07
4.153915391539153568e+00,5.103642720002777265e-03,-1.655616248862339196e-07
4.155415541554154935e+00,5.103504550128538236e-03,1.106130492991471074e-08
4.156915691569156301e+00,5.103366504551304188e-03,2.138685888496642107e-07
4.158415841584158557e+00,5.103228500573842377e-03,4.248875741174993277e-07
4.159915991599159923e+00,5.103090438570555103e-03,6.224662756749830080e-07
4.161416141614161290e+00,5.102952201987482304e-03,7.812733761615126905e-07
4.162916291629162657e+00,5.102813657342300697e-03,8.722982259138270165e-07
4.164416441644164024e+00,5.102674654224322905e-03,8.628508429661250493e-07
4.165916591659165391e+00,5.102535117275826260e-03,7.365473002655246200e-07
4.167416741674166758e+00,5.102395397295882845e-03,5.696084801536251696e-07
4.168916891689169013e+00,5.102255619982158479e-03,3.893607200305672006e-07
4.170417041704170380e+00,5.102115856291915795e-03,2.112353428355297849e-07
4.171917191719171747e+00,5.101976165615710636e-03,4.814837459202663308e-08
4.173417341734173114e+00,5.101836595777391181e-03,-8.949945559166244879e-08
4.174917491749174481e+00,5.101697183034099685e-03,-1.938227155225966436e-07
4.176417641764175848e+00,5.101557952076269005e-03,-2.594512699231727998e-07
4.177917791779177215e+00,5.101418916027626940e-03,-2.835302804311272317e-07
4.179417941794179470e+00,5.101280076445191894e-03,-2.657202055995126375e-07
4.180918091809180837e+00,5.101141423319278077e-03,-2.081968008967646973e-07
4.182418241824182203e+00,5.101002935073489439e-03,-1.156511187066386514e-07
4.183918391839183570e+00,5.100864578564724000e-03,4.710491671774393952e-09
4.185418541854184937e+00,5.100726309083172122e-03,1.431663840240415376e-07
4.186918691869186304e+00,5.100588070352318239e-03,2.874796152203957068e-07
4.188418841884188559e+00,5.100449794528937389e-03,4.228979452158031021e-07
4.189918991899189926e+00,5.100311402203099552e-03,5.321538370496476776e-07
4.191419141914191293e+00,5.100172802398166179e-03,5.954644568462251730e-07
4.192919291929192660e+00,5.100033892570792794e-03,5.905316738144123471e-07
4.194419441944194027e+00,5.099894602404736119e-03,5.020593917124388808e-07
4.195919591959195394e+00,5.099755108546571991e-03,3.684364933804863193e-07
4.197419741974196761e+00,5.099615514869694673e-03,2.122574264705299285e-07
4.198919891989199016e+00,5.099475893614357006e-03,4.924081794625230409e-08
4.200420042004200383e+00,5.099336306818933427e-03,-1.071144229501557255e-07
4.201920192019201750e+00,5.099196806319921706e-03,-2.455291046985872812e-07
4.203420342034203117e+00,5.099057433751942939e-03,-3.569437535006257215e-07
4.204920492049204483e+00,5.098918220547741555e-03,-4.345186132796416811e-07
4.206420642064205850e+00,5.098779187938183577e-03,-4.736336456807925410e-07
4.207920792079207217e+00,5.098640346952259227e-03,-4.718885300710232761e-07
4.209420942094209472e+00,5.098501698417082922e-03,-4.291026635390285498e-07
4.210921092109210839e+00,5.098363232957890678e-03,-3.473151608953770168e-07
4.212421242124212206e+00,5.098224930998040971e-03,-2.307848546723645740e-07
4.213921392139213573e+00,5.098086762759017343e-03,-8.599029512408328825e-08
4.215421542154214940e+00,5.097948688260425798e-03,7.837024977358749756e-08
4.216921692169216307e+00,5.097810657319993936e-03,2.513787943229787295e-07
4.218421842184218562e+00,5.097672609553573556e-03,4.198976351047314865e-07
4.219921992199219929e+00,5.097534474375140651e-03,5.685693509773967571e-07
4.221422142214221296e+00,5.097396170996791945e-03,6.798168030780519738e-07
4.222922292229222663e+00,5.097257608428749226e-03,7.338431348218716732e-07
4.224422442244224030e+00,5.097118685479356745e-03,7.086317719022609036e-07
4.225922592259225397e+00,5.096979328462135708e-03,5.881377418253601623e-07
4.227422742274226763e+00,5.096839663052616862e-03,3.996692537066334460e-07
4.228922892289229019e+00,5.096699819378345230e-03,1.715519736754477174e-07
4.230423042304230385e+00,5.096559907463760891e-03,-7.226018965701702436e-08
4.231923192319231752e+00,5.096420022832927332e-03,-3.109701717893411853e-07
4.233423342334233119e+00,5.096280246509527975e-03,-5.269377523293306751e-07
4.234923492349234486e+00,5.096140645016871383e-03,-7.056795549941438562e-07
4.236423642364235853e+00,5.096001270377887790e-03,-8.358690476102906965e-07
4.237923792379237220e+00,5.095862160115130837e-03,-9.093365421136316054e-07
4.239423942394239475e+00,5.095723337250774969e-03,-9.210691945493672686e-07
4.240924092409240842e+00,5.095584810306618903e-03,-8.692110050720505071e-07
4.242424242424242209e+00,5.095446573304083897e-03,-7.550628179456222759e-07
4.243924392439243576e+00,5.095308605764212011e-03,-5.830823215433544893e-07
4.245424542454244943e+00,5.095170872707670447e-03,-3.608840483478675967e-07
4.246924692469246310e+00,5.095033324654748078e-03,-9.923937495113714738e-08
4.248424842484248565e+00,5.094895897625354581e-03,1.879234779456906511e-07
4.249924992499249932e+00,5.094758513139025641e-03,4.835194455315882721e-07
4.251425142514251299e+00,5.094621078214916013e-03,7.673066188866857563e-07
4.252925292529252665e+00,5.094483485371805592e-03,1.015886244981610766e-06
4.254425442544254032e+00,5.094345612628096813e-03,1.202702726677623266e-06
4.255925592559255399e+00,5.094207323501812046e-03,1.298043622726632036e-06
4.257425742574256766e+00,5.094068467010600537e-03,1.269039647771211617e-06
4.258925892589259021e+00,5.093928915898800550e-03,1.087977682609968477e-06
4.260426042604260388e+00,5.093788893714997976e-03,8.034708539934754724e-07
4.261926192619261755e+00,5.093648618896491446e-03,4.630856554155436842e-07
4.263426342634263122e+00,5.093508254844818055e-03,1.024177935790471029e-07
4.264926492649264489e+00,5.093367942506900337e-03,-2.478284106786412281e-07
4.266426642664265856e+00,5.093227800375050608e-03,-5.618400223856483644e-07
4.267926792679267223e+00,5.093087924486966629e-03,-8.186954924356028376e-07
4.269426942694269478e+00,5.092948388425733337e-03,-1.002364657587718406e-06
4.270927092709270845e+00,5.092809243319824583e-03,-1.101708740466404629e-06
4.272427242724272212e+00,5.092670517843097926e-03,-1.110480349561926287e-06
4.273927392739273579e+00,5.092532218214802439e-03,-1.027323479229919084e-06
4.275427542754274945e+00,5.092394328199571774e-03,-8.557735096915179789e-07
4.276927692769276312e+00,5.092256809107427624e-03,-6.042572070333573937e-07
4.278427842784278567e+00,5.092119599793777998e-03,-2.860927232073742795e-07
4.279927992799279934e+00,5.091982616659418946e-03,8.051040396840774302e-08
4.281428142814281301e+00,5.091845753650533699e-03,4.724512508110173248e-07
4.282928292829282668e+00,5.091708882258691796e-03,8.617375077718148815e-07
4.284428442844284035e+00,5.091571851520851691e-03,1.215485479436651412e-06
4.285928592859285402e+00,5.091434488019358148e-03,1.495920084525886286e-06
4.287428742874286769e+00,5.091296595881942243e-03,1.660374855894368292e-06
4.288928892889289024e+00,5.091157956781723094e-03,1.661291940531400590e-06
4.290429042904290391e+00,5.091018377930873334e-03,1.456672532785788713e-06
4.291929192919291758e+00,5.090878335968223797e-03,1.150299024711270589e-06
4.293429342934293125e+00,5.090738144376396289e-03,8.104621697558112037e-07
4.294929492949294492e+00,5.090597944209105524e-03,4.679069189526675934e-07
4.296429642964295859e+00,5.090457854385746668e-03,1.485539575178076494e-07
4.297929792979297225e+00,5.090317971691396201e-03,-1.265002951500862833e-07
4.299429942994299481e+00,5.090178370776809319e-03,-3.409836854697293208e-07
4.300930093009300847e+00,5.090039104158424269e-03,-4.834483256767572656e-07
4.302430243024302214e+00,5.089900202218356276e-03,-5.472705938245014309e-07
4.303930393039303581e+00,5.089761673204401884e-03,-5.306511337834370097e-07
4.305430543054304948e+00,5.089623503230039821e-03,-4.366148552413232593e-07
4.306930693069306315e+00,5.089485656274426659e-03,-2.730109337032115476e-07
4.308430843084308570e+00,5.089348074182400289e-03,-5.251281049129606407e-08
4.309930993099309937e+00,5.089210676664478183e-03,2.073818072545298918e-07
4.311431143114311304e+00,5.089073361296859999e-03,4.843509465774660980e-07
4.312931293129312671e+00,5.088936003521423238e-03,7.512483687033040719e-07
4.314431443144314038e+00,5.088798456645727587e-03,9.761035690405559259e-07
4.315931593159315405e+00,5.088660551843012317e-03,1.122121777180441661e-06
4.317431743174316772e+00,5.088522098152195410e-03,1.147683956896893192e-06
4.318931893189319027e+00,5.088382920139653508e-03,1.014552989557315524e-06
4.320432043204320394e+00,5.088243423980326648e-03,8.112275768710912641e-07
4.321932193219321761e+00,5.088103857329278820e-03,5.916854813714242039e-07
4.323432343234323127e+00,5.087964304902346802e-03,3.744015781566820081e-07
4.324932493249324494e+00,5.087824837424280433e-03,1.747997654290542673e-07
4.326432643264325861e+00,5.087685511628735682e-03,5.252964494554191309e-09
4.327932793279327228e+00,5.087546370258279847e-03,-1.249168802369846723e-07
4.329432943294329483e+00,5.087407442064388954e-03,-2.094388012519403082e-07
4.330933093309330850e+00,5.087268741807447758e-03,-2.450928079327349445e-07
4.332433243324332217e+00,5.087130270256753212e-03,-2.317098865581315140e-07
4.333933393339333584e+00,5.086992014190507526e-03,-1.721720003030096138e-07
4.335433543354334951e+00,5.086853946395825977e-03,-7.241208923842479813e-08
4.336933693369336318e+00,5.086716025668731704e-03,5.858592966838824575e-08
4.338433843384338573e+00,5.086578196814155704e-03,2.087871625541098238e-07
4.339933993399339940e+00,5.086440390645942042e-03,3.631057386589628586e-07
4.341434143414341307e+00,5.086302523986841774e-03,5.034048103272642015e-07
4.342934293429342674e+00,5.086164499668514687e-03,6.084965530070660207e-07
4.344434443444344041e+00,5.086026206531532763e-03,6.541421652502410331e-07
4.345934593459345407e+00,5.085887519425374113e-03,6.130518687124926694e-07
4.347434743474346774e+00,5.085748491985749194e-03,4.969071744115928303e-07
4.348934893489349029e+00,5.085609349831711826e-03,3.548955389383330887e-07
4.350435043504350396e+00,5.085470163821579487e-03,2.024774212994243592e-07
4.351935193519351763e+00,5.085330994641034351e-03,5.289389653115862854e-08
4.353435343534353130e+00,5.085191893147255997e-03,-8.275833649766767694e-08
4.354935493549354497e+00,5.085052900368924877e-03,-1.955269550858310364e-07
4.356435643564355864e+00,5.084914047506224923e-03,-2.786040126996813107e-07
4.357935793579357231e+00,5.084775355930837466e-03,-3.273259389731424838e-07
4.359435943594359486e+00,5.084636837185947320e-03,-3.391735397077056745e-07
4.360936093609360853e+00,5.084498492986237565e-03,-3.137719968724288190e-07
4.362436243624362220e+00,5.084360315217894763e-03,-2.528908686039740459e-07
4.363936393639363587e+00,5.084222285938603744e-03,-1.604440892065588665e-07
4.365436543654364954e+00,5.084084377377551082e-03,-4.248996915197586770e-08
4.366936693669366321e+00,5.083946551935425093e-03,9.276880492041236981e-08
4.368436843684368576e+00,5.083808762184412362e-03,2.349851702037501399e-07
4.369936993699369943e+00,5.083670950868203822e-03,3.716676877233538213e-07
4.371437143714371309e+00,5.083533050901986941e-03,4.881805423372153326e-07
4.372937293729372676e+00,5.083394985372453531e-03,5.677435427356789895e-07
4.374437443744374043e+00,5.083256667537794544e-03,5.914321214415146669e-07
4.375937593759375410e+00,5.083118001544893738e-03,5.383335673644038434e-07
4.377437743774376777e+00,5.082979013119376735e-03,4.140342598466439474e-07
4.378937893789379032e+00,5.082839837131696015e-03,2.479513581477489062e-07
4.380438043804380399e+00,5.082700566382634261e-03,6.034437828993781179e-08
4.381938193819381766e+00,5.082561282110192175e-03,-1.310513792034847615e-07
4.383438343834383133e+00,5.082422053989592813e-03,-3.110248293077443636e-07
4.384938493849384500e+00,5.082282940133277249e-03,-4.668891024966859247e-07
4.386438643864385867e+00,5.082143987090907179e-03,-5.884815447427730666e-07
4.387938793879387234e+00,5.082005229849365785e-03,-6.681637175170863033e-07
4.389438943894389489e+00,5.081866691832754267e-03,-7.008213977893317230e-07
4.390939093909390856e+00,5.081728384902395312e-03,-6.838645780277902716e-07
4.392439243924392223e+00,5.081590309356830495e-03,-6.172274661994352789e-07
4.393939393939393590e+00,5.081452453931823744e-03,-5.033684857698231913e-07
4.395439543954394956e+00,5.081314795800356138e-03,-3.472702757031336999e-07
4.396939693969396323e+00,5.081177300572630243e-03,-1.564396904621597880e-07
4.398439843984398578e+00,5.081039922296069246e-03,5.909219999181498322e-08
4.399939993999399945e+00,5.080902603455315220e-03,2.867701101984957605e-07
4.401440144014401312e+00,5.080765274972230856e-03,5.115145391993494225e-07
4.402940294029402679e+00,5.080627856205900336e-03,7.157217705371046185e-07
4.404440444044404046e+00,5.080490254952624123e-03,8.792638722558744821e-07
4.405940594059405413e+00,5.080352367445927636e-03,9.794886969011432906e-07
4.407440744074406780e+00,5.080214078356552580e-03,9.912198815197850996e-07
4.408940894089409035e+00,5.080075262635722934e-03,8.871581607721958992e-07
4.410441044104410402e+00,5.079935946756626922e-03,6.730352234587127368e-07
4.411941194119411769e+00,5.079796318011436766e-03,3.897289035250436170e-07
4.413441344134413136e+00,5.079656532468817404e-03,7.133097605250543918e-08
4.414941494149414503e+00,5.079516726685016047e-03,-2.523289734124026243e-07
4.416441644164415870e+00,5.079377017703860450e-03,-5.556835488579995519e-07
4.417941794179417236e+00,5.079237503056762380e-03,-8.174275438074217318e-07
4.419441944194419492e+00,5.079098260762714145e-03,-1.020517941318723653e-06
4.420942094209420858e+00,5.078959349328290331e-03,-1.152173913984431730e-06
4.422442244224422225e+00,5.078820807747646930e-03,-1.203876823932278258e-06
4.423942394239423592e+00,5.078682655502523083e-03,-1.171370222824673499e-06
4.425442544254424959e+00,5.078544892562239337e-03,-1.054659851858844383e-06
4.426942694269426326e+00,5.078407499383697649e-03,-8.580136417668389556e-07
4.428442844284428581e+00,5.078270436911383121e-03,-5.899617128153419373e-07
4.429942994299429948e+00,5.078133646577361396e-03,-2.632963748063593358e-07
4.431443144314431315e+00,5.077997050301282130e-03,1.049278729237444172e-07
4.432943294329432682e+00,5.077860550490374651e-03,4.933943415036475080e-07
4.434443444344434049e+00,5.077724030039451435e-03,8.765241525272169603e-07
4.435943594359435416e+00,5.077587352330907230e-03,1.224476238053490847e-06
4.437443744374436783e+00,5.077450361234719066e-03,1.503147340606704550e-06
4.438943894389439038e+00,5.077312881108443643e-03,1.674172013176319661e-06
4.440444044404440405e+00,5.077174716797222542e-03,1.694922619216707514e-06
4.441944194419441772e+00,5.077035660469346456e-03,1.520001458626557736e-06
4.443444344434443138e+00,5.076895967280373526e-03,1.205093376724250245e-06
4.444944494449444505e+00,5.076756009090199057e-03,8.314158716215373914e-07
4.446444644464445872e+00,5.076615963184202135e-03,4.377177906408202434e-07
4.447944794479447239e+00,5.076475981447982344e-03,5.719664905803390968e-08
4.449444944494449494e+00,5.076336190367356296e-03,-2.825013698975364775e-07
4.450945094509450861e+00,5.076196691028361969e-03,-5.592814150424756454e-07
4.452445244524452228e+00,5.076057559117254370e-03,-7.565999672404646844e-07
4.453945394539453595e+00,5.075918844920508134e-03,-8.634648394014350738e-07
4.455445544554454962e+00,5.075780573324817531e-03,-8.744351764817836165e-07
4.456945694569456329e+00,5.075642743817096458e-03,-7.896214554843737095e-07
4.458445844584458584e+00,5.075505330484474976e-03,-6.146854854584053245e-07
4.459945994599459951e+00,5.075368282014306245e-03,-3.608404074998876520e-07
4.461446144614461318e+00,5.075231521694160454e-03,-4.485069475100890909e-08
4.462946294629462685e+00,5.075094947411825687e-03,3.109678475995072717e-07
4.464446444644464052e+00,5.074958431655310527e-03,6.787480823164571112e-07
4.465946594659465418e+00,5.074821821512843188e-03,1.025071540118186965e-06
4.467446744674466785e+00,5.074684938672869780e-03,1.310968419676565583e-06
4.468946894689469040e+00,5.074547579424056043e-03,1.491917587617065001e-06
4.470447044704470407e+00,5.074409514655286481e-03,1.517846578518388058e-06
4.471947194719471774e+00,5.074270531842730095e-03,1.342305594266864095e-06
4.473447344734473141e+00,5.074131140143145306e-03,1.076539284367207391e-06
4.474947494749474508e+00,5.073991662987033247e-03,7.912363868395788481e-07
4.476447644764475875e+00,5.073852208642708368e-03,5.100738997262849822e-07
4.477947794779477242e+00,5.073712867223783424e-03,2.527588794566358372e-07
4.479447944794479497e+00,5.073573710689172067e-03,3.502844084682978742e-08
4.480948094809480864e+00,5.073434792843087120e-03,-1.313502428995537009e-07
4.482448244824482231e+00,5.073296149335039702e-03,-2.385799401923372573e-07
4.483948394839483598e+00,5.073157797659840103e-03,-2.828333610541989531e-07
4.485448544854484965e+00,5.073019737157599511e-03,-2.642531571208133327e-07
4.486948694869486332e+00,5.072881949013726549e-03,-1.869519216408505663e-07
4.488448844884488587e+00,5.072744396258929873e-03,-5.901218947588814685e-08
4.489948994899489954e+00,5.072607023769219042e-03,1.075135628992522026e-07
4.491449144914491320e+00,5.072469758265900179e-03,2.966029173969706091e-07
4.492949294929492687e+00,5.072332508315581176e-03,4.882635143166088929e-07
4.494449444944494054e+00,5.072195164330166491e-03,6.585330523445127195e-07
4.495949594959495421e+00,5.072057598566863217e-03,7.794792885540295870e-07
4.497449744974496788e+00,5.071919665128175013e-03,8.192000384055157089e-07
4.498949894989499043e+00,5.071781206264281729e-03,7.432008784063973486e-07
4.500450045004500410e+00,5.071642433839185400e-03,5.977901725141316844e-07
4.501950195019501777e+00,5.071503583369275404e-03,4.344639385978398034e-07
4.503450345034503144e+00,5.071364724019171086e-03,2.683550930548874071e-07
4.504950495049504511e+00,5.071225914198049245e-03,1.122434493091786944e-07
4.506450645064505878e+00,5.071087201559644139e-03,-2.344428218884480305e-08
4.507950795079507245e+00,5.070948623002251819e-03,-1.306344939622035327e-07
4.509450945094509500e+00,5.070810204668722322e-03,-2.036066815074118434e-07
4.510951095109510867e+00,5.070671961946469214e-03,-2.389934432943275316e-07
4.512451245124512234e+00,5.070533899467460047e-03,-2.357804807664116682e-07
4.513951395139513600e+00,5.070396011108225034e-03,-1.953065983405347344e-07
4.515451545154514967e+00,5.070258279989850111e-03,-1.212637034070296666e-07
4.516951695169516334e+00,5.070120678477980404e-03,-1.969680632968952761e-08
4.518451845184518589e+00,5.069983168182820230e-03,1.009959795543041739e-07
4.519951995199519956e+00,5.069845699959132229e-03,2.300634379340823748e-07
4.521452145214521323e+00,5.069708213906238235e-03,3.544012495255319322e-07
4.522952295229522690e+00,5.069570639368017537e-03,4.585519920710061496e-07
4.524452445244524057e+00,5.069432894932907746e-03,5.247051403394015929e-07
4.525952595259525424e+00,5.069294888433906535e-03,5.326970661261495135e-07
4.527452745274526791e+00,5.069156534650806276e-03,4.638810280558824880e-07
4.528952895289529046e+00,5.069017957396029089e-03,3.453205028160473627e-07
4.530453045304530413e+00,5.068879267840624772e-03,2.013401818019985312e-07
4.531953195319531780e+00,5.068740536895668947e-03,4.746327217735126905e-08
4.533453345334533147e+00,5.068601825813508557e-03,-1.029013407614162254e-07
4.534953495349534514e+00,5.068463186187762738e-03,-2.384590935850219112e-07
4.536453645364535880e+00,5.068324659953322812e-03,-3.500297447313802758e-07
4.537953795379537247e+00,5.068186279386350558e-03,-4.305473745056021759e-07
4.539453945394539502e+00,5.068048067104279075e-03,-4.750603850800100842e-07
4.540954095409540869e+00,5.067910036065814521e-03,-4.807315004940534921e-07
4.542454245424542236e+00,5.067772189570933505e-03,-4.468377666544711163e-07
4.543954395439543603e+00,5.067634521260883963e-03,-3.747705513351607733e-07
4.545454545454544970e+00,5.067497015118187752e-03,-2.680355441772158021e-07
4.546954695469546337e+00,5.067359645466634581e-03,-1.322527566889256993e-07
4.548454845484548592e+00,5.067222376971289820e-03,2.484347775431832495e-08
4.549954995499549959e+00,5.067085164638485822e-03,1.934045039096444588e-07
4.551455145514551326e+00,5.066947953815831469e-03,3.614673446672579008e-07
4.552955295529552693e+00,5.066810680192203493e-03,5.149547010500828828e-07
4.554455445544554060e+00,5.066673269797752552e-03,6.376749522138482199e-07
4.555955595559555427e+00,5.066535639003898021e-03,7.113221554470788936e-07
4.557455745574556794e+00,5.066397694523334938e-03,7.154760461711141039e-07
4.558955895589559049e+00,5.066259337312657880e-03,6.284534140850846604e-07
4.560456045604560416e+00,5.066120592925663774e-03,4.558053786299039580e-07
4.561956195619561782e+00,5.065981601170359803e-03,2.281362441723489277e-07
4.563456345634563149e+00,5.065842485793939885e-03,-2.744850363844962175e-08
4.564956495649564516e+00,5.065703355254616048e-03,-2.871921762253297940e-07
4.566456645664565883e+00,5.065564302721614100e-03,-5.306868820831005113e-07
4.567956795679567250e+00,5.065425406075176225e-03,-7.408735267785399260e-07
4.569456945694569505e+00,5.065286727906560121e-03,-9.040418129504775831e-07
4.570957095709570872e+00,5.065148315518038999e-03,-1.009830240309432207e-06
4.572457245724572239e+00,5.065010200922902446e-03,-1.051226105638207909e-06
4.573957395739573606e+00,5.064872400845453829e-03,-1.024565502791463679e-06
4.575457545754574973e+00,5.064734916721013759e-03,-9.295333226958291152e-07
4.576957695769576340e+00,5.064597734695918362e-03,-7.691632533499028334e-07
4.578457845784578595e+00,5.064460825627519272e-03,-5.498377798241108019e-07
4.579957995799579962e+00,5.064324145084182771e-03,-2.812881842612570188e-07
4.581458145814581329e+00,5.064187633345292386e-03,2.340545412426539386e-08
4.582958295829582696e+00,5.064051215401245420e-03,3.478142590459628466e-07
4.584458445844584062e+00,5.063914800953456426e-03,6.721605571453974013e-07
4.585958595859585429e+00,5.063778284414355464e-03,9.733178779921470665e-07
4.587458745874586796e+00,5.063641544907386376e-03,1.224810954083813526e-06
4.588958895889589051e+00,5.063504446267011114e-03,1.396815720846110709e-06
4.590459045904590418e+00,5.063366837038705409e-03,1.456159316632491298e-06
4.591959195919591785e+00,5.063228550478962239e-03,1.366320082724774913e-06
4.593459345934593152e+00,5.063089627330605649e-03,1.136205532840174918e-06
4.594959495949594519e+00,5.062950522821378294e-03,8.654988328609935451e-07
4.596459645964595886e+00,5.062811371026318570e-03,5.835817331894738869e-07
4.597959795979597253e+00,5.062672274823164058e-03,3.130018660750286990e-07
4.599459945994599508e+00,5.062533318922321848e-03,7.232541477160275788e-08
4.600960096009600875e+00,5.062394569866869413e-03,-1.238628864617763551e-07
4.602460246024602242e+00,5.062256076032552871e-03,-2.649597523618652983e-07
4.603960396039603609e+00,5.062117867627787850e-03,-3.443433466606064346e-07
4.605460546054604976e+00,5.061979956693662096e-03,-3.593732820852788158e-07
4.606960696069606342e+00,5.061842337103929397e-03,-3.113906203585024169e-07
4.608460846084607709e+00,5.061704984565015657e-03,-2.057178721982332664e-07
4.609960996099609964e+00,5.061567856616016291e-03,-5.165899731766201373e-08
4.611461146114611331e+00,5.061430892628695360e-03,1.375005955743862713e-07
4.612961296129612698e+00,5.061294013807485573e-03,3.444940487740168573e-07
4.614461446144614065e+00,5.061157123189493484e-03,5.480730555819185976e-07
4.615961596159615432e+00,5.061020105644489959e-03,7.230078603034402688e-07
4.617461746174616799e+00,5.060882827874919714e-03,8.400872582485953357e-07
4.618961896189619054e+00,5.060745138415893504e-03,8.661185957320366456e-07
4.620462046204620421e+00,5.060606891161938126e-03,7.690821868501455193e-07
4.621962196219621788e+00,5.060468379012238518e-03,6.131452211703014101e-07
4.623462346234623155e+00,5.060329803244192209e-03,4.424178015791595495e-07
4.624962496249624522e+00,5.060191232438566999e-03,2.719382487000937306e-07
4.626462646264625889e+00,5.060052724057388478e-03,1.143069336359297458e-07
4.627962796279627256e+00,5.059914324443942624e-03,-2.031372203105503680e-08
4.629462946294629511e+00,5.059776068822774073e-03,-1.241992462391827598e-07
4.630963096309630878e+00,5.059637981299687851e-03,-1.920631164471471721e-07
4.632463246324632244e+00,5.059500074861748506e-03,-2.210567596343884407e-07
4.633963396339633611e+00,5.059362351377280111e-03,-2.107695523008226297e-07
4.635463546354634978e+00,5.059224801595866260e-03,-1.632288204669157097e-07
4.636963696369636345e+00,5.059087405148350071e-03,-8.289983967368027563e-08
4.638463846384637712e+00,5.058950130546833318e-03,2.331416501732254756e-08
4.639963996399639967e+00,5.058812935184678165e-03,1.460720190240573260e-07
4.641464146414641334e+00,5.058675765336506300e-03,2.735945982437147849e-07
4.642964296429642701e+00,5.058538556158198932e-03,3.916648290531571891e-07
4.644464446444644068e+00,5.058401231686897662e-03,4.836276883086293462e-07
4.645964596459645435e+00,5.058263704841001011e-03,5.303902033458246747e-07
4.647464746474646802e+00,5.058125877420170495e-03,5.104214519798943100e-07
4.648964896489649057e+00,5.057987724184085862e-03,4.181771318464825595e-07
4.650465046504650424e+00,5.057849416758864076e-03,2.912706142209698168e-07
4.651965196519651791e+00,5.057711033564245458e-03,1.469049806604025098e-07
4.653465346534653158e+00,5.057572638738544457e-03,-8.482953478753926178e-10
4.654965496549654524e+00,5.057434287032524026e-03,-1.399772145012766049e-07
4.656465646564655891e+00,5.057296023809401686e-03,-2.605292516819694138e-07
4.657965796579657258e+00,5.057157885044843461e-03,-3.546113559568788951e-07
4.659465946594659513e+00,5.057019897326969944e-03,-4.163899505777119550e-07
4.660966096609660880e+00,5.056882077856350230e-03,-4.420909329808312273e-07
4.662466246624662247e+00,5.056744434446006249e-03,-4.299996747874782669e-07
4.663966396639663614e+00,5.056606965521411902e-03,-3.804610218036036140e-07
4.665466546654664981e+00,5.056469660120490456e-03,-2.958792940199138039e-07
4.666966696669666348e+00,5.056332497893618015e-03,-1.807182856118728500e-07
4.668466846684667715e+00,5.056195449103621786e-03,-4.150126493970023133e-08
4.669966996699669970e+00,5.056058474625781812e-03,1.131890254517240803e-07
4.671467146714671337e+00,5.055921525947826636e-03,2.727103688324784029e-07
4.672967296729672704e+00,5.055784545169937638e-03,4.243610742881620391e-07
4.674467446744674071e+00,5.055647465004749035e-03,5.533799767195273456e-07
4.675967596759675438e+00,5.055510208777343542e-03,6.429464368425760838e-07
4.677467746774676804e+00,5.055372690425258449e-03,6.741803411885493077e-07
4.678967896789679060e+00,5.055234814498479542e-03,6.261421021038796662e-07
4.680468046804680426e+00,5.055096537028830501e-03,4.891595719362395982e-07
4.681968196819681793e+00,5.054957978012980177e-03,2.895349788724656189e-07
4.683468346834683160e+00,5.054819260275501998e-03,5.423058801813311462e-08
4.684968496849684527e+00,5.054680492026519117e-03,-1.929992515735579085e-07
4.686468646864685894e+00,5.054541766982633723e-03,-4.315817251235070532e-07
4.687968796879687261e+00,5.054403164366927034e-03,-6.441255521267136371e-07
4.689468946894689516e+00,5.054264748908960173e-03,-8.164209863523653133e-07
4.690969096909690883e+00,5.054126570844773292e-03,-9.374398158434519295e-07
4.692469246924692250e+00,5.053988665916884712e-03,-9.993353629173898971e-07
4.693969396939693617e+00,5.053851055374293522e-03,-9.974424841655779221e-07
4.695469546954694984e+00,5.053713745972476107e-03,-9.302775704535191903e-07
4.696969696969696351e+00,5.053576729973387888e-03,-7.995385469208114140e-07
4.698469846984697718e+00,5.053439985145465919e-03,-6.101048729811542435e-07
4.699969996999699973e+00,5.053303474763623689e-03,-3.700375423221944727e-07
4.701470147014701340e+00,5.053167147609255450e-03,-9.057908290611758456e-08
4.702970297029702706e+00,5.053030937970232755e-03,2.138464430311992280e-07
4.704470447044704073e+00,5.052894765640907060e-03,5.256334389796579315e-07
4.705970597059705440e+00,5.052758535922110585e-03,8.239947741550550605e-07
4.707470747074706807e+00,5.052622139621151982e-03,1.084961783499096117e-06
4.708970897089709062e+00,5.052485453051821541e-03,1.281384267679468149e-06
4.710471047104710429e+00,5.052348338034385981e-03,1.382930493089422431e-06
4.711971197119711796e+00,5.052210641895592790e-03,1.356087191848498781e-06
4.713471347134713163e+00,5.052072248160751830e-03,1.175282594106687995e-06
4.714971497149714530e+00,5.051933541688600864e-03,9.249631963104413258e-07
4.716471647164715897e+00,5.051794739777627254e-03,6.528347999008980432e-07
4.717971797179717264e+00,5.051655950913481151e-03,3.827261698620406899e-07
4.719471947194719519e+00,5.051517265799961194e-03,1.345605456201095122e-07
4.720972097209720886e+00,5.051378757359020581e-03,-7.564435895582431107e-08
4.722472247224722253e+00,5.051240480730760998e-03,-2.357763555547547233e-07
4.723972397239723620e+00,5.051102473273436089e-03,-3.376287814231256324e-07
4.725472547254724986e+00,5.050964754563451453e-03,-3.769004993649887770e-07
4.726972697269726353e+00,5.050827326395361180e-03,-3.531958977420005494e-07
4.728472847284727720e+00,5.050690172781873051e-03,-2.700248904734249608e-07
4.729972997299729975e+00,5.050553259953845069e-03,-1.348029170360398319e-07
4.731473147314731342e+00,5.050416536360285459e-03,4.114905753551253481e-08
4.732973297329732709e+00,5.050279932668355273e-03,2.426045426492136704e-07
4.734473447344734076e+00,5.050143361763364917e-03,4.504315221553704655e-07
4.735973597359735443e+00,5.050006718748777622e-03,6.415924543466849452e-07
4.737473747374736810e+00,5.049869880946205106e-03,7.891442719582521510e-07
4.738973897389739065e+00,5.049732707895411912e-03,8.622383821675741171e-07
4.740474047404740432e+00,5.049595041354315410e-03,8.261206665944366273e-07
4.741974197419741799e+00,5.049456902580667234e-03,6.854494017739394942e-07
4.743474347434743166e+00,5.049318648122616028e-03,5.185170924013540151e-07
4.744974497449744533e+00,5.049180363330612459e-03,3.440784045560354950e-07
4.746474647464745900e+00,5.049042112792715385e-03,1.763273265329472336e-07
4.747974797479747266e+00,5.048903949761313417e-03,2.696686777280872046e-08
4.749474947494749522e+00,5.048765916153125782e-03,-9.479094113796725693e-08
4.750975097509750888e+00,5.048628042549200591e-03,-1.822250484670028748e-07
4.752475247524752255e+00,5.048490348194917439e-03,-2.311053813363920770e-07
4.753975397539753622e+00,5.048352840999985672e-03,-2.396928457223947965e-07
4.755475547554754989e+00,5.048215517538442651e-03,-2.087393264555120235e-07
4.756975697569756356e+00,5.048078363048658958e-03,-1.414876872204905697e-07
4.758475847584757723e+00,5.047941351433332322e-03,-4.367177055631989253e-08
4.759975997599759978e+00,5.047804445259491957e-03,7.648360214384117371e-08
4.761476147614761345e+00,5.047667595758497695e-03,2.082626306323657326e-07
4.762976297629762712e+00,5.047530742826039120e-03,3.384585358075969006e-07
4.764476447644764079e+00,5.047393815022133828e-03,4.513735597135657449e-07
4.765976597659765446e+00,5.047256729571131771e-03,5.288189655400590991e-07
4.767476747674766813e+00,5.047119392361711782e-03,5.501150376226245396e-07
4.768976897689769068e+00,5.046981703361714221e-03,4.932801003852887379e-07
4.770477047704770435e+00,5.046843758028482507e-03,3.792680139612133320e-07
4.771977197719771802e+00,5.046705691714915669e-03,2.378193652179690736e-07
4.773477347734773168e+00,5.046567576664068994e-03,8.481854757019776257e-08
4.774977497749774535e+00,5.046429475335589311e-03,-6.600108419864415195e-08
4.776477647764775902e+00,5.046291440405717595e-03,-2.030572139362864184e-07
4.777977797779777269e+00,5.046153514767288961e-03,-3.169185641216433417e-07
4.779477947794779524e+00,5.046015731529733539e-03,-4.003048958648553408e-07
4.780978097809780891e+00,5.045878114019073865e-03,-4.480870089071073661e-07
4.782478247824782258e+00,5.045740675777927488e-03,-4.572867416209318195e-07
4.783978397839783625e+00,5.045603420565503497e-03,-4.270769710099867375e-07
4.785478547854784992e+00,5.045466342357608595e-03,-3.587816127091163544e-07
4.786978697869786359e+00,5.045329425346640161e-03,-2.558756209843512079e-07
4.788478847884787726e+00,5.045192643941590581e-03,-1.239849887329063395e-07
4.789978997899789981e+00,5.045055962768046388e-03,2.911325251691367974e-08
4.791479147914791348e+00,5.044919336668188259e-03,1.934910326053340601e-07
4.792979297929792715e+00,5.044782710700790145e-03,3.570692427416678293e-07
4.794479447944794082e+00,5.044646020141220141e-03,5.056177355039555264e-07
4.795979597959795449e+00,5.044509190481439621e-03,6.227553248390520218e-07
4.797479747974796815e+00,5.044372137430004101e-03,6.899497860626263590e-07
4.798979897989799071e+00,5.044234766912064107e-03,6.865178558591365024e-07
4.800480048004800437e+00,5.044096984427199129e-03,5.916773394879110388e-07
4.801980198019801804e+00,5.043958845345519575e-03,4.175606558424364520e-07
4.803480348034803171e+00,5.043820486426625616e-03,1.942418969355022760e-07
4.804980498049804538e+00,5.043682024900791351e-03,-5.248803182143023146e-08
4.806480648064805905e+00,5.043543563161157622e-03,-3.001023351358670432e-07
4.807980798079807272e+00,5.043405188763732012e-03,-5.293383278342793508e-07
4.809480948094809527e+00,5.043266974427391448e-03,-7.241974348622077500e-07
4.810981098109810894e+00,5.043128978033878732e-03,-8.719451912838212538e-07
4.812481248124812261e+00,5.042991242627805140e-03,-9.631112422826185301e-07
4.813981398139813628e+00,5.042853796416648694e-03,-9.914893431609391637e-07
4.815481548154814995e+00,5.042716652770756758e-03,-9.541373593400868993e-07
4.816981698169816362e+00,5.042579810223341702e-03,-8.513772663603332418e-07
4.818481848184817729e+00,5.042443252470486109e-03,-6.867951498809161853e-07
4.819981998199819984e+00,5.042306948371137569e-03,-4.672412056798949476e-07
4.821482148214821351e+00,5.042170851947113015e-03,-2.028297396547057289e-07
4.822982298229822717e+00,5.042034902383096991e-03,9.306083217862856937e-08
4.824482448244824084e+00,5.041899024026639912e-03,4.037879836850003952e-07
4.825982598259825451e+00,5.041763126388160675e-03,7.094450786103455541e-07
4.827482748274826818e+00,5.041627104140946648e-03,9.868613705816190681e-07
4.828982898289829073e+00,5.041490837121151945e-03,1.209602003106933666e-06
4.830483048304830440e+00,5.041354190327798288e-03,1.347968009575035577e-06
4.831983198319831807e+00,5.041217013922774139e-03,1.368996313256146160e-06
4.833483348334833174e+00,5.041079145117378577e-03,1.236874570525194565e-06
4.834983498349834541e+00,5.040940804928749353e-03,1.000196138842693534e-06
4.836483648364835908e+00,5.040802328028442560e-03,7.325775633893408251e-07
4.837983798379837275e+00,5.040663829423743143e-03,4.593353793530957443e-07
4.839483948394839530e+00,5.040525406243067524e-03,2.018506756608413786e-07
4.840984098409840897e+00,5.040387137735964466e-03,-2.243090502101676377e-08
4.842484248424842264e+00,5.040249085273112474e-03,-1.999991662874799479e-07
4.843984398439843631e+00,5.040111292346323262e-03,-3.212793579943226321e-07
4.845484548454844997e+00,5.039973784568539152e-03,-3.806321762582534038e-07
4.846984698469846364e+00,5.039836569673832208e-03,-3.763537634569145561e-07
4.848484848484847731e+00,5.039699637517410305e-03,-3.106757082288789118e-07
4.849984998499849986e+00,5.039562960075607591e-03,-1.897650454735699898e-07
4.851485148514851353e+00,5.039426491445892289e-03,-2.372425635157816073e-08
4.852985298529852720e+00,5.039290167846865835e-03,1.734087317157766339e-07
4.854485448544854087e+00,5.039153907618255934e-03,3.836605450461872780e-07
4.855985598559855454e+00,5.039017611220927839e-03,5.851223636964061734e-07
4.857485748574856821e+00,5.038881161236872207e-03,7.519499214622614395e-07
4.858985898589859076e+00,5.038744422369216373e-03,8.543635058786748068e-07
4.860486048604860443e+00,5.038607241442215681e-03,8.586479582194669052e-07
4.861986198619861810e+00,5.038469512228998214e-03,7.414179783303612741e-07
4.863486348634863177e+00,5.038331579079185704e-03,5.784465085370094456e-07
4.864986498649864544e+00,5.038193589411147331e-03,4.021871324872890573e-07
4.866486648664865911e+00,5.038055613101283768e-03,2.280296239142067562e-07
4.867986798679867277e+00,5.037917708453334455e-03,6.881512132967177432e-08
4.869486948694869533e+00,5.037779922198374997e-03,-6.516387197557426900e-08
4.870987098709870899e+00,5.037642289494819771e-03,-1.661634879316559824e-07
4.872487248724872266e+00,5.037504833928416713e-03,-2.289884936900452641e-07
4.873987398739873633e+00,5.037367567512254264e-03,-2.509922916232255595e-07
4.875487548754875000e+00,5.037230490686755296e-03,-2.320769193247764581e-07
4.876987698769876367e+00,5.037093592319680582e-03,-1.746930496093752822e-07
4.878487848784877734e+00,5.036956849706127927e-03,-8.383999051279751005e-08
4.879987998799879989e+00,5.036820228568532169e-03,3.293431470816030386e-08
4.881488148814881356e+00,5.036683683056666049e-03,1.655332875753823735e-07
4.882988298829882723e+00,5.036547155747636735e-03,3.013117143898623855e-07
4.884488448844884090e+00,5.036410577645890167e-03,4.250757462314339842e-07
4.885988598859885457e+00,5.036273868183209317e-03,5.190828989588311756e-07
4.887488748874886824e+00,5.036136935218714188e-03,5.630420532096954209e-07
4.888988898889889079e+00,5.035999675038860951e-03,5.341134544005220624e-07
4.890489048904890446e+00,5.035862084279717210e-03,4.315430875254405699e-07
4.891989198919891813e+00,5.035724341985479101e-03,2.947453927304414850e-07
4.893489348934893179e+00,5.035586527059706524e-03,1.411066628362319924e-07
4.894989498949894546e+00,5.035448706513779432e-03,-1.460666347247303392e-08
4.896489648964895913e+00,5.035310937338521343e-03,-1.598361578914725472e-07
4.897989798979897280e+00,5.035173266504191537e-03,-2.842314024970790103e-07
4.899489948994899535e+00,5.035035730960491125e-03,-3.796499897461660417e-07
4.900990099009900902e+00,5.034898357636558713e-03,-4.401575224759582980e-07
4.902490249024902269e+00,5.034761163440974741e-03,-4.620276139043782280e-07
4.903990399039903636e+00,5.034624155261758008e-03,-4.437418876297940807e-07
4.905490549054905003e+00,5.034487329966366546e-03,-3.859899776310894677e-07
4.906990699069906370e+00,5.034350674401697617e-03,-2.916695282676618809e-07
4.908490849084907737e+00,5.034214165394088579e-03,-1.658861942794222689e-07
4.909990999099909992e+00,5.034077769749316020e-03,-1.595364078670027555e-08
4.911491149114911359e+00,5.033941444252597493e-03,1.486064567093820602e-07
4.912991299129912726e+00,5.033805135668588046e-03,3.160644123274518228e-07
4.914491449144914093e+00,5.033668780741382826e-03,4.724825298055433893e-07
4.915991599159915459e+00,5.033532306194516207e-03,6.017151025011764094e-07
4.917491749174916826e+00,5.033395628730963529e-03,6.854084133913547995e-07
4.918991899189919081e+00,5.033258655033136762e-03,7.030007350725516554e-07
4.920492049204920448e+00,5.033121282894446359e-03,6.319709350939677877e-07
4.921992199219921815e+00,5.032983520510163171e-03,4.740880159295439930e-07
4.923492349234923182e+00,5.032845509048812851e-03,2.604501845134533851e-07
4.924992499249924549e+00,5.032707369405216465e-03,1.771275650239245580e-08
4.926492649264925916e+00,5.032569207539837504e-03,-2.307616436647328891e-07
4.927992799279927283e+00,5.032431114478774087e-03,-4.649030827668074363e-07
4.929492949294929538e+00,5.032293166313765893e-03,-6.679343188006157199e-07
4.930993099309930905e+00,5.032155424202190697e-03,-8.263708009803775302e-07
4.932493249324932272e+00,5.032017934367066098e-03,-9.300206697384834555e-07
4.933993399339933639e+00,5.031880728097047790e-03,-9.719847567249836982e-07
4.935493549354935006e+00,5.031743821746429562e-03,-9.486565848077187292e-07
4.936993699369936373e+00,5.031607216735145896e-03,-8.597223680723205585e-07
4.938493849384937739e+00,5.031470899548768499e-03,-7.081610118222110415e-07
4.939993999399939995e+00,5.031334841738509776e-03,-5.002441125784652945e-07
4.941494149414941361e+00,5.031198999921219356e-03,-2.455359580803406671e-07
4.942994299429942728e+00,5.031063315779386695e-03,4.310647271547510580e-08
4.944494449444944095e+00,5.030927716061139345e-03,3.495335096343947531e-07
4.945994599459945462e+00,5.030792112580245549e-03,6.543027912840385117e-07
4.947494749474946829e+00,5.030656402216110781e-03,9.346792650542384675e-07
4.948994899489949084e+00,5.030520466913780339e-03,1.164635187117148775e-06
4.950495049504950451e+00,5.030384173683936748e-03,1.314850122426733098e-06
4.951995199519951818e+00,5.030247374602904095e-03,1.352710944719601582e-06
4.953495349534953185e+00,5.030109906812643694e-03,1.242311836514413380e-06
4.954995499549954552e+00,5.029971905916878240e-03,1.013526265842258224e-06
4.956495649564955919e+00,5.029833751118623943e-03,7.499426536895922261e-07
4.957995799579957286e+00,5.029695560171268572e-03,4.775385931590040767e-07
4.959495949594959541e+00,5.029557432561520061e-03,2.182621585274231070e-07
4.960996099609960908e+00,5.029419449892862798e-03,-9.883591412525780763e-09
4.962496249624962275e+00,5.029281675885558488e-03,-1.928406133534621093e-07
4.963996399639963641e+00,5.029144156376647024e-03,-3.204958794726097864e-07
4.965496549654965008e+00,5.029006919319944750e-03,-3.866813774319606885e-07
4.966996699669966375e+00,5.028869974786046200e-03,-3.891741103782723311e-07
4.968496849684967742e+00,5.028733314962321489e-03,-3.296960969430687161e-07
4.969996999699969997e+00,5.028596914152920656e-03,-2.139143712425558400e-07
4.971497149714971364e+00,5.028460728778768457e-03,-5.144098287793234330e-08
4.972997299729972731e+00,5.028324697377569569e-03,1.441670030650297708e-07
4.974497449744974098e+00,5.028188740603803386e-03,3.554075060157410848e-07
4.975997599759975465e+00,5.028052761228727491e-03,5.608334299188435778e-07
4.977497749774976832e+00,5.027916644140377651e-03,7.350526632342143304e-07
4.978997899789979087e+00,5.027780256343565221e-03,8.487280789370067125e-07
4.980498049804980454e+00,5.027643446959881475e-03,8.685775345174160722e-07
4.981998199819981821e+00,5.027506079168077638e-03,7.644175905033296400e-07
4.983498349834983188e+00,5.027368455577719587e-03,6.029789043577821756e-07
4.984998499849984555e+00,5.027230762281500662e-03,4.253142723892543350e-07
4.986498649864985921e+00,5.027093072272934872e-03,2.475351265614440430e-07
4.987998799879987288e+00,5.026955446750665593e-03,8.314964330316365537e-08
4.989498949894989543e+00,5.026817935118463830e-03,-5.693725649173415580e-08
4.990999099909990910e+00,5.026680574985231686e-03,-1.644239074640399830e-07
4.992499249924992277e+00,5.026543392165002365e-03,-2.336118997896908734e-07
4.993999399939993644e+00,5.026406400676934963e-03,-2.614060791794201868e-07
4.995499549954995011e+00,5.026269602745322279e-03,-2.473145468788454754e-07
4.996999699969996378e+00,5.026132988799583007e-03,-1.934486596684712364e-07
4.998499849984997745e+00,5.025996537474266938e-03,-1.045230298636880651e-07
5.000000000000000000e+00,5.025860215609054098e-03,1.214447468530548403e-08
5.001500150015001367e+00,5.025723978248753006e-03,1.466327305932030473e-07
5.003000300030002734e+00,5.025587768643302415e-03,2.864173589400168275e-07
5.004500450045004101e+00,5.025451518247770442e-03,4.163707252708135839e-07
5.006000600060005468e+00,5.025315146722353701e-03,5.187619395957728133e-07
5.007500750075006835e+00,5.025178561932380772e-03,5.732568563901872787e-07
5.009000900090009090e+00,5.025041659948306996e-03,5.569180745944293406e-07
5.010501050105010457e+00,5.024904399172201545e-03,4.605556394356764246e-07
5.012001200120011823e+00,5.024766964091679708e-03,3.248666800291301484e-07
5.013501350135013190e+00,5.024629443967002992e-03,1.695603769638944087e-07
5.015001500150014557e+00,5.024491908833443252e-03,1.010324564056647918e-08
5.016501650165015924e+00,5.024354418445174317e-03,-1.403085725966754440e-07
5.018001800180017291e+00,5.024217022275273732e-03,-2.707493104600739367e-07
5.019501950195019546e+00,5.024079759515721021e-03,-3.725635747183410511e-07
5.021002100210020913e+00,5.023942659077400286e-03,-4.393663461964346460e-07
5.022502250225022280e+00,5.023805739590095874e-03,-4.670429797759273754e-07
5.024002400240023647e+00,5.023669009402495847e-03,-4.537492043947408265e-07
5.025502550255025014e+00,5.023532466582192844e-03,-3.999111230472173053e-07
5.027002700270026381e+00,5.023396098915679751e-03,-3.082252127841180368e-07
5.028502850285027748e+00,5.023259883908353166e-03,-1.836583247126246474e-07
5.030003000300030003e+00,5.023123788784513398e-03,-3.344768399624228523e-08
5.031503150315031370e+00,5.022987770487361871e-03,1.328991101448228674e-07
5.033003300330032737e+00,5.022851775679003719e-03,3.036040844342159129e-07
5.034503450345034103e+00,5.022715740740446924e-03,4.646188915390673198e-07
5.036003600360035470e+00,5.022579591771603180e-03,5.996248100701061079e-07
5.037503750375036837e+00,5.022443244591284425e-03,6.900327445816231605e-07
5.039003900390039092e+00,5.022306604737207178e-03,7.149832255714922424e-07
5.040504050405040459e+00,5.022169567678950661e-03,6.513933048591047344e-07
5.042004200420041826e+00,5.022032127837452488e-03,4.979978864009877202e-07
5.043504350435043193e+00,5.021894430543498260e-03,2.868768412725447233e-07
5.045004500450044560e+00,5.021756598195019176e-03,4.507583573991357056e-08
5.046504650465045927e+00,5.021618738108260538e-03,-2.036918986969971500e-07
5.048004800480047294e+00,5.021480942517781744e-03,-4.390455653045092542e-07
5.049504950495049549e+00,5.021343288576459764e-03,-6.439368021152827465e-07
5.051005100510050916e+00,5.021205838355484799e-03,-8.046496819278482579e-07
5.052505250525052283e+00,5.021068638844362018e-03,-9.108007123073515877e-07
5.054005400540053650e+00,5.020931721950913293e-03,-9.553388355850328844e-07
5.055505550555055017e+00,5.020795104501273726e-03,-9.345454288583624884e-07
5.057005700570056383e+00,5.020658788239895122e-03,-8.480343039910432615e-07
5.058505850585057750e+00,5.020522759829544254e-03,-6.987517076130033870e-07
5.060006000600060005e+00,5.020386990851301127e-03,-4.929763211202651853e-07
5.061506150615061372e+00,5.020251437804563316e-03,-2.403192606754703807e-07
5.063006300630062739e+00,5.020116042107043361e-03,4.627592279287089969e-08
5.064506450645064106e+00,5.019980730094766169e-03,3.505332435899065812e-07
5.066006600660065473e+00,5.019845413022075084e-03,6.528442812545542914e-07
5.067506750675066840e+00,5.019709987061626681e-03,9.302681805595073952e-07
5.069006900690069095e+00,5.019574333304392504e-03,1.156531651511339815e-06
5.070507050705070462e+00,5.019438317759661664e-03,1.302028969349998181e-06
5.072007200720071829e+00,5.019301791355035638e-03,1.333821974549633461e-06
5.073507350735073196e+00,5.019164590057603910e-03,1.215666834117836930e-06
5.075007500750074563e+00,5.019026886861886229e-03,9.857612585653847692e-07
5.076507650765075930e+00,5.018889035386667891e-03,7.222268978242448984e-07
5.078007800780077297e+00,5.018751152357801837e-03,4.508709460501790297e-07
5.079507950795079552e+00,5.018613336584780774e-03,1.935396455749158380e-07
5.081008100810080919e+00,5.018475668960738038e-03,-3.188171309324849236e-08
5.082508250825082285e+00,5.018338212462445866e-03,-2.114687912703796753e-07
5.084008400840083652e+00,5.018201012150318857e-03,-3.352582020962741767e-07
5.085508550855085019e+00,5.018064095168407908e-03,-3.972475105346153869e-07
5.087008700870086386e+00,5.017927470744407148e-03,-3.953952333729776434e-07
5.088508850885087753e+00,5.017791130189650471e-03,-3.316208392228236903e-07
5.090009000900090008e+00,5.017655046899108934e-03,-2.118047485194178570e-07
5.091509150915091375e+00,5.017519176351395958e-03,-4.578833352214835471e-08
5.093009300930092742e+00,5.017383456108765599e-03,1.526260816859102166e-07
5.094509450945094109e+00,5.017247805817109940e-03,3.656752211977360875e-07
5.096009600960095476e+00,5.017112127205962564e-03,5.716348572824214117e-07
5.097509750975096843e+00,5.016976304088495084e-03,7.448198103851659128e-07
5.099009900990099098e+00,5.016840202361521478e-03,8.555839491273309892e-07
5.100510051005100465e+00,5.016703670005494622e-03,8.703201903061869801e-07
5.102010201020101832e+00,5.016566578347150633e-03,7.605798734302052954e-07
5.103510351035103199e+00,5.016429244126600212e-03,5.963627591340637465e-07
5.105010501050104565e+00,5.016291841384703208e-03,4.161481417357641686e-07
5.106510651065105932e+00,5.016154444020406479e-03,2.362829038198534511e-07
5.108010801080107299e+00,5.016017113921447147e-03,7.045713614574382132e-08
5.109510951095109554e+00,5.015879900964346529e-03,-7.029586235236137689e-08
5.111011101110110921e+00,5.015742843014416204e-03,-1.775995845651494634e-07
5.112511251125112288e+00,5.015605965925750212e-03,-2.457343152087058475e-07
5.114011401140113655e+00,5.015469283541233725e-03,-2.716371308241589093e-07
5.115511551155115022e+00,5.015332797692536107e-03,-2.549018997777705265e-07
5.117011701170116389e+00,5.015196498200114386e-03,-1.977792822609395680e-07
5.118511851185117756e+00,5.015060362873213252e-03,-1.051767302901987182e-07
5.120012001200120011e+00,5.014924357509861590e-03,1.534151229286429771e-08
5.121512151215121378e+00,5.014788435896878546e-03,1.535544098212973346e-07
5.123012301230122745e+00,5.014652539809868331e-03,2.965841348032272491e-07
5.124512451245124112e+00,5.014516599013221949e-03,4.288960679215810674e-07
5.126012601260125479e+00,5.014380531260118068e-03,5.322987980341524239e-07
5.127512751275126845e+00,5.014244242292522150e-03,5.859441221735982791e-07
5.129012901290129101e+00,5.014107625841184718e-03,5.663270455474000621e-07
5.130513051305130467e+00,5.013970647427125338e-03,4.658111538718926897e-07
5.132013201320131834e+00,5.013833496964347804e-03,3.263832865182205774e-07
5.133513351335133201e+00,5.013696263216088460e-03,1.676862163019006208e-07
5.135013501350134568e+00,5.013559017195618958e-03,5.436661887164930333e-09
5.136513651365135935e+00,5.013421819390183852e-03,-1.469781910286584191e-07
5.138013801380137302e+00,5.013284719761008403e-03,-2.785006897151451763e-07
5.139513951395139557e+00,5.013147757743290772e-03,-3.804027144088253124e-07
5.141014101410140924e+00,5.013010962246209831e-03,-4.462856783129594041e-07
5.142514251425142291e+00,5.012874351652919086e-03,-4.720805275979051870e-07
5.144014401440143658e+00,5.012737933820547546e-03,-4.560477414008564582e-07
5.145514551455145025e+00,5.012601706080204063e-03,-3.987773318259080855e-07
5.147014701470146392e+00,5.012465655236971254e-03,-3.031888439440621485e-07
5.148514851485147759e+00,5.012329757569909845e-03,-1.745313557932217980e-07
5.150015001500150014e+00,5.012193978832058666e-03,-2.038347837809977612e-08
5.151515151515151381e+00,5.012058274250431184e-03,1.493466443294071423e-07
5.153015301530152747e+00,5.011922588526018969e-03,3.224213353907634268e-07
5.154515451545154114e+00,5.011786855833788232e-03,4.842733849004498903e-07
5.156015601560155481e+00,5.011650999822685019e-03,6.180060499860399222e-07
5.157515751575156848e+00,5.011514933615630885e-03,7.043930548082040938e-07
5.159015901590159103e+00,5.011378559809522015e-03,7.218785905606969237e-07
5.160516051605160470e+00,5.011241772260341225e-03,6.469714576952752623e-07
5.162016201620161837e+00,5.011104594273284828e-03,4.847922254817756775e-07
5.163516351635163204e+00,5.010967174907130298e-03,2.683227005182785595e-07
5.165016501650164571e+00,5.010829635137568037e-03,2.435254877525384793e-08
5.166516651665165938e+00,5.010692080724932565e-03,-2.236978608845105991e-07
5.168016801680167305e+00,5.010554602214192972e-03,-4.557774567059085814e-07
5.169516951695169560e+00,5.010417274934961598e-03,-6.552044640416205364e-07
5.171017101710170927e+00,5.010280159001486225e-03,-8.086664053516625462e-07
5.172517251725172294e+00,5.010143299312657013e-03,-9.062201002041043047e-07
5.174017401740173661e+00,5.010006725552000433e-03,-9.412916652745683088e-07
5.175517551755175027e+00,5.009870452187685334e-03,-9.106765143463586078e-07
5.177017701770176394e+00,5.009734478472516878e-03,-8.145393583104627087e-07
5.178517851785177761e+00,5.009598788443941735e-03,-6.564142051655458595e-07
5.180018001800180016e+00,5.009463350924042886e-03,-4.432043600178189113e-07
5.181518151815181383e+00,5.009328119519545694e-03,-1.851824250815697261e-07
5.183018301830182750e+00,5.009193032621813563e-03,1.040097003215951298e-07
5.184518451845184117e+00,5.009058013406847941e-03,4.073608197622811293e-07
5.186018601860185484e+00,5.008922969835290055e-03,7.044904397034084872e-07
5.187518751875186851e+00,5.008787794652421778e-03,9.716487695002215837e-07
5.189018901890189106e+00,5.008652365388162157e-03,1.181716721400372185e-06
5.190519051905190473e+00,5.008516544357070888e-03,1.304205910543478140e-06
5.192019201920191840e+00,5.008380178658345706e-03,1.305258654961876180e-06
5.193519351935193207e+00,5.008243119729496179e-03,1.151976026670948145e-06
5.195019501950194574e+00,5.008105677861998846e-03,9.130344490858161993e-07
5.196519651965195941e+00,5.007968115282692909e-03,6.465011945884258100e-07
5.198019801980197308e+00,5.007830544824160186e-03,3.773770404106740954e-07
5.199519951995199563e+00,5.007693061367801159e-03,1.266854705970974632e-07
5.201020102010200929e+00,5.007555741843827159e-03,-8.852732399454499525e-08
5.202520252025202296e+00,5.007418645231265578e-03,-2.551924456941781485e-07
5.204020402040203663e+00,5.007281812557958130e-03,-3.642182900187911141e-07
5.205520552055205030e+00,5.007145266900561720e-03,-4.104905456725967126e-07
5.207020702070206397e+00,5.007009013384545841e-03,-3.928721945470259621e-07
5.208520852085207764e+00,5.006873039184196045e-03,-3.142035117207312543e-07
5.210021002100210019e+00,5.006737313522612205e-03,-1.813020654594965691e-07
5.211521152115211386e+00,5.006601787671706785e-03,-4.962717216581581845e-09
5.213021302130212753e+00,5.006466394952210040e-03,2.000423783677613573e-07
5.214521452145214120e+00,5.006331050733663947e-03,4.149637734659894913e-07
5.216021602160215487e+00,5.006195652434425672e-03,6.170747270633392186e-07
5.217521752175216854e+00,5.006060079521667573e-03,7.796712049578319170e-07
5.219021902190219109e+00,5.005924193511375464e-03,8.720718797602877073e-07
5.220522052205220476e+00,5.005787837968350348e-03,8.596181308941526590e-07
5.222022202220221843e+00,5.005650947204876543e-03,7.277499621007731074e-07
5.223522352235223210e+00,5.005513882867739482e-03,5.565704789777493484e-07
5.225022502250224576e+00,5.005376766003543330e-03,3.729062144835259517e-07
5.226522652265225943e+00,5.005239669103888484e-03,1.928276834678739209e-07
5.228022802280227310e+00,5.005102652439585853e-03,2.969636513514998690e-08
5.229522952295229565e+00,5.004965764060655999e-03,-1.058352969557736965e-07
5.231023102310230932e+00,5.004829039796333465e-03,-2.058238948912056790e-07
5.232523252325232299e+00,5.004692503255060709e-03,-2.650350564031220463e-07
5.234023402340233666e+00,5.004556165824493308e-03,-2.809434448688261247e-07
5.235523552355235033e+00,5.004420026671498219e-03,-2.537327593110332898e-07
5.237023702370236400e+00,5.004284072742150313e-03,-1.862957343978743550e-07
5.238523852385237767e+00,5.004148278761740183e-03,-8.423414044289345414e-08
5.240024002400240022e+00,5.004012607234765465e-03,4.414121659503274491e-08
5.241524152415241389e+00,5.003877008444937782e-03,1.878104951113713673e-07
5.243024302430242756e+00,5.003741420455178404e-03,3.330448178564027992e-07
5.244524452445244123e+00,5.003605769107619117e-03,4.634062719349245973e-07
5.246024602460245490e+00,5.003469968023604823e-03,5.597479088063167627e-07
5.247524752475246856e+00,5.003333918603689208e-03,6.002137442845504234e-07
5.249024902490249112e+00,5.003197510027638205e-03,5.602387585381254714e-07
5.250525052505250478e+00,5.003060770278995248e-03,4.460090163294775379e-07
5.252025202520251845e+00,5.002923882496693175e-03,2.981086327614548011e-07
5.253525352535253212e+00,5.002786927512003351e-03,1.344660820188847989e-07
5.255025502550254579e+00,5.002649975254151379e-03,-2.940812506013375198e-08
5.256525652565255946e+00,5.002513084887367199e-03,-1.803910839568367403e-07
5.258025802580257313e+00,5.002376304810887686e-03,-3.077474964717943428e-07
5.259525952595259568e+00,5.002239672658956651e-03,-4.031296707249573459e-07
5.261026102610260935e+00,5.002103215300822241e-03,-4.605775211554502057e-07
5.262526252625262302e+00,5.001966948840739537e-03,-4.765185685219154721e-07
5.264026402640263669e+00,5.001830878617967956e-03,-4.497679399022639141e-07
5.265526552655265036e+00,5.001694999206774718e-03,-3.815283686937391066e-07
5.267026702670266403e+00,5.001559294416430511e-03,-2.753901946129218769e-07
5.268526852685267770e+00,5.001423737291214693e-03,-1.373313636957274458e-07
5.270027002700270025e+00,5.001288290110410088e-03,2.428257170269886261e-08
5.271527152715271392e+00,5.001152904388306460e-03,1.986984529075737226e-07
5.273027302730272758e+00,5.001017520874198770e-03,3.727755149250698408e-07
5.274527452745274125e+00,5.000882069552389786e-03,5.309853864419287567e-07
5.276027602760275492e+00,5.000746469642184874e-03,6.554120898255665099e-07
5.277527752775276859e+00,5.000610629597898073e-03,7.257520411240537877e-07
5.279027902790279114e+00,5.000474447108846886e-03,7.193140500661072961e-07
5.280528052805280481e+00,5.000337826051759645e-03,6.147726450637901617e-07
5.282028202820281848e+00,5.000200859606196771e-03,4.327538972679342646e-07
5.283528352835283215e+00,5.000063690629413804e-03,2.049499895081935686e-07
5.285028502850284582e+00,4.999926435862198787e-03,-4.273098026281989174e-08
5.286528652865285949e+00,4.999789196695797813e-03,-2.877873135746294330e-07
5.288028802880287316e+00,4.999652059171915026e-03,-5.111237114388942528e-07
5.289528952895289571e+00,4.999515093982713487e-03,-6.970512743495048794e-07
5.291029102910290938e+00,4.999378356470814307e-03,-8.332875022821665902e-07
5.292529252925292305e+00,4.999241886629298380e-03,-9.109562946950684626e-07
5.294029402940293672e+00,4.999105709101704653e-03,-9.245879505284149639e-07
5.295529552955295038e+00,4.998969833182030122e-03,-8.721191682045453836e-07
5.297029702970296405e+00,4.998834252814732433e-03,-7.548930456279306567e-07
5.298529852985297772e+00,4.998698946594725551e-03,-5.776590801851833163e-07
5.300030003000300027e+00,4.998563877767383222e-03,-3.485731687449010045e-07
5.301530153015301394e+00,4.998428994228538112e-03,-7.919760765823800787e-08
5.303030303030302761e+00,4.998294228524480069e-03,2.154989072419047711e-07
5.304530453045304128e+00,4.998159497851960460e-03,5.171412806403742937e-07
5.306030603060305495e+00,4.998024704058186100e-03,8.039480177398801583e-07
5.307530753075306862e+00,4.997889733640824457e-03,1.050731224260998094e-06
5.309030903090309117e+00,4.997754457748000180e-03,1.228896606442246459e-06
5.310531053105310484e+00,4.997618732178298571e-03,1.306443471039702481e-06
5.312031203120311851e+00,4.997482397380762116e-03,1.247964725327660296e-06
5.313531353135313218e+00,4.997345420611334216e-03,1.046181962902186053e-06
5.315031503150314585e+00,4.997208219027170044e-03,7.936401443752065296e-07
5.316531653165315952e+00,4.997070944209223986e-03,5.239914795473174201e-07
5.318031803180317318e+00,4.996933701900014950e-03,2.607167509327312783e-07
5.319531953195319574e+00,4.996796579849480460e-03,2.330161517307136899e-08
5.321032103210320940e+00,4.996659647814979260e-03,-1.727633969620804069e-07
5.322532253225322307e+00,4.996522957561292180e-03,-3.159828805760418745e-07
5.324032403240323674e+00,4.996386542860616932e-03,-3.988565566444403085e-07
5.325532553255325041e+00,4.996250419492573314e-03,-4.178792720153618292e-07
5.327032703270326408e+00,4.996114585244201475e-03,-3.735409994093524607e-07
5.328532853285327775e+00,4.995979019909960184e-03,-2.703268374194166491e-07
5.330033003300330030e+00,4.995843685291730292e-03,-1.167170105109160417e-07
5.331533153315331397e+00,4.995708525198811270e-03,7.481313097803685426e-08
5.333033303330332764e+00,4.995573465447924674e-03,2.877931108371353841e-07
5.334533453345334131e+00,4.995438413863208943e-03,5.017573269835311444e-07
5.336033603360335498e+00,4.995303260276226336e-03,6.922450514619256745e-07
5.337533753375336865e+00,4.995167876525957729e-03,8.308004304445508687e-07
5.339033903390339120e+00,4.995032116458802615e-03,8.849724842311870819e-07
5.340534053405340487e+00,4.994895816047700832e-03,8.183415465527710585e-07
5.342034203420341854e+00,4.994759115193818551e-03,6.619526167990918700e-07
5.343534353435343220e+00,4.994622310552942514e-03,4.816653000036210610e-07
5.345034503450344587e+00,4.994485483240326991e-03,2.955008311255342161e-07
5.346534653465345954e+00,4.994348701946557320e-03,1.187202293859933679e-07
5.348034803480347321e+00,4.994212022937548172e-03,-3.617570173185363849e-08
5.349534953495349576e+00,4.994075490054540080e-03,-1.594463744829341315e-07
5.351035103510350943e+00,4.993939134714105513e-03,-2.441114168599779746e-07
5.352535253525352310e+00,4.993802975908143670e-03,-2.859506725939637410e-07
5.354035403540353677e+00,4.993667020203883082e-03,-2.835042011537985349e-07
5.355535553555355044e+00,4.993531261743881615e-03,-2.380722777464033303e-07
5.357035703570356411e+00,4.993395682246024730e-03,-1.537153933167155119e-07
5.358535853585357778e+00,4.993260251003527224e-03,-3.725425454768231091e-08
5.360036003600360033e+00,4.993124924884932356e-03,1.017302161398202988e-07
5.361536153615361400e+00,4.992989648334111852e-03,2.508968805866455048e-07
5.363036303630362767e+00,4.992854353370267638e-03,3.951443848958784235e-07
5.364536453645364134e+00,4.992718959587928371e-03,5.166111594325105744e-07
5.366036603660365500e+00,4.992583374156953774e-03,5.946754188235290309e-07
5.367536753675366867e+00,4.992447491822529435e-03,6.059551619578976788e-07
5.369036903690369122e+00,4.992311214391436172e-03,5.286343090242952905e-07
5.370537053705370489e+00,4.992174692067649112e-03,3.960554731317802779e-07
5.372037203720371856e+00,4.992038054561901729e-03,2.370369246152248806e-07
5.373537353735373223e+00,4.991901379534673631e-03,6.884133939260560733e-08
5.375037503750374590e+00,4.991764733649606441e-03,-9.371293142295092161e-08
5.376537653765375957e+00,4.991628172573504656e-03,-2.382518615231677627e-07
5.378037803780377324e+00,4.991491740976337389e-03,-3.548457494046177021e-07
5.379537953795379579e+00,4.991355472531234030e-03,-4.360092183687595194e-07
5.381038103810380946e+00,4.991219389914488581e-03,-4.767012165217678395e-07
5.382538253825382313e+00,4.991083504805557923e-03,-4.743250167748254654e-07
5.384038403840383680e+00,4.990947817887060080e-03,-4.287282168439055845e-07
5.385538553855385047e+00,4.990812318844777690e-03,-3.422027392498303196e-07
5.387038703870386414e+00,4.990676986367655402e-03,-2.194848313182736941e-07
5.388538853885387780e+00,4.990541788147801611e-03,-6.775506517975750190e-08
5.390039003900390036e+00,4.990406680880484988e-03,1.033616622304506534e-07
5.391539153915391402e+00,4.990271610264139686e-03,2.817961291719190305e-07
5.393039303930392769e+00,4.990136511000362735e-03,4.530347890996738431e-07
5.394539453945394136e+00,4.990001306793911441e-03,6.001197706637868081e-07
5.396039603960395503e+00,4.989865910352708593e-03,7.036488777094920354e-07
5.397539753975396870e+00,4.989730223387838122e-03,7.417755892771600883e-07
5.399039903990398237e+00,4.989594136613548572e-03,6.902090596023227057e-07
5.400540054005400492e+00,4.989457622386957170e-03,5.427796424802507062e-07
5.402040204020401859e+00,4.989320839413913591e-03,3.347408334566826269e-07
5.403540354035403226e+00,4.989183913129621728e-03,9.399038075233245213e-08
5.405040504050404593e+00,4.989046953150421890e-03,-1.550919121858435766e-07
5.406540654065405960e+00,4.988910053611099980e-03,-3.915693895166511464e-07
5.408040804080407327e+00,4.988773293164892701e-03,-5.979485430046570264e-07
5.409540954095409582e+00,4.988636734983484949e-03,-7.601790120202714417e-07
5.411041104110410949e+00,4.988500426757010685e-03,-8.676535835393887191e-07
5.412541254125412316e+00,4.988364400694052930e-03,-9.132081921439725877e-07
5.414041404140413682e+00,4.988228673521642037e-03,-8.931219200216404969e-07
5.415541554155415049e+00,4.988093246485259154e-03,-8.071169969657711895e-07
5.417041704170416416e+00,4.987958105348833625e-03,-6.583588003755008907e-07
5.418541854185417783e+00,4.987823220394742990e-03,-4.534558552557332601e-07
5.420042004200420038e+00,4.987688546423815587e-03,-2.024598342169729499e-07
5.421542154215421405e+00,4.987554022755326215e-03,8.113444252405521381e-08
5.423042304230422772e+00,4.987419573227000469e-03,3.803890071452939748e-07
5.424542454245424139e+00,4.987285106195011274e-03,6.749227442187945518e-07
5.426042604260425506e+00,4.987150514533982351e-03,9.409113907108495169e-07
5.427542754275426873e+00,4.987015675636983017e-03,1.151087535981974479e-06
5.429042904290428240e+00,4.986880451415535119e-03,1.274740621786942863e-06
5.430543054305430495e+00,4.986744688299607833e-03,1.277716942274722544e-06
5.432043204320431862e+00,4.986608229047466770e-03,1.125043118621033707e-06
5.433543354335433229e+00,4.986471232461017582e-03,8.519832369983098774e-07
5.435043504350434596e+00,4.986333950854160944e-03,5.146520497876368139e-07
5.436543654365435962e+00,4.986196556424228772e-03,1.513698525135540152e-07
5.438043804380437329e+00,4.986059197686092473e-03,-2.048131107191356815e-07
5.439543954395439584e+00,4.985921999472156876e-03,-5.261166472255420722e-07
5.441044104410440951e+00,4.985785062932366306e-03,-7.900306157399434668e-07
5.442544254425442318e+00,4.985648465534197639e-03,-9.793149264169541134e-07
5.444044404440443685e+00,4.985512261062666380e-03,-1.081999540830718881e-06
5.445544554455445052e+00,4.985376479620324056e-03,-1.091384471975121417e-06
5.447044704470446419e+00,4.985241127627258219e-03,-1.006039784263778644e-06
5.448544854485447786e+00,4.985106187821091578e-03,-8.298055935300492287e-07
5.450045004500450041e+00,4.984971619256983733e-03,-5.717920670268468092e-07
5.451545154515451408e+00,4.984837357307632041e-03,-2.463794234273152953e-07
5.453045304530452775e+00,4.984703313663267285e-03,1.267820671761047753e-07
5.454545454545454142e+00,4.984569376331658870e-03,5.227720832711099951e-07
5.456045604560455509e+00,4.984435409638110492e-03,9.114002519256651655e-07
5.457545754575456876e+00,4.984301254225464474e-03,1.257206148787987203e-06
5.459045904590458242e+00,4.984166727054096559e-03,1.519459298086565255e-06
5.460546054605460498e+00,4.984031621401920249e-03,1.652159172630176584e-06
5.462046204620461864e+00,4.983895706864385940e-03,1.604035193807652574e-06
5.463546354635463231e+00,4.983758892697602930e-03,1.354881987050675574e-06
5.465046504650464598e+00,4.983621752849941820e-03,1.032376999132298026e-06
5.466546654665465965e+00,4.983484505442265129e-03,6.850736350049252684e-07
5.468046804680467332e+00,4.983347289333638595e-03,3.438905573587173412e-07
5.469546954695469587e+00,4.983210220029919701e-03,3.454684738495683307e-08
5.471047104710470954e+00,4.983073389683757674e-03,-2.224379952232349556e-07
5.472547254725472321e+00,4.982936867094593485e-03,-4.117440522720150366e-07
5.474047404740473688e+00,4.982800697708660714e-03,-5.232509870660559808e-07
5.475547554755475055e+00,4.982664903618983822e-03,-5.520380444087329004e-07
5.477047704770476422e+00,4.982529483565379010e-03,-4.983840506021319198e-07
5.478547854785477789e+00,4.982394412934455959e-03,-3.677674134470406461e-07
5.480048004800480044e+00,4.982259643759613492e-03,-1.708661222428245023e-07
5.481548154815481411e+00,4.982125104721045646e-03,7.644225221206949970e-08
5.483048304830482778e+00,4.981990701145735598e-03,3.530805576208259609e-07
5.484548454845484144e+00,4.981856315007460005e-03,6.327720601878249793e-07
5.486048604860485511e+00,4.981721804926785534e-03,8.840404446187432639e-07
5.487548754875486878e+00,4.981587006171072328e-03,1.070209814120541430e-06
5.489048904890488245e+00,4.981451730654471409e-03,1.149404690401481363e-06
5.490549054905490500e+00,4.981315766937927277e-03,1.074550013671015998e-06
5.492049204920491867e+00,4.981179262845189699e-03,8.785396182330512369e-07
5.493549354935493234e+00,4.981042650762120168e-03,6.576281827819564806e-07
5.495049504950494601e+00,4.980906025218111675e-03,4.328743755673445997e-07
5.496549654965495968e+00,4.980769465072861640e-03,2.218463922103361538e-07
5.498049804980497335e+00,4.980633034237496454e-03,3.878246346973246543e-08
5.499549954995499590e+00,4.980496781674569745e-03,-1.054091447580578609e-07
5.501050105010500957e+00,4.980360741398064985e-03,-2.031501314387000303e-07
5.502550255025502324e+00,4.980224932473392881e-03,-2.501921604004518651e-07
5.504050405040503691e+00,4.980089359017391380e-03,-2.456168603337938635e-07
5.505550555055505058e+00,4.979954010198329138e-03,-1.918358247915263966e-07
5.507050705070506424e+00,4.979818860235900313e-03,-9.459061218876822590e-08
5.508550855085507791e+00,4.979683868401228904e-03,3.704725419704010865e-08
5.510051005100510046e+00,4.979548979016867015e-03,1.906762862262348618e-07
5.511551155115511413e+00,4.979414121456793990e-03,3.505650308965452713e-07
5.513051305130512780e+00,4.979279210146419013e-03,4.976520703436566232e-07
5.514551455145514147e+00,4.979144144562578506e-03,6.095460218408467688e-07
5.516051605160515514e+00,4.979008809233536996e-03,6.605255377990769687e-07
5.517551755175516881e+00,4.978873073738987985e-03,6.215393057669867050e-07
5.519051905190518248e+00,4.978736981389934695e-03,5.022210535025938431e-07
5.520552055205520503e+00,4.978600769312545651e-03,3.553799510133407466e-07
5.522052205220521870e+00,4.978464512709999609e-03,1.977774910365095213e-07
5.523552355235523237e+00,4.978328275394195042e-03,4.363650940787746732e-08
5.525052505250524604e+00,4.978192110577556867e-03,-9.518251759203977408e-08
5.526552655265525971e+00,4.978056060873043386e-03,-2.091814732380680007e-07
5.528052805280527338e+00,4.977920158294138475e-03,-2.912246003603746610e-07
5.529552955295529593e+00,4.977784424254859397e-03,-3.365385013444846831e-07
5.531053105310530960e+00,4.977648869569749855e-03,-3.427121381311947126e-07
5.532553255325532326e+00,4.977513494453885204e-03,-3.096968322167366959e-07
5.534053405340533693e+00,4.977378288522867240e-03,-2.398062646526468019e-07
5.535553555355535060e+00,4.977243230792832013e-03,-1.377164760458032206e-07
5.537053705370536427e+00,4.977108289680439411e-03,-1.046586655842489296e-08
5.538553855385537794e+00,4.976973423002883576e-03,1.325448040919262660e-07
5.540054005400540049e+00,4.976838577977885959e-03,2.795524166324350997e-07
5.541554155415541416e+00,4.976703691223697927e-03,4.164314922346729561e-07
5.543054305430542783e+00,4.976568688759099024e-03,5.266941925151409535e-07
5.544554455445544150e+00,4.976433486003400443e-03,5.914903195349078743e-07
5.546054605460545517e+00,4.976297987776442423e-03,5.896073157997042382e-07
5.547554755475546884e+00,4.976162110217314562e-03,5.023495566514182311e-07
5.549054905490548251e+00,4.976025962819805026e-03,3.540887810410407992e-07
5.550555055505550506e+00,4.975889664780755450e-03,1.713974645077343375e-07
5.552055205520551873e+00,4.975753308226134146e-03,-2.517957888254344927e-08
5.553555355535553240e+00,4.975616972860173043e-03,-2.178675919479001993e-07
5.555055505550554606e+00,4.975480725965369423e-03,-3.916618743900806650e-07
5.556555655565555973e+00,4.975344622402486788e-03,-5.343277827945676159e-07
5.558055805580557340e+00,4.975208704610551390e-03,-6.364007306305826331e-07
5.559555955595559595e+00,4.975073002606853964e-03,-6.911861882511011435e-07
5.561056105610560962e+00,4.974937533986951467e-03,-6.947596828927534233e-07
5.562556255625562329e+00,4.974802303924665339e-03,-6.459667986760215332e-07
5.564056405640563696e+00,4.974667305172079772e-03,-5.464231766050794403e-07
5.565556555655565063e+00,4.974532518059545175e-03,-4.005145145678379117e-07
5.567056705670566430e+00,4.974397910495677311e-03,-2.153965673359471609e-07
5.568556855685567797e+00,4.974263437967354692e-03,-9.951465647922950748e-10
5.570057005700570052e+00,4.974129043539722919e-03,2.299938792066396688e-07
5.571557155715571419e+00,4.973994657856189473e-03,4.621045845552048918e-07
5.573057305730572786e+00,4.973860199138428924e-03,6.771009871744346053e-07
5.574557455745574153e+00,4.973725573186379458e-03,8.539770478739885626e-07
5.576057605760575520e+00,4.973590673378243746e-03,9.689566705797924705e-07
5.577557755775576886e+00,4.973455380670489812e-03,9.954937023340294127e-07
5.579057905790578253e+00,4.973319563801164959e-03,9.043171514311822565e-07
5.580558055805580508e+00,4.973183221274057181e-03,6.950512741117309341e-07
5.582058205820581875e+00,4.973046549355561105e-03,4.114458854178019628e-07
5.583558355835583242e+00,4.972909710916438748e-03,8.984331923871441019e-08
5.585058505850584609e+00,4.972772848155262472e-03,-2.380266744576502866e-07
5.586558655865585976e+00,4.972636082598415851e-03,-5.450469296249440359e-07
5.588058805880587343e+00,4.972499515100091937e-03,-8.087128641383512446e-07
5.589558955895589598e+00,4.972363225842294128e-03,-1.011132479794687921e-06
5.591059105910590965e+00,4.972227274334837036e-03,-1.139026362311957511e-06
5.592559255925592332e+00,4.972091699415346483e-03,-1.183727681330085700e-06
5.594059405940593699e+00,4.971956519249256905e-03,-1.141182190410391230e-06
5.595559555955595066e+00,4.971821731329814816e-03,-1.011948227035722271e-06
5.597059705970596433e+00,4.971687312478076208e-03,-8.011967126104598067e-07
5.598559855985597800e+00,4.971553218842908288e-03,-5.187111524605242040e-07
5.600060006000600055e+00,4.971419385900986872e-03,-1.788876358331456630e-07
5.601560156015601422e+00,4.971285728456801591e-03,1.992651641022844071e-07
5.603060306030602788e+00,4.971152140642649819e-03,5.921259902554267635e-07
5.604560456045604155e+00,4.971018495918641013e-03,9.714610016142484110e-07
5.606060606060605522e+00,4.970884647072693237e-03,1.304423773245157280e-06
5.607560756075606889e+00,4.970750426220536637e-03,1.553555296293027533e-06
5.609060906090608256e+00,4.970615644805711705e-03,1.676783977981243184e-06
5.610561056105610511e+00,4.970480093599569278e-03,1.627425641611508473e-06
5.612061206120611878e+00,4.970343649303074311e-03,1.377956098344084019e-06
5.613561356135613245e+00,4.970206768613427695e-03,1.030224584161798674e-06
5.615061506150614612e+00,4.970069701930268820e-03,6.401192415865694062e-07
5.616561656165615979e+00,4.969932620075506388e-03,2.457783487709152420e-07
5.618061806180617346e+00,4.969795667160850812e-03,-1.206229591199507885e-07
5.619561956195619601e+00,4.969658960587821153e-03,-4.328726899082861856e-07
5.621062106210620968e+00,4.969522591047739052e-03,-6.707219944031111789e-07
5.622562256225622335e+00,4.969386622521733063e-03,-8.198851664013408922e-07
5.624062406240623702e+00,4.969251092280736921e-03,-8.720396426869872271e-07
5.625562556255625069e+00,4.969116010885489543e-03,-8.248260030313746442e-07
5.627062706270626435e+00,4.968981362186534155e-03,-6.818479701931291525e-07
5.628562856285627802e+00,4.968847103324220901e-03,-4.526724099181863551e-07
5.630063006300630057e+00,4.968713164728704237e-03,-1.528293309395915503e-07
5.631563156315631424e+00,4.968579450119944667e-03,1.961881150217402684e-07
5.633063306330632791e+00,4.968445836507707006e-03,5.669236332581126379e-07
5.634563456345634158e+00,4.968312174191562118e-03,9.259577860743595171e-07
5.636063606360635525e+00,4.968178286760886915e-03,1.233907992788019458e-06
5.637563756375636892e+00,4.968043971094861753e-03,1.445428529729309136e-06
5.639063906390638259e+00,4.967908997362473905e-03,1.509210530241150667e-06
5.640564056405640514e+00,4.967773115128341736e-03,1.369344727650931796e-06
5.642064206420641881e+00,4.967636686306868207e-03,1.106598205157988238e-06
5.643564356435643248e+00,4.967500148454217362e-03,8.186480286396572938e-07
5.645064506450644615e+00,4.967363617327955061e-03,5.313524620483380931e-07
5.646564656465645982e+00,4.967227189425127767e-03,2.662675792292548874e-07
5.648064806480647349e+00,4.967090941982260817e-03,4.064726392045747657e-08
5.649564956495649604e+00,4.966954932975360150e-03,-1.325567902472637069e-07
5.651065106510650971e+00,4.966819201119914047e-03,-2.446950797500006682e-07
5.652565256525652337e+00,4.966683765870887925e-03,-2.914202911713489370e-07
5.654065406540653704e+00,4.966548627422730407e-03,-2.726873012019603339e-07
5.655565556555655071e+00,4.966413766709367253e-03,-1.927531766396602852e-07
5.657065706570656438e+00,4.966279145404208298e-03,-6.017717438945099821e-08
5.658565856585657805e+00,4.966144705920140512e-03,1.121792585364948905e-07
5.660066006600660060e+00,4.966010371409533206e-03,3.071524850189412537e-07
5.661566156615661427e+00,4.965876045764234560e-03,5.032766778311246166e-07
5.663066306630662794e+00,4.965741613615573362e-03,6.747838196394489361e-07
5.664566456645664161e+00,4.965606940334360737e-03,7.916037030030447198e-07
5.666066606660665528e+00,4.965471872030884082e-03,8.193639303738533056e-07
5.667566756675666895e+00,4.965336260795955893e-03,7.250261846178072523e-07
5.669066906690668262e+00,4.965200388118830820e-03,5.714428454065440880e-07
5.670567056705670517e+00,4.965064447034872597e-03,4.017317055982680814e-07
5.672067206720671884e+00,4.964928508444967081e-03,2.317385103597361408e-07
5.673567356735673251e+00,4.964792631686189457e-03,7.472474505292841927e-08
5.675067506750674617e+00,4.964656864531804235e-03,-5.863236476454923826e-08
5.676567656765675984e+00,4.964521243191262652e-03,-1.602398533395606924e-07
5.678067806780677351e+00,4.964385792310206137e-03,-2.245890147234417327e-07
5.679567956795679606e+00,4.964250524970463714e-03,-2.487554027719984894e-07
5.681068106810680973e+00,4.964115442690055467e-03,-2.323988311454803284e-07
5.682568256825682340e+00,4.963980535423187339e-03,-1.777633733086621195e-07
5.684068406840683707e+00,4.963845781560253731e-03,-8.967736253076196785e-08
5.685568556855685074e+00,4.963711147927840975e-03,2.444660811452977449e-08
5.687068706870686441e+00,4.963576589788721259e-03,1.546116857490543207e-07
5.688568856885687808e+00,4.963442050841856100e-03,2.882367576901782023e-07
5.690069006900690063e+00,4.963307463222395473e-03,4.101564514508672784e-07
5.691569156915691430e+00,4.963172747501678680e-03,5.026211347393945093e-07
5.693069306930692797e+00,4.963037812687232618e-03,5.452969154597938609e-07
5.694569456945694164e+00,4.962902556222774375e-03,5.152656417115494428e-07
5.696069606960695531e+00,4.962766975772902982e-03,4.119910358790326552e-07
5.697569756975696897e+00,4.962631240142502571e-03,2.731816945198646904e-07
5.699069906990698264e+00,4.962495429964205659e-03,1.168671873251520994e-07
5.700570057005700519e+00,4.962359614338537894e-03,-4.150111664185982856e-08
5.702070207020701886e+00,4.962223851946346784e-03,-1.888016705751334847e-07
5.703570357035703253e+00,4.962088191048799959e-03,-3.142427499264130167e-07
5.705070507050704620e+00,4.961952669487386912e-03,-4.093624524048406759e-07
5.706570657065705987e+00,4.961817314683918123e-03,-4.680286979770518969e-07
5.708070807080707354e+00,4.961682143640523332e-03,-4.864392288671748735e-07
5.709570957095709609e+00,4.961547162939655004e-03,-4.631216095568030310e-07
5.711071107110710976e+00,4.961412368744086594e-03,-3.989332267850784582e-07
5.712571257125712343e+00,4.961277746796912552e-03,-2.970612895486082631e-07
5.714071407140713710e+00,4.961143272421545715e-03,-1.630228291014903017e-07
5.715571557155715077e+00,4.961008910521723381e-03,-4.664698955319636474e-09
5.717071707170716444e+00,4.960874615581502972e-03,1.678364251208201986e-07
5.718571857185717811e+00,4.960740331665260301e-03,3.419740451003517453e-07
5.720072007200720066e+00,4.960605992417696508e-03,5.029118406992886421e-07
5.721572157215721433e+00,4.960471521063828521e-03,6.334836693758714000e-07
5.723072307230722799e+00,4.960336830408999462e-03,7.141935663311424849e-07
5.724572457245724166e+00,4.960201822838869977e-03,7.232157445085478415e-07
5.726072607260725533e+00,4.960066393730210715e-03,6.371548459178730758e-07
5.727572757275726900e+00,4.959930566898738437e-03,4.612934355274258597e-07
5.729072907290728267e+00,4.959794489095232205e-03,2.284434204981646049e-07
5.730573057305730522e+00,4.959658288978312235e-03,-3.260984574252236185e-08
5.732073207320731889e+00,4.959522078895360793e-03,-2.967302983648872418e-07
5.733573357335733256e+00,4.959385954882518724e-03,-5.424311611377709116e-07
5.735073507350734623e+00,4.959249996664687188e-03,-7.518749464279853305e-07
5.736573657365735990e+00,4.959114267655530262e-03,-9.108734552004592301e-07
5.738073807380737357e+00,4.958978814957468000e-03,-1.008887777018239385e-06
5.739573957395739612e+00,4.958843669361685108e-03,-1.039028290042489765e-06
5.741074107410740979e+00,4.958708845348124006e-03,-9.980546610324568073e-07
5.742574257425742346e+00,4.958574341085488293e-03,-8.863758453455831318e-07
5.744074407440743713e+00,4.958440138431241886e-03,-7.080500869373902249e-07
5.745574557455745079e+00,4.958306202931609882e-03,-4.707849183615207925e-07
5.747074707470746446e+00,4.958172483821575958e-03,-1.859371607697319833e-07
5.748574857485747813e+00,4.958038914024884974e-03,1.314870760880955053e-07
5.750075007500750068e+00,4.957905410154042104e-03,4.628323938641685506e-07
5.751575157515751435e+00,4.957771872510313704e-03,7.857941056119652759e-07
5.753075307530752802e+00,4.957638185083726445e-03,1.074418235787447156e-06
5.754575457545754169e+00,4.957504215553064711e-03,1.299101520248262591e-06
5.756075607560755536e+00,4.957369815285876669e-03,1.426591406253935378e-06
5.757575757575756903e+00,4.957234819338469066e-03,1.419986052465883127e-06
5.759075907590758270e+00,4.957099075530407850e-03,1.245236536973185091e-06
5.760576057605760525e+00,4.956962955166179310e-03,9.853782093787446030e-07
5.762076207620761892e+00,4.956826729249047547e-03,7.010439181654539179e-07
5.763576357635763259e+00,4.956690513721755814e-03,4.181889747802955374e-07
5.765076507650764626e+00,4.956554405237571098e-03,1.584507486467788005e-07
5.766576657665765993e+00,4.956418481160278916e-03,-6.085133283519775957e-08
5.768076807680767359e+00,4.956282799564188518e-03,-2.267157842893500156e-07
5.769576957695769615e+00,4.956147399234130287e-03,-3.304590623630486919e-07
5.771077107710770981e+00,4.956012299665454868e-03,-3.677155657271114178e-07
5.772577257725772348e+00,4.955877501064036642e-03,-3.384376350761739399e-07
5.774077407740773715e+00,4.955742984346269385e-03,-2.468955531284070011e-07
5.775577557755775082e+00,4.955608711139070609e-03,-1.016775446255927856e-07
5.777077707770776449e+00,4.955474623779876353e-03,8.431022366687465776e-08
5.778577857785777816e+00,4.955340645316648127e-03,2.938436429599858155e-07
5.780078007800780071e+00,4.955206679507865100e-03,5.053806624412439292e-07
5.781578157815781438e+00,4.955072610822531046e-03,6.930612892741457644e-07
5.783078307830782805e+00,4.954938304440169999e-03,8.267075885989722096e-07
5.784578457845784172e+00,4.954803606250826262e-03,8.718236835322650222e-07
5.786078607860785539e+00,4.954668348624914273e-03,7.908869296455498955e-07
5.787578757875786906e+00,4.954532756328957135e-03,6.341901522975100113e-07
5.789078907890788273e+00,4.954397087875384194e-03,4.595959381509117259e-07
5.790579057905790528e+00,4.954261416885803390e-03,2.835936167194642283e-07
5.792079207920791895e+00,4.954125805039185683e-03,1.199978396761598379e-07
5.793579357935793261e+00,4.953990302071863312e-03,-2.005141914736465794e-08
5.795079507950794628e+00,4.953854945777529800e-03,-1.280888637604002528e-07
5.796579657965795995e+00,4.953719762007242552e-03,-1.983238760132707529e-07
5.798079807980797362e+00,4.953584764669421124e-03,-2.276405155973348947e-07
5.799579957995799617e+00,4.953449955729848087e-03,-2.155975200449649576e-07
5.801080108010800984e+00,4.953315325211666426e-03,-1.644283047296007620e-07
5.802580258025802351e+00,4.953180851195383011e-03,-7.904096286570848250e-08
5.804080408040803718e+00,4.953046499818866862e-03,3.298173449122041106e-08
5.805580558055805085e+00,4.952912225277349145e-03,1.613823384446568715e-07
5.807080708070806452e+00,4.952777969823423179e-03,2.932287222570420034e-07
5.808580858085807819e+00,4.952643663767044430e-03,4.129140813497826164e-07
5.810081008100810074e+00,4.952509225475531379e-03,5.021569333032908238e-07
5.811581158115811441e+00,4.952374561373564660e-03,5.400011178567893309e-07
5.813081308130812808e+00,4.952239565943187920e-03,5.028157969086476014e-07
5.814581458145814175e+00,4.952104268739758453e-03,3.972035309096998098e-07
5.816081608160815541e+00,4.951968835618247508e-03,2.602980463774739073e-07
5.817581758175816908e+00,4.951833341762136055e-03,1.089469910081478976e-07
5.819081908190818275e+00,4.951697852219811777e-03,-4.227304629446809792e-08
5.820582058205820530e+00,4.951562421917432913e-03,-1.810536557802259437e-07
5.822082208220821897e+00,4.951427095658928260e-03,-2.973546068523185172e-07
5.823582358235823264e+00,4.951291908126000639e-03,-3.834038480677816819e-07
5.825082508250824631e+00,4.951156883878119960e-03,-4.336975071371495980e-07
5.826582658265825998e+00,4.951022037352531893e-03,-4.449998909245424961e-07
5.828082808280827365e+00,4.950887372864250929e-03,-4.163434854476667829e-07
5.829582958295829620e+00,4.950752884606062984e-03,-3.490289558777635842e-07
5.831083108310830987e+00,4.950618556648527131e-03,-2.466251465397931862e-07
5.832583258325832354e+00,4.950484362939971267e-03,-1.149690809121911960e-07
5.834083408340833721e+00,4.950350267306496445e-03,3.783403837299159231e-08
5.835583558355835088e+00,4.950216223451976011e-03,2.014108295301186318e-07
5.837083708370836455e+00,4.950082174958052132e-03,3.631197316199663522e-07
5.838583858385837821e+00,4.949948055284140135e-03,5.080510045497293481e-07
5.840084008400840077e+00,4.949813787767425900e-03,6.190267290730626247e-07
5.841584158415841443e+00,4.949679285622867603e-03,6.766008067898417814e-07
5.843084308430842810e+00,4.949544451943193972e-03,6.590589601465855758e-07
5.844584458445844177e+00,4.949409201236669789e-03,5.472334905031695111e-07
5.846084608460845544e+00,4.949273617993383591e-03,3.600175131698238542e-07
5.847584758475846911e+00,4.949137837552720909e-03,1.277499023377722062e-07
5.849084908490848278e+00,4.949001977047992606e-03,-1.233062525031849715e-07
5.850585058505850533e+00,4.948866138141118018e-03,-3.703566917034126907e-07
5.852085208520851900e+00,4.948730407022620612e-03,-5.940759854528596840e-07
5.853585358535853267e+00,4.948594854411630592e-03,-7.786075337819525005e-07
5.855085508550854634e+00,4.948459535555884900e-03,-9.115635665609926306e-07
5.856585658565856001e+00,4.948324490231725478e-03,-9.840251435003060069e-07
5.858085808580857368e+00,4.948189742744101872e-03,-9.905421541502457574e-07
5.859585958595859623e+00,4.948055301926568630e-03,-9.291333179011317481e-07
5.861086108610860990e+00,4.947921161141287036e-03,-8.012861839834403190e-07
5.862586258625862357e+00,4.947787298279022507e-03,-6.119571314675864900e-07
5.864086408640863723e+00,4.947653675759149799e-03,-3.695713692640215821e-07
5.865586558655865090e+00,4.947520240529647804e-03,-8.602293612322813478e-08
5.867086708670866457e+00,4.947386924067102149e-03,2.233252993642916874e-07
5.868586858685867824e+00,4.947253642376702593e-03,5.396416387680069367e-07
5.870087008700870079e+00,4.947120295992249103e-03,8.406255538175308882e-07
5.871587158715871446e+00,4.946986769976143179e-03,1.100507686401921603e-06
5.873087308730872813e+00,4.946852933919396525e-03,1.290049848570740877e-06
5.874587458745874180e+00,4.946718641941624112e-03,1.376545022533370634e-06
5.876087608760875547e+00,4.946583732691047647e-03,1.323817360659149827e-06
5.877587758775876914e+00,4.946448145048568633e-03,1.118154125713480705e-06
5.879087908790878281e+00,4.946312313197147488e-03,8.568696092772647808e-07
5.880588058805880536e+00,4.946176408919716709e-03,5.784910268424853366e-07
5.882088208820881903e+00,4.946040540993488360e-03,3.074219493148725455e-07
5.883588358835883270e+00,4.945904799306866453e-03,6.382860889322180222e-08
5.885088508850884637e+00,4.945769254859449550e-03,-1.363601009299379681e-07
5.886588658865886003e+00,4.945633959762028159e-03,-2.814526253685065164e-07
5.888088808880887370e+00,4.945498947236583002e-03,-3.639947483428124817e-07
5.889588958895889625e+00,4.945364231616290220e-03,-3.807695924796044972e-07
5.891089108910890992e+00,4.945229808345517897e-03,-3.327976191120518256e-07
5.892589258925892359e+00,4.945095653979825201e-03,-2.253366282798019571e-07
5.894089408940893726e+00,4.944961726185964114e-03,-6.788175872890225918e-08
5.895589558955895093e+00,4.944827963741880300e-03,1.258345120881710127e-07
5.897089708970896460e+00,4.944694286536711371e-03,3.378423680125117620e-07
5.898589858985897827e+00,4.944560595570786886e-03,5.459346541787889221e-07
5.900090009000900082e+00,4.944426772955630087e-03,7.236668770153219472e-07
5.901590159015901449e+00,4.944292681913955295e-03,8.403572042437009190e-07
5.903090309030902816e+00,4.944158166779668781e-03,8.610864648794138797e-07
5.904590459045904183e+00,4.944023089222125862e-03,7.548218524076187505e-07
5.906090609060905550e+00,4.943887763650720892e-03,5.920705687208996593e-07
5.907590759075906917e+00,4.943752373960271645e-03,4.140874257393741073e-07
5.909090909090908283e+00,4.943616993144869798e-03,2.372563830279644785e-07
5.910591059105910539e+00,4.943481682031784785e-03,7.523065118554748887e-08
5.912091209120911905e+00,4.943346489281468144e-03,-6.106730815467142470e-08
5.913591359135913272e+00,4.943211451387548305e-03,-1.634457823257421336e-07
5.915091509150914639e+00,4.943076592676836668e-03,-2.264438076265705476e-07
5.916591659165916006e+00,4.942941925309321527e-03,-2.473311693220175055e-07
5.918091809180917373e+00,4.942807449278171540e-03,-2.261084016429022695e-07
5.919591959195919628e+00,4.942673152409736599e-03,-1.655067877859527621e-07
5.921092109210920995e+00,4.942539010363545225e-03,-7.098835991397571345e-08
5.922592259225922362e+00,4.942404986632305437e-03,4.925410084436377866e-08
5.924092409240923729e+00,4.942271032541904752e-03,1.842970643944220761e-07
5.925592559255925096e+00,4.942137087251411050e-03,3.204862516755926706e-07
5.927092709270926463e+00,4.942003077753072578e-03,4.414366346613197361e-07
5.928592859285927830e+00,4.941868918872315344e-03,5.280324363590864821e-07
5.930093009300930085e+00,4.941734513267746591e-03,5.584271308104178007e-07
5.931593159315931452e+00,4.941599753059937837e-03,5.084087404211121902e-07
5.933093309330932819e+00,4.941464708746109991e-03,3.937786569512187588e-07
5.934593459345934185e+00,4.941329533960216701e-03,2.490126288779801777e-07
5.936093609360935552e+00,4.941194305430236973e-03,9.134142131434090382e-08
5.937593759375936919e+00,4.941059089348004071e-03,-6.437021130032994204e-08
5.939093909390938286e+00,4.940923941369203785e-03,-2.056235252002379398e-07
5.940594059405940541e+00,4.940788906613377898e-03,-3.222857872932249919e-07
5.942094209420941908e+00,4.940654019663919851e-03,-4.065902751605067430e-07
5.943594359435943275e+00,4.940519304568077343e-03,-4.531362770570931317e-07
5.945094509450944642e+00,4.940384774836953201e-03,-4.588890919114935175e-07
5.946594659465946009e+00,4.940250433445501042e-03,-4.231800293257917489e-07
5.948094809480947376e+00,4.940116272832532213e-03,-3.477064095756473280e-07
5.949594959495949631e+00,4.939982274900707113e-03,-2.365315636102182249e-07
5.951095109510950998e+00,4.939848411016544739e-03,-9.608483305245225667e-08
5.952595259525952365e+00,4.939714642010414013e-03,6.483842980132287621e-08
5.954095409540953732e+00,4.939580918176538112e-03,2.350768619811410863e-07
5.955595559555955099e+00,4.939447179272997077e-03,4.011030898434686793e-07
5.957095709570956465e+00,4.939313354521720004e-03,5.470237290711929190e-07
5.958595859585957832e+00,4.939179362608493717e-03,6.545793846736222390e-07
5.960096009600960087e+00,4.939045111682955833e-03,7.031446509865088484e-07
5.961596159615961454e+00,4.938910499358600825e-03,6.697281116719352815e-07
5.963096309630962821e+00,4.938775457769164871e-03,5.390717934785675948e-07
5.964596459645964188e+00,4.938640108470577356e-03,3.384392286794542653e-07
5.966096609660965555e+00,4.938504584955021731e-03,9.782340627184223330e-08
5.967596759675966922e+00,4.938369003041514702e-03,-1.567514506219973529e-07
5.969096909690968289e+00,4.938233462718894656e-03,-4.028180165615258871e-07
5.970597059705970544e+00,4.938098048145816467e-03,-6.214658637880546193e-07
5.972097209720971911e+00,4.937962827650757558e-03,-7.973414622242451181e-07
5.973597359735973278e+00,4.937827853732013571e-03,-9.186481794748979644e-07
5.975097509750974645e+00,4.937693163057700965e-03,-9.771462808264069442e-07
5.976597659765976012e+00,4.937558776465755285e-03,-9.681529292468958446e-07
5.978097809780977379e+00,4.937424698963931158e-03,-8.905421853862257594e-07
5.979597959795979634e+00,4.937290919729804897e-03,-7.467450075758826458e-07
5.981098109810981001e+00,4.937157412110771033e-03,-5.427492518293662179e-07
5.982598259825982367e+00,4.937024133624044048e-03,-2.880996718416648925e-07
5.984098409840983734e+00,4.936891025956658373e-03,4.102081010426362094e-09
5.985598559855985101e+00,4.936758014965469260e-03,3.171974576683877114e-07
5.987098709870986468e+00,4.936625010677149310e-03,6.309710113919584143e-07
5.988598859885987835e+00,4.936491907288192808e-03,9.216503977591578931e-07
5.990099009900990090e+00,4.936358583164913126e-03,1.161906374666377001e-06
5.991599159915991457e+00,4.936224900843444452e-03,1.320852802327866997e-06
5.993099309930992824e+00,4.936090707029739191e-03,1.364046643276602302e-06
5.994599459945994191e+00,4.935955832599569701e-03,1.253487962363665657e-06
5.996099609960995558e+00,4.935820409846674445e-03,1.018877844608964798e-06
5.997599759975996925e+00,4.935684832178252601e-03,7.485934570772287603e-07
5.999099909990998292e+00,4.935549221831148949e-03,4.701165029219491935e-07
6.000600060006000547e+00,4.935413681472719874e-03,2.065293552009733104e-07
6.002100210021001914e+00,4.935278294778212664e-03,-2.335527074942384799e-08
6.003600360036003281e+00,4.935143126430766372e-03,-2.049943173154939128e-07
6.005100510051004647e+00,4.935008222121411818e-03,-3.281143846053665718e-07
6.006600660066006014e+00,4.934873608549070721e-03,-3.867117304492120937e-07
6.008100810081007381e+00,4.934739293420555700e-03,-3.790522703992428107e-07
6.009600960096009636e+00,4.934605265450573743e-03,-3.076715777296504378e-07
6.011101110111011003e+00,4.934471494361721000e-03,-1.793748834368159255e-07
6.012601260126012370e+00,4.934337930884485392e-03,-5.237076239053867170e-09
6.014101410141013737e+00,4.934204506757247470e-03,1.993972974232595984e-07
6.015601560156015104e+00,4.934071134726278687e-03,4.149140333877053163e-07
6.017101710171016471e+00,4.933937708545742262e-03,6.174292697698259859e-07
6.018601860186017838e+00,4.933804102977692313e-03,7.787894869631194901e-07
6.020102010201020093e+00,4.933670173792075592e-03,8.665715076390729888e-07
6.021602160216021460e+00,4.933535757766729750e-03,8.440824967469785833e-07
6.023102310231022827e+00,4.933400825217439632e-03,7.046407619787641958e-07
6.024602460246024194e+00,4.933265749714896113e-03,5.322080800641462774e-07
6.026102610261025561e+00,4.933130635487555787e-03,3.502247234601889260e-07
6.027602760276026927e+00,4.932995552710701774e-03,1.744758141600996234e-07
6.029102910291028294e+00,4.932860559146799891e-03,1.795453188776569994e-08
6.030603060306030549e+00,4.932725700145496051e-03,-1.091378859023104636e-07
6.032103210321031916e+00,4.932591008643620600e-03,-1.993921440247285273e-07
6.033603360336033283e+00,4.932456505165183983e-03,-2.481908895636488597e-07
6.035103510351034650e+00,4.932322197821377603e-03,-2.537087118724663253e-07
6.036603660366036017e+00,4.932188082310578169e-03,-2.169121425738969984e-07
6.038103810381037384e+00,4.932054141918341614e-03,-1.415596555599753054e-07
6.039603960396039639e+00,4.931920347517406572e-03,-3.420166699198859086e-08
6.041104110411041006e+00,4.931786657567693508e-03,9.581946469925723167e-08
6.042604260426042373e+00,4.931653018116305583e-03,2.363694388138168326e-07
6.044104410441043740e+00,4.931519362797526056e-03,3.725220123823730089e-07
6.045604560456045107e+00,4.931385612832822618e-03,4.865590001662870295e-07
6.047104710471046474e+00,4.931251677030842190e-03,5.579702746575973646e-07
6.048604860486047841e+00,4.931117451787416991e-03,5.634537660790275212e-07
6.050105010501050096e+00,4.930982850455518061e-03,4.835172418994459450e-07
6.051605160516051463e+00,4.930848031208414153e-03,3.537126404959253531e-07
6.053105310531052830e+00,4.930713108363558340e-03,1.997572012074561510e-07
6.054605460546054196e+00,4.930578156322758254e-03,3.839518466690199404e-08
6.056105610561055563e+00,4.930443238705640822e-03,-1.160556042761216598e-07
6.057605760576056930e+00,4.930308408349651401e-03,-2.517038165552477087e-07
6.059105910591058297e+00,4.930173707310052909e-03,-3.590845588873569834e-07
6.060606060606060552e+00,4.930039166859925825e-03,-4.311593937726102760e-07
6.062106210621061919e+00,4.929904807490171660e-03,-4.633163394942985204e-07
6.063606360636063286e+00,4.929770638909506883e-03,-4.533698701191018792e-07
6.065106510651064653e+00,4.929636660044468995e-03,-4.015609154968965138e-07
6.066606660666066020e+00,4.929502859039412190e-03,-3.105568612608057241e-07
6.068106810681067387e+00,4.929369213256509091e-03,-1.854515488272016429e-07
6.069606960696069642e+00,4.929235689275750752e-03,-3.376527539560888529e-08
6.071107110711071009e+00,4.929102242894946653e-03,1.345552060509186269e-07
6.072607260726072376e+00,4.928968819129723837e-03,3.071366867463449548e-07
6.074107410741073743e+00,4.928835352213529510e-03,4.691795021413051232e-07
6.075607560756075110e+00,4.928701765597626704e-03,6.034575319031824658e-07
6.077107710771076476e+00,4.928567971951098615e-03,6.903181999161170951e-07
6.078607860786077843e+00,4.928433873160845136e-03,7.076824742809959499e-07
6.080108010801080098e+00,4.928299362332524795e-03,6.314939967738898940e-07
6.081608160816081465e+00,4.928164458621459888e-03,4.660249928725794508e-07
6.083108310831082832e+00,4.928029310269494562e-03,2.446308514131282010e-07
6.084608460846084199e+00,4.927894042027775728e-03,-4.597170242266278414e-09
6.086108610861085566e+00,4.927758762716883539e-03,-2.571549376492087848e-07
6.087608760876086933e+00,4.927623565226827915e-03,-4.921254392811073377e-07
6.089108910891088300e+00,4.927488526517049411e-03,-6.921787865291718016e-07
6.090609060906090555e+00,4.927353707616422690e-03,-8.435722137024896963e-07
6.092109210921091922e+00,4.927219153623252183e-03,-9.361500780276924652e-07
6.093609360936093289e+00,4.927084893705275560e-03,-9.633438596495081644e-07
6.095109510951094656e+00,4.926950941099661127e-03,-9.221721616303593342e-07
6.096609660966096023e+00,4.926817293113007826e-03,-8.132407099504709954e-07
6.098109810981097390e+00,4.926683931121346970e-03,-6.407423535078765789e-07
6.099609960996099645e+00,4.926550820570143978e-03,-4.124570641182529654e-07
6.101110111011101012e+00,4.926417910974291436e-03,-1.397519365155180680e-07
6.102610261026102378e+00,4.926285135918116037e-03,1.624188116490110133e-07
6.104110411041103745e+00,4.926152413055376843e-03,4.755138398060930958e-07
6.105610561056105112e+00,4.926019644109262685e-03,7.774046844686847278e-07
6.107110711071106479e+00,4.925886714872395634e-03,1.042375759231928012e-06
6.108610861086107846e+00,4.925753495206827530e-03,1.241124354773180890e-06
6.110111011101110101e+00,4.925619839044043449e-03,1.340760638852008506e-06
6.111611161116111468e+00,4.925485584384959106e-03,1.304807656310018522e-06
6.113111311131112835e+00,4.925350637257748521e-03,1.112098771469393050e-06
6.114611461146114202e+00,4.925215411854186320e-03,8.558631460087774508e-07
6.116111611161115569e+00,4.925080100365989907e-03,5.793868075388571750e-07
6.117611761176116936e+00,4.924944814127763144e-03,3.077542080678741837e-07
6.119111911191118303e+00,4.924809645475849464e-03,6.176961335300561525e-08
6.120612061206120558e+00,4.924674667748328398e-03,-1.420428970997414585e-07
6.122112211221121925e+00,4.924539935285021652e-03,-2.914394300350732700e-07
6.123612361236123292e+00,4.924405483427487032e-03,-3.784562784491445806e-07
6.125112511251124658e+00,4.924271328519022779e-03,-3.994099215890392374e-07
6.126612661266126025e+00,4.924137467904664972e-03,-3.548970249529065459e-07
6.128112811281127392e+00,4.924003879931188390e-03,-2.497944402899602108e-07
6.129612961296129647e+00,4.923870523947106517e-03,-9.325920560037457470e-08
6.131113111311131014e+00,4.923737340302671538e-03,1.012714548643162176e-07
6.132613261326132381e+00,4.923604250349874339e-03,3.160801306017764140e-07
6.134113411341133748e+00,4.923471156442446248e-03,5.291692248585357710e-07
6.135613561356135115e+00,4.923337941935853820e-03,7.142609546300494811e-07
6.137113711371136482e+00,4.923204471187304920e-03,8.407973506607119376e-07
6.138613861386137849e+00,4.923070589555745245e-03,8.739402574438582164e-07
6.140114011401140104e+00,4.922936140636507800e-03,7.784529157926628804e-07
6.141614161416141471e+00,4.922801393510967821e-03,6.149333987373743208e-07
6.143114311431142838e+00,4.922666568389855168e-03,4.329922051760198715e-07
6.144614461446144205e+00,4.922531742729664185e-03,2.500894970352131315e-07
6.146114611461145572e+00,4.922396981343241801e-03,8.083548402778797891e-08
6.147614761476146938e+00,4.922262336399790134e-03,-6.300957634720333497e-08
6.149114911491148305e+00,4.922127847424863020e-03,-1.725353788044880151e-07
6.150615061506150560e+00,4.921993541300367751e-03,-2.416815702726018923e-07
6.152115211521151927e+00,4.921859432264567673e-03,-2.672377498937516747e-07
6.153615361536153294e+00,4.921725521912076115e-03,-2.488434690240602695e-07
6.155115511551154661e+00,4.921591799193861597e-03,-1.889882312333789534e-07
6.156615661566156028e+00,4.921458240417246957e-03,-9.301149230534041828e-08
6.158115811581157395e+00,4.921324809245905887e-03,3.089733976264493493e-08
6.159615961596158762e+00,4.921191456699868134e-03,1.716989047593837020e-07
6.161116111611161017e+00,4.921058121155515164e-03,3.155038902599843906e-07
6.162616261626162384e+00,4.920924728345582762e-03,4.455730316255172835e-07
6.164116411641163751e+00,4.920791191359160169e-03,5.423171120035301231e-07
6.165616561656165118e+00,4.920657410641689211e-03,5.832969623277091921e-07
6.167116711671166485e+00,4.920523273994966036e-03,5.432234613179550170e-07
6.168616861686167852e+00,4.920388812300357552e-03,4.290398233566213341e-07
6.170117011701170107e+00,4.920254205410337818e-03,2.812736851111694778e-07
6.171617161716171474e+00,4.920119534581548874e-03,1.182510957611702150e-07
6.173117311731172840e+00,4.919984869982129382e-03,-4.420261912325547966e-08
6.174617461746174207e+00,4.919850270726777719e-03,-1.927549605380148620e-07
6.176117611761175574e+00,4.919715784876750250e-03,-3.165662560451228805e-07
6.177617761776176941e+00,4.919581449439861323e-03,-4.072896597727013294e-07
6.179117911791178308e+00,4.919447290370484137e-03,-4.590711524149795898e-07
6.180618061806180563e+00,4.919313322569549007e-03,-4.685495412322880649e-07
6.182118211821181930e+00,4.919179549884546837e-03,-4.348564600510605100e-07
6.183618361836183297e+00,4.919045965109523910e-03,-3.596163692638682306e-07
6.185118511851184664e+00,4.918912549985087097e-03,-2.469465558293722257e-07
6.186618661866186031e+00,4.918779275198400386e-03,-1.034571332723417164e-07
6.188118811881187398e+00,4.918646100383187482e-03,6.174895831634744225e-08
6.189618961896188765e+00,4.918512974119728341e-03,2.370759522797127084e-07
6.191119111911191020e+00,4.918379833934863506e-03,4.084352553947581858e-07
6.192619261926192387e+00,4.918246606301990634e-03,5.592454478720768358e-07
6.194119411941193754e+00,4.918113206641064501e-03,6.704322833564600236e-07
6.195619561956195120e+00,4.917979539318600470e-03,7.204286889264988305e-07
6.197119711971196487e+00,4.917845497647671885e-03,6.851747650946672218e-07
6.198619861986197854e+00,4.917711018406781265e-03,5.503941670331712614e-07
6.200120012001200109e+00,4.917576239045371063e-03,3.470530851686824770e-07
6.201620162016201476e+00,4.917441293331769291e-03,1.053355863995036105e-07
6.203120312031202843e+00,4.917306296742232977e-03,-1.486999174422860535e-07
6.204620462046204210e+00,4.917171348669435900e-03,-3.926243353253905985e-07
6.206120612061205577e+00,4.917036532422463385e-03,-6.076378970193983795e-07
6.207620762076206944e+00,4.916901915226814905e-03,-7.785701530947843520e-07
6.209120912091208311e+00,4.916767548224402345e-03,-8.938799749229086956e-07
6.210621062106210566e+00,4.916633466473553475e-03,-9.456555546760284610e-07
6.212121212121211933e+00,4.916499688949006741e-03,-9.296144053272113839e-07
6.213621362136213300e+00,4.916366218541917341e-03,-8.451033606505292207e-07
6.215121512151214667e+00,4.916233042059852017e-03,-6.950985752208841065e-07
6.216621662166216034e+00,4.916100130226789926e-03,-4.862055244140701769e-07
6.218121812181217400e+00,4.915967437683126974e-03,-2.286590044067591684e-07
6.219621962196218767e+00,4.915834902985669747e-03,6.367686782348433513e-08
6.221122112211221022e+00,4.915702448607638976e-03,3.733086544983944377e-07
6.222622262226222389e+00,4.915569980938671278e-03,6.791135970382646831e-07
6.224122412241223756e+00,4.915437390284813947e-03,9.563396160630560799e-07
6.225622562256225123e+00,4.915304550868529292e-03,1.176605311391659971e-06
6.227122712271226490e+00,4.915171320828692035e-03,1.307899962042078347e-06
6.228622862286227857e+00,4.915037542220591048e-03,1.314583526231433372e-06
6.230123012301230112e+00,4.914903058093802318e-03,1.161238648988971959e-06
6.231623162316231479e+00,4.914768175348961828e-03,9.170837754575751252e-07
6.233123312331232846e+00,4.914633170725410220e-03,6.445651600796111177e-07
6.234623462346234213e+00,4.914498161163875431e-03,3.700865545109066567e-07
6.236123612361235580e+00,4.914363244571009863e-03,1.157542931649716535e-07
6.237623762376236947e+00,4.914228499819386919e-03,-1.006227067869996255e-07
6.239123912391238314e+00,4.914093986747505340e-03,-2.655329454161295110e-07
6.240624062406240569e+00,4.913959746159788332e-03,-3.697623400358987536e-07
6.242124212421241936e+00,4.913825799826580971e-03,-4.083942252019372004e-07
6.243624362436243302e+00,4.913692150484152803e-03,-3.808093527123981838e-07
6.245124512451244669e+00,4.913558781834696104e-03,-2.906858916076711654e-07
6.246624662466246036e+00,4.913425658546327623e-03,-1.459994281704617808e-07
6.248124812481247403e+00,4.913292726253086842e-03,4.097703407420943118e-08
6.249624962496248770e+00,4.913159911554938579e-03,2.536730743590046989e-07
6.251125112511251025e+00,4.913027122017767784e-03,4.712208546743928967e-07
6.252625262526252392e+00,4.912894246173386478e-03,6.684551197681384662e-07
6.254125412541253759e+00,4.912761153519529418e-03,8.159131971460749694e-07
6.255625562556255126e+00,4.912627694519852359e-03,8.798349970716022683e-07
6.257125712571256493e+00,4.912493700603938994e-03,8.221630125657967456e-07
6.258625862586257860e+00,4.912359275466140172e-03,6.662920436716691937e-07
6.260126012601260115e+00,4.912224744497734052e-03,4.856739992774599172e-07
6.261626162616261482e+00,4.912090190689629050e-03,2.990564396950235466e-07
6.263126312631262849e+00,4.911955683794467196e-03,1.221966374621158170e-07
6.264626462646264216e+00,4.911821280696258146e-03,-3.205499922546259580e-08
6.266126612661265582e+00,4.911687025410373109e-03,-1.537549265139667667e-07
6.267626762676266949e+00,4.911552949083552652e-03,-2.358664648917084741e-07
6.269126912691268316e+00,4.911419069993899766e-03,-2.742597991890558820e-07
6.270627062706270571e+00,4.911285393550884198e-03,-2.677119785784168115e-07
6.272127212721271938e+00,4.911151912295340718e-03,-2.179069165742817275e-07
6.273627362736273305e+00,4.911018605899469119e-03,-1.294353910331987512e-07
6.275127512751274672e+00,4.910885441166834217e-03,-9.795044153763813440e-09
6.276627662766276039e+00,4.910752372032365851e-03,1.306096175233721454e-07
6.278127812781277406e+00,4.910619339562361484e-03,2.784672231154993642e-07
6.279627962796278773e+00,4.910486271954481001e-03,4.175595373978541839e-07
6.281128112811281028e+00,4.910353084537751912e-03,5.287614608036698170e-07
6.282628262826282395e+00,4.910219679772564148e-03,5.900410294239220256e-07
6.284128412841283762e+00,4.910085947250676132e-03,5.764594150077513677e-07
6.285628562856285129e+00,4.909951835892768270e-03,4.764699647148977722e-07
6.287128712871286496e+00,4.909817539586094903e-03,3.338467081124081653e-07
6.288628862886287862e+00,4.909683155643359068e-03,1.705801405434207779e-07
6.290129012901290118e+00,4.909548758857802675e-03,3.574707148913262390e-09
6.291629162916291484e+00,4.909414412714080758e-03,-1.528209635424505540e-07
6.293129312931292851e+00,4.909280169388251062e-03,-2.868140596149266684e-07
6.294629462946294218e+00,4.909146069747786188e-03,-3.891675857652866027e-07
6.296129612961295585e+00,4.909012143351562316e-03,-4.532003633029175124e-07
6.297629762976296952e+00,4.908878408449867878e-03,-4.747870301498213394e-07
6.299129912991298319e+00,4.908744871984398357e-03,-4.523580408406147066e-07
6.300630063006300574e+00,4.908611529588257152e-03,-3.868996665224785188e-07
6.302130213021301941e+00,4.908478365585959048e-03,-2.819539949553406045e-07
6.303630363036303308e+00,4.908345352993425011e-03,-1.436189305116367469e-07
6.305130513051304675e+00,4.908212453517985657e-03,1.945180582355379130e-08
6.306630663066306042e+00,4.908079617558380389e-03,1.960486764525377018e-07
6.308130813081307409e+00,4.907946784204757391e-03,3.724063271650050899e-07
6.309630963096308776e+00,4.907813881238673633e-03,5.322035871380324391e-07
6.311131113111311031e+00,4.907680825133093130e-03,6.565634689361428560e-07
6.312631263126312398e+00,4.907547521052391289e-03,7.240531685110212561e-07
6.314131413141313764e+00,4.907413862852350560e-03,7.106840652019841488e-07
6.315631563156315131e+00,4.907279758745904281e-03,5.957027127773044123e-07
6.317131713171316498e+00,4.907145318862595092e-03,4.039592262419700726e-07
6.318631863186317865e+00,4.907010686589254045e-03,1.678709287222282657e-07
6.320132013201320120e+00,4.906875981180665140e-03,-8.559371599334300344e-08
6.321632163216321487e+00,4.906741305669150635e-03,-3.331347117398452246e-07
6.323132313231322854e+00,4.906606746864564106e-03,-5.551205299769815891e-07
6.324632463246324221e+00,4.906472375354295652e-03,-7.355881097884482912e-07
6.326132613261325588e+00,4.906338245503271897e-03,-8.622428578820830758e-07
6.327632763276326955e+00,4.906204395453952517e-03,-9.264586485898644981e-07
6.329132913291328322e+00,4.906070847126333713e-03,-9.232778238679123463e-07
6.330633063306330577e+00,4.905937606217946473e-03,-8.514111932964245385e-07
6.332133213321331944e+00,4.905804662203856574e-03,-7.132380340798899388e-07
6.333633363336333311e+00,4.905671988336665450e-03,-5.148060910468298015e-07
6.335133513351334678e+00,4.905539541646507587e-03,-2.658315766499324484e-07
6.336633663366336044e+00,4.905407262941056598e-03,2.030082903397701212e-08
6.338133813381337411e+00,4.905275076805517415e-03,3.265379783039291676e-07
6.339633963396338778e+00,4.905142891602631491e-03,6.321582558348164429e-07
6.341134113411341033e+00,4.905010599472676806e-03,9.127715786775423893e-07
6.342634263426342400e+00,4.904878076333463524e-03,1.140319396258366399e-06
6.344134413441343767e+00,4.904745181880340067e-03,1.283074690379936979e-06
6.345634563456345134e+00,4.904611759586187045e-03,1.305641975220567963e-06
6.347134713471346501e+00,4.904477642078320168e-03,1.170172652369266701e-06
6.348634863486347868e+00,4.904343074650196858e-03,9.321039886425729606e-07
6.350135013501350123e+00,4.904208370499325842e-03,6.622544263031801495e-07
6.351635163516351490e+00,4.904073648889767552e-03,3.876096568180441819e-07
6.353135313531352857e+00,4.903939010014187784e-03,1.308403492340496238e-07
6.354635463546354224e+00,4.903804534993851626e-03,-8.969784982135037401e-08
6.356135613561355591e+00,4.903670285878629527e-03,-2.599643161402868598e-07
6.357635763576356958e+00,4.903536305646993831e-03,-3.702334479344757161e-07
6.359135913591358324e+00,4.903402618206018776e-03,-4.150946658352162831e-07
6.360636063606360580e+00,4.903269228391383960e-03,-3.934524128933629832e-07
6.362136213621361946e+00,4.903136121967370011e-03,-3.085261545794110832e-07
6.363636363636363313e+00,4.903003265626860313e-03,-1.678503787834234254e-07
6.365136513651364680e+00,4.902870606991341015e-03,1.672540418495961879e-08
6.366636663666366047e+00,4.902738074610903628e-03,2.290366615965110442e-07
6.368136813681367414e+00,4.902605577964238084e-03,4.486038383024248348e-07
6.369636963696368781e+00,4.902473007458641417e-03,6.506323567343043168e-07
6.371137113711371036e+00,4.902340234430010817e-03,8.060126169042476034e-07
6.372637263726372403e+00,4.902207111142847969e-03,8.813199964044873939e-07
6.374137413741373770e+00,4.902073470790256453e-03,8.388148504079854851e-07
6.375637563756375137e+00,4.901939351022378821e-03,6.870025841621672113e-07
6.377137713771376504e+00,4.901805107162376593e-03,5.062593425232010585e-07
6.378637863786377871e+00,4.901670830414110204e-03,3.172307721647644621e-07
6.380138013801380126e+00,4.901536593252355835e-03,1.363239515424994345e-07
6.381638163816381493e+00,4.901402455065116681e-03,-2.301648239346872153e-08
6.383138313831382860e+00,4.901268462153626423e-03,-1.503083341991865926e-07
6.384638463846384226e+00,4.901134647732343155e-03,-2.380318499364282802e-07
6.386138613861385593e+00,4.901001031928954588e-03,-2.816297171728068911e-07
6.387638763876386960e+00,4.900867621784378049e-03,-2.795070649817736909e-07
6.389138913891388327e+00,4.900734411252756148e-03,-2.330314639426197974e-07
6.390639063906390582e+00,4.900601381201460244e-03,-1.465329261404115950e-07
6.392139213921391949e+00,4.900468499411089578e-03,-2.730390516622493882e-08
6.393639363936393316e+00,4.900335720575472141e-03,1.144007038831730119e-07
6.395139513951394683e+00,4.900202986301663809e-03,2.653635644051343761e-07
6.396639663966396050e+00,4.900070225109945735e-03,4.094048982911721610e-07
6.398139813981397417e+00,4.899937352433830426e-03,5.273824859269650274e-07
6.399639963996398784e+00,4.899804270620057405e-03,5.971916661923472304e-07
6.401140114011401039e+00,4.899670868928591473e-03,5.937653364612851149e-07
6.402640264026402406e+00,4.899537072474425582e-03,5.001462001663042997e-07
6.404140414041403773e+00,4.899403067956312544e-03,3.585718567616752899e-07
6.405640564056405140e+00,4.899268965286270212e-03,1.939300792197343346e-07
6.407140714071406506e+00,4.899134841933396566e-03,2.376739996856417091e-08
6.408640864086407873e+00,4.899000763809035694e-03,-1.369873442612109434e-07
6.410141014101410128e+00,4.898866785266777803e-03,-2.760230124364999269e-07
6.411641164116411495e+00,4.898732949102458344e-03,-3.836461592214277142e-07
6.413141314131412862e+00,4.898599286554159750e-03,-4.527810349778370166e-07
6.414641464146414229e+00,4.898465817302209702e-03,-4.789695857649426270e-07
6.416141614161415596e+00,4.898332549469181993e-03,-4.603714533394147467e-07
6.417641764176416963e+00,4.898199479619898267e-03,-3.977639751553836441e-07
6.419141914191418330e+00,4.898066592761423678e-03,-2.945421843644388079e-07
6.420642064206420585e+00,4.897933862343070363e-03,-1.567188098155378906e-07
6.422142214221421952e+00,4.897801250256397440e-03,7.075723944643996086e-09
6.423642364236423319e+00,4.897668706835209274e-03,1.855932966722119128e-07
6.425142514251424686e+00,4.897536170855555475e-03,3.649680924257393320e-07
6.426642664266426053e+00,4.897403569535733504e-03,5.287165995663426233e-07
6.428142814281427420e+00,4.897270818536285202e-03,6.577376107576789367e-07
6.429642964296428786e+00,4.897137821959999388e-03,7.303122229659420725e-07
6.431143114311431042e+00,4.897004472351910997e-03,7.221038374598392412e-07
6.432643264326432408e+00,4.896870672332864945e-03,6.110500267690521798e-07
6.434143414341433775e+00,4.896736528490063835e-03,4.212509268071446975e-07
6.435643564356435142e+00,4.896602187907105573e-03,1.860284926208315426e-07
6.437143714371436509e+00,4.896467770840541404e-03,-6.736438711572637390e-08
6.438643864386437876e+00,4.896333381184960441e-03,-3.153827117214090108e-07
6.440144014401440131e+00,4.896199106472985327e-03,-5.381893685082590106e-07
6.441644164416441498e+00,4.896065017875280041e-03,-7.196551327809695093e-07
6.443144314431442865e+00,4.895931170200539494e-03,-8.473586678376879709e-07
6.444644464446444232e+00,4.895797601895499930e-03,-9.125865249694642392e-07
6.446144614461445599e+00,4.895664335044931995e-03,-9.103331434603883924e-07
6.447644764476446966e+00,4.895531375371642464e-03,-8.393008505875922258e-07
6.449144914491448333e+00,4.895398712236475984e-03,-7.018998616212481928e-07
6.450645064506450588e+00,4.895266318638312464e-03,-5.042482798244391734e-07
6.452145214521451955e+00,4.895134151214070549e-03,-2.561720964536621413e-07
6.453645364536453322e+00,4.895002150238701548e-03,2.879480924188260236e-08
6.455145514551454689e+00,4.894870239625197239e-03,3.334106700198554193e-07
6.456645664566456055e+00,4.894738326924584666e-03,6.367258306448661663e-07
6.458145814581457422e+00,4.894606303325926139e-03,9.140827478884991826e-07
6.459645964596458789e+00,4.894474043656322701e-03,1.137115990529280256e-06
6.461146114611461044e+00,4.894341406380908928e-03,1.273752239352752856e-06
6.462646264626462411e+00,4.894208233602859864e-03,1.288210287151180930e-06
6.464146414641463778e+00,4.894074358008934991e-03,1.142573129978238895e-06
6.465646564656465145e+00,4.893939913032730078e-03,8.670257776924009775e-07
6.467146714671466512e+00,4.893805167599621017e-03,5.225062136245983486e-07
6.468646864686467879e+00,4.893670302471700602e-03,1.500022571407022059e-07
6.470147014701470134e+00,4.893535473200782450e-03,-2.152145225682646882e-07
6.471647164716471501e+00,4.893400810128392328e-03,-5.435888064852675270e-07
6.473147314731472868e+00,4.893266418385774225e-03,-8.112815257685836896e-07
6.474647464746474235e+00,4.893132377893888614e-03,-1.000169861750910815e-06
6.476147614761475602e+00,4.892998743363410723e-03,-1.097847245939583644e-06
6.477647764776476969e+00,4.892865544294733998e-03,-1.097623360016583122e-06
6.479147914791478335e+00,4.892732784977965772e-03,-9.985241358385281425e-07
6.480648064806480591e+00,4.892600444492930731e-03,-8.052917554365412928e-07
6.482148214821481957e+00,4.892468476709170913e-03,-5.283846510167583426e-07
6.483648364836483324e+00,4.892336810285943111e-03,-1.839775049596391836e-07
6.485148514851484691e+00,4.892205348672220601e-03,2.060387501796245358e-07
6.486648664866486058e+00,4.892073970106691413e-03,6.140569316712072429e-07
6.488148814881487425e+00,4.891942527617763534e-03,1.006753606610643512e-06
6.489648964896488792e+00,4.891810849023557096e-03,1.345089091918815146e-06
6.491149114911491047e+00,4.891678736931911325e-03,1.584307454342070821e-06
6.492649264926492414e+00,4.891545968740380196e-03,1.673936510451713206e-06
6.494149414941493781e+00,4.891412296636234169e-03,1.557787826644873106e-06
6.495649564956495148e+00,4.891277851881612425e-03,1.265595254046875379e-06
6.497149714971496515e+00,4.891143185823277478e-03,9.223461528611399251e-07
6.498649864986497882e+00,4.891008462181873143e-03,5.651838774262445195e-07
6.500150015001500137e+00,4.890873817107864452e-03,2.249977300731527174e-07
6.501650165016501504e+00,4.890739361896909859e-03,-7.296161778960366556e-08
6.503150315031502871e+00,4.890605182989862104e-03,-3.090821256771549754e-07
6.504650465046504237e+00,4.890471341972768213e-03,-4.693903840274590741e-07
6.506150615061505604e+00,4.890337875576868630e-03,-5.455516142015086515e-07
6.507650765076506971e+00,4.890204795678597220e-03,-5.348696684833341897e-07
6.509150915091508338e+00,4.890072089299583868e-03,-4.402870300800009980e-07
6.510651065106510593e+00,4.889939718606650144e-03,-2.703848131214916880e-07
6.512151215121511960e+00,4.889807620911813639e-03,-3.938276266115467676e-08
6.513651365136513327e+00,4.889675708672285362e-03,2.328607453249124529e-07
6.515151515151514694e+00,4.889543869490469742e-03,5.208487039374974578e-07
6.516651665166516061e+00,4.889411966113965495e-03,7.934454753543459612e-07
6.518151815181517428e+00,4.889279836435565622e-03,1.013876790830178288e-06
6.519651965196518795e+00,4.889147293493257412e-03,1.139729750696668289e-06
6.521152115211521050e+00,4.889014125470221572e-03,1.122952824362395060e-06
6.522652265226522417e+00,4.888880258309532580e-03,9.467376652116805408e-07
6.524152415241523784e+00,4.888746202241862383e-03,7.268088590924851170e-07
6.525652565256525151e+00,4.888612106793345513e-03,4.970974813945494742e-07
6.527152715271526517e+00,4.888478057918277733e-03,2.771143172184554228e-07
6.528652865286527884e+00,4.888344125779486848e-03,8.278589085573889313e-08
6.530153015301530139e+00,4.888210364748334438e-03,-7.354553421118926157e-08
6.531653165316531506e+00,4.888076813404715858e-03,-1.831219553086968289e-07
6.533153315331532873e+00,4.887943494537059369e-03,-2.407696305724918203e-07
6.534653465346534240e+00,4.887810415142326143e-03,-2.448990789472251061e-07
6.536153615361535607e+00,4.887677566426010256e-03,-1.975050801865910017e-07
6.537653765376536974e+00,4.887544923802139563e-03,-1.041666748533319252e-07
6.539153915391538341e+00,4.887412446893274823e-03,2.595283568076668402e-08
6.540654065406540596e+00,4.887280079530510572e-03,1.801058892349654102e-07
6.542154215421541963e+00,4.887147749753474255e-03,3.419606628191937193e-07
6.543654365436543330e+00,4.887015369810325353e-03,4.916010726346093188e-07
6.545154515451544697e+00,4.886882836157759730e-03,6.055267740732426152e-07
6.546654665466546064e+00,4.886750029461001815e-03,6.566531617180732651e-07
6.548154815481547431e+00,4.886616814593814154e-03,6.143113693430347276e-07
6.549654965496548797e+00,4.886483249908298541e-03,4.917302433062068620e-07
6.551155115511551053e+00,4.886349569187428861e-03,3.419606481872805671e-07
6.552655265526552419e+00,4.886215848571703532e-03,1.822939187234693142e-07
6.554155415541553786e+00,4.886082152902333081e-03,2.745549179582732837e-08
6.555655565556555153e+00,4.885948535885953001e-03,-1.103577259028766611e-07
6.557155715571556520e+00,4.885815040094624619e-03,-2.214773578682421657e-07
6.558655865586557887e+00,4.885681696965833362e-03,-2.987635577842371493e-07
6.560156015601560142e+00,4.885548526802492228e-03,-3.376050095232084572e-07
6.561656165616561509e+00,4.885415538772937445e-03,-3.359189271458140535e-07
6.563156315631562876e+00,4.885282730910930210e-03,-2.941510549011620405e-07
6.564656465646564243e+00,4.885150090115658421e-03,-2.152756672266939799e-07
6.566156615661565610e+00,4.885017592151734075e-03,-1.047955687482211033e-07
6.567656765676566977e+00,4.884885201649195006e-03,2.925790572008002879e-08
6.569156915691568344e+00,4.884752872103503146e-03,1.763248911756596388e-07
6.570657065706570599e+00,4.884620545875547996e-03,3.233169924276925115e-07
6.572157215721571966e+00,4.884488154191640556e-03,4.546172840967104880e-07
6.573657365736573333e+00,4.884355617143521129e-03,5.520803106151497541e-07
6.575157515751574699e+00,4.884222843688353251e-03,5.950320862269902699e-07
6.576657665766576066e+00,4.884089731648724557e-03,5.602700949878407369e-07
6.578157815781577433e+00,4.883956254727515184e-03,4.418041112921603337e-07
6.579657965796578800e+00,4.883822563226562948e-03,2.737456729787004565e-07
6.581158115811581055e+00,4.883688760692615413e-03,7.962223707696414923e-08
6.582658265826582422e+00,4.883554936707295950e-03,-1.202113572027082604e-07
6.584158415841583789e+00,4.883421167775093934e-03,-3.083715742546870246e-07
6.585658565856585156e+00,4.883287517323369950e-03,-4.704461820775928778e-07
6.587158715871586523e+00,4.883154035702352326e-03,-5.949942522744057746e-07
6.588658865886587890e+00,4.883020760185140599e-03,-6.735461600524657895e-07
6.590159015901590145e+00,4.882887714967699445e-03,-7.006035842234748113e-07
6.591659165916591512e+00,4.882754911168866487e-03,-6.736395072034592733e-07
6.593159315931592879e+00,4.882622346830345350e-03,-5.930982150128732800e-07
6.594659465946594246e+00,4.882490006916710874e-03,-4.623952972764995038e-07
6.596159615961595613e+00,4.882357863315406506e-03,-2.879176472234775607e-07
6.597659765976596979e+00,4.882225874836743432e-03,-7.902346168731078690e-08
6.599159915991598346e+00,4.882093987213903183e-03,1.519577588941369380e-07
6.600660066006600601e+00,4.881962133102935031e-03,3.897252104787857687e-07
6.602160216021601968e+00,4.881830232082759458e-03,6.160067854197667176e-07
6.603660366036603335e+00,4.881698190655162951e-03,8.095590724662662527e-07
6.605160516051604702e+00,4.881565902244803211e-03,9.461673567629892785e-07
6.606660666066606069e+00,4.881433247199206543e-03,9.986456198502699386e-07
6.608160816081607436e+00,4.881300092788768731e-03,9.368365396640893504e-07
6.609660966096608803e+00,4.881166373308965488e-03,7.457839346893139055e-07
6.611161116111611058e+00,4.881032275953634501e-03,4.679831051007875235e-07
6.612661266126612425e+00,4.880897976667977756e-03,1.434334188999239796e-07
6.614161416141613792e+00,4.880763627770573140e-03,-1.932355581893378392e-07
6.615661566156615159e+00,4.880629359638965353e-03,-5.123823991745598916e-07
6.617161716171616526e+00,4.880495280709658094e-03,-7.893538157949479178e-07
6.618661866186617893e+00,4.880361477478116668e-03,-1.004484658521351229e-06
6.620162016201620148e+00,4.880228014498768849e-03,-1.143097916556320410e-06
6.621662166216621515e+00,4.880094934385003150e-03,-1.195504717833827587e-06
6.623162316231622881e+00,4.879962257809170555e-03,-1.157004329019758768e-06
6.624662466246624248e+00,4.879829983502582784e-03,-1.027884155511546650e-06
6.626162616261625615e+00,4.879698088255514897e-03,-8.134197414382599828e-07
6.627662766276626982e+00,4.879566526917200955e-03,-5.238747696606183929e-07
6.629162916291628349e+00,4.879435232395838359e-03,-1.745010617709779829e-07
6.630663066306630604e+00,4.879304115658586113e-03,2.144614219068933437e-07
6.632163216321631971e+00,4.879173065731564826e-03,6.177845823168744054e-07
6.633663366336633338e+00,4.879041949699855843e-03,1.005252181671889406e-06
6.635163516351634705e+00,4.878910612707502981e-03,1.341659843452999067e-06
6.636663666366636072e+00,4.878778877957511660e-03,1.586815052409623190e-06
6.638163816381637439e+00,4.878646546711848039e-03,1.695537154559540648e-06
6.639663966396638806e+00,4.878513398291439880e-03,1.617657357188868854e-06
6.641164116411641061e+00,4.878379369894488699e-03,1.338877565610435724e-06
6.642664266426642428e+00,4.878244955837907418e-03,9.715290169938510165e-07
6.644164416441643795e+00,4.878110383772253297e-03,5.673887568246301311e-07
6.645664566456645161e+00,4.877975827172001573e-03,1.659181865861043190e-07
6.647164716471646528e+00,4.877841431037111333e-03,-1.998982914001741823e-07
6.648664866486647895e+00,4.877707311893030723e-03,-5.035532739744332078e-07
6.650165016501650150e+00,4.877573557790688269e-03,-7.250163571387846377e-07
6.651665166516651517e+00,4.877440228306502423e-03,-8.507341360567504829e-07
6.653165316531652884e+00,4.877307354542374622e-03,-8.736302050540610020e-07
6.654665466546654251e+00,4.877174939125690153e-03,-7.931051576180670714e-07
6.656165616561655618e+00,4.877042956209322495e-03,-6.150365863979019696e-07
6.657665766576656985e+00,4.876911351471628110e-03,-3.517790832044792588e-07
6.659165916591658352e+00,4.876780042116450782e-03,-2.216423901049299706e-08
6.660666066606660607e+00,4.876648916873117280e-03,3.484993560498113842e-07
6.662166216621661974e+00,4.876517835996441695e-03,7.284261126797223904e-07
6.663666366636663341e+00,4.876386631266721970e-03,1.079353442421415070e-06
6.665166516651664708e+00,4.876255105989741635e-03,1.356541757655065017e-06
6.666666666666666075e+00,4.876123034996769808e-03,1.508774471599084059e-06
6.668166816681667441e+00,4.875990164644561191e-03,1.478357998310093469e-06
6.669666966696668808e+00,4.875856412427072989e-03,1.246515254960913467e-06
6.671167116711671063e+00,4.875722425034705217e-03,9.603122225829763697e-07
6.672667266726672430e+00,4.875588393719416588e-03,6.632644007892003940e-07
6.674167416741673797e+00,4.875454427659480297e-03,3.802205048225291588e-07
6.675667566756675164e+00,4.875320615606758105e-03,1.313805771891207299e-07
6.677167716771676531e+00,4.875187025886703815e-03,-6.770401234181416285e-08
6.678667866786677898e+00,4.875053706398358062e-03,-2.061305667380114907e-07
6.680168016801680153e+00,4.874920684614353524e-03,-2.776450617041763725e-07
6.681668166816681520e+00,4.874787967580909709e-03,-2.806421456818547488e-07
6.683168316831682887e+00,4.874655541917837301e-03,-2.181651398496881273e-07
6.684668466846684254e+00,4.874523373818535552e-03,-9.790603812320373033e-08
6.686168616861685621e+00,4.874391409049994885e-03,6.779449284512536564e-08
6.687668766876686988e+00,4.874259572952792559e-03,2.619471136658793832e-07
6.689168916891688355e+00,4.874127770441097872e-03,4.629138122126901499e-07
6.690669066906690610e+00,4.873995886002668691e-03,6.444079036223396715e-07
6.692169216921691977e+00,4.873863783698850587e-03,7.754940302943325923e-07
6.693669366936693343e+00,4.873731307164582034e-03,8.205881618915787978e-07
6.695169516951694710e+00,4.873598287574959324e-03,7.412700649570761196e-07
6.696669666966696077e+00,4.873464948955886188e-03,5.885023131683411097e-07
6.698169816981697444e+00,4.873331532865320288e-03,4.172547060598387802e-07
6.699669966996698811e+00,4.873198113595383560e-03,2.444438734039415994e-07
6.701170117011701066e+00,4.873064753271317585e-03,8.421615392800010239e-08
6.702670267026702433e+00,4.872931501851477526e-03,-5.205240468528579045e-08
6.704170417041703800e+00,4.872798397127337325e-03,-1.557560457984448739e-07
6.705670567056705167e+00,4.872665464723489707e-03,-2.210593038188400462e-07
6.707170717071706534e+00,4.872532718097641845e-03,-2.448970041987669885e-07
6.708670867086707901e+00,4.872400158540618823e-03,-2.269742634354552236e-07
6.710171017101710156e+00,4.872267775176365376e-03,-1.697664890710225876e-07
6.711671167116711523e+00,4.872135544961939818e-03,-7.851937969263722579e-08
6.713171317131712890e+00,4.872003432687519245e-03,3.875107506769437829e-08
6.714671467146714257e+00,4.871871390976399534e-03,1.712585945330052177e-07
6.716171617161715623e+00,4.871739360284991008e-03,3.054466069814002674e-07
6.717671767176716990e+00,4.871607268902821905e-03,4.249882496460474312e-07
6.719171917191718357e+00,4.871475032952539246e-03,5.107863687151788655e-07
6.720672067206720612e+00,4.871342556389906230e-03,5.409735193320988145e-07
6.722172217221721979e+00,4.871209732779830347e-03,4.913160257616230831e-07
6.723672367236723346e+00,4.871076626011468583e-03,3.763389636792799686e-07
6.725172517251724713e+00,4.870943384076628982e-03,2.297329335117157694e-07
6.726672667266726080e+00,4.870810086192695933e-03,6.954515883490988989e-08
6.728172817281727447e+00,4.870676800636985528e-03,-8.866940597821259385e-08
6.729672967296728814e+00,4.870543584746742094e-03,-2.318480757577807216e-07
6.731173117311731069e+00,4.870410484919140796e-03,-3.494204345370394300e-07
6.732673267326732436e+00,4.870277536611285901e-03,-4.333083355520837952e-07
6.734173417341733803e+00,4.870144764340209910e-03,-4.779259012422863092e-07
6.735673567356735170e+00,4.870012181682876161e-03,-4.801795232499958642e-07
6.737173717371736537e+00,4.869879791276178829e-03,-4.394678624206151514e-07
6.738673867386737903e+00,4.869747584816939458e-03,-3.576818488026022484e-07
6.740174017401740159e+00,4.869615543061909559e-03,-2.392046816473886690e-07
6.741674167416741525e+00,4.869483635827771481e-03,-9.091182940968704823e-08
6.743174317431742892e+00,4.869351821991135809e-03,7.782897025294190383e-08
6.744674467446744259e+00,4.869220049488544831e-03,2.551577104798213156e-07
6.746174617461745626e+00,4.869088255316466468e-03,4.267221152072190349e-07
6.747674767476746993e+00,4.868956365531302947e-03,5.756776391683458286e-07
6.749174917491748360e+00,4.868824295249382129e-03,6.826874678933688296e-07
6.750675067506750615e+00,4.868691948646963578e-03,7.259225177093895139e-07
6.752175217521751982e+00,4.868559218960236828e-03,6.810614357403988076e-07
6.753675367536753349e+00,4.868426045679898582e-03,5.342952974769906161e-07
6.755175517551754716e+00,4.868292559699127948e-03,3.154135608818685403e-07
6.756675667566756083e+00,4.868158901662083572e-03,5.647482449875465620e-08
6.758175817581757450e+00,4.868025194408657358e-03,-2.145198498037484248e-07
6.759675967596758817e+00,4.867891543542052571e-03,-4.734983537772378088e-07
6.761176117611761072e+00,4.867758037428781236e-03,-7.003175327936328745e-07
6.762676267626762439e+00,4.867624747198665870e-03,-8.787631858446555655e-07
6.764176417641763805e+00,4.867491726744840354e-03,-9.965500655426498949e-07
6.765676567656765172e+00,4.867359012723745590e-03,-1.045321878120016021e-06
6.767176717671766539e+00,4.867226624555137313e-03,-1.020651283429353185e-06
6.768676867686767906e+00,4.867094564422076546e-03,-9.220398949434615097e-07
6.770177017701770161e+00,4.866962817270937408e-03,-7.529182797552175921e-07
6.771677167716771528e+00,4.866831350811404514e-03,-5.206459585780261842e-07
6.773177317731772895e+00,4.866700115516470367e-03,-2.365114057452107522e-07
6.774677467746774262e+00,4.866569044622437966e-03,8.426795078962706392e-08
6.776177617761775629e+00,4.866438054128923406e-03,4.225457294526882356e-07
6.777677767776776996e+00,4.866307042798848938e-03,7.552465950499713701e-07
6.779177917791778363e+00,4.866175892158449909e-03,1.055366258767280439e-06
6.780678067806780618e+00,4.866044466497269558e-03,1.291971478170317741e-06
6.782178217821781985e+00,4.865912612868163352e-03,1.430200057204193786e-06
6.783678367836783352e+00,4.865780161087295518e-03,1.431260846194268930e-06
6.785178517851784719e+00,4.865646947566692158e-03,1.257864042884895386e-06
6.786678667866786085e+00,4.865513335542148883e-03,9.927699849270722768e-07
6.788178817881787452e+00,4.865379615785373618e-03,7.022581759482869882e-07
6.789678967896788819e+00,4.865245908622322160e-03,4.137721067626495084e-07
6.791179117911791074e+00,4.865112313936911619e-03,1.500932033449398356e-07
6.792679267926792441e+00,4.864978911171021284e-03,-7.065917316878215727e-08
6.794179417941793808e+00,4.864845759324491759e-03,-2.350277264821297414e-07
6.795679567956795175e+00,4.864712896955128429e-03,-3.342172251377362689e-07
6.797179717971796542e+00,4.864580342178696261e-03,-3.640945025174183333e-07
6.798679867986797909e+00,4.864448092668922398e-03,-3.251884568421804276e-07
6.800180018001800164e+00,4.864316125657497901e-03,-2.226900511721327821e-07
6.801680168016801531e+00,4.864184397934075144e-03,-6.645231340677469761e-08
6.803180318031802898e+00,4.864052845846267813e-03,1.290096637153751854e-07
6.804680468046804265e+00,4.863921385299652643e-03,3.445187226165707276e-07
6.806180618061805632e+00,4.863789911757769417e-03,5.562356408798797961e-07
6.807680768076806999e+00,4.863658300242118364e-03,7.356591312491860638e-07
6.809180918091808365e+00,4.863526405332162759e-03,8.496258416291916569e-07
6.810681068106810621e+00,4.863394061165327194e-03,8.603103550853744852e-07
6.812181218121811987e+00,4.863261148668741179e-03,7.405539551820263189e-07
6.813681368136813354e+00,4.863128030798162180e-03,5.731090404694349103e-07
6.815181518151814721e+00,4.862994863953032203e-03,3.936488191257346677e-07
6.816681668166816088e+00,4.862861719587664201e-03,2.184782939082622426e-07
6.818181818181817455e+00,4.862728656584952396e-03,6.103400655577350600e-08
6.819681968196818822e+00,4.862595721256376610e-03,-6.811596221155518092e-08
6.821182118211821077e+00,4.862462947342000540e-03,-1.612719926921714890e-07
6.822682268226822444e+00,4.862330356010470013e-03,-2.136029262029471684e-07
6.824182418241823811e+00,4.862197955859015597e-03,-2.231460650795162264e-07
6.825682568256825178e+00,4.862065742913451727e-03,-1.908071726760228296e-07
6.827182718271826545e+00,4.861933700628174107e-03,-1.203604733651960539e-07
6.828682868286827912e+00,4.861801799886165780e-03,-1.844865253833887381e-08
6.830183018301830167e+00,4.861669998998990189e-03,1.054171433947360009e-07
6.831683168316831534e+00,4.861538243706796381e-03,2.388573070054095573e-07
6.833183318331832901e+00,4.861406467178315538e-03,3.666237698467009074e-07
6.834683468346834267e+00,4.861274590010863580e-03,4.706000024529807258e-07
6.836183618361835634e+00,4.861142520230340297e-03,5.298010143400412361e-07
6.837683768376837001e+00,4.861010153291227612e-03,5.203733540050926110e-07
6.839183918391838368e+00,4.860877435514750558e-03,4.300615424930342240e-07
6.840684068406840623e+00,4.860744543312991994e-03,2.990966910485634550e-07
6.842184218421841990e+00,4.860611568536787018e-03,1.484446682603395635e-07
6.843684368436843357e+00,4.860478581178221541e-03,-5.915283666251212790e-09
6.845184518451844724e+00,4.860345640599149537e-03,-1.504307163122552096e-07
6.846684668466846091e+00,4.860212795531199115e-03,-2.739759750452193102e-07
6.848184818481847458e+00,4.860080084075768178e-03,-3.678521990191915808e-07
6.849684968496848825e+00,4.859947533704025296e-03,-4.257873211747206353e-07
6.851185118511851080e+00,4.859815161256910571e-03,-4.439360682388551061e-07
6.852685268526852447e+00,4.859682972945136500e-03,-4.208799607251235264e-07
6.854185418541853814e+00,4.859550964349183648e-03,-3.576273129336010350e-07
6.855685568556855181e+00,4.859419120419307576e-03,-2.576132329508418243e-07
6.857185718571856547e+00,4.859287415475531044e-03,-1.266996226498991527e-07
6.858685868586857914e+00,4.859155813207651810e-03,2.682482230967163884e-08
6.860186018601860169e+00,4.859024266675235695e-03,1.922446124819125999e-07
6.861686168616861536e+00,4.858892718307620921e-03,3.564174646340663884e-07
6.863186318631862903e+00,4.858761099903916372e-03,5.037743017471672351e-07
6.864686468646864270e+00,4.858629332633003332e-03,6.163192530156550674e-07
6.866186618661865637e+00,4.858497327033532015e-03,6.736296538474715940e-07
6.867686768676867004e+00,4.858364983013925900e-03,6.528560458640562290e-07
6.869186918691868371e+00,4.858232215813629642e-03,5.346353829630223091e-07
6.870687068706870626e+00,4.858099117879615195e-03,3.400341407214799974e-07
6.872187218721871993e+00,4.857965827945387276e-03,1.007379907014324325e-07
6.873687368736873360e+00,4.857832466262408319e-03,-1.557842490041583929e-07
6.875187518751874727e+00,4.857699136741265925e-03,-4.057963769785028139e-07
6.876687668766876094e+00,4.857565926951667654e-03,-6.292948084810796313e-07
6.878187818781877461e+00,4.857432908122443632e-03,-8.100085754476344175e-07
6.879687968796878828e+00,4.857300135141546550e-03,-9.353993264901824815e-07
6.881188118811881083e+00,4.857167646556050794e-03,-9.966613268970227388e-07
6.882688268826882450e+00,4.857035464572152447e-03,-9.887214586326309852e-07
6.884188418841883816e+00,4.856903595055169290e-03,-9.102392203378839370e-07
6.885688568856885183e+00,4.856772027529542533e-03,-7.636067273298724604e-07
6.887188718871886550e+00,4.856640735178833351e-03,-5.549487116019506995e-07
6.888688868886887917e+00,4.856509674845727216e-03,-2.941225218237474049e-07
6.890189018901890172e+00,4.856378787032030429e-03,5.281876659031212657e-09
6.891689168916891539e+00,4.856247995898670990e-03,3.259419018238594819e-07
6.893189318931892906e+00,4.856117209265699459e-03,6.468023549724739317e-07
6.894689468946894273e+00,4.855986318612288098e-03,9.430754207301738540e-07
6.896189618961895640e+00,4.855855199076731729e-03,1.186240667045994522e-06
6.897689768976897007e+00,4.855723709456446872e-03,1.344045045192686013e-06
6.899189918991898374e+00,4.855591692207970878e-03,1.380502889766768904e-06
6.900690069006900629e+00,4.855458973534679951e-03,1.255915945785214623e-06
6.902190219021901996e+00,4.855325734196782976e-03,1.011546341638525454e-06
6.903690369036903363e+00,4.855192351221457661e-03,7.335017572135071129e-07
6.905190519051904730e+00,4.855058948316354900e-03,4.500563495893907096e-07
6.906690669066906096e+00,4.854925629181809470e-03,1.849117323013333629e-07
6.908190819081907463e+00,4.854792477510845236e-03,-4.280302465958412977e-08
6.909690969096908830e+00,4.854659556989169081e-03,-2.185313948463522104e-07
6.911191119111911085e+00,4.854526911295176973e-03,-3.322893953560858172e-07
6.912691269126912452e+00,4.854394564099949634e-03,-3.786655868297890153e-07
6.914191419141913819e+00,4.854262519067255137e-03,-3.568210734527677137e-07
6.915691569156915186e+00,4.854130759853545439e-03,-2.704895029543122398e-07
6.917191719171916553e+00,4.853999250107961586e-03,-1.279770666077888185e-07
6.918691869186917920e+00,4.853867933472329373e-03,5.783750076935915671e-08
6.920192019201919287e+00,4.853736733581160215e-03,2.695029208156212885e-07
6.921692169216921542e+00,4.853605554061654614e-03,4.849953716255256312e-07
6.923192319231922909e+00,4.853474278533696090e-03,6.777184877491426471e-07
6.924692469246924276e+00,4.853342770609855514e-03,8.165033601928608769e-07
6.926192619261925643e+00,4.853210873895390243e-03,8.656085364188642146e-07
6.927692769276927010e+00,4.853078416869223422e-03,7.858351821353796817e-07
6.929192919291928376e+00,4.852945613879900040e-03,6.261498751854243018e-07
6.930693069306930632e+00,4.852812729782073065e-03,4.470778232493355248e-07
6.932193219321931998e+00,4.852679842330950150e-03,2.663991831820947236e-07
6.933693369336933365e+00,4.852547016470306479e-03,9.896471152669093341e-08
6.935193519351934732e+00,4.852414304332474358e-03,-4.330423548545340935e-08
6.936693669366936099e+00,4.852281745238353622e-03,-1.514157019345843222e-07
6.938193819381937466e+00,4.852149365697402093e-03,-2.193071322126172295e-07
6.939693969396938833e+00,4.852017179407643391e-03,-2.438453710231360100e-07
6.941194119411941088e+00,4.851885187255660856e-03,-2.248266633813690676e-07
6.942694269426942455e+00,4.851753377316603624e-03,-1.649766546142621766e-07
6.944194419441943822e+00,4.851621724854181424e-03,-6.995039036040754234e-08
6.945694569456945189e+00,4.851490192320664571e-03,5.166768342993322271e-08
6.947194719471946556e+00,4.851358729356889180e-03,1.883637204948315343e-07
6.948694869486947923e+00,4.851227272792252819e-03,3.256944742606895073e-07
6.950195019501949290e+00,4.851095746644714518e-03,4.462872978422418609e-07
6.951695169516951545e+00,4.850964062120796498e-03,5.298401440425860948e-07
6.953195319531952912e+00,4.850832117615583305e-03,5.531215653530058826e-07
6.954695469546954278e+00,4.850699806473398462e-03,4.917440069546355208e-07
6.956195619561955645e+00,4.850567235846127423e-03,3.701843912520919244e-07
6.957695769576957012e+00,4.850434545378760204e-03,2.203718882215409118e-07
6.959195919591958379e+00,4.850301812488583796e-03,6.001820563772430755e-08
6.960696069606960634e+00,4.850169103520768875e-03,-9.569796018532096361e-08
6.962196219621962001e+00,4.850036473748372406e-03,-2.341309243938962174e-07
6.963696369636963368e+00,4.849903967372341113e-03,-3.451680135952047631e-07
6.965196519651964735e+00,4.849771617521506269e-03,-4.212295658569728566e-07
6.966696669666966102e+00,4.849639446252586306e-03,-4.572689307075425035e-07
6.968196819681967469e+00,4.849507464550186810e-03,-4.507724691358725173e-07
6.969696969696968836e+00,4.849375672326798788e-03,-4.017595535915368263e-07
6.971197119711971091e+00,4.849244058422801269e-03,-3.127825679846645449e-07
6.972697269726972458e+00,4.849112600606460440e-03,-1.889269076861707911e-07
6.974197419741973825e+00,4.848981265573927037e-03,-3.781097952744169563e-08
6.975697569756975192e+00,4.848850008949242424e-03,1.304137981994813156e-07
6.977197719771976558e+00,4.848718775284329915e-03,3.030629957419391612e-07
6.978697869786977925e+00,4.848587498059002583e-03,4.649191718866567454e-07
6.980198019801979292e+00,4.848456099680960654e-03,5.982318739597375056e-07
6.981698169816981547e+00,4.848324491485788909e-03,6.827176378267124872e-07
6.983198319831982914e+00,4.848192573736960151e-03,6.955599878923417672e-07
6.984698469846984281e+00,4.848060239245865696e-03,6.122353340322041893e-07
6.986198619861985648e+00,4.847927515059268812e-03,4.388899896755288869e-07
6.987698769876987015e+00,4.847794549884448627e-03,2.095431834133108527e-07
6.989198919891988382e+00,4.847661471758576285e-03,-4.649615154568913111e-08
6.990699069906990637e+00,4.847528391997116444e-03,-3.037467417785956367e-07
6.992199219921992004e+00,4.847395405193821206e-03,-5.405549736478084622e-07
6.993699369936993371e+00,4.847262589220737057e-03,-7.390948933019357441e-07
6.995199519951994738e+00,4.847130005228197924e-03,-8.853682066751692180e-07
6.996699669966996105e+00,4.846997697644830384e-03,-9.692042794874377429e-07
6.998199819981997472e+00,4.846865694177551927e-03,-9.842601372444062427e-07
6.999699969996998838e+00,4.846734005811568352e-03,-9.280204652374801529e-07
7.001200120012001094e+00,4.846602626810379844e-03,-8.017976085437044120e-07
7.002700270027002460e+00,4.846471534715774895e-03,-6.107315720261120157e-07
7.004200420042003827e+00,4.846340690347833782e-03,-3.637900203332672540e-07
7.005700570057005194e+00,4.846210037804925090e-03,-7.376827789952500984e-08
7.007200720072006561e+00,4.846079504463711787e-03,2.427106710550218636e-07
7.008700870087007928e+00,4.845949000979146021e-03,5.651961825245398955e-07
7.010201020102009295e+00,4.845818421284469983e-03,8.694099527174636794e-07
7.011701170117011550e+00,4.845687642591216780e-03,1.127246018056614458e-06
7.013201320132012917e+00,4.845556525389210431e-03,1.306770755178639917e-06
7.014701470147014284e+00,4.845424913446567602e-03,1.372222880934904734e-06
7.016201620162015651e+00,4.845292633809692405e-03,1.284013452390909725e-06
7.017701770177017018e+00,4.845159733440965004e-03,1.052874038040907629e-06
7.019201920192018385e+00,4.845026651704323860e-03,7.793511819737368437e-07
7.020702070207020640e+00,4.844893525955507735e-03,4.949022902011000874e-07
7.022202220222022007e+00,4.844760464478327366e-03,2.243286260349517456e-07
7.023702370237023374e+00,4.844627555444793246e-03,-1.217465459368965805e-08
7.025202520252024740e+00,4.844494866915107813e-03,-1.990185031340573773e-07
7.026702670267026107e+00,4.844362446837670658e-03,-3.252199784158018260e-07
7.028202820282027474e+00,4.844230323049075922e-03,-3.844022466489942841e-07
7.029702970297028841e+00,4.844098503274112295e-03,-3.747945814241222387e-07
7.031203120312031096e+00,4.843966975125763887e-03,-2.992323637120313627e-07
7.032703270327032463e+00,4.843835706105212822e-03,-1.651570818641408725e-07
7.034203420342033830e+00,4.843704643601831443e-03,1.538366838782836898e-08
7.035703570357035197e+00,4.843573714893192710e-03,2.257361839317073164e-07
7.037203720372036564e+00,4.843442827145059797e-03,4.446406542749132580e-07
7.038703870387037931e+00,4.843311867411394765e-03,6.462311615444456865e-07
7.040204020402039298e+00,4.843180702634354226e-03,8.000356804868756054e-07
7.041704170417041553e+00,4.843049179644287605e-03,8.709760784683773982e-07
7.043204320432042920e+00,4.842917125159742348e-03,8.193681154745869510e-07
7.044704470447044287e+00,4.842784624024745223e-03,6.646279917281344638e-07
7.046204620462045654e+00,4.842652019962785138e-03,4.854626200029154696e-07
7.047704770477047020e+00,4.842519396425664854e-03,3.009946686175178191e-07
7.049204920492048387e+00,4.842386822437639432e-03,1.270411808981198307e-07
7.050705070507050642e+00,4.842254353948862236e-03,-2.357655905056444077e-08
7.052205220522052009e+00,4.842122033835381464e-03,-1.410330263449430022e-07
7.053705370537053376e+00,4.841989891899140148e-03,-2.184984553230885532e-07
7.055205520552054743e+00,4.841857944867978755e-03,-2.521388395443614503e-07
7.056705670567056110e+00,4.841726196395630850e-03,-2.411159317895056337e-07
7.058205820582057477e+00,4.841594637061728303e-03,-1.875872440606490505e-07
7.059705970597058844e+00,4.841463244371796079e-03,-9.670604758130333701e-08
7.061206120612061099e+00,4.841331982757256583e-03,2.337862720371251965e-08
7.062706270627062466e+00,4.841200803575427050e-03,1.615219906279705324e-07
7.064206420642063833e+00,4.841069645109519551e-03,3.035834938038666537e-07
7.065706570657065200e+00,4.840938432568643590e-03,4.324268286223515251e-07
7.067206720672066567e+00,4.840807078087801772e-03,5.279199277529917810e-07
7.068706870687067934e+00,4.840675480727895871e-03,5.669349646439692017e-07
7.070207020702069300e+00,4.840543526623805430e-03,5.233822604778606893e-07
7.071707170717071556e+00,4.840411261740062976e-03,4.077746871198215054e-07
7.073207320732072922e+00,4.840278857680630452e-03,2.594234185345994322e-07
7.074707470747074289e+00,4.840146395701161106e-03,9.695744320440438100e-08
7.076207620762075656e+00,4.840013945721740284e-03,-6.359299481789311845e-08
7.077707770777077023e+00,4.839881566326882829e-03,-2.087963959088164462e-07
7.079207920792078390e+00,4.839749304765535685e-03,-3.278200048742829447e-07
7.080708070807080645e+00,4.839617196951073556e-03,-4.124298109496427238e-07
7.082208220822082012e+00,4.839485267461303246e-03,-4.569905477994987720e-07
7.083708370837083379e+00,4.839353529538462789e-03,-4.584656935180140058e-07
7.085208520852084746e+00,4.839221985089217117e-03,-4.164174706286816178e-07
7.086708670867086113e+00,4.839090624684665859e-03,-3.330068460843918869e-07
7.088208820882087480e+00,4.838959427560335542e-03,-2.129935312674287897e-07
7.089708970897088847e+00,4.838828361616185660e-03,-6.373598198946671846e-08
7.091209120912091102e+00,4.838697383416603465e-03,1.048086015085248103e-07
7.092709270927092469e+00,4.838566438190409179e-03,2.800842745558747914e-07
7.094209420942093836e+00,4.838435459830851652e-03,4.469363480528177364e-07
7.095709570957095202e+00,4.838304370895610100e-03,5.876113884700995912e-07
7.097209720972096569e+00,4.838173082606795836e-03,6.817572178490699567e-07
7.098709870987097936e+00,4.838041494850947935e-03,7.064229138016887598e-07
7.100210021002099303e+00,4.837909497016668753e-03,6.362503076395549779e-07
7.101710171017101558e+00,4.837777091572083819e-03,4.717682719141240678e-07
7.103210321032102925e+00,4.837644430252929090e-03,2.477539024145307227e-07
7.104710471047104292e+00,4.837511643138488714e-03,-5.953799149182976745e-09
7.106210621062105659e+00,4.837378843481275094e-03,-2.633756388249998460e-07
7.107710771077107026e+00,4.837246127707030621e-03,-5.023922304190031945e-07
7.109210921092108393e+00,4.837113575414727674e-03,-7.047439954953731728e-07
7.110711071107110648e+00,4.836981249376569487e-03,-8.560311633764639057e-07
7.112211221122112015e+00,4.836849195537987547e-03,-9.457137711424710314e-07
7.113711371137113382e+00,4.836717443017644197e-03,-9.671116636319815321e-07
7.115211521152114749e+00,4.836586004107430899e-03,-9.174044934415765814e-07
7.116711671167116116e+00,4.836454874272469104e-03,-7.976317209259340350e-07
7.118211821182117482e+00,4.836324032151111986e-03,-6.126926141978322428e-07
7.119711971197118849e+00,4.836193439554938370e-03,-3.713462491281510014e-07
7.121212121212121104e+00,4.836063041468761405e-03,-8.621150934568245429e-08
7.122712271227122471e+00,4.835932766050621626e-03,2.262329137621442718e-07
7.124212421242123838e+00,4.835802524631788689e-03,5.456485210503139166e-07
7.125712571257125205e+00,4.835672211716764840e-03,8.478370056155501076e-07
7.127212721272126572e+00,4.835541704983279711e-03,1.104740252796476613e-06
7.128712871287127939e+00,4.835410865282293788e-03,1.284440340173617132e-06
7.130213021302129306e+00,4.835279536637996679e-03,1.351159537569404080e-06
7.131713171317131561e+00,4.835147546247807980e-03,1.265260307048054605e-06
7.133213321332132928e+00,4.835014937622462636e-03,1.036705113382390249e-06
7.134713471347134295e+00,4.834882145203830278e-03,7.651228481590237319e-07
7.136213621362135662e+00,4.834749306636907003e-03,4.821033807394850560e-07
7.137713771377137029e+00,4.834616530503754554e-03,2.125685211122692792e-07
7.139213921392138396e+00,4.834483905273733242e-03,-2.317591327787024089e-08
7.140714071407140651e+00,4.834351499303504544e-03,-2.094400975300172439e-07
7.142214221422142018e+00,4.834219360837029369e-03,-3.351501992866783678e-07
7.143714371437143384e+00,4.834087518005568060e-03,-3.938483787344566458e-07
7.145214521452144751e+00,4.833955978827681257e-03,-3.836927886035699681e-07
7.146714671467146118e+00,4.833824731209230771e-03,-3.074575741679821605e-07
7.148214821482147485e+00,4.833693742943377843e-03,-1.725328732453930314e-07
7.149714971497148852e+00,4.833562961710582279e-03,9.075183802750404547e-09
7.151215121512151107e+00,4.833432315078605920e-03,2.207444740713894523e-07
7.152715271527152474e+00,4.833301710502509174e-03,4.412368821113315401e-07
7.154215421542153841e+00,4.833171035324652746e-03,6.446982999300214433e-07
7.155715571557155208e+00,4.833040156774699378e-03,8.006586269910405817e-07
7.157215721572156575e+00,4.832908921969607773e-03,8.740317702142294162e-07
7.158715871587157942e+00,4.832777157913640403e-03,8.251156439756867073e-07
7.160216021602159309e+00,4.832644935023775075e-03,6.700566540205934271e-07
7.161716171617161564e+00,4.832512602889817675e-03,4.890724434578693697e-07
7.163216321632162931e+00,4.832380247891501432e-03,3.019980099303215993e-07
7.164716471647164298e+00,4.832247940815700103e-03,1.250883794177514217e-07
7.166216621662165664e+00,4.832115739129048439e-03,-2.845999589939627239e-08
7.167716771677167031e+00,4.831983686977943913e-03,-1.485092376401340154e-07
7.169216921692168398e+00,4.831851815188543259e-03,-2.279800412229321867e-07
7.170717071707170653e+00,4.831720141266765065e-03,-2.628516758657267418e-07
7.172217221722172020e+00,4.831588669398288911e-03,-2.521619845858616140e-07
7.173717371737173387e+00,4.831457390448555371e-03,-1.980073842002182045e-07
7.175217521752174754e+00,4.831326281962766006e-03,-1.055428653250980686e-07
7.176717671767176121e+00,4.831195308165884238e-03,1.701800762373769769e-08
7.178217821782177488e+00,4.831064419962632743e-03,1.584030964310685630e-07
7.179717971797178855e+00,4.830933554937496925e-03,3.042816890822187962e-07
7.181218121812181110e+00,4.830802637354723178e-03,4.372644997631277171e-07
7.182718271827182477e+00,4.830671578158318019e-03,5.369036688600310530e-07
7.184218421842183844e+00,4.830540274972049825e-03,5.796927629599638648e-07
7.185718571857185211e+00,4.830408612099447961e-03,5.390667748504141105e-07
7.187218721872186578e+00,4.830276622542709758e-03,4.225854549696742663e-07
7.188718871887187944e+00,4.830144487991157656e-03,2.719563490333208986e-07
7.190219021902189311e+00,4.830012291915920103e-03,1.063565817502047923e-07
7.191719171917191566e+00,4.829880106156769076e-03,-5.770887913804584501e-08
7.193219321932192933e+00,4.829747990928122230e-03,-2.064058457242548555e-07
7.194719471947194300e+00,4.829615994819039422e-03,-3.285709099362940720e-07
7.196219621962195667e+00,4.829484154793227055e-03,-4.157114435366820886e-07
7.197719771977197034e+00,4.829352496189036337e-03,-4.620055981226841053e-07
7.199219921992198401e+00,4.829221032719462417e-03,-4.643023051263129863e-07
7.200720072007200656e+00,4.829089766472146120e-03,-4.221212758142877554e-07
7.202220222022202023e+00,4.828958687909373076e-03,-3.376530012881659453e-07
7.203720372037203390e+00,4.828827775868073727e-03,-2.157587524841894373e-07
7.205220522052204757e+00,4.828696997559822450e-03,-6.397058017335624718e-08
7.206720672067206124e+00,4.828566308570839301e-03,1.075086850385876800e-07
7.208220822082207491e+00,4.828435652861988274e-03,2.858054327111483643e-07
7.209720972097208858e+00,4.828304962768779039e-03,4.553752725690875496e-07
7.211221122112211113e+00,4.828174159001366941e-03,5.980030345024925838e-07
7.212721272127212480e+00,4.828043150644549530e-03,6.928027685664548108e-07
7.214221422142213846e+00,4.827911835157771767e-03,7.162177449815820258e-07
7.215721572157215213e+00,4.827780099750465966e-03,6.423356559461046021e-07
7.217221722172216580e+00,4.827647958445799303e-03,4.743403872917305600e-07
7.218721872187217947e+00,4.827515567534912400e-03,2.481304225074594318e-07
7.220222022202219314e+00,4.827383056875040462e-03,-6.443654580735546275e-09
7.221722172217221569e+00,4.827250539335578745e-03,-2.634361916470865670e-07
7.223222322232222936e+00,4.827118110798080813e-03,-5.008064678654212827e-07
7.224722472247224303e+00,4.826985850156257675e-03,-7.004186939100940653e-07
7.226222622262225670e+00,4.826853819315981252e-03,-8.480420119553637013e-07
7.227722772277227037e+00,4.826722063195280910e-03,-9.333504956755447996e-07
7.229222922292228404e+00,4.826590609724346927e-03,-9.499231502450125553e-07
7.230723072307230659e+00,4.826459469845525291e-03,-8.952439123381411287e-07
7.232223222322232026e+00,4.826328637513324638e-03,-7.707016501294844865e-07
7.233723372337233393e+00,4.826198089694409311e-03,-5.815901632935815840e-07
7.235223522352234760e+00,4.826067786367605437e-03,-3.371081830050349282e-07
7.236723672367236126e+00,4.825937670523895717e-03,-5.035937193850507116e-08
7.238223822382237493e+00,4.825807668166422898e-03,2.616476757312891776e-07
7.239723972397238860e+00,4.825677688310488905e-03,5.779994343295701162e-07
7.241224122412241115e+00,4.825547622983553976e-03,8.738774466816669569e-07
7.242724272427242482e+00,4.825417347225237526e-03,1.120558324112324541e-06
7.244224422442243849e+00,4.825286719087318148e-03,1.285413746446777590e-06
7.245724572457245216e+00,4.825155579633732747e-03,1.331910462010015266e-06
7.247224722472246583e+00,4.825023752940577407e-03,1.219610287626976629e-06
7.248724872487247950e+00,4.824891385260463711e-03,9.821058538706745261e-07
7.250225022502249317e+00,4.824758862528891364e-03,7.080945890313434022e-07
7.251725172517251572e+00,4.824626310708423661e-03,4.265478259720971662e-07
7.253225322532252939e+00,4.824493835528475411e-03,1.617835437988166534e-07
7.254725472547254306e+00,4.824361522572848809e-03,-6.651351995698707310e-08
7.256225622562255673e+00,4.824229437279733447e-03,-2.432918693374906497e-07
7.257725772577257040e+00,4.824097624941708039e-03,-3.581332499587252774e-07
7.259225922592258406e+00,4.823966110705739559e-03,-4.052526490105792627e-07
7.260726072607260662e+00,4.823834899573180637e-03,-3.834982952567613839e-07
7.262226222622262028e+00,4.823703976399773899e-03,-2.963516590348974525e-07
7.263726372637263395e+00,4.823573305895649359e-03,-1.519274522564513277e-07
7.265226522652264762e+00,4.823442832625324424e-03,3.702637159326851947e-08
7.266726672667266129e+00,4.823312481007704759e-03,2.531286174550935476e-07
7.268226822682267496e+00,4.823182155316082555e-03,4.743648486960049916e-07
7.269726972697268863e+00,4.823051739678140860e-03,6.740873871091264514e-07
7.271227122712271118e+00,4.822921098075948383e-03,8.210153129137922894e-07
7.272727272727272485e+00,4.822790074345962089e-03,8.792344647552202527e-07
7.274227422742273852e+00,4.822658493014322575e-03,8.083894818631245859e-07
7.275727572757275219e+00,4.822526518605737070e-03,6.462987229912736385e-07
7.277227722772276586e+00,4.822394447497971651e-03,4.611164065529084606e-07
7.278727872787277953e+00,4.822262363442506028e-03,2.721148138622888130e-07
7.280228022802279320e+00,4.822130336631000845e-03,9.544610891167843678e-08
7.281728172817281575e+00,4.821998423695289006e-03,-5.585766162873393271e-08
7.283228322832282942e+00,4.821866667707381746e-03,-1.718845684104913583e-07
7.284728472847284309e+00,4.821735098179467764e-03,-2.458427994074164670e-07
7.286228622862285675e+00,4.821603731063910624e-03,-2.740606599152264733e-07
7.287728772877287042e+00,4.821472568753251350e-03,-2.559865725516373641e-07
7.289228922892288409e+00,4.821341600080205833e-03,-1.941890772563575464e-07
7.290729072907290664e+00,4.821210800317668292e-03,-9.435683129102315471e-08
7.292229222922292031e+00,4.821080131178707810e-03,3.470139076054254478e-08
7.293729372937293398e+00,4.820949540816572669e-03,1.810566969926897787e-07
7.295229522952294765e+00,4.820818963824685145e-03,3.296600781777291318e-07
7.296729672967296132e+00,4.820688321236643245e-03,4.623424077659698221e-07
7.298229822982297499e+00,4.820557520526225041e-03,5.578144418857315065e-07
7.299729972997298866e+00,4.820426455607380867e-03,5.916668193433351754e-07
7.301230123012301121e+00,4.820295009003914416e-03,5.368689544942389931e-07
7.302730273027302488e+00,4.820163261509019872e-03,4.119886279024821271e-07
7.304230423042303855e+00,4.820031379262989732e-03,2.552489264484165236e-07
7.305730573057305222e+00,4.819899445726926607e-03,8.586488721548586534e-08
7.307230723072306589e+00,4.819767532464280975e-03,-7.968752010606313412e-08
7.308730873087307955e+00,4.819635699140848578e-03,-2.276713932191812602e-07
7.310231023102309322e+00,4.819503993524772156e-03,-3.470888972200160559e-07
7.311731173117311577e+00,4.819372451486540580e-03,-4.296812645979489325e-07
7.313231323132312944e+00,4.819241096998989719e-03,-4.699287952354228514e-07
7.314731473147314311e+00,4.819109942137300706e-03,-4.650508564082378324e-07
7.316231623162315678e+00,4.818978987079002539e-03,-4.150058827853326315e-07
7.317731773177317045e+00,4.818848220103970348e-03,-3.224913764288409622e-07
7.319231923192318412e+00,4.818717617594423658e-03,-1.929439067940964720e-07
7.320732073207320667e+00,4.818587144034931595e-03,-3.453911072952622817e-08
7.322232223222322034e+00,4.818456752012407682e-03,1.418083075229459889e-07
7.323732373237323401e+00,4.818326382216112438e-03,3.224445763284873678e-07
7.325232523252324768e+00,4.818195963437652517e-03,4.909768566589714598e-07
7.326732673267326135e+00,4.818065412570980699e-03,6.282732420930795058e-07
7.328232823282327502e+00,4.817934634612397633e-03,7.124627588162945063e-07
7.329732973297328869e+00,4.817803522660548364e-03,7.189353656209072044e-07
7.331233123312331124e+00,4.817671967344658301e-03,6.225084104763832771e-07
7.332733273327332491e+00,4.817540037120183159e-03,4.388998003949210732e-07
7.334233423342333857e+00,4.817407887468789542e-03,2.039081663206549582e-07
7.335733573357335224e+00,4.817275644945172991e-03,-5.331413239291296070e-08
7.337233723372336591e+00,4.817143418970363036e-03,-3.075614331297489232e-07
7.338733873387337958e+00,4.817011301831729264e-03,-5.375747700112872507e-07
7.340234023402339325e+00,4.816879368682975247e-03,-7.260418738964307174e-07
7.341734173417341580e+00,4.816747677544144617e-03,-8.595971723816098425e-07
7.343234323432342947e+00,4.816616269301615856e-03,-9.288217898005046395e-07
7.344734473447344314e+00,4.816485167708104906e-03,-9.282435472245174728e-07
7.346234623462345681e+00,4.816354379382666029e-03,-8.563369624624300091e-07
7.347734773477347048e+00,4.816223893810688342e-03,-7.155232500604853798e-07
7.349234923492348415e+00,4.816093683343901019e-03,-5.121703213023985569e-07
7.350735073507350670e+00,4.815963703200367221e-03,-2.565927842091906524e-07
7.352235223522352037e+00,4.815833891464488432e-03,3.694805646017824238e-08
7.353735373537353404e+00,4.815704169087003592e-03,3.502441992097260758e-07
7.355235523552354771e+00,4.815574439884989094e-03,6.611409458058611007e-07
7.356735673567356137e+00,4.815444590541856189e-03,9.435369012775270350e-07
7.358235823582357504e+00,4.815314490607355315e-03,1.167383973916191097e-06
7.359735973597358871e+00,4.815183992497572632e-03,1.298687375275871853e-06
7.361236123612361126e+00,4.815052931494933491e-03,1.299505620173047416e-06
7.362736273627362493e+00,4.814921155148596879e-03,1.134719994811770136e-06
7.364236423642363860e+00,4.814789006619042862e-03,8.833402545935961256e-07
7.365736573657365227e+00,4.814656744618011838e-03,6.049626520255805774e-07
7.367236723672366594e+00,4.814524488816958846e-03,3.271692375371179078e-07
7.368736873687367961e+00,4.814392338706996281e-03,7.289112146931708319e-08
7.370237023702369328e+00,4.814260373598895637e-03,-1.395915259249999686e-07
7.371737173717371583e+00,4.814128652623086632e-03,-2.966494744813698270e-07
7.373237323732372950e+00,4.813997214729658948e-03,-3.893044341233532121e-07
7.374737473747374317e+00,4.813866078688358759e-03,-4.132290548630980501e-07
7.376237623762375684e+00,4.813735243088591333e-03,-3.687469268009265444e-07
7.377737773777377051e+00,4.813604686339421901e-03,-2.608325801254493139e-07
7.379237923792378417e+00,4.813474366669573054e-03,-9.911148511355946291e-08
7.380738073807380673e+00,4.813344222127424743e-03,1.021399478696876968e-07
7.382238223822382039e+00,4.813214170581018615e-03,3.239943683705770145e-07
7.383738373837383406e+00,4.813084109718051944e-03,5.428734858474638545e-07
7.385238523852384773e+00,4.812953917045881963e-03,7.305480696703035696e-07
7.386738673867386140e+00,4.812823449891525003e-03,8.541379491207737910e-07
7.388238823882387507e+00,4.812692545401653019e-03,8.761120133922603470e-07
7.389738973897388874e+00,4.812561060538338154e-03,7.635030445887997118e-07
7.391239123912391129e+00,4.812429316018643558e-03,5.902000362572775781e-07
7.392739273927392496e+00,4.812297500463815457e-03,3.996768777759987426e-07
7.394239423942393863e+00,4.812165694803504853e-03,2.105955231064320245e-07
7.395739573957395230e+00,4.812033966175533091e-03,3.843778266619794424e-08
7.397239723972396597e+00,4.811902367925889254e-03,-1.044946766710265679e-07
7.398739873987397964e+00,4.811770939608732769e-03,-2.090803315755060008e-07
7.400240024002399331e+00,4.811639706986389070e-03,-2.693778022614481160e-07
7.401740174017401586e+00,4.811508682029353931e-03,-2.826258524869964296e-07
7.403240324032402953e+00,4.811377862916292603e-03,-2.492433895542282013e-07
7.404740474047404319e+00,4.811247234034038076e-03,-1.728294643092022911e-07
7.406240624062405686e+00,4.811116765977591948e-03,-6.016327114189849089e-08
7.407740774077407053e+00,4.810986415550126162e-03,7.879585201376288788e-08
7.409240924092408420e+00,4.810856125762978663e-03,2.309084236799168851e-07
7.410741074107410675e+00,4.810725825835658609e-03,3.798548188348406067e-07
7.412241224122412042e+00,4.810595431195842896e-03,5.061352689126010712e-07
7.413741374137413409e+00,4.810464843479377896e-03,5.870698618035931809e-07
7.415241524152414776e+00,4.810333950530276854e-03,5.967985418541813216e-07
7.416741674167416143e+00,4.810202654434186931e-03,5.127411196349999080e-07
7.418241824182417510e+00,4.810071121473207326e-03,3.732126201645837091e-07
7.419741974197418877e+00,4.809939479512591147e-03,2.077008337792056106e-07
7.421242124212421132e+00,4.809807809794301205e-03,3.494904770215104791e-08
7.422742274227422499e+00,4.809676181397022979e-03,-1.291055272669901811e-07
7.424242424242423866e+00,4.809544651236167222e-03,-2.713317567529515674e-07
7.425742574257425233e+00,4.809413264063864754e-03,-3.814045828043745272e-07
7.427242724272426599e+00,4.809282052468972536e-03,-4.518050238939083516e-07
7.428742874287427966e+00,4.809151036877069331e-03,-4.778201749182106303e-07
7.430243024302429333e+00,4.809020225550455704e-03,-4.575432071979482044e-07
7.431743174317431588e+00,4.808889614588159230e-03,-3.918733684777443329e-07
7.433243324332432955e+00,4.808759187925926680e-03,-2.845159829263639808e-07
7.434743474347434322e+00,4.808628917336230969e-03,-1.419824511364755915e-07
7.436243624362435689e+00,4.808498762428265079e-03,2.640974987521910576e-08
7.437743774377437056e+00,4.808368670647948130e-03,2.085370666680087596e-07
7.439243924392438423e+00,4.808238577277921914e-03,3.894698693771718673e-07
7.440744074407440678e+00,4.808108405437549158e-03,5.514724517140680955e-07
7.442244224422442045e+00,4.807978066082918729e-03,6.740030309657584915e-07
7.443744374437443412e+00,4.807847458006841296e-03,7.337137479955934836e-07
7.445244524452444779e+00,4.807716467838849331e-03,7.044506672428223983e-07
7.446744674467446146e+00,4.807585022157111719e-03,5.692593725185129144e-07
7.448244824482447513e+00,4.807453267016779941e-03,3.618002102609921770e-07
7.449744974497448879e+00,4.807321343952041144e-03,1.147409089715989810e-07
7.451245124512451135e+00,4.807189373258026824e-03,-1.441501464177494802e-07
7.452745274527452501e+00,4.807057457949837770e-03,-3.910932981969482785e-07
7.454245424542453868e+00,4.806925683762548404e-03,-6.062976158786469170e-07
7.455745574557455235e+00,4.806794119151200709e-03,-7.739608961976231075e-07
7.457245724572456602e+00,4.806662815290808563e-03,-8.822696631109371427e-07
7.458745874587457969e+00,4.806531806076359478e-03,-9.233991677979299899e-07
7.460246024602459336e+00,4.806401108122807658e-03,-8.935133886602268913e-07
7.461746174617461591e+00,4.806270720765081807e-03,-7.927650313216526605e-07
7.463246324632462958e+00,4.806140626058079922e-03,-6.252955286285143797e-07
7.464746474647464325e+00,4.806010788776670165e-03,-3.992350406492467049e-07
7.466246624662465692e+00,4.805881156415692593e-03,-1.267024546746016009e-07
7.467746774677467059e+00,4.805751659189959162e-03,1.761946147823840574e-07
7.469246924692468426e+00,4.805622210034250254e-03,4.893598259863986493e-07
7.470747074707470681e+00,4.805492704603319884e-03,7.887081099800044632e-07
7.472247224722472048e+00,4.805363021271890495e-03,1.046165670582963246e-06
7.473747374737473415e+00,4.805233021134658160e-03,1.229669984393286523e-06
7.475247524752474781e+00,4.805102548006287382e-03,1.303169800786526635e-06
7.476747674767476148e+00,4.804971428421414559e-03,1.226625141915963081e-06
7.478247824782477515e+00,4.804839608492304272e-03,9.875699811171062544e-07
7.479747974797478882e+00,4.804707395693321934e-03,6.569359872854270278e-07
7.481248124812481137e+00,4.804574994188800553e-03,2.818746188414067875e-07
7.482748274827482504e+00,4.804442575614581955e-03,-9.797257387394920530e-08
7.484248424842483871e+00,4.804310284858974087e-03,-4.491415236962327363e-07
7.485748574857485238e+00,4.804178240062744083e-03,-7.443456466367434655e-07
7.487248724872486605e+00,4.804046532619126939e-03,-9.624758418826981440e-07
7.488748874887487972e+00,4.803915227173817699e-03,-1.088600491797234426e-06
7.490249024902489339e+00,4.803784361624974936e-03,-1.113965461919407480e-06
7.491749174917491594e+00,4.803653947123221607e-03,-1.035994100964115874e-06
7.493249324932492961e+00,4.803523968071643328e-03,-8.582872408223514511e-07
7.494749474947494328e+00,4.803394382125787503e-03,-5.906231965609136652e-07
7.496249624962495695e+00,4.803265120193667657e-03,-2.489577664225404499e-07
7.497749774977497061e+00,4.803136086435758241e-03,1.445757681741154996e-07
7.499249924992498428e+00,4.803007158264996357e-03,5.616666426344762441e-07
7.500750075007500683e+00,4.802878186346785233e-03,9.678266091882767225e-07
7.502250225022502050e+00,4.802748994598988151e-03,1.322389936888607605e-06
7.503750375037503417e+00,4.802619380191933650e-03,1.578513411613374942e-06
7.505250525052504784e+00,4.802489113548412056e-03,1.683176336064328087e-06
7.506750675067506151e+00,4.802357938343678953e-03,1.577180529767289988e-06
7.508250825082507518e+00,4.802225945949415396e-03,1.281602080761230484e-06
7.509750975097508885e+00,4.802093719403786876e-03,9.310667160191365230e-07
7.511251125112511140e+00,4.801961433119449583e-03,5.658773852564167510e-07
7.512751275127512507e+00,4.801829228724942278e-03,2.187628507434063509e-07
7.514251425142513874e+00,4.801697221481549850e-03,-8.364094773100988864e-08
7.515751575157515241e+00,4.801565500283305060e-03,-3.207908928585173995e-07
7.517251725172516608e+00,4.801434127656990271e-03,-4.782366898115864511e-07
7.518751875187517975e+00,4.801303139762135713e-03,-5.476208662434727858e-07
7.520252025202519341e+00,4.801172546391020354e-03,-5.266787722882184658e-07
7.521752175217521597e+00,4.801042330968669294e-03,-4.192385805605618762e-07
7.523252325232522963e+00,4.800912450552858972e-03,-2.352212861562483736e-07
7.524752475247524330e+00,4.800782835834112826e-03,9.359293348359771654e-09
7.526252625262525697e+00,4.800653391135701296e-03,2.923965178960769118e-07
7.527752775277527064e+00,4.800523994413646162e-03,5.856909249489308675e-07
7.529252925292528431e+00,4.800394497256713598e-03,8.549502294881684333e-07
7.530753075307530686e+00,4.800264724886421988e-03,1.059789324014340505e-06
7.532253225322532053e+00,4.800134476157034980e-03,1.153730278546849551e-06
7.533753375337533420e+00,4.800003523555566691e-03,1.084202340624726767e-06
7.535253525352534787e+00,4.799871995199968266e-03,8.807919780401913059e-07
7.536753675367536154e+00,4.799740356812839948e-03,6.510990750084697272e-07
7.538253825382537521e+00,4.799608710130924029e-03,4.186449236183395700e-07
7.539753975397538888e+00,4.799477138423131374e-03,2.026816155297174590e-07
7.541254125412541143e+00,4.799345708285579493e-03,1.860670872568393874e-08
7.542754275427542510e+00,4.799214469641594275e-03,-1.220367724870965033e-07
7.544254425442543877e+00,4.799083455741705653e-03,-2.115603374790420523e-07
7.545754575457545243e+00,4.798952683163652810e-03,-2.461300292971887560e-07
7.547254725472546610e+00,4.798822151812382440e-03,-2.257664246653090042e-07
7.548754875487547977e+00,4.798691844920045281e-03,-1.543446339839151280e-07
7.550255025502549344e+00,4.798561729046001319e-03,-3.959430133025389480e-08
7.551755175517551599e+00,4.798431754076816318e-03,1.069003955417834898e-07
7.553255325532552966e+00,4.798301853226264423e-03,2.697007452012919691e-07
7.554755475547554333e+00,4.798171943035325557e-03,4.295135025408856310e-07
7.556255625562555700e+00,4.798041923372186289e-03,5.631908887763684240e-07
7.557755775577557067e+00,4.797911677432241569e-03,6.437305914468011787e-07
7.559255925592558434e+00,4.797781071738091256e-03,6.402757644145075367e-07
7.560756075607560689e+00,4.797650034974538548e-03,5.363336449451500898e-07
7.562256225622562056e+00,4.797518825841048939e-03,3.916899635993530029e-07
7.563756375637563423e+00,4.797387552101448939e-03,2.312653494832108513e-07
7.565256525652564790e+00,4.797256284381963901e-03,7.139647347468677433e-08
7.566756675667566157e+00,4.797125081594947119e-03,-7.428941866751237936e-08
7.568256825682567523e+00,4.796993990938878960e-03,-1.948745063039359465e-07
7.569756975697568890e+00,4.796863047898362528e-03,-2.821503939143882312e-07
7.571257125712571145e+00,4.796732276244128866e-03,-3.306181110979471928e-07
7.572757275727572512e+00,4.796601688033035223e-03,-3.374881125728718016e-07
7.574257425742573879e+00,4.796471283608063317e-03,-3.026802781767758923e-07
7.575757575757575246e+00,4.796341051598320207e-03,-2.288239128664911567e-07
7.577257725772576613e+00,4.796210968919041757e-03,-1.212577467181042009e-07
7.578757875787577980e+00,4.796081000771587437e-03,1.197006507304408955e-08
7.580258025802579347e+00,4.795951100643441184e-03,1.601019421923536265e-07
7.581758175817581602e+00,4.795821210308216613e-03,3.096708792060577632e-07
7.583258325832582969e+00,4.795691259825650941e-03,4.445004455608593880e-07
7.584758475847584336e+00,4.795561167541605857e-03,5.457047855844809135e-07
7.586258625862585703e+00,4.795430840088072723e-03,5.916886184852976696e-07
7.587758775877587070e+00,4.795300172383163903e-03,5.581472383524323485e-07
7.589258925892588437e+00,4.795169134229113235e-03,4.380774849077866448e-07
7.590759075907590692e+00,4.795037878330730453e-03,2.667793622538356828e-07
7.592259225922592059e+00,4.794906511726778828e-03,6.902459275715528706e-08
7.593759375937593425e+00,4.794775126674841875e-03,-1.338353345112066721e-07
7.595259525952594792e+00,4.794643801656480256e-03,-3.236370605543501694e-07
7.596759675967596159e+00,4.794512601377230905e-03,-4.854053564496109040e-07
7.598259825982597526e+00,4.794381576766612238e-03,-6.073531233485615705e-07
7.599759975997598893e+00,4.794250764978118078e-03,-6.808813924770113291e-07
7.601260126012601148e+00,4.794120189389221125e-03,-7.005793251350010414e-07
7.602760276027602515e+00,4.793989859601372958e-03,-6.642242126967879179e-07
7.604260426042603882e+00,4.793859771440000563e-03,-5.727814766109215389e-07
7.605760576057605249e+00,4.793729906954512406e-03,-4.304046684001574574e-07
7.607260726072606616e+00,4.793600234418291493e-03,-2.444354696614901274e-07
7.608760876087607983e+00,4.793470708328702312e-03,-2.540369206614782185e-08
7.610261026102609350e+00,4.793341269407084757e-03,2.129727226404041382e-07
7.611761176117611605e+00,4.793211844598756731e-03,4.537877026386008146e-07
7.613261326132612972e+00,4.793082347073016752e-03,6.769470460342053227e-07
7.614761476147614339e+00,4.792952676223139613e-03,8.591684208591899571e-07
7.616261626162615705e+00,4.792822717666376381e-03,9.739813650711414158e-07
7.617761776177617072e+00,4.792692343243959603e-03,9.917272865534024667e-07
7.619261926192618439e+00,4.792561413808226270e-03,8.802029107060375649e-07
7.620762076207620694e+00,4.792429963098012759e-03,6.471654686634393124e-07
7.622262226222622061e+00,4.792298197682950262e-03,3.404146098897718002e-07
7.623762376237623428e+00,4.792166290009726784e-03,-1.176957649962513946e-10
7.625262526252624795e+00,4.792034389291400902e-03,-3.398793452165355586e-07
7.626762676267626162e+00,4.791902621507401761e-03,-6.496981021462645887e-07
7.628262826282627529e+00,4.791771089403529076e-03,-9.057815970013479715e-07
7.629762976297628896e+00,4.791639872491954000e-03,-1.089717326994698406e-06
7.631263126312631151e+00,4.791509027051217388e-03,-1.188472656105006939e-06
7.632763276327632518e+00,4.791378586126232401e-03,-1.194394815076561706e-06
7.634263426342633885e+00,4.791248559528281034e-03,-1.105210901419603890e-06
7.635763576357635252e+00,4.791118933835017586e-03,-9.240278794100363465e-07
7.637263726372636619e+00,4.790989672390466060e-03,-6.593325800895104222e-07
7.638763876387637985e+00,4.790860715305022763e-03,-3.249917012654282859e-07
7.640264026402639352e+00,4.790731979455452837e-03,5.974819248907115430e-08
7.641764176417641607e+00,4.790603358484892861e-03,4.702606698353344380e-07
7.643264326432642974e+00,4.790474722802850853e-03,8.765394326682188826e-07
7.644764476447644341e+00,4.790345919585205399e-03,1.243198316117578385e-06
7.646264626462645708e+00,4.790216772774203921e-03,1.529471288547275780e-06
7.647764776477647075e+00,4.790087083078468748e-03,1.689212451555413711e-06
7.649264926492648442e+00,4.789956627972988441e-03,1.670896039974373648e-06
7.650765076507650697e+00,4.789825225616307913e-03,1.432408389816781251e-06
7.652265226522652064e+00,4.789693306693125138e-03,1.073418832909806861e-06
7.653765376537653431e+00,4.789561177458458857e-03,6.648541057284638353e-07
7.655265526552654798e+00,4.789429025817716450e-03,2.502497576358792003e-07
7.656765676567656165e+00,4.789297009439425455e-03,-1.338639100061490931e-07
7.658265826582657532e+00,4.789165255755233573e-03,-4.579618438371500525e-07
7.659765976597658899e+00,4.789033861959910397e-03,-6.995242384979802790e-07
7.661266126612661154e+00,4.788902895011345681e-03,-8.430365366308783891e-07
7.662766276627662521e+00,4.788772391630550206e-03,-8.799894288791874000e-07
7.664266426642663887e+00,4.788642358301654044e-03,-8.088788538878657017e-07
7.665766576657665254e+00,4.788512771271910898e-03,-6.352059983030855638e-07
7.667266726672666621e+00,4.788383576551691161e-03,-3.714772967723474848e-07
7.668766876687667988e+00,4.788254689914490589e-03,-3.720443194448294490e-08
7.670267026702669355e+00,4.788125996896921630e-03,3.410956655303563937e-07
7.671767176717671610e+00,4.787997352798719491e-03,7.299008170009071626e-07
7.673267326732672977e+00,4.787868582682739543e-03,1.088683595813879809e-06
7.674767476747674344e+00,4.787739481374958181e-03,1.369911327315352390e-06
7.676267626762675711e+00,4.787609813464472827e-03,1.519046088849862551e-06
7.677767776777677078e+00,4.787479313303501065e-03,1.474544709760605202e-06
7.679267926792678445e+00,4.787347945324982312e-03,1.228154338937291622e-06
7.680768076807680700e+00,4.787216372727989486e-03,9.334918524928091929e-07
7.682268226822682067e+00,4.787084768898117529e-03,6.307411398842101740e-07
7.683768376837683434e+00,4.786953244624221962e-03,3.455842205808006022e-07
7.685268526852684801e+00,4.786821889075861675e-03,9.869189204755012668e-08
7.686768676867686167e+00,4.786690769803302395e-03,-9.427627025507443300e-08
7.688268826882687534e+00,4.786559932737518425e-03,-2.226719128711113101e-07
7.689768976897688901e+00,4.786429402190187435e-03,-2.808579043491007202e-07
7.691269126912691156e+00,4.786299180853693935e-03,-2.682083352420594503e-07
7.692769276927692523e+00,4.786169249801129275e-03,-1.891085181075530686e-07
7.694269426942693890e+00,4.786039568486289038e-03,-5.295498750764743137e-08
7.695769576957695257e+00,4.785910074743678251e-03,1.258444999910985165e-07
7.697269726972696624e+00,4.785780684788504442e-03,3.278709658176274477e-07
7.698769876987697991e+00,4.785651293216682846e-03,5.286942093963716879e-07
7.700270027002699358e+00,4.785521773004835534e-03,6.988728081472690978e-07
7.701770177017701613e+00,4.785391975510289685e-03,8.039541174857807551e-07
7.703270327032702980e+00,4.785261730471078445e-03,8.044742708226875605e-07
7.704770477047704347e+00,4.785130947767431663e-03,6.795393324795911873e-07
7.706270627062705714e+00,4.784999993479232758e-03,5.139811687963430570e-07
7.707770777077707081e+00,4.784868995469409442e-03,3.374441234487960761e-07
7.709270927092708448e+00,4.784738024815727783e-03,1.664123800069894216e-07
7.710771077107709814e+00,4.784607139783473607e-03,1.439886380489340366e-08
7.712271227122712070e+00,4.784476385825449027e-03,-1.080547580596516263e-07
7.713771377137713436e+00,4.784345795581976778e-03,-1.933780767246640137e-07
7.715271527152714803e+00,4.784215388880896751e-03,-2.369719415644618929e-07
7.716771677167716170e+00,4.784085172737569461e-03,-2.372084601893497850e-07
7.718271827182717537e+00,4.783955141354873444e-03,-1.954309984457007603e-07
7.719771977197718904e+00,4.783825276123204392e-03,-1.159541804159551677e-07
7.721272127212721159e+00,4.783695545620478620e-03,-6.063888418551707072e-09
7.722772277227722526e+00,4.783565905612129597e-03,1.239827369917972847e-07
7.724272427242723893e+00,4.783436299051112284e-03,2.609572970245000218e-07
7.725772577257725260e+00,4.783306656077897061e-03,3.886601346528414827e-07
7.727272727272726627e+00,4.783176894020474933e-03,4.879203346140365089e-07
7.728772877287727994e+00,4.783046917394354926e-03,5.365957234092307573e-07
7.730273027302729361e+00,4.782916617902564956e-03,5.095728693035051474e-07
7.731773177317731616e+00,4.782785984340817524e-03,4.042394592155002381e-07
7.733273327332732983e+00,4.782655191572629527e-03,2.611305265173253314e-07
7.734773477347734350e+00,4.782524325526082455e-03,1.001835183785425091e-07
7.736273627362735716e+00,4.782393459048010775e-03,-6.169876076981777290e-08
7.737773777377737083e+00,4.782262653480488269e-03,-2.102828788300669420e-07
7.739273927392738450e+00,4.782131958660827166e-03,-3.340047760378577804e-07
7.740774077407739817e+00,4.782001412921579875e-03,-4.239697649621855890e-07
7.742274227422742072e+00,4.781871043090538120e-03,-4.739525305054031701e-07
7.743774377437743439e+00,4.781740864490732941e-03,-4.803971299031285000e-07
7.745274527452744806e+00,4.781610880940435557e-03,-4.424169927244251476e-07
7.746774677467746173e+00,4.781481084753154767e-03,-3.617949208716554199e-07
7.748274827482747540e+00,4.781351456737639553e-03,-2.429830885805235605e-07
7.749774977497748907e+00,4.781221966197879945e-03,-9.310304242007850266e-08
7.751275127512751162e+00,4.781092570933103553e-03,7.805429870740185656e-08
7.752775277527752529e+00,4.780963217237778166e-03,2.580286435659737992e-07
7.754275427542753896e+00,4.780833839901610025e-03,4.316903285866625317e-07
7.755775577557755263e+00,4.780704362209546414e-03,5.812403178670552913e-07
7.757275727572756630e+00,4.780574695941773068e-03,6.862102031713943080e-07
7.758775877587757996e+00,4.780444741373714168e-03,7.234622039305782869e-07
7.760276027602759363e+00,4.780314387276035810e-03,6.671891672421732080e-07
7.761776177617761618e+00,4.780183589821646734e-03,5.071909095753280109e-07
7.763276327632762985e+00,4.780052492956583451e-03,2.768447433174072626e-07
7.764776477647764352e+00,4.779921239621459303e-03,9.335597420480726338e-09
7.766276627662765719e+00,4.779789954532276570e-03,-2.663824766280904571e-07
7.767776777677767086e+00,4.779658744204836641e-03,-5.255806672854314250e-07
7.769276927692768453e+00,4.779527696954740008e-03,-7.477554029531556574e-07
7.770777077707769820e+00,4.779396882897391473e-03,-9.166283519773619596e-07
7.772277227722772075e+00,4.779266353947991472e-03,-1.020146422648678190e-06
7.773777377737773442e+00,4.779136143821543885e-03,-1.050481763202053526e-06
7.775277527752774809e+00,4.779006268032852563e-03,-1.004031761817135391e-06
7.776777677767776176e+00,4.778876723896521329e-03,-8.814190466179736333e-07
7.778277827782777543e+00,4.778747490526953981e-03,-6.874914856731054360e-07
7.779777977797778910e+00,4.778618528838356021e-03,-4.313221869955591313e-07
7.781278127812781165e+00,4.778489781544732057e-03,-1.262094985426559941e-07
7.782778277827782532e+00,4.778361173159887537e-03,2.103229917832340986e-07
7.784278427842783898e+00,4.778232609997427882e-03,5.565264561357880930e-07
7.785778577857785265e+00,4.778103980170761086e-03,8.864268267240291565e-07
7.787278727872786632e+00,4.777975153593091648e-03,1.169824795812492273e-06
7.788778877887787999e+00,4.777845981977428373e-03,1.372295815721226253e-06
7.790279027902789366e+00,4.777716298836577440e-03,1.455190098825794795e-06
7.791779177917791621e+00,4.777585919483147599e-03,1.375632617557163298e-06
7.793279327932792988e+00,4.777454851325894751e-03,1.135327909021740875e-06
7.794779477947794355e+00,4.777323584031631203e-03,8.479242349960486924e-07
7.796279627962795722e+00,4.777192272997740283e-03,5.495137085176593741e-07
7.797779777977797089e+00,4.777061031942987299e-03,2.665120537913469944e-07
7.799279927992798456e+00,4.776929952962050488e-03,2.031225969078156365e-08
7.800780078007799823e+00,4.776799106525517549e-03,-1.727154202414692773e-07
7.802280228022802078e+00,4.776668541479885642e-03,-3.012234677939975377e-07
7.803780378037803445e+00,4.776538285047564857e-03,-3.588871000862888030e-07
7.805280528052804812e+00,4.776408342826873009e-03,-3.444042695691845027e-07
7.806780678067806178e+00,4.776278698792041713e-03,-2.614956640245348386e-07
7.808280828082807545e+00,4.776149315293210310e-03,-1.189047065652925941e-07
7.809780978097808912e+00,4.776020133056431069e-03,6.960244436448940716e-08
7.811281128112811167e+00,4.775891071183664856e-03,2.852368949897785802e-07
7.812781278127812534e+00,4.775762027152783730e-03,5.041870162040496997e-07
7.814281428142813901e+00,4.775632876817570947e-03,6.976184435700541125e-07
7.815781578157815268e+00,4.775503474407720959e-03,8.316740773193147993e-07
7.817281728172816635e+00,4.775373652528835944e-03,8.674740823522621124e-07
7.818781878187818002e+00,4.775243246958015865e-03,7.668736419381795256e-07
7.820282028202819369e+00,4.775112562098201077e-03,6.005540658901180620e-07
7.821782178217821624e+00,4.774981815081865040e-03,4.189495741072791241e-07
7.823282328232822991e+00,4.774851081666383820e-03,2.396661579565692997e-07
7.824782478247824358e+00,4.774720424366936215e-03,7.723251430531162100e-08
7.826282628262825725e+00,4.774589892456503754e-03,-5.689995447831906048e-08
7.827782778277827092e+00,4.774459521965874163e-03,-1.543571405254026940e-07
7.829282928292828458e+00,4.774329335683638771e-03,-2.098422304662713826e-07
7.830783078307829825e+00,4.774199343156193369e-03,-2.211357054305117127e-07
7.832283228322832080e+00,4.774069540687737347e-03,-1.890953410469335196e-07
7.833783378337833447e+00,4.773939911340276294e-03,-1.176562074436701549e-07
7.835283528352834814e+00,4.773810424933615931e-03,-1.383066924806466655e-08
7.836783678367836181e+00,4.773681038045370778e-03,1.122916144132802260e-07
7.838283828382837548e+00,4.773551694010957219e-03,2.475436899145073203e-07
7.839783978397838915e+00,4.773422322923596105e-03,3.756813091305077893e-07
7.841284128412841170e+00,4.773292841634312750e-03,4.773829294369636389e-07
7.842784278427842537e+00,4.773163153751936068e-03,5.302497137101257857e-07
7.844284428442843904e+00,4.773033149643100305e-03,5.088055303271951154e-07
7.845784578457845271e+00,4.772902807680392059e-03,4.080128273032765435e-07
7.847284728472846638e+00,4.772772311018317649e-03,2.704165808007930916e-07
7.848784878487848005e+00,4.772641744413774756e-03,1.157227081472161886e-07
7.850285028502849372e+00,4.772511178027977891e-03,-3.975539040705945681e-08
7.851785178517851627e+00,4.772380670841382122e-03,-1.823038854786396264e-07
7.853285328532852994e+00,4.772250270653679606e-03,-3.008085185508000375e-07
7.854785478547854360e+00,4.772120014083803055e-03,-3.867546019740029807e-07
7.856285628562855727e+00,4.771989926569921402e-03,-4.342270189655436300e-07
7.857785778577857094e+00,4.771860022369442400e-03,-4.399102236096379230e-07
7.859285928592858461e+00,4.771730304559015229e-03,-4.030882408574247840e-07
7.860786078607859828e+00,4.771600765034523552e-03,-3.256446665269643243e-07
7.862286228622862083e+00,4.771471384511091589e-03,-2.120626673031640445e-07
7.863786378637863450e+00,4.771342132523082383e-03,-6.942498073806491959e-08
7.865286528652864817e+00,4.771212967424096930e-03,9.258608474956157681e-08
7.866786678667866184e+00,4.771083836386975051e-03,2.616886498739656094e-07
7.868286828682867551e+00,4.770954675403794518e-03,4.230012644824773206e-07
7.869786978697868918e+00,4.770825409285872794e-03,5.590429075554979367e-07
7.871287128712871173e+00,4.770695951663764429e-03,6.497329872065547194e-07
7.872787278727872540e+00,4.770566204987264532e-03,6.723913406820873012e-07
7.874287428742873907e+00,4.770436061471093267e-03,6.019572830984068741e-07
7.875787578757875274e+00,4.770305514234155983e-03,4.367921076916107682e-07
7.877287728772876640e+00,4.770174707510195684e-03,2.104234587409272985e-07
7.878787878787878007e+00,4.770043773870581184e-03,-4.630728253362369884e-08
7.880288028802879374e+00,4.769912828638130618e-03,-3.065713373694708525e-07
7.881788178817881629e+00,4.769781969887108841e-03,-5.475525294616252453e-07
7.883288328832882996e+00,4.769651278443228296e-03,-7.504472849621197846e-07
7.884788478847884363e+00,4.769520817883649878e-03,-9.004646324808823345e-07
7.886288628862885730e+00,4.769390634536979472e-03,-9.868262030851400397e-07
7.887788778877887097e+00,4.769260757483274014e-03,-1.002766230299567027e-06
7.889288928892888464e+00,4.769131198554036298e-03,-9.455315501062880052e-07
7.890789078907889831e+00,4.769001952332216701e-03,-8.163816009448746651e-07
7.892289228922892086e+00,4.768872996152214057e-03,-6.205884237122171425e-07
7.893789378937893453e+00,4.768744290099874786e-03,-3.674366617630199557e-07
7.895289528952894820e+00,4.768615777012492028e-03,-7.022356090911029729e-08
7.896789678967896187e+00,4.768487382478807379e-03,2.537410305801436372e-07
7.898289828982897554e+00,4.768359014839010021e-03,5.831346619779207412e-07
7.899789978997898920e+00,4.768230565184735856e-03,8.926222800999552551e-07
7.901290129012901176e+00,4.768101907359070107e-03,1.152856229304663292e-06
7.902790279027902542e+00,4.767972897956544720e-03,1.330476251492554892e-06
7.904290429042903909e+00,4.767843376323138357e-03,1.388109486107180792e-06
7.905790579057905276e+00,4.767713164556279873e-03,1.284370470134481479e-06
7.907290729072906643e+00,4.767582358336211641e-03,1.041495769108383060e-06
7.908790879087908010e+00,4.767451389018078842e-03,7.598119917205258188e-07
7.910291029102909377e+00,4.767320389937167863e-03,4.703546341984231337e-07
7.911791179117911632e+00,4.767189470189163447e-03,1.985179810409756309e-07
7.913291329132912999e+00,4.767058717713171245e-03,-3.522800179444695136e-08
7.914791479147914366e+00,4.766928199291714345e-03,-2.153376668929880035e-07
7.916291629162915733e+00,4.766797960550738476e-03,-3.311896853816352060e-07
7.917791779177917100e+00,4.766668025959607674e-03,-3.770870469293886655e-07
7.919291929192918467e+00,4.766538398831104278e-03,-3.522570597472600675e-07
7.920792079207919834e+00,4.766409061321433271e-03,-2.608513505882750062e-07
7.922292229222922089e+00,4.766279974430217940e-03,-1.119458647473649874e-07
7.923792379237923456e+00,4.766151078000500745e-03,8.045913393823510102e-08
7.925292529252924822e+00,4.766022290718745918e-03,2.974390630895307846e-07
7.926792679267926189e+00,4.765893510114836001e-03,5.151450217854512117e-07
7.928292829282927556e+00,4.765764612562074440e-03,7.048037905629056930e-07
7.929792979297928923e+00,4.765635453277182118e-03,8.327178314167896306e-07
7.931293129312931178e+00,4.765505866320301695e-03,8.602652877999758363e-07
7.932793279327932545e+00,4.765375700736038285e-03,7.523095623295634110e-07
7.934293429342933912e+00,4.765245277997261046e-03,5.836505009841038710e-07
7.935793579357935279e+00,4.765114793318441302e-03,3.997271569258993379e-07
7.937293729372936646e+00,4.764984323740203802e-03,2.184808376499937612e-07
7.938793879387938013e+00,4.764853932805692381e-03,5.470972893099096964e-08
7.940294029402939380e+00,4.764723670560566497e-03,-7.993110517694448115e-08
7.941794179417941635e+00,4.764593573553006431e-03,-1.769297223401323078e-07
7.943294329432943002e+00,4.764463664833710685e-03,-2.309173019451698229e-07
7.944794479447944369e+00,4.764333953955894249e-03,-2.396681450992835597e-07
7.946294629462945736e+00,4.764204436975292938e-03,-2.040996746300672212e-07
7.947794779477947102e+00,4.764075096450158184e-03,-1.282724350855566425e-07
7.949294929492948469e+00,4.763945901441260511e-03,-1.939009273422619102e-08
7.950795079507949836e+00,4.763816807511890399e-03,1.122005644350107041e-07
7.952295229522952091e+00,4.763687756727854813e-03,2.530096267128833965e-07
7.953795379537953458e+00,4.763558677657479812e-03,3.864040626694222980e-07
7.955295529552954825e+00,4.763429485371608804e-03,4.926077191544753038e-07
7.956795679567956192e+00,4.763300081443605158e-03,5.487013212973706733e-07
7.958295829582957559e+00,4.763170353949347860e-03,5.286224725069923103e-07
7.959795979597958926e+00,4.763040273787273737e-03,4.255830783713375219e-07
7.961296129612961181e+00,4.762910029533262528e-03,2.834773440445772215e-07
7.962796279627962548e+00,4.762779710666754582e-03,1.231519766416677004e-07
7.964296429642963915e+00,4.762649390414330081e-03,-3.833158570435038505e-08
7.965796579657965282e+00,4.762519130352390120e-03,-1.866262338141684043e-07
7.967296729672966649e+00,4.762388980407161049e-03,-3.100991874622848735e-07
7.968796879687968016e+00,4.762258978854690995e-03,-3.998319953770053501e-07
7.970297029702969382e+00,4.762129152320850739e-03,-4.496205352404415854e-07
7.971797179717971638e+00,4.761999515781334576e-03,-4.559750136885051718e-07
7.973297329732973004e+00,4.761870072561658583e-03,-4.181199663109141076e-07
7.974797479747974371e+00,4.761740814337164091e-03,-3.379942576512218078e-07
7.976297629762975738e+00,4.761611721133011607e-03,-2.202510812067698818e-07
7.977797779777977105e+00,4.761482761324186894e-03,-7.225795942870740362e-08
7.979297929792978472e+00,4.761353891635498360e-03,9.590325627800829419e-08
7.980798079807979839e+00,4.761225057141576199e-03,2.714363855546133674e-07
7.982298229822982094e+00,4.761096191266874118e-03,4.388309190886319042e-07
7.983798379837983461e+00,4.760967215785669344e-03,5.798620186134799376e-07
7.985298529852984828e+00,4.760838040822060885e-03,6.735905169090680563e-07
7.986798679867986195e+00,4.760708564849971264e-03,6.963629178014089635e-07
7.988298829882987562e+00,4.760578676057436280e-03,6.221282988009621831e-07
7.989798979897988929e+00,4.760448378843429307e-03,4.518722155277282312e-07
7.991299129912991184e+00,4.760317825457258990e-03,2.210601824616981983e-07
7.992799279927992551e+00,4.760187149831940183e-03,-3.908513574983257701e-08
7.994299429942993918e+00,4.760056468249386670e-03,-3.014558224113675189e-07
7.995799579957995284e+00,4.759925879340413772e-03,-5.430587087786756600e-07
7.997299729972996651e+00,4.759795464084733141e-03,-7.450153740589120262e-07
7.998799879987998018e+00,4.759665285810959698e-03,-8.925621454106195950e-07
8.000300030003000273e+00,4.759535390196608165e-03,-9.750500979437551304e-07
8.001800180018001640e+00,4.759405805268090463e-03,-9.859450547195374580e-07
8.003300330033003007e+00,4.759276541400721781e-03,-9.228275867507391617e-07
8.004800480048004374e+00,4.759147591318715377e-03,-7.873930130014551325e-07
8.006300630063005741e+00,4.759018930095184306e-03,-5.854514003871645072e-07
8.007800780078007108e+00,4.758890515152143161e-03,-3.269275637747319394e-07
8.009300930093008475e+00,4.758762286260503731e-03,-2.586106598241522242e-08
8.010801080108009842e+00,4.758634165540080209e-03,2.995937822201472040e-07
8.012301230123011209e+00,4.758506057459585721e-03,6.271679221119246074e-07
8.013801380138012576e+00,4.758377848836634061e-03,9.304775470205066678e-07
8.015301530153013942e+00,4.758249408837738822e-03,1.179024102322088973e-06
8.016801680168017086e+00,4.758120588978311666e-03,1.338194285441599436e-06
8.018301830183018453e+00,4.757991223122665786e-03,1.369260045852053283e-06
8.019801980198019820e+00,4.757861130644727189e-03,1.230115083774414335e-06
8.021302130213021186e+00,4.757730553101391889e-03,9.770383718126117380e-07
8.022802280228022553e+00,4.757599841153246391e-03,6.917662083224679994e-07
8.024302430243023920e+00,4.757469121592346716e-03,4.038728378608312170e-07
8.025802580258025287e+00,4.757338499948020327e-03,1.379732441961636447e-07
8.027302730273026654e+00,4.757208060486868735e-03,-8.627684969145894226e-08
8.028802880288028021e+00,4.757077866212759687e-03,-2.541809816103484122e-07
8.030303030303029388e+00,4.756947958866836711e-03,-3.560019501572005711e-07
8.031803180318030755e+00,4.756818358927511307e-03,-3.869618147170991864e-07
8.033303330333032122e+00,4.756689065610468156e-03,-3.472418954635147158e-07
8.034803480348033489e+00,4.756560056868660777e-03,-2.419827733583015549e-07
8.036303630363036632e+00,4.756431289392315867e-03,-8.128429015148691421e-08
8.037803780378037999e+00,4.756302698608930700e-03,1.197944516179060769e-07
8.039303930393039366e+00,4.756174198683273124e-03,3.412350886230118170e-07
8.040804080408040733e+00,4.756045682517382432e-03,5.580599967484248070e-07
8.042304230423042100e+00,4.755917021750570226e-03,7.403322910903524337e-07
8.043804380438043466e+00,4.755788066759416947e-03,8.531558259566150756e-07
8.045304530453044833e+00,4.755658646657776219e-03,8.566751948666457855e-07
8.046804680468046200e+00,4.755528658998923325e-03,7.269917028320024073e-07
8.048304830483047567e+00,4.755398478870650689e-03,5.515650396209963408e-07
8.049804980498048934e+00,4.755268250471090911e-03,3.640339915457135590e-07
8.051305130513050301e+00,4.755138049917667122e-03,1.821615584150980497e-07
8.052805280528051668e+00,4.755007939551453462e-03,2.049604233748417810e-08
8.054305430543053035e+00,4.754877967937169020e-03,-1.096289522794004547e-07
8.055805580558054402e+00,4.754748169863181294e-03,-2.000945187284376587e-07
8.057305730573057545e+00,4.754618566341505329e-03,-2.459964480031439598e-07
8.058805880588058912e+00,4.754489164607804581e-03,-2.456452287975078641e-07
8.060306030603060279e+00,4.754359958121389187e-03,-2.005660475063221061e-07
8.061806180618061646e+00,4.754230926565217695e-03,-1.154987882249025398e-07
8.063306330633063013e+00,4.754102035845895330e-03,1.601967250821546223e-09
8.064806480648064380e+00,4.753973238093676598e-03,1.395669394243199228e-07
8.066306630663065746e+00,4.753844471662462684e-03,2.840121510984455383e-07
8.067806780678067113e+00,4.753715661129803184e-03,4.173389273754509295e-07
8.069306930693068480e+00,4.753586717296893506e-03,5.187338956569719170e-07
8.070807080708069847e+00,4.753457537188578337e-03,5.641689856440484625e-07
8.072307230723071214e+00,4.753328004053349910e-03,5.264014293371014818e-07
8.073807380738072581e+00,4.753198143063563745e-03,4.112876973451617266e-07
8.075307530753073948e+00,4.753068137028916909e-03,2.614740305726457087e-07
8.076807680768077091e+00,4.752938070362869132e-03,9.666891501445817706e-08
8.078307830783078458e+00,4.752808015487504367e-03,-6.621874658644264958e-08
8.079807980798079825e+00,4.752678032894373621e-03,-2.130654450718960857e-07
8.081308130813081192e+00,4.752548171144501885e-03,-3.325330648677497563e-07
8.082808280828082559e+00,4.752418466868387273e-03,-4.160688839840506022e-07
8.084308430843083926e+00,4.752288944765997551e-03,-4.579055740150432927e-07
8.085808580858085293e+00,4.752159617606776208e-03,-4.550612001391719190e-07
8.087308730873086660e+00,4.752030486229634650e-03,-4.073392211190779826e-07
8.088808880888088026e+00,4.751901539542959137e-03,-3.173284893016030428e-07
8.090309030903089393e+00,4.751772754524607317e-03,-1.904032506177871276e-07
8.091809180918090760e+00,4.751644096221909093e-03,-3.472314458286862868e-08
8.093309330933092127e+00,4.751515517751666619e-03,1.387667957037177637e-07
8.094809480948093494e+00,4.751386960300153436e-03,3.163361435583343374e-07
8.096309630963096637e+00,4.751258353123116208e-03,4.814690787133282936e-07
8.097809780978098004e+00,4.751129613545772984e-03,6.148643873162561822e-07
8.099309930993099371e+00,4.751000646962813198e-03,6.944354619310910831e-07
8.100810081008100738e+00,4.750871346838401142e-03,6.953103015373927779e-07
8.102310231023102105e+00,4.750741606918039428e-03,5.926765493403290625e-07
8.103810381038103472e+00,4.750611497105773282e-03,4.028116328609117765e-07
8.105310531053104839e+00,4.750481170759374497e-03,1.615269311117964134e-07
8.106810681068106206e+00,4.750350757027108940e-03,-1.010081264052608034e-07
8.108310831083107573e+00,4.750220367296501683e-03,-3.587729641795710189e-07
8.109810981098108940e+00,4.750090095194338738e-03,-5.898958606915122705e-07
8.111311131113110307e+00,4.749960016586666188e-03,-7.766539484125293288e-07
8.112811281128111673e+00,4.749830189578790191e-03,-9.054732138051331683e-07
8.114311431143113040e+00,4.749700654515279577e-03,-9.669284973229043557e-07
8.115811581158114407e+00,4.749571433979961517e-03,-9.557434934104871206e-07
8.117311731173117550e+00,4.749442532795924987e-03,-8.707907505034508653e-07
8.118811881188118917e+00,4.749313938025519904e-03,-7.150916710287831386e-07
8.120312031203120284e+00,4.749185618970355391e-03,-4.958165114042749010e-07
8.121812181218121651e+00,4.749057527171302376e-03,-2.242843820388487504e-07
8.123312331233123018e+00,4.748929596408490994e-03,8.403675266751074663e-08
8.124812481248124385e+00,4.748801742701313187e-03,4.095300743237533488e-07
8.126312631263125752e+00,4.748673864308421838e-03,7.284299105477590112e-07
8.127812781278127119e+00,4.748545841727728166e-03,1.012821734966341908e-06
8.129312931293128486e+00,4.748417537696406933e-03,1.230642167215244081e-06
8.130813081308129853e+00,4.748288797190892106e-03,1.345678972939156085e-06
8.132313231323131220e+00,4.748159447426876859e-03,1.317571063791673895e-06
8.133813381338132587e+00,4.748029377021519004e-03,1.120293478608640128e-06
8.135313531353133953e+00,4.747899011001683808e-03,8.530946307630011756e-07
8.136813681368137097e+00,4.747768560113027440e-03,5.652140405278821634e-07
8.138313831383138464e+00,4.747638143176506446e-03,2.844239521044278773e-07
8.139813981398139831e+00,4.747507857754143523e-03,3.352800399905356854e-08
8.141314131413141197e+00,4.747377780149027518e-03,-1.696387709751738524e-07
8.142814281428142564e+00,4.747247965405313429e-03,-3.122099456988694413e-07
8.144314431443143931e+00,4.747118447308225006e-03,-3.862876987463322318e-07
8.145814581458145298e+00,4.746989238384047814e-03,-3.889428143855421645e-07
8.147314731473146665e+00,4.746860329900137038e-03,-3.222146825781636876e-07
8.148814881488148032e+00,4.746731691864914011e-03,-1.931112989795438505e-07
8.150315031503149399e+00,4.746603273027864486e-03,-1.360926493871230384e-08
8.151815181518150766e+00,4.746475000879541231e-03,1.993462125016218765e-07
8.153315331533152133e+00,4.746346781651564033e-03,4.238413206050629901e-07
8.154815481548153500e+00,4.746218500316618828e-03,6.329936409415297705e-07
8.156315631563156643e+00,4.746090020588456838e-03,7.949521493874173801e-07
8.157815781578158010e+00,4.745961184921896302e-03,8.728972161248543509e-07
8.159315931593159377e+00,4.745831814512821607e-03,8.250406056429424289e-07
8.160816081608160744e+00,4.745701977095962039e-03,6.671983708572061922e-07
8.162316231623162111e+00,4.745572030015202981e-03,4.828727943702017377e-07
8.163816381638163477e+00,4.745442062361202896e-03,2.928966105004555139e-07
8.165316531653164844e+00,4.745312146747896614e-03,1.142502603510666727e-07
8.166816681668166211e+00,4.745182341751821853e-03,-3.936818808976612240e-08
8.168316831683167578e+00,4.745052691912116614e-03,-1.575430399487442723e-07
8.169816981698168945e+00,4.744923227730518320e-03,-2.331409734674704072e-07
8.171317131713170312e+00,4.744793965671369879e-03,-2.623110400024463751e-07
8.172817281728171679e+00,4.744664908161611017e-03,-2.444846640250767353e-07
8.174317431743173046e+00,4.744536043590785214e-03,-1.823756431216636767e-07
8.175817581758174413e+00,4.744407346311037971e-03,-8.198014799341231151e-08
8.177317731773177556e+00,4.744278776637114205e-03,4.742327754373851954e-08
8.178817881788178923e+00,4.744150280846359986e-03,1.932737165584628672e-07
8.180318031803180290e+00,4.744021791178725141e-03,3.397278790049891507e-07
8.181818181818181657e+00,4.743893225836758043e-03,4.676601017225080290e-07
8.183318331833183024e+00,4.743764488985609956e-03,5.546623484353077668e-07
8.184818481848184391e+00,4.743635470753032428e-03,5.750442097527775176e-07
8.186318631863185757e+00,4.743506061793288132e-03,5.032362053412193312e-07
8.187818781878187124e+00,4.743376396926741144e-03,3.707376732660270811e-07
8.189318931893188491e+00,4.743246615909400311e-03,2.102291621510395019e-07
8.190819081908189858e+00,4.743116800689632998e-03,4.088314485278361519e-08
8.192319231923191225e+00,4.742987020977397494e-03,-1.209910747640727455e-07
8.193819381938192592e+00,4.742857334244243023e-03,-2.619473618267212516e-07
8.195319531953193959e+00,4.742727785723307131e-03,-3.714027504542127096e-07
8.196819681968197102e+00,4.742598408409318296e-03,-4.416374437575154530e-07
8.198319831983198469e+00,4.742469223058595924e-03,-4.677948138392293627e-07
8.199819981998199836e+00,4.742340238189047749e-03,-4.478814017940952518e-07
8.201320132013201203e+00,4.742211450080173300e-03,-3.827669177086045949e-07
8.202820282028202570e+00,4.742082842773062169e-03,-2.761842406611086897e-07
8.204320432043203937e+00,4.741954388070391407e-03,-1.347294187218169625e-07
8.205820582058205304e+00,4.741826045536431597e-03,3.213833104719858424e-08
8.207320732073206671e+00,4.741697762497041647e-03,2.120966225920081900e-07
8.208820882088208037e+00,4.741569474039670530e-03,3.899599008668264003e-07
8.210321032103209404e+00,4.741441103013358145e-03,5.476794418340024324e-07
8.211821182118210771e+00,4.741312560028734455e-03,6.643433524640305507e-07
8.213321332133212138e+00,4.741183743458017748e-03,7.161765707355411204e-07
8.214821482148213505e+00,4.741054539435018977e-03,6.765408656353134717e-07
8.216321632163216648e+00,4.740924887815342603e-03,5.313437810324443227e-07
8.217821782178218015e+00,4.740794936664828596e-03,3.151955747137616854e-07
8.219321932193219382e+00,4.740664827135328448e-03,6.113644990908659405e-08
8.220822082208220749e+00,4.740534681166806361e-03,-2.022893035276202173e-07
8.222322232223222116e+00,4.740404602769486379e-03,-4.507343559074428956e-07
8.223822382238223483e+00,4.740274678023854993e-03,-6.640483377065112630e-07
8.225322532253224850e+00,4.740144975080660267e-03,-8.262778395660013986e-07
8.226822682268226217e+00,4.740015544160910976e-03,-9.256664122921327805e-07
8.228322832283227584e+00,4.739886417555879208e-03,-9.546545668561708263e-07
8.229822982298228951e+00,4.739757609627096024e-03,-9.098797743944279522e-07
8.231323132313230317e+00,4.739629116806356665e-03,-7.921764662082606082e-07
8.232823282328231684e+00,4.739500917595716213e-03,-6.065760337640701253e-07
8.234323432343233051e+00,4.739372972567491328e-03,-3.623068286933044094e-07
8.235823582358234418e+00,4.739245224364261981e-03,-7.279416279245656495e-08
8.237323732373237561e+00,4.739117597698867118e-03,2.443396919773188637e-07
8.238823882388238928e+00,4.738989999354408997e-03,5.672755034886670987e-07
8.240324032403240295e+00,4.738862318184250584e-03,8.699970794503102701e-07
8.241824182418241662e+00,4.738734425112017291e-03,1.122291267405575062e-06
8.243324332433243029e+00,4.738606173131595239e-03,1.289747954732737929e-06
8.244824482448244396e+00,4.738477397307132993e-03,1.333760068645023036e-06
8.246324632463245763e+00,4.738347915076430820e-03,1.211594562187668981e-06
8.247824782478247130e+00,4.738217910462470470e-03,9.662983961816198205e-07
8.249324932493248497e+00,4.738087757540424688e-03,6.854217084859677970e-07
8.250825082508249864e+00,4.737957585239441216e-03,3.991612376871471366e-07
8.252325232523251231e+00,4.737827501199266128e-03,1.327277515890095516e-07
8.253825382538252597e+00,4.737697591770244701e-03,-9.365395278717533643e-08
8.255325532553253964e+00,4.737567922013320547e-03,-2.647450492027204201e-07
8.256825682568257108e+00,4.737438535700034745e-03,-3.702926822016040095e-07
8.258325832583258475e+00,4.737309455312529310e-03,-4.050299671100506569e-07
8.259825982598259841e+00,4.737180682043542861e-03,-3.686759900372911570e-07
8.261326132613261208e+00,4.737052195796413213e-03,-2.659358078749728000e-07
8.262826282628262575e+00,4.736923955185077389e-03,-1.065004482973258141e-07
8.264326432643263942e+00,4.736795897534069009e-03,9.495309023883959956e-08
8.265826582658265309e+00,4.736667938878522631e-03,3.187618384941306198e-07
8.267326732673266676e+00,4.736539973964170279e-03,5.402768564465668291e-07
8.268826882688268043e+00,4.736411876247342313e-03,7.298632332915942953e-07
8.270327032703269410e+00,4.736283497894968296e-03,8.529000874420706430e-07
8.271827182718270777e+00,4.736154669784576124e-03,8.697805665282761706e-07
8.273327332733272144e+00,4.736025258252739983e-03,7.491983153214109804e-07
8.274827482748273511e+00,4.735895610847205665e-03,5.725226714373819747e-07
8.276327632763276654e+00,4.735765901478419110e-03,3.804877963067893910e-07
8.277827782778278021e+00,4.735636210944618209e-03,1.920267843353275194e-07
8.279327932793279388e+00,4.735506605752796451e-03,2.272411813395682140e-08
8.280828082808280755e+00,4.735377138118703789e-03,-1.151843314801739687e-07
8.282328232823282121e+00,4.735247845966841437e-03,-2.128113054839520959e-07
8.283828382838283488e+00,4.735118752930470541e-03,-2.646181566482994080e-07
8.285328532853284855e+00,4.734989868351602640e-03,-2.684148495381728848e-07
8.286828682868286222e+00,4.734861187281006606e-03,-2.253599605125649562e-07
8.288328832883287589e+00,4.734732690478206905e-03,-1.399606777245022311e-07
8.289828982898288956e+00,4.734604344411481869e-03,-2.007280112104666268e-08
8.291329132913290323e+00,4.734476101257864555e-03,1.230992575567041346e-07
8.292829282928291690e+00,4.734347898903144489e-03,2.750024747736177317e-07
8.294329432943293057e+00,4.734219660941864187e-03,4.177352152005251907e-07
8.295829582958294424e+00,4.734091296677322633e-03,5.300472317142277358e-07
8.297329732973297567e+00,4.733962701121573538e-03,5.873396653975083993e-07
8.298829882988298934e+00,4.733833754995425344e-03,5.616650455389320166e-07
8.300330033003300301e+00,4.733704440371981972e-03,4.488096984894712464e-07
8.301830183018301668e+00,4.733574960006364275e-03,2.962631720944595253e-07
8.303330333033303035e+00,4.733445406730114186e-03,1.257877987871769633e-07
8.304830483048304401e+00,4.733315857604227309e-03,-4.455022011446688358e-08
8.306330633063305768e+00,4.733186377162211522e-03,-1.996215150280096590e-07
8.307830783078307135e+00,4.733057017410084374e-03,-3.272335481064362067e-07
8.309330933093308502e+00,4.732927817826374818e-03,-4.181306132381787292e-07
8.310831083108309869e+00,4.732798805362123211e-03,-4.659938360471172112e-07
8.312331233123311236e+00,4.732669994440880448e-03,-4.674411738925776198e-07
8.313831383138312603e+00,4.732541386958708830e-03,-4.220274158693346574e-07
8.315331533153313970e+00,4.732412972284182062e-03,-3.322441828076089027e-07
8.316831683168317113e+00,4.732284727258384387e-03,-2.035199272728971926e-07
8.318331833183318480e+00,4.732156616194911451e-03,-4.421993356663161375e-08
8.319831983198319847e+00,4.732028590879869441e-03,1.343536822747564689e-07
8.321332133213321214e+00,4.731900590571876813e-03,3.179619724792482534e-07
8.322832283228322581e+00,4.731772542002062563e-03,4.894291575393859438e-07
8.324332433243323948e+00,4.731644359374066224e-03,6.286426262122557029e-07
8.325832583258325315e+00,4.731515944364038731e-03,7.125529355195113699e-07
8.327332733273326681e+00,4.731387186120642428e-03,7.151738107473419549e-07
8.328832883288328048e+00,4.731257974957485402e-03,6.107863472009169187e-07
8.330333033303329415e+00,4.731128393660313791e-03,4.187555460038484035e-07
8.331833183318330782e+00,4.730998600272998990e-03,1.761387321268617065e-07
8.333333333333332149e+00,4.730868724350779063e-03,-8.667488223485396225e-08
8.334833483348333516e+00,4.730738877366467629e-03,-3.435374858690551687e-07
8.336333633363336659e+00,4.730609152710458197e-03,-5.725426685466925412e-07
8.337833783378338026e+00,4.730479625690719829e-03,-7.560254210208593911e-07
8.339333933393339393e+00,4.730350353532802345e-03,-8.805621350284477675e-07
8.340834083408340760e+00,4.730221375379831984e-03,-9.369706032890059166e-07
8.342334233423342127e+00,4.730092712292514011e-03,-9.203100195050266953e-07
8.343834383438343494e+00,4.729964367249130108e-03,-8.298809783619507486e-07
8.345334533453344861e+00,4.729836325145540983e-03,-6.692254755281667206e-07
8.346834683468346228e+00,4.729708552795186365e-03,-4.461269076550040552e-07
8.348334833483347595e+00,4.729580998929083270e-03,-1.726100723767459132e-07
8.349834983498348961e+00,4.729453594195825138e-03,1.350588316893837452e-07
8.351335133513350328e+00,4.729326251161586163e-03,4.563722049432130660e-07
8.352835283528351695e+00,4.729198864310116095e-03,7.665810468016202902e-07
8.354335433543353062e+00,4.729071310042745439e-03,1.036694955698545506e-06
8.355835583558354429e+00,4.728943446678379389e-03,1.233482129084971591e-06
8.357335733573357572e+00,4.728815114453503894e-03,1.319469363428963916e-06
8.358835883588358939e+00,4.728686135522183059e-03,1.252942054215367214e-06
8.360336033603360306e+00,4.728556498586476871e-03,1.031235355619096805e-06
8.361836183618361673e+00,4.728426649435776841e-03,7.588834518471672564e-07
8.363336333633363040e+00,4.728296743259293410e-03,4.723031985511386839e-07
8.364836483648364407e+00,4.728166894359990373e-03,1.983208671095616605e-07
8.366336633663365774e+00,4.728037195718870836e-03,-4.124112494010621624e-08
8.367836783678367141e+00,4.727907718994985020e-03,-2.295642139014996888e-07
8.369336933693368508e+00,4.727778514525427661e-03,-3.548336899193463698e-07
8.370837083708369875e+00,4.727649611325334539e-03,-4.102386969794649412e-07
8.372337233723371241e+00,4.727521017087890284e-03,-3.939722329087696022e-07
8.373837383738372608e+00,4.727392718184318839e-03,-3.092311493752643510e-07
8.375337533753373975e+00,4.727264679663891259e-03,-1.642161518880465850e-07
8.376837683768377119e+00,4.727136845253922248e-03,2.786820020294107980e-08
8.378337833783378485e+00,4.727009137359770158e-03,2.488134937059439209e-07
8.379837983798379852e+00,4.726881457064837852e-03,4.754074615887768315e-07
8.381338133813381219e+00,4.726753684130571842e-03,6.794339829779715705e-07
8.382838283828382586e+00,4.726625676996464021e-03,8.276730831589603563e-07
8.384338433843383953e+00,4.726497272780048192e-03,8.819009335760843379e-07
8.385838583858385320e+00,4.726368291863070059e-03,7.999657786332238518e-07
8.387338733873386687e+00,4.726238943082273526e-03,6.308546153356666365e-07
8.388838883888388054e+00,4.726109501888941036e-03,4.392047335666437389e-07
8.390339033903389421e+00,4.725980055060048819e-03,2.453919034158120441e-07
8.391839183918390788e+00,4.725850674835731756e-03,6.637873877863489535e-08
8.393339333933392155e+00,4.725721418919290318e-03,-8.428530264361864704e-08
8.394839483948393521e+00,4.725592330477181892e-03,-1.964639193438733824e-07
8.396339633963396665e+00,4.725463438139027722e-03,-2.634339660092981560e-07
8.397839783978398032e+00,4.725334755997611172e-03,-2.818854535210458205e-07
8.399339933993399399e+00,4.725206283608875124e-03,-2.519215489547326562e-07
8.400840084008400765e+00,4.725078005991926317e-03,-1.770585755800641940e-07
8.402340234023402132e+00,4.724949893629031006e-03,-6.422601286093770715e-08
8.403840384038403499e+00,4.724821902465617569e-03,7.623350354455588365e-08
8.405340534053404866e+00,4.724693973910275638e-03,2.305641817841306334e-07
8.406840684068406233e+00,4.724566034834757830e-03,3.815970738113075848e-07
8.408340834083407600e+00,4.724437997573977151e-03,5.087500753854113798e-07
8.409840984098408967e+00,4.724309759926007858e-03,5.880279260715755539e-07
8.411341134113410334e+00,4.724181205152084596e-03,5.920222092407407357e-07
8.412841284128411701e+00,4.724052243739539254e-03,4.997112779017641856e-07
8.414341434143413068e+00,4.723923059989909405e-03,3.543416552762757339e-07
8.415841584158414435e+00,4.723793775199760722e-03,1.843996641372220198e-07
8.417341734173417578e+00,4.723664471878391211e-03,9.268500581886370595e-09
8.418841884188418945e+00,4.723535219725843483e-03,-1.546776938090759733e-07
8.420342034203420312e+00,4.723406075632903024e-03,-2.940738319729110553e-07
8.421842184218421679e+00,4.723277083681097326e-03,-3.985638813639183220e-07
8.423342334233423045e+00,4.723148275142699352e-03,-4.608008639536568763e-07
8.424842484248424412e+00,4.723019668480722341e-03,-4.764468562309482299e-07
8.426342634263425779e+00,4.722891269348924136e-03,-4.441729892018733386e-07
8.427842784278427146e+00,4.722763070591806320e-03,-3.656594483897739792e-07
8.429342934293428513e+00,4.722635052244613350e-03,-2.455954738352548665e-07
8.430843084308429880e+00,4.722507181533330822e-03,-9.167936009617910110e-08
8.432343234323431247e+00,4.722379412874690673e-03,8.538154375232955483e-08
8.433843384338432614e+00,4.722251687876165109e-03,2.718708341178838183e-07
8.435343534353433981e+00,4.722123935335971814e-03,4.510630528908377562e-07
8.436843684368437124e+00,4.721996071243070477e-03,6.032236874444379278e-07
8.438343834383438491e+00,4.721867998777162789e-03,7.056091706341379758e-07
8.439843984398439858e+00,4.721739608308696788e-03,7.324668807986993465e-07
8.441344134413441225e+00,4.721610779200689431e-03,6.554575658040790882e-07
8.442844284428442592e+00,4.721481536135930385e-03,4.803412720781037239e-07
8.444344434443443959e+00,4.721352047508252381e-03,2.466691619454170402e-07
8.445844584458445325e+00,4.721222447661082428e-03,-1.398178644787374347e-08
8.447344734473446692e+00,4.721092852702257411e-03,-2.743206969396805317e-07
8.448844884488448059e+00,4.720963360504024098e-03,-5.113427953519356242e-07
8.450345034503449426e+00,4.720834050703037396e-03,-7.063294094905887505e-07
8.451845184518450793e+00,4.720704984700362095e-03,-8.448479691456102469e-07
8.453345334533452160e+00,4.720576205661472860e-03,-9.167520060909893621e-07
8.454845484548453527e+00,4.720447738516253371e-03,-9.161811540847344690e-07
8.456345634563454894e+00,4.720319589958997183e-03,-8.415611488688739119e-07
8.457845784578458037e+00,4.720191748448405999e-03,-6.956038281692410717e-07
8.459345934593459404e+00,4.720064184207591398e-03,-4.853071316962572359e-07
8.460846084608460771e+00,4.719936849224075706e-03,-2.219551011438824431e-07
8.462346234623462138e+00,4.719809677249788525e-03,7.888211980977581868e-08
8.463846384638463505e+00,4.719682583801069337e-03,3.973482855025859607e-07
8.465346534653464872e+00,4.719555466158668368e-03,7.093010482884027759e-07
8.466846684668466239e+00,4.719428203367744858e-03,9.863119585370531448e-07
8.468346834683467605e+00,4.719300656237865321e-03,1.195666464634357529e-06
8.469846984698468972e+00,4.719172667343007020e-03,1.300363912982106150e-06
8.471347134713470339e+00,4.719044061021558829e-03,1.259117547998072643e-06
8.472847284728471706e+00,4.718914716142314121e-03,1.043441180490804265e-06
8.474347434743473073e+00,4.718784912999581492e-03,7.191609155859657721e-07
8.475847584758474440e+00,4.718654883775959610e-03,3.408689224339926977e-07
8.477347734773477583e+00,4.718524811446290351e-03,-4.840376718033251015e-08
8.478847884788478950e+00,4.718394850681601436e-03,-4.122822427877681859e-07
8.480348034803480317e+00,4.718265127849110771e-03,-7.210477152374452893e-07
8.481848184818481684e+00,4.718135741012222106e-03,-9.516375166949770394e-07
8.483348334833483051e+00,4.718006759930526775e-03,-1.087645100642926477e-06
8.484848484848484418e+00,4.717878226059806293e-03,-1.119320041880801805e-06
8.486348634863485785e+00,4.717750152552027156e-03,-1.043568036525061049e-06
8.487848784878487152e+00,4.717622524255346041e-03,-8.639509020091061271e-07
8.489348934893488519e+00,4.717495297714105473e-03,-5.906865770832883540e-07
8.490849084908489885e+00,4.717368401168838161e-03,-2.406491218149067498e-07
8.492349234923491252e+00,4.717241734556261792e-03,1.626312824117938680e-07
8.493849384938492619e+00,4.717115169509284237e-03,5.889683328956224597e-07
8.495349534953493986e+00,4.716988549357000078e-03,1.001519605618437529e-06
8.496849684968497129e+00,4.716861689124691483e-03,1.356786555245518335e-06
8.498349834983498496e+00,4.716734375533829064e-03,1.604614515123937953e-06
8.499849984998499863e+00,4.716606367002071018e-03,1.688192697285172138e-06
8.501350135013501230e+00,4.716477393898911921e-03,1.544114287981899453e-06
8.502850285028502597e+00,4.716347697883515808e-03,1.229172538250883254e-06
8.504350435043503964e+00,4.716217800542440476e-03,8.660099457925348699e-07
8.505850585058505331e+00,4.716087871481724342e-03,4.945346109503557887e-07
8.507350735073506698e+00,4.715958052407827339e-03,1.480902191698384686e-07
8.508850885088508065e+00,4.715828457127633523e-03,-1.465439590015336610e-07
8.510351035103509432e+00,4.715699171548450204e-03,-3.691530679142847180e-07
8.511851185118510799e+00,4.715570253678007945e-03,-5.060866668169482727e-07
8.513351335133512165e+00,4.715441733624459696e-03,-5.502587298560684070e-07
8.514851485148513532e+00,4.715313613596381660e-03,-5.011476460761978084e-07
8.516351635163514899e+00,4.715185867902772429e-03,-3.647962194198960761e-07
8.517851785178518043e+00,4.715058442953055581e-03,-1.538116687274444827e-07
8.519351935193519409e+00,4.714931257257076215e-03,1.126343722620541540e-07
8.520852085208520776e+00,4.714804201425103550e-03,4.088058549122128351e-07
8.522352235223522143e+00,4.714677138167827457e-03,7.024023156884265273e-07
8.523852385238523510e+00,4.714549902296364531e-03,9.545588761580894268e-07
8.525352535253524877e+00,4.714422300722252018e-03,1.119846242990569760e-06
8.526852685268526244e+00,4.714294112457451287e-03,1.146270707957241546e-06
8.528352835283527611e+00,4.714165158077385578e-03,9.916137490375974275e-07
8.529852985298528978e+00,4.714035913489538453e-03,7.678195890893377236e-07
8.531353135313530345e+00,4.713906612366801710e-03,5.298729376897874009e-07
8.532853285328531712e+00,4.713777349317338668e-03,3.000458997544636180e-07
8.534353435343533079e+00,4.713648201357534782e-03,9.646949538176604504e-08
8.535853585358534446e+00,4.713519227911999385e-03,-6.686634014702334729e-08
8.537353735373537589e+00,4.713390470813564812e-03,-1.801127563678412970e-07
8.538853885388538956e+00,4.713261954303289009e-03,-2.375619876333694413e-07
8.540354035403540323e+00,4.713133685030451193e-03,-2.376473531138475747e-07
8.541854185418541690e+00,4.713005652052554457e-03,-1.829432567964690785e-07
8.543354335433543056e+00,4.712877826835325766e-03,-8.016518748554397528e-08
8.544854485448544423e+00,4.712750163252715091e-03,5.983028119750085977e-08
8.546354635463545790e+00,4.712622597586897145e-03,2.220454908141192634e-07
8.547854785478547157e+00,4.712495048528269649e-03,3.873416981086520312e-07
8.549354935493548524e+00,4.712367417175452461e-03,5.324390750083138945e-07
8.550855085508549891e+00,4.712239587035290181e-03,6.299167086232105671e-07
8.552355235523551258e+00,4.712111424022850416e-03,6.482126012463269923e-07
8.553855385538552625e+00,4.711982810994662027e-03,5.597495127289917554e-07
8.555355535553553992e+00,4.711853974687717911e-03,4.178770602573205191e-07
8.556855685568557135e+00,4.711725058828866199e-03,2.564317195139202101e-07
8.558355835583558502e+00,4.711596138453752122e-03,9.308611597095528106e-08
8.559855985598559869e+00,4.711467276265055536e-03,-5.739168879249619673e-08
8.561356135613561236e+00,4.711338522632495251e-03,-1.831381970896734277e-07
8.562856285628562603e+00,4.711209915592822969e-03,-2.751944751263179158e-07
8.564356435643563970e+00,4.711081480849831082e-03,-3.275061530006721409e-07
8.565856585658565336e+00,4.710953231774346606e-03,-3.369234247034796645e-07
8.567356735673566703e+00,4.710825169404232043e-03,-3.032010481179866124e-07
8.568856885688568070e+00,4.710697282444388859e-03,-2.289983450199384981e-07
8.570357035703569437e+00,4.710569547266753136e-03,-1.198792010775847758e-07
8.571857185718570804e+00,4.710441927910299052e-03,1.568793414832518353e-08
8.573357335733572171e+00,4.710314376081037140e-03,1.663300472045417208e-07
8.574857485748573538e+00,4.710186831152013420e-03,3.177695607453124542e-07
8.576357635763574905e+00,4.710059220163311140e-03,4.528243335323804261e-07
8.577857785778578048e+00,4.709931457822050770e-03,5.514076604350797117e-07
8.579357935793579415e+00,4.709803446502388267e-03,5.905282724298974504e-07
8.580858085808580782e+00,4.709675076265681243e-03,5.442950781271987883e-07
8.582358235823582149e+00,4.709546348230161071e-03,4.129467009721939721e-07
8.583858385838583516e+00,4.709417416948351309e-03,2.328689942948089673e-07
8.585358535853584883e+00,4.709288389881476772e-03,2.938457526056537532e-08
8.586858685868586250e+00,4.709159359975490476e-03,-1.756042839535452587e-07
8.588358835883587616e+00,4.709030405661077112e-03,-3.636156561590622405e-07
8.589858985898588983e+00,4.708901590853647838e-03,-5.195879591560538732e-07
8.591359135913590350e+00,4.708772964953344617e-03,-6.318799557331199991e-07
8.592859285928591717e+00,4.708644562845037615e-03,-6.922707536673906226e-07
8.594359435943593084e+00,4.708516404898324334e-03,-6.959598057245242166e-07
8.595859585958594451e+00,4.708388496967535683e-03,-6.415669096587117458e-07
8.597359735973597594e+00,4.708260830391725570e-03,-5.311322082125106480e-07
8.598859885988598961e+00,4.708133381994683044e-03,-3.701161891174413574e-07
8.600360036003600328e+00,4.708006114084921021e-03,-1.673996850931885521e-07
8.601860186018601695e+00,4.707878974455684089e-03,6.471612615193234184e-08
8.603360336033603062e+00,4.707751896384945907e-03,3.105097219210752069e-07
8.604860486048604429e+00,4.707624798635407469e-03,5.508392345288659865e-07
8.606360636063605796e+00,4.707497585454500574e-03,7.631424513013982382e-07
8.607860786078607163e+00,4.707370146574384358e-03,9.214368145762347219e-07
8.609360936093608530e+00,4.707242357211948759e-03,9.963194217024094115e-07
8.610861086108609896e+00,4.707114078068811054e-03,9.549670250404334243e-07
8.612361236123611263e+00,4.706985207330245322e-03,7.733689278334812884e-07
8.613861386138612630e+00,4.706855915124525010e-03,4.915659845557878060e-07
8.615361536153613997e+00,4.706726396880837708e-03,1.556296465590053336e-07
8.616861686168617140e+00,4.706596818797145927e-03,-1.952550527635383293e-07
8.618361836183618507e+00,4.706467322516044889e-03,-5.276924199959932954e-07
8.619861986198619874e+00,4.706338025124760793e-03,-8.140761017025383238e-07
8.621362136213621241e+00,4.706209019155149081e-03,-1.032589084425686012e-06
8.622862286228622608e+00,4.706080372583697040e-03,-1.167203694686699433e-06
8.624362436243623975e+00,4.705952128831522932e-03,-1.207681598985587472e-06
8.625862586258625342e+00,4.705824306764375131e-03,-1.149573803801106312e-06
8.627362736273626709e+00,4.705696900692633855e-03,-9.942206555907646232e-07
8.628862886288628076e+00,4.705569880371308564e-03,-7.487518407908158292e-07
8.630363036303629443e+00,4.705443191000042297e-03,-4.260863858162614991e-07
8.631863186318630810e+00,4.705316753223105601e-03,-4.493265706085452219e-08
8.633363336333632176e+00,4.705190463129402603e-03,3.702116391029105267e-07
8.634863486348633543e+00,4.705064192252466672e-03,7.890594563237858464e-07
8.636363636363634910e+00,4.704937787570462153e-03,1.175534408271772527e-06
8.637863786378638054e+00,4.704811071506184370e-03,1.487770768638436705e-06
8.639363936393639420e+00,4.704683841927060489e-03,1.678113471135494700e-06
8.640864086408640787e+00,4.704555872145146922e-03,1.693118109497131345e-06
8.642364236423642154e+00,4.704426938585504724e-03,1.480070411376735426e-06
8.643864386438643521e+00,4.704297400824166905e-03,1.123688683989541224e-06
8.645364536453644888e+00,4.704167623010149964e-03,7.098301017894868985e-07
8.646864686468646255e+00,4.704037803992206467e-03,2.854031074206052172e-07
8.648364836483647622e+00,4.703908110608535052e-03,-1.102348464539770536e-07
8.649864986498648989e+00,4.703778677686782164e-03,-4.452772971520351244e-07
8.651365136513650356e+00,4.703649608044041183e-03,-6.954687719722509481e-07
8.652865286528651723e+00,4.703520972486852428e-03,-8.441047881942116307e-07
8.654365436543653090e+00,4.703392809811203154e-03,-8.820318530784060441e-07
8.655865586558654456e+00,4.703265126802527556e-03,-8.076474638662296961e-07
8.657365736573657600e+00,4.703137898235705897e-03,-6.269001077797141035e-07
8.658865886588658967e+00,4.703011066875067113e-03,-3.532892620225034208e-07
8.660366036603660334e+00,4.702884543474386211e-03,-7.865393778568433001e-09
8.661866186618661700e+00,4.702758206776884269e-03,3.807700397870738905e-07
8.663366336633663067e+00,4.702631903515231034e-03,7.764645915284895681e-07
8.664866486648664434e+00,4.702505448411541458e-03,1.135514824318850052e-06
8.666366636663665801e+00,4.702378624177378300e-03,1.406666311050418254e-06
8.667866786678667168e+00,4.702251181513752987e-03,1.531113634634548754e-06
8.669366936693668535e+00,4.702122839111119550e-03,1.442500388001706862e-06
8.670867086708669902e+00,4.701993729701516023e-03,1.172115172736318699e-06
8.672367236723671269e+00,4.701864478250758483e-03,8.673583009048193149e-07
8.673867386738672636e+00,4.701735222806115860e-03,5.608105877265036154e-07
8.675367536753674003e+00,4.701606072924223619e-03,2.783299310366447556e-07
8.676867686768677146e+00,4.701477115318821245e-03,4.038317205960678079e-08
8.678367836783678513e+00,4.701348413860746180e-03,-1.379539045900830293e-07
8.679867986798679880e+00,4.701220009577937280e-03,-2.469965709094514140e-07
8.681368136813681247e+00,4.701091920655433090e-03,-2.824511555058730625e-07
8.682868286828682614e+00,4.700964142435371841e-03,-2.454150435973861340e-07
8.684368436843683980e+00,4.700836647416992316e-03,-1.423766770126854810e-07
8.685868586858685347e+00,4.700709385256635585e-03,1.478444580886993884e-08
8.687368736873686714e+00,4.700582282767738936e-03,2.087977698172627803e-07
8.688868886888688081e+00,4.700455243920843677e-03,4.170016833518126520e-07
8.690369036903689448e+00,4.700328149843589938e-03,6.113435181411842690e-07
8.691869186918690815e+00,4.700200858820716664e-03,7.583795493033721000e-07
8.693369336933692182e+00,4.700073206294065088e-03,8.192749953457211205e-07
8.694869486948693549e+00,4.699945007090419909e-03,7.503296403165206354e-07
8.696369636963694916e+00,4.699816442166880257e-03,5.942304262760311016e-07
8.697869786978698059e+00,4.699687794307538281e-03,4.177087997015353290e-07
8.699369936993699426e+00,4.699559143133993228e-03,2.395656624687347525e-07
8.700870087008700793e+00,4.699430554770863896e-03,7.541507595703086734e-08
8.702370237023702160e+00,4.699302081845791249e-03,-6.231573894963419654e-08
8.703870387038703527e+00,4.699173763489439271e-03,-1.643864018629795858e-07
8.705370537053704894e+00,4.699045625335491506e-03,-2.247433728903845590e-07
8.706870687068706260e+00,4.698917679520654526e-03,-2.405199526348890163e-07
8.708370837083707627e+00,4.698789924684654458e-03,-2.120362821951932874e-07
8.709870987098708994e+00,4.698662345970242189e-03,-1.427993431656583435e-07
8.711371137113710361e+00,4.698534915023187299e-03,-3.950295763630664401e-08
8.712871287128711728e+00,4.698407589992281523e-03,8.797221180718019230e-08
8.714371437143713095e+00,4.698280315529338759e-03,2.265586620834607524e-07
8.715871587158714462e+00,4.698153022789194194e-03,3.600020496155288527e-07
8.717371737173717605e+00,4.698025629429705176e-03,4.688611903308277293e-07
8.718871887188718972e+00,4.697898039611749475e-03,5.305080596607526711e-07
8.720372037203720339e+00,4.697770143999227023e-03,5.191277925414600425e-07
8.721872187218721706e+00,4.697641889598234283e-03,4.221986749915951765e-07
8.723372337233723073e+00,4.697513452112639376e-03,2.811851621392836808e-07
8.724872487248724440e+00,4.697384928911244560e-03,1.190869483924134068e-07
8.726372637263725807e+00,4.697256396847081586e-03,-4.593993897827401866e-08
8.727872787278727174e+00,4.697127920664016104e-03,-1.986000801827120648e-07
8.729372937293728540e+00,4.696999552996747665e-03,-3.264586629115086088e-07
8.730873087308729907e+00,4.696871334370807984e-03,-4.199414823359465179e-07
8.732373237323731274e+00,4.696743293202560940e-03,-4.723349411079828554e-07
8.733873387338732641e+00,4.696615445799204314e-03,-4.797860493602489868e-07
8.735373537353734008e+00,4.696487796358768917e-03,-4.413024247060519558e-07
8.736873687368737151e+00,4.696360336970117726e-03,-3.587522922392514529e-07
8.738373837383738518e+00,4.696233047612947617e-03,-2.368644845347041904e-07
8.739873987398739885e+00,4.696105896157788499e-03,-8.322844164767076713e-08
8.741374137413741252e+00,4.695978838366000711e-03,9.170578888583837141e-08
8.742874287428742619e+00,4.695851817889781094e-03,2.746275520491421305e-07
8.744374437443743986e+00,4.695724766272157784e-03,4.493655853448808253e-07
8.745874587458745353e+00,4.695597602946991952e-03,5.968880187950256571e-07
8.747374737473746720e+00,4.695470235238977802e-03,6.953023749408633079e-07
8.748874887488748087e+00,4.695342558363640832e-03,7.198555688430165870e-07
8.750375037503749454e+00,4.695214456468798161e-03,6.431790318527256423e-07
8.751875187518750820e+00,4.695085923074614025e-03,4.637005429431223339e-07
8.753375337533752187e+00,4.694957115303161586e-03,2.185305440195119864e-07
8.754875487548753554e+00,4.694828177353090395e-03,-5.824663244876270805e-08
8.756375637563754921e+00,4.694699234221082727e-03,-3.370853277416907937e-07
8.757875787578758064e+00,4.694570391701850115e-03,-5.929785568888736315e-07
8.759375937593759431e+00,4.694441736388135084e-03,-8.054580086683406411e-07
8.760876087608760798e+00,4.694313335670709415e-03,-9.585940456084016557e-07
8.762376237623762165e+00,4.694185237738378487e-03,-1.040995703986376902e-06
8.763876387638763532e+00,4.694057471577974330e-03,-1.045810693828921204e-06
8.765376537653764899e+00,4.693930046974362572e-03,-9.707253989120152964e-07
8.766876687668766266e+00,4.693802954510437227e-03,-8.179648767609787469e-07
8.768376837683767633e+00,4.693676165567124171e-03,-5.942928586504578829e-07
8.769876987698769000e+00,4.693549632323378538e-03,-3.110117496044285452e-07
8.771377137713770367e+00,4.693423287756188188e-03,1.603737160379374735e-08
8.772877287728771734e+00,4.693297045640569369e-03,3.664747524515681449e-07
8.774377437743773100e+00,4.693170800549570192e-03,7.153819666669220605e-07
8.775877587758774467e+00,4.693044427854268022e-03,1.033301914228551594e-06
8.777377737773777611e+00,4.692917783723770352e-03,1.286238821366058384e-06
8.778877887788778978e+00,4.692790705125218266e-03,1.435658240558839940e-06
8.780378037803780344e+00,4.692663009823781241e-03,1.438487050537931677e-06
8.781878187818781711e+00,4.692534527342770087e-03,1.254428637470390452e-06
8.783378337833783078e+00,4.692405649889461010e-03,9.761495710420896973e-07
8.784878487848784445e+00,4.692276671681487772e-03,6.731953940231939728e-07
8.786378637863785812e+00,4.692147720011615245e-03,3.756709085261474191e-07
8.787878787878787179e+00,4.692018899333466261e-03,1.082797641430307825e-07
8.789378937893788546e+00,4.691890291261526826e-03,-1.096755420544385843e-07
8.790879087908789913e+00,4.691761954571144373e-03,-2.642936655149068286e-07
8.792379237923791280e+00,4.691633925198527774e-03,-3.470744142073820091e-07
8.793879387938792647e+00,4.691506216240746464e-03,-3.549187486212381195e-07
8.795379537953794014e+00,4.691378817955732181e-03,-2.901287817662100062e-07
8.796879687968797157e+00,4.691251697762277226e-03,-1.604077791722093505e-07
8.798379837983798524e+00,4.691124800240036204e-03,2.113984110997801173e-08
8.799879987998799891e+00,4.690998047129523417e-03,2.360085085096397078e-07
8.801380138013801258e+00,4.690871337332117204e-03,4.602914999355751399e-07
8.802880288028802624e+00,4.690744546910055601e-03,6.646809397762304806e-07
8.804380438043803991e+00,4.690617529086437212e-03,8.144677998996840619e-07
8.805880588058805358e+00,4.690490114245224676e-03,8.695418996536481746e-07
8.807380738073806725e+00,4.690362116927242198e-03,7.860458909745087533e-07
8.808880888088808092e+00,4.690233774868652131e-03,6.201793225903696435e-07
8.810381038103809459e+00,4.690105360202866634e-03,4.362934683525702958e-07
8.811881188118810826e+00,4.689976952692785118e-03,2.532611128465735806e-07
8.813381338133812193e+00,4.689848618149648589e-03,8.665411850306743317e-08
8.814881488148813560e+00,4.689720408433042248e-03,-5.125657440203419295e-08
8.816381638163814927e+00,4.689592361450895495e-03,-1.515009477475915911e-07
8.817881788178818070e+00,4.689464501159477591e-03,-2.084099055672802235e-07
8.819381938193819437e+00,4.689336837563405462e-03,-2.196152740493747279e-07
8.820882088208820804e+00,4.689209366715635027e-03,-1.860498015371555995e-07
8.822382238223822171e+00,4.689082070717468138e-03,-1.119471585285854122e-07
8.823882388238823538e+00,4.688954917718548242e-03,-4.841937676399874989e-09
8.825382538253824904e+00,4.688827861916862114e-03,1.244303462118888860e-07
8.826882688268826271e+00,4.688700843558739860e-03,2.617332561739984683e-07
8.828382838283827638e+00,4.688573788938855784e-03,3.896294330928669819e-07
8.829882988298829005e+00,4.688446610400226651e-03,4.873805956966613075e-07
8.831383138313830372e+00,4.688319206334209954e-03,5.309475405587740263e-07
8.832883288328831739e+00,4.688191461190563576e-03,4.929925190261556908e-07
8.834383438343833106e+00,4.688063407418275458e-03,3.811750031228889243e-07
8.835883588358834473e+00,4.687935217448043791e-03,2.362813205250136981e-07
8.837383738373837616e+00,4.687806972947315687e-03,7.764407769151226359e-08
8.838883888388838983e+00,4.687678743814245250e-03,-7.819009135524540624e-08
8.840384038403840350e+00,4.687550588177700518e-03,-2.174605250306580283e-07
8.841884188418841717e+00,4.687422552397258260e-03,-3.291925341871332739e-07
8.843384338433843084e+00,4.687294671063207442e-03,-4.051974021142704101e-07
8.844884488448844451e+00,4.687166966996547494e-03,-4.400723845388608823e-07
8.846384638463845818e+00,4.687039451248989179e-03,-4.312007096248881022e-07
8.847884788478847184e+00,4.686912123102954589e-03,-3.787515779735274479e-07
8.849384938493848551e+00,4.686784970071575414e-03,-2.856801626231453110e-07
8.850885088508849918e+00,4.686657967898695543e-03,-1.577276090493017437e-07
8.852385238523851285e+00,4.686531080558868460e-03,-3.421035164746752737e-09
8.853885388538852652e+00,4.686404260257361586e-03,1.659264686805765768e-07
8.855385538553854019e+00,4.686277447430149332e-03,3.362158396995323465e-07
8.856885688568857162e+00,4.686150570743920045e-03,4.905620426679618864e-07
8.858385838583858529e+00,4.686023547096072536e-03,6.092940699239602828e-07
8.859885988598859896e+00,4.685896281614714345e-03,6.699549413690046794e-07
8.861386138613861263e+00,4.685768667658667813e-03,6.473017044671925297e-07
8.862886288628862630e+00,4.685640617802584729e-03,5.206243093304876123e-07
8.864386438643863997e+00,4.685512234111042368e-03,3.140452947833842563e-07
8.865886588658865364e+00,4.685383663689740748e-03,6.240287639990445731e-08
8.867386738673866731e+00,4.685255033782158643e-03,-2.041651149130692955e-07
8.868886888688868098e+00,4.685126453437931694e-03,-4.598299800229849164e-07
8.870387038703869464e+00,4.684998013512851542e-03,-6.830721515716198226e-07
8.871887188718870831e+00,4.684869786668870162e-03,-8.566811939750831054e-07
8.873387338733872198e+00,4.684741827374092060e-03,-9.677558034238114003e-07
8.874887488748873565e+00,4.684614171902782079e-03,-1.007703807882571958e-06
8.876387638763874932e+00,4.684486838335360191e-03,-9.722421670904656088e-07
8.877887788778878075e+00,4.684359826558405840e-03,-8.613969725607434857e-07
8.879387938793879442e+00,4.684233118264651864e-03,-6.795034475814337230e-07
8.880888088808880809e+00,4.684106676952991440e-03,-4.352059472145450339e-07
8.882388238823882176e+00,4.683980447928473741e-03,-1.414579582964985909e-07
8.883888388838883543e+00,4.683854358302303941e-03,1.844779005619576301e-07
8.885388538853884910e+00,4.683728316991844949e-03,5.210298789757264035e-07
8.886888688868886277e+00,4.683602214720617406e-03,8.423170947854097466e-07
8.888388838883887644e+00,4.683475924018297952e-03,1.118149534057252910e-06
8.889888988898889011e+00,4.683349299220720095e-03,1.314028051083182704e-06
8.891389138913890378e+00,4.683222176469875944e-03,1.391144368380803902e-06
8.892889288928891744e+00,4.683094373713912739e-03,1.306381076693367897e-06
8.894389438943893111e+00,4.682965920090045690e-03,1.066621677709547271e-06
8.895889588958894478e+00,4.682837278549852912e-03,7.814871806330380467e-07
8.897389738973897622e+00,4.682708598241114469e-03,4.863195866535980549e-07
8.898889888988898988e+00,4.682579993571979113e-03,2.082315858994540013e-07
8.900390039003900355e+00,4.682451556611092088e-03,-3.095786808621382177e-08
8.901890189018901722e+00,4.682323357087593389e-03,-2.147235583438417445e-07
8.903390339033903089e+00,4.682195442391117769e-03,-3.318340044978343437e-07
8.904890489048904456e+00,4.682067837571796468e-03,-3.763514627565617962e-07
8.906390639063905823e+00,4.681940545340252877e-03,-3.476319259123628431e-07
8.907890789078907190e+00,4.681813546067609480e-03,-2.503251233415416137e-07
8.909390939093908557e+00,4.681686797785480046e-03,-9.437452100437080171e-08
8.910891089108909924e+00,4.681560236185975700e-03,1.049826785549115110e-07
8.912391239123911291e+00,4.681433774621702321e-03,3.272155362080983606e-07
8.913891389138912658e+00,4.681307304105760542e-03,5.464993762430216303e-07
8.915391539153914024e+00,4.681180693311746618e-03,7.317157863635314038e-07
8.916891689168917168e+00,4.681053788573751560e-03,8.464526176896102094e-07
8.918391839183918535e+00,4.680926413886360264e-03,8.490039847568570703e-07
8.919891989198919902e+00,4.680798471454275696e-03,7.161908237137832070e-07
8.921392139213921268e+00,4.680670346329600905e-03,5.392336826482655034e-07
8.922892289228922635e+00,4.680542178679151545e-03,3.513545063717210640e-07
8.924392439243924002e+00,4.680414044650559220e-03,1.706073884195825531e-07
8.925892589258925369e+00,4.680286006169617416e-03,1.167472575147062265e-08
8.927392739273926736e+00,4.680158110940280634e-03,-1.141327812488056646e-07
8.928892889288928103e+00,4.680030392444667862e-03,-1.988761287732503702e-07
8.930393039303929470e+00,4.679902869943059103e-03,-2.379880095896790389e-07
8.931893189318930837e+00,4.679775548473893640e-03,-2.302728130417190163e-07
8.933393339333932204e+00,4.679648418853777844e-03,-1.779066250488107194e-07
8.934893489348933571e+00,4.679521457677474766e-03,-8.643722810620573058e-08
8.936393639363934938e+00,4.679394627317913676e-03,3.521589871503066082e-08
8.937893789378938081e+00,4.679267875926183991e-03,1.747615797681936301e-07
8.939393939393939448e+00,4.679141137431536146e-03,3.165369428302470030e-07
8.940894089408940815e+00,4.679014331541385061e-03,4.415074191028411243e-07
8.942394239423942182e+00,4.678887363741305802e-03,5.272667432116637661e-07
8.943894389438943548e+00,4.678760125295035321e-03,5.480369532065809472e-07
8.945394539453944915e+00,4.678632508148435933e-03,4.781995401995494806e-07
8.946894689468946282e+00,4.678504642697129019e-03,3.486432704594135518e-07
8.948394839483947649e+00,4.678376664587752601e-03,1.915287568511025260e-07
8.949894989498949016e+00,4.678248654779567674e-03,2.606001953557244665e-08
8.951395139513950383e+00,4.678120681965708752e-03,-1.314684156180660910e-07
8.952895289528951750e+00,4.677992802573185602e-03,-2.676715170325474639e-07
8.954395439543953117e+00,4.677865060762884976e-03,-3.720737474224512858e-07
8.955895589558954484e+00,4.677737488429568879e-03,-4.371090637942018780e-07
8.957395739573957627e+00,4.677610105201871968e-03,-4.581209174460677397e-07
8.958895889588958994e+00,4.677482918442306750e-03,-4.333622539681130555e-07
8.960396039603960361e+00,4.677355923247261855e-03,-3.639955132423534434e-07
8.961896189618961728e+00,4.677229102446997695e-03,-2.540926294425977719e-07
8.963396339633963095e+00,4.677102426605654270e-03,-1.106350310345005695e-07
8.964896489648964462e+00,4.676975854021244230e-03,5.648635922444152187e-08
8.966396639663965829e+00,4.676849330725656347e-03,2.344711242848819646e-07
8.967896789678967195e+00,4.676722790484654640e-03,4.076093528056330608e-07
8.969396939693968562e+00,4.676596154797877519e-03,5.572816391536572171e-07
8.970897089708969929e+00,4.676469332898842111e-03,6.619590834040803383e-07
8.972397239723971296e+00,4.676342221754936461e-03,6.972032913401728220e-07
8.973897389738972663e+00,4.676214706158369344e-03,6.356878715038076295e-07
8.975397539753974030e+00,4.676086761237267971e-03,4.714787278254854599e-07
8.976897689768977173e+00,4.675958540172931582e-03,2.408952562573313520e-07
8.978397839783978540e+00,4.675830183500873961e-03,-2.270886410607253777e-08
8.979897989798979907e+00,4.675701813138564283e-03,-2.903985193419922333e-07
8.981398139813981274e+00,4.675573532385428853e-03,-5.376571606984771123e-07
8.982898289828982641e+00,4.675445425922851103e-03,-7.443868045946027402e-07
8.984398439843984008e+00,4.675317559814169861e-03,-8.949080326204681699e-07
8.985898589858985375e+00,4.675189981504681083e-03,-9.779599915371995422e-07
8.987398739873986742e+00,4.675062719821636986e-03,-9.867003932769457442e-07
8.988898889888988109e+00,4.674935784974246916e-03,-9.187055149428822213e-07
8.990399039903989475e+00,4.674809168553675613e-03,-7.759701988092084359e-07
8.991899189918990842e+00,4.674682843533044078e-03,-5.649078523211518911e-07
8.993399339933992209e+00,4.674556764267432177e-03,-2.963504480949610364e-07
8.994899489948993576e+00,4.674430866493874299e-03,1.445147608208679112e-08
8.996399639963994943e+00,4.674305067331361099e-03,3.478288172516930430e-07
8.997899789978998086e+00,4.674179265280840358e-03,6.796939072849132480e-07
8.999399939993999453e+00,4.674053340225216117e-03,9.815405128805784606e-07
9.000900090009000820e+00,4.673927153429349550e-03,1.220443835567711845e-06
9.002400240024002187e+00,4.673800547540058088e-03,1.359060511703899039e-06
9.003900390039003554e+00,4.673673346586114559e-03,1.355628612475718073e-06
9.005400540054004921e+00,4.673545395536065142e-03,1.173352163544188671e-06
9.006900690069006288e+00,4.673417080539074564e-03,9.038372938409586618e-07
9.008400840084007655e+00,4.673288665458795975e-03,6.097109726663976163e-07
9.009900990099009022e+00,4.673160275609633194e-03,3.207306207407333429e-07
9.011401140114010389e+00,4.673032013858272743e-03,6.132347556609083458e-08
9.012901290129011755e+00,4.672903960623686452e-03,-1.494134085735085785e-07
9.014401440144013122e+00,4.672776173877128854e-03,-2.977131606121462758e-07
9.015901590159014489e+00,4.672648689142141522e-03,-3.751390927020079344e-07
9.017401740174017633e+00,4.672521519494545264e-03,-3.785847002133416014e-07
9.018901890189018999e+00,4.672394655562450531e-03,-3.102736617345360438e-07
9.020402040204020366e+00,4.672268065526247877e-03,-1.777598390721412898e-07
9.021902190219021733e+00,4.672141695118614026e-03,6.072722749239580455e-09
9.023402340234023100e+00,4.672015467624507541e-03,2.230097954868998240e-07
9.024902490249024467e+00,4.671889283881174026e-03,4.495069676800273412e-07
9.026402640264025834e+00,4.671763022278141789e-03,6.566896446497094407e-07
9.027902790279027201e+00,4.671636538757222706e-03,8.103530484989282858e-07
9.029402940294028568e+00,4.671509666812513097e-03,8.709622181125630130e-07
9.030903090309029935e+00,4.671382220388728933e-03,7.943400016016605336e-07
9.032403240324031302e+00,4.671254397720992109e-03,6.275356808414257669e-07
9.033903390339032669e+00,4.671126489384045712e-03,4.395390915003188719e-07
9.035403540354034035e+00,4.670998579974132946e-03,2.504480677532644398e-07
9.036903690369037179e+00,4.670870739570846981e-03,7.691186155304834465e-08
9.038403840384038546e+00,4.670743023737129219e-03,-6.786885736887948144e-08
9.039903990399039913e+00,4.670615473519269291e-03,-1.741420015036607745e-07
9.041404140414041279e+00,4.670488115446905925e-03,-2.356040655641687769e-07
9.042904290429042646e+00,4.670360961533027815e-03,-2.494001264852244421e-07
9.044404440444044013e+00,4.670234009273970151e-03,-2.161238434235972823e-07
9.045904590459045380e+00,4.670107241649418088e-03,-1.398174577580060033e-07
9.047404740474046747e+00,4.669980627122406747e-03,-2.797179308911585740e-08
9.048904890489048114e+00,4.669854119639317742e-03,1.084737447604580739e-07
9.050405040504049481e+00,4.669727658629883524e-03,2.551311677461529978e-07
9.051905190519050848e+00,4.669601169007183035e-03,3.941639056014570337e-07
9.053405340534052215e+00,4.669474561167646920e-03,5.042868058379081543e-07
9.054905490549053582e+00,4.669347730991052318e-03,5.607661337451024445e-07
9.056405640564054949e+00,4.669220559840525468e-03,5.354195723906795956e-07
9.057905790579058092e+00,4.669093032448510920e-03,4.246067111595870115e-07
9.059405940594059459e+00,4.668965345134580384e-03,2.749479896860330750e-07
9.060906090609060826e+00,4.668837588872556954e-03,1.080659359820285176e-07
9.062406240624062193e+00,4.668709839572617211e-03,-5.799648262973211076e-08
9.063906390639063559e+00,4.668582160581874300e-03,-2.081822768259947131e-07
9.065406540654064926e+00,4.668454602684379666e-03,-3.304204352829448509e-07
9.066906690669066293e+00,4.668327204101119579e-03,-4.156259246762086441e-07
9.068406840684067660e+00,4.668199990490017742e-03,-4.576996896808518716e-07
9.069906990699069027e+00,4.668072974945937023e-03,-4.535286529713806057e-07
9.071407140714070394e+00,4.667946158000672516e-03,-4.029857152217419541e-07
9.072907290729071761e+00,4.667819527622960214e-03,-3.089297551053205652e-07
9.074407440744073128e+00,4.667693059218470074e-03,-1.772056292949442403e-07
9.075907590759074495e+00,4.667566715629811215e-03,-1.664417246287863922e-08
9.077407740774077638e+00,4.667440447136526720e-03,1.609378027193825721e-07
9.078907890789079005e+00,4.667314191455098835e-03,3.407375055802581946e-07
9.080408040804080372e+00,4.667187873738945503e-03,5.049661674493586221e-07
9.081908190819081739e+00,4.667061406578421230e-03,6.328490416566558546e-07
9.083408340834083106e+00,4.666934690000818821e-03,7.006254035326748220e-07
9.084908490849084473e+00,4.666807611470365907e-03,6.815485504085120188e-07
9.086408640864085839e+00,4.666680079344737685e-03,5.538237715451896196e-07
9.087908790879087206e+00,4.666552209449936588e-03,3.449414331460716529e-07
9.089408940894088573e+00,4.666424153388827427e-03,9.094954943154286086e-08
9.090909090909089940e+00,4.666296040246828772e-03,-1.774534920663744072e-07
9.092409240924091307e+00,4.666167980377171516e-03,-4.340239719280789886e-07
9.093909390939092674e+00,4.666040065400898877e-03,-6.569728388463908539e-07
9.095409540954094041e+00,4.665912368206867264e-03,-8.289657096265513724e-07
9.096909690969097184e+00,4.665784942951744542e-03,-9.371228691863090735e-07
9.098409840984098551e+00,4.665657825060013503e-03,-9.730192705554857546e-07
9.099909990999099918e+00,4.665531031223966660e-03,-9.326845348767608330e-07
9.101410141014101285e+00,4.665404559403711453e-03,-8.166029514050629652e-07
9.102910291029102652e+00,4.665278388827165910e-03,-6.297134775077445352e-07
9.104410441044104019e+00,4.665152479990062988e-03,-3.814097386645827134e-07
9.105910591059105386e+00,4.665026774655946229e-03,-8.554002846776537486e-08
9.107410741074106753e+00,4.664901195856173237e-03,2.395926913780851841e-07
9.108910891089108119e+00,4.664775647889913938e-03,5.712307910559354331e-07
9.110411041104109486e+00,4.664650016324149717e-03,8.821619726363312907e-07
9.111911191119110853e+00,4.664524167993675148e-03,1.140719270077387430e-06
9.113411341134112220e+00,4.664397951001098865e-03,1.310781049224804221e-06
9.114911491149113587e+00,4.664271194716840090e-03,1.351771007811863809e-06
9.116411641164114954e+00,4.664143711401498409e-03,1.219043823652730723e-06
9.117911791179118097e+00,4.664015719945529929e-03,9.646224321420128017e-07
9.119411941194119464e+00,4.663887588068757993e-03,6.759437817756169068e-07
9.120912091209120831e+00,4.663759447469691469e-03,3.843445333064081781e-07
9.122412241224122198e+00,4.663631407407203139e-03,1.158222867670215483e-07
9.123912391239123565e+00,4.663503554700530566e-03,-1.089644185304018967e-07
9.125412541254124932e+00,4.663375953729277830e-03,-2.746961039942176703e-07
9.126912691269126299e+00,4.663248646433414656e-03,-3.713923517532768264e-07
9.128412841284127666e+00,4.663121652313274683e-03,-3.944118046569259598e-07
9.129912991299129033e+00,4.662994968429558067e-03,-3.444521662750063586e-07
9.131413141314130399e+00,4.662868569403331477e-03,-2.275502008978554869e-07
9.132913291329131766e+00,4.662742407416024630e-03,-5.508173353630698459e-08
9.134413441344133133e+00,4.662616412209434624e-03,1.562383500783106030e-07
9.135913591359134500e+00,4.662490491085722472e-03,3.843561034941725546e-07
9.137413741374137643e+00,4.662364528907414832e-03,6.018785195391999071e-07
9.138913891389139010e+00,4.662238388097405747e-03,7.760735303200238513e-07
9.140414041404140377e+00,4.662111908638951439e-03,8.688700072236016597e-07
9.141914191419141744e+00,4.661984908075676379e-03,8.368577609161138489e-07
9.143414341434143111e+00,4.661857394161058980e-03,6.818699626220675328e-07
9.144914491449144478e+00,4.661729752676825253e-03,4.956762409219832612e-07
9.146414641464145845e+00,4.661602084744004282e-03,3.023467555277615981e-07
9.147914791479147212e+00,4.661474466344392442e-03,1.199694816939862217e-07
9.149414941494148579e+00,4.661346958667387033e-03,-3.688881685254003905e-08
9.150915091509149946e+00,4.661219608109992349e-03,-1.571825879127959461e-07
9.152415241524151313e+00,4.661092446276811005e-03,-2.333874908155414283e-07
9.153915391539152679e+00,4.660965489980051744e-03,-2.615003964173180052e-07
9.155415541554154046e+00,4.660838741239525101e-03,-2.410393871024483632e-07
9.156915691569157190e+00,4.660712187282645136e-03,-1.750437567829328064e-07
9.158415841584158557e+00,4.660585800544426831e-03,-7.007401089882269155e-08
9.159915991599159923e+00,4.660459538667491297e-03,6.378813358226354507e-08
9.161416141614161290e+00,4.660333344502059702e-03,2.129397481648733605e-07
9.162916291629162657e+00,4.660207146105958473e-03,3.602566928257741563e-07
9.164416441644164024e+00,4.660080856744614093e-03,4.850936160139519554e-07
9.165916591659165391e+00,4.659954374891059174e-03,5.632839546506106607e-07
9.167416741674166758e+00,4.659827584225928118e-03,5.671399341291677139e-07
9.168916891689168125e+00,4.659700397576103242e-03,4.759057605141878066e-07
9.170417041704169492e+00,4.659572996286211362e-03,3.327235103649774490e-07
9.171917191719170859e+00,4.659445498162623038e-03,1.656430945976891519e-07
9.173417341734172226e+00,4.659317984799360608e-03,-5.902274441430171764e-09
9.174917491749173593e+00,4.659190524901613180e-03,-1.655489988509211610e-07
9.176417641764174959e+00,4.659063174285734028e-03,-3.000030951741108949e-07
9.177917791779178103e+00,4.658935975879242332e-03,-3.990401943992069663e-07
9.179417941794179470e+00,4.658808959720820569e-03,-4.555055419588713711e-07
9.180918091809180837e+00,4.658682142960317123e-03,-4.653139977309359340e-07
9.182418241824182203e+00,4.658555529858743674e-03,-4.274500360378805353e-07
9.183918391839183570e+00,4.658429111788277809e-03,-3.439677456469701193e-07
9.185418541854184937e+00,4.658302867232262147e-03,-2.199908297702604115e-07
9.186918691869186304e+00,4.658176761785202610e-03,-6.371260606459071871e-08
9.188418841884187671e+00,4.658050748152771890e-03,1.136039933684118887e-07
9.189918991899189038e+00,4.657924766151805111e-03,2.976264219823314650e-07
9.191419141914190405e+00,4.657798742710304168e-03,4.709525187859672654e-07
9.192919291929191772e+00,4.657672591867435992e-03,6.131105083433300933e-07
9.194419441944193139e+00,4.657546214773529078e-03,7.005590007736436238e-07
9.195919591959194506e+00,4.657419499690080428e-03,7.066869917513466800e-07
9.197419741974197649e+00,4.657292333359584237e-03,6.045164612829591807e-07
9.198919891989199016e+00,4.657164786829055131e-03,4.109247091327778790e-07
9.200420042004200383e+00,4.657037021506653385e-03,1.643591887060277331e-07
9.201920192019201750e+00,4.656909171360730168e-03,-1.032560343820154583e-07
9.203420342034203117e+00,4.656781351450579171e-03,-3.645027224445795251e-07
9.204920492049204483e+00,4.656653657926432266e-03,-5.964684657233931201e-07
9.206420642064205850e+00,4.656526168029466450e-03,-7.807466823886888422e-07
9.207920792079207217e+00,4.656398940091799506e-03,-9.034366185392006958e-07
9.209420942094208584e+00,4.656272013536488265e-03,-9.551433482021652547e-07
9.210921092109209951e+00,4.656145408877532949e-03,-9.309777733333211337e-07
9.212421242124211318e+00,4.656019127719876298e-03,-8.305566238169100463e-07
9.213921392139212685e+00,4.655893152759400105e-03,-6.580024574656751115e-07
9.215421542154214052e+00,4.655767447782928684e-03,-4.219436600208613830e-07
9.216921692169215419e+00,4.655641957668227998e-03,-1.355144451522195544e-07
9.218421842184218562e+00,4.655516608384005668e-03,1.836451455423901868e-07
9.219921992199219929e+00,4.655391306989910098e-03,5.133892425354349071e-07
9.221422142214221296e+00,4.655265941636531346e-03,8.270661483720159275e-07
9.222922292229222663e+00,4.655140381565401123e-03,1.093518337668369681e-06
9.224422442244224030e+00,4.655014477108992792e-03,1.277082457112232094e-06
9.225922592259225397e+00,4.654888059690720503e-03,1.337589325462834726e-06
9.227422742274226763e+00,4.654760941824940927e-03,1.230363933550907516e-06
9.228922892289228130e+00,4.654633246571286860e-03,9.847051327886845048e-07
9.230423042304229497e+00,4.654505390324047143e-03,6.998169556621063266e-07
9.231923192319230864e+00,4.654377508684228761e-03,4.080296339766144566e-07
9.233423342334232231e+00,4.654249714029191735e-03,1.361367976216423784e-07
9.234923492349233598e+00,4.654122096268301610e-03,-9.442454123338349361e-08
9.236423642364234965e+00,4.653994722842930316e-03,-2.675739881390434962e-07
9.237923792379238108e+00,4.653867638726456174e-03,-3.725877663660083619e-07
9.239423942394239475e+00,4.653740866424263892e-03,-4.040987169046225847e-07
9.240924092409240842e+00,4.653614405973744567e-03,-3.620962984656625147e-07
9.242424242424242209e+00,4.653488234944294817e-03,-2.519265874797463991e-07
9.243924392439243576e+00,4.653362308437319385e-03,-8.429227809749616629e-08
9.245424542454244943e+00,4.653236559086227665e-03,1.247473178104530457e-07
9.246924692469246310e+00,4.653110897056436310e-03,3.537762706534666531e-07
9.248424842484247677e+00,4.652985210045366624e-03,5.760220331208894507e-07
9.249924992499249043e+00,4.652859363282448035e-03,7.593554401820752581e-07
9.251425142514250410e+00,4.652733199529116362e-03,8.662907090863591792e-07
9.252925292529251777e+00,4.652606539078812074e-03,8.539854393630700960e-07
9.254425442544253144e+00,4.652479322232044162e-03,7.081988640671166248e-07
9.255925592559254511e+00,4.652351941693237160e-03,5.225325086567409075e-07
9.257425742574257654e+00,4.652224521160795885e-03,3.264866642018807500e-07
9.258925892589259021e+00,4.652097140216257011e-03,1.390445166580373212e-07
9.260426042604260388e+00,4.651969863380820552e-03,-2.440299159291118210e-08
9.261926192619261755e+00,4.651842740115348131e-03,-1.520571617417644582e-07
9.263426342634263122e+00,4.651715804820362975e-03,-2.357115385522303876e-07
9.264926492649264489e+00,4.651589076836050787e-03,-2.707519103609231269e-07
9.266426642664265856e+00,4.651462560442258878e-03,-2.561563090773667091e-07
9.267926792679267223e+00,4.651336244858497899e-03,-1.944950101839921846e-07
9.269426942694268590e+00,4.651210104243938374e-03,-9.193053273613836229e-08
9.270927092709269957e+00,4.651084097697414169e-03,4.178236063794829595e-08
9.272427242724271323e+00,4.650958169257419887e-03,1.932966637371128287e-07
9.273927392739272690e+00,4.650832247902114344e-03,3.456731267872935745e-07
9.275427542754274057e+00,4.650706247549316226e-03,4.783802564415196312e-07
9.276927692769275424e+00,4.650580067056506693e-03,5.672943157799137144e-07
9.278427842784278567e+00,4.650453590220829381e-03,5.846993243096559466e-07
9.279927992799279934e+00,4.650326707938552163e-03,5.045693987459345468e-07
9.281428142814281301e+00,4.650199575877651814e-03,3.640082235547153137e-07
9.282928292829282668e+00,4.650072332195036989e-03,1.959729630986081102e-07
9.284428442844284035e+00,4.649945062048981351e-03,2.078671427538180071e-08
9.285928592859285402e+00,4.649817837403232360e-03,-1.443761974116309025e-07
9.287428742874286769e+00,4.649690717027008674e-03,-2.854902178535323804e-07
9.288928892889288136e+00,4.649563746495002751e-03,-3.916785643358603720e-07
9.290429042904289503e+00,4.649436958187380849e-03,-4.552132255385881331e-07
9.291929192919290870e+00,4.649310371289780419e-03,-4.715149615361250716e-07
9.293429342934292237e+00,4.649183991793312716e-03,-4.391533037973143126e-07
9.294929492949293603e+00,4.649057812494561057e-03,-3.598465551854374621e-07
9.296429642964294970e+00,4.648931812995582558e-03,-2.384617899582068789e-07
9.297929792979298114e+00,4.648805959703905533e-03,-8.301485376757509134e-08
9.299429942994299481e+00,4.648680205832533829e-03,9.532963633949085530e-08
9.300930093009300847e+00,4.648554491399939891e-03,2.822582919221321941e-07
9.302430243024302214e+00,4.648428743230074295e-03,4.603089531448881993e-07
9.303930393039303581e+00,4.648302874952355349e-03,6.088706887778646401e-07
9.305430543054304948e+00,4.648176787001677759e-03,7.041837961967253629e-07
9.306930693069306315e+00,4.648050366618407432e-03,7.193398013827069563e-07
9.308430843084307682e+00,4.647923494776593813e-03,6.259316703329934440e-07
9.309930993099309049e+00,4.647796227775391475e-03,4.373522711401142459e-07
9.311431143114310416e+00,4.647668732067854018e-03,1.933263883399497629e-07
9.312931293129311783e+00,4.647541143392549395e-03,-7.373476966494325768e-08
9.314431443144313150e+00,4.647413578419473321e-03,-3.359730068514493329e-07
9.315931593159314517e+00,4.647286134750050132e-03,-5.700831395758947211e-07
9.317431743174317660e+00,4.647158890917131059e-03,-7.573129965742333458e-07
9.318931893189319027e+00,4.647031906384995956e-03,-8.834634189612212029e-07
9.320432043204320394e+00,4.646905221549351567e-03,-9.388882602317655782e-07
9.321932193219321761e+00,4.646778857737332395e-03,-9.184943862599651480e-07
9.323432343234323127e+00,4.646652817207502437e-03,-8.217416752993571000e-07
9.324932493249324494e+00,4.646527083149849975e-03,-6.526430179829224282e-07
9.326432643264325861e+00,4.646401619685795389e-03,-4.197643173230842380e-07
9.327932793279327228e+00,4.646276371868183347e-03,-1.362244887117019236e-07
9.329432943294328595e+00,4.646151265681288008e-03,1.803045400799168682e-07
9.330933093309329962e+00,4.646026208040810422e-03,5.075978289010276728e-07
9.332433243324331329e+00,4.645901086793881134e-03,8.188774252214394670e-07
9.333933393339332696e+00,4.645775770719056709e-03,1.082812364131526633e-06
9.335433543354334063e+00,4.645650109526321472e-03,1.263518668342215088e-06
9.336933693369335430e+00,4.645523933857088374e-03,1.320559348184997109e-06
9.338433843384338573e+00,4.645397055284198121e-03,1.208944401611667480e-06
9.339933993399339940e+00,4.645269618180410988e-03,9.631190972949989879e-07
9.341434143414341307e+00,4.645142023519543625e-03,6.788080580408963104e-07
9.342934293429342674e+00,4.645014405884116508e-03,3.881635745097299726e-07
9.344434443444344041e+00,4.644886877267527699e-03,1.179415958180455457e-07
9.345934593459345407e+00,4.644759527164503063e-03,-1.104766841911365405e-07
9.347434743474346774e+00,4.644632422571095404e-03,-2.810848269483196212e-07
9.348934893489348141e+00,4.644505607984683593e-03,-3.832511491575330202e-07
9.350435043504349508e+00,4.644379105403972571e-03,-4.117187227963276026e-07
9.351935193519350875e+00,4.644252914328995084e-03,-3.666053751157817044e-07
9.353435343534352242e+00,4.644127011761108210e-03,-2.534036886404962619e-07
9.354935493549353609e+00,4.644001352202997701e-03,-8.298100116860031735e-08
9.356435643564354976e+00,4.643875867658674508e-03,1.284205942282610511e-07
9.357935793579358119e+00,4.643750467633476521e-03,3.591842492051827452e-07
9.359435943594359486e+00,4.643625039134069432e-03,5.823183601428911983e-07
9.360936093609360853e+00,4.643499446668443269e-03,7.654565681494218176e-07
9.362436243624362220e+00,4.643373532245914995e-03,8.708577590590201716e-07
9.363936393639363587e+00,4.643247115377130245e-03,8.554060634324047812e-07
9.365436543654364954e+00,4.643120144587012214e-03,7.067960155804416088e-07
9.366936693669366321e+00,4.642993012184053019e-03,5.187236529502860930e-07
9.368436843684367688e+00,4.642865839759037841e-03,3.202457572145879486e-07
9.369936993699369054e+00,4.642738708079654358e-03,1.306673248642964569e-07
9.371437143714370421e+00,4.642611682594203863e-03,-3.436805487159498808e-08
9.372937293729371788e+00,4.642484813431598661e-03,-1.628782000260484555e-07
9.374437443744373155e+00,4.642358135401367276e-03,-2.465423358939831721e-07
9.375937593759374522e+00,4.642231667993648378e-03,-2.807010950322736168e-07
9.377437743774377665e+00,4.642105415379195986e-03,-2.643565172597003919e-07
9.378937893789379032e+00,4.641979366409374266e-03,-2.001720496570959134e-07
9.380438043804380399e+00,4.641853494616165338e-03,-9.447254656721354437e-08
9.381938193819381766e+00,4.641727758212158862e-03,4.275573040524201817e-08
9.383438343834383133e+00,4.641602100090561588e-03,1.978651123936114605e-07
9.384938493849384500e+00,4.641476447825191275e-03,3.535465232692826525e-07
9.386438643864385867e+00,4.641350713670480167e-03,4.888294796416842946e-07
9.387938793879387234e+00,4.641224794561472390e-03,5.790820908582901532e-07
9.389438943894388601e+00,4.641098572113826551e-03,5.960110590046169431e-07
9.390939093909389968e+00,4.640971936373407443e-03,5.133345391795949722e-07
9.392439243924391334e+00,4.640845048851269597e-03,3.696272600606591216e-07
9.393939393939392701e+00,4.640718049348040684e-03,1.983060976936641956e-07
9.395439543954394068e+00,4.640591024452691074e-03,2.007727529721768715e-08
9.396939693969395435e+00,4.640464047261877965e-03,-1.475793146248770651e-07
9.398439843984398578e+00,4.640337177379948858e-03,-2.904101102837711183e-07
9.399939993999399945e+00,4.640210460918939815e-03,-3.973878806049236929e-07
9.401440144014401312e+00,4.640083930498574601e-03,-4.607117252291357114e-07
9.402940294029402679e+00,4.639957605246268144e-03,-4.758070745118257967e-07
9.404440444044404046e+00,4.639831490797123072e-03,-4.413256895232186316e-07
9.405940594059405413e+00,4.639705579293931445e-03,-3.591456620483415700e-07
9.407440744074406780e+00,4.639579849387174756e-03,-2.343714145870288728e-07
9.408940894089408147e+00,4.639454266235021329e-03,-7.533370035391842510e-08
9.410441044104409514e+00,4.639328781503332388e-03,1.064103967215498519e-07
9.411941194119410881e+00,4.639203333365654255e-03,2.960774619951262186e-07
9.413441344134412248e+00,4.639077846503223551e-03,4.756577501077587934e-07
9.414941494149413614e+00,4.638952232104968064e-03,6.239151849855955643e-07
9.416441644164414981e+00,4.638826387867501545e-03,7.163873598399680835e-07
9.417941794179418125e+00,4.638700197995127179e-03,7.253855371673672741e-07
9.419441944194419492e+00,4.638573545005144315e-03,6.228128465728664913e-07
9.420942094209420858e+00,4.638446509403001614e-03,4.278771538661866779e-07
9.422442244224422225e+00,4.638319257887235127e-03,1.804455978589669207e-07
9.423942394239423592e+00,4.638191924983061341e-03,-8.729559667955219960e-08
9.425442544254424959e+00,4.638064625987171723e-03,-3.477606599015566633e-07
9.426942694269426326e+00,4.637937456967728377e-03,-5.779642768806580592e-07
9.428442844284427693e+00,4.637810494764370121e-03,-7.595215876118948548e-07
9.429942994299429060e+00,4.637683796988205549e-03,-8.786481870117334552e-07
9.431443144314430427e+00,4.637557402021819965e-03,-9.261601249180624860e-07
9.432943294329431794e+00,4.637431329019269313e-03,-8.974739060902014748e-07
9.434443444344433161e+00,4.637305577906086253e-03,-7.926064902088940753e-07
9.435943594359434528e+00,4.637180129379272348e-03,-6.161752918763103966e-07
9.437443744374437671e+00,4.637054944907306742e-03,-3.773981806157304245e-07
9.438943894389439038e+00,4.636929966730139220e-03,-9.009348087276290209e-08
9.440444044404440405e+00,4.636805117859195413e-03,2.273200279863862704e-07
9.441944194419441772e+00,4.636680302077371592e-03,5.518231116738379332e-07
9.443444344434443138e+00,4.636555403939039005e-03,8.557960809802862594e-07
9.444944494449444505e+00,4.636430288770042145e-03,1.107018791774991979e-06
9.446444644464445872e+00,4.636304802667698746e-03,1.268670645005793230e-06
9.447944794479447239e+00,4.636178772500799787e-03,1.299330586699115991e-06
9.449444944494448606e+00,4.636052014641137142e-03,1.155065255659645991e-06
9.450945094509449973e+00,4.635924801198129143e-03,9.009426373645097262e-07
9.452445244524451340e+00,4.635797455134387304e-03,6.142280756035871749e-07
9.453945394539452707e+00,4.635670107158426818e-03,3.262112719238957466e-07
9.455445544554454074e+00,4.635542865440997820e-03,6.278699301188259451e-08
9.456945694569455441e+00,4.635415815615087122e-03,-1.555449293065770783e-07
9.458445844584458584e+00,4.635289020775915612e-03,-3.136795980663260262e-07
9.459945994599459951e+00,4.635162521480940857e-03,-4.019070511622504051e-07
9.461446144614461318e+00,4.635036335749856233e-03,-4.159122613504196671e-07
9.462946294629462685e+00,4.634910459064589192e-03,-3.567751362472503273e-07
9.464446444644464052e+00,4.634784864369303863e-03,-2.309705183297276745e-07
9.465946594659465418e+00,4.634659502070400186e-03,-5.036818493541042989e-08
9.467446744674466785e+00,4.634534300036511310e-03,1.677671517375711586e-07
9.468946894689468152e+00,4.634409163598509664e-03,4.007758446305180693e-07
9.470447044704469519e+00,4.634283975549500015e-03,6.206033118241579541e-07
9.471947194719470886e+00,4.634158596144822943e-03,7.938000365386467262e-07
9.473447344734472253e+00,4.634032863102057441e-03,8.815215671335744900e-07
9.474947494749473620e+00,4.633906591601013973e-03,8.395285171079567525e-07
9.476447644764474987e+00,4.633779820324131736e-03,6.770661446176941733e-07
9.477947794779478130e+00,4.633652923028562694e-03,4.835839952282024081e-07
9.479447944794479497e+00,4.633525999652696875e-03,2.830160877483861097e-07
9.480948094809480864e+00,4.633399129647855670e-03,9.439104798614553543e-08
9.482448244824482231e+00,4.633272376894433109e-03,-6.699151978803868815e-08
9.483948394839483598e+00,4.633145789701892392e-03,-1.895610328413209238e-07
9.485448544854484965e+00,4.633019400808769360e-03,-2.654759299784925350e-07
9.486948694869486332e+00,4.632893227382669891e-03,-2.906236715419793451e-07
9.488448844884487698e+00,4.632767271020270770e-03,-2.646207394118428017e-07
9.489948994899489065e+00,4.632641517747321420e-03,-1.908126370057813534e-07
9.491449144914490432e+00,4.632515938018641304e-03,-7.627388927912695558e-08
9.492949294929491799e+00,4.632390486718119919e-03,6.819195727515048264e-08
9.494449444944493166e+00,4.632265103158721142e-03,2.280523346264462748e-07
9.495949594959494533e+00,4.632139711082476283e-03,3.850456532065233392e-07
9.497449744974497676e+00,4.632014218660490158e-03,5.171813019096322131e-07
9.498949894989499043e+00,4.631888518492937624e-03,5.987396480919254354e-07
9.500450045004500410e+00,4.631762487609065310e-03,6.002720375724275047e-07
9.501950195019501777e+00,4.631636039127687808e-03,5.009658528020404165e-07
9.503450345034503144e+00,4.631509371242723862e-03,3.482594158701848642e-07
9.504950495049504511e+00,4.631382606073903598e-03,1.714067287564453281e-07
9.506450645064505878e+00,4.631255829373744082e-03,-9.044707923247286221e-09
9.507950795079507245e+00,4.631129113114008933e-03,-1.758493307734801873e-07
9.509450945094508612e+00,4.631002515485712658e-03,-3.150635136193567925e-07
9.510951095109509978e+00,4.630876080899116315e-03,-4.160455675064983158e-07
9.512451245124511345e+00,4.630749839983727516e-03,-4.714557407010434502e-07
9.513951395139512712e+00,4.630623809588303892e-03,-4.772562186896470975e-07
9.515451545154514079e+00,4.630497992780850496e-03,-4.327111241794824856e-07
9.516951695169515446e+00,4.630372378848619797e-03,-3.403865170982383096e-07
9.518451845184518589e+00,4.630246943298112552e-03,-2.061503945939432907e-07
9.519951995199519956e+00,4.630121647855077807e-03,-3.917269103564793105e-08
9.521452145214521323e+00,4.629996440464512891e-03,1.480747219875355444e-07
9.522952295229522690e+00,4.629871255290660820e-03,3.398180356658449770e-07
9.524452445244524057e+00,4.629746012717016364e-03,5.169815039690012584e-07
9.525952595259525424e+00,4.629620619346318244e-03,6.571874436462086479e-07
9.527452745274526791e+00,4.629494968000556071e-03,7.347562342261486849e-07
9.528952895289528158e+00,4.629368937720966873e-03,7.207063180169942177e-07
9.530453045304529525e+00,4.629242430727194789e-03,5.915978359627778405e-07
9.531953195319530892e+00,4.629115585053582456e-03,3.804647564818677272e-07
9.533453345334532258e+00,4.628988558335097453e-03,1.250912424387325430e-07
9.534953495349533625e+00,4.628861480818857559e-03,-1.432973585588014171e-07
9.536453645364534992e+00,4.628734463366401472e-03,-3.981230537306325460e-07
9.537953795379538136e+00,4.628607597453687945e-03,-6.174552051246136293e-07
9.539453945394539502e+00,4.628480955171098386e-03,-7.840105296155581166e-07
9.540954095409540869e+00,4.628354589223434255e-03,-8.851530989068259790e-07
9.542454245424542236e+00,4.628228532929918801e-03,-9.128943395292184371e-07
9.543954395439543603e+00,4.628102800224195325e-03,-8.638930328412591759e-07
9.545454545454544970e+00,4.627977385654328049e-03,-7.394553150291956152e-07
9.546954695469546337e+00,4.627852264382804719e-03,-5.455346771070008156e-07
9.548454845484547704e+00,4.627727392186531397e-03,-2.927319649163736902e-07
9.549954995499549071e+00,4.627602705456835934e-03,3.704620873270206772e-09
9.551455145514550438e+00,4.627478121199467970e-03,3.238795247647755457e-07
9.552955295529551805e+00,4.627353537034596329e-03,6.432498364332870848e-07
9.554455445544553172e+00,4.627228831196814225e-03,9.326252907262020245e-07
9.555955595559554538e+00,4.627103862535132325e-03,1.158168267663205159e-06
9.557455745574557682e+00,4.626978470512983950e-03,1.281393792436318165e-06
9.558955895589559049e+00,4.626852475208225075e-03,1.259169535409450935e-06
9.560456045604560416e+00,4.626725729508252352e-03,1.056216901827861573e-06
9.561956195619561782e+00,4.626598495991244599e-03,7.354273605953927139e-07
9.563456345634563149e+00,4.626471024276832336e-03,3.566592708102760230e-07
9.564956495649564516e+00,4.626343503285605674e-03,-3.477166807583422647e-08
9.566456645664565883e+00,4.626216092306606638e-03,-4.006571445137106646e-07
9.567956795679567250e+00,4.626088920997334375e-03,-7.098962348565502835e-07
9.569456945694568617e+00,4.625962089383739081e-03,-9.384954033599753905e-07
9.570957095709569984e+00,4.625835667860223738e-03,-1.069568502182033502e-06
9.572457245724571351e+00,4.625709697189646710e-03,-1.093336771383197978e-06
9.573957395739572718e+00,4.625584188503319150e-03,-1.007128838926367178e-06
9.575457545754574085e+00,4.625459123301004991e-03,-8.153807206768638205e-07
9.576957695769575452e+00,4.625334453450921819e-03,-5.296358204024390125e-07
9.578457845784578595e+00,4.625210101189741740e-03,-1.685449297728032004e-07
9.579957995799579962e+00,4.625085959122588776e-03,2.421337716385569426e-07
9.581458145814581329e+00,4.624961890223042334e-03,6.695347163570043183e-07
9.582958295829582696e+00,4.624837727833132871e-03,1.073684949005070256e-06
9.584458445844584062e+00,4.624713275663345363e-03,1.407504126302876968e-06
9.585958595859585429e+00,4.624588307792618438e-03,1.616804517068104942e-06
9.587458745874586796e+00,4.624462568668345243e-03,1.640291002216040161e-06
9.588958895889588163e+00,4.624335826967005542e-03,1.422475320660692244e-06
9.590459045904589530e+00,4.624208590877535580e-03,1.085202417704932565e-06
9.591959195919590897e+00,4.624081211655497320e-03,7.127302829664770013e-07
9.593459345934592264e+00,4.623953853814729946e-03,3.445408087408921548e-07
9.594959495949593631e+00,4.623826652647291396e-03,1.310326589668180004e-08
9.596459645964594998e+00,4.623699714223447957e-03,-2.561256961247116344e-07
9.597959795979598141e+00,4.623573115391682066e-03,-4.447020493090764723e-07
9.599459945994599508e+00,4.623446903778687979e-03,-5.411943870686421435e-07
9.600960096009600875e+00,4.623321097789373502e-03,-5.411839242434329540e-07
9.602460246024602242e+00,4.623195686606858257e-03,-4.472644971002632936e-07
9.603960396039603609e+00,4.623070630192477153e-03,-2.690425633330069918e-07
9.605460546054604976e+00,4.622945859285776914e-03,-2.313720206260261250e-08
9.606960696069606342e+00,4.622821275404517816e-03,2.668198861629514173e-07
9.608460846084607709e+00,4.622696750844671951e-03,5.701843793685965950e-07
9.609960996099609076e+00,4.622572128680426697e-03,8.492993341522102136e-07
9.611461146114610443e+00,4.622447222764181247e-03,1.059495185684598903e-06
9.612961296129611810e+00,4.622321817726547481e-03,1.149089747709529334e-06
9.614461446144613177e+00,4.622195669478140409e-03,1.059508597475036758e-06
9.615961596159614544e+00,4.622068998732616583e-03,8.436947458424941875e-07
9.617461746174617687e+00,4.621942228845195809e-03,6.032332214908138966e-07
9.618961896189619054e+00,4.621815465350586662e-03,3.634634643726226240e-07
9.620462046204620421e+00,4.621688795065140125e-03,1.452308027517953503e-07
9.621962196219621788e+00,4.621562286086856527e-03,-3.511354679539411319e-08
9.623462346234623155e+00,4.621435987795381208e-03,-1.657124793805509514e-07
9.624962496249624522e+00,4.621309930852002777e-03,-2.392030018031576513e-07
9.626462646264625889e+00,4.621184127199659195e-03,-2.527162325505766492e-07
9.627962796279627256e+00,4.621058570062930825e-03,-2.078774017980463068e-07
9.629462946294628622e+00,4.620933233948044776e-03,-1.108058514086845117e-07
9.630963096309629989e+00,4.620808074642876635e-03,2.788496506651301732e-08
9.632463246324631356e+00,4.620683029216942662e-03,1.930874823886735767e-07
9.633963396339632723e+00,4.620558016021408462e-03,3.652000236310444081e-07
9.635463546354634090e+00,4.620432934689083782e-03,5.201268001789943921e-07
9.636963696369635457e+00,4.620307666134425111e-03,6.292779117300206130e-07
9.638463846384638600e+00,4.620182072553533949e-03,6.595693462937034659e-07
9.639963996399639967e+00,4.620056017629956512e-03,5.782722501362222326e-07
9.641464146414641334e+00,4.619929704492327371e-03,4.341317097312543323e-07
9.642964296429642701e+00,4.619803302412912004e-03,2.677895135753588536e-07
9.644464446444644068e+00,4.619676891468495021e-03,9.848133336293480829e-08
9.645964596459645435e+00,4.619550538458812305e-03,-5.774636953859644266e-08
9.647464746474646802e+00,4.619424296906542333e-03,-1.880363440887916656e-07
9.648964896489648169e+00,4.619298207057316585e-03,-2.827205495741841129e-07
9.650465046504649536e+00,4.619172295879712606e-03,-3.353201556082851114e-07
9.651965196519650902e+00,4.619046577065254004e-03,-3.425455421315828975e-07
9.653465346534652269e+00,4.618921051028415659e-03,-3.042962994115436761e-07
9.654965496549653636e+00,4.618795704906618511e-03,-2.236612280426117262e-07
9.656465646564655003e+00,4.618670512560231305e-03,-1.069183389462068603e-07
9.657965796579658146e+00,4.618545434572572314e-03,3.646514662945239407e-08
9.659465946594659513e+00,4.618420418249905880e-03,1.938327971086343751e-07
9.660966096609660880e+00,4.618295397621445877e-03,3.493389705891420661e-07
9.662466246624662247e+00,4.618170293439353979e-03,4.839488148416393341e-07
9.663966396639663614e+00,4.618045013178738792e-03,5.754382673098127129e-07
9.665466546654664981e+00,4.617919451037657587e-03,5.983940551103729382e-07
9.666966696669666348e+00,4.617793494519280804e-03,5.257928310176919219e-07
9.668466846684667715e+00,4.617667212809259576e-03,3.742205174329883612e-07
9.669966996699669082e+00,4.617540755373360055e-03,1.795794710888079212e-07
9.671467146714670449e+00,4.617414230367025176e-03,-3.213659101031743420e-08
9.672967296729671816e+00,4.617287730394169058e-03,-2.386714486813356382e-07
9.674467446744673182e+00,4.617161332507176141e-03,-4.215063785626739918e-07
9.675967596759674549e+00,4.617035098206896844e-03,-5.658601541142393754e-07
9.677467746774677693e+00,4.616909073442652771e-03,-6.606890456174989287e-07
9.678967896789679060e+00,4.616783288612234977e-03,-6.986868201750880865e-07
9.680468046804680426e+00,4.616657758561902233e-03,-6.762847417115009100e-07
9.681968196819681793e+00,4.616532482586383629e-03,-5.936515709725689504e-07
9.683468346834683160e+00,4.616407444428876836e-03,-4.546935655255986795e-07
9.684968496849684527e+00,4.616282612281047242e-03,-2.670544797593803839e-07
9.686468646864685894e+00,4.616157938783033154e-03,-4.211556488418414125e-08
9.687968796879687261e+00,4.616033361023437129e-03,2.050044310682426675e-07
9.689468946894688628e+00,4.615908800539334639e-03,4.554492632446711763e-07
9.690969096909689995e+00,4.615784163316268875e-03,6.866251899703973864e-07
9.692469246924691362e+00,4.615659339788252477e-03,8.722009727492307317e-07
9.693969396939692729e+00,4.615534204837765803e-03,9.821078762635027076e-07
9.695469546954694096e+00,4.615408617795760393e-03,9.825396683740770884e-07
9.696969696969695462e+00,4.615282437210262850e-03,8.394954177394249996e-07
9.698469846984698606e+00,4.615155764872262874e-03,5.773829862097218421e-07
9.699969996999699973e+00,4.615028816779233843e-03,2.481216314137378105e-07
9.701470147014701340e+00,4.614901770464358358e-03,-1.055981710548476352e-07
9.702970297029702706e+00,4.614774777606212366e-03,-4.473029060351485801e-07
9.704470447044704073e+00,4.614647964028762567e-03,-7.467360187993263407e-07
9.705970597059705440e+00,4.614521429701367271e-03,-9.798579150525891468e-07
9.707470747074706807e+00,4.614395248738775539e-03,-1.128845960933190130e-06
9.708970897089708174e+00,4.614269469401130648e-03,-1.182094483012429866e-06
9.710471047104709541e+00,4.614144114093964889e-03,-1.134214768294655102e-06
9.711971197119710908e+00,4.614019179368203036e-03,-9.860350642172589700e-07
9.713471347134712275e+00,4.613894635920160608e-03,-7.446005786506807734e-07
9.714971497149713642e+00,4.613770428591546478e-03,-4.231734798984091656e-07
9.716471647164715009e+00,4.613646476369460264e-03,-4.123289669697177237e-08
9.717971797179718152e+00,4.613522672386392333e-03,3.755250817845463460e-07
9.719471947194719519e+00,4.613398883920225534e-03,7.951874059425054971e-07
9.720972097209720886e+00,4.613274952394234331e-03,1.179624065741703394e-06
9.722472247224722253e+00,4.613150693377083937e-03,1.484488090713411522e-06
9.723972397239723620e+00,4.613025896582832047e-03,1.659215549955861545e-06
9.725472547254724986e+00,4.612900325870928839e-03,1.647025552134228474e-06
9.726972697269726353e+00,4.612773789454748669e-03,1.401793428834465892e-06
9.728472847284727720e+00,4.612646733887161739e-03,1.030838142251489609e-06
9.729972997299729087e+00,4.612519476055819585e-03,6.103718477365613836e-07
9.731473147314730454e+00,4.612392213104447164e-03,1.878257538805882182e-07
9.732973297329731821e+00,4.612265108784539477e-03,-1.974025105855994112e-07
9.734473447344733188e+00,4.612138293455366779e-03,-5.139488967912441663e-07
9.735973597359734555e+00,4.612011864083974573e-03,-7.384829357256626932e-07
9.737473747374737698e+00,4.611885884245178410e-03,-8.557077382383191032e-07
9.738973897389739065e+00,4.611760384121572562e-03,-8.583599950383993384e-07
9.740474047404740432e+00,4.611635360503519611e-03,-7.472099766956601104e-07
9.741974197419741799e+00,4.611510776789159993e-03,-5.310615336397245924e-07
9.743474347434743166e+00,4.611386562984405926e-03,-2.267520961602926956e-07
9.744974497449744533e+00,4.611262615702944011e-03,1.408473255928587199e-07
9.746474647464745900e+00,4.611138798166234364e-03,5.388321416098866439e-07
9.747974797479747266e+00,4.611014940203510618e-03,9.262641820208688936e-07
9.749474947494748633e+00,4.610890838251779922e-03,1.254171697095801466e-06
9.750975097509750000e+00,4.610766255355823809e-03,1.465549357244615480e-06
9.752475247524751367e+00,4.610640921168198195e-03,1.495358253017160232e-06
9.753975397539752734e+00,4.610514614216710064e-03,1.290313004271088775e-06
9.755475547554754101e+00,4.610387933660984976e-03,9.945221099739921894e-07
9.756975697569755468e+00,4.610261185875026355e-03,6.817002260502959120e-07
9.758475847584758611e+00,4.610134495662586603e-03,3.818892622825334611e-07
9.759975997599759978e+00,4.610007963734029379e-03,1.193319046444624457e-07
9.761476147614761345e+00,4.609881666706327867e-03,-8.752838470110913327e-08
9.762976297629762712e+00,4.609755657103067374e-03,-2.260473674008479863e-07
9.764476447644764079e+00,4.609629963354444464e-03,-2.893800289112639951e-07
9.765976597659765446e+00,4.609504589797264358e-03,-2.764805784987106361e-07
9.767476747674766813e+00,4.609379516674945269e-03,-1.921024492393851919e-07
9.768976897689768180e+00,4.609254700137514066e-03,-4.679829801932917499e-08
9.770477047704769546e+00,4.609130072241610608e-03,1.430799944655746368e-07
9.771977197719770913e+00,4.609005540950484280e-03,3.553813237095992358e-07
9.773477347734772280e+00,4.608880990133996589e-03,5.621553613971717963e-07
9.774977497749773647e+00,4.608756279568617699e-03,7.296525554028805568e-07
9.776477647764775014e+00,4.608631244937429899e-03,8.183241297914646552e-07
9.777977797779778157e+00,4.608505697830125869e-03,7.828220848176949094e-07
9.779477947794779524e+00,4.608379672225407404e-03,6.313121831088340301e-07
9.780978097809780891e+00,4.608253535585378653e-03,4.522249563017665390e-07
9.782478247824782258e+00,4.608127379733601391e-03,2.676723374141581570e-07
9.783978397839783625e+00,4.608001277032381868e-03,9.508078382547056868e-08
9.785478547854784992e+00,4.607875285368416389e-03,-5.160908104765108099e-08
9.786978697869786359e+00,4.607749448152786975e-03,-1.619424677513789808e-07
9.788478847884787726e+00,4.607623794320965700e-03,-2.289504207947022826e-07
9.789978997899789093e+00,4.607498338332814691e-03,-2.491498186494261486e-07
9.791479147914790460e+00,4.607373080172581792e-03,-2.225433737501740807e-07
9.792979297929791827e+00,4.607248005348905766e-03,-1.526196324943850614e-07
9.794479447944793193e+00,4.607123084894813696e-03,-4.635297524231556600e-08
9.795979597959794560e+00,4.606998275367720982e-03,8.579638368296075535e-08
9.797479747974797704e+00,4.606873518849431345e-03,2.298823959957248135e-07
9.798979897989799071e+00,4.606748742946136822e-03,3.684731794469098371e-07
9.800480048004800437e+00,4.606623860788420372e-03,4.806510178251508992e-07
9.801980198019801804e+00,4.606498771031250668e-03,5.420123609561085616e-07
9.803480348034803171e+00,4.606373357853986439e-03,5.246678247026161528e-07
9.804980498049804538e+00,4.606247581376813824e-03,4.190026056834083699e-07
9.806480648064805905e+00,4.606121628116772483e-03,2.699111275874792599e-07
9.807980798079807272e+00,4.605995595698168625e-03,1.009127372504267705e-07
9.809480948094808639e+00,4.605869563627731575e-03,-6.883654708746842793e-08
9.810981098109810006e+00,4.605743598369843941e-03,-2.233229611361689221e-07
9.812481248124811373e+00,4.605617753346543351e-03,-3.496749945558787563e-07
9.813981398139812740e+00,4.605492068937523317e-03,-4.381633909570450200e-07
9.815481548154814107e+00,4.605366572480128901e-03,-4.822011479003575309e-07
9.816981698169815473e+00,4.605241278269360181e-03,-4.783435168967472461e-07
9.818481848184818617e+00,4.605116187557873990e-03,-4.262880034073006065e-07
9.819981998199819984e+00,4.604991288555977842e-03,-3.288743668435613975e-07
9.821482148214821351e+00,4.604866556431636872e-03,-1.920846205671587962e-07
9.822982298229822717e+00,4.604741953310466894e-03,-2.504303188999858889e-08
9.824482448244824084e+00,4.604617428275740477e-03,1.599838779257693868e-07
9.825982598259825451e+00,4.604492917368384342e-03,3.475873336677569593e-07
9.827482748274826818e+00,4.604368343586979356e-03,5.192163061733304765e-07
9.828982898289828185e+00,4.604243616887759676e-03,6.531775123296147228e-07
9.830483048304829552e+00,4.604118634184614471e-03,7.246354150734917019e-07
9.831983198319830919e+00,4.603993279349087933e-03,7.056122233916013779e-07
9.833483348334832286e+00,4.603867453241723869e-03,5.722088742649470404e-07
9.834983498349833653e+00,4.603741265072809792e-03,3.506952271189725877e-07
9.836483648364835020e+00,4.603614877187013794e-03,8.020069378165806034e-08
9.837983798379838163e+00,4.603488428701678521e-03,-2.057387045693795690e-07
9.839483948394839530e+00,4.603362038337251508e-03,-4.785037557568289337e-07
9.840984098409840897e+00,4.603235804417283444e-03,-7.143920566057677620e-07
9.842484248424842264e+00,4.603109804868425574e-03,-8.946180129422811550e-07
9.843984398439843631e+00,4.602984097220434896e-03,-1.005312839593799341e-06
9.845484548454844997e+00,4.602858718606168964e-03,-1.037524560389097462e-06
9.846984698469846364e+00,4.602733685761589352e-03,-9.872180081582924009e-07
9.848484848484847731e+00,4.602608995025760791e-03,-8.552748247328482843e-07
9.849984998499849098e+00,4.602484622340849429e-03,-6.474934609455694953e-07
9.851485148514850465e+00,4.602360523252126308e-03,-3.745891766306123201e-07
9.852985298529851832e+00,4.602236632907964753e-03,-5.219404062346652544e-08
9.854485448544853199e+00,4.602112866059839512e-03,2.991430692390225659e-07
9.855985598559854566e+00,4.601989117062329354e-03,6.539564661186730804e-07
9.857485748574857709e+00,4.601865259873117071e-03,9.818636541763183243e-07
9.858985898589859076e+00,4.601741148052986875e-03,1.247565328570269313e-06
9.860486048604860443e+00,4.601616614765826133e-03,1.410845375458712878e-06
9.861986198619861810e+00,4.601491472778624497e-03,1.426570871998082141e-06
9.863486348634863177e+00,4.601365536823114229e-03,1.250080513960221790e-06
9.864986498649864544e+00,4.601239174672784073e-03,9.699912244782877007e-07
9.866486648664865911e+00,4.601112704763286008e-03,6.630649762041405064e-07
9.867986798679867277e+00,4.600986259649102184e-03,3.612728598268166529e-07
9.869486948694868644e+00,4.600859947769291546e-03,9.076984314562086974e-08
9.870987098709870011e+00,4.600733853447482903e-03,-1.281052289298736177e-07
9.872487248724871378e+00,4.600608036891884467e-03,-2.808296343798278409e-07
9.873987398739872745e+00,4.600482534195273442e-03,-3.586967740741331704e-07
9.875487548754874112e+00,4.600357357335005566e-03,-3.588161717724145988e-07
9.876987698769875479e+00,4.600232494173007308e-03,-2.841134741240290459e-07
9.878487848784878622e+00,4.600107908455780201e-03,-1.433304506678652476e-07
9.879987998799879989e+00,4.599983539814401709e-03,4.897500616690662008e-08
9.881488148814881356e+00,4.599859303764521762e-03,2.724288810618515921e-07
9.882988298829882723e+00,4.599735091706364486e-03,5.008410358086809092e-07
9.884488448844884090e+00,4.599610770924727338e-03,7.022052093093667906e-07
9.885988598859885457e+00,4.599486184588983707e-03,8.386990175761516456e-07
9.887488748874886824e+00,4.599361151753079448e-03,8.666839537315448970e-07
9.888988898889888191e+00,4.599235518290353472e-03,7.489864819790319465e-07
9.890489048904889557e+00,4.599109641770402976e-03,5.718193080790211054e-07
9.891989198919890924e+00,4.598983712698674446e-03,3.811317267972818184e-07
9.893489348934892291e+00,4.598857811023709594e-03,1.962156151753625227e-07
9.894989498949893658e+00,4.598732001748844465e-03,3.275673239448091281e-08
9.896489648964895025e+00,4.598606334932207711e-03,-9.716528022447637708e-08
9.897989798979898168e+00,4.598480845686722315e-03,-1.850768992210300591e-07
9.899489948994899535e+00,4.598355554180101265e-03,-2.261107189947437026e-07
9.900990099009900902e+00,4.598230465634855352e-03,-2.190054518058567859e-07
9.902490249024902269e+00,4.598105570328283632e-03,-1.661059277748103572e-07
9.903990399039903636e+00,4.597980843592482103e-03,-7.336309488237387834e-08
9.905490549054905003e+00,4.597856245814336759e-03,4.966598103034895234e-08
9.906990699069906370e+00,4.597731722435530535e-03,1.898181162619281406e-07
9.908490849084907737e+00,4.597607203952535498e-03,3.303240092505988201e-07
9.909990999099909104e+00,4.597482605916618920e-03,4.508082405742665466e-07
9.911491149114910471e+00,4.597357828933841539e-03,5.272892729505104741e-07
9.912991299129911837e+00,4.597232758665055832e-03,5.321794512365714964e-07
9.914491449144913204e+00,4.597107309570486883e-03,4.448341157617702319e-07
9.915991599159914571e+00,4.596981656088004221e-03,3.073188647730133157e-07
9.917491749174917715e+00,4.596855911435175114e-03,1.469588704067236393e-07
9.918991899189919081e+00,4.596730154517082549e-03,-1.719689253551971673e-08
9.920492049204920448e+00,4.596604451570078000e-03,-1.691577765075427175e-07
9.921992199219921815e+00,4.596478856161777087e-03,-2.959914612178166909e-07
9.923492349234923182e+00,4.596353409191063916e-03,-3.878239536296364165e-07
9.924992499249924549e+00,4.596228138888089343e-03,-4.378395879611226662e-07
9.926492649264925916e+00,4.596103060814270107e-03,-4.422810256852204049e-07
9.927992799279927283e+00,4.595978177862290563e-03,-4.004492555296996371e-07
9.929492949294928650e+00,4.595853480256102686e-03,-3.147035934771533952e-07
9.930993099309930017e+00,4.595728945550923462e-03,-1.904616827650038808e-07
9.932493249324931384e+00,4.595604538633237500e-03,-3.619949388549452342e-08
9.933993399339932751e+00,4.595480211720796154e-03,1.365486754143063664e-07
9.935493549354934117e+00,4.595355904362618399e-03,3.131902001325066032e-07
9.936993699369935484e+00,4.595231543438988223e-03,4.760741280123854676e-07
9.938493849384938628e+00,4.595107043161458099e-03,6.044911795425225617e-07
9.939993999399939995e+00,4.594982305072846385e-03,6.746737479562172202e-07
9.941494149414941361e+00,4.594857218047238186e-03,6.597958992324554522e-07
9.942994299429942728e+00,4.594731684761547280e-03,5.363507432948781130e-07
9.944494449444944095e+00,4.594605803771340154e-03,3.280899082021165192e-07
9.945994599459945462e+00,4.594479729564636405e-03,7.232291832991599660e-08
9.947494749474946829e+00,4.594353594660583601e-03,-1.989411179581013952e-07
9.948994899489948196e+00,4.594227512237622317e-03,-4.583645920098360817e-07
9.950495049504949563e+00,4.594101576133490482e-03,-6.832813948847102852e-07
9.951995199519950930e+00,4.593975860845218168e-03,-8.556969173536683957e-07
9.953495349534952297e+00,4.593850421529131929e-03,-9.622880498991778172e-07
9.954995499549953664e+00,4.593725294000853068e-03,-9.944031827152262156e-07
9.956495649564955031e+00,4.593600494735298502e-03,-9.480622057073258595e-07
9.957995799579958174e+00,4.593476020866678160e-03,-8.239565084923190140e-07
9.959495949594959541e+00,4.593351850188497586e-03,-6.274489803990628734e-07
9.960996099609960908e+00,4.593227941153557939e-03,-3.685740104675363643e-07
9.962496249624962275e+00,4.593104232873955126e-03,-6.203748744935260109e-08
9.963996399639963641e+00,4.592980645121078065e-03,2.727832001923715576e-07
9.965496549654965008e+00,4.592857078325613025e-03,6.118391642829761215e-07
9.966996699669966375e+00,4.592733413577540155e-03,9.264100169362951325e-07
9.968496849684967742e+00,4.592609512626133483e-03,1.183103870554634853e-06
9.969996999699969109e+00,4.592485217879964388e-03,1.343857337828775251e-06
9.971497149714970476e+00,4.592360352406895524e-03,1.365935531737978252e-06
9.972997299729971843e+00,4.592234733398557756e-03,1.205182946326371630e-06
9.974497449744973210e+00,4.592108673817573046e-03,9.371559667053385627e-07
9.975997599759974577e+00,4.591982496074410378e-03,6.397270623289115837e-07
9.977497749774977720e+00,4.591856332123374004e-03,3.447859232157715184e-07
9.978997899789979087e+00,4.591730290315885511e-03,7.851838476153085285e-08
9.980498049804980454e+00,4.591604455400478610e-03,-1.385935722634098950e-07
9.981998199819981821e+00,4.591478888522802608e-03,-2.917718217124195724e-07
9.983498349834983188e+00,4.591353627225619807e-03,-3.719420920629946865e-07
9.984998499849984555e+00,4.591228685448809840e-03,-3.757339664167582397e-07
9.986498649864985921e+00,4.591104053529363599e-03,-3.054808824994603654e-07
9.987998799879987288e+00,4.590979698201387571e-03,-1.692201326609774801e-07
9.989498949894988655e+00,4.590855562596104708e-03,1.930713612468644518e-08
9.990999099909990022e+00,4.590731566241848353e-03,2.406559222594003091e-07
9.992499249924991389e+00,4.590607605064069181e-03,4.696773695209067265e-07
9.993999399939992756e+00,4.590483551385331727e-03,6.755187670628214995e-07
9.995499549954994123e+00,4.590359253925316123e-03,8.216235494146335110e-07
9.996999699969995490e+00,4.590234537800812892e-03,8.657312964817074783e-07
9.998499849984998633e+00,4.590109226211178464e-03,7.651167032750687775e-07
1.000000000000000000e+01,4.589983612449592514e-03,5.906317906459017151e-07
1.000150015001500137e+01,4.589857929456837154e-03,3.985685262665108186e-07
1.000300030003000273e+01,4.589732261361568685e-03,2.092679061654476581e-07
1.000450045004500410e+01,4.589606677071185123e-03,3.939087020033040254e-08
1.000600060006000547e+01,4.589481230271821866e-03,-9.808169794215522743e-08
1.000750075007500683e+01,4.589355959428353428e-03,-1.938489707462577595e-07
1.000900090009000820e+01,4.589230887784394308e-03,-2.422901768671573227e-07
1.001050105010500957e+01,4.589106023362297254e-03,-2.414646011309684002e-07
1.001200120012001094e+01,4.588981358963154129e-03,-1.931115845347378177e-07
1.001350135013501230e+01,4.588856872166796781e-03,-1.026505242464459079e-07
1.001500150015001367e+01,4.588732525331796173e-03,2.081912639499338340e-08
1.001650165016501504e+01,4.588608265595461519e-03,1.645178578797348266e-07
1.001800180018001818e+01,4.588484024873840279e-03,3.119861045271673977e-07
1.001950195019501955e+01,4.588359719861722502e-03,4.430842444852067408e-07
1.002100210021002091e+01,4.588235252032633014e-03,5.339925997313803761e-07
1.002250225022502228e+01,4.588110507638838362e-03,5.572114360721029575e-07
1.002400240024002365e+01,4.587985373115733775e-03,4.852829756173307481e-07
1.002550255025502501e+01,4.587859982946689008e-03,3.506954601618800986e-07
1.002700270027002638e+01,4.587734478971196468e-03,1.877434522083436758e-07
1.002850285028502775e+01,4.587608945939860260e-03,1.692794552488126719e-08
1.003000300030002911e+01,4.587483455419746024e-03,-1.444390248531367146e-07
1.003150315031503048e+01,4.587358065794379207e-03,-2.822343826231285961e-07
1.003300330033003185e+01,4.587232822263745922e-03,-3.855240102153026610e-07
1.003450345034503322e+01,4.587107756844292089e-03,-4.465627487926556148e-07
1.003600360036003458e+01,4.586982888368924295e-03,-4.607943982509744903e-07
1.003750375037503595e+01,4.586858222487009799e-03,-4.268517172188337896e-07
1.003900390039003909e+01,4.586733751664375663e-03,-3.465564230574780633e-07
1.004050405040504046e+01,4.586609455183309619e-03,-2.249191918612577094e-07
1.004200420042004183e+01,4.586485299142560070e-03,-7.013965845705119117e-08
1.004350435043504319e+01,4.586361236457335219e-03,1.063935835954028206e-07
1.004500450045004456e+01,4.586237206859303944e-03,2.901029820035821566e-07
1.004650465046504593e+01,4.586113136896595791e-03,4.632220257421716201e-07
1.004800480048004729e+01,4.585988939933799240e-03,6.047952450530662160e-07
1.004950495049504866e+01,4.585864516151964311e-03,6.906782114453717866e-07
1.005100510051005003e+01,4.585739752548602562e-03,6.935375376954090874e-07
1.005250525052505139e+01,4.585614536343271888e-03,5.860868464365480983e-07
1.005400540054005276e+01,4.585488940444848276e-03,3.859179439913989732e-07
1.005550555055505413e+01,4.585363127619974770e-03,1.324112139356428757e-07
1.005700570057005550e+01,4.585237235372369852e-03,-1.411540638068964348e-07
1.005850585058505864e+01,4.585111381425649099e-03,-4.062857599485151592e-07
1.006000600060006001e+01,4.584985663723329524e-03,-6.392788958363847433e-07
1.006150615061506137e+01,4.584860160428823501e-03,-8.212156434544749605e-07
1.006300630063006274e+01,4.584734929925445707e-03,-9.379653254222539275e-07
1.006450645064506411e+01,4.584610010816407046e-03,-9.801844149950116716e-07
1.006600660066006547e+01,4.584485421924818990e-03,-9.433165360638572713e-07
1.006750675067506684e+01,4.584361162293689243e-03,-8.275924631557260565e-07
1.006900690069006821e+01,4.584237211185926940e-03,-6.380301214333694440e-07
1.007050705070506957e+01,4.584113528084339181e-03,-3.844345866953633019e-07
1.007200720072007094e+01,4.583990052691631900e-03,-8.139808537610763193e-08
1.007350735073507231e+01,4.583866704930408993e-03,2.517000054541840713e-07
1.007500750075007367e+01,4.583743384943174924e-03,5.906931580894672974e-07
1.007650765076507504e+01,4.583619973092330387e-03,9.066276941878830371e-07
1.007800780078007818e+01,4.583496329960176641e-03,1.165762784772004481e-06
1.007950795079507955e+01,4.583372296348914646e-03,1.329570450227675790e-06
1.008100810081008092e+01,4.583247693280641591e-03,1.354735560305908444e-06
1.008250825082508229e+01,4.583122335035237638e-03,1.196309988337797063e-06
1.008400840084008365e+01,4.582996531264317899e-03,9.291993352912421729e-07
1.008550855085508502e+01,4.582870606570200490e-03,6.319615052591730854e-07
1.008700870087008639e+01,4.582744693821346436e-03,3.367710252868177734e-07
1.008850885088508775e+01,4.582618902167091141e-03,7.005906449021409726e-08
1.009000900090008912e+01,4.582493317037646986e-03,-1.474865659437881835e-07
1.009150915091509049e+01,4.582368000144099868e-03,-3.009214127575296334e-07
1.009300930093009185e+01,4.582242989478414394e-03,-3.810443806225402940e-07
1.009450945094509322e+01,4.582118299313427817e-03,-3.843977321395398961e-07
1.009600960096009459e+01,4.581993920202856972e-03,-3.132670878384368002e-07
1.009750975097509595e+01,4.581869818981290469e-03,-1.756814261783273619e-07
1.009900990099009910e+01,4.581745938764194767e-03,1.458691645274801396e-08
1.010051005100510046e+01,4.581622198947911569e-03,2.380222457368422202e-07
1.010201020102010183e+01,4.581498495209659558e-03,4.693655094274768172e-07
1.010351035103510320e+01,4.581374699507530929e-03,6.776142973487893881e-07
1.010501050105010457e+01,4.581250660080494856e-03,8.260228413957286743e-07
1.010651065106510593e+01,4.581126201448396627e-03,8.721020155340585988e-07
1.010801080108010730e+01,4.581001143958060226e-03,7.723508407203530097e-07
1.010951095109510867e+01,4.580875774134136012e-03,5.961232826410119435e-07
1.011101110111011003e+01,4.580750331305227796e-03,4.013697454097801683e-07
1.011251125112511140e+01,4.580624901599929417e-03,2.089562303716574859e-07
1.011401140114011277e+01,4.580499555622646879e-03,3.598796936763128895e-08
1.011551155115511413e+01,4.580374348453599212e-03,-1.041905752653244977e-07
1.011701170117011550e+01,4.580249319648819345e-03,-2.019957106942482523e-07
1.011851185118511864e+01,4.580124493240152368e-03,-2.516045135902213612e-07
1.012001200120012001e+01,4.579999877735259003e-03,-2.509548301281903417e-07
1.012151215121512138e+01,4.579875466117611267e-03,-2.017452759873253493e-07
1.012301230123012274e+01,4.579751235846494205e-03,-1.094352363507213862e-07
1.012451245124512411e+01,4.579627148857009361e-03,1.675513409451371289e-08
1.012601260126012548e+01,4.579503151560066973e-03,1.638449111572606569e-07
1.012751275127512685e+01,4.579379174842395511e-03,3.150924011423831933e-07
1.012901290129012821e+01,4.579255134066532139e-03,4.499951408507385894e-07
1.013051305130512958e+01,4.579130929070830518e-03,5.442898975791622806e-07
1.013201320132013095e+01,4.579006444169456472e-03,5.699526691204879870e-07
1.013351335133513231e+01,4.578881561762162752e-03,4.984936400137157741e-07
1.013501350135013368e+01,4.578756414396712056e-03,3.619966870173980948e-07
1.013651365136513505e+01,4.578631150104381722e-03,1.963239833514630827e-07
1.013801380138013819e+01,4.578505855467928341e-03,2.246140574401157754e-08
1.013951395139513956e+01,4.578380603581799074e-03,-1.418743428421449983e-07
1.014101410141014092e+01,4.578255454052129053e-03,-2.822357332107522242e-07
1.014251425142514229e+01,4.578130452996745717e-03,-3.874444099312705192e-07
1.014401440144014366e+01,4.578005633045164474e-03,-4.495911913390811824e-07
1.014551455145514502e+01,4.577881013338592174e-03,-4.640360695354867109e-07
1.014701470147014639e+01,4.577756599529924503e-03,-4.294082103877086821e-07
1.014851485148514776e+01,4.577632383783749453e-03,-3.476059535288911417e-07
1.015001500150014913e+01,4.577508344776342122e-03,-2.237968123580955218e-07
1.015151515151515049e+01,4.577384447695669045e-03,-6.641747404030519324e-08
1.015301530153015186e+01,4.577260644241388197e-03,1.128262004935722574e-07
1.015451545154515323e+01,4.577136872624843790e-03,2.989591765467151927e-07
1.015601560156015459e+01,4.577013057569074943e-03,4.737372456563785538e-07
1.015751575157515596e+01,4.576889110308806144e-03,6.156470255938937547e-07
1.015901590159015910e+01,4.576764928590455923e-03,6.999059603647356507e-07
1.016051605160516047e+01,4.576640396672129914e-03,6.984623202081617024e-07
1.016201620162016184e+01,4.576515403916227472e-03,5.844933449439378263e-07
1.016351635163516320e+01,4.576390041883840638e-03,3.801475171942107502e-07
1.016501650165016457e+01,4.576264473537489628e-03,1.249329936148799559e-07
1.016651665166516594e+01,4.576138835142399240e-03,-1.481051197629818116e-07
1.016801680168016730e+01,4.576013243066678199e-03,-4.107467578611264478e-07
1.016951695169516867e+01,4.575887793781328698e-03,-6.395968965541304891e-07
1.017101710171017004e+01,4.575762563860239461e-03,-8.160855526693971239e-07
1.017251725172517141e+01,4.575637609980190076e-03,-9.264677839871522758e-07
1.017401740174017277e+01,4.575512968920847530e-03,-9.618236892404498970e-07
1.017551755175517414e+01,4.575388657564767939e-03,-9.180584081151661451e-07
1.017701770177017551e+01,4.575264672897397418e-03,-7.959021212500031948e-07
1.017851785178517865e+01,4.575140992007071215e-03,-6.009100502362198815e-07
1.018001800180018002e+01,4.575017572085012842e-03,-3.434624576186421056e-07
1.018151815181518138e+01,4.574894350425334939e-03,-3.876464689426395737e-08
1.018301830183018275e+01,4.574771244425040150e-03,2.931530374869054083e-07
1.018451845184518412e+01,4.574648151584017643e-03,6.274352101220294432e-07
1.018601860186018548e+01,4.574524949505049190e-03,9.344014446554544760e-07
1.018751875187518685e+01,4.574401495893803092e-03,1.179546273778694677e-06
1.018901890189018822e+01,4.574277628558836781e-03,1.323539189230441111e-06
1.019051905190518958e+01,4.574153165411597687e-03,1.322224641796555016e-06
1.019201920192019095e+01,4.574027950019926049e-03,1.137664533866639553e-06
1.019351935193519232e+01,4.573902375613016734e-03,8.651786453114096815e-07
1.019501950195019369e+01,4.573776702273301895e-03,5.678433255645278972e-07
1.019651965196519505e+01,4.573651059136014420e-03,2.769912306978238675e-07
1.019801980198019820e+01,4.573525551621927983e-03,1.820138165378865137e-08
1.019951995199519956e+01,4.573400261437359643e-03,-1.887008357532350073e-07
1.020102010201020093e+01,4.573275246574163774e-03,-3.296436708389304461e-07
1.020252025202520230e+01,4.573150541309740739e-03,-3.963090080477082651e-07
1.020402040204020366e+01,4.573026156207029951e-03,-3.861323669530373046e-07
1.020552055205520503e+01,4.572902078114513338e-03,-3.023029022574465511e-07
1.020702070207020640e+01,4.572778270166212751e-03,-1.537634037925204789e-07
1.020852085208520776e+01,4.572654671781694290e-03,4.478970348109438592e-08
1.021002100210020913e+01,4.572531198666062238e-03,2.729063594736977236e-07
1.021152115211521050e+01,4.572407742809965134e-03,5.043828689665279037e-07
1.021302130213021186e+01,4.572284172489592298e-03,7.072619016117639962e-07
1.021452145214521323e+01,4.572160332266674704e-03,8.438324919325251369e-07
1.021602160216021460e+01,4.572036042988483241e-03,8.706300393228842914e-07
1.021752175217521597e+01,4.571911152218269790e-03,7.506682822597108890e-07
1.021902190219021911e+01,4.571786007916092687e-03,5.683430681960492475e-07
1.022052205220522048e+01,4.571660801845130184e-03,3.701842829546153085e-07
1.022202220222022184e+01,4.571535619554542920e-03,1.769587478197055719e-07
1.022352235223522321e+01,4.571410530785634772e-03,5.596184839463885692e-09
1.022502250225022458e+01,4.571285589471851124e-03,-1.308107831743158066e-07
1.022652265226522594e+01,4.571160833738783201e-03,-2.230066326461888837e-07
1.022802280228022731e+01,4.571036285904159398e-03,-2.655729392370608403e-07
1.022952295229522868e+01,4.570911952477855686e-03,-2.569283778441868642e-07
1.023102310231023004e+01,4.570787824161886941e-03,-1.993287226011712003e-07
1.023252325232523141e+01,4.570663875850413012e-03,-9.886684687796916305e-08
1.023402340234023278e+01,4.570540066629734388e-03,3.452727671911593478e-08
1.023552355235523414e+01,4.570416339778294798e-03,1.870865763474302404e-07
1.023702370237023551e+01,4.570292622766681211e-03,3.412068809279685674e-07
1.023852385238523865e+01,4.570168827257621233e-03,4.754469201455171733e-07
1.024002400240024002e+01,4.570044849105986580e-03,5.645283244480271670e-07
1.024152415241524139e+01,4.569920568358791339e-03,5.793356250476169728e-07
1.024302430243024276e+01,4.569795878421393544e-03,4.939917386421031160e-07
1.024452445244524412e+01,4.569670947436450976e-03,3.492836336741306643e-07
1.024602460246024549e+01,4.569545910165976818e-03,1.779277046909309575e-07
1.024752475247524686e+01,4.569420853184713235e-03,9.495858653798350412e-10
1.024902490249024822e+01,4.569295849243198461e-03,-1.639823289177468485e-07
1.025052505250524959e+01,4.569170957267766793e-03,-3.025568860617737529e-07
1.025202520252025096e+01,4.569046222360551197e-03,-4.038201722581259461e-07
1.025352535253525232e+01,4.568921675799479838e-03,-4.601755144863284811e-07
1.025502550255025369e+01,4.568797335038278680e-03,-4.673834800140078780e-07
1.025652565256525506e+01,4.568673203706469753e-03,-4.245618763968895831e-07
1.025802580258025820e+01,4.568549271609374622e-03,-3.341857514786661491e-07
1.025952595259525957e+01,4.568425514728108316e-03,-2.020873933914885146e-07
1.026102610261026093e+01,4.568301895219586267e-03,-3.745633055530616512e-08
1.026252625262526230e+01,4.568178361416516502e-03,1.471606683217495315e-07
1.026402640264026367e+01,4.568054847827409184e-03,3.358595942434436226e-07
1.026552655265526504e+01,4.567931275136566209e-03,5.093791979254483703e-07
1.026702670267026640e+01,4.567807550204090739e-03,6.451009897953295934e-07
1.026852685268526777e+01,4.567683566065881134e-03,7.170492399925494729e-07
1.027002700270026914e+01,4.567559201933630957e-03,6.958909783684833339e-07
1.027152715271527050e+01,4.567434366784962202e-03,5.595065463652288835e-07
1.027302730273027187e+01,4.567309198676528653e-03,3.413854040320655629e-07
1.027452745274527324e+01,4.567183854681499885e-03,7.968963110567279215e-08
1.027602760276027460e+01,4.567058467376786286e-03,-1.933662876926715900e-07
1.027752775277527597e+01,4.566933149259779466e-03,-4.504468024675095714e-07
1.027902790279027911e+01,4.566807992748348789e-03,-6.690952981494347893e-07
1.028052805280528048e+01,4.566683070180841374e-03,-8.317340944940993306e-07
1.028202820282028185e+01,4.566558433816082958e-03,-9.256644460838002248e-07
1.028352835283528321e+01,4.566434115833378771e-03,-9.430665423263709958e-07
1.028502850285028458e+01,4.566310128332510057e-03,-8.809995074554643587e-07
1.028652865286528595e+01,4.566186463333737552e-03,-7.414014005305558199e-07
1.028802880288028732e+01,4.566063092777801480e-03,-5.310892154369409243e-07
1.028952895289528868e+01,4.565939968525918081e-03,-2.617588808857352554e-07
1.029102910291029005e+01,4.565817022359783955e-03,5.001473958612058883e-08
1.029252925292529142e+01,4.565694165981571719e-03,3.827778476158735952e-07
1.029402940294029278e+01,4.565571291013936078e-03,7.101977100149372652e-07
1.029552955295529415e+01,4.565448269000006026e-03,1.001062658768908874e-06
1.029702970297029552e+01,4.565324951403390910e-03,1.219282091037577199e-06
1.029852985298529866e+01,4.565201169608178698e-03,1.323886469154935119e-06
1.030003000300030003e+01,4.565076734918934245e-03,1.269027320628815708e-06
1.030153015301530139e+01,4.564951602808796187e-03,1.043872415835598070e-06
1.030303030303030276e+01,4.564826238098379681e-03,7.613316287798354725e-07
1.030453045304530413e+01,4.564700815657771887e-03,4.639110316117629923e-07
1.030603060306030549e+01,4.564575457581615363e-03,1.812937930370840542e-07
1.030753075307530686e+01,4.564450262217704425e-03,-6.260983427929295075e-08
1.030903090309030823e+01,4.564325304166983420e-03,-2.496625137132542416e-07
1.031053105310530960e+01,4.564200634283547588e-03,-3.674998246814812829e-07
1.031203120312031096e+01,4.564076279674639594e-03,-4.095302626414493019e-07
1.031353135313531233e+01,4.563952243700653867e-03,-3.749352390914291950e-07
1.031503150315031370e+01,4.563828505975136597e-03,-2.686690815704875273e-07
1.031653165316531506e+01,4.563705022364780532e-03,-1.014590336584837799e-07
1.031803180318031821e+01,4.563581724989431918e-03,1.101947450241960419e-07
1.031953195319531957e+01,4.563458522222084424e-03,3.440191788155729943e-07
1.032103210321032094e+01,4.563335298688883483e-03,5.719682760136267472e-07
1.032253225322532231e+01,4.563211915269124556e-03,7.602231288753099562e-07
1.032403240324032367e+01,4.563088209095252264e-03,8.691919136167793960e-07
1.032553255325532504e+01,4.562963993552862987e-03,8.535098904133987136e-07
1.032703270327032641e+01,4.562839219919013513e-03,7.013234630419814392e-07
1.032853285328532777e+01,4.562714287824351858e-03,5.097606924906599305e-07
1.033003300330032914e+01,4.562589319472460346e-03,3.085397346553577788e-07
1.033153315331533051e+01,4.562464397229792912e-03,1.176945117988633969e-07
1.033303330333033188e+01,4.562339587378868092e-03,-4.665290833243541592e-08
1.033453345334533324e+01,4.562214940118265553e-03,-1.722923125085516849e-07
1.033603360336033461e+01,4.562090489562630434e-03,-2.509253420158992602e-07
1.033753375337533598e+01,4.561966253742669869e-03,-2.781654926572928168e-07
1.033903390339033912e+01,4.561842234605154728e-03,-2.535381147518893033e-07
1.034053405340534049e+01,4.561718418012920481e-03,-1.804804131353677248e-07
1.034203420342034185e+01,4.561594773744863732e-03,-6.634144715975348946e-08
1.034353435343534322e+01,4.561471255495945683e-03,7.761786930653447567e-08
1.034503450345034459e+01,4.561347800877189537e-03,2.362247678786707010e-07
1.034653465346534595e+01,4.561224331415684834e-03,3.903946256554336039e-07
1.034803480348034732e+01,4.561100752554581375e-03,5.171309652191952711e-07
1.034953495349534869e+01,4.560976953653092698e-03,5.895254546359311996e-07
1.035103510351035005e+01,4.560852807986496942e-03,5.767579074552192382e-07
1.035253525352535142e+01,4.560728261408098297e-03,4.656489976790441903e-07
1.035403540354035279e+01,4.560603526526374463e-03,3.078856358547575513e-07
1.035553555355535416e+01,4.560478711030586593e-03,1.296701057042813526e-07
1.035703570357035552e+01,4.560353899026484831e-03,-4.853105669162679756e-08
1.035853585358535867e+01,4.560229160480151582e-03,-2.096919726997668199e-07
1.036003600360036003e+01,4.560104551218006723e-03,-3.402274211337537932e-07
1.036153615361536140e+01,4.559980112926801527e-03,-4.299928382551858004e-07
1.036303630363036277e+01,4.559855873153623868e-03,-4.722843177728403595e-07
1.036453645364536413e+01,4.559731845305894753e-03,-4.638386108428765466e-07
1.036603660366036550e+01,4.559608028651370923e-03,-4.048331260688379605e-07
1.036753675367536687e+01,4.559484408318143119e-03,-2.988859295016478524e-07
1.036903690369036823e+01,4.559360955294635212e-03,-1.530557446396157960e-07
1.037053705370536960e+01,4.559237626429609412e-03,2.215804757156813565e-08
1.037203720372037097e+01,4.559114364432157590e-03,2.128154087388324171e-07
1.037353735373537233e+01,4.558991097871709086e-03,4.015356430217197827e-07
1.037503750375037370e+01,4.558867741178027240e-03,5.674973971323931027e-07
1.037653765376537507e+01,4.558744194641210258e-03,6.864386603356311482e-07
1.037803780378037821e+01,4.558620344411688612e-03,7.306567644488234028e-07
1.037953795379537958e+01,4.558496062534898689e-03,6.690168008289405653e-07
1.038103810381038095e+01,4.558371332748408118e-03,4.975284923660513411e-07
1.038253825382538231e+01,4.558246332499253997e-03,2.593546445700147536e-07
1.038403840384038368e+01,4.558121207607954313e-03,-1.000216489370692284e-08
1.038553855385538505e+01,4.557996083650851793e-03,-2.799680376633089181e-07
1.038703870387038641e+01,4.557871065960118241e-03,-5.248977546806436485e-07
1.038853885388538778e+01,4.557746239623751069e-03,-7.240747761912210346e-07
1.039003900390038915e+01,4.557621669485576767e-03,-8.617112417442075481e-07
1.039153915391539051e+01,4.557497400145247429e-03,-9.269479701924265298e-07
1.039303930393039188e+01,4.557373455958241629e-03,-9.138544596923606242e-07
1.039453945394539325e+01,4.557249841035867881e-03,-8.214288877041469098e-07
1.039603960396039462e+01,4.557126539245258574e-03,-6.535981109915815575e-07
1.039753975397539598e+01,4.557003514209375175e-03,-4.192176656221160185e-07
1.039903990399039913e+01,4.556880709307005624e-03,-1.320717669664961890e-07
1.040054005400540049e+01,4.556758047672766938e-03,1.891266902998045163e-07
1.040204020402040186e+01,4.556635432197099142e-03,5.207361321986773357e-07
1.040354035403540323e+01,4.556512745526273937e-03,8.341863054480276722e-07
1.040504050405040459e+01,4.556389850062386900e-03,1.095978277462113906e-06
1.040654065406540596e+01,4.556266587963362681e-03,1.267684436351534798e-06
1.040804080408040733e+01,4.556142781142951542e-03,1.305948490923229906e-06
1.040954095409540869e+01,4.556018237788936331e-03,1.164071742270406997e-06
1.041104110411041006e+01,4.555893218603744577e-03,9.054909129996878886e-07
1.041254125412541143e+01,4.555768064317298853e-03,6.131555309823736224e-07
1.041404140414041279e+01,4.555642910182475767e-03,3.200125967816422802e-07
1.041554155415541416e+01,4.555517867670929276e-03,5.321640103303731935e-08
1.041704170417041553e+01,4.555393024473086347e-03,-1.658714755555296746e-07
1.041854185418541867e+01,4.555268444498153900e-03,-3.216821622039258425e-07
1.042004200420042004e+01,4.555144167874112734e-03,-4.044394980591326597e-07
1.042154215421542141e+01,4.555020210947719264e-03,-4.101600321963735493e-07
1.042304230423042277e+01,4.554896566284507252e-03,-3.406530236182793423e-07
1.042454245424542414e+01,4.554773202668786075e-03,-2.035204412551157063e-07
1.042604260426042551e+01,4.554650065103640726e-03,-1.215696396478526303e-08
1.042754275427542687e+01,4.554527074810932677e-03,2.142500194671827878e-07
1.042904290429042824e+01,4.554404129231299884e-03,4.507204103276204925e-07
1.043054305430542961e+01,4.554281102024155051e-03,6.664813999757231549e-07
1.043204320432043097e+01,4.554157843067688227e-03,8.249674698430610893e-07
1.043354335433543234e+01,4.554034178458865080e-03,8.838203914335638440e-07
1.043504350435043371e+01,4.553909917536009058e-03,7.965992632454179492e-07
1.043654365436543507e+01,4.553785287858667756e-03,6.187093331259169287e-07
1.043804380438043822e+01,4.553660567258314279e-03,4.178212561665650274e-07
1.043954395439543958e+01,4.553535848566049940e-03,2.165587951539693061e-07
1.044104410441044095e+01,4.553411208261788287e-03,3.356098956551681413e-08
1.044254425442544232e+01,4.553286706474254236e-03,-1.165178444296679459e-07
1.044404440444044369e+01,4.553162386980982336e-03,-2.230081139709516643e-07
1.044554455445544505e+01,4.553038277208319370e-03,-2.792249495061919591e-07
1.044704470447044642e+01,4.552914388231424359e-03,-2.824682047917381177e-07
1.044854485448544779e+01,4.552790714774267687e-03,-2.340224568924304614e-07
1.045004500450044915e+01,4.552667235209627641e-03,-1.391570061815991806e-07
1.045154515451545052e+01,4.552543911559099078e-03,-7.125876341068887789e-09
1.045304530453045189e+01,4.552420689493083886e-03,1.488321856388483705e-07
1.045454545454545325e+01,4.552297498330796187e-03,3.114937094593453847e-07
1.045604560456045462e+01,4.552174251040264075e-03,4.596505015131262405e-07
1.045754575457545599e+01,4.552050844238323540e-03,5.681096448844056840e-07
1.045904590459045913e+01,4.551927158190622810e-03,6.076934993488949333e-07
1.046054605460546050e+01,4.551803060821583112e-03,5.462162881837565565e-07
1.046204620462046186e+01,4.551678649674964841e-03,4.074239392684175674e-07
1.046354635463546323e+01,4.551554103260475881e-03,2.348146384348943618e-07
1.046504650465046460e+01,4.551429515206934472e-03,5.121728506497658840e-08
1.046654665466546597e+01,4.551304964695813624e-03,-1.240617012529331338e-07
1.046804680468046733e+01,4.551180516461239382e-03,-2.752383807238197443e-07
1.046954695469546870e+01,4.551056220789995166e-03,-3.900512933460557413e-07
1.047104710471047007e+01,4.550932113521516560e-03,-4.597614589113999111e-07
1.047254725472547143e+01,4.550808216047896523e-03,-4.791523770049996574e-07
1.047404740474047280e+01,4.550684535313879314e-03,-4.465300270053883546e-07
1.047554755475547417e+01,4.550561063816868299e-03,-3.637228680844877826e-07
1.047704770477047553e+01,4.550437779606917275e-03,-2.360818392076082329e-07
1.047854785478547868e+01,4.550314646286737416e-03,-7.248035913323272706e-08
1.048004800480048004e+01,4.550191613011694662e-03,1.146856735861513560e-07
1.048154815481548141e+01,4.550068614489807990e-03,3.094978806052458551e-07
1.048304830483048278e+01,4.549945570981752882e-03,4.925154037851863265e-07
1.048454845484548414e+01,4.549822388300858722e-03,6.407749051937235206e-07
1.048604860486048551e+01,4.549698957813109665e-03,7.277905671052230115e-07
1.048754875487548688e+01,4.549575156437143768e-03,7.235540920006567265e-07
1.048904890489048825e+01,4.549450873712495604e-03,6.011250406961408476e-07
1.049054905490548961e+01,4.549326232193296946e-03,3.903418573398277123e-07
1.049204920492049098e+01,4.549201398237126548e-03,1.317771910430996907e-07
1.049354935493549235e+01,4.549076507649009622e-03,-1.414394383483606704e-07
1.049504950495049371e+01,4.548951675824526412e-03,-4.011572436360503592e-07
1.049654965496549508e+01,4.548826997749811328e-03,-6.242041702686469582e-07
1.049804980498049822e+01,4.548702548001558148e-03,-7.923868963421672508e-07
1.049954995499549959e+01,4.548578380747013081e-03,-8.924908325992400433e-07
1.050105010501050096e+01,4.548454529743979104e-03,-9.162801224303232460e-07
1.050255025502550232e+01,4.548331008340815093e-03,-8.604976418728176642e-07
1.050405040504050369e+01,4.548207809476435826e-03,-7.268649996113073445e-07
1.050555055505550506e+01,4.548084905680311110e-03,-5.220825369775519512e-07
1.050705070507050642e+01,4.547962249072466656e-03,-2.578293279504948127e-07
1.050855085508550779e+01,4.547839771363484072e-03,4.923682084374353613e-08
1.051005100510050916e+01,4.547717383854501735e-03,3.774793701318599551e-07
1.051155115511551053e+01,4.547594977437210452e-03,7.002830479933748393e-07
1.051305130513051189e+01,4.547472422593860399e-03,9.860538498606252366e-07
1.051455145514551326e+01,4.547349569397255917e-03,1.198219038518776813e-06
1.051605160516051463e+01,4.547226247510756381e-03,1.295227144105797063e-06
1.051755175517551599e+01,4.547102266188277932e-03,1.230547964112493854e-06
1.051905190519051914e+01,4.546977543252465372e-03,9.841099023752893335e-07
1.052055205520552050e+01,4.546852404455709040e-03,6.353316149530254526e-07
1.052205220522052187e+01,4.546727078028789566e-03,2.399143188019870756e-07
1.052355235523552324e+01,4.546601751818697516e-03,-1.562929168151457782e-07
1.052505250525052460e+01,4.546476582304274060e-03,-5.150970118305208971e-07
1.052655265526552597e+01,4.546351694596204897e-03,-8.059608753711114415e-07
1.052805280528052734e+01,4.546227182437024596e-03,-1.006003405758720603e-06
1.052955295529552870e+01,4.546103108201113123e-03,-1.099999490509976627e-06
1.053105310531053007e+01,4.545979502894698446e-03,-1.080380006336333449e-06
1.053255325532553144e+01,4.545856366155856532e-03,-9.472318191440781072e-07
1.053405340534053281e+01,4.545733666254510481e-03,-7.082977840343171871e-07
1.053555355535553417e+01,4.545611340092427927e-03,-3.789767453029891057e-07
1.053705370537053554e+01,4.545489293203227969e-03,1.767646355914075965e-08
1.053855385538553868e+01,4.545367399752374242e-03,4.509510198670015259e-07
1.054005400540054005e+01,4.545245502537177511e-03,8.824801117391061041e-07
1.054155415541554142e+01,4.545123412986795675e-03,1.266240938100695809e-06
1.054305430543054278e+01,4.545000911162236368e-03,1.548554708681693292e-06
1.054455445544554415e+01,4.544877745756350021e-03,1.668086644017191386e-06
1.054605460546054552e+01,4.544753634093838535e-03,1.555845975447438176e-06
1.054755475547554688e+01,4.544628694824487218e-03,1.240761334256423313e-06
1.054905490549054825e+01,4.544503527893705395e-03,8.692335274428605271e-07
1.055055505550554962e+01,4.544378319940423940e-03,4.868391347966618226e-07
1.055205520552055098e+01,4.544253223341502244e-03,1.307890348043432394e-07
1.055355535553555235e+01,4.544128359544154575e-03,-1.692585865756665940e-07
1.055505550555055372e+01,4.544003819065944860e-03,-3.911982359130257198e-07
1.055655565556555509e+01,4.543879661494790168e-03,-5.204771123054783215e-07
1.055805580558055823e+01,4.543755915488960698e-03,-5.500951073788312185e-07
1.055955595559555960e+01,4.543632578777076318e-03,-4.806048052869360789e-07
1.056105610561056096e+01,4.543509618158110032e-03,-3.201114827119009653e-07
1.056255625562556233e+01,4.543386969501387977e-03,-8.427310886382775538e-08
1.056405640564056370e+01,4.543264537746586826e-03,2.036996545191006144e-07
1.056555655565556506e+01,4.543142196903736385e-03,5.130434531706106194e-07
1.056705670567056643e+01,4.543019790053218730e-03,8.054422402963412171e-07
1.056855685568556780e+01,4.542897129345765603e-03,1.035027276573848188e-06
1.057005700570056916e+01,4.542773996002464482e-03,1.148377130152600326e-06
1.057155715571557053e+01,4.542650140314751644e-03,1.084517676653977105e-06
1.057305730573057190e+01,4.542525671232372150e-03,8.700347714880137558e-07
1.057455745574557326e+01,4.542401087049484538e-03,6.265884437944792822e-07
1.057605760576057463e+01,4.542276501403757528e-03,3.819415521728896511e-07
1.057755775577557600e+01,4.542152005402934865e-03,1.583533771394621811e-07
1.057905790579057914e+01,4.542027670454718349e-03,-2.672954650819575629e-08
1.058055805580558051e+01,4.541903548266771305e-03,-1.606734296902561153e-07
1.058205820582058188e+01,4.541779670846711643e-03,-2.356572290460071114e-07
1.058355835583558324e+01,4.541656050502118798e-03,-2.486726469329107911e-07
1.058505850585058461e+01,4.541532679840530259e-03,-2.015241314268494132e-07
1.058655865586558598e+01,4.541409531769439838e-03,-1.008288763221203657e-07
1.058805880588058734e+01,4.541286559496302867e-03,4.198317886855896277e-08
1.058955895589558871e+01,4.541163696528531871e-03,2.106693489140529837e-07
1.059105910591059008e+01,4.541040856673498292e-03,3.841742028648065318e-07
1.059255925592559144e+01,4.540917934038530765e-03,5.366295640528492062e-07
1.059405940594059281e+01,4.540794803030918578e-03,6.373545100917884884e-07
1.059555955595559418e+01,4.540671318357908208e-03,6.508553728768126006e-07
1.059705970597059554e+01,4.540547369934912376e-03,5.502348900479235109e-07
1.059855985598559869e+01,4.540423213676339671e-03,3.979888021967416406e-07
1.060006000600060005e+01,4.540298985840332882e-03,2.274111066910647850e-07
1.060156015601560142e+01,4.540174765824947847e-03,5.790872580928503079e-08
1.060306030603060279e+01,4.540050619114441473e-03,-9.451215374100352550e-08
1.060456045604560416e+01,4.539926597279278671e-03,-2.172460808231660843e-07
1.060606060606060552e+01,4.539802737976126289e-03,-3.010883398715253431e-07
1.060756075607560689e+01,4.539679064947854843e-03,-3.402349508913647256e-07
1.060906090609060826e+01,4.539555588023538521e-03,-3.322826694589243586e-07
1.061056105610560962e+01,4.539432303118457780e-03,-2.782289867214047775e-07
1.061206120612061099e+01,4.539309192234093279e-03,-1.824721293969634325e-07
1.061356135613561236e+01,4.539186223458133683e-03,-5.281105977471966451e-08
1.061506150615061372e+01,4.539063350964467856e-03,9.955452428525217634e-08
1.061656165616561509e+01,4.538940515013191804e-03,2.600241893519156373e-07
1.061806180618061823e+01,4.538817641950602597e-03,4.105967664234412520e-07
1.061956195619561960e+01,4.538694644209203578e-03,5.298703509264977850e-07
1.062106210621062097e+01,4.538571420307700895e-03,5.930423027173580341e-07
1.062256225622562233e+01,4.538447854851003493e-03,5.719092460811453941e-07
1.062406240624062370e+01,4.538323887649656392e-03,4.517453506285347885e-07
1.062556255625562507e+01,4.538199678927062712e-03,2.716852529197490861e-07
1.062706270627062644e+01,4.538075351777372778e-03,6.182909405032409433e-08
1.062856285628562780e+01,4.537951009210881327e-03,-1.526322599286866584e-07
1.063006300630062917e+01,4.537826737913686764e-03,-3.504998587955861608e-07
1.063156315631563054e+01,4.537702608247684219e-03,-5.145666681580357193e-07
1.063306330633063190e+01,4.537578674250569884e-03,-6.316175694530532634e-07
1.063456345634563327e+01,4.537454973635839280e-03,-6.924293599470141931e-07
1.063606360636063464e+01,4.537331527792787256e-03,-6.917707527356503196e-07
1.063756375637563600e+01,4.537208341786508857e-03,-6.284023767440523014e-07
1.063906390639063915e+01,4.537085404357898456e-03,-5.050767767264883782e-07
1.064056405640564051e+01,4.536962687923650622e-03,-3.285384132670623045e-07
1.064206420642064188e+01,4.536840148576259252e-03,-1.095236627788317999e-07
1.064356435643564325e+01,4.536717726084017570e-03,1.372391824956836549e-07
1.064506450645064461e+01,4.536595343891018997e-03,3.930299144846004915e-07
1.064656465646564598e+01,4.536472909117156282e-03,6.351364092866792590e-07
1.064806480648064735e+01,4.536350312558123238e-03,8.368546271713302362e-07
1.064956495649564872e+01,4.536227428685410401e-03,9.674886125785921498e-07
1.065106510651065008e+01,4.536104115646311108e-03,9.923504941191618729e-07
1.065256525652565145e+01,4.535980219184547468e-03,8.737171886105718232e-07
1.065406540654065282e+01,4.535855782594931662e-03,6.221226205745189856e-07
1.065556555655565418e+01,4.535731033311519653e-03,2.931804706717702828e-07
1.065706570657065555e+01,4.535606159732743711e-03,-6.701297824113229936e-08
1.065856585658565869e+01,4.535481322948926343e-03,-4.190428745802643891e-07
1.066006600660066006e+01,4.535356656742283755e-03,-7.301757980326614795e-07
1.066156615661566143e+01,4.535232267586923258e-03,-9.743597595588744268e-07
1.066306630663066279e+01,4.535108234648844994e-03,-1.132224201391248068e-06
1.066456645664566416e+01,4.534984609785941076e-03,-1.191079997034342830e-06
1.066606660666066553e+01,4.534861417547994718e-03,-1.144919451264942990e-06
1.066756675667566689e+01,4.534738655176682835e-03,-9.944163001320482065e-07
1.066906690669066826e+01,4.534616292605573445e-03,-7.469257109568777493e-07
1.067056705670566963e+01,4.534494272460126534e-03,-4.164842823328726221e-07
1.067206720672067100e+01,4.534372510057695788e-03,-2.381004412569301924e-08
1.067356735673567236e+01,4.534250893407525129e-03,4.036975425267841092e-07
1.067506750675067373e+01,4.534129283210752183e-03,8.319575852144588104e-07
1.067656765676567510e+01,4.534007512860404807e-03,1.220207760255021682e-06
1.067806780678067824e+01,4.533885388441403694e-03,1.521004312694209250e-06
1.067956795679567961e+01,4.533762688730564108e-03,1.680222056304500920e-06
1.068106810681068097e+01,4.533639165196588945e-03,1.637054373587341055e-06
1.068256825682568234e+01,4.533514676083315841e-03,1.356802835090067012e-06
1.068406840684068371e+01,4.533389734048148302e-03,9.648430244779394658e-07
1.068556855685568507e+01,4.533264623154772098e-03,5.306983388759584478e-07
1.068706870687068644e+01,4.533139542223880644e-03,1.030405416337615972e-07
1.068856885688568781e+01,4.533014654688531826e-03,-2.781212271139599805e-07
1.069006900690068917e+01,4.532890088594149734e-03,-5.814404504474572660e-07
1.069156915691569054e+01,4.532765936598522928e-03,-7.842332346619269269e-07
1.069306930693069191e+01,4.532642255971805305e-03,-8.724783092675102581e-07
1.069456945694569328e+01,4.532519068596516099e-03,-8.408170269892921235e-07
1.069606960696069464e+01,4.532396360967540748e-03,-6.925533637673005324e-07
1.069756975697569601e+01,4.532274084192127427e-03,-4.396539187565112982e-07
1.069906990699069915e+01,4.532152153989891380e-03,-1.027479143264005930e-07
1.070057005700570052e+01,4.532030450692812323e-03,2.888728039373317635e-07
1.070207020702070189e+01,4.531908819245236177e-03,6.972537672352306643e-07
1.070357035703570325e+01,4.531787069203873329e-03,1.075777883552530880e-06
1.070507050705070462e+01,4.531664974737797773e-03,1.369165437659520223e-06
1.070657065706570599e+01,4.531542274628451439e-03,1.513474091111558186e-06
1.070807080708070735e+01,4.531418672269638993e-03,1.436098882249049785e-06
1.070957095709570872e+01,4.531294261004989270e-03,1.159869011753934955e-06
1.071107110711071009e+01,4.531169696606606422e-03,8.452872531282050096e-07
1.071257125712571145e+01,4.531045130599274488e-03,5.294634655298616723e-07
1.071407140714071282e+01,4.530920679594269661e-03,2.409586709477594596e-07
1.071557155715571419e+01,4.530796434770540879e-03,2.105314263938383494e-09
1.071707170717071556e+01,4.530672461874705494e-03,-1.709927367463758364e-07
1.071857185718571870e+01,4.530548801221053606e-03,-2.684601914148392178e-07
1.072007200720072007e+01,4.530425467691547199e-03,-2.866503361796226444e-07
1.072157215721572143e+01,4.530302450735818401e-03,-2.281450345861100330e-07
1.072307230723072280e+01,4.530179714371170355e-03,-1.017547272863390801e-07
1.072457245724572417e+01,4.530057197182578953e-03,7.748156796083801386e-08
1.072607260726072553e+01,4.529934812322689366e-03,2.882962562897600501e-07
1.072757275727572690e+01,4.529812447511818649e-03,5.031931657279442320e-07
1.072907290729072827e+01,4.529689965037955734e-03,6.884475471961016230e-07
1.073057305730572963e+01,4.529567201756760572e-03,8.041060745081212655e-07
1.073207320732073100e+01,4.529443969091563257e-03,8.039868443710863796e-07
1.073357335733573237e+01,4.529320182080450417e-03,6.672758950274858637e-07
1.073507350735073373e+01,4.529196230638686191e-03,4.894432670403090934e-07
1.073657365736573510e+01,4.529072243278722994e-03,3.019709177782237373e-07
1.073807380738073824e+01,4.528948297421812527e-03,1.238295080683834908e-07
1.073957395739573961e+01,4.528824455301277453e-03,-2.973160720788570303e-08
1.074107410741074098e+01,4.528700763962507925e-03,-1.471843791163785431e-07
1.074257425742574235e+01,4.528577255262964188e-03,-2.207220646691322617e-07
1.074407440744074371e+01,4.528453945872173980e-03,-2.462592268246436241e-07
1.074557455745574508e+01,4.528330837271734265e-03,-2.234317344878736926e-07
1.074707470747074645e+01,4.528207915755312098e-03,-1.555967625102431684e-07
1.074857485748574781e+01,4.528085152428642894e-03,-4.983279168963577936e-08
1.075007500750074918e+01,4.527962503209529560e-03,8.306039122960362574e-08
1.075157515751575055e+01,4.527839908827846829e-03,2.285616935566690771e-07
1.075307530753075191e+01,4.527717294825535192e-03,3.684287166542908899e-07
1.075457545754575328e+01,4.527594571556606967e-03,4.806977559387432348e-07
1.075607560756075465e+01,4.527471634187140229e-03,5.396838008798301617e-07
1.075757575757575601e+01,4.527348362695284879e-03,5.159805350008999995e-07
1.075907590759075916e+01,4.527224734623911881e-03,4.040715754371494560e-07
1.076057605760576052e+01,4.527100939179325503e-03,2.502981311689685752e-07
1.076207620762076189e+01,4.526977072612676026e-03,7.825489047217767565e-08
1.076357635763576326e+01,4.526853215263287183e-03,-9.236330294404058827e-08
1.076507650765076463e+01,4.526729433808268990e-03,-2.452107173563622361e-07
1.076657665766576599e+01,4.526605781262521208e-03,-3.672907330273207441e-07
1.076807680768076736e+01,4.526482296978730745e-03,-4.489558422053077330e-07
1.076957695769576873e+01,4.526359006647373388e-03,-4.839076491245738155e-07
1.077107710771077009e+01,4.526235922296712073e-03,-4.691968700052270081e-07
1.077257725772577146e+01,4.526113042292798615e-03,-4.052233330532326246e-07
1.077407740774077283e+01,4.525990351339472841e-03,-2.957359784604164531e-07
1.077557755775577419e+01,4.525867820478362592e-03,-1.478328584044594619e-07
1.077707770777077556e+01,4.525745407088883725e-03,2.803886295109695958e-08
1.077857785778577870e+01,4.525623054888239238e-03,2.180829094570809703e-07
1.078007800780078007e+01,4.525500693931422749e-03,4.051538929777685467e-07
1.078157815781578144e+01,4.525378240611214152e-03,5.687573133922580058e-07
1.078307830783078280e+01,4.525255597658182222e-03,6.850495585935733673e-07
1.078457845784578417e+01,4.525132654140682012e-03,7.268379044888786535e-07
1.078607860786078554e+01,4.525009285501209455e-03,6.635893915245713583e-07
1.078757875787578691e+01,4.524885455785306390e-03,4.864540998853105362e-07
1.078907890789078827e+01,4.524761329018486475e-03,2.356240900922277018e-07
1.079057905790578964e+01,4.524637061560635685e-03,-5.054992052021683894e-08
1.079207920792079101e+01,4.524512788300158288e-03,-3.389834513343987147e-07
1.079357935793579237e+01,4.524388622653969898e-03,-6.018582584495285358e-07
1.079507950795079374e+01,4.524264656567502686e-03,-8.166223346816536411e-07
1.079657965796579511e+01,4.524140960514701909e-03,-9.659899095636564572e-07
1.079807980798079647e+01,4.524017583498030244e-03,-1.037941449345255874e-06
1.079957995799579962e+01,4.523894553048462587e-03,-1.025723656992938849e-06
1.080108010801080098e+01,4.523771875225488653e-03,-9.278494721901272692e-07
1.080258025802580235e+01,4.523649534617113846e-03,-7.480980713370881690e-07
1.080408040804080372e+01,4.523527494339859255e-03,-4.955148675508890475e-07
1.080558055805580508e+01,4.523405696038757320e-03,-1.844115106654338676e-07
1.080708070807080645e+01,4.523284059887357905e-03,1.656341127685402258e-07
1.080858085808580782e+01,4.523162484587724824e-03,5.297778794834528479e-07
1.081008100810080919e+01,4.523040847370435845e-03,8.779094294949013376e-07
1.081158115811581055e+01,4.522919003994585289e-03,1.174652166101637464e-06
1.081308130813081192e+01,4.522796788747781432e-03,1.379363255885582356e-06
1.081458145814581329e+01,4.522674014446144766e-03,1.446133628711800350e-06
1.081608160816081465e+01,4.522550472434314073e-03,1.323787977728570775e-06
1.081758175817581602e+01,4.522426323836983668e-03,1.051817714642234063e-06
1.081908190819081916e+01,4.522302026407198222e-03,7.424774181013741930e-07
1.082058205820582053e+01,4.522177724010299250e-03,4.310717939583789756e-07
1.082208220822082190e+01,4.522053534790219757e-03,1.465938699064447880e-07
1.082358235823582326e+01,4.521929551449853715e-03,-8.820626619123899728e-08
1.082508250825082463e+01,4.521805841251053462e-03,-2.568214663018382488e-07
1.082658265826582600e+01,4.521682446014632303e-03,-3.489875222228778880e-07
1.082808280828082736e+01,4.521559382120364512e-03,-3.606831655822377598e-07
1.082958295829582873e+01,4.521436640506984461e-03,-2.941300678381564445e-07
1.083108310831083010e+01,4.521314186672185757e-03,-1.577928402792287165e-07
1.083258325832583147e+01,4.521191960672624709e-03,3.362096597559191465e-08
1.083408340834083283e+01,4.521069877123914255e-03,2.591608599769989216e-07
1.083558355835583420e+01,4.520947825200630904e-03,4.916334109453243949e-07
1.083708370837083557e+01,4.520825668636310399e-03,6.976022482705434897e-07
1.083858385838583871e+01,4.520703245723448581e-03,8.373880615123896223e-07
1.084008400840084008e+01,4.520580369313500525e-03,8.650686003997356070e-07
1.084158415841584144e+01,4.520456885723805884e-03,7.429300143629945341e-07
1.084308430843084281e+01,4.520333166548626096e-03,5.621317033516281540e-07
1.084458445844584418e+01,4.520209398849193115e-03,3.685806793438517647e-07
1.084608460846084554e+01,4.520085664078917799e-03,1.822748752066488869e-07
1.084758475847584691e+01,4.519962028005025147e-03,1.936127752210264770e-08
1.084908490849084828e+01,4.519838540708549096e-03,-1.078640734126045376e-07
1.085058505850584964e+01,4.519715236584331657e-03,-1.909560835851905947e-07
1.085208520852085101e+01,4.519592134341028113e-03,-2.253206052682737371e-07
1.085358535853585238e+01,4.519469237001100953e-03,-2.102144370193737372e-07
1.085508550855085375e+01,4.519346531900825074e-03,-1.487453236809086435e-07
1.085658565856585511e+01,4.519223990690284312e-03,-4.787195638020007492e-08
1.085808580858085648e+01,4.519101569333373175e-03,8.159602747053249673e-08
1.085958595859585962e+01,4.518979208107794243e-03,2.249980441743377654e-07
1.086108610861086099e+01,4.518856831605063372e-03,3.638225637488353766e-07
1.086258625862586236e+01,4.518734348730504488e-03,4.757071099272647130e-07
1.086408640864086372e+01,4.518611652703252192e-03,5.344382601577933453e-07
1.086558655865586509e+01,4.518488621056250022e-03,5.099516456036997791e-07
1.086708670867086646e+01,4.518365240188660509e-03,3.988944447660336954e-07
1.086858685868586782e+01,4.518241705464327677e-03,2.492121658712118317e-07
1.087008700870086919e+01,4.518118108495678374e-03,8.340655768346435513e-08
1.087158715871587056e+01,4.517994525748191513e-03,-7.974042463862964996e-08
1.087308730873087192e+01,4.517871020414286273e-03,-2.247069179746205060e-07
1.087458745874587329e+01,4.517747642413327304e-03,-3.392311512421883129e-07
1.087608760876087466e+01,4.517624428391621254e-03,-4.143114453971428418e-07
1.087758775877587603e+01,4.517501401722419374e-03,-4.442062134334235884e-07
1.087908790879087917e+01,4.517378572505915783e-03,-4.264339603830507510e-07
1.088058805880588054e+01,4.517255937569248335e-03,-3.617732833162668961e-07
1.088208820882088190e+01,4.517133480466496882e-03,-2.542628713414133984e-07
1.088358835883588327e+01,4.517011171478686749e-03,-1.112015056049511921e-07
1.088508850885088464e+01,4.516888967613784389e-03,5.685194070852742256e-08
1.088658865886588600e+01,4.516766812606701730e-03,2.360785023763011624e-07
1.088808880888088737e+01,4.516644636919292695e-03,4.093991221375188608e-07
1.088958895889588874e+01,4.516522357740354078e-03,5.564746506932004739e-07
1.089108910891089010e+01,4.516399878985629009e-03,6.537058467062353335e-07
1.089258925892589147e+01,4.516277091297800014e-03,6.742333768013817761e-07
1.089408940894089284e+01,4.516153875590102340e-03,5.888056621804169357e-07
1.089558955895589420e+01,4.516030250547939037e-03,4.019686910774928293e-07
1.089708970897089557e+01,4.515906378862837890e-03,1.536827404071926899e-07
1.089858985898589872e+01,4.515782404264797288e-03,-1.207301571706663229e-07
1.090009000900090008e+01,4.515658450132373734e-03,-3.909492737175039807e-07
1.090159015901590145e+01,4.515534619492682714e-03,-6.316551860179803789e-07
1.090309030903090282e+01,4.515410995021399559e-03,-8.225297755786820820e-07
1.090459045904590418e+01,4.515287639042756852e-03,-9.482562286284362141e-07
1.090609060906090555e+01,4.515164593529547021e-03,-9.985190361183117298e-07
1.090759075907590692e+01,4.515041880103120610e-03,-9.680039937216206847e-07
1.090909090909090828e+01,4.514919500033388010e-03,-8.563982018339157996e-07
1.091059105910590965e+01,4.514797434238817728e-03,-6.683900655729910965e-07
1.091209120912091102e+01,4.514675643286437251e-03,-4.136692947788820041e-07
1.091359135913591238e+01,4.514554067391833049e-03,-1.069269040138709696e-07
1.091509150915091375e+01,4.514432626419149705e-03,2.321447874375281060e-07
1.091659165916591512e+01,4.514311219881091651e-03,5.788521555685531383e-07
1.091809180918091648e+01,4.514189726938921433e-03,9.035002716501953423e-07
1.091959195919591963e+01,4.514068006402461447e-03,1.171392902231482035e-06
1.092109210921092100e+01,4.513945896730091334e-03,1.342832509138255851e-06
1.092259225922592236e+01,4.513823216028750585e-03,1.373120249475126727e-06
1.092409240924092373e+01,4.513699772303191374e-03,1.215073713535556972e-06
1.092559255925592510e+01,4.513575866018263751e-03,9.424957598108901014e-07
1.092709270927092646e+01,4.513451838942221170e-03,6.393719931035008787e-07
1.092859285928592783e+01,4.513327827630988186e-03,3.392790788308293081e-07
1.093009300930092920e+01,4.513203943750126144e-03,6.967391006884213642e-08
1.093159315931593056e+01,4.513080274074830582e-03,-1.481063924479639708e-07
1.093309330933093193e+01,4.512956880489939031e-03,-2.988444803265671934e-07
1.093459345934593330e+01,4.512833799989921478e-03,-3.734427775154150512e-07
1.093609360936093466e+01,4.512711044678889907e-03,-3.689234803044287449e-07
1.093759375937593603e+01,4.512588601770589625e-03,-2.884285573250020975e-07
1.093909390939093917e+01,4.512466433588405330e-03,-1.412197495497908544e-07
1.094059405940594054e+01,4.512344477565359384e-03,5.732142970650126959e-08
1.094209420942094191e+01,4.512222646244109202e-03,2.856936947881928164e-07
1.094359435943594328e+01,4.512100827276951595e-03,5.162759876979971455e-07
1.094509450945094464e+01,4.511978883425819299e-03,7.153274780971537233e-07
1.094659465946594601e+01,4.511856652562283576e-03,8.429875633054319354e-07
1.094809480948094738e+01,4.511733947667551613e-03,8.532758683011188044e-07
1.094959495949594874e+01,4.511610653056817057e-03,7.177446541147291450e-07
1.095109510951095011e+01,4.511487161956991010e-03,5.330510390977983007e-07
1.095259525952595148e+01,4.511363628390855848e-03,3.370717279791610390e-07
1.095409540954095284e+01,4.511240134171338664e-03,1.499322955909015993e-07
1.095559555955595421e+01,4.511116745131726197e-03,-1.217236535118715099e-08
1.095709570957095558e+01,4.510993511125662228e-03,-1.369780442476031871e-07
1.095859585958595872e+01,4.510870466027149320e-03,-2.161512126152004423e-07
1.096009600960096009e+01,4.510747627730547077e-03,-2.452890240868700063e-07
1.096159615961596145e+01,4.510624998150575618e-03,-2.239193144121097546e-07
1.096309630963096282e+01,4.510502563222311238e-03,-1.555006014565886558e-07
1.096459645964596419e+01,4.510380292901189012e-03,-4.742208520226260376e-08
1.096609660966096556e+01,4.510258141163002790e-03,8.899635225261615946e-08
1.096759675967596692e+01,4.510136046003903471e-03,2.385041466935076197e-07
1.096909690969096829e+01,4.510013929440401595e-03,3.819200517895809733e-07
1.097059705970596966e+01,4.509891697509364750e-03,4.961321390937083269e-07
1.097209720972097102e+01,4.509769240268019300e-03,5.540977980424824856e-07
1.097359735973597239e+01,4.509646431793950389e-03,5.248437359561913300e-07
1.097509750975097376e+01,4.509523269193907273e-03,4.076427227990514327e-07
1.097659765976597512e+01,4.509399951371822340e-03,2.514060164956443465e-07
1.097809780978097649e+01,4.509276572090919338e-03,7.920910008574270692e-08
1.097959795979597963e+01,4.509153210280227378e-03,-8.952292261049993172e-08
1.098109810981098100e+01,4.509029931049581517e-03,-2.387658400691712622e-07
1.098259825982598237e+01,4.508906785689619293e-03,-3.558963330638285810e-07
1.098409840984098373e+01,4.508783811671783319e-03,-4.316919746646697550e-07
1.098559855985598510e+01,4.508661032648317822e-03,-4.603312302387379915e-07
1.098709870987098647e+01,4.508538458452272107e-03,-4.393934574499249088e-07
1.098859885988598784e+01,4.508416085097500560e-03,-3.698589062589659835e-07
1.099009900990098920e+01,4.508293894778658308e-03,-2.561087189234430913e-07
1.099159915991599057e+01,4.508171855871207293e-03,-1.059249299977860955e-07
1.099309930993099194e+01,4.508049922931411067e-03,6.950953366672932369e-08
1.099459945994599330e+01,4.507928036696338264e-03,2.556108529219832043e-07
1.099609960996099467e+01,4.507806124083860860e-03,4.343943163230078089e-07
1.099759975997599604e+01,4.507684098192655045e-03,5.844743201279911179e-07
1.099909990999099918e+01,4.507561858302199485e-03,6.810643682983451753e-07
1.100060006000600055e+01,4.507439289872777928e-03,6.959770724983032713e-07
1.100210021002100191e+01,4.507316271695782986e-03,5.993798425260011806e-07
1.100360036003600328e+01,4.507192850496256030e-03,4.027271085604760350e-07
1.100510051005100465e+01,4.507069195395067146e-03,1.476437222702964381e-07
1.100660066006600601e+01,4.506945450300036023e-03,-1.304352978896172988e-07
1.100810081008100738e+01,4.506821738303607751e-03,-4.012002651802918903e-07
1.100960096009600875e+01,4.506698161682858896e-03,-6.394668245787006534e-07
1.101110111011101012e+01,4.506574801899491424e-03,-8.251759527777631898e-07
1.101260126012601148e+01,4.506451719599837043e-03,-9.433939581863464445e-07
1.101410141014101285e+01,4.506328954614855463e-03,-9.843124809292639652e-07
1.101560156015601422e+01,4.506206525960133533e-03,-9.432484928472752664e-07
1.101710171017101558e+01,4.506084431835887839e-03,-8.206442974970875237e-07
1.101860186018601873e+01,4.505962649626961240e-03,-6.220675301510798648e-07
1.102010201020102009e+01,4.505841135902826332e-03,-3.582111577983337849e-07
1.102160216021602146e+01,4.505719826417582848e-03,-4.489347914320949577e-08
1.102310231023102283e+01,4.505598636109960260e-03,2.969418753937876648e-07
1.102460246024602419e+01,4.505477459103314312e-03,6.412259436762167683e-07
1.102610261026102556e+01,4.505356168705629619e-03,9.567644318516818135e-07
1.102760276027602693e+01,4.505234617409519665e-03,1.207237714351840197e-06
1.102910291029102829e+01,4.505112636892225075e-03,1.351200833892409594e-06
1.103060306030602966e+01,4.504990038015614477e-03,1.342083501473162351e-06
1.103210321032103103e+01,4.504866672694002663e-03,1.143418175716823550e-06
1.103360336033603240e+01,4.504742969105920460e-03,8.605960157145768074e-07
1.103510351035103376e+01,4.504619178288589258e-03,5.554385085240813505e-07
1.103660366036603513e+01,4.504495431535091368e-03,2.602915038831807759e-07
1.103810381038103650e+01,4.504371835130567200e-03,1.340138924321959178e-09
1.103960396039603964e+01,4.504248470352216135e-03,-2.013911618256469617e-07
1.104110411041104101e+01,4.504125393469299125e-03,-3.340386864445847672e-07
1.104260426042604237e+01,4.504002635743136959e-03,-3.888994356165209346e-07
1.104410441044104374e+01,4.503880203427108528e-03,-3.644311226306089173e-07
1.104560456045604511e+01,4.503758077766652559e-03,-2.652521733813961364e-07
1.104710471047104647e+01,4.503636214999270221e-03,-1.021417263688299100e-07
1.104860486048604784e+01,4.503514546354519046e-03,1.079603673017448762e-07
1.105010501050104921e+01,4.503392978054019009e-03,3.419535439195870392e-07
1.105160516051605057e+01,4.503271391311448185e-03,5.705765271685562404e-07
1.105310531053105194e+01,4.503149642332543619e-03,7.584073281271135147e-07
1.105460546054605331e+01,4.503027562315105661e-03,8.638632452683266702e-07
1.105610561056105468e+01,4.502904957448990164e-03,8.392008644598617124e-07
1.105760576057605604e+01,4.502781814142764460e-03,6.810611032555886609e-07
1.105910591059105919e+01,4.502658537033403519e-03,4.891059018859613347e-07
1.106060606060606055e+01,4.502535236378684205e-03,2.905080705383890294e-07
1.106210621062106192e+01,4.502411991972103851e-03,1.049348677043855053e-07
1.106360636063606329e+01,4.502288867306171449e-03,-5.196402261293265643e-08
1.106510651065106465e+01,4.502165909572409391e-03,-1.685564908990609879e-07
1.106660666066606602e+01,4.502043149661354333e-03,-2.372280021281054407e-07
1.106810681068106739e+01,4.501920602162557197e-03,-2.543815957627865153e-07
1.106960696069606875e+01,4.501798265364580567e-03,-2.204378857544335433e-07
1.107110711071107012e+01,4.501676121255002161e-03,-1.398350605429896639e-07
1.107260726072607149e+01,4.501554135520411358e-03,-2.102888305700949461e-08
1.107410741074107285e+01,4.501432257546411804e-03,1.235073092863428806e-07
1.107560756075607422e+01,4.501310420417622277e-03,2.772826045812873466e-07
1.107710771077107559e+01,4.501188540917672350e-03,4.197885164334358572e-07
1.107860786078607873e+01,4.501066519529206729e-03,5.264989839598821671e-07
1.108010801080108010e+01,4.500944240433882651e-03,5.688703717887265413e-07
1.108160816081608147e+01,4.500821573890512704e-03,5.149272084427759408e-07
1.108310831083108283e+01,4.500698598032005018e-03,3.839029328752591934e-07
1.108460846084608420e+01,4.500575488402691268e-03,2.190574012672512293e-07
1.108610861086108557e+01,4.500452336335672258e-03,4.291233610234625842e-08
1.108760876087608693e+01,4.500329219020808395e-03,-1.254979877797635054e-07
1.108910891089108830e+01,4.500206199504724024e-03,-2.706267431832867325e-07
1.109060906090608967e+01,4.500083326690804825e-03,-3.804145505563348836e-07
1.109210921092109103e+01,4.499960635339196081e-03,-4.462894779909201447e-07
1.109360936093609240e+01,4.499838146066807883e-03,-4.631670412229565921e-07
1.109510951095109377e+01,4.499715865347309919e-03,-4.294502036322606158e-07
1.109660966096609513e+01,4.499593785511134085e-03,-3.470293762425483783e-07
1.109810981098109650e+01,4.499471884745473611e-03,-2.212824177214406852e-07
1.109960996099609964e+01,4.499350127094283065e-03,-6.107463438025249742e-08
1.110111011101110101e+01,4.499228462458280953e-03,1.212412198252005875e-07
1.110261026102610238e+01,4.499106826594944514e-03,3.098249432957614472e-07
1.110411041104110375e+01,4.498985141118514060e-03,4.853488867882020859e-07
1.110561056105610511e+01,4.498863313499992106e-03,6.249979534153867945e-07
1.110711071107110648e+01,4.498741237067141636e-03,7.024695986462829497e-07
1.110861086108610785e+01,4.498618791004486972e-03,6.879738303059610678e-07
1.111011101110110921e+01,4.498495874263448886e-03,5.565812601332784005e-07
1.111161116111611058e+01,4.498372608481515655e-03,3.382449167925178889e-07
1.111311131113111195e+01,4.498249156586636190e-03,7.315550005651915635e-08
1.111461146114611331e+01,4.498125656074047907e-03,-2.047647812847848322e-07
1.111611161116111468e+01,4.498002223501647821e-03,-4.667591534811939943e-07
1.111761176117611605e+01,4.497878954489989076e-03,-6.892362778222403896e-07
1.111911191119111919e+01,4.497755923722284409e-03,-8.537702506373468259e-07
1.112061206120612056e+01,4.497633184944405289e-03,-9.471006032951115405e-07
1.112211221122112192e+01,4.497510770964879313e-03,-9.611323022045047400e-07
1.112361236123612329e+01,4.497388693654896276e-03,-8.929357488139997560e-07
1.112511251125112466e+01,4.497266943948299497e-03,-7.447467796117994147e-07
1.112661266126612603e+01,4.497145491841594497e-03,-5.239666661258415430e-07
1.112811281128112739e+01,4.497024286393942055e-03,-2.431621149237999209e-07
1.112961296129612876e+01,4.496903255727164282e-03,7.993473238692884712e-08
1.113111311131113013e+01,4.496782307025739417e-03,4.224262991591992861e-07
1.113261326132613149e+01,4.496661326536804427e-03,7.562495737061474379e-07
1.113411341134113286e+01,4.496540179570154144e-03,1.048176109301167038e-06
1.113561356135613423e+01,4.496418710498242995e-03,1.259812024177924127e-06
1.113711371137113559e+01,4.496296742756183268e-03,1.347598001530349005e-06
1.113861386138613874e+01,4.496174078841744248e-03,1.262809289512412719e-06
1.114011401140114010e+01,4.496050759667734667e-03,1.015519669186994535e-06
1.114161416141614147e+01,4.495927253457794939e-03,7.212185993012956501e-07
1.114311431143114284e+01,4.495803715051054431e-03,4.181249652856921419e-07
1.114461446144614420e+01,4.495680265717835918e-03,1.361738082292288512e-07
1.114611461146114557e+01,4.495557001731097756e-03,-1.008699595332817125e-07
1.114761476147614694e+01,4.495433994366439950e-03,-2.754115544212615941e-07
1.114911491149114831e+01,4.495311289902098086e-03,-3.760263216083659111e-07
1.115061506150614967e+01,4.495188909618949395e-03,-3.974597350224816888e-07
1.115211521152115104e+01,4.495066849800508427e-03,-3.406273973457291310e-07
1.115361536153615241e+01,4.494945081732927908e-03,-2.126150400144650078e-07
1.115511551155115377e+01,4.494823551704999615e-03,-2.667852321927482077e-08
1.115661566156615514e+01,4.494702181008155238e-03,1.977561640950210561e-07
1.115811581158115651e+01,4.494580865936462916e-03,4.350929042293670588e-07
1.115961596159615965e+01,4.494459477786631567e-03,6.535654507307111905e-07
1.116111611161116102e+01,4.494337862858008292e-03,8.152374283909731240e-07
1.116261626162616238e+01,4.494215842452577506e-03,8.760023332486747401e-07
1.116411641164116375e+01,4.494093221293405695e-03,7.876608415788970779e-07
1.116561656165616512e+01,4.493970239332555419e-03,6.094163676307092196e-07
1.116711671167116648e+01,4.493847174113330123e-03,4.097714447901814653e-07
1.116861686168616785e+01,4.493724117239265327e-03,2.113481557142587071e-07
1.117011701170116922e+01,4.493601143712322270e-03,3.266893404465397395e-08
1.117161716171617059e+01,4.493478311932888776e-03,-1.118434355921516748e-07
1.117311731173117195e+01,4.493355663699776653e-03,-2.118658175849086729e-07
1.117461746174617332e+01,4.493233224210221692e-03,-2.611747253376011172e-07
1.117611761176117469e+01,4.493111002059886269e-03,-2.576463212694433803e-07
1.117761776177617605e+01,4.492988989242857611e-03,-2.032564168148818040e-07
1.117911791179117920e+01,4.492867161151646929e-03,-1.040804724234557862e-07
1.118061806180618056e+01,4.492745476577191151e-03,2.970640243967589411e-08
1.118211821182118193e+01,4.492623877708853790e-03,1.838294492944593959e-07
1.118361836183618330e+01,4.492502290134421476e-03,3.399142606455140408e-07
1.118511851185118466e+01,4.492380622840105690e-03,4.754867799822281873e-07
1.118661866186618603e+01,4.492258768210543630e-03,5.639733017787588595e-07
1.118811881188118740e+01,4.492136602028799081e-03,5.747004714940271943e-07
1.118961896189618876e+01,4.492014023090682914e-03,4.826723222464976248e-07
1.119111911191119013e+01,4.491891214247091015e-03,3.330159466561430198e-07
1.119261926192619150e+01,4.491768305846437735e-03,1.579269576988714907e-07
1.119411941194119287e+01,4.491645385777198220e-03,-2.087997190991811558e-08
1.119561956195619423e+01,4.491522527428118937e-03,-1.852725000296206696e-07
1.119711971197119560e+01,4.491399789688225487e-03,-3.207006150944250762e-07
1.119861986198619874e+01,4.491277216946813929e-03,-4.161966361134013079e-07
1.120012001200120011e+01,4.491154839093457717e-03,-4.643752126700950989e-07
1.120162016201620148e+01,4.491032671518005101e-03,-4.614333249232208187e-07
1.120312031203120284e+01,4.490910715110579127e-03,-4.071502836061485930e-07
1.120462046204620421e+01,4.490788956261576766e-03,-3.048877300270411001e-07
1.120612061206120558e+01,4.490667366861669785e-03,-1.615896360688590764e-07
1.120762076207620694e+01,4.490545904301806480e-03,1.221769581064810703e-08
1.120912091209120831e+01,4.490424511473208209e-03,2.024256325789316975e-07
1.121062106210620968e+01,4.490303116767371122e-03,3.913432106286531427e-07
1.121212121212121104e+01,4.490181634076067900e-03,5.576971357776764678e-07
1.121362136213621241e+01,4.490059962791344284e-03,6.766317832690742040e-07
1.121512151215121378e+01,4.489937987805522543e-03,7.197091977711226777e-07
1.121662166216621515e+01,4.489815579692092370e-03,6.549536787244496769e-07
1.121812181218121651e+01,4.489692724113650973e-03,4.787875546520469511e-07
1.121962196219621966e+01,4.489569597523904165e-03,2.347921775521590822e-07
1.122112211221122102e+01,4.489446349562667242e-03,-4.004207314476108946e-08
1.122262226222622239e+01,4.489323108741226885e-03,-3.139475832513119186e-07
1.122412241224122376e+01,4.489199982442339427e-03,-5.603795038220135425e-07
1.122562256225622512e+01,4.489077056920234322e-03,-7.580157511535620437e-07
1.122712271227122649e+01,4.488954397300612409e-03,-8.907570067848320444e-07
1.122862286228622786e+01,4.488832047580645045e-03,-9.477267174968755414e-07
1.123012301230122922e+01,4.488710030628975840e-03,-9.232710953129227532e-07
1.123162316231623059e+01,4.488588348185718058e-03,-8.169591174983770380e-07
1.123312331233123196e+01,4.488466980862458947e-03,-6.335825265608271756e-07
1.123462346234623332e+01,4.488345888142256275e-03,-3.831558302500300031e-07
1.123612361236123469e+01,4.488225008379637462e-03,-8.091630155792544981e-08
1.123762376237623606e+01,4.488104258800603916e-03,2.526760212813648921e-07
1.123912391239123920e+01,4.487983535502626693e-03,5.919383347919450315e-07
1.124062406240624057e+01,4.487862713454649974e-03,9.059650702545139344e-07
1.124212421242124194e+01,4.487741646497085853e-03,1.158627893708803390e-06
1.124362436243624330e+01,4.487620167341822147e-03,1.308575705951998666e-06
1.124512451245124467e+01,4.487498087572216326e-03,1.309234642539073984e-06
1.124662466246624604e+01,4.487375247862447625e-03,1.121217162341150096e-06
1.124812481248124740e+01,4.487252050486256402e-03,8.439227439993753168e-07
1.124962496249624877e+01,4.487128756402281038e-03,5.418653860120713436e-07
1.125112511251125014e+01,4.487005498495683607e-03,2.479109240460087298e-07
1.125262526252625150e+01,4.486882384625192136e-03,-1.126414691810490208e-08
1.125412541254125287e+01,4.486759497623097996e-03,-2.151726725856238015e-07
1.125562556255625424e+01,4.486636895295261114e-03,-3.495168393479657841e-07
1.125712571257125560e+01,4.486514610421103895e-03,-4.061881742826105376e-07
1.125862586258625875e+01,4.486392650753616429e-03,-3.832675451530269890e-07
1.126012601260126011e+01,4.486270999019352154e-03,-2.850251604088842153e-07
1.126162616261626148e+01,4.486149612918432193e-03,-1.219205691858771669e-07
1.126312631263126285e+01,4.486028425124541016e-03,8.939733869425766272e-08
1.126462646264626422e+01,4.485907343284929912e-03,3.260903327237185195e-07
1.126612661266126558e+01,4.485786250020413514e-03,5.591308417086411422e-07
1.126762676267626695e+01,4.485665002925375011e-03,7.533019537691004562e-07
1.126912691269126832e+01,4.485543434567760938e-03,8.671974163391065500e-07
1.127062706270626968e+01,4.485421352489083781e-03,8.532216361666102872e-07
1.127212721272127105e+01,4.485298704580534951e-03,6.984784517051089085e-07
1.127362736273627242e+01,4.485175897567889904e-03,5.035328622480126388e-07
1.127512751275127378e+01,4.485053056710619837e-03,2.993735488031801650e-07
1.127662766276627515e+01,4.484930266320695351e-03,1.068625719392962767e-07
1.127812781278127652e+01,4.484807593816279511e-03,-5.731795119494364522e-08
1.127962796279627966e+01,4.484685089721733055e-03,-1.806658468709533779e-07
1.128112811281128103e+01,4.484562787667612654e-03,-2.548588847797188373e-07
1.128262826282628239e+01,4.484440704390669184e-03,-2.757547780326914867e-07
1.128412841284128376e+01,4.484318839733851189e-03,-2.433911831611405679e-07
1.128562856285628513e+01,4.484197176646302282e-03,-1.619857001163256840e-07
1.128712871287128650e+01,4.484075681183360279e-03,-3.993587226949362373e-08
1.128862886288628786e+01,4.483954302506561532e-03,1.101808135881162395e-07
1.129012901290128923e+01,4.483832972883634860e-03,2.716069272452756528e-07
1.129162916291629060e+01,4.483711607688508488e-03,4.234050950707674842e-07
1.129312931293129196e+01,4.483590105401303108e-03,5.404580000133844519e-07
1.129462946294629333e+01,4.483468347608337082e-03,5.934683816019285948e-07
1.129612961296129470e+01,4.483346199078208812e-03,5.489778486572608918e-07
1.129762976297629606e+01,4.483223702121166485e-03,4.174342766216730020e-07
1.129912991299129921e+01,4.483101056673120810e-03,2.482963863668252857e-07
1.130063006300630057e+01,4.482978359335017780e-03,6.547788358820326134e-08
1.130213021302130194e+01,4.482855691873549771e-03,-1.107796462897971058e-07
1.130363036303630331e+01,4.482733121221152937e-03,-2.639067381130765802e-07
1.130513051305130467e+01,4.482610699476004615e-03,-3.810060469980156688e-07
1.130663066306630604e+01,4.482488463902029388e-03,-4.528523483314749909e-07
1.130813081308130741e+01,4.482366436928893021e-03,-4.738925377707948552e-07
1.130963096309630878e+01,4.482244626152007659e-03,-4.422456312437957888e-07
1.131113111311131014e+01,4.482123024332527496e-03,-3.597027649487768434e-07
1.131263126312631151e+01,4.482001609397352239e-03,-2.317271953545188774e-07
1.131413141314131288e+01,4.481880344439122775e-03,-6.745429920028190890e-08
1.131563156315631424e+01,4.481759177716226374e-03,1.203084265041953605e-07
1.131713171317131561e+01,4.481638042652793218e-03,3.150813644786924226e-07
1.131863186318631875e+01,4.481516857838698138e-03,4.967127771727077091e-07
1.132013201320132012e+01,4.481395527029559747e-03,6.413788067646060534e-07
1.132163216321632149e+01,4.481273939146738702e-03,7.215834751629534551e-07
1.132313231323132285e+01,4.481151968277342912e-03,7.061586840056004320e-07
1.132463246324632422e+01,4.481029514351709750e-03,5.703197829355974856e-07
1.132613261326132559e+01,4.480906717434457107e-03,3.486991884179283970e-07
1.132763276327632695e+01,4.480783742116460633e-03,8.205638202348577488e-08
1.132913291329132832e+01,4.480660725764403461e-03,-1.955859756141080226e-07
1.133063306330632969e+01,4.480537784444243651e-03,-4.554807988359226634e-07
1.133213321332133106e+01,4.480415012921211589e-03,-6.741565769577195766e-07
1.133363336333633242e+01,4.480292484659813453e-03,-8.334173742699523229e-07
1.133513351335133379e+01,4.480170251823828616e-03,-9.203428300377653246e-07
1.133663366336633516e+01,4.480048345276312245e-03,-9.272881585009964060e-07
1.133813381338133652e+01,4.479926774579590099e-03,-8.518841488741731941e-07
1.133963396339633967e+01,4.479805527995265463e-03,-6.970371653462888663e-07
1.134113411341134103e+01,4.479684572484214818e-03,-4.709291470816345721e-07
1.134263426342634240e+01,4.479563853706588702e-03,-1.870176082186801850e-07
1.134413441344134377e+01,4.479443296021811717e-03,1.359643621292688235e-07
1.134563456345634513e+01,4.479322802488581654e-03,4.740080998742184501e-07
1.134713471347134650e+01,4.479202254864872099e-03,7.978293659534865830e-07
1.134863486348634787e+01,4.479081513607929832e-03,1.072868346329690508e-06
1.135013501350134923e+01,4.478960417874275693e-03,1.259289651990764486e-06
1.135163516351635060e+01,4.478838785519706316e-03,1.311982318949949056e-06
1.135313531353135197e+01,4.478716415098913349e-03,1.181054851028493578e-06
1.135463546354635334e+01,4.478593524973650819e-03,9.205568589853412681e-07
1.135613561356135470e+01,4.478470490734800039e-03,6.235023017803414114e-07
1.135763576357635607e+01,4.478347453278784009e-03,3.248060338960740547e-07
1.135913591359135921e+01,4.478224528444209665e-03,5.317375873131201324e-08
1.136063606360636058e+01,4.478101807011870480e-03,-1.688979713977255202e-07
1.136213621362136195e+01,4.477979354704744730e-03,-3.251217552593427504e-07
1.136363636363636331e+01,4.477857212187995491e-03,-4.054193427050118151e-07
1.136513651365136468e+01,4.477735395068969775e-03,-4.059216346697156219e-07
1.136663666366636605e+01,4.477613893897201131e-03,-3.289686831719516595e-07
1.136813681368136741e+01,4.477492674164407910e-03,-1.831096913137239511e-07
1.136963696369636878e+01,4.477371676304492398e-03,1.689698671944826335e-08
1.137113711371137015e+01,4.477250815693542552e-03,2.500838456585352921e-07
1.137263726372637151e+01,4.477129982649831128e-03,4.892742291509977324e-07
1.137413741374137288e+01,4.477009042433816553e-03,7.010823297607825532e-07
1.137563756375637425e+01,4.476887835248141191e-03,8.459131889683316713e-07
1.137713771377137562e+01,4.476766176237633073e-03,8.779626971705599283e-07
1.137863786378637876e+01,4.476643902576097830e-03,7.568819668186822482e-07
1.138013801380138013e+01,4.476521358982746106e-03,5.680623129738209565e-07
1.138163816381638149e+01,4.476398749060847559e-03,3.619592899385490421e-07
1.138313831383138286e+01,4.476276164111022034e-03,1.612080613855123879e-07
1.138463846384638423e+01,4.476153678257472832e-03,-1.581434204130075247e-08
1.138613861386138559e+01,4.476031348447992789e-03,-1.549890227265607079e-07
1.138763876387638696e+01,4.475909214453959069e-03,-2.464552160835960721e-07
1.138913891389138833e+01,4.475787298870336633e-03,-2.846102905543941270e-07
1.139063906390638969e+01,4.475665607115676507e-03,-2.681097476095989369e-07
1.139213921392139106e+01,4.475544127432115778e-03,-1.998672217485136782e-07
1.139363936393639243e+01,4.475422830885379330e-03,-8.705448049909936823e-08
1.139513951395139379e+01,4.475301671364778112e-03,5.889857558202344018e-08
1.139663966396639516e+01,4.475180585583209136e-03,2.223039129095768824e-07
1.139813981398139653e+01,4.475059493077156343e-03,3.832153648696266818e-07
1.139963996399639967e+01,4.474938296206690605e-03,5.174286318197128579e-07
1.140114011401140104e+01,4.474816880155467989e-03,5.964812810882276859e-07
1.140264026402640241e+01,4.474695112930733229e-03,5.876527469754431484e-07
1.140414041404140377e+01,4.474572929610734322e-03,4.748391168862772063e-07
1.140564056405640514e+01,4.474450548705097459e-03,3.121862814088329464e-07
1.140714071407140651e+01,4.474328085282282610e-03,1.282311951932873313e-07
1.140864086408640787e+01,4.474205627486940208e-03,-5.516330022078917508e-08
1.141014101410140924e+01,4.474083248303466556e-03,-2.198944781144972390e-07
1.141164116411641061e+01,4.473961005556002096e-03,-3.516197265896079151e-07
1.141314131413141197e+01,4.473838941908430539e-03,-4.397565485685648703e-07
1.141464146414641334e+01,4.473717084864383201e-03,-4.774825617944809425e-07
1.141614161416141471e+01,4.473595446767233801e-03,-4.617354988311413171e-07
1.141764176417641607e+01,4.473474024800102797e-03,-3.932132070630021502e-07
1.141914191419141922e+01,4.473352800985853917e-03,-2.763736486950265626e-07
1.142064206420642059e+01,4.473231742187096759e-03,-1.194349007532985260e-07
1.142214221422142195e+01,4.473110800106185926e-03,6.562484491581876930e-08
1.142364236423642332e+01,4.472989911285220159e-03,2.630672816451805715e-07
1.142514251425142469e+01,4.472868997106044069e-03,4.533939879469710518e-07
1.142664266426642605e+01,4.472747963790244669e-03,6.133464275127020341e-07
1.142814281428142742e+01,4.472626702399156579e-03,7.159059492132193475e-07
1.142964296429642879e+01,4.472505088833857688e-03,7.302937870986916562e-07
1.143114311431143015e+01,4.472382996002863091e-03,6.249842565479350344e-07
1.143264326432643152e+01,4.472260507903850525e-03,4.207670076446954876e-07
1.143414341434143289e+01,4.472137803260251010e-03,1.619759436921684038e-07
1.143564356435643425e+01,4.472015025315093095e-03,-1.158419748546718321e-07
1.143714371437143562e+01,4.471892295837938229e-03,-3.824684720529891360e-07
1.143864386438643876e+01,4.471769715124878156e-03,-6.130139564723301470e-07
1.144014401440144013e+01,4.471647361998539252e-03,-7.879175211935734298e-07
1.144164416441644150e+01,4.471525293808080795e-03,-8.929469438106041648e-07
1.144314431443144287e+01,4.471403546429192355e-03,-9.191986864291482073e-07
1.144464446444644423e+01,4.471282134264097270e-03,-8.630978956670674900e-07
1.144614461446144560e+01,4.471161050241552644e-03,-7.263984026543655292e-07
1.144764476447644697e+01,4.471040265816846743e-03,-5.161827230331804361e-07
1.144914491449144833e+01,4.470919730971800732e-03,-2.448620569577938115e-07
1.145064506450644970e+01,4.470799374214767807e-03,6.982371090537423140e-08
1.145214521452145107e+01,4.470679102580634931e-03,4.048060113777713662e-07
1.145364536453645243e+01,4.470558801630820228e-03,7.316875907687052715e-07
1.145514551455145380e+01,4.470438335453276457e-03,1.016742510875335266e-06
1.145664566456645517e+01,4.470317546662485805e-03,1.220916148982690945e-06
1.145814581458145653e+01,4.470196256399466828e-03,1.299825197863660264e-06
1.145964596459645968e+01,4.470074264331767508e-03,1.203757665778765348e-06
1.146114611461146104e+01,4.469951555143453562e-03,9.288754093055213554e-07
1.146264626462646241e+01,4.469828471613038895e-03,5.602071721443428020e-07
1.146414641464146378e+01,4.469705236349601381e-03,1.530229653246298623e-07
1.146564656465646515e+01,4.469582037715904774e-03,-2.459093179452388673e-07
1.146714671467146651e+01,4.469459030956671533e-03,-5.980442750481777747e-07
1.146864686468646788e+01,4.469336338198586292e-03,-8.730589939583961380e-07
1.147014701470146925e+01,4.469214048450291521e-03,-1.048853053241397278e-06
1.147164716471647061e+01,4.469092217602390997e-03,-1.111548522053977502e-06
1.147314731473147198e+01,4.468970868427448069e-03,-1.055489960144228850e-06
1.147464746474647335e+01,4.468849990579986525e-03,-8.832444178515352929e-07
1.147614761476147471e+01,4.468729540596489726e-03,-6.056014361065767470e-07
1.147764776477647608e+01,4.468609441895401470e-03,-2.415730464313267495e-07
1.147914791479147922e+01,4.468489584777125129e-03,1.816062290614710093e-07
1.148064806480648059e+01,4.468369826424023646e-03,6.284793776662132673e-07
1.148214821482148196e+01,4.468249990900422138e-03,1.055366896087506626e-06
1.148364836483648332e+01,4.468129869152603559e-03,1.410366790438195447e-06
1.148514851485148469e+01,4.468009219008812170e-03,1.633354576239819672e-06
1.148664866486648606e+01,4.467887765179250070e-03,1.655983278422646586e-06
1.148814881488148743e+01,4.467765272301423007e-03,1.419812808439286984e-06
1.148964896489648879e+01,4.467642298021515419e-03,1.063244464082237771e-06
1.149114911491149016e+01,4.467519192912616094e-03,6.733278662317076059e-07
1.149264926492649153e+01,4.467396130713409061e-03,2.932216635365508220e-07
1.149414941494149289e+01,4.467273252510388371e-03,-4.202626624093573657e-08
1.149564956495649426e+01,4.467150666737864165e-03,-3.054788162250135608e-07
1.149714971497149563e+01,4.467028449177960076e-03,-4.783096504265020535e-07
1.149864986498649877e+01,4.466906642960614092e-03,-5.498032037428009755e-07
1.150015001500150014e+01,4.466785258563577693e-03,-5.173546819576784759e-07
1.150165016501650150e+01,4.466664273812416715e-03,-3.864700617417841821e-07
1.150315031503150287e+01,4.466543633880511351e-03,-1.707660906521750733e-07
1.150465046504650424e+01,4.466423251289056151e-03,1.080297128675267599e-07
1.150615061506150560e+01,4.466303005907057422e-03,4.200790594871468208e-07
1.150765076507650697e+01,4.466182744951339295e-03,7.274328889899491011e-07
1.150915091509150834e+01,4.466062282986535924e-03,9.840313702726458215e-07
1.151065106510650971e+01,4.465941401925099287e-03,1.135703901345380491e-06
1.151215121512151107e+01,4.465819851027292252e-03,1.120169109331754379e-06
1.151365136513651244e+01,4.465697564277946660e-03,9.210189734945203387e-07
1.151515151515151381e+01,4.465575099890598670e-03,6.768856827757415473e-07
1.151665166516651517e+01,4.465452613719192616e-03,4.264953498358330844e-07
1.151815181518151654e+01,4.465330203692496891e-03,1.941859300826476253e-07
1.151965196519651968e+01,4.465207947016683505e-03,-8.544118609555989167e-10
1.152115211521152105e+01,4.465085900175327221e-03,-1.445873021562317926e-07
1.152265226522652242e+01,4.464964098929404684e-03,-2.281241577499611175e-07
1.152415241524152378e+01,4.464842558317295290e-03,-2.477261863734579818e-07
1.152565256525652515e+01,4.464721272654778583e-03,-2.048043865428269499e-07
1.152715271527152652e+01,4.464600215535039461e-03,-1.059195475589618952e-07
1.152865286528652788e+01,4.464479339828663837e-03,3.721775049245230549e-08
1.153015301530152925e+01,4.464358577683638640e-03,2.077471367409403015e-07
1.153165316531653062e+01,4.464237840525354419e-03,3.836584495312397624e-07
1.153315331533153199e+01,4.464117019056604470e-03,5.377917364232940722e-07
1.153465346534653335e+01,4.463995983257583108e-03,6.378372541922580469e-07
1.153615361536153472e+01,4.463874582385887399e-03,6.463354688284977229e-07
1.153765376537653609e+01,4.463752717073248520e-03,5.385874908947209630e-07
1.153915391539153923e+01,4.463630658243128956e-03,3.818967679971831131e-07
1.154065406540654060e+01,4.463508534674114590e-03,2.082736235306338599e-07
1.154215421542154196e+01,4.463386426802233922e-03,3.771729001865411327e-08
1.154365436543654333e+01,4.463264400467179156e-03,-1.134020010347668931e-07
1.154515451545154470e+01,4.463142506912301001e-03,-2.323430191453984671e-07
1.154665466546654606e+01,4.463020782784616475e-03,-3.099935348487677171e-07
1.154815481548154743e+01,4.462899250134801099e-03,-3.408703197001611401e-07
1.154965496549654880e+01,4.462777916417194971e-03,-3.231191462746229277e-07
1.155115511551155016e+01,4.462656774489798424e-03,-2.585147881669564484e-07
1.155265526552655153e+01,4.462535802614274634e-03,-1.524610199917219181e-07
1.155415541554155290e+01,4.462414964455948749e-03,-1.399061738324052982e-08
1.155565556555655427e+01,4.462294209083808756e-03,1.442346430044109467e-07
1.155715571557155563e+01,4.462173470970502882e-03,3.059239834973945531e-07
1.155865586558655700e+01,4.462052669992343061e-03,4.511576254021160127e-07
1.156015601560156014e+01,4.461931711429302332e-03,5.563867890053140929e-07
1.156165616561656151e+01,4.461810485965016573e-03,5.944336935735964305e-07
1.156315631563156288e+01,4.461688871315639543e-03,5.348960053450578953e-07
1.156465646564656424e+01,4.461566899819732757e-03,3.857833705701236358e-07
1.156615661566156561e+01,4.461444735196187956e-03,1.877942261740357237e-07
1.156765676567656698e+01,4.461322494072156655e-03,-3.005975485667308234e-08
1.156915691569156834e+01,4.461200275932501909e-03,-2.430310278634566443e-07
1.157065706570656971e+01,4.461078163119804388e-03,-4.306361765157561336e-07
1.157215721572157108e+01,4.460956220834357173e-03,-5.766559128109979130e-07
1.157365736573657244e+01,4.460834497134169227e-03,-6.691350770745977192e-07
1.157515751575157381e+01,4.460713022934963655e-03,-7.003826379599546275e-07
1.157665766576657518e+01,4.460591812010177709e-03,-6.669716924484581457e-07
1.157815781578157655e+01,4.460470860990963654e-03,-5.697394658494818616e-07
1.157965796579657969e+01,4.460350149366187900e-03,-4.137873118001712610e-07
1.158115811581158106e+01,4.460229639482431868e-03,-2.084807122662551852e-07
1.158265826582658242e+01,4.460109276543991995e-03,3.255072245907796955e-08
1.158415841584158379e+01,4.459988988612877993e-03,2.914132537545019380e-07
1.158565856585658516e+01,4.459868686608815455e-03,5.459490146707044692e-07
1.158715871587158652e+01,4.459748264309244120e-03,7.697360099303837264e-07
1.158865886588658789e+01,4.459627598349316137e-03,9.320881159282497701e-07
1.159015901590158926e+01,4.459506548221903004e-03,9.980550807310346686e-07
1.159165916591659062e+01,4.459384956277585160e-03,9.284225240774819636e-07
1.159315931593159199e+01,4.459262758253703177e-03,7.071710773320801021e-07
1.159465946594659336e+01,4.459140177258247469e-03,3.897656615564384014e-07
1.159615961596159472e+01,4.459017417606301985e-03,2.705631514092887064e-08
1.159765976597659609e+01,4.458894654127286764e-03,-3.374446486793300674e-07
1.159915991599159923e+01,4.458772032861873548e-03,-6.673897940496496731e-07
1.160066006600660060e+01,4.458649671061991858e-03,-9.335965624942520541e-07
1.160216021602160197e+01,4.458527657190824653e-03,-1.114047272918662081e-06
1.160366036603660334e+01,4.458406050922810067e-03,-1.193889121608061600e-06
1.160516051605160470e+01,4.458284883143642276e-03,-1.165434182227704906e-06
1.160666066606660607e+01,4.458164155950267160e-03,-1.028159405822917683e-06
1.160816081608160744e+01,4.458043842650889245e-03,-7.887066208190989066e-07
1.160966096609660880e+01,4.457923887764964760e-03,-4.608825330217223304e-07
1.161116111611161017e+01,4.457804207023207711e-03,-6.565872561633288408e-08
1.161266126612661154e+01,4.457684687367584678e-03,3.688283408314561849e-07
1.161416141614161290e+01,4.457565186951317412e-03,8.072773283759504998e-07
1.161566156615661427e+01,4.457445535138884578e-03,1.207222021691385778e-06
1.161716171617161564e+01,4.457325532506016541e-03,1.519031328071922537e-06
1.161866186618661700e+01,4.457204950839701446e-03,1.685909277431658483e-06
1.162016201620162015e+01,4.457083533138180009e-03,1.643895022304414315e-06
1.162166216621662151e+01,4.456961133524181030e-03,1.356667223314455128e-06
1.162316231623162288e+01,4.456838276899162746e-03,9.548062444698410680e-07
1.162466246624662425e+01,4.456715255034053753e-03,5.109505279880218578e-07
1.162616261626162562e+01,4.456592272863217803e-03,7.613113397150037703e-08
1.162766276627662698e+01,4.456469497935544588e-03,-3.079299281395575541e-07
1.162916291629162835e+01,4.456347060414449744e-03,-6.088196995673265627e-07
1.163066306630662972e+01,4.456225053077878320e-03,-8.034342721963160060e-07
1.163216321632163108e+01,4.456103531318297839e-03,-8.779787885733752649e-07
1.163366336633663245e+01,4.455982513142706970e-03,-8.279674419076918387e-07
1.163516351635163382e+01,4.455861979172626858e-03,-6.582234760707898622e-07
1.163666366636663518e+01,4.455741872644108058e-03,-3.828791855965326473e-07
1.163816381638163655e+01,4.455622099407726203e-03,-2.537591568112162380e-08
1.163966396639663969e+01,4.455502527928583735e-03,3.815359378174029861e-07
1.164116411641164106e+01,4.455382989286310776e-03,7.957969283771511002e-07
1.164266426642664243e+01,4.455263277175062521e-03,1.166038558815353321e-06
1.164416441644164379e+01,4.455143147903522713e-03,1.431583281286450451e-06
1.164566456645664516e+01,4.455022320394899302e-03,1.522444497282544754e-06
1.164716471647164653e+01,4.454900490877759800e-03,1.362983669781599931e-06
1.164866486648664790e+01,4.454778100499314115e-03,1.063011314238097563e-06
1.165016501650164926e+01,4.454655614599451266e-03,7.383934693099415518e-07
1.165166516651665063e+01,4.454533171315597229e-03,4.235446468461029165e-07
1.165316531653165200e+01,4.454410881983741910e-03,1.462026542809467115e-07
1.165466546654665336e+01,4.454288831138438279e-03,-7.257140536576627868e-08
1.165616561656165473e+01,4.454167076512801499e-03,-2.183931334888816570e-07
1.165766576657665610e+01,4.454045649038514132e-03,-2.835548358978476025e-07
1.165916591659165924e+01,4.453924552845818334e-03,-2.670255228166534603e-07
1.166066606660666061e+01,4.453803765263521924e-03,-1.744509088840080417e-07
1.166216621662166197e+01,4.453683236818997519e-03,-1.815341315321278175e-08
1.166366636663666334e+01,4.453562891238178195e-03,1.828678409078547787e-07
1.166516651665166471e+01,4.453442625445562693e-03,4.029370254167121933e-07
1.166666666666666607e+01,4.453322309564213682e-03,6.097016080762696754e-07
1.166816681668166744e+01,4.453201786915757764e-03,7.641323521748339093e-07
1.166966696669666881e+01,4.453080874020382864e-03,8.205233165861094270e-07
1.167116711671167018e+01,4.452959376185543043e-03,7.303741832301301446e-07
1.167266726672667154e+01,4.452837558836681212e-03,5.597830558288877726e-07
1.167416741674167291e+01,4.452715670884985905e-03,3.707563673035927773e-07
1.167566756675667428e+01,4.452593798059286540e-03,1.846611795610613918e-07
1.167716771677167564e+01,4.452472010143880381e-03,1.889075196148335443e-08
1.167866786678667701e+01,4.452350360978536876e-03,-1.131354586815790443e-07
1.168016801680168015e+01,4.452228888458495057e-03,-2.019717981012668242e-07
1.168166816681668152e+01,4.452107614534465269e-03,-2.421464145770576028e-07
1.168316831683168289e+01,4.451986545212629175e-03,-2.321612589354062700e-07
1.168466846684668425e+01,4.451865670554636285e-03,-1.744920845492624970e-07
1.168616861686168562e+01,4.451744964677610029e-03,-7.558844733820234424e-08
1.168766876687668699e+01,4.451624385754141683e-03,5.412629423157258621e-08
1.168916891689168835e+01,4.451503876012295573e-03,2.002549791472291150e-07
1.169066906690668972e+01,4.451383361735603873e-03,3.444266438493130736e-07
1.169216921692169109e+01,4.451262753263070943e-03,4.642965222317412047e-07
1.169366936693669246e+01,4.451141944989171588e-03,5.335460456418005796e-07
1.169516951695169382e+01,4.451020815363851933e-03,5.218828428801555863e-07
1.169666966696669519e+01,4.450899310468327610e-03,4.158584212261463181e-07
1.169816981698169656e+01,4.450777620537706668e-03,2.628628330722962397e-07
1.169966996699669970e+01,4.450655850813194613e-03,8.913594258490262683e-08
1.170117011701170107e+01,4.450534085214231418e-03,-8.439652753309563317e-08
1.170267026702670243e+01,4.450412393332371826e-03,-2.403814580629131942e-07
1.170417041704170380e+01,4.450290830431285344e-03,-3.650383332690872594e-07
1.170567056705670517e+01,4.450169437446756249e-03,-4.481592408996757870e-07
1.170717071707170653e+01,4.450048240986681850e-03,-4.831088721862571194e-07
1.170867086708670790e+01,4.449927253331075090e-03,-4.668245218439311481e-07
1.171017101710170927e+01,4.449806472432061948e-03,-3.998160880713181491e-07
1.171167116711671063e+01,4.449685881913884901e-03,-2.861660725505586766e-07
1.171317131713171200e+01,4.449565451072897727e-03,-1.335295804473158929e-07
1.171467146714671337e+01,4.449445134877570707e-03,4.686567958922967302e-08
1.171617161716171474e+01,4.449324873968488019e-03,2.402193954263717609e-07
1.171767176717671610e+01,4.449204594658346876e-03,4.281586514478909259e-07
1.171917191719171925e+01,4.449084208931961860e-03,5.887379285542032988e-07
1.172067206720672061e+01,4.448963614446257986e-03,6.964391041616333551e-07
1.172217221722172198e+01,4.448842694530278502e-03,7.221714522036075965e-07
1.172367236723672335e+01,4.448721320927888530e-03,6.339534985171947894e-07
1.172517251725172471e+01,4.448599505140044506e-03,4.346075421367744095e-07
1.172667266726672608e+01,4.448477423300101728e-03,1.680503546916416161e-07
1.172817281728172745e+01,4.448355232188411917e-03,-1.266042748124090210e-07
1.172967296729672881e+01,4.448233065998583556e-03,-4.158774024752440227e-07
1.173117311731173018e+01,4.448111036337481020e-03,-6.719249295023885656e-07
1.173267326732673155e+01,4.447989232225228913e-03,-8.725376022050295525e-07
1.173417341734173291e+01,4.447867720095204265e-03,-1.001141012000013283e-06
1.173567356735673428e+01,4.447746543794045201e-03,-1.046795595409845665e-06
1.173717371737173565e+01,4.447625724581644874e-03,-1.004196634062693486e-06
1.173867386738673702e+01,4.447505261131153194e-03,-8.736742546923835646e-07
1.174017401740174016e+01,4.447385129528979436e-03,-6.611934291381069266e-07
1.174167416741674153e+01,4.447265283274786166e-03,-3.783539743455273570e-07
1.174317431743174289e+01,4.447145653281497045e-03,-4.239055236525430663e-08
1.174467446744674426e+01,4.447026147875289027e-03,3.238273296462385006e-07
1.174617461746174563e+01,4.446906652795599296e-03,6.917953194268180501e-07
1.174767476747674699e+01,4.446787031195120060e-03,1.027374219608682189e-06
1.174917491749174836e+01,4.446667123639801156e-03,1.290789987718391922e-06
1.175067506750674973e+01,4.446546748108850047e-03,1.436633736176823124e-06
1.175217521752175109e+01,4.446425699994729225e-03,1.413861732299196831e-06
1.175367536753675246e+01,4.446303846953305640e-03,1.189450449772094183e-06
1.175517551755175383e+01,4.446181684571647204e-03,8.869982882216309073e-07
1.175667566756675519e+01,4.446059454585441807e-03,5.668248275461704206e-07
1.175817581758175656e+01,4.445937290907412374e-03,2.623563353947045630e-07
1.175967596759675970e+01,4.445815300650971663e-03,3.300257679126468674e-10
1.176117611761176107e+01,4.445693564130224866e-03,-1.992059409806446502e-07
1.176267626762676244e+01,4.445572134859969611e-03,-3.228924581464270861e-07
1.176417641764176381e+01,4.445451039555692492e-03,-3.640594726725871298e-07
1.176567656765676517e+01,4.445330278133572538e-03,-3.227259851503115280e-07
1.176717671767176654e+01,4.445209823710482080e-03,-2.056000498188225750e-07
1.176867686768676791e+01,4.445089622603980682e-03,-2.607877456537366608e-08
1.177017701770176927e+01,4.444969594332322943e-03,1.957516790747445613e-07
1.177167716771677064e+01,4.444849631614454163e-03,4.331160959182089926e-07
1.177317731773177201e+01,4.444729600370009477e-03,6.525502071336647768e-07
1.177467746774677337e+01,4.444609339719316453e-03,8.139006902417187621e-07
1.177617761776177474e+01,4.444488661983394227e-03,8.703251691149422491e-07
1.177767776777677611e+01,4.444367370358986817e-03,7.727026917393203712e-07
1.177917791779177925e+01,4.444245756440443583e-03,5.937901921562151435e-07
1.178067806780678062e+01,4.444124077977992804e-03,3.979203842885430662e-07
1.178217821782178198e+01,4.444002421569191730e-03,2.067186410388080133e-07
1.178367836783678335e+01,4.443880857340623720e-03,3.769739258881552492e-08
1.178517851785178472e+01,4.443759438947893908e-03,-9.574387360051999848e-08
1.178667866786678609e+01,4.443638203575632668e-03,-1.843186127891741843e-07
1.178817881788178745e+01,4.443517171937493883e-03,-2.228532229580144350e-07
1.178967896789678882e+01,4.443396348276158411e-03,-2.102870448087972809e-07
1.179117911791179019e+01,4.443275720363327151e-03,-1.496723617641714506e-07
1.179267926792679155e+01,4.443155259499728844e-03,-4.817439996767501274e-08
1.179417941794179292e+01,4.443034920515114873e-03,8.292867171626218940e-08
1.179567956795679429e+01,4.442914641768260994e-03,2.282457417023195963e-07
1.179717971797179565e+01,4.442794345146968207e-03,3.682727556842870969e-07
1.179867986798679702e+01,4.442673936068060152e-03,4.793927166350654524e-07
1.180018001800180016e+01,4.442553303477384842e-03,5.338756848066757192e-07
1.180168016801680153e+01,4.442432319849818137e-03,4.998787777300797837e-07
1.180318031803180290e+01,4.442311002180853591e-03,3.816285306278076101e-07
1.180468046804680426e+01,4.442189541239262643e-03,2.267495321499232288e-07
1.180618061806180563e+01,4.442068027980957366e-03,5.796568752154672719e-08
1.180768076807680700e+01,4.441946539352472842e-03,-1.054989868193398530e-07
1.180918091809180837e+01,4.441825138378978355e-03,-2.478984005050402275e-07
1.181068106810680973e+01,4.441703874164279128e-03,-3.569643892381436582e-07
1.181218121812181110e+01,4.441582781890814589e-03,-4.239067147915246351e-07
1.181368136813681247e+01,4.441461882819661838e-03,-4.434130650083427706e-07
1.181518151815181383e+01,4.441341184290531312e-03,-4.136490538020435408e-07
1.181668166816681520e+01,4.441220679721771120e-03,-3.362582211563576500e-07
1.181818181818181657e+01,4.441100348610361841e-03,-2.163620331253016660e-07
1.181968196819681971e+01,4.440980156531921727e-03,-6.255988183297928511e-08
1.182118211821182108e+01,4.440860055140704969e-03,1.130709145256437915e-07
1.182268226822682244e+01,4.440739982169598227e-03,2.949751116858565120e-07
1.182418241824182381e+01,4.440619861430126700e-03,4.641195393124930841e-07
1.182568256825682518e+01,4.440499602812448925e-03,5.979931010001122276e-07
1.182718271827182654e+01,4.440379102285360244e-03,6.706067742729752054e-07
1.182868286828682791e+01,4.440258241896291938e-03,6.524936105850651459e-07
1.183018301830182928e+01,4.440136922790808953e-03,5.189420190817063649e-07
1.183168316831683065e+01,4.440015255795972358e-03,2.976002822775491207e-07
1.183318331833183201e+01,4.439893403647567072e-03,2.914160973920779208e-08
1.183468346834683338e+01,4.439771505724748879e-03,-2.515944810605816433e-07
1.183618361836183475e+01,4.439649680003866956e-03,-5.151182352276243545e-07
1.183768376837683611e+01,4.439528023058464737e-03,-7.372896604462672399e-07
1.183918391839183926e+01,4.439406610059282512e-03,-8.993185269795481636e-07
1.184068406840684062e+01,4.439285494774251363e-03,-9.877643676685022358e-07
1.184218421842184199e+01,4.439164709568500095e-03,-9.945364779333371764e-07
1.184368436843684336e+01,4.439044265404351770e-03,-9.168939157725701888e-07
1.184518451845184472e+01,4.438924151841321109e-03,-7.574455017632591999e-07
1.184668466846684609e+01,4.438804337036121421e-03,-5.241498190610058245e-07
1.184818481848184746e+01,4.438684767742658542e-03,-2.303152133999527182e-07
1.184968496849684882e+01,4.438565369312031696e-03,1.054002069072227746e-07
1.185118511851185019e+01,4.438446045692536965e-03,4.589885709692926340e-07
1.185268526852685156e+01,4.438326679429662955e-03,8.010922453164935163e-07
1.185418541854185293e+01,4.438207131666095130e-03,1.097003833900519978e-06
1.185568556855685429e+01,4.438087242141712345e-03,1.306666178094525111e-06
1.185718571857185566e+01,4.437966829193586843e-03,1.384672356693115990e-06
1.185868586858685703e+01,4.437845689755985992e-03,1.280265685912367755e-06
1.186018601860186017e+01,4.437723921401256696e-03,1.017811310706151854e-06
1.186168616861686154e+01,4.437601988575408385e-03,7.133793760401293099e-07
1.186318631863186290e+01,4.437480041586920262e-03,4.045600136053666240e-07
1.186468646864686427e+01,4.437358201786100603e-03,1.217021628807933964e-07
1.186618661866186564e+01,4.437236564311584225e-03,-1.114002138668352375e-07
1.186768676867686700e+01,4.437115198090327284e-03,-2.775081315829365955e-07
1.186918691869186837e+01,4.436994145837607276e-03,-3.659375824251001307e-07
1.187068706870686974e+01,4.436873424057028240e-03,-3.725595357630906086e-07
1.187218721872187110e+01,4.436753023040515553e-03,-2.997999381788428124e-07
1.187368736873687247e+01,4.436632906868317669e-03,-1.566397134664678960e-07
1.187518751875187384e+01,4.436513013409006979e-03,4.138523736775339208e-08
1.187668766876687521e+01,4.436393254319477217e-03,2.721840361053626621e-07
1.187818781878187657e+01,4.436273515044946922e-03,5.071108273157353179e-07
1.187968796879687972e+01,4.436153654818958576e-03,7.109647783562735747e-07
1.188118811881188108e+01,4.436033506663375134e-03,8.419900793714768403e-07
1.188268826882688245e+01,4.435912877388384357e-03,8.518759432944558925e-07
1.188418841884188382e+01,4.435791653432647093e-03,7.122182326486936180e-07
1.188568856885688518e+01,4.435670237926691434e-03,5.238060527917230743e-07
1.188718871887188655e+01,4.435548783674746719e-03,3.248603765909533932e-07
1.188868886888688792e+01,4.435427374169386046e-03,1.362714200236426529e-07
1.189018901890188928e+01,4.435306076121904757e-03,-2.526910715474016485e-08
1.189168916891689065e+01,4.435184939462321306e-03,-1.472680014105154932e-07
1.189318931893189202e+01,4.435063997339374654e-03,-2.214305654317925443e-07
1.189468946894689338e+01,4.434943266120527743e-03,-2.436606081284706862e-07
1.189618961896189475e+01,4.434822745391966622e-03,-2.140604446322371130e-07
1.189768976897689612e+01,4.434702417958598722e-03,-1.369308962965679040e-07
1.189918991899189926e+01,4.434582249844052845e-03,-2.077129069657460492e-08
1.190069006900690063e+01,4.434462190290682643e-03,1.217205383703985083e-07
1.190219021902190200e+01,4.434342171759563141e-03,2.736482508856190269e-07
1.190369036903690336e+01,4.434222109930490742e-03,4.139170006084468079e-07
1.190519051905190473e+01,4.434101903701986695e-03,5.172334350764557876e-07
1.190669066906690610e+01,4.433981435191291891e-03,5.541056956054288999e-07
1.190819081908190746e+01,4.433860576321515222e-03,4.924904194096892127e-07
1.190969096909690883e+01,4.433739430068433900e-03,3.581260647084286124e-07
1.191119111911191020e+01,4.433618159606579102e-03,1.918356778941147882e-07
1.191269126912691156e+01,4.433496855827301700e-03,1.637087729266511529e-08
1.191419141914191293e+01,4.433375595123485030e-03,-1.491458054424007671e-07
1.191569156915691430e+01,4.433254439389548371e-03,-2.892209253299596849e-07
1.191719171917191566e+01,4.433133436021443469e-03,-3.919901240612862000e-07
1.191869186918691703e+01,4.433012617916657142e-03,-4.492181300000522923e-07
1.192019201920192017e+01,4.432892003474210411e-03,-4.562987581823042782e-07
1.192169216921692154e+01,4.432771596594656770e-03,-4.122549103164938334e-07
1.192319231923192291e+01,4.432651386680087381e-03,-3.197385747835255321e-07
1.192469246924692428e+01,4.432531348634123278e-03,-1.850308266366664270e-07
1.192619261926192564e+01,4.432411442861922297e-03,-1.804182760157738875e-08
1.192769276927692701e+01,4.432291615270175615e-03,1.676891739236828173e-07
1.192919291929192838e+01,4.432171797267109477e-03,3.549938428686545136e-07
1.193069306930692974e+01,4.432051905762482598e-03,5.230747574904871690e-07
1.193219321932193111e+01,4.431931843167588765e-03,6.475054093739285989e-07
1.193369336933693248e+01,4.431811497395255969e-03,7.002302034313307357e-07
1.193519351935193384e+01,4.431690741859846405e-03,6.495644579026439647e-07
1.193669366936693521e+01,4.431569524990324437e-03,4.825695059882938664e-07
1.193819381938193658e+01,4.431448010345833723e-03,2.401631115098336939e-07
1.193969396939693972e+01,4.431326354685534603e-03,-3.839561710218447535e-08
1.194119411941194109e+01,4.431204692767652491e-03,-3.193573161728775455e-07
1.194269426942694245e+01,4.431083137459424642e-03,-5.744549419870391180e-07
1.194419441944194382e+01,4.430961779737104499e-03,-7.809037707878121377e-07
1.194569456945694519e+01,4.430840688685959081e-03,-9.214013987770065838e-07
1.194719471947194656e+01,4.430719911500268990e-03,-9.841277421150961869e-07
1.194869486948694792e+01,4.430599473483329276e-03,-9.627450369212209707e-07
1.195019501950194929e+01,4.430479378047450303e-03,-8.563978392731853457e-07
1.195169516951695066e+01,4.430359606713955151e-03,-6.697130252074610742e-07
1.195319531953195202e+01,4.430240119113181343e-03,-4.127997907191853641e-07
1.195469546954695339e+01,4.430120852984481723e-03,-1.012496517621565282e-07
1.195619561956195476e+01,4.430001724176221845e-03,2.438635557511562221e-07
1.195769576957695612e+01,4.429882626645782577e-03,5.959836759496208767e-07
1.195919591959195927e+01,4.429763432459557504e-03,9.230722330038015569e-07
1.196069606960696063e+01,4.429643991792956391e-03,1.187608431124413739e-06
1.196219621962196200e+01,4.429524132930402584e-03,1.346589154564738245e-06
1.196369636963696337e+01,4.429403662265332144e-03,1.351528967618964923e-06
1.196519651965196473e+01,4.429282409748926293e-03,1.159838056846270913e-06
1.196669666966696610e+01,4.429160784129034835e-03,8.738431623899937456e-07
1.196819681968196747e+01,4.429039064332817785e-03,5.634050049035379025e-07
1.196969696969696884e+01,4.428917386951122283e-03,2.627495479600314750e-07
1.197119711971197020e+01,4.428795862243734872e-03,-4.947440239248988104e-10
1.197269726972697157e+01,4.428674574139378900e-03,-2.052969057882590927e-07
1.197419741974197294e+01,4.428553580235716249e-03,-3.372234712294267513e-07
1.197569756975697430e+01,4.428432911799347338e-03,-3.884384734004116076e-07
1.197719771977197567e+01,4.428312573765809390e-03,-3.577034445107267538e-07
1.197869786978697704e+01,4.428192544739579031e-03,-2.503774159264112528e-07
1.198019801980198018e+01,4.428072776994068822e-03,-7.841691816979762784e-08
1.198169816981698155e+01,4.427953196471631596e-03,1.396240190795868943e-07
1.198319831983198291e+01,4.427833702783556119e-03,3.785938669862803451e-07
1.198469846984698428e+01,4.427714169210071431e-03,6.067435975581191317e-07
1.198619861986198565e+01,4.427594442700341637e-03,7.857266836464185607e-07
1.198769876987698701e+01,4.427474343872471116e-03,8.705990989459602387e-07
1.198919891989198838e+01,4.427353667013812430e-03,8.098193961133240227e-07
1.199069906990698975e+01,4.427232542582074451e-03,6.360560593165619314e-07
1.199219921992199112e+01,4.427111321976821140e-03,4.373443897253752033e-07
1.199369936993699248e+01,4.426990100144427044e-03,2.374859430895994544e-07
1.199519951995199385e+01,4.426868954910661430e-03,5.599063079832142852e-08
1.199669966996699522e+01,4.426747946980685681e-03,-9.192328012012142674e-08
1.199819981998199658e+01,4.426627119939055034e-03,-1.953291669981406422e-07
1.199969996999699973e+01,4.426506500249715106e-03,-2.475920515289251025e-07
1.200120012001200109e+01,4.426386097256007970e-03,-2.463685997662611579e-07
1.200270027002700246e+01,4.426265903180665214e-03,-1.936071221249040478e-07
1.200420042004200383e+01,4.426145893125813142e-03,-9.554757338026576950e-08
1.200570057005700519e+01,4.426026025072971049e-03,3.727844733149397207e-08
1.200720072007200656e+01,4.425906239883048605e-03,1.900476965134649053e-07
1.200870087008700793e+01,4.425786461296351941e-03,3.436452863079909035e-07
1.201020102010200929e+01,4.425666595932577566e-03,4.746646844966633149e-07
1.201170117011701066e+01,4.425546533290815841e-03,5.554077145003263089e-07
1.201320132013201203e+01,4.425426145749548380e-03,5.538845553790774063e-07
1.201470147014701340e+01,4.425305356164232692e-03,4.507496841362990376e-07
1.201620162016201476e+01,4.425184366448623591e-03,2.965928173652185167e-07
1.201770177017701613e+01,4.425063292592045124e-03,1.204988936208219542e-07
1.201920192019201927e+01,4.424942220846898346e-03,-5.590009899106603189e-08
1.202070207020702064e+01,4.424821222624294656e-03,-2.146942148336746143e-07
1.202220222022202201e+01,4.424700354494054064e-03,-3.416955507405719173e-07
1.202370237023702337e+01,4.424579658184709524e-03,-4.264382460148019957e-07
1.202520252025202474e+01,4.424459160583500000e-03,-4.621784824290978641e-07
1.202670267026702611e+01,4.424338873736376535e-03,-4.458944842258816024e-07
1.202820282028202747e+01,4.424218794847999646e-03,-3.782865181172637207e-07
1.202970297029702884e+01,4.424098906281739331e-03,-2.637768932850432652e-07
1.203120312031203021e+01,4.423979175559675930e-03,-1.105099613807081356e-07
1.203270327032703157e+01,4.423859555362598395e-03,6.964788347456486150e-08
1.203420342034203294e+01,4.423739983530006019e-03,2.611082046899096425e-07
1.203570357035703431e+01,4.423620383060109310e-03,4.445605232047706349e-07
1.203720372037203568e+01,4.423500662109826516e-03,5.969723174889079651e-07
1.203870387038703704e+01,4.423380713994787099e-03,6.915890235423852299e-07
1.204020402040204019e+01,4.423260417189329129e-03,6.979340348955286794e-07
1.204170417041704155e+01,4.423139650675445358e-03,5.856509840076901352e-07
1.204320432043204292e+01,4.423018496536747397e-03,3.752808180160369927e-07
1.204470447044704429e+01,4.422897128751664998e-03,1.104656317697784498e-07
1.204620462046204565e+01,4.422775692794303146e-03,-1.722915768753159753e-07
1.204770477047704702e+01,4.422654312120945230e-03,-4.420124832202044584e-07
1.204920492049204839e+01,4.422533088170056519e-03,-6.732434357225723398e-07
1.205070507050704975e+01,4.422412100362281551e-03,-8.460554559968323361e-07
1.205220522052205112e+01,4.422291406100445875e-03,-9.460442388141260223e-07
1.205370537053705249e+01,4.422171040769555181e-03,-9.643301521023217145e-07
1.205520552055205385e+01,4.422051017736792697e-03,-8.975582369460140462e-07
1.205670567056705522e+01,4.421931328351525262e-03,-7.478982075865275683e-07
1.205820582058205659e+01,4.421811941945298120e-03,-5.230444514219139963e-07
1.205970597059705973e+01,4.421692805831835792e-03,-2.362160290065818447e-07
1.206120612061206110e+01,4.421573845307045537e-03,9.384332594726298092e-08
1.206270627062706247e+01,4.421454963649011291e-03,4.428652065716852157e-07
1.206420642064206383e+01,4.421336042118000596e-03,7.810565328417147453e-07
1.206570657065706520e+01,4.421216939956457669e-03,1.073099551575653656e-06
1.206720672067206657e+01,4.421097494389009466e-03,1.278151836435087880e-06
1.206870687068706793e+01,4.420977520622463089e-03,1.349846287924860940e-06
1.207020702070206930e+01,4.420856811845803175e-03,1.236291133393093851e-06
1.207170717071707067e+01,4.420735510019984868e-03,9.730797679405369448e-07
1.207320732073207203e+01,4.420614051534374651e-03,6.696936387495483737e-07
1.207470747074707340e+01,4.420492583668739900e-03,3.631076638356571027e-07
1.207620762076207477e+01,4.420371227146675797e-03,8.363014230825244262e-08
1.207770777077707614e+01,4.420250076376655568e-03,-1.450367852617738561e-07
1.207920792079207928e+01,4.420129199452036556e-03,-3.057971368421736108e-07
1.208070807080708065e+01,4.420008638151055012e-03,-3.881610889386666977e-07
1.208220822082208201e+01,4.419888407936829570e-03,-3.882449765960969343e-07
1.208370837083708338e+01,4.419768497957360376e-03,-3.087712933975753055e-07
1.208520852085208475e+01,4.419648871045528220e-03,-1.590686914647080273e-07
1.208670867086708611e+01,4.419529463719095407e-03,4.492801854239498300e-08
1.208820882088208748e+01,4.419410186180705753e-03,2.806778674251314356e-07
1.208970897089708885e+01,4.419290922317882855e-03,5.190337274463976689e-07
1.209120912091209021e+01,4.419171529703034423e-03,7.242423123305887549e-07
1.209270927092709158e+01,4.419051839593446211e-03,8.539441772636076053e-07
1.209420942094209295e+01,4.418931656931287220e-03,8.591737188928601005e-07
1.209570957095709431e+01,4.418810877882334981e-03,7.138584664737805289e-07
1.209720972097209568e+01,4.418689909093006553e-03,5.200575996306581014e-07
1.209870987098709705e+01,4.418568900051459032e-03,3.153075908992720914e-07
1.210021002100210019e+01,4.418447937394280947e-03,1.213686720312517912e-07
1.210171017101710156e+01,4.418327090320312532e-03,-4.437846006369651016e-08
1.210321032103210293e+01,4.418206410590643125e-03,-1.689326433191984601e-07
1.210471047104710429e+01,4.418085932528616373e-03,-2.436722505112507898e-07
1.210621062106210566e+01,4.417965673019826761e-03,-2.643551892584647298e-07
1.210771077107710703e+01,4.417845631512117878e-03,-2.311189020220625166e-07
1.210921092109210839e+01,4.417725790015586754e-03,-1.484803661058784510e-07
1.211071107110710976e+01,4.417606113102582124e-03,-2.533609365636186290e-08
1.211221122112211113e+01,4.417486547907703565e-03,1.250378683374276533e-07
1.211371137113711249e+01,4.417367024127800620e-03,2.849859380438193918e-07
1.211521152115211386e+01,4.417247454021976279e-03,4.324729987885256586e-07
1.211671167116711523e+01,4.417127732411583498e-03,5.410843990546504015e-07
1.211821182118211659e+01,4.417007736680228676e-03,5.800259524826804212e-07
1.211971197119711974e+01,4.416887333396270210e-03,5.157861741789147788e-07
1.212121212121212110e+01,4.416766630714506585e-03,3.755026132296303109e-07
1.212271227122712247e+01,4.416645800380814002e-03,2.023079532521228531e-07
1.212421242124212384e+01,4.416524936994083682e-03,1.997294895785115403e-08
1.212571257125712521e+01,4.416404119935221119e-03,-1.515554832482675154e-07
1.212721272127212657e+01,4.416283413367150419e-03,-2.961542652678582095e-07
1.212871287128712794e+01,4.416162866234809962e-03,-4.015241573090865078e-07
1.213021302130212931e+01,4.416042512265156740e-03,-4.591897578866617970e-07
1.213171317131713067e+01,4.415922369967162017e-03,-4.644995038218321891e-07
1.213321332133213204e+01,4.415802442631816538e-03,-4.166256702423902389e-07
1.213471347134713341e+01,4.415682718332124453e-03,-3.185643705826694498e-07
1.213621362136213477e+01,4.415563169923106789e-03,-1.771355565835437443e-07
1.213771377137713614e+01,4.415443755041804051e-03,-2.983018292430640799e-09
1.213921392139213928e+01,4.415324416107269286e-03,1.894256159369436397e-07
1.214071407140714065e+01,4.415205080320575015e-03,3.817988794436046550e-07
1.214221422142214202e+01,4.415085659664808038e-03,5.520214672607258636e-07
1.214371437143714338e+01,4.414966050905072895e-03,6.741542361147157353e-07
1.214521452145214475e+01,4.414846135588490136e-03,7.184342044254512674e-07
1.214671467146714612e+01,4.414725780368979925e-03,6.513559705389305060e-07
1.214821482148214749e+01,4.414604973694423624e-03,4.699799790466966686e-07
1.214971497149714885e+01,4.414483896645224510e-03,2.197943223135759838e-07
1.215121512151215022e+01,4.414362703073645977e-03,-6.052176055797050709e-08
1.215271527152715159e+01,4.414241524614282743e-03,-3.378745339404108384e-07
1.215421542154215295e+01,4.414120470684063449e-03,-5.847557656811412730e-07
1.215571557155715432e+01,4.413999628482249797e-03,-7.792427271024883138e-07
1.215721572157215569e+01,4.413879062990436544e-03,-9.049981930017065865e-07
1.215871587158715705e+01,4.413758816972551506e-03,-9.512704416509787335e-07
1.216021602160216020e+01,4.413638910974856423e-03,-9.128932547973209696e-07
1.216171617161716156e+01,4.413519343325946094e-03,-7.902859176628695914e-07
1.216321632163216293e+01,4.413400090136746640e-03,-5.894532189446067497e-07
1.216471647164716430e+01,4.413281105300520708e-03,-3.219854508144360478e-07
1.216621662166216566e+01,4.413162320492860537e-03,-5.058408919196199499e-09
1.216771677167716703e+01,4.413043645171694888e-03,3.385666076193580289e-07
1.216921692169216840e+01,4.412924966577282983e-03,6.805427962045223610e-07
1.217071707170716977e+01,4.412806149732217964e-03,9.869378507646891735e-07
1.217221722172217113e+01,4.412687037441427769e-03,1.218233961753294662e-06
1.217371737173717250e+01,4.412567450292170790e-03,1.329327816148874112e-06
1.217521752175217387e+01,4.412447186654041946e-03,1.269530597455002814e-06
1.217671767176717523e+01,4.412326215624150748e-03,1.031058301380040602e-06
1.217821782178217660e+01,4.412205021341103137e-03,7.355915544874124671e-07
1.217971797179717974e+01,4.412083781239401967e-03,4.277551473566145143e-07
1.218121812181218111e+01,4.411962623063496805e-03,1.396813044576208353e-07
1.218271827182718248e+01,4.411841648216520070e-03,-1.031231515378565328e-07
1.218421842184218384e+01,4.411720931760283564e-03,-2.817767997548728059e-07
1.218571857185718521e+01,4.411600522415282805e-03,-3.840236211156169001e-07
1.218721872187218658e+01,4.411480442560695298e-03,-4.042329983394094207e-07
1.218871887188718794e+01,4.411360688234380531e-03,-3.433997159427037202e-07
1.219021902190218931e+01,4.411241229132878243e-03,-2.091439602390863226e-07
1.219171917191719068e+01,4.411122008611412758e-03,-1.571131933927607576e-08
1.219321932193219205e+01,4.411002943683889517e-03,2.160272168488747894e-07
1.219471947194719341e+01,4.410883925022895079e-03,4.585752566203870119e-07
1.219621962196219478e+01,4.410764816959698853e-03,6.778110064731400070e-07
1.219771977197719615e+01,4.410645457484251367e-03,8.329872711078829834e-07
1.219921992199219929e+01,4.410525658245186865e-03,8.767314534282063558e-07
1.220072007200720066e+01,4.410405238126370239e-03,7.634883577459076807e-07
1.220222022202220202e+01,4.410284522070199130e-03,5.749606268644954868e-07
1.220372037203720339e+01,4.410163737110252107e-03,3.682543254571924366e-07
1.220522052205220476e+01,4.410042976336537961e-03,1.667952794172381185e-07
1.220672067206720612e+01,4.409922315093245913e-03,-1.045613292182209209e-08
1.220822082208220749e+01,4.409801810978741278e-03,-1.490049807861368206e-07
1.220972097209720886e+01,4.409681503845568062e-03,-2.388217809615498582e-07
1.221122112211221022e+01,4.409561415800446367e-03,-2.743424977935978328e-07
1.221272127212721159e+01,4.409441551204274119e-03,-2.544685431875135966e-07
1.221422142214221296e+01,4.409321896672127941e-03,-1.825667766082216735e-07
1.221572157215721433e+01,4.409202421073260547e-03,-6.646950508034440031e-08
1.221722172217221569e+01,4.409083075531103346e-03,8.152551681180389686e-08
1.221872187218721706e+01,4.408963793423264707e-03,2.446550869242154202e-07
1.222022202220222020e+01,4.408844490381529958e-03,4.016905555533586775e-07
1.222172217221722157e+01,4.408725064291863123e-03,5.269378254354357926e-07
1.222322232223222294e+01,4.408605395294405184e-03,5.902373517475446354e-07
1.222472247224722430e+01,4.408485345783473217e-03,5.569641421068939392e-07
1.222622262226222567e+01,4.408364920331461767e-03,4.282514826741660852e-07
1.222772277227722704e+01,4.408244335008565558e-03,2.584549134503184185e-07
1.222922292229222840e+01,4.408123691272990141e-03,7.311738356527955243e-08
1.223072307230722977e+01,4.408003074337788277e-03,-1.063077146772082110e-07
1.223222322232223114e+01,4.407882553844761839e-03,-2.622870875400656356e-07
1.223372337233723250e+01,4.407762183864454009e-03,-3.812075398528754397e-07
1.223522352235223387e+01,4.407642002896157950e-03,-4.533759750118840424e-07
1.223672367236723524e+01,4.407522033867910735e-03,-4.730193949799997643e-07
1.223822382238223661e+01,4.407402284136494215e-03,-4.382849002867934624e-07
1.223972397239723975e+01,4.407282745487436752e-03,-3.512396900283680873e-07
1.224122412241224112e+01,4.407163394135013221e-03,-2.178710618678340801e-07
1.224272427242724248e+01,4.407044190722244140e-03,-4.808641203468235652e-08
1.224422442244224385e+01,4.406925080320894805e-03,1.442867646748603629e-07
1.224572457245724522e+01,4.406805992431477026e-03,3.415008748979030740e-07
1.224722472247224658e+01,4.406686840983247387e-03,5.218882267048966831e-07
1.224872487248724795e+01,4.406567524334209854e-03,6.598610295996237367e-07
1.225022502250224932e+01,4.406447925271113168e-03,7.259113945192090092e-07
1.225172517251725068e+01,4.406327911009450850e-03,6.866113338341070624e-07
1.225322532253225205e+01,4.406207415252146563e-03,5.252468286980520309e-07
1.225472547254725342e+01,4.406086613147699310e-03,2.858826284828885270e-07
1.225622562256225478e+01,4.405965665002769399e-03,8.896647744949959365e-09
1.225772577257725615e+01,4.405844707402226113e-03,-2.713071887523635447e-07
1.225922592259225929e+01,4.405723854533599541e-03,-5.259663982814390853e-07
1.226072607260726066e+01,4.405603198187090126e-03,-7.319599401492751493e-07
1.226222622262226203e+01,4.405482807755559983e-03,-8.718082156993313714e-07
1.226372637263726340e+01,4.405362730234538109e-03,-9.336730683102570321e-07
1.226522652265226476e+01,4.405242990222216909e-03,-9.113577833962109182e-07
1.226672667266726613e+01,4.405123589919457405e-03,-8.043070884068632288e-07
1.226822682268226750e+01,4.405004509129782295e-03,-6.176071528273951517e-07
1.226972697269726886e+01,4.404885705259382021e-03,-3.619855881784978047e-07
1.227122712271227023e+01,4.404767113317112175e-03,-5.381144801637022372e-08
1.227272727272727160e+01,4.404648645914490887e-03,2.849047720672712137e-07
1.227422742274227296e+01,4.404530193265705773e-03,6.265111344452079292e-07
1.227572757275727433e+01,4.404411623187606990e-03,9.377142594546996623e-07
1.227722772277227570e+01,4.404292781099709841e-03,1.179579325397509139e-06
1.227872787278727706e+01,4.404173490024196509e-03,1.307530068539882486e-06
1.228022802280228021e+01,4.404053550585913454e-03,1.271348783112382470e-06
1.228172817281728157e+01,4.403932874467541073e-03,1.048779477475839188e-06
1.228322832283228294e+01,4.403811933069617761e-03,7.585229083833930582e-07
1.228472847284728431e+01,4.403690928056259481e-03,4.513898503862117191e-07
1.228622862286228568e+01,4.403569990507363169e-03,1.604144703526161703e-07
1.228772877287728704e+01,4.403449225132722612e-03,-8.801438621749638919e-08
1.228922892289228841e+01,4.403328710272024979e-03,-2.741531951926523491e-07
1.229072907290728978e+01,4.403208497894850817e-03,-3.849037538098008406e-07
1.229222922292229114e+01,4.403088613600674925e-03,-4.138131806743160659e-07
1.229372937293729251e+01,4.402969056618866346e-03,-3.610739157599962394e-07
1.229522952295229388e+01,4.402849799808689242e-03,-2.335237204090604111e-07
1.229672967296729524e+01,4.402730789659299419e-03,-4.464567733215333718e-08
1.229822982298229661e+01,4.402611946289747800e-03,1.854318093916566373e-07
1.229972997299729975e+01,4.402493163448980423e-03,4.299350143151626055e-07
1.230123012301230112e+01,4.402374308515834972e-03,6.554448906218317700e-07
1.230273027302730249e+01,4.402255222499045981e-03,8.218970701276088819e-07
1.230423042304230385e+01,4.402135720037239630e-03,8.825818632797189600e-07
1.230573057305730522e+01,4.402015601776069521e-03,7.872623817859416269e-07
1.230723072307230659e+01,4.401895126769072089e-03,6.011946869191438832e-07
1.230873087308730796e+01,4.401774567300224816e-03,3.929926661606789307e-07
1.231023102310230932e+01,4.401654020436017098e-03,1.871294683215037806e-07
1.231173117311731069e+01,4.401533565199403780e-03,3.529199569966761526e-09
1.231323132313231206e+01,4.401413262569806896e-03,-1.424330765681938568e-07
1.231473147314731342e+01,4.401293155483118266e-03,-2.399313392098488046e-07
1.231623162316231479e+01,4.401173268831694296e-03,-2.826886101144774946e-07
1.231773177317731616e+01,4.401053609464361180e-03,-2.689769536841704569e-07
1.231923192319231752e+01,4.400934166186410562e-03,-2.016174769636256338e-07
1.232073207320732067e+01,4.400814909759602142e-03,-8.798032963999421920e-08
1.232223222322232203e+01,4.400695792902164540e-03,6.001529595652355918e-08
1.232373237323732340e+01,4.400576750288791826e-03,2.259011648535037678e-07
1.232523252325232477e+01,4.400457698550645259e-03,3.886599994358034116e-07
1.232673267326732613e+01,4.400338536275355886e-03,5.227254794456740956e-07
1.232823282328232750e+01,4.400219144007019335e-03,5.979822419827532363e-07
1.232973297329732887e+01,4.400099384246201027e-03,5.797658815040712624e-07
1.233123312331233024e+01,4.399979215753682324e-03,4.576667813276209265e-07
1.233273327332733160e+01,4.399858864973795261e-03,2.887539353444725983e-07
1.233423342334233297e+01,4.399738442452135953e-03,1.009097343114878526e-07
1.233573357335733434e+01,4.399618037072396473e-03,-8.344555226009510604e-08
1.233723372337233570e+01,4.399497721802973771e-03,-2.459060245285755445e-07
1.233873387338733707e+01,4.399377553696970540e-03,-3.720801523217907840e-07
1.234023402340234021e+01,4.399257573892190881e-03,-4.515907751371790386e-07
1.234173417341734158e+01,4.399137807611148976e-03,-4.780751021414604551e-07
1.234323432343234295e+01,4.399018264161057810e-03,-4.491847121712134126e-07
1.234473447344734431e+01,4.398898936933840452e-03,-3.665855537324299363e-07
1.234623462346234568e+01,4.398779803406121375e-03,-2.359579450006401054e-07
1.234773477347734705e+01,4.398660825139231664e-03,-6.699657382091258250e-08
1.234923492349234841e+01,4.398541947779205548e-03,1.265895022921487217e-07
1.235073507350734978e+01,4.398423101056782997e-03,3.270768561544014189e-07
1.235223522352235115e+01,4.398304198787409726e-03,5.127276909121622081e-07
1.235373537353735252e+01,4.398185138871233725e-03,6.577898400422142870e-07
1.235523552355235388e+01,4.398065803293111330e-03,7.324967673518028524e-07
1.235673567356735525e+01,4.397946058122599415e-03,7.030675669786329293e-07
1.235823582358235662e+01,4.397825821422915102e-03,5.488158482476371101e-07
1.235973597359735976e+01,4.397705265219087160e-03,3.130980882410757582e-07
1.236123612361236113e+01,4.397584553696819686e-03,3.734676420996375886e-08
1.236273627362736249e+01,4.397463825291432309e-03,-2.435015285456646736e-07
1.236423642364236386e+01,4.397343195860758773e-03,-5.002078696893619491e-07
1.236573657365736523e+01,4.397222758685143465e-03,-7.092310138485074999e-07
1.236723672367236659e+01,4.397102584467441413e-03,-8.527273906143071990e-07
1.236873687368736796e+01,4.396982721333020892e-03,-9.185511045417938888e-07
1.237023702370236933e+01,4.396863194829761685e-03,-9.002539351498267462e-07
1.237173717371737069e+01,4.396744007928056822e-03,-7.970853369210917061e-07
1.237323732373237206e+01,4.396625141020808238e-03,-6.139924393021012497e-07
1.237473747374737343e+01,4.396506551923432850e-03,-3.616200467031960984e-07
1.237623762376237480e+01,4.396388175873856483e-03,-5.631063849854182553e-08
1.237773777377737616e+01,4.396269925532519073e-03,2.798956309738676491e-07
1.237923792379237753e+01,4.396151690982372066e-03,6.192609324122142950e-07
1.238073807380738067e+01,4.396033339728877554e-03,9.283497615511861015e-07
1.238223822382238204e+01,4.395914716700010001e-03,1.168028939160533628e-06
1.238373837383738341e+01,4.395795644246257121e-03,1.293467611047339947e-06
1.238523852385238477e+01,4.395675922140617267e-03,1.254137248054476926e-06
1.238673867386738614e+01,4.395555418507115890e-03,1.016739200521574348e-06
1.238823882388238751e+01,4.395434448062153499e-03,6.606410751492501702e-07
1.238973897389738887e+01,4.395313268158024950e-03,2.508129572376320098e-07
1.239123912391239024e+01,4.395192082466678474e-03,-1.613190620798510169e-07
1.239273927392739161e+01,4.395071059768909834e-03,-5.331384580147497946e-07
1.239423942394239297e+01,4.394950333954368397e-03,-8.308382721235919261e-07
1.239573957395739434e+01,4.394830004021554534e-03,-1.029421112307885226e-06
1.239723972397239571e+01,4.394710134077818749e-03,-1.112699152814116240e-06
1.239873987398739708e+01,4.394590753339363415e-03,-1.073294134233748547e-06
1.240024002400240022e+01,4.394471856131241909e-03,-9.126373635029673847e-07
1.240174017401740159e+01,4.394353401887357742e-03,-6.409697139035921093e-07
1.240324032403240295e+01,4.394235315150468030e-03,-2.773416250619130121e-07
1.240474047404740432e+01,4.394117485572178287e-03,1.503868970506751015e-07
1.240624062406240569e+01,4.393999767912947635e-03,6.055462801178114020e-07
1.240774077407740705e+01,4.393881982042084459e-03,1.042657385478143413e-06
1.240924092409240842e+01,4.393763912937749885e-03,1.407431508125342468e-06
1.241074107410740979e+01,4.393645310686953437e-03,1.636770376708110914e-06
1.241224122412241115e+01,4.393525890485559977e-03,1.658766153530150343e-06
1.241374137413741252e+01,4.393405416319329237e-03,1.413822815179489654e-06
1.241524152415241389e+01,4.393284468385078891e-03,1.048381947902011146e-06
1.241674167416741525e+01,4.393163396178730723e-03,6.506985155937450918e-07
1.241824182418241662e+01,4.393042377759342684e-03,2.657538610217976358e-07
1.241974197419741976e+01,4.392921556787240597e-03,-7.016006917382966290e-08
1.242124212421242113e+01,4.392801042524014689e-03,-3.294407244787092428e-07
1.242274227422742250e+01,4.392680909832522192e-03,-4.931749505064227594e-07
1.242424242424242387e+01,4.392561199176884743e-03,-5.511389889968670196e-07
1.242574257425742523e+01,4.392441916622492719e-03,-5.017984778166842739e-07
1.242724272427242660e+01,4.392323033836000902e-03,-3.523084509592721698e-07
1.242874287428742797e+01,4.392204488085328477e-03,-1.185133385447663870e-07
1.243024302430242933e+01,4.392086182239663371e-03,1.750530331799383984e-07
1.243174317431743070e+01,4.391967984769457913e-03,4.951674418412084190e-07
1.243324332433243207e+01,4.391849729746430571e-03,7.999172689386578989e-07
1.243474347434743343e+01,4.391731216843566821e-03,1.038700499845155618e-06
1.243624362436243480e+01,4.391612211335117408e-03,1.152225723806817078e-06
1.243774377437743617e+01,4.391492444096599217e-03,1.072512133943005984e-06
1.243924392439243753e+01,4.391372097516715346e-03,8.456101203345605158e-07
1.244074407440744068e+01,4.391251649477324881e-03,5.922227434768861562e-07
1.244224422442244204e+01,4.391131215498649681e-03,3.415458975982821117e-07
1.244374437443744341e+01,4.391010889297266781e-03,1.172652662483563304e-07
1.244524452445244478e+01,4.390890742804538956e-03,-6.243902348730231439e-08
1.244674467446744615e+01,4.390770826166614724e-03,-1.848924009874115925e-07
1.244824482448244751e+01,4.390651167744429213e-03,-2.429258520949991986e-07
1.244974497449744888e+01,4.390531774113702428e-03,-2.348759191174013760e-07
1.245124512451245025e+01,4.390412630064940980e-03,-1.645847008262603755e-07
1.245274527452745161e+01,4.390293698603437225e-03,-4.139985245753271388e-08
1.245424542454245298e+01,4.390174920949269262e-03,1.198254142885252255e-07
1.245574557455745435e+01,4.390056216537300930e-03,2.987323312473398285e-07
1.245724572457245571e+01,4.389937483017180946e-03,4.694565737900346502e-07
1.245874587458745708e+01,4.389818596253346368e-03,6.006282608234217320e-07
1.246024602460246022e+01,4.389699410325016531e-03,6.553719547900122963e-07
1.246174617461746159e+01,4.389579761869955368e-03,5.924039753845516385e-07
1.246324632463246296e+01,4.389459790941232717e-03,4.470962669142277872e-07
1.246474647464746432e+01,4.389339717419629694e-03,2.750127217527990456e-07
1.246624662466246569e+01,4.389219630209590002e-03,9.863223783168337896e-08
1.246774677467746706e+01,4.389099602895297526e-03,-6.343975297571534866e-08
1.246924692469246843e+01,4.388979693740678936e-03,-1.964712848540065272e-07
1.247074707470746979e+01,4.388859945689402818e-03,-2.896038580458132243e-07
1.247224722472247116e+01,4.388740386364879675e-03,-3.358524388517730323e-07
1.247374737473747253e+01,4.388621028070262796e-03,-3.321054596305360564e-07
1.247524752475247389e+01,4.388501867788446517e-03,-2.791248187987665031e-07
1.247674767476747526e+01,4.388382887182068828e-03,-1.815458808311425741e-07
1.247824782478247663e+01,4.388264052593508768e-03,-4.787747626035561929e-08
1.247974797479747977e+01,4.388145315044887293e-03,1.094980983230826690e-07
1.248124812481248114e+01,4.388026610238068143e-03,2.743250802700635268e-07
1.248274827482748250e+01,4.387907858554656974e-03,4.264742408740231309e-07
1.248424842484248387e+01,4.387788965056001363e-03,5.419428853702123502e-07
1.248574857485748524e+01,4.387669819483191666e-03,5.928548529358648821e-07
1.248724872487248660e+01,4.387550296262940006e-03,5.474620016980899981e-07
1.248874887488748797e+01,4.387430389307617716e-03,4.041994248555935996e-07
1.249024902490248934e+01,4.387310271659599498e-03,2.068043860392277906e-07
1.249174917491749071e+01,4.387190065620197657e-03,-1.378523756394373674e-08
1.249324932493249207e+01,4.387069875488100804e-03,-2.311854746906529180e-07
1.249474947494749344e+01,4.386949787559377319e-03,-4.235662600014272101e-07
1.249624962496249481e+01,4.386829870127470152e-03,-5.736514340805894861e-07
1.249774977497749617e+01,4.386710173483200290e-03,-6.687187434362578227e-07
1.249924992499249754e+01,4.386590729914766756e-03,-7.005998405003460301e-07
1.250075007500750068e+01,4.386471553707744012e-03,-6.656802836284830779e-07
1.250225022502250205e+01,4.386352641145086287e-03,-5.648995371002591580e-07
1.250375037503750342e+01,4.386233970507120647e-03,-4.037509711189782455e-07
1.250525052505250478e+01,4.386115502071555663e-03,-1.922818618117421661e-07
1.250675067506750615e+01,4.385997178113474476e-03,5.490660877055321487e-08
1.250825082508250752e+01,4.385878922905337395e-03,3.186593526532152401e-07
1.250975097509750888e+01,4.385760642716983633e-03,5.752673759377578481e-07
1.251125112511251025e+01,4.385642225815627841e-03,7.964677788018957501e-07
1.251275127512751162e+01,4.385523542465862706e-03,9.494437554995486651e-07
1.251425142514251299e+01,4.385404444929657218e-03,9.968245943608508491e-07
1.251575157515751435e+01,4.385284768024895995e-03,8.968266278223510006e-07
1.251725172517251572e+01,4.385164506476140964e-03,6.480667612091411255e-07
1.251875187518751709e+01,4.385043899890572576e-03,3.111416644336922178e-07
1.252025202520252023e+01,4.384923152783826161e-03,-6.218733520139428298e-08
1.252175217521752160e+01,4.384802439369497526e-03,-4.278279465215739844e-07
1.252325232523252296e+01,4.384681903559136881e-03,-7.493569144830884699e-07
1.252475247524752433e+01,4.384561658962254048e-03,-9.980200201711766822e-07
1.252625262526252570e+01,4.384441788886316721e-03,-1.152732080800498546e-06
1.252775277527752706e+01,4.384322346336750470e-03,-1.200076949715142592e-06
1.252925292529252843e+01,4.384203354016938739e-03,-1.134307516388621720e-06
1.253075307530752980e+01,4.384084804328221979e-03,-9.573457064238721421e-07
1.253225322532253116e+01,4.383966659369898516e-03,-6.787824815532552867e-07
1.253375337533753253e+01,4.383848850939226285e-03,-3.158778396385605527e-07
1.253525352535253390e+01,4.383731280531418494e-03,1.064391853290031614e-07
1.253675367536753527e+01,4.383613819339647957e-03,5.555705232287976106e-07
1.253825382538253663e+01,4.383496308255044500e-03,9.912490678107603917e-07
1.253975397539753978e+01,4.383378557866695821e-03,1.365538676695787590e-06
1.254125412541254114e+01,4.383260348461648359e-03,1.622834171374034208e-06
1.254275427542754251e+01,4.383141430024904694e-03,1.699861337207616942e-06
1.254425442544254388e+01,4.383021525304527273e-03,1.526452211213826361e-06
1.254575457545754524e+01,4.382900860556079858e-03,1.159816774091598953e-06
1.254725472547254661e+01,4.382779913065832852e-03,7.207374408772816701e-07
1.254875487548754798e+01,4.382658913534738521e-03,2.676322363992297425e-07
1.255025502550254934e+01,4.382538053264294076e-03,-1.510571767902268982e-07
1.255175517551755071e+01,4.382417484156533871e-03,-4.968654984147880663e-07
1.255325532553255208e+01,4.382297318714038076e-03,-7.413037904741779223e-07
1.255475547554755344e+01,4.382177630039923999e-03,-8.658594772441495255e-07
1.255625562556255481e+01,4.382058451837854765e-03,-8.619963452764805991e-07
1.255775577557755618e+01,4.381939778412032374e-03,-7.311545433989811532e-07
1.255925592559255755e+01,4.381821564667200304e-03,-4.847505827154803560e-07
1.256075607560756069e+01,4.381703726108644378e-03,-1.441773366053953941e-07
1.256225622562256206e+01,4.381586138842191898e-03,2.591959592745433336e-07
1.256375637563756342e+01,4.381468639574210774e-03,6.840237069927658692e-07
1.256525652565256479e+01,4.381351025611611265e-03,1.078983946341312943e-06
1.256675667566756616e+01,4.381233054861844237e-03,1.382778354836209940e-06
1.256825682568256752e+01,4.381114445832903770e-03,1.524132247717442969e-06
1.256975697569756889e+01,4.380994877633323688e-03,1.421794577948983111e-06
1.257125712571257026e+01,4.380874550586743611e-03,1.126463086554567149e-06
1.257275727572757162e+01,4.380754095393903438e-03,7.978190025834372596e-07
1.257425742574257299e+01,4.380633660948886864e-03,4.735830978325258081e-07
1.257575757575757436e+01,4.380513367021739331e-03,1.840984247843415652e-07
1.257725772577257572e+01,4.380393305177997243e-03,-4.743691024824420183e-08
1.257875787578757709e+01,4.380273538778683626e-03,-2.049697471219983643e-07
1.258025802580258024e+01,4.380154102980315066e-03,-2.795918718633617193e-07
1.258175817581758160e+01,4.380035004734898242e-03,-2.695400166682033499e-07
1.258325832583258297e+01,4.379916222789927323e-03,-1.801958599023487506e-07
1.258475847584758434e+01,4.379797707688388303e-03,-2.408602610112264105e-08
1.258625862586258570e+01,4.379679381768758137e-03,1.791179140305112735e-07
1.258775877587758707e+01,4.379561139165002136e-03,4.025994436179496670e-07
1.258925892589258844e+01,4.379442845806576570e-03,6.123970996169583802e-07
1.259075907590758980e+01,4.379324339418427803e-03,7.674044728136598216e-07
1.259225922592259117e+01,4.379205429520994022e-03,8.193702078245390021e-07
1.259375937593759254e+01,4.379085923636796829e-03,7.195350365902038645e-07
1.259525952595259390e+01,4.378966122258591900e-03,5.439966182226287546e-07
1.259675967596759527e+01,4.378846257206854380e-03,3.514818179642155565e-07
1.259825982598259664e+01,4.378726415427643126e-03,1.640270425002594425e-07
1.259975997599759978e+01,4.378606667125242366e-03,-5.742635007411723568e-10
1.260126012601260115e+01,4.378487065762153886e-03,-1.287716173863331006e-07
1.260276027602760252e+01,4.378367648059103105e-03,-2.112574985213007929e-07
1.260426042604260388e+01,4.378248433995034737e-03,-2.429673482868401632e-07
1.260576057605760525e+01,4.378129426807115393e-03,-2.230795700807666413e-07
1.260726072607260662e+01,4.378010612990730979e-03,-1.550155293175173961e-07
1.260876087608760798e+01,4.377891962299489299e-03,-4.643955342815112430e-08
1.261026102610260935e+01,4.377773427745220054e-03,9.074106813965216188e-08
1.261176117611761072e+01,4.377654945597973107e-03,2.403760839215910285e-07
1.261326132613261208e+01,4.377536435386018485e-03,3.820722804367444729e-07
1.261476147614761345e+01,4.377417799895848109e-03,4.911934821875668944e-07
1.261626162616261482e+01,4.377298925172174067e-03,5.388605516598961411e-07
1.261776177617761618e+01,4.377179681426595845e-03,4.921815099143908852e-07
1.261926192619261755e+01,4.377060118174158285e-03,3.636826972904779594e-07
1.262076207620762069e+01,4.376940411580926629e-03,1.980038422135942998e-07
1.262226222622262206e+01,4.376820657601664978e-03,1.947549750588866449e-08
1.262376237623762343e+01,4.376700937156338504e-03,-1.513839309047628864e-07
1.262526252625262480e+01,4.376581316130116056e-03,-2.978681839839792551e-07
1.262676267626762616e+01,4.376461845373366688e-03,-4.070831495910544597e-07
1.262826282628262753e+01,4.376342560701663130e-03,-4.699468624789565751e-07
1.262976297629762890e+01,4.376223482895780920e-03,-4.811895042943293215e-07
1.263126312631263026e+01,4.376104617701695801e-03,-4.393534035774903705e-07
1.263276327632763163e+01,4.375985955830586326e-03,-3.467930357624320857e-07
1.263426342634263300e+01,4.375867472958835588e-03,-2.096750231768226877e-07
1.263576357635763436e+01,4.375749129728025155e-03,-3.797813504200117195e-08
1.263726372637263573e+01,4.375630871744941135e-03,1.545067125270128446e-07
1.263876387638763710e+01,4.375512629581572444e-03,3.501764565215279115e-07
1.264026402640264024e+01,4.375394318775108204e-03,5.276158870393705859e-07
1.264176417641764161e+01,4.375275839827941216e-03,6.615976472840494112e-07
1.264326432643264297e+01,4.375157078207666216e-03,7.230822335660756531e-07
1.264476447644764434e+01,4.375037904347079017e-03,6.792179953020504098e-07
1.264626462646264571e+01,4.374918243200961315e-03,5.109496360776760008e-07
1.264776477647764708e+01,4.374798251189020160e-03,2.579086694781630694e-07
1.264926492649264844e+01,4.374678098687706344e-03,-3.668283961165044202e-08
1.265076507650764981e+01,4.374557931839523350e-03,-3.357499040095560087e-07
1.265226522652265118e+01,4.374437873044131030e-03,-6.082407260329905424e-07
1.265376537653765254e+01,4.374318020958344738e-03,-8.291266974990349629e-07
1.265526552655265391e+01,4.374198450496138806e-03,-9.794023997244162616e-07
1.265676567656765528e+01,4.374079212828642198e-03,-1.046085603525506655e-06
1.265826582658265664e+01,4.373960335384141120e-03,-1.022217269218321681e-06
1.265976597659765979e+01,4.373841821848078147e-03,-9.068615466183338450e-07
1.266126612661266115e+01,4.373723652163054830e-03,-7.051057750411311973e-07
1.266276627662766252e+01,4.373605782528825620e-03,-4.280604833015895630e-07
1.266426642664266389e+01,4.373488145402303941e-03,-9.285938971431300198e-08
1.266576657665766525e+01,4.373370649497560457e-03,2.773405979064495182e-07
1.266726672667266662e+01,4.373253179785819601e-03,6.533593822468075108e-07
1.266876687668766799e+01,4.373135597495465647e-03,9.999936764932184875e-07
1.267026702670266936e+01,4.373017740112037505e-03,1.276017004332502570e-06
1.267176717671767072e+01,4.372899421378231323e-03,1.434179699951826079e-06
1.267326732673267209e+01,4.372780431293899622e-03,1.421208908038724402e-06
1.267476747674767346e+01,4.372660618982719682e-03,1.198823744298315276e-06
1.267626762676267482e+01,4.372540476276397074e-03,8.917548185725664081e-07
1.267776777677767619e+01,4.372420263313517817e-03,5.660069058754691338e-07
1.267926792679267756e+01,4.372300118624738476e-03,2.567420164292800718e-07
1.268076807680768070e+01,4.372180152546951450e-03,-8.033610442467690107e-09
1.268226822682268207e+01,4.372060447223279772e-03,-2.074695063137635019e-07
1.268376837683768343e+01,4.371941056603084047e-03,-3.278709736580377874e-07
1.268526852685268480e+01,4.371822006441956378e-03,-3.626990858468212963e-07
1.268676867686768617e+01,4.371703294301722970e-03,-3.125706871500892120e-07
1.268826882688268753e+01,4.371584889550444129e-03,-1.852583927362611510e-07
1.268976897689768890e+01,4.371466733362416000e-03,4.309411327798836656e-09
1.269126912691269027e+01,4.371348738718165358e-03,2.340485680767805735e-07
1.269276927692769164e+01,4.371230790404455682e-03,4.747191496469342135e-07
1.269426942694269300e+01,4.371112745014281951e-03,6.899254572760589123e-07
1.269576957695769437e+01,4.370994430946875849e-03,8.361160213035096042e-07
1.269726972697269574e+01,4.370875648407700556e-03,8.625836011702037783e-07
1.269876987698769710e+01,4.370756246596595521e-03,7.310512900849638558e-07
1.270027002700270025e+01,4.370636623805657962e-03,5.425825299386176907e-07
1.270177017701770161e+01,4.370516960377736175e-03,3.429556116557433765e-07
1.270327032703270298e+01,4.370397341055841378e-03,1.536895159215440891e-07
1.270477047704770435e+01,4.370277833286729217e-03,-8.088595112961055439e-09
1.270627062706270571e+01,4.370158487220899765e-03,-1.296433778311460066e-07
1.270777077707770708e+01,4.370039335712598387e-03,-2.026313071507744438e-07
1.270927092709270845e+01,4.369920394319812273e-03,-2.231006765240034296e-07
1.271077107710770981e+01,4.369801661304276511e-03,-1.914915979373806568e-07
1.271227122712271118e+01,4.369683117631467141e-03,-1.126360019118463538e-07
1.271377137713771255e+01,4.369564726970606369e-03,4.242362497269043966e-09
1.271527152715271392e+01,4.369446435694661693e-03,1.455279277002423537e-07
1.271677167716771528e+01,4.369328172880342434e-03,2.932133075729580681e-07
1.271827182718271665e+01,4.369209850308104076e-03,4.248992974569097854e-07
1.271977197719771979e+01,4.369091362462145661e-03,5.137948741592694006e-07
1.272127212721272116e+01,4.368972586530412393e-03,5.287171959525022355e-07
1.272277227722772253e+01,4.368853418319907159e-03,4.432061559763354232e-07
1.272427242724272389e+01,4.368734027851385246e-03,3.004074226660429111e-07
1.272577257725772526e+01,4.368614543342498428e-03,1.328842335841741247e-07
1.272727272727272663e+01,4.368495050716559441e-03,-3.753511322153644924e-08
1.272877287728772799e+01,4.368375621287723387e-03,-1.927335599231139220e-07
1.273027302730272936e+01,4.368256311760990336e-03,-3.183052889123418374e-07
1.273177317731773073e+01,4.368137164232200123e-03,-4.035557228007632842e-07
1.273327332733273209e+01,4.368018206188038419e-03,-4.415015244196816897e-07
1.273477347734773346e+01,4.367899450506033260e-03,-4.288705968201585965e-07
1.273627362736273483e+01,4.367780895454555050e-03,-3.661020832730135568e-07
1.273777377737773620e+01,4.367662524692818293e-03,-2.573463672688285787e-07
1.273927392739273756e+01,4.367544307270879861e-03,-1.104650725179418801e-07
1.274077407740774071e+01,4.367426197629638990e-03,6.296893704976159351e-08
1.274227422742274207e+01,4.367308135600839886e-03,2.476715572839996952e-07
1.274377437743774344e+01,4.367190046407068253e-03,4.246474438153368384e-07
1.274527452745274481e+01,4.367071840661753031e-03,5.711900120543995382e-07
1.274677467746774617e+01,4.366953414369167258e-03,6.608814371920449187e-07
1.274827482748274754e+01,4.366834648924425473e-03,6.635926541993683887e-07
1.274977497749774891e+01,4.366715426299376188e-03,5.493324674189030145e-07
1.275127512751275027e+01,4.366595818443837901e-03,3.363336606585192368e-07
1.275277527752775164e+01,4.366475997203507139e-03,6.826335269854064707e-08
1.275427542754275301e+01,4.366356110068182056e-03,-2.173908891605509777e-07
1.275577557755775437e+01,4.366236282033446846e-03,-4.888587341378048604e-07
1.275727572757275574e+01,4.366116615600666544e-03,-7.200870879718013826e-07
1.275877587758775711e+01,4.365997190776991360e-03,-8.907400929206501262e-07
1.276027602760276025e+01,4.365878065075354079e-03,-9.861991277620584824e-07
1.276177617761776162e+01,4.365759273514470927e-03,-9.975628077929662637e-07
1.276327632763276299e+01,4.365640828618839835e-03,-9.216469848302450345e-07
1.276477647764776435e+01,4.365522720418746512e-03,-7.609847472101352588e-07
1.276627662766276572e+01,4.365404916450254039e-03,-5.238264197884075532e-07
1.276777677767776709e+01,4.365287361755214139e-03,-2.241395639403657577e-07
1.276927692769276845e+01,4.365169978881258510e-03,1.183910224391600520e-07
1.277077707770776982e+01,4.365052667881803156e-03,4.783633049357995891e-07
1.277227722772277119e+01,4.364935306316047522e-03,8.246580126156638485e-07
1.277377737773777255e+01,4.364817749248974497e-03,1.120438638025326367e-06
1.277527752775277392e+01,4.364699829251350409e-03,1.323151437191823327e-06
1.277677767776777529e+01,4.364581356399724159e-03,1.384525429622673890e-06
1.277827782778277665e+01,4.364462118870743486e-03,1.250723393006342786e-06
1.277977797779777980e+01,4.364342323846174924e-03,9.743724756308061226e-07
1.278127812781278116e+01,4.364222388940301907e-03,6.616042870084593529e-07
1.278277827782778253e+01,4.364102462379104534e-03,3.501127004615377214e-07
1.278427842784278390e+01,4.363982664818821279e-03,7.058095439037372255e-08
1.278577857785778527e+01,4.363863089345947251e-03,-1.533183477268919496e-07
1.278727872787278663e+01,4.363743801477237665e-03,-3.049232373343088128e-07
1.278877887788778800e+01,4.363624839159704373e-03,-3.745823807981206202e-07
1.279027902790278937e+01,4.363506212770618467e-03,-3.596550794067593252e-07
1.279177917791779073e+01,4.363387905117508542e-03,-2.645112693708512224e-07
1.279327932793279210e+01,4.363269871438161564e-03,-1.005315218232122890e-07
1.279477947794779347e+01,4.363152039400622871e-03,1.138929571811494860e-07
1.279627962796279483e+01,4.363034309103196173e-03,3.533603266650344193e-07
1.279777977797779620e+01,4.362916553074442684e-03,5.854581107290509217e-07
1.279927992799279757e+01,4.362798616273181988e-03,7.707631985516153919e-07
1.280078007800780071e+01,4.362680316088492910e-03,8.628418443889892745e-07
1.280228022802280208e+01,4.362561442339710910e-03,8.082496675749323060e-07
1.280378037803780344e+01,4.362442103702437492e-03,6.346038484032494242e-07
1.280528052805280481e+01,4.362322669094145615e-03,4.357029282382938707e-07
1.280678067806780618e+01,4.362203234754577150e-03,2.360313751920668795e-07
1.280828082808280755e+01,4.362083879057834443e-03,5.552870776456337407e-08
1.280978097809780891e+01,4.361964662754946702e-03,-9.034884123662346091e-08
1.281128112811281028e+01,4.361845628973868259e-03,-1.906283246963010673e-07
1.281278127812781165e+01,4.361726803219481176e-03,-2.388200811916797904e-07
1.281428142814281301e+01,4.361608193373595239e-03,-2.329177349923694903e-07
1.281578157815781438e+01,4.361489789694945364e-03,-1.753981960603842009e-07
1.281728172817281575e+01,4.361371564819194191e-03,-7.322166005013620072e-08
1.281878187818781711e+01,4.361253473758931222e-03,6.216839169155763454e-08
1.282028202820282026e+01,4.361135453903671085e-03,2.148451921256644026e-07
1.282178217821782162e+01,4.361017425019858736e-03,3.643986885201825860e-07
1.282328232823282299e+01,4.360899289250861656e-03,4.859355424512581235e-07
1.282478247824782436e+01,4.360780931116977656e-03,5.500791298024667620e-07
1.282628262826282572e+01,4.360662217515428804e-03,5.229695407649782743e-07
1.282778277827782709e+01,4.360543139061381912e-03,4.022037063253256467e-07
1.282928292829282846e+01,4.360423902453983494e-03,2.403499405589153245e-07
1.283078307830782983e+01,4.360304607132873232e-03,6.271772567110513175e-08
1.283228322832283119e+01,4.360185336087387883e-03,-1.095699678253538608e-07
1.283378337833783256e+01,4.360066157089686860e-03,-2.592631991212622070e-07
1.283528352835283393e+01,4.359947122694753097e-03,-3.729850571109720854e-07
1.283678367836783529e+01,4.359828270240388715e-03,-4.412316603923884107e-07
1.283828382838283666e+01,4.359709621847220225e-03,-4.583721572669655517e-07
1.283978397839783980e+01,4.359591184418695059e-03,-4.226487257396390394e-07
1.284128412841284117e+01,4.359472949641081570e-03,-3.361765735190563831e-07
1.284278427842784254e+01,4.359354893983470765e-03,-2.049439380173214784e-07
1.284428442844284390e+01,4.359236978697776307e-03,-3.881208635010143943e-08
1.284578457845784527e+01,4.359119149818732782e-03,1.484846846633831425e-07
1.284728472847284664e+01,4.359001338163895692e-03,3.393390485003650275e-07
1.284878487848784800e+01,4.358883459333644933e-03,5.122706489345186281e-07
1.285028502850284937e+01,4.358765413711179586e-03,6.419261000359726083e-07
1.285178517851785074e+01,4.358647086462523121e-03,6.990789861713012018e-07
1.285328532853285211e+01,4.358528347536518195e-03,6.506298620035247943e-07
1.285478547854785347e+01,4.358409139203530368e-03,4.818561211200489862e-07
1.285628562856285484e+01,4.358289627575505885e-03,2.350123394774735304e-07
1.285778577857785621e+01,4.358169974631022868e-03,-4.865360726120326621e-08
1.285928592859285757e+01,4.358050319156673777e-03,-3.337993931271967205e-07
1.286078607860786072e+01,4.357930776932422354e-03,-5.909412351005846359e-07
1.286228622862286208e+01,4.357811440731603619e-03,-7.964538931091197093e-07
1.286378637863786345e+01,4.357692380320919538e-03,-9.325706700301025854e-07
1.286528652865286482e+01,4.357573642460446824e-03,-9.873834116890887550e-07
1.286678667866786618e+01,4.357455250903627397e-03,-9.548425068602203805e-07
1.286828682868286755e+01,4.357337206397276196e-03,-8.347568872662218486e-07
1.286978697869786892e+01,4.357219486681577700e-03,-6.327940275783978645e-07
1.287128712871287028e+01,4.357102046490086804e-03,-3.604799454166442521e-07
1.287278727872787165e+01,4.356984817549727947e-03,-3.519920134943185949e-08
1.287428742874287302e+01,4.356867708580795112e-03,3.198051011061793053e-07
1.287578757875787439e+01,4.356750605296953564e-03,6.754313154845448925e-07
1.287728772877287575e+01,4.356633370405238979e-03,9.967192523714416099e-07
1.287878787878787712e+01,4.356515843606054844e-03,1.242850179404061824e-06
1.288028802880288026e+01,4.356397841593177660e-03,1.367146821271066126e-06
1.288178817881788163e+01,4.356279158053752605e-03,1.317073359712129487e-06
1.288328832883288300e+01,4.356159730021121751e-03,1.076582870219582390e-06
1.288478847884788436e+01,4.356040059515594101e-03,7.734786663963169684e-07
1.288628862886288573e+01,4.355920341925154961e-03,4.575328347581252505e-07
1.288778877887788710e+01,4.355800709277758871e-03,1.623837848438533616e-07
1.288928892889288846e+01,4.355681265910032844e-03,-8.538494594224070017e-08
1.289078907890788983e+01,4.355562088467270290e-03,-2.662446923304885463e-07
1.289228922892289120e+01,4.355443225903435356e-03,-3.677216611858089622e-07
1.289378937893789256e+01,4.355324699481160321e-03,-3.843969315077097077e-07
1.289528952895289393e+01,4.355206502771746466e-03,-3.179064544302894223e-07
1.289678967896789530e+01,4.355088601655164073e-03,-1.769410532222338139e-07
1.289828982898289667e+01,4.354970934320055026e-03,2.275357671318455307e-08
1.289978997899789981e+01,4.354853411263725875e-03,2.583768678383895902e-07
1.290129012901290118e+01,4.354735915292155639e-03,5.000733804803397675e-07
1.290279027902790254e+01,4.354618301519990603e-03,7.109328028322463201e-07
1.290429042904290391e+01,4.354500397370547789e-03,8.469899509524777165e-07
1.290579057905790528e+01,4.354382002575812351e-03,8.572247687648034985e-07
1.290729072907290664e+01,4.354263002764641524e-03,7.124937390102548229e-07
1.290879087908790801e+01,4.354143810070503287e-03,5.177697994392352567e-07
1.291029102910290938e+01,4.354024579790468849e-03,3.126264100807400951e-07
1.291179117911791074e+01,4.353905399166121959e-03,1.193009645967983107e-07
1.291329132913291211e+01,4.353786337458885602e-03,-4.455192641617773756e-08
1.291479147914791348e+01,4.353667445950015064e-03,-1.658604354273921992e-07
1.291629162916291484e+01,4.353548757940603128e-03,-2.361355179716661552e-07
1.291779177917791621e+01,4.353430288751578350e-03,-2.514709126494368771e-07
1.291929192919291758e+01,4.353312035723702449e-03,-2.125431411267569798e-07
1.292079207920792072e+01,4.353193978217576379e-03,-1.246115081351676844e-07
1.292229222922292209e+01,4.353076077613634264e-03,2.481898527823560989e-09
1.292379237923792346e+01,4.352958277312145990e-03,1.543122079993856620e-07
1.292529252925292482e+01,4.352840502733218951e-03,3.118717663509937243e-07
1.292679267926792619e+01,4.352722661316793702e-03,4.515701365885047043e-07
1.292829282928292756e+01,4.352604642522647435e-03,5.452340986521624384e-07
1.292979297929792892e+01,4.352486317830393109e-03,5.601076494165941489e-07
1.293129312931293029e+01,4.352367579347146860e-03,4.686869976779577684e-07
1.293279327932793166e+01,4.352248608061644840e-03,3.170757341174413971e-07
1.293429342934293302e+01,4.352129539074471413e-03,1.397154266315156452e-07
1.293579357935793439e+01,4.352010463237473460e-03,-4.022606601349488280e-08
1.293729372937293576e+01,4.351891455823980216e-03,-2.035533805778491837e-07
1.293879387938793712e+01,4.351772576528796337e-03,-3.350436493483907025e-07
1.294029402940294027e+01,4.351653869468207966e-03,-4.234465001386225064e-07
1.294179417941794163e+01,4.351535363179978404e-03,-4.614840562883413671e-07
1.294329432943294300e+01,4.351417070623351570e-03,-4.458509366642800229e-07
1.294479447944794437e+01,4.351298989179047672e-03,-3.772142556596211941e-07
1.294629462946294574e+01,4.351181100649267539e-03,-2.602136231941324727e-07
1.294779477947794710e+01,4.351063371257691756e-03,-1.034611447141682281e-07
1.294929492949294847e+01,4.350945751649477194e-03,8.045857880733881002e-08
1.295079507950794984e+01,4.350828176891261348e-03,2.749884508708666461e-07
1.295229522952295120e+01,4.350710566471160598e-03,4.595988794503133894e-07
1.295379537953795257e+01,4.350592824298770214e-03,6.097877769929903713e-07
1.295529552955295394e+01,4.350474838705162620e-03,6.970805604196233635e-07
1.295679567956795530e+01,4.350356482442890860e-03,6.890301511243615774e-07
1.295829582958295667e+01,4.350237643419525846e-03,5.570414300326866471e-07
1.295979597959795981e+01,4.350118439995533971e-03,3.312538080114893678e-07
1.296129612961296118e+01,4.349999046393632218e-03,5.610980974085936529e-08
1.296279627962796255e+01,4.349879608866831157e-03,-2.310766033249563959e-07
1.296429642964296391e+01,4.349760250529884423e-03,-4.988946574630181676e-07
1.296579657965796528e+01,4.349641071359286980e-03,-7.218367666819147584e-07
1.296729672967296665e+01,4.349522148193279460e-03,-8.802985327217636927e-07
1.296879687968796802e+01,4.349403534731845558e-03,-9.605787450542097279e-07
1.297029702970296938e+01,4.349285261536712036e-03,-9.548793808824267605e-07
1.297179717971797075e+01,4.349167336031347850e-03,-8.613056051411177204e-07
1.297329732973297212e+01,4.349049742500968492e-03,-6.838657704965147823e-07
1.297479747974797348e+01,4.348932442092529917e-03,-4.324714173463729073e-07
1.297629762976297485e+01,4.348815372814732877e-03,-1.229372738199868894e-07
1.297779777977797622e+01,4.348698449538021191e-03,2.230187442218337909e-07
1.297929792979297758e+01,4.348581563994582608e-03,5.777755331867393965e-07
1.298079807980798073e+01,4.348464584778347942e-03,9.078088017512234284e-07
1.298229822982298209e+01,4.348347357344991074e-03,1.173691070859054767e-06
1.298379837983798346e+01,4.348229704011929812e-03,1.330091673723713157e-06
1.298529852985298483e+01,4.348111423958325034e-03,1.325776755826728441e-06
1.298679867986798619e+01,4.347992361726064209e-03,1.121079597899352847e-06
1.298829882988298756e+01,4.347872958981615493e-03,8.286418997939744266e-07
1.298979897989798893e+01,4.347753473361882885e-03,5.142043620073204089e-07
1.299129912991299030e+01,4.347634043394307639e-03,2.131278339131125061e-07
1.299279927992799166e+01,4.347514779935928581e-03,-4.628967898056549060e-08
1.299429942994299303e+01,4.347395766173380374e-03,-2.428130150312702528e-07
1.299579957995799440e+01,4.347277057622898726e-03,-3.622698564621966909e-07
1.299729972997299576e+01,4.347158682130316046e-03,-3.975507293621772134e-07
1.299879987998799713e+01,4.347040639871064920e-03,-3.486090036856868087e-07
1.300030003000300027e+01,4.346922903350172902e-03,-2.224608932526450515e-07
1.300180018001800164e+01,4.346805417402268591e-03,-3.318545574911998692e-08
1.300330033003300301e+01,4.346688099191577288e-03,1.980754072735930176e-07
1.300480048004800437e+01,4.346570838211924470e-03,4.431169503984628411e-07
1.300630063006300574e+01,4.346453496286732318e-03,6.666715843428076296e-07
1.300780078007800711e+01,4.346335907569020586e-03,8.264088759583122665e-07
1.300930093009300847e+01,4.346217878541410069e-03,8.729355482310275255e-07
1.301080108010800984e+01,4.346099223136007036e-03,7.587573374215054860e-07
1.301230123012301121e+01,4.345980273410364816e-03,5.686044619516520300e-07
1.301380138013801258e+01,4.345861258893136438e-03,3.610664340162128175e-07
1.301530153015301394e+01,4.345742273234327185e-03,1.600590953342596535e-07
1.301680168016801531e+01,4.345623391770264514e-03,-1.517831465734953336e-08
1.301830183018301668e+01,4.345504671523592842e-03,-1.500831588039682557e-07
1.301980198019801982e+01,4.345386151203276155e-03,-2.347694022332309771e-07
1.302130213021302119e+01,4.345267851204598006e-03,-2.640276123547148814e-07
1.302280228022802255e+01,4.345149773609160646e-03,-2.373249588605483596e-07
1.302430243024302392e+01,4.345031902184885025e-03,-1.588052137249410127e-07
1.302580258025802529e+01,4.344914202386013398e-03,-3.728875120431525966e-08
1.302730273027302665e+01,4.344796621353104113e-03,1.137274521626923926e-07
1.302880288028802802e+01,4.344679087913035954e-03,2.760698175552360073e-07
1.303030303030302939e+01,4.344561512579008140e-03,4.268881638702530715e-07
1.303180318031803075e+01,4.344443787550537721e-03,5.386557077224725952e-07
1.303330333033303212e+01,4.344325786713459578e-03,5.791690634444055831e-07
1.303480348034803349e+01,4.344207373040305346e-03,5.134368766879289987e-07
1.303630363036303486e+01,4.344088658447337742e-03,3.700119590479462222e-07
1.303780378037803622e+01,4.343969817177516235e-03,1.933880267490536280e-07
1.303930393039303759e+01,4.343850946302953327e-03,8.365832994376164424e-09
1.304080408040804073e+01,4.343732126920499606e-03,-1.643352208204404797e-07
1.304230423042304210e+01,4.343613424151748954e-03,-3.080770851064269936e-07
1.304380438043804347e+01,4.343494887143029871e-03,-4.103030620825465417e-07
1.304530453045304483e+01,4.343376549065415884e-03,-4.625378057748357132e-07
1.304680468046804620e+01,4.343258427114716873e-03,-4.603873220166213625e-07
1.304830483048304757e+01,4.343140522511483408e-03,-4.035389684485191269e-07
1.304980498049804893e+01,4.343022820501005882e-03,-2.957614545184339564e-07
1.305130513051305030e+01,4.342905290353315378e-03,-1.449048414815596894e-07
1.305280528052805167e+01,4.342787885363181069e-03,3.709945759961988784e-08
1.305430543054305303e+01,4.342670542850113682e-03,2.342386778553324708e-07
1.305580558055805440e+01,4.342553184158362035e-03,4.264187026085153838e-07
1.305730573057305577e+01,4.342435714656915635e-03,5.894640633748178036e-07
1.305880588058805714e+01,4.342318023739504679e-03,6.951179398625957829e-07
1.306030603060306028e+01,4.342199984824596584e-03,7.110421599728741868e-07
1.306180618061806165e+01,4.342081467169374605e-03,6.038301908108086061e-07
1.306330633063306301e+01,4.341962544934974307e-03,3.923833895631827126e-07
1.306480648064806438e+01,4.341843401607895121e-03,1.235863922863987254e-07
1.306630663066306575e+01,4.341724188474021910e-03,-1.638900535032872316e-07
1.306780678067806711e+01,4.341605033472520879e-03,-4.373427988679549348e-07
1.306930693069306848e+01,4.341486041195839578e-03,-6.700362934480215431e-07
1.307080708070806985e+01,4.341367292889706034e-03,-8.412025854622411742e-07
1.307230723072307121e+01,4.341248846453130486e-03,-9.360413217077050109e-07
1.307380738073807258e+01,4.341130736438402783e-03,-9.457197475598401361e-07
1.307530753075307395e+01,4.341012974051095853e-03,-8.673727069724122857e-07
1.307680768076807531e+01,4.340895547150062234e-03,-7.041026424775207667e-07
1.307830783078307668e+01,4.340778420247437541e-03,-4.649795951856060799e-07
1.307980798079807805e+01,4.340661534508636135e-03,-1.650412047854437796e-07
1.308130813081308119e+01,4.340544807752356321e-03,1.747072904562729024e-07
1.308280828082808256e+01,4.340428134450575147e-03,5.272930536932549784e-07
1.308430843084308393e+01,4.340311385728552740e-03,8.597756495020987703e-07
1.308580858085808529e+01,4.340194409364829704e-03,1.133247043880672100e-06
1.308730873087308666e+01,4.340077029791227121e-03,1.302831604248508795e-06
1.308880888088808803e+01,4.339959048092848284e-03,1.317686099446806676e-06
1.309030903090308939e+01,4.339840282952762973e-03,1.131461666569755180e-06
1.309180918091809076e+01,4.339721129128473048e-03,8.450219028745325037e-07
1.309330933093309213e+01,4.339601875844280136e-03,5.323013495255181847e-07
1.309480948094809349e+01,4.339482664645757243e-03,2.294992634903561184e-07
1.309630963096309486e+01,4.339363609384435869e-03,-3.426729116311151521e-08
1.309780978097809623e+01,4.339244796217804276e-03,-2.369634432668463692e-07
1.309930993099309759e+01,4.339126283609306620e-03,-3.636365145526141411e-07
1.310081008100810074e+01,4.339008102328344683e-03,-4.064160196519818204e-07
1.310231023102310211e+01,4.338890255450278746e-03,-3.645136660962217618e-07
1.310381038103810347e+01,4.338772718356424113e-03,-2.442233543166185231e-07
1.310531053105310484e+01,4.338655438734054584e-03,-5.892117764415758020e-08
1.310681068106810621e+01,4.338538336576399854e-03,1.709345776903726047e-07
1.310831083108310757e+01,4.338421304182648111e-03,4.178034325563831250e-07
1.310981098109810894e+01,4.338304206157944307e-03,6.470627149234744647e-07
1.311131113111311031e+01,4.338186879413389284e-03,8.170075598614525924e-07
1.311281128112811167e+01,4.338069133166042382e-03,8.788509095403156203e-07
1.311431143114311304e+01,4.337950764071144168e-03,7.805921572436763637e-07
1.311581158115811441e+01,4.337832045780673322e-03,5.921860771568949808e-07
1.311731173117311577e+01,4.337713248452892793e-03,3.827188399315025129e-07
1.311881188118811714e+01,4.337594469645589951e-03,1.771511269195204682e-07
1.312031203120312028e+01,4.337475788279089063e-03,-4.324631642799531625e-09
1.312181218121812165e+01,4.337357264636248697e-03,-1.462842566341475647e-07
1.312331233123312302e+01,4.337238940362464316e-03,-2.380718200494700575e-07
1.312481248124812439e+01,4.337120838465663951e-03,-2.737996449990577943e-07
1.312631263126312575e+01,4.337002963316311660e-03,-2.523483057087775814e-07
1.312781278127812712e+01,4.336885300647405801e-03,-1.773666275200754233e-07
1.312931293129312849e+01,4.336767817554482499e-03,-5.727168688996974624e-08
1.313081308130812985e+01,4.336650462495610439e-03,9.475118860894055497e-08
1.313231323132313122e+01,4.336533165291393474e-03,2.607484202884804577e-07
1.313381338133813259e+01,4.336415837124971487e-03,4.179981783449000295e-07
1.313531353135313395e+01,4.336298370542020393e-03,5.390103818588695043e-07
1.313681368136813532e+01,4.336180639450747804e-03,5.915266987954884942e-07
1.313831383138313669e+01,4.336062500475234074e-03,5.388665685553934668e-07
1.313981398139813805e+01,4.335944022651009103e-03,3.986685316172085836e-07
1.314131413141314120e+01,4.335825403016567783e-03,2.213367196428904946e-07
1.314281428142814256e+01,4.335706742548746384e-03,3.271806906586467421e-08
1.314431443144314393e+01,4.335588125877234446e-03,-1.455247103529776688e-07
1.314581458145814530e+01,4.335469621284578252e-03,-2.959131355244445761e-07
1.314731473147314667e+01,4.335351280706175627e-03,-4.051529500312374689e-07
1.314881488148814803e+01,4.335233139730282868e-03,-4.641341241279503009e-07
1.315031503150314940e+01,4.335115217598009552e-03,-4.679308547410702996e-07
1.315181518151815077e+01,4.334997517203319391e-03,-4.158015654689775428e-07
1.315331533153315213e+01,4.334880025093031976e-03,-3.111889065819442170e-07
1.315481548154815350e+01,4.334762711466821905e-03,-1.617197550221374769e-07
1.315631563156315487e+01,4.334645530177218785e-03,2.079478559638457857e-08
1.315781578157815623e+01,4.334528418729606362e-03,2.203593849876694652e-07
1.315931593159315760e+01,4.334411298282224261e-03,4.167944861938761893e-07
1.316081608160816074e+01,4.334294073646165375e-03,5.857363055854339611e-07
1.316231623162316211e+01,4.334176633285380213e-03,6.986368328602821940e-07
1.316381638163816348e+01,4.334058849316671687e-03,7.227638310451209902e-07
1.316531653165316484e+01,4.333940585607340933e-03,6.232700132279328498e-07
1.316681668166816621e+01,4.333821904237462538e-03,4.160008255284934434e-07
1.316831683168316758e+01,4.333702993482523719e-03,1.491513825578224604e-07
1.316981698169816895e+01,4.333584006298230734e-03,-1.381071920647505226e-07
1.317131713171317031e+01,4.333465072106451772e-03,-4.126305166211952514e-07
1.317281728172817168e+01,4.333346296795223020e-03,-6.473009512947805828e-07
1.317431743174317305e+01,4.333227762718746059e-03,-8.210275981700762840e-07
1.317581758175817441e+01,4.333109528697387872e-03,-9.187463012329499624e-07
1.317731773177317578e+01,4.332991630017680833e-03,-9.314196463705685480e-07
1.317881788178817715e+01,4.332874078432323584e-03,-8.560369613714006227e-07
1.318031803180318029e+01,4.332756862160180161e-03,-6.956143159249750154e-07
1.318181818181818166e+01,4.332639945886280000e-03,-4.591945216227483765e-07
1.318331833183318302e+01,4.332523270761819666e-03,-1.618471319569553298e-07
1.318481848184818439e+01,4.332406754404160253e-03,1.753315576787326414e-07
1.318631863186318576e+01,4.332290290896827385e-03,5.252185099893455784e-07
1.318781878187818712e+01,4.332173750789515554e-03,8.546639457786096471e-07
1.318931893189318849e+01,4.332056981098082044e-03,1.124491343948961114e-06
1.319081908190818986e+01,4.331939805304551271e-03,1.289497441501519772e-06
1.319231923192319123e+01,4.331822023357113048e-03,1.298452233536125041e-06
1.319381938193819259e+01,4.331703462955268855e-03,1.107227752603997007e-06
1.319531953195319396e+01,4.331584533489460376e-03,8.206245864964172758e-07
1.319681968196819533e+01,4.331465508939606225e-03,5.088142687887349372e-07
1.319831983198319669e+01,4.331346530109745838e-03,2.078740941485935036e-07
1.319981998199819806e+01,4.331227710083400059e-03,-5.322093255901431132e-08
1.320132013201320120e+01,4.331109134223568545e-03,-2.525980962719399283e-07
1.320282028202820257e+01,4.330990860172732361e-03,-3.754869717300105876e-07
1.320432043204320394e+01,4.330872917852853984e-03,-4.142194234764691990e-07
1.320582058205820530e+01,4.330755309465375569e-03,-3.682296058569352445e-07
1.320732073207320667e+01,4.330638009491218944e-03,-2.440539630196809107e-07
1.320882088208820804e+01,4.330520964690789086e-03,-5.533122891562473647e-08
1.321032103210320940e+01,4.330404094103968045e-03,1.771975727016626701e-07
1.321182118211821077e+01,4.330287289050121884e-03,4.256891282759559844e-07
1.321332133213321214e+01,4.330170413128095475e-03,6.551978344483849060e-07
1.321482148214821351e+01,4.330053302216213366e-03,8.236757980574215596e-07
1.321632163216321487e+01,4.329935764472282386e-03,8.819728361388970117e-07
1.321782178217821624e+01,4.329817599525555630e-03,7.787522284763836023e-07
1.321932193219321761e+01,4.329699094784368076e-03,5.876239767339175607e-07
1.322082208220822075e+01,4.329580511314780854e-03,3.754757334559517517e-07
1.322232223222322212e+01,4.329461947964689111e-03,1.676458014528908456e-07
1.322382238223822348e+01,4.329343484631814100e-03,-1.538488844853774002e-08
1.322532253225322485e+01,4.329225182263697971e-03,-1.579927774042644362e-07
1.322682268226822622e+01,4.329107082857708982e-03,-2.494116785531215211e-07
1.322832283228322758e+01,4.328989209461038025e-03,-2.837327770168450786e-07
1.322982298229822895e+01,4.328871566170701228e-03,-2.599046299000722457e-07
1.323132313231323032e+01,4.328754138133534754e-03,-1.817331662903424829e-07
1.323282328232823168e+01,4.328636891546203472e-03,-5.788168725809863304e-08
1.323432343234323305e+01,4.328519773655192283e-03,9.812913414331561999e-08
1.323582358235823442e+01,4.328402712756812196e-03,2.679212528776520451e-07
1.323732373237323579e+01,4.328285618197195983e-03,4.282592519257636878e-07
1.323882388238823715e+01,4.328168380372301657e-03,5.510503422855974581e-07
1.324032403240324030e+01,4.328050870727910733e-03,6.033443629722039778e-07
1.324182418241824166e+01,4.327932943588999083e-03,5.478024012123975311e-07
1.324332433243324303e+01,4.327814675599182641e-03,4.040455471145196104e-07
1.324482448244824440e+01,4.327696265709295512e-03,2.230635123276049426e-07
1.324632463246324576e+01,4.327577816483869216e-03,3.115898354335362215e-08
1.324782478247824713e+01,4.327459413778295995e-03,-1.496502743737894536e-07
1.324932493249324850e+01,4.327341126738828807e-03,-3.016314183866335261e-07
1.325082508250824986e+01,4.327223007802580464e-03,-4.113365272852436695e-07
1.325232523252325123e+01,4.327105092697527099e-03,-4.696026016869385668e-07
1.325382538253825260e+01,4.326987400442502095e-03,-4.715515640362923106e-07
1.325532553255325396e+01,4.326869933347203892e-03,-4.165902586051328143e-07
1.325682568256825533e+01,4.326752677012187312e-03,-3.084104514925443533e-07
1.325832583258325670e+01,4.326635600328870498e-03,-1.549888306248652358e-07
1.325982598259825807e+01,4.326518655479533182e-03,3.141299424431325614e-08
1.326132613261326121e+01,4.326401777937314078e-03,2.342484915343814946e-07
1.326282628262826258e+01,4.326284886466212620e-03,4.326862078367394296e-07
1.326432643264326394e+01,4.326167883121091566e-03,6.016097679162562388e-07
1.326582658265826531e+01,4.326050653247670921e-03,7.116178747103111684e-07
1.326732673267326668e+01,4.325933065482534014e-03,7.290243093290429844e-07
1.326882688268826804e+01,4.325814985316438557e-03,6.193309613668673531e-07
1.327032703270326941e+01,4.325696501444325701e-03,4.052380443460870143e-07
1.327182718271827078e+01,4.325577802340935599e-03,1.350859776861092260e-07
1.327332733273327214e+01,4.325459039420970209e-03,-1.522759383468495826e-07
1.327482748274827351e+01,4.325340340377737715e-03,-4.240845808362693427e-07
1.327632763276327488e+01,4.325221809183158600e-03,-6.536630042153274577e-07
1.327782778277827624e+01,4.325103526087758707e-03,-8.204204402668973735e-07
1.327932793279327761e+01,4.324985547620676177e-03,-9.098522981235498494e-07
1.328082808280828075e+01,4.324867906589655378e-03,-9.135401642675034065e-07
1.328232823282328212e+01,4.324750612081052978e-03,-8.291518025307153837e-07
1.328382838283828349e+01,4.324633649459830136e-03,-6.604411540949086195e-07
1.328532853285328486e+01,4.324516980369562044e-03,-4.172483374914471495e-07
1.328682868286828622e+01,4.324400542732428389e-03,-1.154996486013941227e-07
1.328832883288328759e+01,4.324284250749220286e-03,2.227924393444931751e-07
1.328982898289828896e+01,4.324167994899337682e-03,5.695292757657605684e-07
1.329132913291329032e+01,4.324051641940788483e-03,8.905260327322583682e-07
1.329282928292829169e+01,4.323935034910191162e-03,1.145511704964135655e-06
1.329432943294329306e+01,4.323817993122772152e-03,1.288129109831852878e-06
1.329582958295829442e+01,4.323700312172365848e-03,1.265934887356156867e-06
1.329732973297329579e+01,4.323581833236059095e-03,1.038165756100800675e-06
1.329882988298829716e+01,4.323462853695642961e-03,6.810622767318460844e-07
1.330033003300330030e+01,4.323343649034426354e-03,2.653270958439619810e-07
1.330183018301830167e+01,4.323224431539690778e-03,-1.545450421705296281e-07
1.330333033303330303e+01,4.323105376802725136e-03,-5.334790839244160695e-07
1.330483048304830440e+01,4.322986623718830940e-03,-8.358196670336111002e-07
1.330633063306330577e+01,4.322868274487320570e-03,-1.035331120117620987e-06
1.330783078307830714e+01,4.322750394611515543e-03,-1.115197462799549801e-06
1.330933093309330850e+01,4.322633012898746512e-03,-1.068022405706096875e-06
1.331083108310830987e+01,4.322516121460357602e-03,-8.958293504675570186e-07
1.331233123312331124e+01,4.322399675711700341e-03,-6.100613897178147963e-07
1.331383138313831260e+01,4.322283594372138861e-03,-2.315813070943553306e-07
1.331533153315331397e+01,4.322167759465047297e-03,2.093284227617363347e-07
1.331683168316831534e+01,4.322052016317807187e-03,6.729656342057917514e-07
1.331833183318331670e+01,4.321936173561815274e-03,1.110208470589538950e-06
1.331983198319831807e+01,4.321820003132474837e-03,1.462515384261110698e-06
1.332133213321332121e+01,4.321703240269200892e-03,1.661925136565163508e-06
1.332283228322832258e+01,4.321585583515419327e-03,1.631056797842093710e-06
1.332433243324332395e+01,4.321466904476251210e-03,1.336937291170429937e-06
1.332583258325832531e+01,4.321347877708873152e-03,9.526765760922350574e-07
1.332733273327332668e+01,4.321228772372686516e-03,5.473881608268158350e-07
1.332883288328832805e+01,4.321109763552503404e-03,1.660389597822329735e-07
1.333033303330332942e+01,4.320990990155697264e-03,-1.556950723807023085e-07
1.333183318331833078e+01,4.320872554912208972e-03,-3.914289407484331486e-07
1.333333333333333215e+01,4.320754524374540752e-03,-5.240686101546536518e-07
1.333483348334833352e+01,4.320636928917758780e-03,-5.458110051803088907e-07
1.333633363336333488e+01,4.320519762739496658e-03,-4.581440101535953292e-07
1.333783378337833625e+01,4.320402983859947602e-03,-2.718464691499650575e-07
1.333933393339333762e+01,4.320286514121873117e-03,-6.988185992116686699e-09
1.334083408340834076e+01,4.320170239190594327e-03,3.070700757503813696e-07
1.334233423342334213e+01,4.320054008554001512e-03,6.316765927595395538e-07
1.334383438343834349e+01,4.319937635522544568e-03,9.188886819712336243e-07
1.334533453345334486e+01,4.319820897229239946e-03,1.111472700573753371e-06
1.334683468346834623e+01,4.319703534629667184e-03,1.142904046008114744e-06
1.334833483348334759e+01,4.319585360492536781e-03,9.650946718548575447e-07
1.334983498349834896e+01,4.319466914929319910e-03,7.167220400790023031e-07
1.335133513351335033e+01,4.319348429536200643e-03,4.572723169683319843e-07
1.335283528352835170e+01,4.319230011837395071e-03,2.143732079884058363e-07
1.335433543354335306e+01,4.319111746469695562e-03,9.771992178260135672e-09
1.335583558355835443e+01,4.318993695182470755e-03,-1.406644778495905414e-07
1.335733573357335580e+01,4.318875896837666428e-03,-2.269497759091542725e-07
1.335883588358835716e+01,4.318758367409805503e-03,-2.449779022409614714e-07
1.336033603360336031e+01,4.318641099985988906e-03,-1.965232835119702315e-07
1.336183618361836167e+01,4.318524064765892102e-03,-8.924077281588184647e-08
1.336333633363336304e+01,4.318407209061768566e-03,6.333435032721812067e-08
1.336483648364836441e+01,4.318290457298448910e-03,2.417863799707032420e-07
1.336633663366336577e+01,4.318173711013340021e-03,4.208191837414251771e-07
1.336783678367836714e+01,4.318056848856426794e-03,5.692562028397116613e-07
1.336933693369336851e+01,4.317939726590269527e-03,6.500404520393688353e-07
1.337083708370836987e+01,4.317822177090005660e-03,6.202345196876812448e-07
1.337233723372337124e+01,4.317704214870649385e-03,4.835533181104944729e-07
1.337383738373837261e+01,4.317586123168255102e-03,3.127530457746260555e-07
1.337533753375337398e+01,4.317467999382440698e-03,1.328699113908828810e-07
1.337683768376837534e+01,4.317349922746236898e-03,-3.572897413096611689e-08
1.337833783378337671e+01,4.317231956410570032e-03,-1.768102646686111854e-07
1.337983798379837808e+01,4.317114147444260294e-03,-2.782743788872023885e-07
1.338133813381338122e+01,4.316996526834022616e-03,-3.321555002393824290e-07
1.338283828382838259e+01,4.316879109484467528e-03,-3.346215769650911958e-07
1.338433843384338395e+01,4.316761894218099430e-03,-2.859743220919543405e-07
1.338583858385838532e+01,4.316644863775317455e-03,-1.906492134349645810e-07
1.338733873387338669e+01,4.316527984814414604e-03,-5.721549359657254569e-08
1.338883888388838805e+01,4.316411207911579478e-03,1.016238300333100498e-07
1.339033903390338942e+01,4.316294467560896284e-03,2.690319852773123616e-07
1.339183918391839079e+01,4.316177682174341355e-03,4.240384351706051590e-07
1.339333933393339215e+01,4.316060754081787500e-03,5.415388779608981239e-07
1.339483948394839352e+01,4.315943569531002257e-03,5.922952471084472629e-07
1.339633963396339489e+01,4.315825998852725054e-03,5.429780864387687321e-07
1.339783978397839626e+01,4.315708045075741447e-03,3.943382054978457021e-07
1.339933993399339762e+01,4.315589883974342393e-03,1.915456430567023596e-07
1.340084008400840077e+01,4.315471640755099564e-03,-3.319989760929578950e-08
1.340234023402340213e+01,4.315353421721916140e-03,-2.525598398962001704e-07
1.340384038403840350e+01,4.315235314276024206e-03,-4.440567338731250310e-07
1.340534053405340487e+01,4.315117386915985620e-03,-5.900742562811655682e-07
1.340684068406840623e+01,4.314999689237690277e-03,-6.778572105336593445e-07
1.340834083408340760e+01,4.314882251934362180e-03,-6.995115267161850165e-07
1.340984098409840897e+01,4.314765086796549035e-03,-6.520042615865604296e-07
1.341134113411341033e+01,4.314648186712133522e-03,-5.371635985748479119e-07
1.341284128412841170e+01,4.314531525666325494e-03,-3.616788477833483448e-07
1.341434143414341307e+01,4.314415058741663707e-03,-1.371004459866041276e-07
1.341584158415841443e+01,4.314298722118018424e-03,1.201600433685997103e-07
1.341734173417341580e+01,4.314182433072588814e-03,3.888299301632394278e-07
1.341884188418841717e+01,4.314066089979903817e-03,6.427753976060482830e-07
1.342034203420342031e+01,4.313949572311821280e-03,8.510015022337232100e-07
1.342184218421842168e+01,4.313832740637529688e-03,9.776521739099861471e-07
1.342334233423342305e+01,4.313715436623547297e-03,9.820102158271204492e-07
1.342484248424842441e+01,4.313597502427365948e-03,8.234761746366745422e-07
1.342634263426342578e+01,4.313479054738863019e-03,5.320003300688818626e-07
1.342784278427842715e+01,4.313360335319672660e-03,1.697691460727235389e-07
1.342934293429342851e+01,4.313241543971521250e-03,-2.118082601810220879e-07
1.343084308430842988e+01,4.313122848643541687e-03,-5.695182704968989660e-07
1.343234323432343125e+01,4.313004385432273394e-03,-8.683427656547700505e-07
1.343384338433843261e+01,4.312886258581666646e-03,-1.081459125409822492e-06
1.343534353435343398e+01,4.312768540483075640e-03,-1.190240228492561811e-06
1.343684368436843535e+01,4.312651271675265428e-03,-1.184254452608819949e-06
1.343834383438343671e+01,4.312534460844406718e-03,-1.061265674439741923e-06
1.343984398439843808e+01,4.312418084824079338e-03,-8.272332696418004405e-07
1.344134413441344122e+01,4.312302088595270505e-03,-4.963121128463492992e-07
1.344284428442844259e+01,4.312186385286373956e-03,-9.085257766131110082e-08
1.344434443444344396e+01,4.312070856173193419e-03,3.585994633312074641e-07
1.344584458445844533e+01,4.311955350678937406e-03,8.133026385734427320e-07
1.344734473447344669e+01,4.311839686374226155e-03,1.226320077532300598e-06
1.344884488448844806e+01,4.311723648977082955e-03,1.542519410699377689e-06
1.345034503450344943e+01,4.311606992352941953e-03,1.698572769590942629e-06
1.345184518451845079e+01,4.311489438514644681e-03,1.622956786747941008e-06
1.345334533453345216e+01,4.311370914231702628e-03,1.296804146614749643e-06
1.345484548454845353e+01,4.311251991806762905e-03,8.673172007745130247e-07
1.345634563456345489e+01,4.311132944971514738e-03,4.049554518994717085e-07
1.345784578457845626e+01,4.311013984436454921e-03,-3.603810023365074329e-08
1.345934593459345763e+01,4.310895279470684793e-03,-4.120882538870170268e-07
1.346084608460846077e+01,4.310776957901903302e-03,-6.902876053619403713e-07
1.346234623462346214e+01,4.310659106116414806e-03,-8.483965489976861990e-07
1.346384638463846350e+01,4.310541769059123007e-03,-8.748432771734882755e-07
1.346534653465346487e+01,4.310424950233532684e-03,-7.687237803070721193e-07
1.346684668466846624e+01,4.310308611701753161e-03,-5.398018468550573427e-07
1.346834683468346761e+01,4.310192674084491367e-03,-2.085090633129447345e-07
1.346984698469846897e+01,4.310077016561058780e-03,1.940551857848693405e-07
1.347134713471347034e+01,4.309961476869367952e-03,6.261237178651056472e-07
1.347284728472847171e+01,4.309845851305931647e-03,1.035261552315599115e-06
1.347434743474347307e+01,4.309729894725865436e-03,1.358365910485289944e-06
1.347584758475847444e+01,4.309613320542886837e-03,1.521666215684235677e-06
1.347734773477347581e+01,4.309495800729313576e-03,1.440724093183601456e-06
1.347884788478847717e+01,4.309377451300198253e-03,1.145381264174030419e-06
1.348034803480348032e+01,4.309258956725532837e-03,8.118094957843380393e-07
1.348184818481848168e+01,4.309140477909184815e-03,4.814481195163340453e-07
1.348334833483348305e+01,4.309022139525319275e-03,1.864072712924788222e-07
1.348484848484848442e+01,4.308904036603122996e-03,-4.883752489636628761e-08
1.348634863486348578e+01,4.308786234526803573e-03,-2.074453569913211023e-07
1.348784878487848715e+01,4.308668769035589423e-03,-2.802099248654858592e-07
1.348934893489348852e+01,4.308551646223729784e-03,-2.655595403239414270e-07
1.349084908490848989e+01,4.308434842540498182e-03,-1.695571271037503641e-07
1.349234923492349125e+01,4.308318304790185495e-03,-5.900220873953742660e-09
1.349384938493849262e+01,4.308201950132105155e-03,2.040790307644233461e-07
1.349534953495349399e+01,4.308085666080593151e-03,4.314138682783775091e-07
1.349684968496849535e+01,4.307969310505004555e-03,6.395029202029237692e-07
1.349834983498349672e+01,4.307852711629716995e-03,7.841102031410952478e-07
1.349984998499849809e+01,4.307735668034128919e-03,8.133651217639475053e-07
1.350135013501350123e+01,4.307618024502237949e-03,6.872914904885028669e-07
1.350285028502850260e+01,4.307500159727793189e-03,5.033903521243976570e-07
1.350435043504350396e+01,4.307382250514205091e-03,3.072008509030619641e-07
1.350585058505850533e+01,4.307264382791803348e-03,1.208636257901738017e-07
1.350735073507350670e+01,4.307146624913989023e-03,-3.800927229744955620e-08
1.350885088508850806e+01,4.307029027657229350e-03,-1.563343804918525284e-07
1.351035103510350943e+01,4.306911624221059463e-03,-2.255568239739393203e-07
1.351185118511851080e+01,4.306794430228083267e-03,-2.416503159734766768e-07
1.351335133513351217e+01,4.306677443723972570e-03,-2.051171577690916589e-07
1.351485148514851353e+01,4.306560645177467950e-03,-1.209882386882715379e-07
1.351635163516351490e+01,4.306443997480377019e-03,1.176963892635463396e-09
1.351785178517851627e+01,4.306327445947577028e-03,1.472903845484179476e-07
1.351935193519351763e+01,4.306210918317011395e-03,2.987353698050048364e-07
1.352085208520852078e+01,4.306094324749693177e-03,4.323666781396035429e-07
1.352235223522352214e+01,4.305977557829702464e-03,5.205104799800708378e-07
1.352385238523852351e+01,4.305860492564189852e-03,5.309643577059250540e-07
1.352535253525352488e+01,4.305743029641194777e-03,4.381359427260469711e-07
1.352685268526852624e+01,4.305625341665847081e-03,2.864694335038765058e-07
1.352835283528352761e+01,4.305507556818489838e-03,1.089981532699891117e-07
1.352985298529852898e+01,4.305389766559616742e-03,-7.070198667627176244e-08
1.353135313531353034e+01,4.305272046570367966e-03,-2.331224107684360384e-07
1.353285328532853171e+01,4.305154456752524096e-03,-3.628218791729080143e-07
1.353435343534353308e+01,4.305037041228509595e-03,-4.484264877889653061e-07
1.353585358535853445e+01,4.304919828341395409e-03,-4.826296682487587415e-07
1.353735373537353581e+01,4.304802830654891159e-03,-4.621921879173138422e-07
1.353885388538853718e+01,4.304686044953354683e-03,-3.879421498925288125e-07
1.354035403540354032e+01,4.304569452241782494e-03,-2.647749930050053440e-07
1.354185418541854169e+01,4.304453017745819322e-03,-1.016534918186898201e-07
1.354335433543354306e+01,4.304336690911749440e-03,8.839224337000987519e-08
1.354485448544854442e+01,4.304220405406503601e-03,2.882647665316939554e-07
1.354635463546354579e+01,4.304104079117652970e-03,4.767992959040930751e-07
1.354785478547854716e+01,4.303987614153414326e-03,6.287637139920630890e-07
1.354935493549354852e+01,4.303870896842648328e-03,7.148585675675843636e-07
1.355085508550854989e+01,4.303753797734856043e-03,7.017170676697571713e-07
1.355235523552355126e+01,4.303636202235923761e-03,5.597868538971491120e-07
1.355385538553855262e+01,4.303518223751992729e-03,3.182560245975207799e-07
1.355535553555355399e+01,4.303400045757593655e-03,2.443602805738994002e-08
1.355685568556855536e+01,4.303281824513780114e-03,-2.813736529383843889e-07
1.355835583558355673e+01,4.303163691341726528e-03,-5.653053422613024795e-07
1.355985598559855809e+01,4.303045752622735101e-03,-7.999231704392208253e-07
1.356135613561356124e+01,4.302928089798227149e-03,-9.642230746565022774e-07
1.356285628562856260e+01,4.302810759369750035e-03,-1.043632798753318936e-06
1.356435643564356397e+01,4.302693792898975439e-03,-1.030011893226850386e-06
1.356585658565856534e+01,4.302577197007695885e-03,-9.216517152303919807e-07
1.356735673567356670e+01,4.302460953377831680e-03,-7.232754285735989995e-07
1.356885688568856807e+01,4.302345018751422244e-03,-4.460380037224819912e-07
1.357035703570356944e+01,4.302229324930633911e-03,-1.075262177994140776e-07
1.357185718571857080e+01,4.302113778777754728e-03,2.682413454168794746e-07
1.357335733573357217e+01,4.301998262215197925e-03,6.508142954913070135e-07
1.357485748574857354e+01,4.301882632225499312e-03,1.003310435332441419e-06
1.357635763576357490e+01,4.301766720851318143e-03,1.282415761192460173e-06
1.357785778577857627e+01,4.301650335195438858e-03,1.438384462667210850e-06
1.357935793579357764e+01,4.301533257420767607e-03,1.415038922696179295e-06
1.358085808580858078e+01,4.301415356176801867e-03,1.178496819031369680e-06
1.358235823582358215e+01,4.301297152853786852e-03,8.631820023805205390e-07
1.358385838583858352e+01,4.301178891940839882e-03,5.321608789757015175e-07
1.358535853585358488e+01,4.301060713729079089e-03,2.216327169561958128e-07
1.358685868586858625e+01,4.300942728882281227e-03,-3.984751747779320215e-08
1.358835883588358762e+01,4.300825018436879067e-03,-2.313691600651420847e-07
1.358985898589858898e+01,4.300707633801966606e-03,-3.396658484838073227e-07
1.359135913591359035e+01,4.300590596759292991e-03,-3.591155223508241699e-07
1.359285928592859172e+01,4.300473899463266858e-03,-2.917404232223085513e-07
1.359435943594359308e+01,4.300357504440955464e-03,-1.472070945934566403e-07
1.359585958595859445e+01,4.300241344592082085e-03,5.717361810145725930e-08
1.359735973597359582e+01,4.300125323189031221e-03,2.964465674890764781e-07
1.359885988598859718e+01,4.300009313876842522e-03,5.380123042569706632e-07
1.360036003600360033e+01,4.299893160673214261e-03,7.416270771538195841e-07
1.360186018601860169e+01,4.299776677968505066e-03,8.594028329884993961e-07
1.360336033603360306e+01,4.299659650525729584e-03,8.358072166316032764e-07
1.360486048604860443e+01,4.299542072663206128e-03,6.693628662373846628e-07
1.360636063606360580e+01,4.299424375032482107e-03,4.711650529499926615e-07
1.360786078607860716e+01,4.299306668888016290e-03,2.699304460015020663e-07
1.360936093609360853e+01,4.299189035185635790e-03,8.655711241419647224e-08
1.361086108610860990e+01,4.299071536721637415e-03,-6.274431784912245282e-08
1.361236123612361126e+01,4.298954218132794609e-03,-1.664506518851340152e-07
1.361386138613861263e+01,4.298837105896357452e-03,-2.177261338499984953e-07
1.361536153615361400e+01,4.298720208330046588e-03,-2.144224449593578890e-07
1.361686168616861536e+01,4.298603515592060165e-03,-1.590787034883352721e-07
1.361836183618361673e+01,4.298486999681069495e-03,-5.892146477153533002e-08
1.361986198619861810e+01,4.298370614436220795e-03,7.413527879695670126e-08
1.362136213621362124e+01,4.298254295537135179e-03,2.234900977637517473e-07
1.362286228622862261e+01,4.298137960503907798e-03,3.678541256154231531e-07
1.362436243624362397e+01,4.298021508697107834e-03,4.812510587796089901e-07
1.362586258625862534e+01,4.297904821317781107e-03,5.330171566242914437e-07
1.362736273627362671e+01,4.297787762247222768e-03,4.880178715989490190e-07
1.362886288628862808e+01,4.297670385178585170e-03,3.600913296674579859e-07
1.363036303630362944e+01,4.297552874277683725e-03,1.967684811211663458e-07
1.363186318631863081e+01,4.297435324033510584e-03,2.245125032214645632e-08
1.363336333633363218e+01,4.297317813602027914e-03,-1.424180913421457087e-07
1.363486348634863354e+01,4.297200406806167897e-03,-2.813569254588700294e-07
1.363636363636363491e+01,4.297083152135828393e-03,-3.818422865898020286e-07
1.363786378637863628e+01,4.296966082747879015e-03,-4.353108622713336657e-07
1.363936393639363764e+01,4.296849216466156786e-03,-4.371589930144728598e-07
1.364086408640864079e+01,4.296732555781468746e-03,-3.867426723047529639e-07
1.364236423642364215e+01,4.296616087851590216e-03,-2.873775466025397078e-07
1.364386438643864352e+01,4.296499784501264796e-03,-1.463389153426618918e-07
1.364536453645364489e+01,4.296383602222207838e-03,2.513826906540215966e-08
1.364686468646864625e+01,4.296267482173098638e-03,2.118594012375613388e-07
1.364836483648364762e+01,4.296151350179590843e-03,3.946702228151067247e-07
1.364986498649864899e+01,4.296035116734302044e-03,5.504568224647157656e-07
1.365136513651365036e+01,4.295918676996823317e-03,6.521456358784478322e-07
1.365286528652865172e+01,4.295801910793712285e-03,6.687034457737444294e-07
1.365436543654365309e+01,4.295684690654312521e-03,5.672074315045968031e-07
1.365586558655865446e+01,4.295567060205474422e-03,3.588776686973622313e-07
1.365736573657365582e+01,4.295449197313436218e-03,8.965440017295654268e-08
1.365886588658865719e+01,4.295331256387146211e-03,-2.005664292751669299e-07
1.366036603660366033e+01,4.295213368210193221e-03,-4.779930237045980191e-07
1.366186618661866170e+01,4.295095639940807453e-03,-7.149377360226679925e-07
1.366336633663366307e+01,4.294978155111856162e-03,-8.898170679884739081e-07
1.366486648664866443e+01,4.294860973630848858e-03,-9.871516702115018685e-07
1.366636663666366580e+01,4.294744131779935567e-03,-9.975663421519709163e-07
1.366786678667866717e+01,4.294627642215904234e-03,-9.177900321208356805e-07
1.366936693669366853e+01,4.294511493970183322e-03,-7.506558372797802362e-07
1.367086708670866990e+01,4.294395652448842679e-03,-5.051010036412260453e-07
1.367236723672367127e+01,4.294280059432590939e-03,-1.961669260683241212e-07
1.367386738673867264e+01,4.294164633076775518e-03,1.550008517250378242e-07
1.367536753675367400e+01,4.294049267911386955e-03,5.211526371742476092e-07
1.367686768676867537e+01,4.293933834841053704e-03,8.689345888639407368e-07
1.367836783678367674e+01,4.293818181145043870e-03,1.158888716528046451e-06
1.367986798679867810e+01,4.293702130477266080e-03,1.345452881049734535e-06
1.368136813681368125e+01,4.293585482866269475e-03,1.376960794461386666e-06
1.368286828682868261e+01,4.293468035035266292e-03,1.200890266625526910e-06
1.368436843684368398e+01,4.293350141004884449e-03,9.086722426923011803e-07
1.368586858685868535e+01,4.293232139783868632e-03,5.878990906657022494e-07
1.368736873687368671e+01,4.293114178124970287e-03,2.765076786926606898e-07
1.368886888688868808e+01,4.292996373813890744e-03,4.947023858373608620e-09
1.369036903690368945e+01,4.292878815669281221e-03,-2.038217078136966218e-07
1.369186918691869081e+01,4.292761563542746295e-03,-3.343252013618210940e-07
1.369336933693369218e+01,4.292644648318840427e-03,-3.785779928860033063e-07
1.369486948694869355e+01,4.292528071915070569e-03,-3.360824695479838214e-07
1.369636963696369492e+01,4.292411807281891825e-03,-2.138288695712337023e-07
1.369786978697869628e+01,4.292295798402712657e-03,-2.629528224095789981e-08
1.369936993699369765e+01,4.292179960293893148e-03,2.045523520959017822e-07
1.370087008700870079e+01,4.292064179004744136e-03,4.492602420309572197e-07
1.370237023702370216e+01,4.291948311617525477e-03,6.708867450931798633e-07
1.370387038703870353e+01,4.291832186247450387e-03,8.250023677507057657e-07
1.370537053705370489e+01,4.291715602042683701e-03,8.596897654096579941e-07
1.370687068706870626e+01,4.291598392405174094e-03,7.318819242432859720e-07
1.370837083708370763e+01,4.291480937580186526e-03,5.398437990406870807e-07
1.370987098709870899e+01,4.291363434842570233e-03,3.345755869572101736e-07
1.371137113711371036e+01,4.291245974364510038e-03,1.393977192646772307e-07
1.371287128712871173e+01,4.291128627815482717e-03,-2.715429932254565192e-08
1.371437143714371309e+01,4.291011448362252664e-03,-1.513298906475470967e-07
1.371587158715871446e+01,4.290894470668874493e-03,-2.241634031108707097e-07
1.371737173717371583e+01,4.290777710896689565e-03,-2.414741116705160865e-07
1.371887188718871720e+01,4.290661166704332931e-03,-2.038662178419372238e-07
1.372037203720372034e+01,4.290544817247723790e-03,-1.167288496979149350e-07
1.372187218721872171e+01,4.290428623180074161e-03,9.763938130965634348e-09
1.372337233723372307e+01,4.290312526651883680e-03,1.606531644569565290e-07
1.372487248724872444e+01,4.290196451310941336e-03,3.161949215347734420e-07
1.372637263726372581e+01,4.290080302302326336e-03,4.518603750616833824e-07
1.372787278727872717e+01,4.289963966268405503e-03,5.383357641774946173e-07
1.372937293729372854e+01,4.289847311348836748e-03,5.415224014645586830e-07
1.373087308730872991e+01,4.289730251267096818e-03,4.391014458559586184e-07
1.373237323732373127e+01,4.289612986240779087e-03,2.828258456801315779e-07
1.373387338733873264e+01,4.289495637968613641e-03,1.041776235680363654e-07
1.373537353735373401e+01,4.289378295935970115e-03,-7.369031890469392987e-08
1.373687368736873538e+01,4.289261033656041437e-03,-2.317574819416601592e-07
1.373837383738373674e+01,4.289143908669839494e-03,-3.551357675256955798e-07
1.373987398739873811e+01,4.289026962546201201e-03,-4.330694794188674957e-07
1.374137413741374125e+01,4.288910220881784162e-03,-4.589353231624745580e-07
1.374287428742874262e+01,4.288793693301066676e-03,-4.302424060769890605e-07
1.374437443744374399e+01,4.288677373456350334e-03,-3.486322372622455106e-07
1.374587458745874535e+01,4.288561239027759153e-03,-2.198787275972488823e-07
1.374737473747374672e+01,4.288445251723236977e-03,-5.388818974023846075e-08
1.374887488748874809e+01,4.288329357278550941e-03,1.353006618713147509e-07
1.375037503750374945e+01,4.288213485457289739e-03,3.295167110207058617e-07
1.375187518751875082e+01,4.288097550050864494e-03,5.064564397119953515e-07
1.375337533753375219e+01,4.287981448878507018e-03,6.396839281700101296e-07
1.375487548754875355e+01,4.287865063787272418e-03,6.986308548403494113e-07
1.375637563756375492e+01,4.287748260652036493e-03,6.485964963893704769e-07
1.375787578757875629e+01,4.287630982647712072e-03,4.748480347664268127e-07
1.375937593759375766e+01,4.287513401540435191e-03,2.218031226276876082e-07
1.376087608760876080e+01,4.287395683705873435e-03,-6.747046731688435083e-08
1.376237623762376217e+01,4.287277971244106770e-03,-3.561886736484845788e-07
1.376387638763876353e+01,4.287160382093043766e-03,-6.138219046294820620e-07
1.376537653765376490e+01,4.287043010028423334e-03,-8.160950382020352600e-07
1.376687668766876627e+01,4.286925924663812122e-03,-9.449874219884212306e-07
1.376837683768376763e+01,4.286809171450605381e-03,-9.887328732910361592e-07
1.376987698769876900e+01,4.286692771678027834e-03,-9.418196790923930295e-07
1.377137713771377037e+01,4.286576722473133677e-03,-8.049905960551275531e-07
1.377287728772877173e+01,4.286460996800804842e-03,-5.852428505219894868e-07
1.377437743774377310e+01,4.286345543463752732e-03,-2.958281385158527972e-07
1.377587758775877447e+01,4.286230287102516488e-03,4.374737426029789133e-08
1.377737773777377583e+01,4.286115128195467326e-03,4.077230524233472863e-07
1.377887788778877720e+01,4.285999943058801595e-03,7.640837909100743080e-07
1.378037803780378034e+01,4.285884583846545984e-03,1.074560014977457869e-06
1.378187818781878171e+01,4.285768878550555785e-03,1.294627680201240306e-06
1.378337833783378308e+01,4.285652631000517500e-03,1.373508272478244543e-06
1.378487848784878445e+01,4.285535620863942761e-03,1.254168808024761450e-06
1.378637863786378581e+01,4.285418005375480482e-03,9.772814633595188331e-07
1.378787878787878718e+01,4.285300238130690213e-03,6.602456962947705401e-07
1.378937893789378855e+01,4.285182474229817101e-03,3.432307215064533922e-07
1.379087908790878991e+01,4.285064839609894517e-03,5.885318672492678595e-08
1.379237923792379128e+01,4.284947431116800133e-03,-1.678041820932909747e-07
1.379387938793879265e+01,4.284830316505256788e-03,-3.191925807655208789e-07
1.379537953795379401e+01,4.284713534438832488e-03,-3.852971268829250084e-07
1.379687968796879538e+01,4.284597094489939542e-03,-3.636368598105054790e-07
1.379837983798379675e+01,4.284480977139836291e-03,-2.592647406871050757e-07
1.379987998799879811e+01,4.284365133778625379e-03,-8.476765242540682949e-08
1.380138013801380126e+01,4.284249486705254614e-03,1.397336002883541861e-07
1.380288028802880262e+01,4.284133929127517844e-03,3.865842909932476777e-07
1.380438043804380399e+01,4.284018325162052346e-03,6.205957714553035526e-07
1.380588058805880536e+01,4.283902509834340566e-03,7.990454716664675264e-07
1.380738073807380673e+01,4.283786289078711854e-03,8.716768998448516339e-07
1.380888088808880809e+01,4.283669448452674666e-03,7.829558246418254615e-07
1.381038103810380946e+01,4.283552234624426157e-03,5.967389657910664492e-07
1.381188118811881083e+01,4.283434942744894329e-03,3.894599806810228292e-07
1.381338133813381219e+01,4.283317670039497871e-03,1.863101128370197089e-07
1.381488148814881356e+01,4.283200494856142203e-03,7.589667791516224329e-09
1.381638163816381493e+01,4.283083476665216875e-03,-1.312919869158936132e-07
1.381788178817881629e+01,4.282966656059594701e-03,-2.198164217384807579e-07
1.381938193819381766e+01,4.282850054754635226e-03,-2.523561451223816064e-07
1.382088208820882080e+01,4.282733675588182992e-03,-2.281746035065370109e-07
1.382238223822382217e+01,4.282617502520566673e-03,-1.514261813228776737e-07
1.382388238823882354e+01,4.282501500634600805e-03,-3.115620099614701164e-08
1.382538253825382490e+01,4.282385616135583190e-03,1.186990770560521516e-07
1.382688268826882627e+01,4.282269776351297491e-03,2.793124544232518676e-07
1.382838283828382764e+01,4.282153889732013240e-03,4.269657947021154108e-07
1.382988298829882901e+01,4.282037845850483228e-03,5.330500234964465425e-07
1.383138313831383037e+01,4.281921515401945245e-03,5.640651284171809351e-07
1.383288328832883174e+01,4.281804768498226159e-03,4.863572708587935948e-07
1.383438343834383311e+01,4.281687751933413270e-03,3.379316564179198434e-07
1.383588358835883447e+01,4.281570623145157170e-03,1.595817976249556892e-07
1.383738373837383584e+01,4.281453477855036091e-03,-2.387985678972564265e-08
1.383888388838883721e+01,4.281336395432658141e-03,-1.918793903781647471e-07
1.384038403840383857e+01,4.281219438895663906e-03,-3.280814189748161448e-07
1.384188418841884172e+01,4.281102654909724713e-03,-4.203890906966272677e-07
1.384338433843384308e+01,4.280986073788540895e-03,-4.609440859426568711e-07
1.384488448844884445e+01,4.280869709493846133e-03,-4.461266173947422835e-07
1.384638463846384582e+01,4.280753559635404847e-03,-3.765554300169982810e-07
1.384788478847884718e+01,4.280637605471011332e-03,-2.570878010559530361e-07
1.384938493849384855e+01,4.280521811906490628e-03,-9.681954004054790562e-08
1.385088508850884992e+01,4.280406127495701117e-03,9.091501121785981617e-08
1.385238523852385129e+01,4.280290484440529321e-03,2.885429786255011327e-07
1.385388538853885265e+01,4.280174798590894239e-03,4.742529558061958218e-07
1.385538553855385402e+01,4.280058969444747348e-03,6.219950041013403122e-07
1.385688568856885539e+01,4.279942880148067397e-03,7.014806525699300243e-07
1.385838583858385675e+01,4.279826397494867346e-03,6.781828979885377707e-07
1.385988598859885812e+01,4.279709424610941490e-03,5.269729756772347161e-07
1.386138613861386126e+01,4.279592111235610598e-03,2.866275052392679828e-07
1.386288628862886263e+01,4.279474631195841379e-03,2.223590410593055967e-09
1.386438643864386400e+01,4.279357131356790155e-03,-2.881506199903352170e-07
1.386588658865886536e+01,4.279239734285063962e-03,-5.527084321422129214e-07
1.386738673867386673e+01,4.279122538248718820e-03,-7.659646072211298033e-07
1.386888688868886810e+01,4.279005617217261463e-03,-9.087353614005675222e-07
1.387038703870386946e+01,4.278889020861645874e-03,-9.681383658513992273e-07
1.387188718871887083e+01,4.278772774554278485e-03,-9.375927467418916759e-07
1.387338733873387220e+01,4.278656879369012976e-03,-8.168190852377071382e-07
1.387488748874887357e+01,4.278541312081152875e-03,-6.118394175018925986e-07
1.387638763876387493e+01,4.278426025167453295e-03,-3.349772346948973307e-07
1.387788778877887630e+01,4.278310946806115726e-03,-4.857482974557863462e-09
1.387938793879387767e+01,4.278195980876794112e-03,3.535934365038984728e-07
1.388088808880888081e+01,4.278081006960590509e-03,7.091476675882509631e-07
1.388238823882388218e+01,4.277965880340055954e-03,1.024275899127607006e-06
1.388388838883888354e+01,4.277850431999193070e-03,1.255147364974973813e-06
1.388538853885388491e+01,4.277734468623451726e-03,1.351629843985547663e-06
1.388688868886888628e+01,4.277617772599732505e-03,1.257289660017132500e-06
1.388838883888388764e+01,4.277500416594633842e-03,9.909485494705735413e-07
1.388988898889888901e+01,4.277382884932814239e-03,6.781860355482307229e-07
1.389138913891389038e+01,4.277265340107853052e-03,3.611631534910834335e-07
1.389288928892889174e+01,4.277147911271628709e-03,7.339117913362695097e-08
1.389438943894389311e+01,4.277030698510538714e-03,-1.591598559942882029e-07
1.389588958895889448e+01,4.276913772845507451e-03,-3.180611646674559449e-07
1.389738973897389585e+01,4.276797176231978380e-03,-3.924252039653118772e-07
1.389888988898889721e+01,4.276680921559920107e-03,-3.789056752719397463e-07
1.390039003900389858e+01,4.276564992653822915e-03,-2.816975242760653019e-07
1.390189018901890172e+01,4.276449344272701368e-03,-1.125369409708214569e-07
1.390339033903390309e+01,4.276333902110091706e-03,1.092986403453515280e-07
1.390489048904890446e+01,4.276218562794052713e-03,3.569905410699482185e-07
1.390639063906390582e+01,4.276103193887166587e-03,5.961788382956567467e-07
1.390789078907890719e+01,4.275987633886538068e-03,7.849623648105192181e-07
1.390939093909390856e+01,4.275871692223795310e-03,8.738987090979389114e-07
1.391089108910890992e+01,4.275755149792208158e-03,8.061409401741715331e-07
1.391239123912391129e+01,4.275638165291611135e-03,6.228436183659512998e-07
1.391389138913891266e+01,4.275521085897701287e-03,4.140747549866490585e-07
1.391539153915391402e+01,4.275404013289712223e-03,2.062284499601991956e-07
1.391689168916891539e+01,4.275287029919493109e-03,2.070796760636628521e-08
1.391839183918391676e+01,4.275170199011508673e-03,-1.260742633592539590e-07
1.391989198919891813e+01,4.275053564562841801e-03,-2.226966498252354241e-07
1.392139213921392127e+01,4.274937151343191806e-03,-2.627284342843346216e-07
1.392289228922892264e+01,4.274820964894873558e-03,-2.447296948333699850e-07
1.392439243924392400e+01,4.274704991532818354e-03,-1.722513451735126139e-07
1.392589258925892537e+01,4.274589198344576520e-03,-5.383513461001755282e-08
1.392739273927392674e+01,4.274473533190312202e-03,9.698635194768674102e-08
1.392889288928892810e+01,4.274357924702807711e-03,2.616896939860050680e-07
1.393039303930392947e+01,4.274242282287460046e-03,4.167606353871736332e-07
1.393189318931893084e+01,4.274126496122286102e-03,5.336940844292558643e-07
1.393339333933393220e+01,4.274010437157915732e-03,5.789941137861450585e-07
1.393489348934893357e+01,4.273893962977376622e-03,5.156940730281593841e-07
1.393639363936393494e+01,4.273777177312895574e-03,3.706935762637491136e-07
1.393789378937893630e+01,4.273660262186395296e-03,1.912378971094486792e-07
1.393939393939393767e+01,4.273543317801285595e-03,3.349442341441337864e-09
1.394089408940894081e+01,4.273426427592198068e-03,-1.713040222554755497e-07
1.394239423942394218e+01,4.273309658224987845e-03,-3.154093718870793792e-07
1.394389438943894355e+01,4.273193059596733581e-03,-4.160081227509930110e-07
1.394539453945394492e+01,4.273076664835733125e-03,-4.644964320358154493e-07
1.394689468946894628e+01,4.272960490301508721e-03,-4.566250979213409065e-07
1.394839483948394765e+01,4.272844535584805273e-03,-3.924995595785560500e-07
1.394989498949894902e+01,4.272728783507589480e-03,-2.765798971696438142e-07
1.395139513951395038e+01,4.272613200123049834e-03,-1.176808318479790590e-07
1.395289528952895175e+01,4.272497734715598357e-03,7.102827424186592413e-08
1.395439543954395312e+01,4.272382319800868862e-03,2.720234179641282946e-07
1.395589558955895448e+01,4.272266871125717826e-03,4.634259551918451860e-07
1.395739573957395585e+01,4.272151287668223517e-03,6.190026008068684770e-07
1.395889588958895722e+01,4.272035451637686866e-03,7.081654286998449911e-07
1.396039603960395858e+01,4.271919228474631465e-03,6.959718717702380967e-07
1.396189618961896173e+01,4.271802508043777077e-03,5.538072202934428463e-07
1.396339633963396309e+01,4.271685431145649456e-03,3.181949090418605657e-07
1.396489648964896446e+01,4.271568176364847966e-03,3.552914054953925810e-08
1.396639663966396583e+01,4.271450892810405020e-03,-2.554483122008246750e-07
1.396789678967896720e+01,4.271333705075713513e-03,-5.223652175799095655e-07
1.396939693969396856e+01,4.271216713238523352e-03,-7.392188853117677906e-07
1.397089708970896993e+01,4.271099992860944057e-03,-8.863761664738255080e-07
1.397239723972397130e+01,4.270983594989441294e-03,-9.505734534968842441e-07
1.397389738973897266e+01,4.270867546154841210e-03,-9.249166801651192001e-07
1.397539753975397403e+01,4.270751848372326097e-03,-8.088813216160784046e-07
1.397689768976897540e+01,4.270636479141440463e-03,-6.083123943406858904e-07
1.397839783978397676e+01,4.270521391446082358e-03,-3.354244561832412708e-07
1.397989798979897813e+01,4.270406513754511184e-03,-8.801606341415504137e-09
1.398139813981398127e+01,4.270291750019343351e-03,3.466025146341721985e-07
1.398289828982898264e+01,4.270176979677555752e-03,6.994647248382260032e-07
1.398439843984398401e+01,4.270062057650480560e-03,1.012092301013351080e-06
1.398589858985898537e+01,4.269946814343809557e-03,1.240422978548366949e-06
1.398739873987398674e+01,4.269831055647595013e-03,1.334024951478732689e-06
1.398889888988898811e+01,4.269714562936242734e-03,1.236096872486515813e-06
1.399039903990398948e+01,4.269597425358568656e-03,9.697763742139589025e-07
1.399189918991899084e+01,4.269480115966122966e-03,6.579486185814154339e-07
1.399339933993399221e+01,4.269362795198745029e-03,3.423192829636825662e-07
1.399489948994899358e+01,4.269245591862805798e-03,5.637189641788192120e-08
1.399639963996399494e+01,4.269128605677911109e-03,-1.739707623019606548e-07
1.399789978997899631e+01,4.269011907276898214e-03,-3.303466647449158318e-07
1.399939993999399768e+01,4.268895538205837517e-03,-4.019545327631503726e-07
1.400090009000900082e+01,4.268779510924030837e-03,-3.855538385118573586e-07
1.400240024002400219e+01,4.268663808804014879e-03,-2.854648044494427485e-07
1.400390039003900355e+01,4.268548386131558632e-03,-1.135684033374046766e-07
1.400540054005400492e+01,4.268433168105664234e-03,1.106936417596966173e-07
1.400690069006900629e+01,4.268318050838564373e-03,3.603188574742042713e-07
1.400840084008400765e+01,4.268202901355727490e-03,6.007440201353642714e-07
1.400990099009900902e+01,4.268087557595853440e-03,7.898451557693290524e-07
1.401140114011401039e+01,4.267971828410875232e-03,8.779375400991466973e-07
1.401290129012901176e+01,4.267855494356978183e-03,8.079812531534196948e-07
1.401440144014401312e+01,4.267738719588387228e-03,6.226242524534591593e-07
1.401590159015901449e+01,4.267621847774045497e-03,4.111902952867373049e-07
1.401740174017401586e+01,4.267504982417851152e-03,2.005969065227599717e-07
1.401890189018901722e+01,4.267388207456820383e-03,1.267323874831984685e-08
1.402040204020401859e+01,4.267271587261083944e-03,-1.358399277325040647e-07
1.402190219021902173e+01,4.267155166633888885e-03,-2.332901848984274379e-07
1.402340234023402310e+01,4.267038970811598553e-03,-2.731134970105641103e-07
1.402490249024902447e+01,4.266923005463691722e-03,-2.538342006131271076e-07
1.402640264026402583e+01,4.266807256692763464e-03,-1.790650045328963894e-07
1.402790279027902720e+01,4.266691691034525148e-03,-5.750698987936443292e-08
1.402940294029402857e+01,4.266576255457805306e-03,9.705038995526101417e-08
1.403090309030902993e+01,4.266460877364545295e-03,2.657293092960610629e-07
1.403240324032403130e+01,4.266345464589805375e-03,4.245635701854022949e-07
1.403390339033903267e+01,4.266229905401761231e-03,5.444986023829387743e-07
1.403540354035403404e+01,4.266114068501703979e-03,5.913914633656130004e-07
1.403690369036903540e+01,4.265997808572940912e-03,5.274529768593522182e-07
1.403840384038403677e+01,4.265881229738786168e-03,3.797340873952314780e-07
1.403990399039903814e+01,4.265764519112751063e-03,1.968914080445239530e-07
1.404140414041404128e+01,4.265647778926546542e-03,5.523273806798061923e-09
1.404290429042904265e+01,4.265531094252565311e-03,-1.722362950080834134e-07
1.404440444044404401e+01,4.265414533003884442e-03,-3.187175927813621499e-07
1.404590459045904538e+01,4.265298145934265373e-03,-4.207152285844539236e-07
1.404740474047404675e+01,4.265181966638148699e-03,-4.694881261791747145e-07
1.404890489048904811e+01,4.265066011550661985e-03,-4.607595240177414476e-07
1.405040504050404948e+01,4.264950279947615427e-03,-3.947169752427699811e-07
1.405190519051905085e+01,4.264834753945500115e-03,-2.760123476872780716e-07
1.405340534053405221e+01,4.264719398501492370e-03,-1.137618238746824085e-07
1.405490549054905358e+01,4.264604161413451146e-03,7.845409898119810269e-08
1.405640564056405495e+01,4.264488973319918892e-03,2.825906089761423941e-07
1.405790579057905632e+01,4.264373747700119822e-03,4.761385795155362877e-07
1.405940594059405768e+01,4.264258380873964249e-03,6.321245693143604253e-07
1.406090609060906083e+01,4.264142752002041646e-03,7.191108223972369612e-07
1.406240624062406219e+01,4.264026723085628454e-03,7.011952680981143071e-07
1.406390639063906356e+01,4.263910191223409599e-03,5.515901474697615958e-07
1.406540654065406493e+01,4.263793315225576641e-03,3.115744342100720794e-07
1.406690669066906629e+01,4.263676272289976255e-03,2.726860409811709081e-08
1.406840684068406766e+01,4.263559210302413603e-03,-2.628322725142620924e-07
1.406990699069906903e+01,4.263442252438467799e-03,-5.266651019322575979e-07
1.407140714071407039e+01,4.263325497163491032e-03,-7.385987671180931055e-07
1.407290729072907176e+01,4.263209018232608574e-03,-8.794341276910269710e-07
1.407440744074407313e+01,4.263092864690721379e-03,-9.364040199273509552e-07
1.407590759075907449e+01,4.262977060872502610e-03,-9.031732567603854597e-07
1.407740774077407586e+01,4.262861606402398515e-03,-7.798386277804905379e-07
1.407890789078907723e+01,4.262746476194631019e-03,-5.729288992350540373e-07
1.408040804080407860e+01,4.262631620453194263e-03,-2.954048140284971041e-07
1.408190819081908174e+01,4.262516964671856333e-03,3.334090827813493250e-08
1.408340834083408311e+01,4.262402409634158396e-03,3.874835714655426581e-07
1.408490849084908447e+01,4.262287831413417299e-03,7.347665026585644879e-07
1.408640864086408584e+01,4.262173081372721238e-03,1.036501052324636125e-06
1.408790879087908721e+01,4.262057986164934087e-03,1.247566594274162410e-06
1.408940894089408857e+01,4.261942347732691067e-03,1.316410525660523669e-06
1.409090909090908994e+01,4.261825944844481635e-03,1.185447944136113718e-06
1.409240924092409131e+01,4.261708991668712761e-03,9.103930664403121238e-07
1.409390939093909267e+01,4.261591893758557952e-03,5.968005346670134339e-07
1.409540954095409404e+01,4.261474804853664089e-03,2.847088552119593430e-07
1.409690969096909541e+01,4.261357849582563494e-03,6.575463356609873499e-09
1.409840984098409677e+01,4.261241123462678262e-03,-2.127232767318570470e-07
1.409990999099909814e+01,4.261124692900315064e-03,-3.558920720005481275e-07
1.410141014101410128e+01,4.261008595190670344e-03,-4.132167005108647716e-07
1.410291029102910265e+01,4.260892838517826853e-03,-3.825640114383445767e-07
1.410441044104410402e+01,4.260777401954753650e-03,-2.693819250730696039e-07
1.410591059105910539e+01,4.260662235463309570e-03,-8.669943281928203666e-08
1.410741074107410675e+01,4.260547259894237153e-03,1.448734028044904582e-07
1.410891089108910812e+01,4.260432366987170448e-03,3.971454481654398126e-07
1.411041104110410949e+01,4.260317419370628078e-03,6.343444985164726872e-07
1.411191119111911085e+01,4.260202250562016707e-03,8.131172779962206353e-07
1.411341134113411222e+01,4.260086664967630173e-03,8.825294396290190332e-07
1.411491149114911359e+01,4.259970449766040460e-03,7.871593214438402758e-07
1.411641164116411495e+01,4.259853864177738127e-03,5.944863616707694735e-07
1.411791179117911632e+01,4.259737194766469864e-03,3.791348730017468755e-07
1.411941194119411769e+01,4.259620544116563857e-03,1.678325935597371302e-07
1.412091209120912083e+01,4.259503994917722414e-03,-1.787590894371649518e-08
1.412241224122412220e+01,4.259387609965024565e-03,-1.616292372076437052e-07
1.412391239123912356e+01,4.259271432158924335e-03,-2.522491643429951233e-07
1.412541254125412493e+01,4.259155484505250736e-03,-2.837406338717060028e-07
1.412691269126912630e+01,4.259039770115206902e-03,-2.552917597269357256e-07
1.412841284128412767e+01,4.258924272205373562e-03,-1.712738262530666371e-07
1.412991299129912903e+01,4.258808954097704699e-03,-4.124128820570542308e-08
1.413141314131413040e+01,4.258693759219531021e-03,1.200682292483204905e-07
1.413291329132913177e+01,4.258578611103557357e-03,2.927339305309554199e-07
1.413441344134413313e+01,4.258463413387863529e-03,4.516518496529245294e-07
1.413591359135913450e+01,4.258348049815906949e-03,5.665348502137276899e-07
1.413741374137413587e+01,4.258232384236517419e-03,6.019126254016423383e-07
1.413891389138913723e+01,4.258116277286538506e-03,5.214756320640959548e-07
1.414041404140413860e+01,4.257999879954320506e-03,3.645324573332058885e-07
1.414191419141914174e+01,4.257883363759829183e-03,1.757721544191476597e-07
1.414341434143414311e+01,4.257766830515963795e-03,-1.826690881890205449e-08
1.414491449144914448e+01,4.257650364496294235e-03,-1.956179833608998703e-07
1.414641464146414584e+01,4.257534032435061032e-03,-3.388859390250389011e-07
1.414791479147914721e+01,4.257417883527179689e-03,-4.352472644679590329e-07
1.414941494149414858e+01,4.257301949428235477e-03,-4.764500671847478778e-07
1.415091509150914995e+01,4.257186244254484303e-03,-4.588140735089387620e-07
1.415241524152415131e+01,4.257070764582857048e-03,-3.832306286125124200e-07
1.415391539153915268e+01,4.256955489450953492e-03,-2.551626965058969945e-07
1.415541554155415405e+01,4.256840380357048391e-03,-8.464486003796761291e-08
1.415691569156915541e+01,4.256725381260084533e-03,1.137166791039544597e-07
1.415841584158415678e+01,4.256610418579679679e-03,3.207441003941000207e-07
1.415991599159915815e+01,4.256495401196122227e-03,5.126879644682560589e-07
1.416141614161416129e+01,4.256380220450372946e-03,6.612272131238930217e-07
1.416291629162916266e+01,4.256264750144062373e-03,7.334691693195181050e-07
1.416441644164416402e+01,4.256148846539496017e-03,6.919495371757755494e-07
1.416591659165916539e+01,4.256032445386842729e-03,5.198961258096600692e-07
1.416741674167416676e+01,4.255915739767294169e-03,2.676078040843107217e-07
1.416891689168916812e+01,4.255798899001184132e-03,-2.076039377062356570e-08
1.417041704170416949e+01,4.255682066439174689e-03,-3.078249540743584123e-07
1.417191719171917086e+01,4.255565360526704193e-03,-5.626970675816087982e-07
1.417341734173417223e+01,4.255448874803995085e-03,-7.609826294825889582e-07
1.417491749174917359e+01,4.255332677906049563e-03,-8.847822394030121698e-07
1.417641764176417496e+01,4.255216813562650441e-03,-9.226912014040925536e-07
1.417791779177917633e+01,4.255101300598362023e-03,-8.697995239825402028e-07
1.417941794179417769e+01,4.254986132932529232e-03,-7.276919200705675356e-07
1.418091809180918084e+01,4.254871279579276744e-03,-5.044478070355786459e-07
1.418241824182418220e+01,4.254756684647513325e-03,-2.146413066813286803e-07
1.418391839183918357e+01,4.254642267340923156e-03,1.206587547536794904e-07
1.418541854185418494e+01,4.254527921957977112e-03,4.738888465952347878e-07
1.418691869186918630e+01,4.254413517891922347e-03,8.109907337336161853e-07
1.418841884188418767e+01,4.254298899630790110e-03,1.091411476623613989e-06
1.418991899189918904e+01,4.254183886757389663e-03,1.268103431284508664e-06
1.419141914191419040e+01,4.254068273949313493e-03,1.287524249300093753e-06
1.419291929192919177e+01,4.253951857133483720e-03,1.096451023940432630e-06
1.419441944194419314e+01,4.253834854768501379e-03,7.517904164119410381e-07
1.419591959195919451e+01,4.253717580265126488e-03,3.352836561359210438e-07
1.419741974197419587e+01,4.253600259537512751e-03,-9.412595505056860890e-08
1.419891989198919724e+01,4.253483079960321094e-03,-4.875501850283961750e-07
1.420042004200419861e+01,4.253366190368725736e-03,-8.061558713963562739e-07
1.420192019201920175e+01,4.253249701058405517e-03,-1.021164921471354754e-06
1.420342034203420312e+01,4.253133683785553440e-03,-1.113854312287517403e-06
1.420492049204920448e+01,4.253018171766867993e-03,-1.075556090597750603e-06
1.420642064206420585e+01,4.252903159679559224e-03,-9.076573728725650205e-07
1.420792079207920722e+01,4.252788603661346138e-03,-6.216003453004029760e-07
1.420942094209420858e+01,4.252674421310456698e-03,-2.388822637876278622e-07
1.421092109210920995e+01,4.252560491685628691e-03,2.089445460414699292e-07
1.421242124212421132e+01,4.252446655306109727e-03,6.802726888446684541e-07
1.421392139213921268e+01,4.252332714151655507e-03,1.123439699561827663e-06
1.421542154215421405e+01,4.252218431662533292e-03,1.476728043414878601e-06
1.421692169216921542e+01,4.252103532739516696e-03,1.668365115907808373e-06
1.421842184218421679e+01,4.251987703743891761e-03,1.616523242826707048e-06
1.421992199219921815e+01,4.251870872772655838e-03,1.302423281891325229e-06
1.422142214221422130e+01,4.251753734009625259e-03,9.071382126353779239e-07
1.422292229222922266e+01,4.251636537277311660e-03,4.958720437942654470e-07
1.422442244224422403e+01,4.251519458927240439e-03,1.146591176717540592e-07
1.422592259225922540e+01,4.251402637316007739e-03,-2.003838203597477951e-07
1.422742274227422676e+01,4.251286172805284792e-03,-4.230576218596271927e-07
1.422892289228922813e+01,4.251170127761812710e-03,-5.370807353190629200e-07
1.423042304230422950e+01,4.251054526557405955e-03,-5.360892061610318256e-07
1.423192319231923086e+01,4.250939355568950605e-03,-4.236366767403026794e-07
1.423342334233423223e+01,4.250824563178404354e-03,-2.131943863434401960e-07
1.423492349234923360e+01,4.250710059772797381e-03,7.184882881119898858e-08
1.423642364236423496e+01,4.250595717744233212e-03,3.981865355734584822e-07
1.423792379237923633e+01,4.250481371489884391e-03,7.225947038613913477e-07
1.423942394239423770e+01,4.250366817411998545e-03,9.919317066612563974e-07
1.424092409240924084e+01,4.250251813917893182e-03,1.143138320027593155e-06
1.424242424242424221e+01,4.250136081419960896e-03,1.103237723082637404e-06
1.424392439243924358e+01,4.250019646113362311e-03,8.790518638316353258e-07
1.424542454245424494e+01,4.249903076168974093e-03,6.188646354891410420e-07
1.424692469246924631e+01,4.249786509490228840e-03,3.586871889784333352e-07
1.424842484248424768e+01,4.249670048038409718e-03,1.251470418644985999e-07
1.424992499249924904e+01,4.249553769745798883e-03,-6.140312801058481332e-08
1.425142514251425041e+01,4.249437728515680947e-03,-1.868854825276455396e-07
1.425292529252925178e+01,4.249321954222341248e-03,-2.434970232904204700e-07
1.425442544254425314e+01,4.249206452711065847e-03,-2.297095916255546456e-07
1.425592559255925451e+01,4.249091205798142395e-03,-1.502698685826000931e-07
1.425742574257425588e+01,4.248976171270857534e-03,-1.619937493401773029e-08
1.425892589258925724e+01,4.248861282887501228e-03,1.552055288248245395e-07
1.426042604260425861e+01,4.248746450377363301e-03,3.403736424756504510e-07
1.426192619261926176e+01,4.248631559440733431e-03,5.094589260774535718e-07
1.426342634263426312e+01,4.248516471748903754e-03,6.263404999657013028e-07
1.426492649264926449e+01,4.248401024944166264e-03,6.486226447536039456e-07
1.426642664266426586e+01,4.248285090905305067e-03,5.428448359071831111e-07
1.426792679267926722e+01,4.248168938905951333e-03,3.792988129409891176e-07
1.426942694269426859e+01,4.248052719602978325e-03,1.973334605969955829e-07
1.427092709270926996e+01,4.247936520935735420e-03,1.992382723622588998e-08
1.427242724272427132e+01,4.247820413964233793e-03,-1.343647497106197355e-07
1.427392739273927269e+01,4.247704452869145546e-03,-2.513766437431648078e-07
1.427542754275427406e+01,4.247588674951800237e-03,-3.213659392913552043e-07
1.427692769276927542e+01,4.247473100634190958e-03,-3.389964317154611245e-07
1.427842784278427679e+01,4.247357733458967388e-03,-3.033416273060753961e-07
1.427992799279927816e+01,4.247242560089444473e-03,-2.178847432841142158e-07
1.428142814281428130e+01,4.247127550309592013e-03,-9.051870780064551945e-08
1.428292829282928267e+01,4.247012657024043340e-03,6.645384006245086170e-08
1.428442844284428404e+01,4.246897816258091846e-03,2.363205502934130843e-07
1.428592859285928540e+01,4.246782947157690113e-03,3.979593619500254927e-07
1.428742874287428677e+01,4.246667951989450789e-03,5.258385031597493798e-07
1.428892889288928814e+01,4.246552716140649178e-03,5.900164911197252104e-07
1.429042904290428950e+01,4.246437108119218047e-03,5.561421320967714036e-07
1.429192919291929087e+01,4.246321091075165588e-03,4.145666429698574701e-07
1.429342934293429224e+01,4.246204846796762869e-03,2.127625519707813869e-07
1.429492949294929360e+01,4.246088507260182936e-03,-1.477449225951253343e-08
1.429642964296429497e+01,4.245972184010985036e-03,-2.388885715194569258e-07
1.429792979297929634e+01,4.245855968754151319e-03,-4.356095742718977986e-07
1.429942994299429770e+01,4.245739933354085102e-03,-5.861531956440961752e-07
1.430093009300930085e+01,4.245624129834614340e-03,-6.769209374277937387e-07
1.430243024302430221e+01,4.245508590378987285e-03,-6.995001080788590899e-07
1.430393039303930358e+01,4.245393327329877696e-03,-6.506638227179450451e-07
1.430543054305430495e+01,4.245278333189378764e-03,-5.323710031299742749e-07
1.430693069306930632e+01,4.245163580619009183e-03,-3.517663777642807590e-07
1.430843084308430768e+01,4.245049022439707949e-03,-1.211804817346174096e-07
1.430993099309930905e+01,4.244934591631838693e-03,1.418703431808509171e-07
1.431143114311431042e+01,4.244820201335185346e-03,4.146839485395523966e-07
1.431293129312931178e+01,4.244705744848957345e-03,6.693723792344899195e-07
1.431443144314431315e+01,4.244591095631784425e-03,8.728618734942594084e-07
1.431593159315931452e+01,4.244476107301719224e-03,9.868928628830396534e-07
1.431743174317431588e+01,4.244360613636239017e-03,9.680199723006030061e-07
1.431893189318931725e+01,4.244244471948651481e-03,7.789329384115319278e-07
1.432043204320431862e+01,4.244127855699697180e-03,4.649152778458486132e-07
1.432193219321932176e+01,4.244011005233190408e-03,8.880910433873979615e-08
1.432343234323432313e+01,4.243894120273867046e-03,-2.971558998034089456e-07
1.432493249324932449e+01,4.243777367102310148e-03,-6.494957680160144153e-07
1.432643264326432586e+01,4.243660878554952540e-03,-9.334722494745051695e-07
1.432793279327932723e+01,4.243544754024074217e-03,-1.123092809094746940e-06
1.432943294329432860e+01,4.243429059457805817e-03,-1.201110627533035224e-06
1.433093309330932996e+01,4.243313827360125148e-03,-1.159024601186102905e-06
1.433243324332433133e+01,4.243199056790861526e-03,-9.970793421911164417e-07
1.433393339333933270e+01,4.243084713365689702e-03,-7.242651784256729048e-07
1.433543354335433406e+01,4.242970729256135068e-03,-3.583181535078073877e-07
1.433693369336933543e+01,4.242857003189572790e-03,7.427997320401345268e-08
1.433843384338433680e+01,4.242743400449224336e-03,5.383017266108895951e-07
1.433993399339933816e+01,4.242629752874162684e-03,9.897739158734821487e-07
1.434143414341434131e+01,4.242515858859307112e-03,1.375977634412422682e-06
1.434293429342934267e+01,4.242401483355427542e-03,1.635448259906521429e-06
1.434443444344434404e+01,4.242286357869141933e-03,1.697975454295647733e-06
1.434593459345934541e+01,4.242170197357128004e-03,1.489018697763939452e-06
1.434743474347434677e+01,4.242053333260761838e-03,1.095191041323819974e-06
1.434893489348934814e+01,4.241936216657067257e-03,6.344504497116280149e-07
1.435043504350434951e+01,4.241819086812764414e-03,1.693976313880219855e-07
1.435193519351935088e+01,4.241702139473726811e-03,-2.487529124113426274e-07
1.435343534353435224e+01,4.241585526864983038e-03,-5.801728876758166490e-07
1.435493549354935361e+01,4.241469357690708965e-03,-7.964202076197535103e-07
1.435643564356435498e+01,4.241353697134235545e-03,-8.804389926825116840e-07
1.435793579357935634e+01,4.241238566858047086e-03,-8.265595705284548955e-07
1.435943594359435771e+01,4.241123945003778643e-03,-6.404984760469502176e-07
1.436093609360936085e+01,4.241009766192216889e-03,-3.393584513519528125e-07
1.436243624362436222e+01,4.240895921523301845e-03,4.837155421640969317e-08
1.436393639363936359e+01,4.240782258576127756e-03,4.828163840940386470e-07
1.436543654365436495e+01,4.240668581408937009e-03,9.127146744915331524e-07
1.436693669366936632e+01,4.240554650559127080e-03,1.275418854394497648e-06
1.436843684368436769e+01,4.240440183043247928e-03,1.496895145563512261e-06
1.436993699369936905e+01,4.240324852357001129e-03,1.491723562534169440e-06
1.437143714371437042e+01,4.240208525347440548e-03,1.225056993786262446e-06
1.437293729372937179e+01,4.240091944070593054e-03,8.910002834240660842e-07
1.437443744374437316e+01,4.239975344785325284e-03,5.513815216646730170e-07
1.437593759375937452e+01,4.239858863166492270e-03,2.417148588916629596e-07
1.437743774377437589e+01,4.239742603763248935e-03,-1.063247418259151529e-08
1.437893789378937726e+01,4.239626639999046626e-03,-1.864401665169273073e-07
1.438043804380437862e+01,4.239511014171636581e-03,-2.746348267413907876e-07
1.438193819381938177e+01,4.239395737453067331e-03,-2.722899831571799894e-07
1.438343834383438313e+01,4.239280789889684695e-03,-1.846260837367735683e-07
1.438493849384938450e+01,4.239166120402133517e-03,-2.501049612390327434e-08
1.438643864386438587e+01,4.239051646785356800e-03,1.850424923665398577e-07
1.438793879387938723e+01,4.238937255708594837e-03,4.158716747484572267e-07
1.438943894389438860e+01,4.238822802715386945e-03,6.296689243645430892e-07
1.439093909390938997e+01,4.238708112223568865e-03,7.804791948862821240e-07
1.439243924392439133e+01,4.238592977525276230e-03,8.142005203139443498e-07
1.439393939393939270e+01,4.238477234295557824e-03,6.878196242371528538e-07
1.439543954395439407e+01,4.238361262889551659e-03,5.008655724835020655e-07
1.439693969396939544e+01,4.238245247445656706e-03,3.015413463469363815e-07
1.439843984398439680e+01,4.238129276313193881e-03,1.129826068756541112e-07
1.439993999399939817e+01,4.238013419393480558e-03,-4.650562340981567792e-08
1.440144014401440131e+01,4.237897728139825362e-03,-1.634489605167217926e-07
1.440294029402940268e+01,4.237782235557535984e-03,-2.292036589795890464e-07
1.440444044404440405e+01,4.237666956203910498e-03,-2.399566118610663519e-07
1.440594059405940541e+01,4.237551886188245173e-03,-1.967253507513043627e-07
1.440744074407440678e+01,4.237437003171830134e-03,-1.053580457681236100e-07
1.440894089408940815e+01,4.237322266367950230e-03,2.346649444298856842e-08
1.441044104410440951e+01,4.237207616541885033e-03,1.742388227088741102e-07
1.441194119411941088e+01,4.237092976010909708e-03,3.266188533287076167e-07
1.441344134413441225e+01,4.236978248644293274e-03,4.554358620739960886e-07
1.441494149414941361e+01,4.236863319863300344e-03,5.306884861885723078e-07
1.441644164416441498e+01,4.236748056641189385e-03,5.175447243886084967e-07
1.441794179417941635e+01,4.236632408070624758e-03,4.026621666940656818e-07
1.441944194419441772e+01,4.236516576623208449e-03,2.390377625092787015e-07
1.442094209420942086e+01,4.236400673760313575e-03,5.587022930630836256e-08
1.442244224422442223e+01,4.236284789306625151e-03,-1.233082050503351022e-07
1.442394239423942359e+01,4.236168996527907293e-03,-2.793032644207742056e-07
1.442544254425442496e+01,4.236053352131006686e-03,-3.972586243888837679e-07
1.442694269426942633e+01,4.235937896263848243e-03,-4.666559122625025695e-07
1.442844284428442769e+01,4.235822652515436847e-03,-4.813147070734312333e-07
1.442994299429942906e+01,4.235707627915859946e-03,-4.393925395774340245e-07
1.443144314431443043e+01,4.235592812936284091e-03,-3.433848922542373686e-07
1.443294329432943179e+01,4.235478181488954927e-03,-2.001251993075322862e-07
1.443444344434443316e+01,4.235363690927201538e-03,-2.078484666496984034e-08
1.443594359435943453e+01,4.235249282045430372e-03,1.791268280218325633e-07
1.443744374437443589e+01,4.235134879079130443e-03,3.797625353772962064e-07
1.443894389438943726e+01,4.235020389704869000e-03,5.569370343018806336e-07
1.444044404440443863e+01,4.234905705040294122e-03,6.821271319720789947e-07
1.444194419441944177e+01,4.234790699644136458e-03,7.224716838404124854e-07
1.444344434443444314e+01,4.234675232817531991e-03,6.411114457374450973e-07
1.444494449444944451e+01,4.234559294369515461e-03,4.353318664933498010e-07
1.444644464446444587e+01,4.234443073623918655e-03,1.547249274427169940e-07
1.444794479447944724e+01,4.234326743303462245e-03,-1.554377999665724083e-07
1.444944494449444861e+01,4.234210449952841883e-03,-4.567460039939708398e-07
1.445094509450944997e+01,4.234094313938726456e-03,-7.176506326062636073e-07
1.445244524452445134e+01,4.233978429449755491e-03,-9.134638934775682022e-07
1.445394539453945271e+01,4.233862864496545225e-03,-1.026359253989336101e-06
1.445544554455445407e+01,4.233747660911684266e-03,-1.045371441230353187e-06
1.445694569456945544e+01,4.233632834349731859e-03,-9.663964419967350936e-07
1.445844584458445681e+01,4.233518374287223961e-03,-7.921915027919318633e-07
1.445994599459945817e+01,4.233404244022668031e-03,-5.323751298267275217e-07
1.446144614461446132e+01,4.233290380676545638e-03,-2.034270890188179397e-07
1.446294629462946268e+01,4.233176695191309853e-03,1.713115940055417944e-07
1.446444644464446405e+01,4.233063072331389592e-03,5.616386339139176429e-07
1.446594659465946542e+01,4.232949370683185275e-03,9.304904856661788416e-07
1.446744674467446679e+01,4.232835422655071428e-03,1.233942344514876206e-06
1.446894689468946815e+01,4.232721034477394950e-03,1.421208146005212803e-06
1.447044704470446952e+01,4.232605986202476848e-03,1.434640565975075184e-06
1.447194719471947089e+01,4.232490084337894518e-03,1.223521766978308007e-06
1.447344734473447225e+01,4.232373791332601221e-03,9.090188716371023466e-07
1.447494749474947362e+01,4.232257417438738643e-03,5.724576119883423901e-07
1.447644764476447499e+01,4.232141111564502456e-03,2.528872083591427307e-07
1.447794779477947635e+01,4.232024991515629178e-03,-1.879889266239346330e-08
1.447944794479447772e+01,4.231909143995396180e-03,-2.198630182271739194e-07
1.448094809480948086e+01,4.231793624604619948e-03,-3.357232692252002702e-07
1.448244824482448223e+01,4.231678457841658685e-03,-3.599535202851266434e-07
1.448394839483948360e+01,4.231563637102410576e-03,-2.942834197750920833e-07
1.448544854485448496e+01,4.231449124680312923e-03,-1.485983898020585946e-07
1.448694869486948633e+01,4.231334851766345613e-03,5.906037378800229859e-08
1.448844884488448770e+01,4.231220718449026780e-03,3.024959014101074350e-07
1.448994899489948907e+01,4.231106593714415408e-03,5.473554497402637106e-07
1.449144914491449043e+01,4.230992315446112199e-03,7.511305017154653255e-07
1.449294929492949180e+01,4.230877690425256105e-03,8.631567665336959016e-07
1.449444944494449317e+01,4.230762494330527791e-03,8.246141796539312354e-07
1.449594959495949453e+01,4.230646779267517935e-03,6.491513599024990130e-07
1.449744974497449590e+01,4.230530962638682883e-03,4.462048459617414952e-07
1.449894989498949727e+01,4.230415148297186553e-03,2.430194417529367442e-07
1.450045004500449863e+01,4.230299417388807409e-03,6.088371826028934741e-08
1.450195019501950178e+01,4.230183832000329082e-03,-8.391356009329010270e-08
1.450345034503450314e+01,4.230068435159541236e-03,-1.800834354455476169e-07
1.450495049504950451e+01,4.229953250835240437e-03,-2.213367564959305183e-07
1.450645064506450588e+01,4.229838283937226683e-03,-2.063841785048430062e-07
1.450795079507950724e+01,4.229723520316307737e-03,-1.389361632938364208e-07
1.450945094509450861e+01,4.229608926764295666e-03,-2.770297924561549027e-08
1.451095109510950998e+01,4.229494451014009435e-03,1.136052986959685514e-07
1.451245124512451135e+01,4.229380021739274041e-03,2.662787890259083297e-07
1.451395139513951271e+01,4.229265548554917917e-03,4.066078036780517641e-07
1.451545154515451408e+01,4.229150922016778995e-03,5.058828480250947628e-07
1.451695169516951545e+01,4.229036013621697773e-03,5.303946208785784696e-07
1.451845184518451681e+01,4.228920703326214704e-03,4.486492096157578801e-07
1.451995199519951818e+01,4.228805151430202122e-03,3.026722056738632563e-07
1.452145214521452132e+01,4.228689500519903187e-03,1.298742402198728778e-07
1.452295229522952269e+01,4.228573842212660083e-03,-4.569884145460414126e-08
1.452445244524452406e+01,4.228458252035297189e-03,-2.042241635255684575e-07
1.452595259525952542e+01,4.228342789424128882e-03,-3.301018196358080818e-07
1.452745274527452679e+01,4.228227497724951732e-03,-4.119548728950916090e-07
1.452895289528952816e+01,4.228112404193053175e-03,-4.426293558801688529e-07
1.453045304530452952e+01,4.227997519993202842e-03,-4.191942706347695759e-07
1.453195319531953089e+01,4.227882840199658626e-03,-3.429415886696051831e-07
1.453345334533453226e+01,4.227768343796164084e-03,-2.193862509623689339e-07
1.453495349534953363e+01,4.227653993675950170e-03,-5.826616795773276580e-08
1.453645364536453499e+01,4.227539736641732632e-03,1.264577804326506412e-07
1.453795379537953636e+01,4.227425503405712881e-03,3.166017448301444233e-07
1.453945394539453773e+01,4.227311208589581461e-03,4.897589063891347328e-07
1.454095409540954087e+01,4.227196750724512841e-03,6.192994767971426522e-07
1.454245424542454224e+01,4.227082012251168024e-03,6.743706982742478414e-07
1.454395439543954360e+01,4.226966859519693670e-03,6.198968435740734781e-07
1.454545454545454497e+01,4.226851239896473565e-03,4.420298539726386600e-07
1.454695469546954634e+01,4.226735322293137184e-03,1.850825265467337392e-07
1.454845484548454770e+01,4.226619274657468679e-03,-1.068444813941655891e-07
1.454995499549954907e+01,4.226503240141111367e-03,-3.961614863998429209e-07
1.455145514551455044e+01,4.226387337099572067e-03,-6.517897782802256343e-07
1.455295529552955180e+01,4.226271659092221966e-03,-8.491616201053867427e-07
1.455445544554455317e+01,4.226156274882296622e-03,-9.702202482055420884e-07
1.455595559555955454e+01,4.226041228436891624e-03,-1.003419872171053096e-06
1.455745574557455591e+01,4.225926538926970399e-03,-9.437256748524244425e-07
1.455895589558955727e+01,4.225812200727356409e-03,-7.926138123603049052e-07
1.456045604560455864e+01,4.225698183416738349e-03,-5.580714140654896902e-07
1.456195619561956178e+01,4.225584431777667550e-03,-2.545965825985209507e-07
1.456345634563456315e+01,4.225470865796559714e-03,9.680160614876955383e-08
1.456495649564956452e+01,4.225357380663692305e-03,4.686031030254776729e-07
1.456645664566456588e+01,4.225243846773209765e-03,8.267768856202163428e-07
1.456795679567956725e+01,4.225130109723115694e-03,1.130780958261470176e-06
1.456945694569456862e+01,4.225015990315279801e-03,1.333562352017568780e-06
1.457095709570956998e+01,4.224901284555434428e-03,1.381557124696701474e-06
1.457245724572457135e+01,4.224785774313840475e-03,1.217488626100864707e-06
1.457395739573957272e+01,4.224669772297353146e-03,9.234303341163914838e-07
1.457545754575457408e+01,4.224553653455078925e-03,5.978346129712757415e-07
1.457695769576957545e+01,4.224437570516307965e-03,2.808259184140128928e-07
1.457845784578457682e+01,4.224321645804648105e-03,4.541039559831414770e-09
1.457995799579957819e+01,4.224205971238022272e-03,-2.068709011093099045e-07
1.458145814581458133e+01,4.224090608328671080e-03,-3.372484477448217035e-07
1.458295829582958270e+01,4.223975588183149360e-03,-3.784178111309690517e-07
1.458445844584458406e+01,4.223860911502330499e-03,-3.301928686858112322e-07
1.458595859585958543e+01,4.223746548581402971e-03,-2.003751644604713881e-07
1.458745874587458680e+01,4.223632439309871200e-03,-4.753909139341292163e-09
1.458895889588958816e+01,4.223518493171556434e-03,2.328940199599197118e-07
1.459045904590458953e+01,4.223404589244595872e-03,4.808040788863860850e-07
1.459195919591959090e+01,4.223290576201444400e-03,6.992240570558577299e-07
1.459345934593459226e+01,4.223176272308871125e-03,8.404140772508737538e-07
1.459495949594959363e+01,4.223061465427961972e-03,8.486465956206999756e-07
1.459645964596459500e+01,4.222946050168683435e-03,6.962289029851210448e-07
1.459795979597959636e+01,4.222830456843626630e-03,4.961806363828167169e-07
1.459945994599459773e+01,4.222714835869147143e-03,2.880265065167742157e-07
1.460096009600959910e+01,4.222599276119293719e-03,9.512522077401569340e-08
1.460246024602460224e+01,4.222483847049567605e-03,-6.426798712345503485e-08
1.460396039603960361e+01,4.222368598696920813e-03,-1.770013571179392885e-07
1.460546054605460498e+01,4.222253561679756122e-03,-2.350266028171979219e-07
1.460696069606960634e+01,4.222138747197927075e-03,-2.353989114936356317e-07
1.460846084608460771e+01,4.222024147032739719e-03,-1.802769440845122910e-07
1.460996099609960908e+01,4.221909733546949130e-03,-7.692283519194379725e-08
1.461146114611461044e+01,4.221795459684762886e-03,6.229780691709972847e-08
1.461296129612961181e+01,4.221681258971839330e-03,2.199159003107949998e-07
1.461446144614461318e+01,4.221567045515286706e-03,3.733588893924582596e-07
1.461596159615961454e+01,4.221452714003666624e-03,4.949507449005556561e-07
1.461746174617461591e+01,4.221338139706990594e-03,5.519119639086965725e-07
1.461896189618961728e+01,4.221223179087153603e-03,5.065198986062497626e-07
1.462046204620461864e+01,4.221107881836210808e-03,3.718122449027195727e-07
1.462196219621962179e+01,4.220992443828904851e-03,1.992600483937216274e-07
1.462346234623462315e+01,4.220876966267507989e-03,1.547349531128777584e-08
1.462496249624962452e+01,4.220761533593107157e-03,-1.573442882369161693e-07
1.462646264626462589e+01,4.220646213485603100e-03,-3.013972362667773856e-07
1.462796279627962726e+01,4.220531056863712112e-03,-4.032963429179236593e-07
1.462946294629462862e+01,4.220416097884964295e-03,-4.540596624537245493e-07
1.463096309630962999e+01,4.220301353945704430e-03,-4.491123092612889526e-07
1.463246324632463136e+01,4.220186825681091977e-03,-3.882864578514666919e-07
1.463396339633963272e+01,4.220072496965099340e-03,-2.758213428588489396e-07
1.463546354635463409e+01,4.219958334910516203e-03,-1.203632590417683233e-07
1.463696369636963546e+01,4.219844289868943457e-03,6.503443871770488558e-08
1.463846384638463682e+01,4.219730295430799277e-03,2.629113354137558898e-07
1.463996399639963819e+01,4.219616268425313912e-03,4.513999559168306601e-07
1.464146414641464133e+01,4.219502108920534025e-03,6.042257649737814134e-07
1.464296429642964270e+01,4.219387700223320090e-03,6.907071672071835864e-07
1.464446444644464407e+01,4.219272908879346390e-03,6.757555071164580482e-07
1.464596459645964543e+01,4.219157625047256430e-03,5.304741572718801091e-07
1.464746474647464680e+01,4.219041981280768211e-03,2.896755084770643560e-07
1.464896489648964817e+01,4.218926158614958420e-03,9.790285052465973661e-10
1.465046504650464954e+01,4.218810309810390805e-03,-2.954289758062130861e-07
1.465196519651965090e+01,4.218694562269975634e-03,-5.660328099197109870e-07
1.465346534653465227e+01,4.218579018038977509e-03,-7.839873915973976535e-07
1.465496549654965364e+01,4.218463753805011020e-03,-9.291182509011825483e-07
1.465646564656465500e+01,4.218348820898041619e-03,-9.879215301927299190e-07
1.465796579657965637e+01,4.218234245290384751e-03,-9.535639841334600692e-07
1.465946594659465774e+01,4.218120027596706720e-03,-8.258829796845493576e-07
1.466096609660965910e+01,4.218006143074026423e-03,-6.113864961069310461e-07
1.466246624662466225e+01,4.217892541621712753e-03,-3.232531249609173105e-07
1.466396639663966361e+01,4.217779147781484592e-03,1.866792989234110952e-08
1.466546654665466498e+01,4.217665860737413418e-03,3.878568522929371293e-07
1.466696669666966635e+01,4.217552554315918967e-03,7.511232137809023591e-07
1.466846684668466771e+01,4.217439076985774436e-03,1.068605973596519553e-06
1.466996699669966908e+01,4.217325251858102149e-03,1.293773478680305881e-06
1.467146714671467045e+01,4.217210876686377022e-03,1.373423463673030716e-06
1.467296729672967182e+01,4.217095723916668495e-03,1.247696263433412815e-06
1.467446744674467318e+01,4.216979974459275464e-03,9.641518763257357745e-07
1.467596759675967455e+01,4.216864078076025535e-03,6.410919071962618363e-07
1.467746774677467592e+01,4.216748193333771065e-03,3.202505856712427240e-07
1.467896789678967728e+01,4.216632448266819169e-03,3.532646602286055017e-08
1.468046804680467865e+01,4.216516940376926516e-03,-1.880175728307759952e-07
1.468196819681968179e+01,4.216401736633300194e-03,-3.321543273257457825e-07
1.468346834683468316e+01,4.216286873472599450e-03,-3.874922692517361897e-07
1.468496849684968453e+01,4.216172356798935685e-03,-3.524755457530789176e-07
1.468646864686468589e+01,4.216058161983868117e-03,-2.335839793279582257e-07
1.468796879687968726e+01,4.215944233866410727e-03,-4.533306782862819636e-08
1.468946894689468863e+01,4.215830486753027045e-03,1.897260155385857829e-07
1.469096909690968999e+01,4.215716804417631025e-03,4.410064222132876547e-07
1.469246924692469136e+01,4.215603040101588775e-03,6.698856282810070922e-07
1.469396939693969273e+01,4.215489016513716825e-03,8.297054344732101925e-07
1.469546954695469410e+01,4.215374525830283860e-03,8.657719661672789362e-07
1.469696969696969546e+01,4.215259397971719661e-03,7.333205160518834385e-07
1.469846984698469683e+01,4.215144022518503217e-03,5.348550031851157600e-07
1.469996999699969820e+01,4.215028599587284340e-03,3.230492428028877349e-07
1.470147014701470134e+01,4.214913223509716630e-03,1.227416785806386483e-07
1.470297029702970271e+01,4.214797968806298367e-03,-4.644543491278891172e-08
1.470447044704470407e+01,4.214682890186369039e-03,-1.701060322166061620e-07
1.470597059705970544e+01,4.214568022548112816e-03,-2.390502369770864610e-07
1.470747074707470681e+01,4.214453380978555944e-03,-2.493043619478105246e-07
1.470897089708970817e+01,4.214338960753568480e-03,-2.021109089896689673e-07
1.471047104710470954e+01,4.214224737337864297e-03,-1.039285690708614549e-07
1.471197119711971091e+01,4.214110666384999343e-03,3.356777773310234222e-08
1.471347134713471227e+01,4.213996683737374245e-03,1.934870622394048668e-07
1.471497149714971364e+01,4.213882705426231709e-03,3.537220261579182924e-07
1.471647164716471501e+01,4.213768627671657385e-03,4.869492220912084942e-07
1.471797179717971638e+01,4.213654326882581604e-03,5.606290135345297544e-07
1.471947194719471774e+01,4.213539659656776772e-03,5.370055748758235982e-07
1.472097209720971911e+01,4.213424604726886090e-03,4.104640192929601668e-07
1.472247224722472225e+01,4.213309384064743701e-03,2.394314762972419413e-07
1.472397239723972362e+01,4.213194106055043187e-03,5.245819052333558082e-08
1.472547254725472499e+01,4.213078859893010404e-03,-1.269597559345685395e-07
1.472697269726972635e+01,4.212963717614364757e-03,-2.798463292463454299e-07
1.472847284728472772e+01,4.212848734095320062e-03,-3.917455438461168044e-07
1.472997299729972909e+01,4.212733947052581945e-03,-4.527214624322521920e-07
1.473147314731473045e+01,4.212619377043350447e-03,-4.573581959673685135e-07
1.473297329732973182e+01,4.212505027465320018e-03,-4.047599036783292346e-07
1.473447344734473319e+01,4.212390884556676054e-03,-2.985507930562460594e-07
1.473597359735973455e+01,4.212276917396099232e-03,-1.468751198564781900e-07
1.473747374737473592e+01,4.212163077902764639e-03,3.760281190136905063e-08
1.473897389738973729e+01,4.212049300836337440e-03,2.376986499334403007e-07
1.474047404740473866e+01,4.211935503796979813e-03,4.317079936916382593e-07
1.474197419741974180e+01,4.211821587225344880e-03,5.934063943637718648e-07
1.474347434743474317e+01,4.211707434402580177e-03,6.920493548728294338e-07
1.474497449744974453e+01,4.211592911450326784e-03,6.923723298781829312e-07
1.474647464746474590e+01,4.211477893932165199e-03,5.615868374723436373e-07
1.474797479747974727e+01,4.211362494246952137e-03,3.292559221645238171e-07
1.474947494749474863e+01,4.211246898737724086e-03,4.448059193099155283e-08
1.475097509750975000e+01,4.211131262894642589e-03,-2.517600283209493812e-07
1.475247524752475137e+01,4.211015716709096829e-03,-5.252068075129127417e-07
1.475397539753975273e+01,4.210900364673710559e-03,-7.483206083954282277e-07
1.475547554755475410e+01,4.210785285782336906e-03,-9.002822875479432809e-07
1.475697569756975547e+01,4.210670533530061835e-03,-9.669926953788194854e-07
1.475847584758475683e+01,4.210556135913202415e-03,-9.410726761253376505e-07
1.475997599759975820e+01,4.210442095429305955e-03,-8.218630678536942099e-07
1.476147614761476135e+01,4.210328389077152601e-03,-6.154247024587109021e-07
1.476297629762976271e+01,4.210214968356754475e-03,-3.345384056649207720e-07
1.476447644764476408e+01,4.210101759269353934e-03,1.295002974912336942e-09
1.476597659765976545e+01,4.209988662317426175e-03,3.658547100789227676e-07
1.476747674767476681e+01,4.209875552504675766e-03,7.261999084363196032e-07
1.476897689768976818e+01,4.209762279336040115e-03,1.042669797007404560e-06
1.477047704770476955e+01,4.209648666817689469e-03,1.268883580923542873e-06
1.477197719771977091e+01,4.209534513457022578e-03,1.351740471487214272e-06
1.477347734773477228e+01,4.209419592262699655e-03,1.231419693762810287e-06
1.477497749774977365e+01,4.209304068824726817e-03,9.515313417532138758e-07
1.477647764776477501e+01,4.209188393805695511e-03,6.308296800420983269e-07
1.477797779777977638e+01,4.209072726415840141e-03,3.112947626583194522e-07
1.477947794779477775e+01,4.208957195363149419e-03,2.686428220733305754e-08
1.478097809780977911e+01,4.208841898853364627e-03,-1.965664301288033631e-07
1.478247824782478226e+01,4.208726904589980486e-03,-3.411444045915527065e-07
1.478397839783978363e+01,4.208612249774244286e-03,-3.970590328453090424e-07
1.478547854785478499e+01,4.208497941105155023e-03,-3.625420679784445467e-07
1.478697869786978636e+01,4.208383954779465995e-03,-2.438676245025086318e-07
1.478847884788478773e+01,4.208270236491683074e-03,-5.535217835245240990e-08
1.478997899789978909e+01,4.208156701434064700e-03,1.806454331133782945e-07
1.479147914791479046e+01,4.208043234296621020e-03,4.337240111132322512e-07
1.479297929792979183e+01,4.207929689267117350e-03,6.654399954419627767e-07
1.479447944794479319e+01,4.207815890031070712e-03,8.293074644710227580e-07
1.479597959795979456e+01,4.207701629771751564e-03,8.707981351484712172e-07
1.479747974797479593e+01,4.207586728234578681e-03,7.423833480957933147e-07
1.479897989798979729e+01,4.207471559880694711e-03,5.427673015613062735e-07
1.480048004800479866e+01,4.207356337621893753e-03,3.280928213767702979e-07
1.480198019801980180e+01,4.207241158543269244e-03,1.239700289373674361e-07
1.480348034803480317e+01,4.207126099552436008e-03,-4.931330039862573807e-08
1.480498049804980454e+01,4.207011217379533728e-03,-1.767917373113251975e-07
1.480648064806480591e+01,4.206896548577226946e-03,-2.488221985182275750e-07
1.480798079807980727e+01,4.206782109520701592e-03,-2.610839467744616258e-07
1.480948094809480864e+01,4.206667896407669319e-03,-2.145785908727896048e-07
1.481098109810981001e+01,4.206553885258364905e-03,-1.156300856436075834e-07
1.481248124812481137e+01,4.206440031915547120e-03,2.411526804505624402e-08
1.481398139813981274e+01,4.206326272044498722e-03,1.876888232875429369e-07
1.481548154815481411e+01,4.206212521133025593e-03,3.527995871405530672e-07
1.481698169816981547e+01,4.206098674491459341e-03,4.918342206231665194e-07
1.481848184818481684e+01,4.205984607252652094e-03,5.718570387168139026e-07
1.481998199819981821e+01,4.205870174371983440e-03,5.546100103653107495e-07
1.482148214821482135e+01,4.205755334959691318e-03,4.292939115183117430e-07
1.482298229822982272e+01,4.205640317828407762e-03,2.562443560520127951e-07
1.482448244824482408e+01,4.205525237117875570e-03,6.558174165904594701e-08
1.482598259825982545e+01,4.205410184904959103e-03,-1.183944636487384380e-07
1.482748274827482682e+01,4.205295235669969170e-03,-2.760284307742896385e-07
1.482898289828982819e+01,4.205180446296662156e-03,-3.923079695353566276e-07
1.483048304830482955e+01,4.205065856072241759e-03,-4.568645286644868553e-07
1.483198319831983092e+01,4.204951486687358124e-03,-4.639731958090272018e-07
1.483348334833483229e+01,4.204837342236106973e-03,-4.125526975311265182e-07
1.483498349834983365e+01,4.204723409216031341e-03,-3.061653993077288502e-07
1.483648364836483502e+01,4.204609656528119840e-03,-1.530173055305813795e-07
1.483798379837983639e+01,4.204496035476809265e-03,3.404194049377034126e-08
1.483948394839483775e+01,4.204382479769981119e-03,2.375190565439839765e-07
1.484098409840983912e+01,4.204268905518963352e-03,4.352771214839117255e-07
1.484248424842484226e+01,4.204155211238531226e-03,6.005355752627783053e-07
1.484398439843984363e+01,4.204041277846905580e-03,7.018702189144090921e-07
1.484548454845484500e+01,4.203926968665753702e-03,7.032132145584869060e-07
1.484698469846984636e+01,4.203812157671271352e-03,5.712975649562678958e-07
1.484848484848484773e+01,4.203696965271817160e-03,3.378541709177635967e-07
1.484998499849984910e+01,4.203581579675609234e-03,5.256574331285338242e-08
1.485148514851485047e+01,4.203466156529867513e-03,-2.434723571670172908e-07
1.485298529852985183e+01,4.203350825757262710e-03,-5.159566329734624954e-07
1.485448544854485320e+01,4.203235691555918044e-03,-7.373754497011563088e-07
1.485598559855985457e+01,4.203120832399406641e-03,-8.870090360878315961e-07
1.485748574857485593e+01,4.203006301036753267e-03,-9.509294840142824446e-07
1.485898589858985730e+01,4.202892124492434330e-03,-9.220007485043622589e-07
1.486048604860485867e+01,4.202778304066375273e-03,-7.998786477249824895e-07
1.486198619861986181e+01,4.202664815333954917e-03,-5.910108629858231600e-07
1.486348634863486318e+01,4.202551608146001989e-03,-3.086369387404278683e-07
1.486498649864986454e+01,4.202438606628795988e-03,2.721171741530244924e-08
1.486648664866486591e+01,4.202325709184068919e-03,3.897118347422050456e-07
1.486798679867986728e+01,4.202212788489003564e-03,7.452482793580632569e-07
1.486948694869486864e+01,4.202099691496231741e-03,1.053414054237596867e-06
1.487098709870987001e+01,4.201986239433837776e-03,1.267010299212461367e-06
1.487248724872487138e+01,4.201872227805358503e-03,1.332046290971265055e-06
1.487398739873987275e+01,4.201757430601705742e-03,1.188851065397337021e-06
1.487548754875487411e+01,4.201642101156955432e-03,9.042753611034126132e-07
1.487698769876987548e+01,4.201526636859399984e-03,5.832326598791778204e-07
1.487848784878487685e+01,4.201411193988988449e-03,2.670054946211981541e-07
1.487998799879987821e+01,4.201295898304363910e-03,-1.118565784379405694e-08
1.488148814881488136e+01,4.201180845042863481e-03,-2.261823767591124832e-07
1.488298829882988272e+01,4.201066098920519173e-03,-3.608882974371712940e-07
1.488448844884488409e+01,4.200951694132057032e-03,-4.062691112610488861e-07
1.488598859885988546e+01,4.200837634350896264e-03,-3.613525656833595302e-07
1.488748874887488682e+01,4.200723892729153579e-03,-2.332284642265544909e-07
1.488898889888988819e+01,4.200610411897637113e-03,-3.704866648291736806e-08
1.489048904890488956e+01,4.200497103965850770e-03,2.039729118854350562e-07
1.489198919891989092e+01,4.200383850521991619e-03,4.585602991465481587e-07
1.489348934893489229e+01,4.200270502632954227e-03,6.873754674986346633e-07
1.489498949894989366e+01,4.200156880844322857e-03,8.430183330700713587e-07
1.489648964896489503e+01,4.200042775180381008e-03,8.700267559194094746e-07
1.489798979897989639e+01,4.199928032451764708e-03,7.279325659339621596e-07
1.489948994899489776e+01,4.199813056885055851e-03,5.234824483243863144e-07
1.490099009900989913e+01,4.199698035073645350e-03,3.059723307870692758e-07
1.490249024902490227e+01,4.199583064123033928e-03,1.010644316240530188e-07
1.490399039903990364e+01,4.199468220605913349e-03,-7.100498183883854218e-08
1.490549054905490500e+01,4.199353560562164682e-03,-1.954255932534911779e-07
1.490699069906990637e+01,4.199239119498859169e-03,-2.628130372484815760e-07
1.490849084908490774e+01,4.199124912390256488e-03,-2.692088994293337798e-07
1.490999099909990910e+01,4.199010933677806492e-03,-2.160807163785174942e-07
1.491149114911491047e+01,4.198897157270149207e-03,-1.103219756554495683e-07
1.491299129912991184e+01,4.198783536543113960e-03,3.574788420350759291e-08
1.491449144914491320e+01,4.198670004339718521e-03,2.043834736850444405e-07
1.491599159915991457e+01,4.198556472970170830e-03,3.724134522989069284e-07
1.491749174917491594e+01,4.198442834211869867e-03,5.112405285778893137e-07
1.491899189918991731e+01,4.198328959309403051e-03,5.868414600778465446e-07
1.492049204920491867e+01,4.198214698974546237e-03,5.597670533776826136e-07
1.492199219921992182e+01,4.198100038630333056e-03,4.261487544596703487e-07
1.492349234923492318e+01,4.197985210229147890e-03,2.472649307810282176e-07
1.492499249924992455e+01,4.197870325780307492e-03,5.272855192777028252e-08
1.492649264926492592e+01,4.197755477688997795e-03,-1.330298003940239873e-07
1.492799279927992728e+01,4.197640740354490266e-03,-2.903398740662375636e-07
1.492949294929492865e+01,4.197526170170136697e-03,-4.042917465587154355e-07
1.493099309930993002e+01,4.197411805523373549e-03,-4.647358249292650333e-07
1.493249324932493138e+01,4.197297666795717606e-03,-4.662828458236558047e-07
1.493399339933993275e+01,4.197183756362769455e-03,-4.083038754756187915e-07
1.493549354935493412e+01,4.197070058594214344e-03,-2.949303097068491703e-07
1.493699369936993548e+01,4.196956539853816115e-03,-1.350538739270027592e-07
1.493849384938493685e+01,4.196843148499425011e-03,5.767337686630398285e-08
1.493999399939993822e+01,4.196729814882970734e-03,2.648390580874903031e-07
1.494149414941494136e+01,4.196616451350468520e-03,4.632704555632292656e-07
1.494299429942994273e+01,4.196502952242014799e-03,6.250345255315208330e-07
1.494449444944494410e+01,4.196389193891788931e-03,7.174378946431312928e-07
1.494599459945994546e+01,4.196275034628052340e-03,7.030268599606304457e-07
1.494749474947494683e+01,4.196160365089182838e-03,5.528733985033140626e-07
1.494899489948994820e+01,4.196045344138460594e-03,3.089376203610575955e-07
1.495049504950494956e+01,4.195930155001564160e-03,1.967934096800377369e-08
1.495199519951995093e+01,4.195814949915542894e-03,-2.746332474029123881e-07
1.495349534953495230e+01,4.195699855190787760e-03,-5.405896398574319305e-07
1.495499549954995366e+01,4.195584971211028733e-03,-7.516370188799714728e-07
1.495649564956495503e+01,4.195470372433335662e-03,-8.880802543336242190e-07
1.495799579957995640e+01,4.195356107388119142e-03,-9.370819034601588992e-07
1.495949594959495776e+01,4.195242198679130508e-03,-8.926622108800190279e-07
1.496099609960995913e+01,4.195128642983459236e-03,-7.556991085923265045e-07
1.496249624962496227e+01,4.195015411051537281e-03,-5.339282159745675754e-07
1.496399639963996364e+01,4.194902447707135607e-03,-2.419428397837617397e-07
1.496549654965496501e+01,4.194789671847365918e-03,9.880602584515417805e-08
1.496699669966996638e+01,4.194676976442678062e-03,4.600096993983446871e-07
1.496849684968496774e+01,4.194564228536866099e-03,8.065018119833005708e-07
1.496999699969996911e+01,4.194451269247059626e-03,1.096258307328844498e-06
1.497149714971497048e+01,4.194337913763731586e-03,1.280397441785103813e-06
1.497299729972997184e+01,4.194223951350693931e-03,1.303179784323558126e-06
1.497449744974497321e+01,4.194109171418824999e-03,1.108898577641049261e-06
1.497599759975997458e+01,4.193993797089079663e-03,7.565072706739434445e-07
1.497749774977497594e+01,4.193878151972001665e-03,3.316131329762258223e-07
1.497899789978997731e+01,4.193762467941304813e-03,-1.044215449875586982e-07
1.498049804980497868e+01,4.193646936469850976e-03,-5.009257292112290444e-07
1.498199819981998182e+01,4.193531708629654429e-03,-8.179196421472851920e-07
1.498349834983498319e+01,4.193416895091880113e-03,-1.026114762705502831e-06
1.498499849984998455e+01,4.193302566126842768e-03,-1.106913826255237191e-06
1.498649864986498592e+01,4.193188751604006934e-03,-1.052410824623778101e-06
1.498799879987998729e+01,4.193075440991990421e-03,-8.653910060967840940e-07
1.498949894989498866e+01,4.192962583358559106e-03,-5.593308754182726688e-07
1.499099909990999002e+01,4.192850087370630398e-03,-1.583981937906308748e-07
1.499249924992499139e+01,4.192737821294272374e-03,3.025480211253940036e-07
1.499399939993999276e+01,4.192625612994702912e-03,7.779574952106850245e-07
1.499549954995499412e+01,4.192513249936292291e-03,1.211588697887763741e-06
1.499699969996999549e+01,4.192400479182559724e-03,1.536508842120787660e-06
1.499849984998499686e+01,4.192287007396175089e-03,1.675093884415552359e-06
1.500000000000000000e+01,4.192172500838958933e-03,1.539028524819109583e-06
