# t, x, y
0.000000000000000000e+00,5.000000000000000000e+00,7.000000000000000000e+00
1.500150015001500137e-01,4.634182142483656008e+00,7.011873250251308143e+00
3.000300030003000273e-01,4.264299240084014286e+00,7.011786576499475565e+00
4.500450045004500410e-01,3.890187925639983391e+00,6.999526626961104725e+00
6.000600060006000547e-01,3.511828052150302693e+00,6.974369740642824667e+00
7.500750075007500683e-01,3.129644003031163191e+00,6.933160129927697923e+00
9.000900090009000820e-01,2.744504692116209732e+00,6.870309880575227623e+00
1.050105010501050096e+00,2.357723563656539678e+00,6.777798951721354825e+00
1.200120012001200109e+00,1.971058592320703351e+00,6.645175175878455853e+00
1.350135013501350123e+00,1.586712283194704476e+00,6.459554258935346738e+00
1.500150015001500137e+00,1.208633923188137782e+00,6.194599223141686650e+00
1.650165016501650150e+00,8.437781169654560154e-01,5.821407197125387789e+00
1.800180018001800164e+00,5.065465932921568992e-01,5.233586730503855478e+00
1.950195019501950178e+00,2.238123430428206884e-01,4.168955177618292929e+00
2.100210021002100191e+00,5.158454965858839253e-02,1.923408927740064556e+00
2.250225022502250205e+00,1.789016561561808730e-02,6.097017280545957013e-02
2.400240024002400219e+00,2.277847048876897179e-02,9.364033114543480292e-04
2.550255025502550232e+00,3.062671725073766102e-02,4.075186805531360728e-05
2.700270027002700246e+00,4.121104425903873714e-02,3.963429436603353090e-06
2.850285028502850260e+00,5.545197319184294593e-02,7.094749131014085784e-07
3.000300030003000273e+00,7.460919035543951694e-02,2.155074568594570530e-07
3.150315031503150287e+00,1.003729480745037539e-01,9.001057367468462297e-08
3.300330033003300301e+00,1.350229867614877455e-01,5.438037375242093970e-08
3.450345034503450314e+00,1.815853881911129175e-01,3.119908174266954434e-08
3.600360036003600328e+00,2.440983078522580563e-01,2.322983455806190368e-08
3.750375037503750342e+00,3.281411954709212431e-01,2.116900912538106144e-08
3.900390039003900355e+00,4.409384598471758898e-01,1.849127513218599795e-08
4.050405040504050369e+00,5.919791875275578485e-01,1.613556532963244025e-08
4.200420042004200383e+00,7.939041452811677058e-01,1.472387047679411969e-08
4.350435043504350396e+00,1.064052540585860518e+00,1.388550017815681086e-08
4.500450045004500410e+00,1.424690446816656575e+00,1.338316499759885130e-08
4.650465046504650424e+00,1.902800461827486966e+00,1.310624024894803936e-08
4.800480048004800437e+00,2.533751142091470232e+00,1.299663313100314892e-08
4.950495049504950451e+00,3.365694471695048762e+00,1.301351665400303854e-08
5.100510051005100465e+00,4.453795947192835669e+00,1.312532541813709586e-08
5.250525052505250478e+00,5.859754592677248297e+00,1.330765088474383846e-08
5.400540054005400492e+00,7.649403765713032044e+00,1.354322666268439236e-08
5.550555055505550506e+00,9.884015478944967015e+00,1.382160304200977738e-08
5.700570057005700519e+00,1.265045319490758935e+01,1.413632540257399531e-08
5.850585058505850533e+00,1.598940072561603287e+01,1.448201923865951155e-08
6.000600060006000547e+00,1.988169258530303196e+01,1.485416294534894873e-08
6.150615061506150560e+00,2.424831399041892155e+01,1.524908781852509822e-08
6.300630063006300574e+00,2.896296764931752676e+01,1.566418549434152055e-08
6.450645064506450588e+00,3.384956709993547719e+01,1.609831593953387918e-08
6.600660066006600601e+00,3.868287395517812399e+01,1.655048184609110991e-08
6.750675067506750615e+00,4.327422978758138328e+01,1.701991309913737963e-08
6.900690069006900629e+00,4.747522281128108546e+01,1.750609529160243297e-08
7.050705070507050642e+00,5.117768788201294683e+01,1.800876972422159240e-08
7.200720072007200656e+00,5.431666372549903343e+01,1.852791970312121856e-08
7.350735073507350670e+00,5.690850273243859192e+01,1.906359027639734878e-08
7.500750075007500683e+00,5.900152030208586496e+01,1.961595425333945840e-08
7.650765076507650697e+00,6.065486429086477216e+01,2.018524837359357402e-08
7.800780078007800711e+00,6.194308629396839194e+01,2.077174228685620055e-08
7.950795079507950724e+00,6.294171743110555184e+01,2.137578446717586006e-08
8.100810081008100738e+00,6.370337406923335521e+01,2.199780918485676307e-08
8.250825082508249864e+00,6.427647769555571244e+01,2.263826071996835109e-08
8.400840084008400765e+00,6.470865152475374771e+01,2.329758843648034491e-08
8.550855085508551667e+00,6.504474332836235817e+01,2.397626874678967687e-08
8.700870087008700793e+00,6.529959930829340919e+01,2.467485989935422433e-08
8.850885088508849918e+00,6.548231082960603544e+01,2.539393752807249883e-08
9.000900090009000820e+00,6.560757999304884436e+01,2.613407709485132087e-08
9.150915091509151722e+00,6.569571963505985934e+01,2.689585388960577367e-08
9.300930093009300847e+00,6.577083520284497808e+01,2.767984799615574251e-08
9.450945094509449973e+00,6.583441791495722839e+01,2.848671271843785088e-08
9.600960096009600875e+00,6.588214345064041311e+01,2.931712817387590405e-08
9.750975097509751777e+00,6.591427167418298438e+01,3.017178232228785440e-08
9.900990099009900902e+00,6.593330089246283876e+01,3.105137829198527274e-08
1.005100510051005003e+01,6.594396785494730295e+01,3.195663437977341121e-08
1.020102010201020093e+01,6.595324775369313386e+01,3.288828405095113707e-08
1.035103510351035183e+01,6.596663059614448343e+01,3.384708565214581597e-08
1.050105010501050096e+01,6.597973010354429846e+01,3.483384131353629801e-08
1.065106510651065008e+01,6.599004855013387782e+01,3.584936995244191681e-08
1.080108010801080098e+01,6.599620873282449907e+01,3.689451338132408246e-08
1.095109510951095189e+01,6.599782734528191952e+01,3.797013668857960442e-08
1.110111011101110101e+01,6.599551497792633370e+01,3.907712823854079745e-08
1.125112511251125014e+01,6.599087611793247277e+01,4.021639967147545507e-08
1.140114011401140104e+01,6.598650914922951927e+01,4.138888590358685624e-08
1.155115511551155194e+01,6.598600635250114976e+01,4.259554512701370575e-08
1.170117011701170107e+01,6.599174472610395981e+01,4.383736992920528029e-08
1.185118511851185019e+01,6.600036004662584332e+01,4.511539605862063349e-08
1.200120012001200109e+01,6.600901701668971100e+01,4.643068029109797786e-08
1.215121512151215200e+01,6.601561011552335856e+01,4.778431182394608106e-08
1.230123012301230112e+01,6.601873896387233742e+01,4.917741248086733728e-08
1.245124512451245025e+01,6.601770832399994049e+01,5.061113671195780691e-08
1.260126012601260115e+01,6.601252809968718793e+01,5.208667159370717024e-08
1.275127512751275205e+01,6.600391333623288403e+01,5.360523682899872083e-08
1.290129012901290118e+01,6.599328422045350351e+01,5.516808474710934567e-08
1.305130513051305030e+01,6.598276608068334781e+01,5.677650030370962445e-08
1.320132013201320120e+01,6.597518938677437461e+01,5.843180108086374349e-08
1.335133513351335210e+01,6.597408975009635412e+01,6.013533728702950902e-08
1.350135013501350123e+01,6.598305650449324844e+01,6.188849872980302946e-08
1.365136513651365036e+01,6.599937364461953848e+01,6.369274712519596490e-08
1.380138013801380126e+01,6.601716420049751832e+01,6.554958942289679558e-08
1.395139513951395216e+01,6.603185963363995370e+01,6.746057476930564472e-08
1.410141014101410128e+01,6.604026580859162721e+01,6.942729528357740765e-08
1.425142514251425041e+01,6.604056299292929566e+01,7.145138605762171215e-08
1.440144014401440131e+01,6.603230585726173274e+01,7.353452515610297135e-08
1.455145514551455221e+01,6.601642347522972898e+01,7.567843361644027788e-08
1.470147014701470134e+01,6.599521932350604914e+01,7.788487544880744356e-08
1.485148514851485047e+01,6.597237128179546062e+01,8.015565763613309205e-08
1.500150015001500137e+01,6.595293163283473348e+01,8.249263013410059267e-08
1.515151515151515227e+01,6.594332706239264041e+01,8.489768587114796776e-08
1.530153015301530139e+01,6.595116943188091341e+01,8.737276192350524317e-08
1.545154515451545052e+01,6.597295299104986555e+01,8.991991606769958496e-08
1.560156015601560142e+01,6.599774671875469778e+01,9.254131063233461359e-08
1.575157515751575232e+01,6.601882029499607540e+01,9.523914900081554173e-08
1.590159015901590145e+01,6.603157835969088296e+01,9.801568930227084659e-08
1.605160516051605057e+01,6.603356051267218163e+01,1.008732444115522435e-07
1.620162016201620148e+01,6.602444131368926605e+01,1.038141819492347388e-07
1.635163516351635238e+01,6.600603028240757908e+01,1.068409242816164578e-07
1.650165016501649973e+01,6.598227189840879703e+01,1.099559485207187507e-07
1.665166516651665063e+01,6.595924560119078706e+01,1.131617865242864042e-07
1.680168016801680153e+01,6.594516579016760716e+01,1.164610248957872182e-07
1.695169516951695243e+01,6.595026611861531762e+01,1.198563058859327295e-07
1.710171017101710333e+01,6.597158815112399566e+01,1.233504473394985440e-07
1.725172517251725068e+01,6.599636689566779069e+01,1.269464270904387578e-07
1.740174017401740159e+01,6.601776153454198948e+01,1.306472682443844748e-07
1.755175517551755249e+01,6.603106229596201615e+01,1.344560691700716512e-07
1.770177017701769984e+01,6.603369045406347482e+01,1.383760034993412538e-07
1.785178517851785074e+01,6.602519832890212115e+01,1.424103201271397104e-07
1.800180018001800164e+01,6.600726928645386238e+01,1.465623432115182478e-07
1.815181518151815254e+01,6.598371773861477152e+01,1.508354721736332626e-07
1.830183018301830344e+01,6.596048914320107315e+01,1.552331816977463211e-07
1.845184518451845079e+01,6.594566000394917182e+01,1.597590217312238943e-07
1.860186018601860169e+01,6.594941386539483119e+01,1.644166177362347077e-07
1.875187518751875260e+01,6.597135508685424554e+01,1.692098065853202563e-07
1.890189018901889995e+01,6.599844606704569117e+01,1.741426754868223516e-07
1.905190519051905085e+01,6.602280742243564760e+01,1.792193834259133895e-07
1.920192019201920175e+01,6.603886499634280938e+01,1.844441908660946906e-07
1.935193519351935265e+01,6.604334985893818555e+01,1.898214597491970290e-07
1.950195019501950355e+01,6.603529830724507121e+01,1.953556534953803149e-07
1.965196519651965090e+01,6.601605186513900492e+01,2.010513370031336477e-07
1.980198019801980180e+01,6.598925728334782548e+01,2.069131766492758188e-07
1.995199519951995271e+01,6.596086653945162936e+01,2.129459402889543849e-07
2.010201020102010006e+01,6.593913683788279911e+01,2.191544972556462244e-07
2.025202520252025096e+01,6.593463060992600333e+01,2.255438183611578810e-07
2.040204020402040186e+01,6.595490058813194878e+01,2.321190502706590930e-07
2.055205520552055276e+01,6.598581917441443068e+01,2.388858047791038326e-07
2.070207020702070366e+01,6.601649830019620424e+01,2.458498342705910025e-07
2.085208520852085101e+01,6.603940739276708882e+01,2.530170154403254155e-07
2.100210021002100191e+01,6.604974543958802258e+01,2.603933574298414993e-07
2.115211521152115282e+01,6.604544098829096299e+01,2.679850018270021839e-07
2.130213021302130016e+01,6.602715214667901478e+01,2.757982226659994314e-07
2.145214521452145107e+01,6.599826658272633040e+01,2.838394264273548711e-07
2.160216021602160197e+01,6.596490152457811007e+01,2.921151520379185294e-07
2.175217521752175287e+01,6.593590376055070124e+01,3.006320708708696231e-07
2.190219021902190377e+01,6.592284963913148488e+01,3.093969867457166662e-07
2.205220522052205112e+01,6.593809174156362474e+01,3.184168725738277614e-07
2.220222022202220202e+01,6.596912410649956371e+01,3.276993823079257894e-07
2.235223522352235292e+01,6.600167608735523572e+01,3.372524698437283428e-07
2.250225022502250027e+01,6.602747826240904772e+01,3.470842133788028663e-07
2.265226522652265118e+01,6.604113750098559876e+01,3.572028693872581434e-07
2.280228022802280208e+01,6.604013696345573692e+01,3.676168726197433963e-07
2.295229522952295298e+01,6.602483610123650237e+01,3.783348361034489743e-07
2.310231023102310388e+01,6.599847065679114166e+01,3.893655511421061946e-07
2.325232523252325123e+01,6.596715266362912189e+01,4.007179873159869193e-07
2.340234023402340213e+01,6.593987044630614491e+01,4.124012924819049844e-07
2.355235523552355303e+01,6.592848862042407632e+01,4.244247927732141883e-07
2.370237023702370038e+01,6.594440755054240810e+01,4.367980815908012662e-07
2.385238523852385129e+01,6.597212086466483072e+01,4.495317556480708797e-07
2.400240024002400219e+01,6.599969887533319479e+01,4.626366579661531116e-07
2.415241524152415309e+01,6.602053535360083458e+01,4.761238154310412757e-07
2.430243024302430399e+01,6.603050985450830979e+01,4.900045118983883686e-07
2.445244524452445134e+01,6.602798771708334868e+01,5.042902881935065929e-07
2.460246024602460224e+01,6.601382006434080552e+01,5.189929421113688931e-07
2.475247524752475314e+01,6.599134380328275995e+01,5.341245284166069431e-07
2.490249024902490049e+01,6.596638162489840340e+01,5.496973588435120997e-07
2.505250525052505139e+01,6.594724200416412430e+01,5.657240020960361435e-07
2.520252025202520230e+01,6.594471920004349386e+01,5.822172838477900085e-07
2.535253525352535320e+01,6.596317807787799836e+01,5.991906254675146452e-07
2.550255025502550410e+01,6.598719130632602514e+01,6.166585863497242042e-07
2.565256525652565145e+01,6.600932431122097910e+01,6.346358662557001980e-07
2.580258025802580235e+01,6.602453772462014570e+01,6.531375232343327222e-07
2.595259525952595325e+01,6.602987653327161865e+01,6.721789853537111105e-07
2.610261026102610060e+01,6.602447007861427153e+01,6.917760507011256287e-07
2.625262526252625150e+01,6.600953205677780034e+01,7.119448873830683216e-07
2.640264026402640241e+01,6.598836051858270935e+01,7.327020335252310016e-07
2.655265526552655331e+01,6.596633786954028267e+01,7.540643972725062015e-07
2.670267026702670421e+01,6.595093086985262687e+01,7.760492567889875977e-07
2.685268526852685156e+01,6.595169063441267099e+01,7.986742602579687402e-07
2.700270027002700246e+01,6.597075515656298705e+01,8.219579306444001056e-07
2.715271527152715336e+01,6.599542500848495763e+01,8.459201051271368967e-07
2.730273027302730071e+01,6.601825759007822114e+01,8.705809489630826040e-07
2.745274527452745161e+01,6.603393983406695611e+01,8.959611339608320531e-07
2.760276027602760252e+01,6.603926708308360105e+01,9.220818396023871833e-07
2.775277527752775342e+01,6.603314308966881185e+01,9.489647530431598012e-07
2.790279027902790432e+01,6.601658001627150441e+01,9.766320691119706273e-07
2.805280528052805167e+01,6.599269843524882617e+01,1.005106490311049296e-06
2.820282028202820257e+01,6.596672732886618462e+01,1.034411226816035839e-06
2.835283528352835347e+01,6.594600408929719038e+01,1.064569996475977825e-06
2.850285028502850082e+01,6.593997451862374248e+01,1.095607024813331841e-06
2.865286528652865172e+01,6.595695026867230126e+01,1.127547269460093952e-06
2.880288028802880262e+01,6.598596356742010016e+01,1.160417775226693479e-06
2.895289528952895353e+01,6.601602798083801815e+01,1.194246473817929379e-06
2.910291029102910443e+01,6.603950885890695588e+01,1.229061907880355863e-06
2.925292529252925178e+01,6.605136592298579501e+01,1.264893279633559709e-06
2.940294029402940268e+01,6.604915326581139823e+01,1.301770450870162804e-06
2.955295529552955358e+01,6.603301935149860924e+01,1.339723942955817694e-06
2.970297029702970093e+01,6.600570701554029540e+01,1.378784936829209495e-06
2.985298529852985183e+01,6.597255346480727667e+01,1.418985273002059701e-06
3.000300030003000273e+01,6.594149027754836823e+01,1.460357451559119619e-06
3.015301530153015364e+01,6.592304340339038049e+01,1.502934632158174396e-06
3.030303030303030454e+01,6.593023665596736294e+01,1.546750642499200829e-06
3.045304530453045189e+01,6.596011915086650390e+01,1.591841720827220090e-06
3.060306030603060279e+01,6.599539639826855364e+01,1.638246739620720433e-06
3.075307530753075369e+01,6.602614398420348607e+01,1.686005112292959207e-06
3.090309030903090104e+01,6.604549083255174935e+01,1.735157105215133095e-06
3.105310531053105194e+01,6.604961920504428008e+01,1.785743837716382771e-06
3.120312031203120284e+01,6.603776470126250331e+01,1.837807282083785062e-06
3.135313531353135375e+01,6.601221625863831832e+01,1.891390263562357613e-06
3.150315031503150465e+01,6.597831615245414127e+01,1.946536460355058459e-06
3.165316531653165200e+01,6.594445999584284834e+01,2.003290403622784329e-06
3.180318031803180290e+01,6.592209673978778994e+01,2.061697477484375101e-06
3.195319531953195380e+01,6.592572841787486482e+01,2.121803919048695589e-06
3.210321032103210115e+01,6.595339093945703723e+01,2.183659371684588600e-06
3.225322532253225205e+01,6.598508546246908679e+01,2.247317485839932553e-06
3.240324032403240295e+01,6.601226439593744999e+01,2.312832105176670748e-06
3.255325532553255385e+01,6.602914103871961515e+01,2.380258288268282642e-06
3.270327032703270476e+01,6.603268957950407980e+01,2.449652308599783424e-06
3.285328532853285566e+01,6.602264509681040749e+01,2.521071654567724018e-06
3.300330033003299945e+01,6.600150355898918519e+01,2.594575029480186846e-06
3.315331533153315036e+01,6.597452182422206590e+01,2.670222351556800651e-06
3.330333033303330126e+01,6.594971764052169760e+01,2.748074753928719322e-06
3.345334533453345216e+01,6.593786964573179432e+01,2.828194584638634600e-06
3.360336033603360306e+01,6.595021024934762011e+01,2.910645829505175788e-06
3.375337533753375396e+01,6.597387021737756641e+01,2.995498716203699940e-06
3.390339033903390487e+01,6.599772875234322100e+01,3.082825290841727972e-06
3.405340534053405577e+01,6.601603265449722358e+01,3.172698811076474955e-06
3.420342034203420667e+01,6.602515874229420945e+01,3.265194335063299599e-06
3.435343534353435047e+01,6.602361385239088065e+01,3.360388721455700869e-06
3.450345034503450137e+01,6.601203483964596330e+01,3.458360629405338311e-06
3.465346534653465227e+01,6.599318857712020758e+01,3.559190518561999865e-06
3.480348034803480317e+01,6.597197195607643039e+01,3.662960649073625583e-06
3.495349534953495407e+01,6.595541188597947269e+01,3.769755081586299158e-06
3.510351035103510497e+01,6.595266529449618531e+01,3.879659677244249196e-06
3.525352535253525588e+01,6.596855120410107531e+01,3.992763796553817755e-06
3.540354035403539967e+01,6.599065294620166355e+01,4.109163764635925899e-06
3.555355535553555058e+01,6.601175393454106199e+01,4.228957407006508444e-06
3.570357035703570148e+01,6.602686078852605078e+01,4.352245002421392962e-06
3.585358535853585238e+01,6.603289617904309239e+01,4.479129365022057300e-06
3.600360036003600328e+01,6.602869882845836003e+01,4.609715844335626190e-06
3.615361536153615418e+01,6.601502351061775187e+01,4.744112325274872943e-06
3.630363036303630508e+01,6.599454105084690525e+01,4.882429228138216061e-06
3.645364536453645599e+01,6.597183832595115405e+01,5.024779508609721779e-06
3.660366036603660689e+01,6.595341826421554288e+01,5.171278657759104065e-06
3.675367536753675068e+01,6.594769984540486973e+01,5.322044702041713606e-06
3.690369036903690159e+01,6.596240435412811109e+01,5.477199125266794149e-06
3.705370537053705249e+01,6.598851844146524570e+01,5.636872763505195610e-06
3.720372037203720339e+01,6.601603175248558841e+01,5.801200854892584223e-06
3.735373537353735429e+01,6.603788067570633302e+01,5.970321755354897138e-06
3.750375037503750519e+01,6.604933241217868556e+01,6.144377153135905181e-06
3.765376537653765610e+01,6.604798497548792113e+01,6.323512068797217927e-06
3.780378037803779989e+01,6.603376719175335552e+01,6.507874855218267615e-06
3.795379537953795079e+01,6.600893869962834515e+01,6.697617197596348953e-06
3.810381038103810170e+01,6.597808995030031554e+01,6.892894113446566603e-06
3.825382538253825260e+01,6.594814220749071865e+01,7.093863952601867372e-06
3.840384038403840350e+01,6.592834754745508974e+01,7.300688397213034276e-06
3.855385538553855440e+01,6.593028885898299052e+01,7.513532461748682312e-06
3.870387038703870530e+01,6.595752241592256837e+01,7.732569180360298903e-06
3.885388538853885620e+01,6.599364571601333296e+01,7.957986694633865344e-06
3.900390039003900711e+01,6.602749035511789089e+01,8.189977052502214007e-06
3.915391539153915090e+01,6.605104985010400753e+01,8.428736428871163097e-06
3.930393039303930180e+01,6.605943315690589657e+01,8.674465144309010642e-06
3.945394539453945271e+01,6.605086467052426258e+01,8.927367665046476890e-06
3.960396039603960361e+01,6.602668422502624423e+01,9.187652602976734809e-06
3.975397539753975451e+01,6.599134709354547113e+01,9.455532715655418552e-06
3.990399039903990541e+01,6.595242398828200692e+01,9.731224906300599742e-06
4.005400540054005631e+01,6.592060106050239199e+01,1.001495022379281458e-05
4.020402040204020011e+01,6.590967990053965764e+01,1.030693386267502148e-05
4.035403540354035101e+01,6.593168394034792357e+01,1.060740817502269369e-05
4.050405040504050191e+01,6.596701717873968107e+01,1.091663258460898476e-05
4.065406540654065282e+01,6.600167798376398309e+01,1.123487222053312192e-05
4.080408040804080372e+01,6.602741641711780574e+01,1.156239637330390008e-05
4.095409540954095462e+01,6.603915079033953361e+01,1.189947996654172301e-05
4.110411041104110552e+01,6.603496766480891722e+01,1.224640355697859151e-05
4.125412541254125642e+01,6.601612185174711556e+01,1.260345333445811187e-05
4.140414041404140733e+01,6.598703641221669614e+01,1.297092112193549415e-05
4.155415541554155112e+01,6.595530265712160656e+01,1.334910437547753188e-05
4.170417041704170202e+01,6.593168014720720294e+01,1.373830618426267658e-05
4.185418541854185293e+01,6.593009669306024989e+01,1.413883527058093277e-05
4.200420042004200383e+01,6.595309548238206787e+01,1.455101896939966126e-05
4.215421542154215473e+01,6.598004092822685607e+01,1.497521531384790387e-05
4.230423042304230563e+01,6.600347564274591150e+01,1.541178167820569285e-05
4.245424542454245653e+01,6.601849706632182802e+01,1.586108384684050456e-05
4.260426042604260033e+01,6.602253061036076076e+01,1.632349621235256888e-05
4.275427542754275123e+01,6.601532965729244040e+01,1.679940177557494375e-05
4.290429042904290213e+01,6.599897556057014469e+01,1.728919214557339830e-05
4.305430543054305303e+01,6.597787764467071270e+01,1.779326753964647720e-05
4.320432043204320394e+01,6.595877320509455899e+01,1.831203678332550745e-05
4.335433543354335484e+01,6.595072750836564524e+01,1.884591731037457127e-05
4.350435043504350574e+01,6.596225849042905054e+01,1.939533885323917908e-05
4.365436543654365664e+01,6.598221331529212819e+01,1.996076800981298462e-05
4.380438043804380754e+01,6.600224225373102627e+01,2.054268112894207428e-05
4.395439543954395134e+01,6.601747305814210165e+01,2.114156489440647933e-05
4.410441044104410224e+01,6.602481761353332956e+01,2.175791856025516705e-05
4.425442544254425314e+01,6.602297193752431781e+01,2.239225395080585097e-05
4.440444044404440405e+01,6.601241618034632097e+01,2.304509546064511963e-05
4.455445544554455495e+01,6.599541462484225463e+01,2.371698005462841624e-05
4.470447044704470585e+01,6.597601568646662429e+01,2.440845726788000482e-05
4.485448544854485675e+01,6.596005191328559647e+01,2.512008920579301085e-05
4.500450045004500055e+01,6.595513998597698446e+01,2.585245054402936365e-05
4.515451545154515145e+01,6.596803144627637039e+01,2.660613337246773883e-05
4.530453045304530235e+01,6.599046422369450227e+01,2.738177280946360663e-05
4.545454545454545325e+01,6.601395382273004486e+01,2.818002260315156333e-05
4.560456045604560416e+01,6.603250787745852790e+01,2.900155245123971865e-05
4.575457545754575506e+01,6.604211701064187423e+01,2.984704900461490458e-05
4.590459045904590596e+01,6.604075483372838562e+01,3.071721586734267530e-05
4.605460546054605686e+01,6.602837794685275696e+01,3.161277359666731066e-05
4.620462046204620776e+01,6.600692593883610471e+01,3.253445970301181272e-05
4.635463546354635156e+01,6.598032138718588158e+01,3.348302864997784820e-05
4.650465046504650246e+01,6.595446985809597606e+01,3.445925185434594836e-05
4.665466546654665336e+01,6.593725990644665558e+01,3.546391768607523115e-05
4.680468046804680426e+01,6.593856307580455223e+01,3.649783146830358423e-05
4.695469546954695517e+01,6.596311223480653041e+01,3.756183139631383592e-05
4.710471047104710607e+01,6.599778287043255887e+01,3.865682396937766976e-05
4.725472547254725697e+01,6.603142673244785499e+01,3.978374145865538685e-05
4.740474047404740077e+01,6.605588106890732547e+01,4.094353685002261143e-05
4.755475547554755167e+01,6.606592856719136364e+01,4.213718391952911538e-05
4.770477047704770257e+01,6.605929735400576419e+01,4.336567723339853367e-05
4.785478547854785347e+01,6.603666099538180845e+01,4.463003214802854053e-05
4.800480048004800437e+01,6.600163849667619331e+01,4.593128480999080876e-05
4.815481548154815528e+01,6.596079430257110232e+01,4.727049215603103689e-05
4.830483048304830618e+01,6.592363829707413458e+01,4.864873191306890170e-05
4.845484548454845708e+01,6.590262580351837585e+01,5.006710259819809213e-05
4.860486048604860798e+01,6.591296225133811504e+01,5.152672406117993090e-05
4.875487548754875178e+01,6.594922999134581687e+01,5.302880870826151826e-05
4.890489048904890268e+01,6.599084831520576699e+01,5.457466254980647093e-05
4.905490549054905358e+01,6.602636809732064194e+01,5.616560555838001265e-05
4.920492049204920448e+01,6.604798706114796403e+01,5.780298347262399024e-05
4.935493549354935539e+01,6.605154977920010140e+01,5.948816779725681943e-05
4.950495049504950629e+01,6.603654767304433904e+01,6.122255580307350517e-05
4.965496549654965719e+01,6.600611901330273668e+01,6.300757052694560775e-05
4.980498049804980099e+01,6.596704891965229933e+01,6.484466077182120215e-05
4.995499549954995189e+01,6.592976936082480677e+01,6.673530110672516941e-05
5.010501050105010279e+01,6.590835915460694139e+01,6.868099186675870197e-05
5.025502550255025369e+01,6.591966601748457322e+01,7.068326285098937452e-05
5.040504050405040459e+01,6.595035025641928428e+01,7.274381692181127585e-05
5.055505550555055549e+01,6.598161565598547895e+01,7.486443805275415212e-05
5.070507050705070640e+01,6.600607627082951012e+01,7.704691518205047072e-05
5.085508550855085730e+01,6.601911242086546849e+01,7.929307713113336361e-05
5.100510051005100820e+01,6.601887069127511154e+01,8.160479260463669509e-05
5.115511551155115200e+01,6.600626393250797719e+01,8.398397019039485854e-05
5.130513051305130290e+01,6.598497126028131277e+01,8.643255835944327781e-05
5.145514551455145380e+01,6.596143805558004658e+01,8.895254546601774322e-05
5.160516051605160470e+01,6.594487596465687318e+01,9.154595974755481806e-05
5.175517551755175560e+01,6.594723451302634487e+01,9.421486950048035380e-05
5.190519051905190651e+01,6.596576714291643384e+01,9.696149093009506065e-05
5.205520552055205741e+01,6.598621306789587493e+01,9.978817356832926557e-05
5.220522052205220120e+01,6.600329260791374963e+01,1.026972825885005288e-04
5.235523552355235211e+01,6.601350145015514670e+01,1.056912446930140758e-04
5.250525052505250301e+01,6.601511064904107684e+01,1.087725481133620790e-04
5.265526552655265391e+01,6.600816662622848696e+01,1.119437426101240645e-04
5.280528052805280481e+01,6.599449117061030279e+01,1.152074394729668712e-04
5.295529552955295571e+01,6.597768143831541465e+01,1.185663115206446645e-04
5.310531053105310662e+01,6.596310995270863486e+01,1.220230931009988007e-04
5.325532553255325752e+01,6.595792460439074034e+01,1.255805800909580168e-04
5.340534053405340842e+01,6.596849299064460581e+01,1.292416536247219651e-04
5.355535553555355222e+01,6.598687610292437000e+01,1.330093996409557043e-04
5.370537053705370312e+01,6.600593919608806459e+01,1.368869798304841003e-04
5.385538553855385402e+01,6.602083828174890812e+01,1.408776350308107864e-04
5.400540054005400492e+01,6.602836689611608278e+01,1.449846919870625603e-04
5.415541554155415582e+01,6.602695609999473447e+01,1.492115633519890865e-04
5.430543054305430672e+01,6.601667447878595851e+01,1.535617476859629500e-04
5.445544554455445763e+01,6.599922814248684233e+01,1.580388294569796839e-04
5.460546054605460142e+01,6.597796072569042281e+01,1.626464790406574709e-04
5.475547554755475232e+01,6.595785338758571470e+01,1.673884527202381192e-04
5.490549054905490323e+01,6.594552481195768223e+01,1.722685926865856801e-04
5.505550555055505413e+01,6.594922398765260141e+01,1.772908271204330221e-04
5.520552055205520503e+01,6.597169732565457423e+01,1.824592550330706667e-04
5.535553555355535593e+01,6.600232119388304852e+01,1.877782563153715053e-04
5.550555055505550683e+01,6.603159360861420168e+01,1.932523348059531564e-04
5.565556555655565774e+01,6.605251386603019625e+01,1.988861020466465570e-04
5.580558055805580864e+01,6.606058254221925097e+01,2.046842772824958268e-04
5.595559555955595243e+01,6.605380149317561234e+01,2.106516874617581330e-04
5.610561056105610334e+01,6.603267385479951201e+01,2.167932672359046929e-04
5.625562556255625424e+01,6.600020404289723785e+01,2.231140589596192019e-04
5.640564056405640514e+01,6.596189775318109128e+01,2.296192126907988093e-04
5.655565556555655604e+01,6.592576196126937305e+01,2.363139861905540098e-04
5.670567056705670694e+01,6.590230492268642593e+01,2.432037449232085625e-04
5.685568556855685785e+01,6.590453617286263466e+01,2.502939620562993819e-04
5.700570057005700164e+01,6.593301436258492743e+01,2.575904515857035970e-04
5.715571557155715254e+01,6.596532548246283056e+01,2.650995772441900873e-04
5.730573057305730345e+01,6.599286957686628341e+01,2.728276918389481182e-04
5.745574557455745435e+01,6.601005167135271279e+01,2.807812868567680152e-04
5.760576057605760525e+01,6.601408125156251572e+01,2.889669954584946445e-04
5.775577557755775615e+01,6.600497226321913047e+01,2.973915924790276845e-04
5.790579057905790705e+01,6.598554311212892287e+01,3.060619944273215167e-04
5.805580558055805795e+01,6.596141666418130001e+01,3.149852594863850638e-04
5.820582058205820886e+01,6.594102024534861073e+01,3.241685875132820603e-04
5.835583558355835265e+01,6.593558564168623093e+01,3.336193200391305647e-04
5.850585058505850355e+01,6.595088009839119536e+01,3.433451231660138462e-04
5.865586558655865446e+01,6.596998964415254818e+01,3.533543765523651406e-04
5.880588058805880536e+01,6.598686947994490026e+01,3.636554653850650664e-04
5.895589558955895626e+01,6.599798500694690517e+01,3.742569780018762098e-04
5.910591059105910716e+01,6.600145284447629024e+01,3.851677250273814550e-04
5.925592559255925806e+01,6.599704082998994181e+01,3.963967393729842014e-04
5.940594059405940186e+01,6.598616801908384844e+01,4.079532762369076043e-04
5.955595559555955276e+01,6.597190468549315767e+01,4.198468131041969064e-04
5.970597059705970366e+01,6.595897232109209085e+01,4.320870497467161307e-04
5.985598559855985457e+01,6.595374363589402833e+01,4.446839082231501946e-04
6.000600060006000547e+01,6.596214799896581837e+01,4.576476060340809284e-04
6.015601560156015637e+01,6.597750038167806963e+01,4.709890437814219554e-04
6.030603060306030727e+01,6.599357413062502076e+01,4.847193812256239231e-04
6.045604560456045817e+01,6.600618101351528821e+01,4.988500653713168762e-04
6.060606060606060908e+01,6.601252993451875284e+01,5.133928568255494151e-04
6.075607560756075287e+01,6.601122693426644616e+01,5.283598297977873956e-04
6.090609060906090377e+01,6.600227518985066411e+01,5.437633720999170183e-04
6.105610561056105468e+01,6.598707501482492432e+01,5.596161851462409798e-04
6.120612061206120558e+01,6.596842385920393781e+01,5.759312839534805328e-04
6.135613561356135648e+01,6.595051630946365151e+01,5.927219971407753779e-04
6.150615061506150738e+01,6.593894408854121991e+01,6.100019669296834462e-04
6.165616561656165828e+01,6.594069605583504767e+01,6.277851491441808996e-04
6.180618061806180208e+01,6.596030958897055996e+01,6.460859916589113639e-04
6.195619561956195298e+01,6.598942998963535445e+01,6.649199093111594992e-04
6.210621062106210388e+01,6.601853250299232911e+01,6.843028361721828403e-04
6.225622562256225478e+01,6.604044670486760538e+01,7.042510978728594787e-04
6.240624062406240569e+01,6.605035648719487540e+01,7.247814116050699858e-04
6.255625562556255659e+01,6.604580005801550158e+01,7.459108861216968717e-04
6.270627062706270749e+01,6.602666994147840285e+01,7.676570217366252349e-04
6.285628562856285839e+01,6.599521297784013996e+01,7.900377103247420039e-04
6.300630063006300929e+01,6.595603032346491545e+01,8.130712353219365874e-04
6.315631563156315309e+01,6.591607745082447423e+01,8.367762717250994652e-04
6.330633063306330399e+01,6.588466414849824559e+01,8.611718860921265244e-04
6.345634563456345489e+01,6.587345452117322964e+01,8.862775365419128804e-04
6.360636063606360580e+01,6.589345728073907082e+01,9.121132391393316956e-04
6.375637563756375670e+01,6.592550774270361558e+01,9.387012929382899549e-04
6.390639063906390760e+01,6.595573183856967603e+01,9.660644640373109489e-04
6.405640564056405140e+01,6.597745877097435141e+01,9.942257927778865804e-04
6.420642064206420230e+01,6.598683876752009780e+01,1.023208823978786954e-03
6.435643564356435320e+01,6.598284308077472815e+01,1.053037606936053005e-03
6.450645064506450410e+01,6.596726398827145488e+01,1.083736695423002244e-03
6.465646564656465500e+01,6.594471479250880463e+01,1.115331147690225722e-03
6.480648064806480591e+01,6.592262982095068935e+01,1.147846526465589982e-03
6.495649564956495681e+01,6.591126442602642044e+01,1.181308898954235975e-03
6.510651065106510771e+01,6.592076650176775843e+01,1.215745070463183529e-03
6.525652565256525861e+01,6.593726855625249073e+01,1.251184492894293759e-03
6.540654065406540951e+01,6.595256470210605926e+01,1.287656995818858450e-03
6.555655565556556041e+01,6.596321201733732664e+01,1.325192949167864741e-03
6.570657065706571132e+01,6.596725121262004166e+01,1.363823529620867463e-03
6.585658565856586222e+01,6.596420663129298134e+01,1.403580720605990002e-03
6.600660066006599891e+01,6.595508624935978048e+01,1.444497312299919097e-03
6.615661566156614981e+01,6.594238167548904528e+01,1.486606901627921754e-03
6.630663066306630071e+01,6.593006815101431073e+01,1.529943892263820960e-03
6.645664566456645161e+01,6.592360454993406904e+01,1.574543494630011291e-03
6.660666066606660252e+01,6.592875114951810644e+01,1.620441886237659456e-03
6.675667566756675342e+01,6.594089679884109501e+01,1.667677473701853789e-03
6.690669066906690432e+01,6.595424199250686570e+01,1.716289687035916622e-03
6.705670567056705522e+01,6.596490348279752425e+01,1.766318970566022745e-03
6.720672067206720612e+01,6.597022457721516275e+01,1.817806905469372377e-03
6.735673567356735703e+01,6.596877513848184549e+01,1.870796209774192248e-03
6.750675067506750793e+01,6.596035158453960889e+01,1.925330738359734735e-03
6.765676567656765883e+01,6.594597688855046158e+01,1.981455482956278290e-03
6.780678067806780973e+01,6.592790057889641275e+01,2.039216572145127228e-03
6.795679567956796063e+01,6.590959873917944378e+01,2.098661271358611725e-03
6.810681068106811153e+01,6.589577400822149400e+01,2.159837982880088471e-03
6.825682568256826244e+01,6.589235558006453175e+01,2.222796245843938496e-03
6.840684068406841334e+01,6.590592152253135794e+01,2.287586865375497262e-03
6.855685568556855003e+01,6.593288852421100898e+01,2.354263682607792008e-03
6.870687068706870093e+01,6.596288597926378827e+01,2.422883164280434983e-03
6.885688568856885183e+01,6.598772483845311854e+01,2.493503196237615346e-03
6.900690069006900274e+01,6.600157006713911301e+01,2.566183062544529110e-03
6.915691569156915364e+01,6.600094064527854698e+01,2.640983445487369609e-03
6.930693069306930454e+01,6.598470956742484361e+01,2.717966425573332262e-03
6.945694569456945544e+01,6.595410384272810234e+01,2.797195481530610674e-03
6.960696069606960634e+01,6.591270449493507044e+01,2.878735490308397937e-03
6.975697569756975724e+01,6.586644656238917150e+01,2.962652727076887059e-03
6.990699069906990815e+01,6.582361909803050537e+01,3.049014865227270971e-03
7.005700570057005905e+01,6.579486516939579133e+01,3.137890976371742087e-03
7.020702070207020995e+01,6.579318185861845336e+01,3.229351530343491442e-03
7.035703570357036085e+01,6.582144533738208736e+01,3.323470918300411650e-03
7.050705070507051175e+01,6.585349838374416720e+01,3.420331861998977385e-03
7.065706570657066266e+01,6.588007133615471389e+01,3.520016382745660196e-03
7.080708070807079935e+01,6.589570887385202980e+01,3.622608100807331484e-03
7.095709570957095025e+01,6.589786846164837186e+01,3.728192409706088031e-03
7.110711071107110115e+01,6.588692034992993740e+01,3.836856476219192586e-03
7.125712571257125205e+01,6.586614757465687831e+01,3.948689240379112467e-03
7.140714071407140295e+01,6.584174595736330105e+01,4.063781415473508712e-03
7.155715571557155386e+01,6.582282410515725246e+01,4.182225488045240858e-03
7.170717071707170476e+01,6.582134833071360447e+01,4.304115733862475847e-03
7.185718571857185566e+01,6.583305158853795547e+01,4.429553711632021676e-03
7.200720072007200656e+01,6.584462180738489678e+01,4.558646316866498717e-03
7.215721572157215746e+01,6.585271759422876414e+01,4.691500774804930642e-03
7.230723072307230836e+01,6.585530102107790640e+01,4.828227235640707507e-03
7.245724572457245927e+01,6.585163762497461448e+01,4.968938774521590093e-03
7.260726072607261017e+01,6.584229640799520666e+01,5.113751391549707301e-03
7.275727572757276107e+01,6.582914983724994329e+01,5.262784011781555284e-03
7.290729072907291197e+01,6.581537384488309783e+01,5.416158485228002653e-03
7.305730573057306287e+01,6.580544782807291426e+01,5.573999586854283539e-03
7.320732073207321378e+01,6.580465528455999902e+01,5.736435293268413692e-03
7.335733573357335047e+01,6.581057555895937128e+01,5.903600669204815861e-03
7.350735073507350137e+01,6.581803261790406623e+01,6.075634769288572844e-03
7.365736573657365227e+01,6.582356813882664426e+01,6.252680165649299876e-03
7.380738073807380317e+01,6.582474958329882497e+01,6.434883547876573719e-03
7.395739573957395407e+01,6.582017019703155825e+01,6.622395723019917912e-03
7.410741074107410498e+01,6.580944900987493895e+01,6.815371615588802778e-03
7.425742574257425588e+01,6.579323083581827802e+01,7.013970267552642815e-03
7.440744074407440678e+01,6.577318627299004561e+01,7.218354838340800168e-03
7.455745574557455768e+01,6.575201170365788528e+01,7.428692604842583765e-03
7.470747074707470858e+01,6.573342929422865666e+01,7.645154961407247575e-03
7.485748574857485949e+01,6.572218699524837859e+01,7.867917419843994953e-03
7.500750075007501039e+01,6.572345988552879703e+01,8.097160072164006489e-03
7.515751575157516129e+01,6.573419225701815094e+01,8.333073208211328256e-03
7.530753075307531219e+01,6.574713920507352327e+01,8.575854247783785619e-03
7.545754575457546309e+01,6.575683949676262330e+01,8.825705647854615102e-03
7.560756075607559978e+01,6.575946149269084628e+01,9.082835227876829426e-03
7.575757575757575069e+01,6.575280314700128770e+01,9.347456169783316393e-03
7.590759075907590159e+01,6.573629200737475742e+01,9.619787017986693167e-03
7.605760576057605249e+01,6.571098521502977974e+01,9.900051679379405153e-03
7.620762076207620339e+01,6.567956950472260758e+01,1.018847942333369477e-02
7.635763576357635429e+01,6.564636120474716563e+01,1.048530488170160493e-02
7.650765076507650519e+01,6.561730623693512143e+01,1.079076804881498597e-02
7.665766576657665610e+01,6.559998011665581430e+01,1.110511428148548176e-02
7.680768076807680700e+01,6.560288312952289402e+01,1.142859476648145495e-02
7.695769576957695790e+01,6.562214064334641250e+01,1.176147667524693463e-02
7.710771077107710880e+01,6.564568442475720644e+01,1.210404244024410221e-02
7.725772577257725970e+01,6.566424588112185745e+01,1.245658108846070533e-02
7.740774077407741061e+01,6.567128420965076430e+01,1.281938809663542810e-02
7.755775577557756151e+01,6.566298639739819976e+01,1.319276539125788933e-02
7.770777077707771241e+01,6.563826722126219693e+01,1.357702134856864258e-02
7.785778577857786331e+01,6.559876924798467712e+01,1.397247079455917265e-02
7.800780078007801421e+01,6.554886283415137882e+01,1.437943500497190254e-02
7.815781578157815090e+01,6.549564612619187187e+01,1.479824170530014485e-02
7.830783078307830181e+01,6.544894506037951487e+01,1.522922507078827356e-02
7.845784578457845271e+01,6.542131336283155463e+01,1.567272572643147246e-02
7.860786078607860361e+01,6.542637702597831151e+01,1.612909217188964600e-02
7.875787578757875451e+01,6.545197639019289682e+01,1.659870728105820870e-02
7.890789078907890541e+01,6.548032981890659698e+01,1.708197536471596500e-02
7.905790579057905632e+01,6.550028651916311162e+01,1.757930645909742962e-02
7.920792079207920722e+01,6.550438979831005781e+01,1.809111815405289869e-02
7.935793579357935812e+01,6.548887706399901276e+01,1.861783559304843599e-02
7.950795079507950902e+01,6.545367982418549957e+01,1.915989147316588329e-02
7.965796579657965992e+01,6.540242368712894461e+01,1.971772604510286034e-02
7.980798079807981082e+01,6.534242836139276278e+01,2.029178711317275452e-02
7.995799579957996173e+01,6.528470765584431490e+01,2.088253003530473467e-02
8.010801080108011263e+01,6.524396947965485083e+01,2.149041772304374071e-02
8.025802580258026353e+01,6.523766733633624426e+01,2.211592189855136198e-02
8.040804080408040022e+01,6.525101126493220249e+01,2.275957146555517702e-02
8.055805580558055112e+01,6.526419946629732749e+01,2.342192094326270291e-02
8.070807080708070202e+01,6.526965897413907669e+01,2.410352472460619913e-02
8.085808580858085293e+01,6.526264533405122847e+01,2.480494884044581391e-02
8.100810081008100383e+01,6.524124260351393900e+01,2.552677095956951484e-02
8.115811581158115473e+01,6.520636335189371380e+01,2.626958038869309925e-02
8.130813081308130563e+01,6.516174866044342195e+01,2.703397807246019080e-02
8.145814581458145653e+01,6.511396812230226772e+01,2.782057659344223596e-02
8.160816081608160744e+01,6.507241984249581890e+01,2.863000017213850751e-02
8.175817581758175834e+01,6.504932107378780870e+01,2.946288468542344191e-02
8.190819081908190924e+01,6.504190929584611069e+01,3.031991295944497927e-02
8.205820582058206014e+01,6.503522681520733784e+01,3.120181145139229451e-02
8.220822082208221104e+01,6.502449065892696467e+01,3.210930810078581332e-02
8.235823582358236195e+01,6.500653893295647379e+01,3.304314932660815801e-02
8.250825082508251285e+01,6.497983082214334161e+01,3.400410002730412662e-02
8.265826582658266375e+01,6.494444659023109523e+01,3.499294358078070682e-02
8.280828082808281465e+01,6.490208757985924137e+01,3.601048184440707595e-02
8.295829582958295134e+01,6.485607621256332322e+01,3.705753515501446910e-02
8.310831083108310224e+01,6.481135598877487780e+01,3.813494232889664409e-02
8.325832583258325315e+01,6.477449148782146437e+01,3.924356066180922226e-02
8.340834083408340405e+01,6.475054336644285513e+01,4.038427529670185478e-02
8.355835583558355495e+01,6.473144835333312130e+01,4.155803273953597582e-02
8.370837083708370585e+01,6.471158380338891902e+01,4.276579786722873450e-02
8.385838583858385675e+01,6.468713136774073291e+01,4.400855987668085556e-02
8.400840084008400765e+01,6.465556617719485644e+01,4.528733393306173111e-02
8.415841584158415856e+01,6.461565684223334927e+01,4.660316116980944140e-02
8.430843084308430946e+01,6.456746545301405149e+01,4.795710868863076182e-02
8.445844584458446036e+01,6.451234757937056941e+01,4.935026955950112815e-02
8.460846084608461126e+01,6.445295227081230394e+01,5.078376282066468517e-02
8.475847584758476216e+01,6.439322205652442221e+01,5.225873347863424501e-02
8.490849084908491307e+01,6.433839294536790021e+01,5.377635250819131491e-02
8.505850585058506397e+01,6.429499407050248294e+01,5.533781685360483066e-02
8.520852085208520066e+01,6.426573331236805586e+01,5.694436932423022069e-02
8.535853585358535156e+01,6.424247286844143900e+01,5.859733238328266453e-02
8.550855085508550246e+01,6.421767176484885908e+01,6.029806692938206869e-02
8.565856585658565336e+01,6.418563282435820838e+01,6.204796648283295024e-02
8.580858085808580427e+01,6.414250266637914422e+01,6.384845718562426331e-02
8.595859585958595517e+01,6.408627170696303210e+01,6.570099780142944768e-02
8.610861086108610607e+01,6.401677415880298838e+01,6.760707971560636631e-02
8.625862586258625697e+01,6.393568803123381628e+01,6.956822693519734702e-02
8.640864086408640787e+01,6.384653513023206983e+01,7.158599608892918242e-02
8.655865586558655878e+01,6.375468105841603261e+01,7.366197642721312999e-02
8.670867086708670968e+01,6.366733521504569637e+01,7.579778982214485650e-02
8.685868586858686058e+01,6.359355079602278948e+01,7.799509076750454906e-02
8.700870087008701148e+01,6.354298208175129759e+01,8.025557277354694596e-02
8.715871587158716238e+01,6.350363031329564478e+01,8.258109180771355806e-02
8.730873087308731328e+01,6.346303856753601025e+01,8.497357235541462550e-02
8.745874587458746419e+01,6.341505544671547057e+01,8.743496040425695337e-02
8.760876087608761509e+01,6.335567495766422752e+01,8.996724279379872402e-02
8.775877587758775178e+01,6.328303651179963651e+01,9.257244721554921951e-02
8.790879087908790268e+01,6.319742492512618526e+01,9.525264221296982081e-02
8.805880588058805358e+01,6.310127041823551508e+01,9.800993718147256450e-02
8.820882088208820448e+01,6.299914861630641383e+01,1.008464823684210587e-01
8.835883588358835539e+01,6.289778054910479455e+01,1.037644688731303028e-01
8.850885088508850629e+01,6.280603265098373811e+01,1.067661286468666593e-01
8.865886588658865719e+01,6.273137744883531042e+01,1.098537623283724202e-01
8.880888088808880809e+01,6.266021573289287261e+01,1.130298997443581477e-01
8.895889588958895899e+01,6.258592235850782259e+01,1.162970893366217229e-01
8.910891089108910990e+01,6.250529202758429648e+01,1.196579242627401202e-01
8.925892589258926080e+01,6.241633161366821270e+01,1.231150594555274341e-01
8.940894089408941170e+01,6.231826016194723650e+01,1.266712116230349627e-01
8.955895589558956260e+01,6.221150888925083677e+01,1.303291592485511241e-01
8.970897089708971350e+01,6.209772118405023633e+01,1.340917425906015259e-01
8.985898589858986441e+01,6.197975260645844031e+01,1.379618636829488820e-01
9.000900090009000110e+01,6.186167088823023619e+01,1.419424863345927212e-01
9.015901590159015200e+01,6.174875593276213692e+01,1.460366361297708582e-01
9.030903090309030290e+01,6.164386159157618295e+01,1.502474449633325604e-01
9.045904590459045380e+01,6.153946052333203909e+01,1.545782489514979097e-01
9.060906090609060470e+01,6.143211926392620370e+01,1.590324227808491142e-01
9.075907590759075561e+01,6.131948181580469281e+01,1.636134229981174859e-01
9.090909090909090651e+01,6.119993218682467528e+01,1.683247922368736882e-01
9.105910591059105741e+01,6.107259439025445147e+01,1.731701592175277915e-01
9.120912091209120831e+01,6.093733244477346744e+01,1.781532387473292456e-01
9.135913591359135921e+01,6.079475037447228658e+01,1.832778317203668239e-01
9.150915091509151011e+01,6.064619220885264639e+01,1.885478251175686792e-01
9.165916591659166102e+01,6.049374198282739457e+01,1.939671920067023714e-01
9.180918091809181192e+01,6.034022373672053163e+01,1.995399915423748116e-01
9.195919591959196282e+01,6.018920151626718962e+01,2.052703689660322905e-01
9.210921092109211372e+01,6.004434203838615502e+01,2.111625668654573962e-01
9.225922592259226462e+01,5.990192681855426571e+01,2.172210645150743080e-01
9.240924092409241553e+01,5.975777180081758644e+01,2.234504730040888232e-01
9.255925592559255222e+01,5.960917175186049377e+01,2.298555004581810945e-01
9.270927092709270312e+01,5.945404627744056825e+01,2.364409665484303869e-01
9.285928592859285402e+01,5.929093982238867966e+01,2.432118024913113297e-01
9.300930093009300492e+01,5.911902167060893731e+01,2.501730510486963044e-01
9.315931593159315582e+01,5.893808594507866871e+01,2.573298665278550557e-01
9.330933093309330673e+01,5.874855160784847641e+01,2.646875147814543583e-01
9.345934593459345763e+01,5.855146246004218114e+01,2.722513732075583226e-01
9.360936093609360853e+01,5.834848714185686447e+01,2.800269307496282556e-01
9.375937593759375943e+01,5.814191913256283328e+01,2.880197878965226055e-01
9.390939093909391033e+01,5.793467675050366950e+01,2.962356566824971282e-01
9.405940594059406124e+01,5.773030315309615901e+01,3.046803606872047210e-01
9.420942094209421214e+01,5.753272583608649882e+01,3.133598399960759728e-01
9.435943594359436304e+01,5.733814800522612387e+01,3.222803561219898527e-01
9.450945094509451394e+01,5.714142760886249306e+01,3.314484293954068073e-01
9.465946594659466484e+01,5.694000093205303159e+01,3.408706861785790743e-01
9.480948094809480153e+01,5.673183341946405989e+01,3.505538870046127631e-01
9.495949594959495244e+01,5.651541967537074385e+01,3.605049265774711853e-01
9.510951095109510334e+01,5.628978346365720853e+01,3.707308337719695257e-01
9.525952595259525424e+01,5.605447770781644579e+01,3.812387716337783949e-01
9.540954095409540514e+01,5.580958449095035689e+01,3.920360373794231079e-01
9.555955595559555604e+01,5.555571505576973834e+01,4.031300623962834617e-01
9.570957095709570694e+01,5.529400980459426762e+01,4.145284122425939022e-01
9.585958595859585785e+01,5.502613829935254586e+01,4.262387866474433573e-01
9.600960096009600875e+01,5.475429926158204097e+01,4.382690195107753484e-01
9.615961596159615965e+01,5.448122057242914451e+01,4.506270789033881563e-01
9.630963096309631055e+01,5.421015927264912904e+01,4.633210670669343223e-01
9.645964596459646145e+01,5.394490153559468126e+01,4.763592204154796783e-01
9.660966096609661236e+01,5.368013873714887296e+01,4.897504643933556223e-01
9.675967596759676326e+01,5.340828363295114656e+01,5.035040237581671629e-01
9.690969096909691416e+01,5.312995131902916768e+01,5.176288277651563963e-01
9.705970597059706506e+01,5.284568088342459191e+01,5.321339895047020319e-01
9.720972097209721596e+01,5.255593540619307902e+01,5.470288059023202809e-01
9.735973597359735265e+01,5.226110195940430714e+01,5.623227577186629134e-01
9.750975097509750356e+01,5.196149160714184490e+01,5.780255095495228090e-01
9.765976597659765446e+01,5.165733940550337167e+01,5.941469098258260750e-01
9.780978097809780536e+01,5.134880440260049994e+01,6.106969908136368197e-01
9.795979597959795626e+01,5.103596963855885349e+01,6.276859686141567085e-01
9.810981098109810716e+01,5.071884214551803893e+01,6.451242431637241870e-01
9.825982598259825807e+01,5.039735294763165996e+01,6.630223982338148137e-01
9.840984098409840897e+01,5.007135706106732442e+01,6.813912014310413712e-01
9.855985598559855987e+01,4.974063349400660883e+01,7.002416041971534222e-01
9.870987098709871077e+01,4.940488524664510805e+01,7.195847418090379755e-01
9.885988598859886167e+01,4.906359733454881678e+01,7.394319684878636334e-01
9.900990099009901257e+01,4.871294803793653472e+01,7.597956761335969977e-01
9.915991599159916348e+01,4.835428014411206732e+01,7.806872723319971952e-01
9.930993099309931438e+01,4.799093367431066781e+01,8.021178113560998302e-01
9.945994599459946528e+01,4.762553391784068424e+01,8.240986380579455872e-01
9.960996099609960197e+01,4.725999143208365183e+01,8.466413878685771222e-01
9.975997599759975287e+01,4.689550204249409404e+01,8.697579867980486101e-01
9.990999099909990377e+01,4.653254684259977836e+01,8.934606514354123119e-01
1.000600060006000547e+02,4.617089219400154576e+01,9.177618889487275666e-01
1.002100210021002056e+02,4.580958972637337467e+01,9.426744970850582384e-01
1.003600360036003565e+02,4.544697633746235255e+01,9.682115641704729381e-01
1.005100510051005074e+02,4.508067419308869006e+01,9.943864691100448017e-01
1.006600660066006583e+02,4.470759072714572113e+01,1.021212881387852267e+00
1.008100810081008092e+02,4.432391864159991002e+01,1.048704761066977520e+00
1.009600960096009601e+02,4.392592712693807755e+01,1.076876333312174694e+00
1.011101110111011110e+02,4.351851800409564675e+01,1.105740929209010348e+00
1.012601260126012619e+02,4.310640451699988773e+01,1.135310519974367605e+00
1.014101410141014128e+02,4.269254575784653838e+01,1.165597232931165461e+00
1.015601560156015637e+02,4.227922413181173056e+01,1.196613470691467951e+00
1.017101710171017146e+02,4.186804535705196884e+01,1.228371911156484364e+00
1.018601860186018655e+02,4.145993846470415178e+01,1.260885507516568804e+00
1.020102010201020164e+02,4.105515579888556488e+01,1.294167488251220632e+00
1.021602160216021531e+02,4.065327301669391602e+01,1.328231357129080914e+00
1.023102310231023040e+02,4.025318908820718633e+01,1.363090893207945964e+00
1.024602460246024549e+02,3.985312629648386462e+01,1.398760150834746696e+00
1.026102610261026058e+02,3.945063023756277687e+01,1.435253459645563279e+00
1.027602760276027567e+02,3.904256982046315727e+01,1.472585424565620027e+00
1.029102910291029076e+02,3.862513726718459850e+01,1.510770925809286958e+00
1.030603060306030585e+02,3.819622791410035489e+01,1.549824454385082539e+00
1.032103210321032094e+02,3.776324654775589096e+01,1.589756933139207629e+00
1.033603360336033603e+02,3.732897958886779577e+01,1.630579311472118098e+00
1.035103510351035112e+02,3.689508238134601470e+01,1.672302689726297364e+00
1.036603660366036621e+02,3.646280673664297467e+01,1.714938169503159582e+00
1.038103810381038130e+02,3.603300093375366231e+01,1.758496853663049864e+00
1.039603960396039639e+02,3.560610971921558132e+01,1.802989846325243173e+00
1.041104110411041148e+02,3.518217430710874538e+01,1.848428252867945654e+00
1.042604260426042657e+02,3.476083237905571366e+01,1.894823179928293300e+00
1.044104410441044024e+02,3.434131808422159793e+01,1.942185735402348623e+00
1.045604560456045533e+02,3.392246203931392046e+01,1.990527028445118196e+00
1.047104710471047042e+02,3.350269132858283427e+01,2.039858169470525340e+00
1.048604860486048551e+02,3.308002950382099527e+01,2.090190270151428553e+00
1.050105010501050060e+02,3.265211975623795126e+01,2.141534433175960483e+00
1.051605160516051569e+02,3.222061628369104369e+01,2.193899201120285802e+00
1.053105310531053078e+02,3.178878824537210690e+01,2.247290004644320494e+00
1.054605460546054587e+02,3.135772965853319505e+01,2.301712209340901261e+00
1.056105610561056096e+02,3.092832120004636565e+01,2.357170647770540750e+00
1.057605760576057605e+02,3.050123020640368310e+01,2.413669619461430216e+00
1.059105910591059114e+02,3.007691067371722937e+01,2.471212890909438631e+00
1.060606060606060623e+02,2.965560325771909689e+01,2.529803695578111800e+00
1.062106210621062132e+02,2.923733527376139563e+01,2.589444733898673245e+00
1.063606360636063641e+02,2.882192069681623892e+01,2.650138173270025099e+00
1.065106510651065150e+02,2.840896016147576120e+01,2.711885648058745435e+00
1.066606660666066659e+02,2.799784096195209671e+01,2.774688259599091378e+00
1.068106810681068168e+02,2.758773705207740790e+01,2.838546576192996884e+00
1.069606960696069535e+02,2.717760904530389965e+01,2.903460633110067413e+00
1.071107110711071044e+02,2.676620421470366651e+01,2.969429932587604792e+00
1.072607260726072553e+02,2.635297498150391959e+01,3.036452255134824529e+00
1.074107410741074062e+02,2.594047870222460617e+01,3.104519535578337930e+00
1.075607560756075571e+02,2.552945850008191186e+01,3.173623582767906903e+00
1.077107710771077080e+02,2.512034858913692759e+01,3.243754934065149698e+00
1.078607860786078589e+02,2.471349654419514863e+01,3.314902605400942726e+00
1.080108010801080098e+02,2.430916330080646404e+01,3.387054091275421008e+00
1.081608160816081607e+02,2.390752315526516014e+01,3.460195364757977732e+00
1.083108310831083116e+02,2.350866376460991347e+01,3.534310877487265135e+00
1.084608460846084625e+02,2.311258614662381561e+01,3.609383559671194064e+00
1.086108610861086134e+02,2.271920467983433056e+01,3.685394820086933532e+00
1.087608760876087644e+02,2.232834710351333740e+01,3.762324546080911158e+00
1.089108910891089153e+02,2.193975451767710183e+01,3.840151103568813173e+00
1.090609060906090662e+02,2.155308138308629395e+01,3.918851337035584415e+00
1.092109210921092028e+02,2.116789552124601670e+01,3.998400569535420779e+00
1.093609360936093537e+02,2.078367811440564950e+01,4.078772602691799420e+00
1.095109510951095046e+02,2.039982370555908986e+01,4.159939716697431678e+00
1.096609660966096556e+02,2.001578171550701057e+01,4.241871593576374444e+00
1.098109810981098065e+02,1.963288759104971604e+01,4.324523992564960118e+00
1.099609960996099574e+02,1.925168783997146349e+01,4.407861109722074566e+00
1.101110111011101083e+02,1.887220115992456471e+01,4.491847626615350642e+00
1.102610261026102592e+02,1.849443124454237619e+01,4.576444074054015765e+00
1.104110411041104101e+02,1.811836678343933116e+01,4.661606832088896368e+00
1.105610561056105610e+02,1.774398146221090400e+01,4.747288130012410790e+00
1.107110711071107119e+02,1.737123396243364226e+01,4.833436046358576377e+00
1.108610861086108628e+02,1.700006796166515244e+01,4.919994508903005048e+00
1.110111011101110137e+02,1.663041213344409286e+01,5.006903294662905957e+00
1.111611161116111646e+02,1.626218014729019501e+01,5.094098029897082824e+00
1.113111311131113155e+02,1.589527066870423155e+01,5.181510190105935720e+00
1.114611461146114664e+02,1.552956735916805542e+01,5.269067100031460171e+00
1.116111611161116173e+02,1.516493887614456781e+01,5.356691933657248939e+00
1.117611761176117540e+02,1.480123887307776442e+01,5.444303714208481360e+00
1.119111911191119049e+02,1.443830599939260040e+01,5.531817314151958875e+00
1.120612061206120558e+02,1.407596390049519641e+01,5.619143455196051740e+00
1.122112211221122067e+02,1.371402121777269301e+01,5.706188708290736322e+00
1.123612361236123576e+02,1.335227158859329322e+01,5.792855493627584451e+00
1.125112511251125085e+02,1.299049364630625902e+01,5.879042080639764301e+00
1.126612661266126594e+02,1.262845145174904005e+01,5.964642473145626234e+00
1.128112811281128103e+02,1.226623711907647163e+01,6.049474901743590927e+00
1.129612961296129612e+02,1.190399114333480668e+01,6.133401619611921873e+00
1.131113111311131121e+02,1.154159716345088782e+01,6.216340788838537357e+00
1.132613261326132630e+02,1.117892948138995379e+01,6.298181936753967314e+00
1.134113411341134139e+02,1.081585306215564835e+01,6.378785955931352447e+00
1.135613561356135648e+02,1.045222353379001845e+01,6.457985104186445113e+00
1.137113711371137157e+02,1.008788718737351431e+01,6.535583004577608435e+00
1.138613861386138666e+02,9.722680977024987570e+00,6.611354645405816299e+00
1.140114011401140033e+02,9.356432519901726863e+00,6.685046380214648920e+00
1.141614161416141542e+02,8.988960096199319239e+00,6.756375927790315927e+00
1.143114311431143051e+02,8.620072649151861555e+00,6.825032372161617289e+00
1.144614461446144560e+02,8.249569785031814817e+00,6.890676162599972621e+00
1.146114611461146069e+02,7.877241773150045034e+00,6.952939113619411415e+00
1.147614761476147578e+02,7.502869545855821443e+00,7.011424404976573932e+00
1.149114911491149087e+02,7.126224698536812063e+00,7.065706581670712971e+00
1.150615061506150596e+02,6.747069489619093474e+00,7.115331553943692100e+00
1.152115211521152105e+02,6.365241735369916221e+00,7.159586116905327202e+00
1.153615361536153614e+02,5.980600125719771398e+00,7.197762638579003891e+00
1.155115511551155123e+02,5.592943866706709954e+00,7.229216128146827458e+00
1.156615661566156632e+02,5.202131088003676851e+00,7.252931011881186052e+00
1.158115811581158141e+02,4.808079158551850085e+00,7.267520135866646136e+00
1.159615961596159650e+02,4.410764686560649572e+00,7.271224765999944495e+00
1.161116111611161159e+02,4.010223519507729151e+00,7.261914587989990899e+00
1.162616261626162668e+02,3.606550744138977471e+00,7.237087707357871658e+00
1.164116411641164177e+02,3.200244646231812151e+00,7.191652197661919210e+00
1.165616561656165544e+02,2.791730571236191949e+00,7.122414253963886388e+00
1.167116711671167053e+02,2.381531945165773934e+00,7.026839595574069008e+00
1.168616861686168562e+02,1.971661135577536417e+00,6.893093044858408902e+00
1.170117011701170071e+02,1.565639142747819790e+00,6.699900899514956265e+00
1.171617161716171580e+02,1.168495599672362051e+00,6.416550932573867883e+00
1.173117311731173089e+02,7.878561646726915946e-01,5.993366406551494663e+00
1.174617461746174598e+02,4.407424740788896678e-01,5.310021251063369974e+00
1.176117611761176107e+02,1.639220211206520172e-01,3.977524756700928421e+00
1.177617761776177616e+02,2.804423856080859312e-02,1.008641255130279024e+00
1.179117911791179125e+02,1.780675645224795087e-02,1.130160288750835414e-02
1.180618061806180634e+02,2.371493339899352626e-02,1.967437504050103571e-04
1.182118211821182143e+02,3.190720274695960784e-02,9.775152236210654530e-06
1.183618361836183652e+02,4.293494090321509082e-02,1.030861840180120933e-06
1.185118511851185161e+02,5.777130498045474072e-02,2.024857655490923890e-07
1.186618661866186670e+02,7.772818662058011974e-02,8.288284388489733303e-08
1.188118811881188037e+02,1.045707062939282006e-01,2.927811102337590391e-08
1.189618961896189546e+02,1.406514404187365896e-01,2.026708099807822264e-08
1.191119111911191055e+02,1.891673699454165525e-01,1.968896148553521947e-08
1.192619261926192564e+02,2.543586799895816153e-01,1.366210218448531076e-08
1.194119411941194073e+02,3.417560386485837265e-01,1.059959673280574266e-08
1.195619561956195582e+02,4.590762994887309656e-01,9.092379528358308869e-09
1.197119711971197091e+02,6.165556788722770243e-01,8.210212351166679780e-09
1.198619861986198600e+02,8.271307066100546113e-01,7.540040395101245823e-09
1.200120012001200109e+02,1.107948486505244912e+00,7.113437346454431109e-09
1.201620162016201618e+02,1.482114573607621555e+00,6.868006676777436519e-09
1.203120312031203127e+02,1.979772040512461695e+00,6.743946687277239476e-09
1.204620462046204636e+02,2.638160658118640534e+00,6.701088698166431818e-09
1.206120612061206145e+02,3.499841510487891494e+00,6.717325654594535280e-09
1.207620762076207654e+02,4.621061726436988870e+00,6.778506452861360531e-09
1.209120912091209163e+02,6.075870703875139611e+00,6.875440792461318505e-09
1.210621062106210672e+02,7.933133796288450945e+00,7.000654463120366631e-09
1.212121212121212182e+02,1.025534530996001692e+01,7.148084767972365191e-09
1.213621362136213548e+02,1.309791625268972837e+01,7.313102634952229243e-09
1.215121512151215057e+02,1.649250376226771309e+01,7.492990543504120004e-09
1.216621662166216566e+02,2.043111530130973108e+01,7.686106835493359993e-09
1.218121812181218075e+02,2.484755355468707450e+01,7.891040845953568039e-09
1.219621962196219584e+02,2.961340423249764697e+01,8.106631551353878182e-09
1.221122112211221094e+02,3.453803607006592102e+01,8.331967569598936367e-09
1.222622262226222603e+02,3.937278411937609235e+01,8.566394029147135212e-09
1.224122412241224112e+02,4.391877673181272712e+01,8.809614771789816281e-09
1.225622562256225621e+02,4.804589393874545067e+01,9.061472141496254086e-09
1.227122712271227130e+02,5.166296274403322997e+01,9.321856336277815184e-09
1.228622862286228639e+02,5.472683170536215158e+01,9.590726506036567396e-09
1.230123012301230148e+02,5.724237093424541456e+01,9.868110752565271527e-09
1.231623162316231657e+02,5.926223716802879693e+01,1.015410457078612454e-08
1.233123312331233166e+02,6.086385016573381534e+01,1.044883290620956492e-08
1.234623462346234675e+02,6.211076974212516433e+01,1.075246862976548198e-08
1.236123612361236042e+02,6.306565182616897403e+01,1.106520300408749349e-08
1.237623762376237551e+02,6.379246709573963869e+01,1.138722982892754673e-08
1.239123912391239060e+02,6.434846345983260107e+01,1.171876864462778166e-08
1.240624062406240569e+02,6.476737397972343047e+01,1.206007969169759387e-08
1.242124212421242078e+02,6.507827496379762522e+01,1.241142674947644163e-08
1.243624362436243587e+02,6.530995989441227323e+01,1.277307829675686778e-08
1.245124512451245096e+02,6.549112288155039607e+01,1.314530956715416236e-08
1.246624662466246605e+02,6.563226268690779364e+01,1.352842438673793738e-08
1.248124812481248114e+02,6.573364806271277416e+01,1.392274334383559042e-08
1.249624962496249623e+02,6.580008564317007824e+01,1.432859053832143875e-08
1.251125112511251132e+02,6.584102837408508435e+01,1.474629351040121494e-08
1.252625262526252641e+02,6.587057551286387991e+01,1.517618324061205861e-08
1.254125412541254150e+02,6.590330640897043679e+01,1.561859931684944946e-08
1.255625562556255659e+02,6.593251747643967065e+01,1.607391620858127288e-08
1.257125712571257168e+02,6.595452877037516259e+01,1.654251428572719076e-08
1.258625862586258677e+02,6.596849460970194912e+01,1.702478202255150965e-08
1.260126012601260186e+02,6.597508839151311122e+01,1.752111771373766473e-08
1.261626162616261553e+02,6.597650259106971760e+01,1.803192947438816018e-08
1.263126312631263062e+02,6.597644876180088147e+01,1.855763524002477771e-08
1.264626462646264571e+02,6.598008231909277299e+01,1.909866290938323700e-08
1.266126612661266080e+02,6.598776805517587718e+01,1.965546019904519611e-08
1.267626762676267589e+02,6.599580504041261975e+01,2.022849042841663027e-08
1.269126912691269098e+02,6.600225761834889227e+01,2.081822779998942005e-08
1.270627062706270607e+02,6.600588326261015482e+01,2.142516066741848549e-08
1.272127212721272116e+02,6.600613257690139335e+01,2.204979153552178939e-08
1.273627362736273625e+02,6.600314929500717653e+01,2.269263706028033736e-08
1.275127512751275134e+02,6.599777028079165575e+01,2.335422804883816456e-08
1.276627662766276643e+02,6.599152552819847983e+01,2.403510945950236216e-08
1.278127812781278152e+02,6.598663816125089454e+01,2.473584040174305420e-08
1.279627962796279661e+02,6.598602443405168572e+01,2.545699413619340088e-08
1.281128112811281028e+02,6.599325606695067847e+01,2.619916167443088655e-08
1.282628262826282537e+02,6.600695727452006167e+01,2.696295943098151211e-08
1.284128412841284046e+02,6.602240529618768505e+01,2.774902143171605623e-08
1.285628562856285555e+02,6.603583330656344685e+01,2.855800090573861710e-08
1.287128712871287064e+02,6.604447336491624299e+01,2.939057036666746381e-08
1.288628862886288573e+02,6.604655641517396703e+01,3.024742161263504640e-08
1.290129012901290082e+02,6.604131228592351022e+01,3.112926572628798583e-08
1.291629162916291591e+02,6.602896969041076147e+01,3.203683307478707403e-08
1.293129312931293100e+02,6.601075622654062158e+01,3.297087330980728384e-08
1.294629462946294609e+02,6.598889837687696058e+01,3.393215536753776896e-08
1.296129612961296118e+02,6.596662150864270302e+01,3.492146746868183090e-08
1.297629762976297627e+02,6.594814987371970005e+01,3.593961711845698515e-08
1.299129912991299136e+02,6.593870660864885735e+01,3.698743110659489500e-08
1.300630063006300645e+02,6.594451373463006405e+01,3.806575550734139802e-08
1.302130213021302154e+02,6.596450976001275990e+01,3.917548043784556378e-08
1.303630363036303663e+02,6.598733848202262209e+01,4.031755064054487625e-08
1.305130513051305172e+02,6.600691669993859989e+01,4.149292406704783457e-08
1.306630663066306681e+02,6.601913802760464023e+01,4.270258296448095520e-08
1.308130813081308190e+02,6.602186882316173921e+01,4.394753388782972425e-08
1.309630963096309699e+02,6.601494818904791373e+01,4.522880769993858428e-08
1.311131113111311208e+02,6.600018797199825826e+01,4.654745957151097402e-08
1.312631263126312717e+02,6.598137276304483123e+01,4.790456898110926879e-08
1.314131413141314226e+02,6.596425989751679708e+01,4.930123971515483343e-08
1.315631563156315735e+02,6.595657945504031261e+01,5.073859986792798263e-08
1.317131713171317244e+02,6.596588953547853862e+01,5.221780956679392319e-08
1.318631863186318753e+02,6.598210540346646269e+01,5.374012293436174233e-08
1.320132013201319978e+02,6.599802333869189397e+01,5.530681803493565065e-08
1.321632163216321487e+02,6.600994064774236847e+01,5.691920036723407828e-08
1.323132313231322996e+02,6.601558304494116669e+01,5.857861068076027323e-08
1.324632463246324505e+02,6.601410465234731362e+01,6.028642497580350575e-08
1.326132613261326014e+02,6.600608799975562135e+01,6.204405450343877715e-08
1.327632763276327523e+02,6.599354402469666070e+01,6.385294576552677352e-08
1.329132913291329032e+02,6.597991207243674694e+01,6.571458051471394508e-08
1.330633063306330541e+02,6.597005989597796827e+01,6.763047575443240037e-08
1.332133213321332050e+02,6.597028365605815736e+01,6.960218373889999884e-08
1.333633363336333559e+02,6.598335131911848350e+01,7.163131976878516237e-08
1.335133513351335068e+02,6.600188054460808473e+01,7.371959053015589281e-08
1.336633663366336577e+02,6.601999000230716774e+01,7.586874215343486317e-08
1.338133813381338086e+02,6.603332720422329771e+01,7.808056891433515853e-08
1.339633963396339595e+02,6.603906031057755399e+01,8.035691328996478708e-08
1.341134113411341104e+02,6.603587812980457272e+01,8.269966595882668014e-08
1.342634263426342613e+02,6.602399011855253264e+01,8.511076580081867890e-08
1.344134413441344122e+02,6.600512638168314083e+01,8.759219989723352121e-08
1.345634563456345631e+02,6.598253767227164701e+01,9.014600353075889452e-08
1.347134713471347141e+02,6.596099539160684344e+01,9.277426018547736966e-08
1.348634863486348650e+02,6.594679158919105078e+01,9.547910154686646709e-08
1.350135013501350159e+02,6.594773896274016067e+01,9.826270750179857742e-08
1.351635163516351668e+02,6.596641434265991677e+01,1.011273526259423885e-07
1.353135313531353177e+02,6.599078886001598221e+01,1.040754751366491384e-07
1.354635463546354686e+02,6.601341195871579259e+01,1.071095561099664511e-07
1.356135613561356195e+02,6.602904834902776088e+01,1.102321382694930894e-07
1.357635763576357704e+02,6.603456940612180404e+01,1.134458267378978736e-07
1.359135913591359213e+02,6.602895317006931464e+01,1.167532890369197337e-07
1.360636063606360722e+02,6.601328434584316085e+01,1.201572550873676969e-07
1.362136213621362231e+02,6.599075430331771486e+01,1.236605172091209265e-07
1.363636363636363740e+02,6.596666107726881023e+01,1.272659301211286037e-07
1.365136513651365249e+02,6.594840936737378456e+01,1.309764109414100987e-07
1.366636663666366758e+02,6.594551053821142261e+01,1.347949391870548128e-07
1.368136813681368267e+02,6.596322031885044623e+01,1.387246134252116170e-07
1.369636963696369492e+02,6.598798102528647291e+01,1.427687883977018721e-07
1.371137113711371001e+02,6.601162873285083776e+01,1.469308736752067518e-07
1.372637263726372510e+02,6.602857408099484360e+01,1.512143604099850981e-07
1.374137413741374019e+02,6.603538672335970716e+01,1.556228250078702765e-07
1.375637563756375528e+02,6.603079532777653071e+01,1.601599291282693822e-07
1.377137713771377037e+02,6.601568757626630202e+01,1.648294196841632396e-07
1.378637863786378546e+02,6.599311016503990857e+01,1.696351288421064558e-07
1.380138013801380055e+02,6.596826880449812336e+01,1.745809740222273936e-07
1.381638163816381564e+02,6.594852821923163333e+01,1.796709578982281190e-07
1.383138313831383073e+02,6.594341214802099671e+01,1.849091683973844804e-07
1.384638463846384582e+02,6.596031181745004801e+01,1.902998301016037151e-07
1.386138613861386091e+02,6.598706669888863985e+01,1.958475252543886559e-07
1.387638763876387600e+02,6.601396486062853342e+01,2.015569507002413832e-07
1.389138913891389109e+02,6.603434941839793737e+01,2.074329097343336150e-07
1.390639063906390618e+02,6.604392846183044696e+01,2.134803201445911174e-07
1.392139213921392127e+02,6.604077505446500140e+01,2.197042142116938907e-07
1.393639363936393636e+02,6.602532723374594070e+01,2.261097387090760098e-07
1.395139513951395145e+02,6.600038801102296304e+01,2.327021549029257837e-07
1.396639663966396654e+02,6.597112537155113898e+01,2.394868385521855962e-07
1.398139813981398163e+02,6.594507227449092568e+01,2.464692799085520912e-07
1.399639963996399672e+02,6.593212665290812424e+01,2.536550837164759612e-07
1.401140114011401181e+02,6.594366901378053569e+01,2.610499829047574609e-07
1.402640264026402690e+02,6.597230837552315563e+01,2.686601727376237795e-07
1.404140414041404199e+02,6.600421789029039132e+01,2.764921628542929896e-07
1.405640564056405708e+02,6.603082481896491629e+01,2.845525781867854009e-07
1.407140714071407217e+02,6.604630457127349530e+01,2.928481937524790182e-07
1.408640864086408726e+02,6.604758070578692752e+01,3.013859346541091714e-07
1.410141014101410235e+02,6.603432492992010339e+01,3.101728760797687796e-07
1.411641164116411744e+02,6.600895709993199034e+01,3.192162433029083514e-07
1.413141314131413253e+02,6.597664522092560446e+01,3.285234116823357733e-07
1.414641464146414762e+02,6.594530544684805307e+01,3.381019066622165741e-07
1.416141614161415987e+02,6.592560208049050630e+01,3.479594037720717013e-07
1.417641764176417496e+02,6.593091285838953297e+01,3.581037293573497386e-07
1.419141914191419005e+02,6.595863258103071303e+01,3.685432737349620753e-07
1.420642064206420514e+02,6.599096302877531173e+01,3.792870451879920057e-07
1.422142214221422023e+02,6.601895546278910842e+01,3.903441408841978640e-07
1.423642364236423532e+02,6.603647092659586804e+01,4.017238622518028379e-07
1.425142514251425041e+02,6.604018024607727000e+01,4.134357149794944926e-07
1.426642664266426550e+02,6.602956402947297931e+01,4.254894090164251407e-07
1.428142814281428059e+02,6.600691266738058971e+01,4.378948585722115779e-07
1.429642964296429568e+02,6.597732633275568048e+01,4.506621821169352947e-07
1.431143114311431077e+02,6.594871498091175965e+01,4.638017023811422646e-07
1.432643264326432586e+02,6.593179834952032081e+01,4.773239463558431030e-07
1.434143414341434095e+02,6.593968069583621627e+01,4.912396581169133375e-07
1.435643564356435604e+02,6.596508584810182185e+01,5.055605053043373109e-07
1.437143714371437113e+02,6.599278979841714943e+01,5.202987716567058176e-07
1.438643864386438622e+02,6.601561130689475476e+01,5.354668708945773215e-07
1.440144014401440131e+02,6.602878986219754154e+01,5.510775110081780561e-07
1.441644164416441640e+02,6.602998568153871872e+01,5.671436942574022362e-07
1.443144314431443149e+02,6.601927971068185741e+01,5.836787171718118461e-07
1.444644464446444658e+02,6.599917362394081977e+01,6.006961705506365337e-07
1.446144614461446167e+02,6.597458982417981588e+01,6.182099394627743517e-07
1.447644764476447676e+02,6.595287144281341796e+01,6.362342032467905930e-07
1.449144914491449185e+02,6.594378233980646087e+01,6.547834355109187435e-07
1.450645064506450694e+02,6.595675268129258484e+01,6.738725227989103337e-07
1.452145214521452203e+02,6.597995180036130591e+01,6.935176865857449907e-07
1.453645364536453712e+02,6.600353411790383973e+01,7.137355514678656814e-07
1.455145514551455221e+02,6.602168501744685614e+01,7.345430785923519579e-07
1.456645664566456730e+02,6.603068114337740724e+01,7.559576492484864813e-07
1.458145814581458239e+02,6.602889040094302686e+01,7.779970648677547039e-07
1.459645964596459748e+02,6.601677195625163108e+01,8.006795470238452925e-07
1.461146114611461257e+02,6.599687623627157507e+01,8.240237374326495994e-07
1.462646264626462767e+02,6.597384492883162466e+01,8.480486979522620855e-07
1.464146414641464276e+02,6.595441098262101320e+01,8.727739105829800030e-07
1.465646564656465500e+02,6.594739860718932789e+01,8.982192774672988424e-07
1.467146714671467009e+02,6.596101658223420827e+01,9.244052826485508819e-07
1.468646864686468518e+02,6.598520863159407668e+01,9.513540754954408644e-07
1.470147014701470027e+02,6.601035201227840332e+01,9.790884504193811562e-07
1.471647164716471536e+02,6.603006945925483251e+01,1.007631710180253415e-06
1.473147314731473045e+02,6.604016080398790223e+01,1.037007729967336997e-06
1.474647464746474554e+02,6.603860297443901572e+01,1.067240957399308428e-06
1.476147614761476063e+02,6.602554999506645572e+01,1.098356412524241612e-06
1.477647764776477572e+02,6.600333298682539862e+01,1.130379687819608261e-06
1.479147914791479081e+02,6.597646016716790029e+01,1.163336948192276618e-06
1.480648064806480591e+02,6.595161685004286767e+01,1.197254930978512942e-06
1.482148214821482100e+02,6.593766544589610135e+01,1.232160945943981086e-06
1.483648364836483609e+02,6.594540044933143008e+01,1.268082893912333122e-06
1.485148514851485118e+02,6.597175605000226994e+01,1.305050537936707947e-06
1.486648664866486627e+02,6.600305618696857834e+01,1.343095467720117207e-06
1.488148814881488136e+02,6.603045084435059664e+01,1.382249874132108287e-06
1.489648964896489645e+02,6.604774648732080777e+01,1.422546691505956076e-06
1.491149114911491154e+02,6.605140606210397891e+01,1.464019597638662336e-06
1.492649264926492663e+02,6.604054899597707617e+01,1.506703013790955696e-06
1.494149414941494172e+02,6.601695119726930727e+01,1.550632104687291869e-06
1.495649564956495681e+02,6.598504505536213571e+01,1.595842778515853435e-06
1.497149714971497190e+02,6.595191944068928080e+01,1.642371686928550270e-06
1.498649864986498699e+02,6.592731970473667502e+01,1.690256225041019543e-06
1.500150015001500208e+02,6.592364768004250664e+01,1.739534531432624657e-06
1.501650165016501717e+02,6.594796296570635263e+01,1.790246330650225432e-06
1.503150315031503226e+02,6.598204940408437835e+01,1.842435330156610859e-06
1.504650465046504735e+02,6.601457841970901086e+01,1.896145987498782336e-06
1.506150615061506244e+02,6.603784305200875338e+01,1.951423675370632054e-06
1.507650765076507753e+02,6.604713809697489069e+01,2.008314741856355717e-06
1.509150915091509262e+02,6.604076010716148915e+01,2.066866510430451474e-06
1.510651065106510771e+02,6.602000739168545351e+01,2.127127279957720135e-06
1.512151215121511996e+02,6.598918001622649854e+01,2.189146324693253101e-06
1.513651365136513505e+02,6.595557980302709211e+01,2.252973894282481068e-06
1.515151515151515014e+02,6.592951033089255475e+01,2.318661213761100758e-06
1.516651665166516523e+02,6.592427693519098852e+01,2.386260483555124469e-06
1.518151815181518032e+02,6.594703070711675252e+01,2.455826233919475898e-06
1.519651965196519541e+02,6.597736038605734166e+01,2.527418791115375434e-06
1.521152115211521050e+02,6.600538595376957574e+01,2.601098869629614404e-06
1.522652265226522559e+02,6.602480006312060823e+01,2.676928452455314539e-06
1.524152415241524068e+02,6.603194738344100756e+01,2.754970922057309046e-06
1.525652565256525577e+02,6.602582460052472868e+01,2.835291060372141338e-06
1.527152715271527086e+02,6.600808041662914150e+01,2.917955048808066302e-06
1.528652865286528595e+02,6.598301555047498823e+01,3.003030468245049459e-06
1.530153015301530104e+02,6.595758273724639764e+01,3.090586299034767801e-06
1.531653165316531613e+02,6.594138672859092765e+01,3.180692921000608530e-06
1.533153315331533122e+02,6.594650810958708576e+01,3.273422150181602126e-06
1.534653465346534631e+02,6.596823835308438788e+01,3.368851308685698609e-06
1.536153615361536140e+02,6.599241366694263888e+01,3.467062009124671345e-06
1.537653765376537649e+02,6.601266725687207781e+01,3.568136726045406692e-06
1.539153915391539158e+02,6.602473177118457670e+01,3.672159986936879509e-06
1.540654065406540667e+02,6.602643930079375423e+01,3.779218372230156116e-06
1.542154215421542176e+02,6.601772137921489048e+01,3.889400515298392603e-06
1.543654365436543685e+02,6.600060898256494113e+01,4.002797102456834408e-06
1.545154515451545194e+02,6.597923252956260853e+01,4.119500872962818853e-06
1.546654665466546703e+02,6.595982188152822800e+01,4.239606619015770491e-06
1.548154815481548212e+02,6.595070634238385310e+01,4.363211185757206185e-06
1.549654965496549721e+02,6.596083539920910255e+01,4.490413912261242632e-06
1.551155115511551230e+02,6.598222884151788037e+01,4.621321882549851950e-06
1.552655265526552739e+02,6.600519144539474325e+01,4.756045780115187500e-06
1.554155415541554248e+02,6.602376251743373814e+01,4.894698607818106393e-06
1.555655565556555757e+02,6.603395804013024417e+01,5.037396230997472271e-06
1.557155715571557266e+02,6.603377067188100114e+01,5.184257377470159544e-06
1.558655865586558775e+02,6.602316974698403840e+01,5.335403637531052543e-06
1.560156015601560284e+02,6.600410127563878859e+01,5.490959463953046367e-06
1.561656165616561509e+02,6.598048794394600236e+01,5.651052171987013846e-06
1.563156315631563018e+02,6.595822911390771992e+01,5.815811939361929213e-06
1.564656465646564527e+02,6.594520082342738476e+01,5.985371806284686834e-06
1.566156615661566036e+02,6.595113089361926484e+01,6.159867723865828615e-06
1.567656765676567545e+02,6.597477063309366940e+01,6.339443706583029471e-06
1.569156915691569054e+02,6.600380083977530887e+01,6.524252635253771675e-06
1.570657065706570563e+02,6.602981553816864846e+01,6.714450593015699407e-06
1.572157215721572072e+02,6.604684286053570474e+01,6.910197402852492104e-06
1.573657365736573581e+02,6.605134504689608832e+01,7.111656627593863617e-06
1.575157515751575090e+02,6.604221844502690431e+01,7.318995569915568136e-06
1.576657665766576599e+02,6.602079351046285183e+01,7.532385272339394264e-06
1.578157815781578108e+02,6.599083480649619560e+01,7.752000517233167558e-06
1.579657965796579617e+02,6.595854100417670907e+01,7.978019826810751373e-06
1.581158115811581126e+02,6.593254488231175969e+01,8.210625463132044326e-06
1.582658265826582635e+02,6.592391332746626631e+01,8.450003428102982831e-06
1.584158415841584144e+02,6.594309359050160424e+01,8.696344988641071166e-06
1.585658565856585653e+02,6.597725957807587349e+01,8.949859278009881003e-06
1.587158715871587162e+02,6.601283366298170563e+01,9.210763374548621853e-06
1.588658865886588671e+02,6.604073368837369173e+01,9.479278476480058763e-06
1.590159015901590180e+02,6.605499500211520569e+01,9.755630487763066128e-06
1.591659165916591689e+02,6.605277045677856051e+01,1.004005001809264124e-05
1.593159315931593198e+02,6.603433040964483780e+01,1.033277238289988904e-05
1.594659465946594707e+02,6.600306272270405827e+01,1.063403760335203736e-05
1.596159615961596216e+02,6.596547276265503967e+01,1.094409040635242002e-05
1.597659765976597726e+02,6.593118340090548202e+01,1.126318022454049368e-05
1.599159915991599235e+02,6.591293501357192497e+01,1.159156119629182441e-05
1.600660066006600744e+02,6.592562576762952631e+01,1.192949283267096288e-05
1.602160216021602253e+02,6.595777430424425347e+01,1.227726091900639634e-05
1.603660366036603762e+02,6.599189641988309063e+01,1.263516569482849227e-05
1.605160516051605271e+02,6.601934442378878032e+01,1.300351019551176282e-05
1.606660666066606780e+02,6.603448778778221140e+01,1.338260398806672762e-05
1.608160816081608004e+02,6.603471314626243327e+01,1.377276317113983582e-05
1.609660966096609513e+02,6.602042429620664166e+01,1.417431037501376600e-05
1.611161116111611022e+02,6.599504219717022124e+01,1.458757476160698055e-05
1.612661266126612531e+02,6.596500497128667462e+01,1.501289202447402393e-05
1.614161416141614040e+02,6.593976790326767912e+01,1.545060438880544465e-05
1.615661566156615550e+02,6.593180344040308682e+01,1.590106061142779531e-05
1.617161716171617059e+02,6.594996825642436988e+01,1.636462270221990793e-05
1.618661866186618568e+02,6.597563896689337071e+01,1.684169121179733967e-05
1.620162016201620077e+02,6.599960096130681109e+01,1.733266955505845700e-05
1.621662166216621586e+02,6.601650396779533025e+01,1.783796941083713191e-05
1.623162316231623095e+02,6.602323505847662943e+01,1.835801234311625085e-05
1.624662466246624604e+02,6.601891864945550026e+01,1.889322980102772488e-05
1.626162616261626113e+02,6.600491650082383899e+01,1.944406311885246935e-05
1.627662766276627622e+02,6.598482771666063229e+01,2.001096351602041744e-05
1.629162916291629131e+02,6.596448874503192883e+01,2.059439209711052017e-05
1.630663066306630640e+02,6.595197337799091031e+01,2.119481985185074638e-05
1.632163216321632149e+02,6.595728063389348961e+01,2.181272811399762290e-05
1.633663366336633658e+02,6.597600650745074802e+01,2.244863238926146314e-05
1.635163516351635167e+02,6.599710157225928242e+01,2.310307211668941282e-05
1.636663666366636676e+02,6.601489918431650494e+01,2.377659543893086898e-05
1.638163816381638185e+02,6.602554958289925935e+01,2.446976473497867975e-05
1.639663966396639694e+02,6.602701989056386367e+01,2.518315662016914095e-05
1.641164116411641203e+02,6.601909411314602494e+01,2.591736194618200626e-05
1.642664266426642712e+02,6.600337313976093867e+01,2.667298580104047367e-05
1.644164416441644221e+02,6.598327474280320359e+01,2.745064750911120239e-05
1.645664566456645730e+02,6.596403357794690692e+01,2.825098063110429597e-05
1.647164716471647239e+02,6.595270118414551064e+01,2.907463296407331239e-05
1.648664866486648748e+02,6.595799523094819961e+01,2.992226685145434756e-05
1.650165016501650257e+02,6.597863536218892477e+01,3.079458294197703530e-05
1.651665166516651766e+02,6.600396998266982962e+01,3.169232056123789444e-05
1.653165316531653275e+02,6.602668182758507953e+01,3.261623508566606993e-05
1.654665466546654784e+02,6.604155929289896676e+01,3.356710089762776259e-05
1.656165616561656293e+02,6.604549643534582515e+01,3.454571138542618841e-05
1.657665766576657518e+02,6.603749297243007277e+01,3.555287894330142948e-05
1.659165916591659027e+02,6.601865428242621192e+01,3.658943497143117937e-05
1.660666066606660536e+02,6.599219140437885756e+01,3.765622987592959117e-05
1.662166216621662045e+02,6.596342103810266622e+01,3.875413306884805678e-05
1.663666366636663554e+02,6.593976554418239289e+01,3.988403296817499003e-05
1.665166516651665063e+02,6.593075294397289099e+01,4.104683699783585383e-05
1.666666666666666572e+02,6.594648331441594280e+01,4.224347526837026791e-05
1.668166816681668081e+02,6.597907368156248253e+01,4.347495081734285973e-05
1.669666966696669590e+02,6.601500931901800584e+01,4.474231736620918568e-05
1.671167116711671099e+02,6.604468359368807739e+01,4.604665053858941369e-05
1.672667266726672608e+02,6.606152735932867870e+01,4.738904927734301925e-05
1.674167416741674117e+02,6.606200895654609440e+01,4.877063584456877863e-05
1.675667566756675626e+02,6.604563421279695490e+01,5.019255582160476889e-05
1.677167716771677135e+02,6.601494644238823639e+01,5.165597810902834751e-05
1.678667866786678644e+02,6.597552644647727504e+01,5.316209492665620664e-05
1.680168016801680153e+02,6.593599251307171016e+01,5.471212181354429856e-05
1.681668166816681662e+02,6.590800041702955525e+01,5.630729762798789662e-05
1.683168316831683171e+02,6.590624342005915537e+01,5.794888454752158177e-05
1.684668466846684680e+02,6.593659846480018416e+01,5.963820852305757269e-05
1.686168616861686189e+02,6.597618898168208545e+01,6.137674155198121417e-05
1.687668766876687698e+02,6.601267724319556862e+01,6.316597054795262966e-05
1.689168916891689207e+02,6.603768863188466298e+01,6.500741089261872672e-05
1.690669066906690716e+02,6.604633651400895644e+01,6.690260791465468208e-05
1.692169216921692225e+02,6.603722223954365234e+01,6.885313688976403654e-05
1.693669366936693734e+02,6.601243514217946995e+01,7.086060304067860012e-05
1.695169516951695243e+02,6.597755253932277242e+01,7.292664153715856042e-05
1.696669666966696752e+02,6.594163973209545304e+01,7.505291749599236071e-05
1.698169816981698261e+02,6.591725000533500634e+01,7.724112598099682186e-05
1.699669966996699770e+02,6.592042381643514659e+01,7.949299200690685319e-05
1.701170117011701279e+02,6.594771673692341096e+01,8.181038376771338589e-05
1.702670267026702788e+02,6.597743525632053263e+01,8.419531980997443119e-05
1.704170417041704013e+02,6.600209383327550938e+01,8.664981131021757882e-05
1.705670567056705522e+02,6.601678879853747617e+01,8.917591583522555411e-05
1.707170717071707031e+02,6.601919835495564826e+01,9.177573734203342613e-05
1.708670867086708540e+02,6.600958257747937807e+01,9.445142617793047797e-05
1.710171017101710049e+02,6.599078341315811258e+01,9.720517908045971881e-05
1.711671167116711558e+02,6.596822468114142168e+01,1.000392391774179111e-04
1.713171317131713067e+02,6.594991207267899824e+01,1.029558959868555568e-04
1.714671467146714576e+02,6.594643315112062965e+01,1.059574854170768706e-04
1.716171617161716085e+02,6.596234313483773803e+01,1.090464506019760328e-04
1.717671767176717594e+02,6.598258795424655432e+01,1.122254402829938642e-04
1.719171917191719103e+02,6.600093063783889136e+01,1.154971192821021490e-04
1.720672067206720612e+02,6.601330779638840340e+01,1.188642194933228015e-04
1.722172217221722121e+02,6.601741380422193117e+01,1.223295428494288340e-04
1.723672367236723630e+02,6.601270079921950185e+01,1.258959613219443573e-04
1.725172517251725139e+02,6.600037868281434328e+01,1.295664169211445393e-04
1.726672667266726648e+02,6.598341511999286979e+01,1.333439216960557007e-04
1.728172817281728157e+02,6.596653553929468217e+01,1.372315577344551923e-04
1.729672967296729666e+02,6.595622313281258187e+01,1.412324771628714224e-04
1.731173117311731176e+02,6.596054365337558067e+01,1.453499040314873588e-04
1.732673267326732685e+02,6.597778870993570877e+01,1.495872508808015827e-04
1.734173417341734194e+02,6.599865030555888268e+01,1.539480954424777843e-04
1.735673567356735703e+02,6.601714861777993804e+01,1.584360907657267478e-04
1.737173717371737212e+02,6.602905121240755193e+01,1.630549864563276890e-04
1.738673867386738721e+02,6.603187304352425713e+01,1.678086286766285542e-04
1.740174017401740230e+02,6.602487645348647050e+01,1.727009601455457486e-04
1.741674167416741739e+02,6.600907117292449300e+01,1.777360201385643260e-04
1.743174317431743248e+02,6.598721432074248128e+01,1.829179444877378810e-04
1.744674467446744757e+02,6.596381040411844765e+01,1.882509655816886295e-04
1.746174617461746266e+02,6.594511131850430274e+01,1.937394123656073280e-04
1.747674767476747775e+02,6.593911634762579865e+01,1.993877103412533547e-04
1.749174917491749284e+02,6.595404945543613451e+01,2.052004007184726460e-04
1.750675067506750793e+02,6.598368661181791595e+01,2.111823430104187052e-04
1.752175217521752302e+02,6.601642866427609135e+01,2.173386275350532438e-04
1.753675367536753527e+02,6.604354962825297548e+01,2.236744628235357490e-04
1.755175517551755036e+02,6.605900424203501586e+01,2.301951770566906396e-04
1.756675667566756545e+02,6.605942796675280704e+01,2.369062180650001914e-04
1.758175817581758054e+02,6.604413698638104790e+01,2.438131533286090917e-04
1.759675967596759563e+02,6.601512820773855594e+01,2.509216699773234895e-04
1.761176117611761072e+02,6.597707926048829563e+01,2.582375747906108065e-04
1.762676267626762581e+02,6.593734849713735002e+01,2.657667941975997371e-04
1.764176417641764090e+02,6.590597499303693496e+01,2.735153742770805190e-04
1.765676567656765599e+02,6.589567854638238487e+01,2.814894807575044457e-04
1.767176717671767108e+02,6.591879978801381412e+01,2.896954460295624294e-04
1.768676867686768617e+02,6.596084856391829021e+01,2.981402453209808299e-04
1.770177017701770126e+02,6.600486395771189052e+01,3.068311820406990063e-04
1.771677167716771635e+02,6.603945477790746565e+01,3.157756791983230360e-04
1.773177317731773144e+02,6.605713898903165671e+01,3.249812976215791941e-04
1.774677467746774653e+02,6.605434371162485263e+01,3.344557359563142779e-04
1.776177617761776162e+02,6.603140522224126130e+01,3.442068306664954449e-04
1.777677767776777671e+02,6.599256895344882423e+01,3.542425560342101582e-04
1.779177917791779180e+02,6.594598949382927344e+01,3.645710241596663496e-04
1.780678067806780689e+02,6.590373058797811723e+01,3.752004849611923105e-04
1.782178217821782198e+02,6.588176513650461175e+01,3.861393261752366383e-04
1.783678367836783707e+02,6.589815278464514847e+01,3.973961153725602481e-04
1.785178517851785216e+02,6.593423216501481932e+01,4.089805375089073693e-04
1.786678667866786725e+02,6.597014930767726071e+01,4.209026563169624368e-04
1.788178817881788234e+02,6.599753414566153253e+01,4.331725641390551376e-04
1.789678967896789743e+02,6.601126014561251054e+01,4.458005609373050086e-04
1.791179117911791252e+02,6.600944430779084371e+01,4.587971542936218703e-04
1.792679267926792761e+02,6.599344716607296846e+01,4.721730594097052849e-04
1.794179417941794270e+02,6.596787278795109444e+01,4.859391991070449897e-04
1.795679567956795779e+02,6.594056877453317611e+01,5.001067038269206263e-04
1.797179717971797288e+02,6.592262626054299801e+01,5.146869116304019030e-04
1.798679867986798797e+02,6.592798672338723520e+01,5.296913815158251111e-04
1.800180018001800022e+02,6.594852680764437025e+01,5.451327437270744305e-04
1.801680168016801531e+02,6.596956006070634260e+01,5.610242199153292475e-04
1.803180318031803040e+02,6.598605330986745798e+01,5.773791049686044898e-04
1.804680468046804549e+02,6.599484584686393873e+01,5.942110321369998551e-04
1.806180618061806058e+02,6.599464942787393795e+01,6.115339730326973177e-04
1.807680768076807567e+02,6.598604827351752533e+01,6.293622376299608029e-04
1.809180918091809076e+02,6.597149906885672976e+01,6.477104742651362953e-04
1.810681068106810585e+02,6.595533096339549672e+01,6.665936696366518395e-04
1.812181218121812094e+02,6.594374557107967405e+01,6.860271488050176478e-04
1.813681368136813603e+02,6.594480077247467875e+01,7.060265760603180512e-04
1.815181518151815112e+02,6.595823369304407890e+01,7.266084707966059169e-04
1.816681668166816621e+02,6.597471186259060971e+01,7.477902149374857999e-04
1.818181818181818130e+02,6.598933410038708303e+01,7.695894832049776516e-04
1.819681968196819639e+02,6.599865102376958248e+01,7.920244358492813672e-04
1.821182118211821148e+02,6.600066504813750612e+01,8.151137186487764606e-04
1.822682268226822657e+02,6.599483038695353798e+01,8.388764629100228234e-04
1.824182418241824166e+02,6.598205305174364810e+01,8.633322854677597490e-04
1.825682568256825675e+02,6.596469085209713512e+01,8.885012886849067999e-04
1.827182718271827184e+02,6.594655339566655528e+01,9.144040604525630490e-04
1.828682868286828693e+02,6.593290208816779341e+01,9.410616741900078384e-04
1.830183018301830202e+02,6.593045013338002036e+01,9.684956888447002372e-04
1.831683168316831711e+02,6.594478788706747707e+01,9.967283383301541507e-04
1.833183318331833220e+02,6.596912390438839680e+01,1.025783310554261507e-03
1.834683468346834729e+02,6.599465731750754571e+01,1.055685110989451570e-03
1.836183618361836238e+02,6.601473441626559691e+01,1.086458866713262790e-03
1.837683768376837747e+02,6.602480550433078577e+01,1.118130331167834857e-03
1.839183918391839256e+02,6.602242489919893842e+01,1.150725884159907843e-03
1.840684068406840765e+02,6.600725093219347173e+01,1.184272531860822196e-03
1.842184218421842274e+02,6.598104594846537907e+01,1.218797906806519610e-03
1.843684368436843783e+02,6.594767630699323036e+01,1.254330267897542156e-03
1.845184518451845292e+02,6.591311238058315780e+01,1.290898500399032499e-03
1.846684668466846801e+02,6.588542855586891278e+01,1.328532115940734117e-03
1.848184818481848311e+02,6.587480323331179477e+01,1.367261252516991082e-03
1.849684968496849535e+02,6.589109685866516486e+01,1.407116885421815866e-03
1.851185118511851044e+02,6.591919972836043939e+01,1.448133088669779737e-03
1.852685268526852553e+02,6.594661488988037945e+01,1.490344836564449441e-03
1.854185418541854062e+02,6.596674308463343550e+01,1.533787637780547773e-03
1.855685568556855571e+02,6.597557825902650563e+01,1.578497810066471036e-03
1.857185718571857080e+02,6.597170756446496398e+01,1.624512480244288829e-03
1.858685868586858589e+02,6.595631135735267492e+01,1.671869584209743605e-03
1.860186018601860098e+02,6.593316319909193624e+01,1.720607866932251546e-03
1.861686168616861607e+02,6.590862985608353597e+01,1.770766882454902127e-03
1.863186318631863116e+02,6.589167129972673820e+01,1.822386993894457678e-03
1.864686468646864625e+02,6.589372787352498051e+01,1.875509387444980643e-03
1.866186618661866135e+02,6.591019199494084546e+01,1.930178368812651268e-03
1.867686768676867644e+02,6.592783084482981337e+01,1.986440548085212972e-03
1.869186918691869153e+02,6.594186382833737525e+01,2.044342903286881698e-03
1.870687068706870662e+02,6.594918316336719499e+01,2.103933644888976960e-03
1.872187218721872171e+02,6.594835388058110937e+01,2.165262215809922713e-03
1.873687368736873680e+02,6.593961382339911381e+01,2.228379291415246485e-03
1.875187518751875189e+02,6.592487364799933403e+01,2.293336779517580245e-03
1.876687668766876698e+02,6.590771682331809700e+01,2.360187820376658668e-03
1.878187818781878207e+02,6.589339963104987419e+01,2.428986786699321738e-03
1.879687968796879716e+02,6.588885116564730993e+01,2.499789283639511708e-03
1.881188118811881225e+02,6.589839961667810542e+01,2.572652956249488372e-03
1.882688268826882734e+02,6.591358469221046334e+01,2.647639240453829399e-03
1.884188418841884243e+02,6.592850515751018747e+01,2.724810779386051176e-03
1.885688568856885752e+02,6.593895807094375527e+01,2.804231898781297128e-03
1.887188718871887261e+02,6.594223414362447500e+01,2.885968650235559013e-03
1.888688868886888770e+02,6.593711773941249987e+01,2.970088811205676919e-03
1.890189018901890279e+02,6.592388687491482813e+01,3.056661885009340565e-03
1.891689168916891788e+02,6.590431321948526033e+01,3.145759100825087137e-03
1.893189318931893297e+02,6.588166209522448469e+01,3.237453413692302148e-03
1.894689468946894806e+02,6.586069247698000595e+01,3.331819504511221181e-03
1.896189618961896031e+02,6.584765699234613123e+01,3.428933780042908198e-03
1.897689768976897540e+02,6.585026039977852008e+01,3.528874382927388569e-03
1.899189918991899049e+02,6.587054169412698457e+01,3.631722929935252055e-03
1.900690069006900558e+02,6.589832781614479984e+01,3.737566383270946556e-03
1.902190219021902067e+02,6.592431944670018140e+01,3.846494200692609014e-03
1.903690369036903576e+02,6.594165813188904224e+01,3.958597984608873931e-03
1.905190519051905085e+02,6.594592628303497861e+01,4.073971482078870762e-03
1.906690669066906594e+02,6.593514717668928427e+01,4.192710584812221752e-03
1.908190819081908103e+02,6.590978495463095044e+01,4.314913329169047136e-03
1.909690969096909612e+02,6.587274462386660900e+01,4.440679896159960803e-03
1.911191119111911121e+02,6.582937205663066038e+01,4.570112611446073766e-03
1.912691269126912630e+02,6.578745399038510300e+01,4.703315945338989827e-03
1.914191419141914139e+02,6.575721802781968961e+01,4.840396512800809910e-03
1.915691569156915648e+02,6.575133263685184204e+01,4.981463073444129461e-03
1.917191719171917157e+02,6.577449510439502944e+01,5.126629772917474549e-03
1.918691869186918666e+02,6.580309148933734775e+01,5.276023283340544080e-03
1.920192019201920175e+02,6.582746122061122662e+01,5.429770091299793676e-03
1.921692169216921684e+02,6.584175297531122339e+01,5.587999173097119715e-03
1.923192319231923193e+02,6.584292801626713754e+01,5.750842290784474557e-03
1.924692469246924702e+02,6.583076019204403906e+01,5.918433992163869145e-03
1.926192619261926211e+02,6.580783593694218325e+01,6.090911610787366065e-03
1.927692769276927720e+02,6.577955427099711017e+01,6.268415265957087354e-03
1.929192919291929229e+02,6.575412679997957355e+01,6.451087862725210162e-03
1.930693069306930738e+02,6.574257771539556927e+01,6.639075091893965018e-03
1.932193219321932247e+02,6.575119246833023112e+01,6.832528794192212901e-03
1.933693369336933756e+02,6.576328987690200734e+01,7.031615203175202965e-03
1.935193519351935265e+02,6.577307040332574672e+01,7.236500525171521599e-03
1.936693669366936774e+02,6.577732855138197010e+01,7.447354923014277636e-03
1.938193819381938283e+02,6.577437680117849084e+01,7.664352999779894433e-03
1.939693969396939792e+02,6.576404560915034381e+01,7.887673798788113338e-03
1.941194119411941301e+02,6.574768340805984224e+01,8.117500803601985018e-03
1.942694269426942810e+02,6.572815660699656348e+01,8.354021938027878999e-03
1.944194419441944319e+02,6.570984959137730641e+01,8.597429566115479330e-03
1.945694569456945544e+02,6.569866472294614823e+01,8.847920492157736877e-03
1.947194719471947053e+02,6.569949752800870613e+01,9.105697786215548664e-03
1.948694869486948562e+02,6.570584671689407230e+01,9.370977369767280116e-03
1.950195019501950071e+02,6.571237881558711535e+01,9.643979753127782800e-03
1.951695169516951580e+02,6.571539088092866621e+01,9.924931367062978654e-03
1.953195319531953089e+02,6.571242292712955191e+01,1.021406489820241882e-02
1.954695469546954598e+02,6.570225792577049617e+01,1.051161928903928539e-02
1.956195619561956107e+02,6.568492180580223305e+01,1.081783973793039484e-02
1.957695769576957616e+02,6.566168345354540747e+01,1.113297769909618942e-02
1.959195919591959125e+02,6.563505471269067471e+01,1.145729088262074924e-02
1.960696069606960634e+02,6.560879038429858667e+01,1.179104325445178014e-02
1.962196219621962143e+02,6.558788822679970565e+01,1.213450503640062586e-02
1.963696369636963652e+02,6.557858895599451898e+01,1.248795270614225066e-02
1.965196519651965161e+02,6.558616719095806502e+01,1.285167117976902459e-02
1.966696669666966670e+02,6.560387983515715860e+01,1.322596400998856184e-02
1.968196819681968179e+02,6.562222035576606061e+01,1.361114632049526159e-02
1.969696969696969688e+02,6.563392020690474737e+01,1.400754096478033957e-02
1.971197119711971197e+02,6.563395170563867964e+01,1.441547852444946022e-02
1.972697269726972706e+02,6.561952803197873152e+01,1.483529730922273325e-02
1.974197419741974215e+02,6.559010322888124733e+01,1.526734335693471535e-02
1.975697569756975724e+02,6.554737220224802741e+01,1.571197043353441195e-02
1.977197719771977233e+02,6.549527072092628543e+01,1.616954003308526677e-02
1.978697869786978742e+02,6.543997541670871954e+01,1.664042137776518271e-02
1.980198019801980251e+02,6.538990378433345541e+01,1.712499141786650095e-02
1.981698169816981761e+02,6.535571418148404632e+01,1.762363483179600968e-02
1.983198319831983270e+02,6.535027939047108703e+01,1.813674405533621109e-02
1.984698469846984779e+02,6.536620144536234989e+01,1.866474532083735316e-02
1.986198619861986288e+02,6.538259973049780172e+01,1.920809515479941429e-02
1.987698769876987797e+02,6.539204809773438853e+01,1.976724879048086247e-02
1.989198919891989306e+02,6.538986504807347444e+01,2.034267124002812899e-02
1.990699069906990815e+02,6.537411373166084161e+01,2.093483729447559102e-02
1.992199219921992039e+02,6.534560194778673292e+01,2.154423152374547804e-02
1.993699369936993548e+02,6.530788214488572407e+01,2.217134827664830193e-02
1.995199519951995057e+02,6.526725142053687989e+01,2.281669168088220137e-02
1.996699669966996566e+02,6.523275152146365485e+01,2.348077564303337195e-02
1.998199819981998075e+02,6.521594912502010288e+01,2.416412421094490948e-02
1.999699969996999585e+02,6.521059963332713494e+01,2.486730502293714104e-02
2.001200120012001094e+02,6.520459507035113234e+01,2.559091080971035576e-02
2.002700270027002603e+02,6.519454175709434196e+01,2.633553764751911386e-02
2.004200420042004112e+02,6.517834609277697666e+01,2.710179747364788519e-02
2.005700570057005621e+02,6.515521455483724367e+01,2.789031808641103879e-02
2.007200720072007130e+02,6.512565369893134459e+01,2.870174314515284986e-02
2.008700870087008639e+02,6.509147015893346122e+01,2.953673217024751010e-02
2.010201020102010148e+02,6.505577064693576972e+01,3.039596054309909659e-02
2.011701170117011657e+02,6.502296195324842643e+01,3.128011950614161679e-02
2.013201320132013166e+02,6.499856727724244365e+01,3.218991671749124595e-02
2.014701470147014675e+02,6.498123319828910383e+01,3.312609730928922636e-02
2.016201620162016184e+02,6.496530671150696890e+01,3.408943330935434307e-02
2.017701770177017693e+02,6.494722896252901023e+01,3.508071412197003025e-02
2.019201920192019202e+02,6.492444235643672812e+01,3.610075137971945763e-02
2.020702070207020711e+02,6.489539055776012333e+01,3.715037894348551667e-02
2.022202220222022220e+02,6.485951849047779660e+01,3.823045290245080663e-02
2.023702370237023729e+02,6.481727233801682075e+01,3.934185157409765543e-02
2.025202520252025238e+02,6.477009954325285435e+01,4.048547550420811963e-02
2.026702670267026747e+02,6.472044880851005644e+01,4.166224746686397057e-02
2.028202820282028256e+02,6.467177009556114342e+01,4.287311246444670820e-02
2.029702970297029765e+02,6.462851462562734639e+01,4.411903772763754727e-02
2.031203120312031274e+02,6.459620424318248411e+01,4.540101250845113984e-02
2.032703270327032783e+02,6.457832229483109643e+01,4.672005941112102739e-02
2.034203420342034292e+02,6.456714462712199065e+01,4.807726808168525517e-02
2.035703570357035801e+02,6.455442128954801717e+01,4.947376299784583126e-02
2.037203720372037310e+02,6.453385077240159262e+01,5.091069568273503404e-02
2.038703870387038819e+02,6.450108000677472830e+01,5.238924470491540530e-02
2.040204020402040328e+02,6.445370436455895913e+01,5.391061567837975022e-02
2.041704170417041553e+02,6.439126765844544309e+01,5.547604126255082507e-02
2.043204320432043062e+02,6.431526214192481916e+01,5.708678116228253774e-02
2.044704470447044571e+02,6.422912850928736361e+01,5.874412212785818516e-02
2.046204620462046080e+02,6.413825589562290475e+01,6.044937795499160521e-02
2.047704770477047589e+02,6.404998187682080868e+01,6.220388948482691305e-02
2.049204920492049098e+02,6.397359246957004331e+01,6.400902460393845250e-02
2.050705070507050607e+02,6.392032213135910013e+01,6.586617824433088630e-02
2.052205220522052116e+02,6.389358896926734843e+01,6.777681522136395909e-02
2.053705370537053625e+02,6.386965986825290997e+01,6.974256855718813375e-02
2.055205520552055134e+02,6.383984471804552641e+01,7.176505944485474242e-02
2.056705670567056643e+02,6.379908468462839011e+01,7.384593715518043833e-02
2.058205820582058152e+02,6.374477942249178852e+01,7.598688387167035208e-02
2.059705970597059661e+02,6.367678707463312548e+01,7.818961469051802227e-02
2.061206120612061170e+02,6.359742427255689989e+01,8.045587762060546488e-02
2.062706270627062679e+02,6.351146613627471993e+01,8.278745358350317329e-02
2.064206420642064188e+02,6.342614627430528884e+01,8.518615641347003498e-02
2.065706570657065697e+02,6.335115678367441205e+01,8.765383285745347031e-02
2.067206720672067206e+02,6.329128920228373545e+01,9.019241045985444682e-02
2.068706870687068715e+02,6.323139554061408063e+01,9.280399775459435840e-02
2.070207020702070224e+02,6.316757278306229750e+01,9.549068853086846442e-02
2.071707170717071733e+02,6.309782867669790818e+01,9.825462468423959428e-02
2.073207320732073242e+02,6.302114137074600819e+01,1.010980023498850855e-01
2.074707470747074751e+02,6.293745941658721677e+01,1.040230719025967421e-01
2.076207620762076260e+02,6.284770176775770523e+01,1.070321379567809178e-01
2.077707770777077769e+02,6.275375777994918991e+01,1.101275593664584468e-01
2.079207920792079278e+02,6.265848721100893215e+01,1.133117492252646852e-01
2.080708070807080787e+02,6.256572022093973118e+01,1.165871748664494695e-01
2.082208220822082296e+02,6.247806277363473981e+01,1.199563830030751094e-01
2.083708370837083805e+02,6.239079062837488721e+01,1.234220577270540575e-01
2.085208520852085314e+02,6.230128165805719220e+01,1.269869221828771044e-01
2.086708670867086823e+02,6.220770870358483506e+01,1.306537717543742316e-01
2.088208820882088048e+02,6.210878887764426537e+01,1.344254774029849664e-01
2.089708970897089557e+02,6.200378356470515229e+01,1.383049856677610046e-01
2.091209120912091066e+02,6.189249842102049115e+01,1.422953186653621027e-01
2.092709270927092575e+02,6.177528337462651109e+01,1.463995740900588816e-01
2.094209420942094084e+02,6.165303262534271767e+01,1.506209252137321042e-01
2.095709570957095593e+02,6.152718464477187155e+01,1.549626208858725651e-01
2.097209720972097102e+02,6.139972217630000273e+01,1.594279855335813401e-01
2.098709870987098611e+02,6.127317223509640343e+01,1.640204191615696194e-01
2.100210021002100120e+02,6.115059829973623096e+01,1.687433975511494766e-01
2.101710171017101629e+02,6.103322150404467550e+01,1.736005132496346859e-01
2.103210321032103138e+02,6.091732135128842884e+01,1.785955237157012543e-01
2.104710471047104647e+02,6.079912825289730449e+01,1.837322896924006022e-01
2.106210621062106156e+02,6.067560918614976373e+01,1.890147680716857403e-01
2.107710771077107665e+02,6.054446769417293694e+01,1.944470118944111869e-01
2.109210921092109174e+02,6.040414388594256678e+01,2.000331703503331060e-01
2.110711071107110683e+02,6.025381443628306499e+01,2.057774887781091411e-01
2.112211221122112192e+02,6.009339258586749821e+01,2.116843086652985817e-01
2.113711371137113701e+02,5.992352814121755245e+01,2.177580676483622246e-01
2.115211521152115210e+02,5.974560747470358990e+01,2.240032995126624571e-01
2.116711671167116720e+02,5.956175352454459215e+01,2.304246341924632291e-01
2.118211821182118229e+02,5.937482579480820988e+01,2.370267977709300533e-01
2.119711971197119738e+02,5.918842035541074154e+01,2.438146124801300607e-01
2.121212121212121247e+02,5.900686984211710495e+01,2.507929967010318340e-01
2.122712271227122756e+02,5.883524345654090126e+01,2.579669649635056294e-01
2.124212421242124265e+02,5.867320061856632663e+01,2.653417508950546289e-01
2.125712571257125774e+02,5.851048771482643929e+01,2.729229737224417862e-01
2.127212721272127283e+02,5.834267905431522649e+01,2.807163125130374137e-01
2.128712871287128792e+02,5.816651871339411883e+01,2.887275508651330203e-01
2.130213021302130301e+02,5.797982111724659404e+01,2.969625785629373960e-01
2.131713171317131810e+02,5.778147103987819122e+01,3.054273915765768344e-01
2.133213321332133319e+02,5.757142360411651794e+01,3.141280920620947992e-01
2.134713471347134828e+02,5.735070428161123601e+01,3.230708883614521465e-01
2.136213621362136337e+02,5.712140889283408285e+01,3.322620950025271247e-01
2.137713771377137562e+02,5.688670360707888563e+01,3.417081326991134316e-01
2.139213921392139071e+02,5.665082494246139788e+01,3.514155283509275973e-01
2.140714071407140580e+02,5.641907976591957663e+01,3.613909150435979378e-01
2.142214221422142089e+02,5.619658631226780443e+01,3.716410773773803355e-01
2.143714371437143598e+02,5.597312432708496033e+01,3.821735099213328657e-01
2.145214521452145107e+02,5.574410684064255861e+01,3.929956851097806680e-01
2.146714671467146616e+02,5.550889197392776708e+01,4.041151003670438446e-01
2.148214821482148125e+02,5.526705798720303875e+01,4.155394099173616573e-01
2.149714971497149634e+02,5.501840328000608338e+01,4.272764247848928054e-01
2.151215121512151143e+02,5.476294639114990304e+01,4.393341127937152590e-01
2.152715271527152652e+02,5.450092599872274235e+01,4.517205985678262037e-01
2.154215421542154161e+02,5.423280092008813824e+01,4.644441635311420957e-01
2.155715571557155670e+02,5.395925011188489151e+01,4.775132459074988289e-01
2.157215721572157179e+02,5.368117267002708104e+01,4.909364407206514014e-01
2.158715871587158688e+02,5.339968782970403538e+01,5.047224997942743041e-01
2.160216021602160197e+02,5.311613496538038959e+01,5.188803317519610214e-01
2.161716171617161706e+02,5.282765363809202341e+01,5.334194496984399070e-01
2.163216321632163215e+02,5.252886698313989911e+01,5.483497242738695210e-01
2.164716471647164724e+02,5.222299745638439816e+01,5.636802813449169891e-01
2.166216621662166233e+02,5.191282960160786786e+01,5.794204803072274812e-01
2.167716771677167742e+02,5.160050887965841326e+01,5.955799351598434210e-01
2.169216921692169251e+02,5.128754166844992568e+01,6.121685145052043753e-01
2.170717071707170760e+02,5.097479526296206842e+01,6.291963415491472755e-01
2.172217221722172269e+02,5.066249787524024839e+01,6.466737941009061963e-01
2.173717371737173778e+02,5.035023863439565872e+01,6.646115045731123550e-01
2.175217521752175287e+02,5.003696758660525745e+01,6.830203599817942228e-01
2.176717671767176796e+02,4.972099569511176753e+01,7.019115019463776362e-01
2.178217821782178305e+02,4.939999484022368392e+01,7.212963266896853520e-01
2.179717971797179814e+02,4.907099781931525939e+01,7.411864850379377145e-01
2.181218121812181323e+02,4.873039834682652582e+01,7.615938824207518776e-01
2.182718271827182832e+02,4.837439809918327427e+01,7.825306798382947182e-01
2.184218421842184057e+02,4.800700974042477753e+01,8.040087993915211451e-01
2.185718571857185566e+02,4.763360785131690278e+01,8.260393515256060359e-01
2.187218721872187075e+02,4.725759019059928079e+01,8.486336285637006149e-01
2.188718871887188584e+02,4.688151369249365530e+01,8.718032409447940001e-01
2.190219021902190093e+02,4.650709446670393277e+01,8.955601172237095398e-01
2.191719171917191602e+02,4.613520779841617525e+01,9.199165040711043684e-01
2.193219321932193111e+02,4.576588814829861462e+01,9.448849662734699617e-01
2.194719471947194620e+02,4.539832915250167389e+01,9.704783867331316927e-01
2.196219621962196129e+02,4.503088362265791034e+01,9.967099664682489424e-01
2.197719771977197638e+02,4.466106354588205818e+01,1.023593224612815211e+00
2.199219921992199147e+02,4.428554008477103565e+01,1.051141998416658341e+00
2.200720072007200656e+02,4.390014357740389528e+01,1.079370443245439626e+00
2.202220222022202165e+02,4.350033002379281299e+01,1.108292983368010187e+00
2.203720372037203674e+02,4.309115260918300550e+01,1.137922729494264429e+00
2.205220522052205183e+02,4.267792257422668456e+01,1.168271728987553715e+00
2.206720672067206692e+02,4.226314690690196585e+01,1.199352331646609926e+00
2.208220822082208201e+02,4.184873085517200053e+01,1.231177121279752207e+00
2.209720972097209710e+02,4.143597792698497528e+01,1.263758915704887187e+00
2.211221122112211219e+02,4.102558989027409808e+01,1.297110766749508759e+00
2.212721272127212728e+02,4.061766677295760530e+01,1.331245960250698301e+00
2.214221422142214237e+02,4.021170686293878305e+01,1.366178016055124456e+00
2.215721572157215746e+02,3.980660670810591739e+01,1.401920688019043348e+00
2.217221722172217255e+02,3.940066111633235835e+01,1.438487964008297926e+00
2.218721872187218764e+02,3.899156315547646301e+01,1.475894065898319285e+00
2.220222022202220273e+02,3.857640415338162398e+01,1.514153449574124899e+00
2.221722172217221782e+02,3.815191951117233771e+01,1.553280753981960860e+00
2.223222322232223291e+02,3.772142142326285352e+01,1.593288692068446810e+00
2.224722472247224800e+02,3.728877940795310764e+01,1.634188194575625586e+00
2.226222622262226309e+02,3.685573639100351784e+01,1.675990293422772615e+00
2.227722772277227818e+02,3.642365317434025940e+01,1.718705999152817743e+00
2.229222922292229327e+02,3.599350843605530770e+01,1.762346300932345233e+00
2.230723072307230836e+02,3.556589873040638139e+01,1.806922166551593767e+00
2.232223222322232346e+02,3.514103848781699924e+01,1.852444542424456664e+00
2.233723372337233570e+02,3.471876001487650854e+01,1.898924353588472780e+00
2.235223522352235079e+02,3.429851349433982932e+01,1.946372503704861590e+00
2.236723672367236588e+02,3.387936698512785938e+01,1.994799875058471006e+00
2.238223822382238097e+02,3.346000642232721134e+01,2.044217328557812685e+00
2.239723972397239606e+02,3.303873561719026242e+01,2.094635703735051369e+00
2.241224122412241115e+02,3.261347625713518283e+01,2.146065818746007103e+00
2.242724272427242624e+02,3.218334047493338801e+01,2.198517636221191118e+00
2.244224422442244133e+02,3.175214731639333721e+01,2.251996997568782355e+00
2.245724572457245642e+02,3.132130063280152399e+01,2.306509059557241947e+00
2.247224722472247151e+02,3.089176279887225718e+01,2.362058503026671641e+00
2.248724872487248660e+02,3.046428699298221332e+01,2.418649450847315752e+00
2.250225022502250170e+02,3.003941719717040115e+01,2.476285467919559835e+00
2.251725172517251679e+02,2.961748819713820779e+01,2.534969561173932018e+00
2.253225322532253188e+02,2.919862558224935256e+01,2.594704179571101221e+00
2.254725472547254697e+02,2.878274574552992249e+01,2.655491214101879383e+00
2.256225622562256206e+02,2.836955588366835812e+01,2.717331997787220121e+00
2.257725772577257715e+02,2.795855399701544997e+01,2.780227305678218741e+00
2.259225922592259224e+02,2.754902888958434559e+01,2.844177354856113116e+00
2.260726072607260733e+02,2.714006016905054253e+01,2.909181804432281471e+00
2.262226222622262242e+02,2.673051824675190247e+01,2.975239755548246379e+00
2.263726372637263751e+02,2.631908607415671497e+01,3.042349723432318243e+00
2.265226522652265260e+02,2.590704939910986582e+01,3.110505626494786124e+00
2.266726672667266769e+02,2.549626207467566275e+01,3.179698125732612457e+00
2.268226822682268278e+02,2.508718403038805178e+01,3.249917766106610539e+00
2.269726972697269787e+02,2.468019249711472796e+01,3.321153512354380943e+00
2.271227122712271296e+02,2.427558200705711400e+01,3.393392748990309737e+00
2.272727272727272805e+02,2.387356439375039585e+01,3.466621280305569819e+00
2.274227422742274314e+02,2.347426879206348360e+01,3.540823330368121802e+00
2.275727572757275823e+02,2.307774163819903634e+01,3.615981543022710909e+00
2.277227722772277332e+02,2.268394666969346218e+01,3.692076981890870080e+00
2.278727872787278841e+02,2.229276492541690402e+01,3.769089130370918639e+00
2.280228022802280066e+02,2.190399474557332482e+01,3.846995891637947196e+00
2.281728172817281575e+02,2.151735177170020563e+01,3.925773588643878043e+00
2.283228322832283084e+02,2.113246894666899323e+01,4.005396964117374559e+00
2.284728472847284593e+02,2.074889651468480878e+01,4.085839180563901607e+00
2.286228622862286102e+02,2.036610202128650826e+01,4.167071820265713100e+00
2.287728772877287611e+02,1.998347031334669310e+01,4.249064885281844894e+00
2.289228922892289120e+02,1.960087717498032234e+01,4.331782118158599815e+00
2.290729072907290629e+02,1.921981869325514580e+01,4.415176219856177475e+00
2.292229222922292138e+02,1.884044220756736365e+01,4.499212305107628929e+00
2.293729372937293647e+02,1.846274809973753506e+01,4.583852371935892123e+00
2.295229522952295156e+02,1.808672339864394374e+01,4.669054007771152648e+00
2.296729672967296665e+02,1.771234178022260508e+01,4.754770389450840185e+00
2.298229822982298174e+02,1.733956356746725902e+01,4.840950283219635608e+00
2.299729972997299683e+02,1.696833573042937005e+01,4.927538044729462996e+00
2.301230123012301192e+02,1.659859188621813786e+01,5.014473619039496732e+00
2.302730273027302701e+02,1.623025229900047606e+01,5.101692540616155291e+00
2.304230423042304210e+02,1.586322388000103345e+01,5.189125933333105678e+00
2.305730573057305719e+02,1.549740018750218340e+01,5.276700510471261651e+00
2.307230723072307228e+02,1.513266142684403270e+01,5.364338574718783725e+00
2.308730873087308737e+02,1.476887445042440383e+01,5.451958018171080056e+00
2.310231023102310246e+02,1.440589275769885447e+01,5.539472322330803777e+00
2.311731173117311755e+02,1.404355649518066329e+01,5.626790558107859219e+00
2.313231323132313264e+02,1.368169245644083887e+01,5.713817385819392136e+00
2.314731473147314773e+02,1.332011408210811787e+01,5.800453055189798590e+00
2.316231623162316282e+02,1.295862145986896152e+01,5.886593405350722286e+00
2.317731773177317791e+02,1.259700132446756271e+01,5.972129864841052793e+00
2.319231923192319300e+02,1.223502909403396366e+01,6.056948925142288331e+00
2.320732073207320809e+02,1.187279903453619312e+01,6.140865144172549250e+00
2.322232223222322318e+02,1.151039677604266309e+01,6.223740413204022381e+00
2.323732373237323827e+02,1.114769661924599298e+01,6.305473539694861351e+00
2.325232523252325336e+02,1.078456369871253706e+01,6.385933361717173185e+00
2.326732673267326845e+02,1.042085398288237030e+01,6.464958747957024521e+00
2.328232823282328354e+02,1.005641427406930255e+01,6.542358597714432733e+00
2.329732973297329579e+02,9.691082208460938929e+00,6.617911840903360599e+00
2.331233123312331088e+02,9.324686256118400962e+00,6.691367438051766037e+00
2.332733273327332597e+02,8.957045720976754666e+00,6.762444380301519509e+00
2.334233423342334106e+02,8.587970740844717454e+00,6.830831689408463525e+00
2.335733573357335615e+02,8.217262287404736298e+00,6.896188417742393106e+00
2.337233723372337124e+02,7.844712166212990390e+00,6.958143648287061112e+00
2.338733873387338633e+02,7.470103016699384035e+00,7.016296494640173798e+00
2.340234023402340142e+02,7.093208312167549323e+00,7.070216101013393484e+00
2.341734173417341651e+02,6.713800288239113456e+00,7.119400057711620100e+00
2.343234323432343160e+02,6.331806824121150257e+00,7.162543919830090644e+00
2.344734473447344669e+02,5.946980801055515187e+00,7.199421408673166489e+00
2.346234623462346178e+02,5.559060981883021668e+00,7.229836699746091000e+00
2.347734773477347687e+02,5.167884423859098852e+00,7.252997940578384650e+00
2.349234923492349196e+02,4.773386478653792508e+00,7.267517250723847688e+00
2.350735073507350705e+02,4.375600792351766799e+00,7.271410721760555695e+00
2.352235223522352214e+02,3.974659305452304281e+00,7.262098417290864028e+00
2.353735373537353723e+02,3.570792252869303685e+00,7.236404372941406038e+00
2.355235523552355232e+02,3.164328163931279470e+00,7.190556596363090414e+00
2.356735673567356741e+02,2.755693862381366266e+00,7.120187067231108280e+00
2.358235823582358250e+02,2.345791514317286719e+00,7.018565816358981024e+00
2.359735973597359759e+02,1.936519751638177134e+00,6.876063878021127174e+00
2.361236123612361268e+02,1.530865875270530196e+00,6.676340266094715759e+00
2.362736273627362777e+02,1.134356165981279974e+00,6.385863671001178687e+00
2.364236423642364286e+02,7.558095774743358586e-01,5.945668460034027270e+00
2.365736573657365795e+02,4.129539549732353931e-01,5.229026032363109699e+00
2.367236723672367305e+02,1.452350576832995288e-01,3.797436830563157173e+00
2.368736873687368814e+02,2.387356767750996311e-02,8.024958170214301356e-01
2.370237023702370323e+02,1.732049918153655624e-02,6.502469560488666200e-03
2.371737173717371832e+02,2.316931884878217773e-02,1.026417275247713790e-04
2.373237323732373341e+02,3.117585307840826936e-02,4.717578651644836976e-06
2.374737473747374850e+02,4.195116685817656954e-02,4.708332301275822783e-07
2.376237623762376074e+02,5.644794686807821232e-02,9.057371496887047982e-08
2.377737773777377583e+02,7.594814703314779758e-02,4.662819176604764116e-08
2.379237923792379092e+02,1.021787414459754545e-01,1.553012737030188833e-08
2.380738073807380601e+02,1.374294053748056355e-01,9.731147290991578179e-09
2.382238223822382110e+02,1.848382026235519116e-01,1.272092139957266855e-08
2.383738373837383620e+02,2.485545055785979840e-01,9.750366052801258404e-09
2.385238523852385129e+02,3.340057518533722791e-01,7.448233013182974042e-09
2.386738673867386638e+02,4.485871144667465948e-01,6.268466574923939616e-09
2.388238823882388147e+02,6.024274509845308767e-01,5.625031851321316941e-09
2.389738973897389656e+02,8.084290993738596498e-01,5.183516168735950982e-09
2.391239123912391165e+02,1.083127515739005897e+00,4.880734841145468970e-09
2.392739273927392674e+02,1.448892687178251260e+00,4.702870479509608024e-09
2.394239423942394183e+02,1.935322376171534575e+00,4.611725549525522154e-09
2.395739573957395692e+02,2.579533072610790789e+00,4.579390044508852761e-09
2.397239723972397201e+02,3.426080390234646167e+00,4.588228987839478515e-09
2.398739873987398710e+02,4.523244942368890520e+00,4.628097911232182064e-09
2.400240024002400219e+02,5.945439237976972713e+00,4.692389990654720406e-09
2.401740174017401728e+02,7.768404497881673088e+00,4.776335224418968277e-09
2.403240324032403237e+02,1.005568763127768150e+01,4.875952184311013158e-09
2.404740474047404746e+02,1.285864123573159290e+01,4.988048015591154452e-09
2.406240624062406255e+02,1.621517227925081883e+01,5.110322532096467434e-09
2.407740774077407764e+02,2.011717963964887801e+01,5.241601229680274503e-09
2.409240924092409273e+02,2.449261177377088572e+01,5.380980929691640685e-09
2.410741074107410782e+02,2.921986838064300329e+01,5.527702813091699369e-09
2.412241224122412291e+02,3.412826035914704903e+01,5.681161871382931534e-09
2.413741374137413800e+02,3.899800980802052663e+01,5.840906906609163261e-09
2.415241524152415309e+02,4.358212353127708383e+01,6.006650347932156666e-09
2.416741674167416818e+02,4.774497736111519686e+01,6.178283868238976278e-09
2.418241824182418327e+02,5.140229439027032754e+01,6.355749965022296082e-09
2.419741974197419836e+02,5.450988458693440464e+01,6.539025477170000923e-09
2.421242124212421345e+02,5.706735346676809684e+01,6.728123877185048170e-09
2.422742274227422854e+02,5.911810209290075591e+01,6.923095271185464414e-09
2.424242424242424363e+02,6.074398501572301967e+01,7.124025711025412351e-09
2.425742574257425588e+02,6.201355699159036305e+01,7.331027411788268435e-09
2.427242724272427097e+02,6.299091199477244629e+01,7.544228130288235072e-09
2.428742874287428606e+02,6.373795863584577859e+01,7.763768297759845841e-09
2.430243024302430115e+02,6.430439897380597358e+01,7.989804609206796159e-09
2.431743174317431624e+02,6.473147203886350098e+01,8.222503968620861403e-09
2.433243324332433133e+02,6.506661513958395915e+01,8.462033095607803858e-09
2.434743474347434642e+02,6.532573054686672265e+01,8.708586325160648070e-09
2.436243624362436151e+02,6.551032698214214633e+01,8.962372480457441863e-09
2.437743774377437660e+02,6.563061405513816737e+01,9.223598069710592831e-09
2.439243924392439169e+02,6.570550226388030524e+01,9.492467286166878256e-09
2.440744074407440678e+02,6.576260299469164750e+01,9.769182008107435188e-09
2.442244224422442187e+02,6.582397941011383580e+01,1.005395450936962265e-08
2.443744374437443696e+02,6.587354937821001499e+01,1.034703579878641663e-08
2.445244524452445205e+02,6.590938005945514533e+01,1.064867026455149816e-08
2.446744674467446714e+02,6.593256593965745083e+01,1.095910702031217277e-08
2.448244824482448223e+02,6.594603655066504189e+01,1.127860099583054300e-08
2.449744974497449732e+02,6.595455647036598634e+01,1.160741293698350516e-08
2.451245124512451241e+02,6.596452841181198323e+01,1.194580962061234039e-08
2.452745274527452750e+02,6.597683507330484076e+01,1.229407049333418662e-08
2.454245424542454259e+02,6.598801341533548737e+01,1.265248538223345477e-08
2.455745574557455768e+02,6.599607329728129912e+01,1.302135148357401033e-08
2.457245724572457277e+02,6.599996853252459061e+01,1.340097442852616761e-08
2.458745874587458786e+02,6.599959688845261496e+01,1.379166828316669636e-08
2.460246024602460295e+02,6.599580008645763485e+01,1.419375554847881675e-08
2.461746174617461804e+02,6.599036380193682305e+01,1.460756716035219780e-08
2.463246324632463313e+02,6.598601766429233351e+01,1.503344248958296394e-08
2.464746474647464822e+02,6.598643461622216932e+01,1.547172934392326992e-08
2.466246624662466331e+02,6.599324966199951348e+01,1.592278952054129387e-08
2.467746774677467840e+02,6.600290568271101677e+01,1.638699856472801215e-08
2.469246924692469349e+02,6.601239213154920549e+01,1.686474060804670960e-08
2.470747074707470858e+02,6.601945747878144743e+01,1.735641155445165581e-08
2.472247224722472083e+02,6.602260921174992347e+01,1.786241908028799251e-08
2.473747374737473592e+02,6.602111383487161334e+01,1.838318263429215058e-08
2.475247524752475101e+02,6.601499686963836666e+01,1.891913343759123456e-08
2.476747674767476610e+02,6.600504285461683196e+01,1.947071448370344287e-08
2.478247824782478119e+02,6.599279534544847081e+01,2.003838053853794209e-08
2.479747974797479628e+02,6.598055691484961471e+01,2.062259814039488681e-08
2.481248124812481137e+02,6.597138915261136560e+01,2.122384559996541301e-08
2.482748274827482646e+02,6.596911266559968112e+01,2.184261300033163474e-08
2.484248424842484155e+02,6.597770722188521120e+01,2.247940398837052092e-08
2.485748574857485664e+02,6.599436859365945907e+01,2.313474953295997725e-08
2.487248724872487173e+02,6.601279478943450840e+01,2.380919812131227235e-08
2.488748874887488682e+02,6.602813562242545231e+01,2.450331298337382350e-08
2.490249024902490191e+02,6.603702059125707535e+01,2.521767273544356539e-08
2.491749174917491700e+02,6.603755887996379670e+01,2.595287138017294681e-08
2.493249324932493209e+02,6.602933935798968434e+01,2.670951830656595052e-08
2.494749474947494718e+02,6.601343058018849774e+01,2.748823828997905353e-08
2.496249624962496227e+02,6.599238078682364517e+01,2.828967149212127676e-08
2.497749774977497736e+02,6.597021790356816950e+01,2.911447346105413868e-08
2.499249924992499245e+02,6.595244954150480510e+01,2.996331513119168509e-08
2.500750075007500755e+02,6.594606299712594932e+01,3.083688282330048256e-08
2.502250225022502264e+02,6.595885858896764375e+01,3.173587961584287952e-08
2.503750375037503773e+02,6.598742960086492815e+01,3.266105169816243022e-08
2.505250525052505282e+02,6.602030794370871547e+01,3.361318594360609256e-08
2.506750675067506791e+02,6.604851349843602293e+01,3.459308832532634881e-08
2.508250825082508300e+02,6.606571784123997304e+01,3.560158347864965578e-08
2.509750975097509809e+02,6.606824424356977943e+01,3.663951470107646474e-08
2.511251125112511318e+02,6.605506767213071839e+01,3.770774395228116842e-08
2.512751275127512827e+02,6.602781478888417155e+01,3.880715185411216061e-08
2.514251425142514336e+02,6.599076395104756898e+01,3.993863769059178318e-08
2.515751575157515845e+02,6.595084521109444609e+01,4.110311940791638568e-08
2.517251725172517354e+02,6.591764031675442936e+01,4.230153361445626575e-08
2.518751875187518863e+02,6.590338271101320800e+01,4.353483558075569559e-08
2.520252025202520372e+02,6.592102676428787333e+01,4.480400440495753507e-08
2.521752175217521597e+02,6.595373405990183358e+01,4.611012880090928523e-08
2.523252325232523106e+02,6.598578333682365837e+01,4.745433214527261825e-08
2.524752475247524615e+02,6.600992557885810186e+01,4.883774840172889632e-08
2.526252625262526124e+02,6.602178876521394102e+01,5.026153629134961624e-08
2.527752775277527633e+02,6.601987787050389045e+01,5.172687929259619764e-08
2.529252925292529142e+02,6.600557486474468760e+01,5.323498564131994993e-08
2.530753075307530651e+02,6.598313871335699332e+01,5.478708833076210536e-08
2.532253225322532160e+02,6.595970537716547710e+01,5.638444511155379918e-08
2.533753375337533669e+02,6.594528781239877446e+01,5.802833849171606302e-08
2.535253525352535178e+02,6.595204370421677709e+01,5.972007859251463417e-08
2.536753675367536687e+02,6.597077391969475002e+01,6.146109491178086747e-08
2.538253825382538196e+02,6.598956466710487234e+01,6.325286779784042156e-08
2.539753975397539705e+02,6.600411389526361461e+01,6.509689313826038014e-08
2.541254125412541214e+02,6.601176564227826304e+01,6.699470606371198290e-08
2.542754275427542723e+02,6.601151003554693375e+01,6.894788094797059904e-08
2.544254425442544232e+02,6.600398329175853007e+01,7.095803140791570084e-08
2.545754575457545741e+02,6.599146771689279944e+01,7.302681030353090329e-08
2.547254725472547250e+02,6.597789170622029076e+01,7.515590973790392446e-08
2.548754875487548759e+02,6.596882974430236857e+01,7.734706105722665163e-08
2.550255025502550268e+02,6.597142086108107151e+01,7.960203538157238967e-08
2.551755175517551777e+02,6.598484948216446355e+01,8.192270022903108695e-08
2.553255325532553286e+02,6.600125654647246165e+01,8.431100768666494576e-08
2.554755475547554795e+02,6.601593601266073108e+01,8.676894958936939052e-08
2.556255625562556304e+02,6.602555025791522780e+01,8.929857325744253264e-08
2.557755775577557813e+02,6.602813007795228373e+01,9.190198149658514404e-08
2.559255925592559322e+02,6.602307468701856408e+01,9.458133259790061743e-08
2.560756075607560547e+02,6.601115171789105318e+01,9.733884033789450310e-08
2.562256225622562056e+02,6.599449722187709710e+01,1.001767739784765339e-07
2.563756375637563565e+02,6.597661566881437523e+01,1.030974582669575811e-07
2.565256525652565074e+02,6.596237994707090024e+01,1.061032734360516529e-07
2.566756675667566583e+02,6.595803136354501817e+01,1.091966552038754314e-07
2.568256825682568092e+02,6.597052590765221680e+01,1.123801005830279281e-07
2.569756975697569601e+02,6.599708649198980481e+01,1.156562514932647506e-07
2.571257125712571110e+02,6.602755639683628885e+01,1.190278824679370197e-07
2.572757275727572619e+02,6.605380267432146013e+01,1.224978390015036831e-07
2.574257425742574128e+02,6.607001533677257044e+01,1.260690359960079738e-07
2.575757575757575637e+02,6.607270735671436057e+01,1.297444577610775165e-07
2.577257725772577146e+02,6.606071466686903193e+01,1.335271580139243143e-07
2.578757875787578655e+02,6.603519616015624649e+01,1.374202598793446160e-07
2.580258025802580164e+02,6.599963368969315525e+01,1.414269558897191283e-07
2.581758175817581673e+02,6.595983206879436977e+01,1.455505079850128566e-07
2.583258325832583182e+02,6.592391907097196224e+01,1.497942475127751584e-07
2.584758475847584691e+02,6.590234542993547961e+01,1.541615752281397691e-07
2.586258625862586200e+02,6.590788483959197208e+01,1.586559612938247235e-07
2.587758775877587709e+02,6.593833221473438755e+01,1.632811176358459736e-07
2.589258925892589218e+02,6.597121102312561902e+01,1.680410815351513050e-07
2.590759075907590727e+02,6.599845498501406382e+01,1.729398756808505708e-07
2.592259225922592236e+02,6.601488500952098093e+01,1.779816113036475773e-07
2.593759375937593745e+02,6.601813978767034996e+01,1.831704888388784437e-07
2.595259525952595254e+02,6.600867579238894223e+01,1.885107979265115487e-07
2.596759675967596763e+02,6.598976727850627810e+01,1.940069174111475838e-07
2.598259825982598272e+02,6.596750628275462702e+01,1.996633153420195530e-07
2.599759975997599781e+02,6.595080262376900748e+01,2.054845489729927468e-07
2.601260126012601290e+02,6.595138390208720125e+01,2.114752647625647943e-07
2.602760276027602799e+02,6.596781934577201412e+01,2.176404226971877144e-07
2.604260426042604308e+02,6.598516044166382244e+01,2.239853076425570817e-07
2.605760576057605817e+02,6.599931183778109300e+01,2.305152098266963350e-07
2.607260726072607326e+02,6.600765496879566285e+01,2.372355621210977530e-07
2.608760876087608835e+02,6.600904461148228108e+01,2.441519400894339958e-07
2.610261026102610344e+02,6.600380888471865148e+01,2.512700619875583162e-07
2.611761176117611853e+02,6.599374924948538990e+01,2.585957887635042426e-07
2.613261326132613362e+02,6.598214050886602422e+01,2.661351240574859758e-07
2.614761476147614871e+02,6.597373080804705126e+01,2.738942142018980448e-07
2.616261626162616380e+02,6.597473697798936598e+01,2.818793483436331644e-07
2.617761776177617890e+02,6.598610666697940985e+01,2.900971110685021345e-07
2.619261926192619399e+02,6.600087185148740332e+01,2.985544031514842927e-07
2.620762076207620908e+02,6.601460981259300809e+01,3.072582664302404028e-07
2.622262226222622417e+02,6.602411956231712509e+01,3.162159438027167219e-07
2.623762376237623926e+02,6.602742184362199396e+01,3.254348792271450005e-07
2.625262526252625435e+02,6.602375913041109357e+01,3.349227177220423765e-07
2.626762676267626944e+02,6.601359562752919885e+01,3.446873053662116401e-07
2.628262826282628453e+02,6.599861727076236662e+01,3.547366892987407571e-07
2.629762976297629962e+02,6.598173172683790710e+01,3.650791177190033983e-07
2.631263126312631471e+02,6.596706839342446926e+01,3.757230398866586222e-07
2.632763276327632980e+02,6.595997839913192706e+01,3.866771061216508747e-07
2.634263426342634489e+02,6.596709315396532247e+01,3.979501672839385302e-07
2.635763576357635998e+02,6.599150930483526167e+01,4.095514255232106027e-07
2.637263726372637507e+02,6.602374471659985034e+01,4.214906859204546045e-07
2.638763876387639016e+02,6.605439244455767778e+01,4.337780532561865859e-07
2.640264026402639956e+02,6.607642819515565691e+01,4.464238792524794373e-07
2.641764176417641465e+02,6.608521032598912370e+01,4.594387625729820008e-07
2.643264326432642974e+02,6.607847984580169509e+01,4.728335488228904292e-07
2.644764476447644483e+02,6.605636041448538265e+01,4.866193305489674040e-07
2.646264626462645992e+02,6.602135834308053575e+01,5.008074472395370522e-07
2.647764776477647501e+02,6.597836259377588419e+01,5.154094853244850530e-07
2.649264926492649010e+02,6.593464477990848138e+01,5.304372781752587960e-07
2.650765076507650519e+02,6.589985916596377535e+01,5.459029061048674347e-07
2.652265226522652029e+02,6.588604266757552352e+01,5.618186963678813566e-07
2.653765376537653538e+02,6.590604013075535761e+01,5.781972780425136442e-07
2.655265526552655047e+02,6.594134895832776522e+01,5.950527572153263301e-07
2.656765676567656556e+02,6.597476160460452377e+01,6.123996889933909076e-07
2.658265826582658065e+02,6.599940344758012145e+01,6.302526977934478017e-07
2.659765976597659574e+02,6.601135368608117915e+01,6.486267213288511936e-07
2.661266126612661083e+02,6.600964533976639359e+01,6.675370106095680682e-07
2.662766276627662592e+02,6.599626524912656578e+01,6.869991299421793785e-07
2.664266426642664101e+02,6.597615407548464361e+01,7.070289569298788809e-07
2.665766576657665610e+02,6.595720630099565085e+01,7.276426824724741945e-07
2.667266726672667119e+02,6.595027022864671551e+01,7.488568107663858476e-07
2.668766876687668628e+02,6.596287058544007209e+01,7.706884766325057647e-07
2.670267026702670137e+02,6.597881666458754069e+01,7.931564759553856809e-07
2.671767176717671646e+02,6.599264155586953962e+01,8.162795952856234416e-07
2.673267326732673155e+02,6.600178704213389835e+01,8.400770575133119259e-07
2.674767476747674664e+02,6.600499602165093904e+01,8.645686045165959551e-07
2.676267626762676173e+02,6.600231250811356176e+01,8.897744971616722921e-07
2.677767776777677682e+02,6.599508163063720190e+01,9.157155153027899593e-07
2.679267926792679191e+02,6.598594963375981592e+01,9.424129577822494976e-07
2.680768076807680700e+02,6.597886387744188141e+01,9.698886424304038130e-07
2.682268226822682209e+02,6.597907283706645387e+01,9.981649060656577536e-07
2.683768376837683718e+02,6.598827699472106190e+01,1.027265033250220304e-06
2.685268526852685227e+02,6.600075372003708196e+01,1.057213397066760400e-06
2.686768676867686736e+02,6.601266127634268344e+01,1.088034871465618640e-06
2.688268826882688245e+02,6.602118474976680318e+01,1.119755061705823866e-06
2.689768976897689754e+02,6.602453515687332697e+01,1.152400304454518105e-06
2.691269126912691263e+02,6.602194944466104687e+01,1.185997667786956143e-06
2.692769276927692772e+02,6.601369049056370386e+01,1.220574951186505740e-06
2.694269426942694281e+02,6.600104710244997364e+01,1.256160685544647628e-06
2.695769576957695790e+02,6.598633401862345238e+01,1.292784133160974876e-06
2.697269726972697299e+02,6.597289190782265678e+01,1.330475287743194374e-06
2.698769876987698808e+02,6.596508736922106664e+01,1.369264874407125346e-06
2.700270027002700317e+02,6.596830291360451781e+01,1.409184351290062704e-06
2.701770177017701826e+02,6.598368360367722119e+01,1.450266562273279032e-06
2.703270327032703335e+02,6.600393594487107407e+01,1.492546048624562356e-06
2.704770477047704844e+02,6.602294702378613067e+01,1.536058213323799872e-06
2.706270627062706353e+02,6.603625698961992896e+01,1.580839414665818088e-06
2.707770777077707862e+02,6.604105905416751909e+01,1.626926966260383040e-06
2.709270927092709371e+02,6.603619949182150606e+01,1.674359137032200287e-06
2.710771077107710880e+02,6.602217763957197860e+01,1.723175151220914916e-06
2.712271227122712389e+02,6.600114589700653767e+01,1.773415188381111326e-06
2.713771377137713898e+02,6.597690972631032480e+01,1.825120383382313655e-06
2.715271527152715407e+02,6.595492765226599374e+01,1.878332826408985352e-06
2.716771677167716916e+02,6.594231126225372464e+01,1.933095562960529393e-06
2.718271827182718425e+02,6.594780903159374930e+01,1.989452595654322636e-06
2.719771977197719934e+02,6.597357800123964466e+01,2.047449941912121372e-06
2.721272127212721443e+02,6.600765709602605114e+01,2.107136935565989486e-06
2.722772277227722952e+02,6.603967153818454960e+01,2.168564281876204129e-06
2.724272427242724461e+02,6.606205210638948699e+01,2.231783840704665552e-06
2.725772577257725970e+02,6.607003513575804732e+01,2.296848626514895839e-06
2.727272727272727479e+02,6.606166251785016641e+01,2.363812808372038057e-06
2.728772877287728988e+02,6.603778170066857456e+01,2.432731709942857949e-06
2.730273027302730497e+02,6.600204568865881072e+01,2.503661809495742243e-06
2.731773177317732006e+02,6.596091304270920830e+01,2.576660739900699499e-06
2.733273327332733516e+02,6.592364788015085253e+01,2.651787288629360528e-06
2.734773477347735025e+02,6.590231987475765152e+01,2.729101397754977974e-06
2.736273627362736534e+02,6.591173373891378162e+01,2.808664174010555042e-06
2.737773777377737474e+02,6.594931410666501392e+01,2.890541160380072492e-06
2.739273927392738983e+02,6.599413844502392124e+01,2.974803577767235708e-06
2.740774077407740492e+02,6.603343092724007590e+01,3.061523661673446250e-06
2.742274227422742001e+02,6.605832278558465021e+01,3.150774998471791543e-06
2.743774377437743510e+02,6.606385231135041636e+01,3.242632525407013539e-06
2.745274527452745019e+02,6.604896485485171809e+01,3.337172530595509991e-06
2.746774677467746528e+02,6.601651282542449906e+01,3.434472653025332754e-06
2.748274827482748037e+02,6.597325569142627444e+01,3.534611882556188636e-06
2.749774977497749546e+02,6.592985998023617356e+01,3.637670559919440663e-06
2.751275127512751055e+02,6.590089927825491145e+01,3.743730376718105547e-06
2.752775277527752564e+02,6.590485423090478889e+01,3.852874375426854523e-06
2.754275427542754073e+02,6.593782003893478816e+01,3.965193083516404819e-06
2.755775577557755582e+02,6.597339713221094826e+01,4.080785420969117511e-06
2.757275727572757091e+02,6.600278118066397326e+01,4.199749321275950921e-06
2.758775877587758600e+02,6.602025429651322952e+01,4.322184799655245536e-06
2.760276027602760109e+02,6.602318299482168129e+01,4.448193953510845162e-06
2.761776177617761618e+02,6.601201819349591915e+01,4.577880962432093540e-06
2.763276327632763127e+02,6.599029521328610315e+01,4.711352088193836881e-06
2.764776477647764636e+02,6.596463377778597703e+01,4.848715674756423028e-06
2.766276627662766145e+02,6.594473801343293928e+01,4.990082148265702294e-06
2.767776777677767654e+02,6.594339644950792945e+01,5.135564017053024927e-06
2.769276927692769164e+02,6.596211944660142024e+01,5.285280678438489085e-06
2.770777077707770673e+02,6.598320463242598066e+01,5.439361343437550987e-06
2.772277227722772182e+02,6.600113463413164538e+01,5.597935019799452872e-06
2.773777377737773691e+02,6.601231950971768470e+01,5.761134016618012532e-06
2.775277527752775200e+02,6.601497459320033556e+01,5.929093985168429330e-06
2.776777677767776709e+02,6.600912049461285847e+01,6.101953918907285896e-06
2.778277827782778218e+02,6.599658310000550898e+01,6.279856153472548121e-06
2.779777977797779727e+02,6.598099357144550936e+01,6.462946366683565163e-06
2.781278127812781236e+02,6.596778834701709116e+01,6.651373578541066903e-06
2.782778277827782745e+02,6.596420914082146680e+01,6.845290151227169028e-06
2.784278427842784254e+02,6.597541409497610232e+01,7.044853761206720475e-06
2.785778577857785763e+02,6.599248717514875295e+01,7.250233079787166231e-06
2.787278727872787272e+02,6.600941139902194266e+01,7.461599914423378577e-06
2.788778877887788781e+02,6.602206381962567150e+01,7.679130593692464895e-06
2.790279027902790290e+02,6.602780578721254301e+01,7.903006195707276005e-06
2.791779177917791799e+02,6.602548294925780681e+01,8.133412548116390918e-06
2.793279327932793308e+02,6.601542525045934440e+01,8.370540228104131236e-06
2.794779477947794817e+02,6.599944693273766916e+01,8.614584562390550985e-06
2.796279627962796326e+02,6.598084653523595478e+01,8.865745627231443396e-06
2.797779777977797835e+02,6.596440689431994997e+01,9.124228248418334123e-06
2.799279927992799344e+02,6.595639514357810640e+01,9.390242001278489717e-06
2.800780078007800853e+02,6.596431077805900145e+01,9.664001394473553999e-06
2.802280228022802362e+02,6.598751886062578365e+01,9.945732286319680329e-06
2.803780378037803871e+02,6.601610779608400037e+01,1.023567303589943021e-05
2.805280528052805380e+02,6.604193097601771001e+01,1.053406821596510772e-05
2.806780678067806889e+02,6.605908847716042942e+01,1.084116845101693269e-05
2.808280828082808398e+02,6.606392706139519078e+01,1.115723041730304403e-05
2.809780978097809907e+02,6.605504017575447051e+01,1.148251684281949640e-05
2.811281128112811416e+02,6.603326795242027458e+01,1.181729650731026357e-05
2.812781278127812925e+02,6.600169720872405321e+01,1.216184424226723333e-05
2.814281428142814434e+02,6.596566144714675772e+01,1.251644093093021429e-05
2.815781578157815943e+02,6.593274085531882633e+01,1.288137350828692909e-05
2.817281728172817452e+02,6.591276230602016994e+01,1.325693496107301610e-05
2.818781878187818961e+02,6.591779935718020056e+01,1.364342432777203786e-05
2.820282028202820470e+02,6.594592184342651819e+01,1.404116071654434460e-05
2.821782178217821979e+02,6.597705955325287164e+01,1.445048930275290929e-05
2.823282328232823488e+02,6.600324564271787153e+01,1.487175578158746231e-05
2.824782478247824997e+02,6.601923547967371064e+01,1.530531366972116825e-05
2.826282628262826506e+02,6.602247887986794694e+01,1.575152432831105679e-05
2.827782778277828015e+02,6.601312010694340415e+01,1.621075696299800918e-05
2.829282928292829524e+02,6.599399787243821436e+01,1.668338862390678364e-05
2.830783078307831033e+02,6.597064533578583223e+01,1.716980420564598992e-05
2.832283228322831974e+02,6.595129010431497818e+01,1.767039644730790979e-05
2.833783378337833483e+02,6.594685423324970941e+01,1.818556593246926269e-05
2.835283528352834992e+02,6.596239819546165961e+01,1.871573143968633177e-05
2.836783678367836501e+02,6.598152756502952343e+01,1.926134921981610741e-05
2.838283828382838010e+02,6.599843100840830346e+01,1.982287612129098850e-05
2.839783978397839519e+02,6.600961466337621175e+01,2.040078031059593800e-05
2.841284128412841028e+02,6.601321700879664434e+01,2.099554210824449590e-05
2.842784278427842537e+02,6.600900886461825223e+01,2.160765398877879617e-05
2.844284428442844046e+02,6.599839339187491305e+01,2.223762058076954979e-05
2.845784578457845555e+02,6.598440609268571677e+01,2.288595866681604818e-05
2.847284728472847064e+02,6.597171481025496576e+01,2.355319718354616994e-05
2.848784878487848573e+02,6.596661972887220315e+01,2.423987722161638085e-05
2.850285028502850082e+02,6.597518944169459587e+01,2.494655559761553367e-05
2.851785178517851591e+02,6.599109826606385809e+01,2.567382608762394482e-05
2.853285328532853100e+02,6.600793921240851603e+01,2.642229744243388849e-05
2.854785478547854609e+02,6.602139142840900377e+01,2.719259397142407102e-05
2.856285628562856118e+02,6.602855372597299777e+01,2.798535706784438510e-05
2.857785778577857627e+02,6.602794458123540267e+01,2.880124520881591988e-05
2.859285928592859136e+02,6.601950213455835126e+01,2.964093395533094749e-05
2.860786078607860645e+02,6.600458419053119030e+01,3.050511595225292638e-05
2.862286228622862154e+02,6.598596821797053735e+01,3.139450092831651149e-05
2.863786378637863663e+02,6.596785134992020971e+01,3.230981569612755087e-05
2.865286528652865172e+02,6.595585038365125286e+01,3.325180415216306875e-05
2.866786678667866681e+02,6.595700178066196884e+01,3.422122727677129263e-05
2.868286828682868190e+02,6.597660725556985994e+01,3.521887097109711135e-05
2.869786978697869699e+02,6.600676451720399029e+01,3.624557463094781501e-05
2.871287128712871208e+02,6.603750522670598855e+01,3.730220815309860850e-05
2.872787278727872717e+02,6.606128744115750351e+01,3.838966263450909985e-05
2.874287428742874226e+02,6.607299579214645746e+01,3.950885037518627835e-05
2.875787578757875735e+02,6.606994148576701775e+01,4.066070487818454168e-05
2.877287728772877244e+02,6.605186230261958258e+01,4.184618084960565522e-05
2.878787878787878753e+02,6.602092259781083783e+01,4.306625419859878596e-05
2.880288028802880262e+02,6.598171330095371445e+01,4.432192203736047537e-05
2.881788178817881771e+02,6.594125191616738846e+01,4.561420268113467331e-05
2.883288328832883280e+02,6.590898252207729513e+01,4.694413564821270412e-05
2.884788478847884790e+02,6.589677577181512902e+01,4.831278165993328018e-05
2.886288628862886299e+02,6.591656942007764997e+01,4.972122971292245813e-05
2.887788778877887808e+02,6.594986562829964782e+01,5.117069336334437320e-05
2.889288928892889317e+02,6.598163150297128254e+01,5.266241752278230334e-05
2.890789078907890826e+02,6.600500101637157968e+01,5.419765941654687547e-05
2.892289228922892335e+02,6.601597503121180921e+01,5.577770366187459548e-05
2.893789378937893844e+02,6.601342130063535762e+01,5.740386226792785498e-05
2.895289528952895353e+02,6.599907446821785584e+01,5.907747463579490418e-05
2.896789678967896862e+02,6.597753606796710812e+01,6.079990755848987906e-05
2.898289828982898371e+02,6.595627452432310633e+01,6.257255522095278772e-05
2.899789978997899880e+02,6.594562515215804410e+01,6.439683920004951048e-05
2.901290129012901389e+02,6.595596424394453550e+01,6.627422073926555308e-05
2.902790279027902898e+02,6.597344937974089873e+01,6.820630613813013598e-05
2.904290429042904407e+02,6.598974458616784489e+01,7.019472293371793400e-05
2.905790579057905916e+02,6.600143820411656748e+01,7.224112750550993624e-05
2.907290729072907425e+02,6.600659603832750122e+01,7.434722032503218324e-05
2.908790879087908934e+02,6.600476135739032202e+01,7.651474595585579404e-05
2.910291029102910443e+02,6.599695489374391855e+01,7.874549305359695268e-05
2.911791179117911952e+02,6.598567484367644909e+01,8.104129436591686749e-05
2.913291329132913461e+02,6.597489686732525627e+01,8.340402673252185245e-05
2.914791479147914970e+02,6.597007408867693812e+01,8.583561108516328650e-05
2.916291629162916479e+02,6.597679447445355549e+01,8.833802239398748249e-05
2.917791779177917988e+02,6.599022271241338444e+01,9.091335724044679386e-05
2.919291929192919497e+02,6.600473579410358127e+01,9.356376548039570284e-05
2.920792079207921006e+02,6.601654195075037990e+01,9.629145316716365569e-05
2.922292229222922515e+02,6.602306019576994345e+01,9.909868855795170956e-05
2.923792379237924024e+02,6.602292032476832162e+01,1.019878021138325732e-04
2.925292529252925533e+02,6.601596291554149332e+01,1.049611864997506067e-04
2.926792679267927042e+02,6.600323932807535243e+01,1.080212965845217272e-04
2.928292829282928551e+02,6.598701170454569365e+01,1.111706494408335437e-04
2.929792979297929492e+02,6.597075296931824084e+01,1.144118243452440159e-04
2.931293129312931001e+02,6.595914682894859027e+01,1.177474627781864412e-04
2.932793279327932510e+02,6.595808777218232422e+01,1.211802684239620688e-04
2.934293429342934019e+02,6.597409909534117389e+01,1.247130148476143050e-04
2.935793579357935528e+02,6.600330219180000313e+01,1.283486432115394217e-04
2.937293729372937037e+02,6.603533847110897170e+01,1.320902347042367221e-04
2.938793879387938546e+02,6.606207130887736412e+01,1.359409479365725291e-04
2.940294029402940055e+02,6.607771758170869703e+01,1.399040181050763515e-04
2.941794179417941564e+02,6.607884766720073344e+01,1.439827569919407480e-04
2.943294329432943073e+02,6.606438544394545431e+01,1.481805529650214359e-04
2.944794479447944582e+02,6.603560829152912959e+01,1.525008709778372909e-04
2.946294629462946091e+02,6.599614709053220452e+01,1.569472525695702930e-04
2.947794779477947600e+02,6.595198622252939913e+01,1.615233158650654995e-04
2.949294929492949109e+02,6.591146357008965140e+01,1.662327555748311530e-04
2.950795079507950618e+02,6.588527051677615987e+01,1.710793429950386007e-04
2.952295229522952127e+02,6.588645194714634101e+01,1.760669260075223210e-04
2.953795379537953636e+02,6.591777255901425292e+01,1.811995681134864549e-04
2.955295529552955145e+02,6.595283972789138716e+01,1.864817878722151742e-04
2.956795679567956654e+02,6.598238013271830482e+01,1.919180637387008284e-04
2.958295829582958163e+02,6.600095757261981078e+01,1.975129617466410685e-04
2.959795979597959672e+02,6.600607326827294230e+01,2.032711449811671939e-04
2.961296129612961181e+02,6.599816586190692647e+01,2.091973735788443421e-04
2.962796279627962690e+02,6.598061141730318013e+01,2.152965047276714889e-04
2.964296429642964199e+02,6.595972341979535258e+01,2.215734926670813400e-04
2.965796579657965708e+02,6.594475277626925447e+01,2.280333886879403848e-04
2.967296729672967217e+02,6.594773559713834743e+01,2.346813435273842308e-04
2.968796879687968726e+02,6.596309163148609400e+01,2.415229258174075020e-04
2.970297029702970235e+02,6.597821303891852551e+01,2.485639636961884812e-04
2.971797179717971744e+02,6.598984868740062382e+01,2.558103148169345981e-04
2.973297329732973253e+02,6.599604796982255550e+01,2.632679972559703744e-04
2.974797479747974762e+02,6.599616080399964346e+01,2.709431895127375860e-04
2.976297629762976271e+02,6.599083763267233849e+01,2.788422305097951279e-04
2.977797779777977780e+02,6.598202942350627609e+01,2.869716195928190142e-04
2.979297929792979289e+02,6.597298766909224810e+01,2.953380165306025403e-04
2.980798079807980798e+02,6.596826438694618844e+01,3.039482415150561207e-04
2.982298229822982307e+02,6.597294587535235166e+01,3.128092981849616870e-04
2.983798379837983816e+02,6.598395771513325769e+01,3.219285844126302935e-04
2.985298529852985325e+02,6.599634115782288291e+01,3.313136955190074226e-04
2.986798679867986834e+02,6.600671734154266801e+01,3.409724273207690890e-04
2.988298829882988343e+02,6.601273603730130901e+01,3.509128016494344332e-04
2.989798979897989852e+02,6.601307564899464353e+01,3.611430663513651249e-04
2.991299129912991361e+02,6.600744321340577869e+01,3.716716952877660140e-04
2.992799279927992870e+02,6.599657440020499166e+01,3.825073883346847507e-04
2.994299429942994379e+02,6.598223351194977226e+01,3.936590713830116772e-04
2.995799579957995888e+02,6.596721348408485142e+01,4.051358963384801533e-04
2.997299729972997397e+02,6.595533588494211585e+01,4.169472411216663932e-04
2.998799879987998906e+02,6.595145091574070761e+01,4.291027096679894660e-04
3.000300030003000415e+02,6.596052952888356913e+01,4.416121699662678120e-04
3.001800180018001925e+02,6.597863240009708363e+01,4.544860665913115516e-04
3.003300330033003434e+02,6.599858978945700017e+01,4.677352017837966419e-04
3.004800480048004943e+02,6.601504119359034917e+01,4.813706582967548970e-04
3.006300630063006452e+02,6.602428131199586403e+01,4.954038139932963238e-04
3.007800780078007961e+02,6.602426004704403795e+01,5.098463418466092851e-04
3.009300930093009470e+02,6.601458250397713812e+01,5.247102099399602280e-04
3.010801080108010979e+02,6.599650899090914891e+01,5.400076814666937390e-04
3.012301230123012488e+02,6.597295501882581448e+01,5.557513147302329225e-04
3.013801380138013997e+02,6.594849130158462458e+01,5.719539631440788592e-04
3.015301530153015506e+02,6.592934375591482876e+01,5.886287752318108231e-04
3.016801680168017015e+02,6.592339350141742216e+01,6.057891946270866062e-04
3.018301830183018524e+02,6.593873544904167261e+01,6.234490146079652148e-04
3.019801980198020033e+02,6.596914077573011070e+01,6.416229929306532841e-04
3.021302130213021542e+02,6.600264605043150823e+01,6.603266122439344033e-04
3.022802280228023051e+02,6.603022729113779121e+01,6.795757107218589402e-04
3.024302430243023991e+02,6.604565293058938380e+01,6.993864836307953255e-04
3.025802580258025500e+02,6.604548381627525089e+01,7.197754833294601941e-04
3.027302730273027009e+02,6.602907321043286970e+01,7.407596192688730655e-04
3.028802880288028518e+02,6.599856679004820137e+01,7.623561579923869179e-04
3.030303030303030027e+02,6.595890264685580462e+01,7.845827231356796230e-04
3.031803180318031536e+02,6.591781128733869366e+01,8.074572954267553561e-04
3.033303330333033045e+02,6.588581563272842345e+01,8.309982126859431859e-04
3.034803480348034554e+02,6.587623101900508971e+01,8.552241698258982675e-04
3.036303630363036063e+02,6.590088119392514443e+01,8.801544228943316032e-04
3.037803780378037573e+02,6.594261848080506638e+01,9.058103119352845173e-04
3.039303930393039082e+02,6.598509094952233056e+01,9.322139935254080897e-04
3.040804080408040591e+02,6.601744003974198449e+01,9.593879821195257012e-04
3.042304230423042100e+02,6.603268118565586065e+01,9.873552109517104002e-04
3.043804380438043609e+02,6.602770381598263327e+01,1.016139032035284252e-03
3.045304530453045118e+02,6.600327135396777578e+01,1.045763216162819099e-03
3.046804680468046627e+02,6.596402121738356072e+01,1.076251952906136667e-03
3.048304830483048136e+02,6.591846481852908823e+01,1.107629850616307374e-03
3.049804980498049645e+02,6.587898756423022917e+01,1.139921936423651631e-03
3.051305130513051154e+02,6.586184885583971038e+01,1.173153656237739626e-03
3.052805280528052663e+02,6.588241318453530937e+01,1.207351212879103838e-03
3.054305430543054172e+02,6.591663761408820221e+01,1.242544444548411477e-03
3.055805580558055681e+02,6.594903086772070822e+01,1.278763611743089813e-03
3.057305730573057190e+02,6.597223258929568601e+01,1.316039276242156938e-03
3.058805880588058699e+02,6.598195014176968698e+01,1.354402643371672987e-03
3.060306030603060208e+02,6.597695860719309735e+01,1.393885562004738409e-03
3.061806180618061717e+02,6.595910078671005294e+01,1.434520524561496129e-03
3.063306330633063226e+02,6.593328720055843917e+01,1.476340667009129384e-03
3.064806480648064735e+02,6.590749608806991944e+01,1.519379768861863454e-03
3.066306630663066244e+02,6.589277340766994939e+01,1.563672253180965017e-03
3.067806780678067753e+02,6.590138354493747386e+01,1.609253377833035634e-03
3.069306930693069262e+02,6.592058395596285436e+01,1.656161971266799588e-03
3.070807080708070771e+02,6.593937413489767607e+01,1.704437809131813687e-03
3.072307230723072280e+02,6.595315349150372697e+01,1.754121219160657700e-03
3.073807380738073789e+02,6.595912512567663555e+01,1.805253560117808624e-03
3.075307530753075298e+02,6.595629582744584241e+01,1.857877221799641987e-03
3.076807680768076807e+02,6.594547607697461444e+01,1.912035625034430109e-03
3.078307830783078316e+02,6.592928004456000224e+01,1.967773221682343841e-03
3.079807980798079825e+02,6.591212559063293952e+01,2.025135494635451044e-03
3.081308130813081334e+02,6.590023426575812948e+01,2.084168957817717459e-03
3.082808280828082843e+02,6.590151504183690179e+01,2.144921175123570313e-03
3.084308430843084352e+02,6.591436395725331465e+01,2.207442485617678446e-03
3.085808580858085861e+02,6.593001049117199841e+01,2.271785562253703355e-03
3.087308730873087370e+02,6.594349290927091545e+01,2.338004082909365868e-03
3.088808880888088879e+02,6.595133069675760851e+01,2.406153189998671595e-03
3.090309030903090388e+02,6.595152455836934280e+01,2.476289490471910489e-03
3.091809180918091897e+02,6.594355641837300652e+01,2.548471055815657721e-03
3.093309330933093406e+02,6.592838942056512508e+01,2.622757422052771504e-03
3.094809480948094915e+02,6.590846792827193212e+01,2.699209589742395700e-03
3.096309630963096424e+02,6.588771752434925588e+01,2.777890023979958083e-03
3.097809780978097933e+02,6.587154501118261862e+01,2.858862654397171642e-03
3.099309930993099442e+02,6.586683841068719403e+01,2.942192875162032845e-03
3.100810081008100951e+02,6.587967408015870774e+01,3.027948038624941711e-03
3.102310231023102460e+02,6.590341606922505946e+01,3.116199976344784586e-03
3.103810381038103969e+02,6.592868189936854151e+01,3.207023205036805494e-03
3.105310531053105478e+02,6.594835656843488891e+01,3.300494093636728750e-03
3.106810681068106987e+02,6.595754776890964877e+01,3.396690877137768620e-03
3.108310831083108496e+02,6.595358588791818022e+01,3.495693656590631061e-03
3.109810981098110005e+02,6.593602400722568291e+01,3.597584399103512416e-03
3.111311131113111514e+02,6.590663790323715432e+01,3.702446937842099849e-03
3.112811281128113023e+02,6.586942604699738979e+01,3.810366972029570910e-03
3.114311431143114532e+02,6.583060960419102514e+01,3.921432066946594838e-03
3.115811581158116041e+02,6.579863243514249405e+01,4.035731653931330827e-03
3.117311731173117550e+02,6.578416109481604224e+01,4.153357030379429757e-03
3.118811881188119060e+02,6.579792522486533812e+01,4.274401925736358819e-03
3.120312031203120569e+02,6.582440567719881130e+01,4.398969766227583088e-03
3.121812181218121509e+02,6.585014341625885947e+01,4.527166919900104010e-03
3.123312331233123018e+02,6.586838134796580846e+01,4.659101164349489441e-03
3.124812481248124527e+02,6.587502080511477232e+01,4.794882693036383800e-03
3.126312631263126036e+02,6.586862154737569597e+01,4.934624115286700627e-03
3.127812781278127545e+02,6.585040176129332679e+01,5.078440456291577476e-03
3.129312931293129054e+02,6.582423806028728563e+01,5.226449157107371582e-03
3.130813081308130563e+02,6.579666548465195319e+01,5.378770074655662460e-03
3.132313231323132072e+02,6.577687750155658364e+01,5.535525481723253642e-03
3.133813381338133581e+02,6.577648726420177638e+01,5.696840157051076894e-03
3.135313531353135090e+02,6.578944382312910477e+01,5.862848961757200286e-03
3.136813681368136599e+02,6.580302658799170956e+01,6.033693037945814588e-03
3.138313831383138108e+02,6.581273770876467211e+01,6.209514709553178545e-03
3.139813981398139617e+02,6.581569885049512436e+01,6.390460032626276397e-03
3.141314131413141126e+02,6.581065119330231994e+01,6.576678795322813548e-03
3.142814281428142635e+02,6.579795543237756306e+01,6.768324517911223498e-03
3.144314431443144144e+02,6.577959177798423696e+01,6.965554452770660043e-03
3.145814581458145653e+02,6.575915995545778969e+01,7.168529584391004211e-03
3.147314731473147162e+02,6.574187920520573414e+01,7.377414629372858190e-03
3.148814881488148671e+02,6.573458828270769061e+01,7.592378036427551401e-03
3.150315031503150180e+02,6.574002790028627885e+01,7.813595295101824489e-03
3.151815181518151689e+02,6.574979875782887007e+01,8.041252432295892261e-03
3.153315331533153199e+02,6.575866206997183383e+01,8.275538892343680536e-03
3.154815481548154708e+02,6.576282443218381957e+01,8.516649326838311024e-03
3.156315631563156217e+02,6.575989066480511269e+01,8.764783624908609183e-03
3.157815781578157726e+02,6.574886381304760619e+01,9.020146913219097284e-03
3.159315931593159235e+02,6.573014514699487165e+01,9.282949555969994410e-03
3.160816081608160744e+02,6.570553416160208826e+01,9.553407154897225126e-03
3.162316231623162253e+02,6.567822857669607117e+01,9.831740549272407342e-03
3.163816381638163762e+02,6.565282433697527154e+01,1.011817581590286098e-02
3.165316531653165271e+02,6.563531561200977649e+01,1.041294426913160452e-02
3.166816681668166780e+02,6.563301024760905023e+01,1.071628252542758744e-02
3.168316831683168289e+02,6.564714464001380634e+01,1.102843810137899873e-02
3.169816981698169798e+02,6.566782618155833973e+01,1.134967403719880710e-02
3.171317131713171307e+02,6.568619445803635415e+01,1.168026075059922474e-02
3.172817281728172816e+02,6.569571977726369028e+01,1.202047515520330082e-02
3.174317431743174325e+02,6.569220316907838253e+01,1.237060066054491633e-02
3.175817581758175834e+02,6.567377638534064488e+01,1.273092717206878929e-02
3.177317731773177343e+02,6.564090189993287083e+01,1.310175109113046951e-02
3.178817881788178852e+02,6.559637290875964766e+01,1.348337531499634381e-02
3.180318031803180361e+02,6.554531332974772795e+01,1.387610923684363257e-02
3.181818181818181870e+02,6.549517780284602964e+01,1.428026874576039315e-02
3.183318331833183379e+02,6.545575169002570703e+01,1.469617622674551649e-02
3.184818481848184888e+02,6.543915107528005137e+01,1.512416056070872532e-02
3.186318631863186397e+02,6.545184210520692147e+01,1.556456474604433517e-02
3.187818781878187906e+02,6.547093203702864628e+01,1.601777087266382030e-02
3.189318931893189415e+02,6.548613145629204269e+01,1.648416169736660261e-02
3.190819081908190924e+02,6.549151529946153971e+01,1.696412684494870773e-02
3.192319231923192433e+02,6.548389355792936328e+01,1.745806428593728657e-02
3.193819381938193942e+02,6.546281127801559307e+01,1.796638033659062050e-02
3.195319531953195451e+02,6.543054856096814831e+01,1.848948965889812834e-02
3.196819681968196960e+02,6.539212056296278774e+01,1.902781526058034550e-02
3.198319831983198469e+02,6.535527749510312390e+01,1.958178849508895522e-02
3.199819981998199978e+02,6.533050462342058040e+01,2.015184906160675388e-02
3.201320132013201487e+02,6.532563174377180815e+01,2.073845243372219802e-02
3.202820282028202996e+02,6.532489473772277222e+01,2.134209903200108560e-02
3.204320432043204505e+02,6.532191550363587851e+01,2.196329065342669112e-02
3.205820582058206014e+02,6.531353688182029771e+01,2.260253992485827812e-02
3.207320732073207523e+02,6.529802670229466344e+01,2.326037280046353017e-02
3.208820882088209032e+02,6.527507778478707223e+01,2.393732856171850581e-02
3.210321032103210541e+02,6.524580793873511197e+01,2.463395981740768362e-02
3.211821182118212050e+02,6.521275996328586189e+01,2.535083250362392751e-02
3.213321332133213559e+02,6.517990164729584990e+01,2.608852588376850412e-02
3.214821482148215068e+02,6.515262576933109528e+01,2.684763254855107931e-02
3.216321632163216009e+02,6.513618047611885231e+01,2.762876198855787613e-02
3.217821782178217518e+02,6.512525687570460775e+01,2.843256174259557387e-02
3.219321932193219027e+02,6.511455117233644785e+01,2.925969481434921929e-02
3.220822082208220536e+02,6.510049631575152773e+01,3.011084123437366561e-02
3.222322232223222045e+02,6.508065536691870534e+01,3.098669974284341475e-02
3.223822382238223554e+02,6.505372149803848458e+01,3.188798778955262425e-02
3.225322532253225063e+02,6.501951799254304376e+01,3.281544153391510038e-02
3.226822682268226572e+02,6.497899824509622135e+01,3.376981584496430155e-02
3.228322832283228081e+02,6.493424576159351602e+01,3.475188430135332796e-02
3.229822982298229590e+02,6.488847415916211503e+01,3.576243919135493887e-02
3.231323132313231099e+02,6.484602716616082319e+01,3.680229151286154576e-02
3.232823282328232608e+02,6.481237862218016232e+01,3.787227097338520532e-02
3.234323432343234117e+02,6.479339910282443782e+01,3.897322811997448733e-02
3.235823582358235626e+02,6.478567122838400394e+01,4.010606280275958585e-02
3.237323732373237135e+02,6.478007588619759360e+01,4.127171794788996734e-02
3.238823882388238644e+02,6.476936384097544419e+01,4.247115983365803982e-02
3.240324032403240153e+02,6.474830090235256819e+01,4.370537770696135416e-02
3.241824182418241662e+02,6.471366792488881003e+01,4.497538378330261100e-02
3.243324332433243171e+02,6.466426080806881771e+01,4.628221324678967463e-02
3.244824482448244680e+02,6.460089049630201430e+01,4.762692425013553138e-02
3.246324632463246189e+02,6.452638297892264063e+01,4.901059791465833121e-02
3.247824782478247698e+02,6.444557929018974107e+01,5.043433833028136692e-02
3.249324932493249207e+02,6.436533550928717773e+01,5.189927255553306723e-02
3.250825082508250716e+02,6.429452276032358782e+01,5.340655061754703142e-02
3.252325232523252225e+02,6.424402721233244051e+01,5.495734551206198776e-02
3.253825382538253734e+02,6.422139808374751624e+01,5.655287249146265932e-02
3.255325532553255243e+02,6.420541236986750278e+01,5.819448950160449607e-02
3.256825682568256752e+02,6.418532979998252586e+01,5.988356309003067118e-02
3.258325832583258261e+02,6.415547287781447494e+01,6.162147952317451050e-02
3.259825982598259770e+02,6.411263605547048883e+01,6.340965352388028275e-02
3.261326132613261279e+02,6.405608573344289880e+01,6.524952827140322043e-02
3.262826282628262788e+02,6.398756026060919311e+01,6.714257540140949887e-02
3.264326432643264297e+02,6.391126993423210934e+01,6.909029500597627105e-02
3.265826582658265806e+02,6.383389699995956335e+01,7.109421563359161200e-02
3.267326732673267315e+02,6.376459565182467770e+01,7.315589428915460213e-02
3.268826882688268824e+02,6.371262314236413005e+01,7.527692911180307311e-02
3.270327032703270334e+02,6.366525379950793706e+01,7.745907870752388735e-02
3.271827182718271843e+02,6.361514397752153371e+01,7.970412158025280691e-02
3.273327332733273352e+02,6.355959691926015154e+01,8.201386313234344805e-02
3.274827482748274861e+02,6.349702668239645220e+01,8.439015468543996368e-02
3.276327632763276370e+02,6.342695813942056304e+01,8.683489348047701561e-02
3.277827782778277879e+02,6.335002697764006285e+01,8.935002267767983009e-02
3.279327932793279388e+02,6.326797969917998898e+01,9.193753135656410058e-02
3.280828082808280897e+02,6.318367362098282314e+01,9.459945451593611276e-02
3.282328232823282406e+02,6.310107687480851979e+01,9.733787307389263344e-02
3.283828382838283915e+02,6.302494067011958379e+01,1.001549169296850894e-01
3.285328532853285424e+02,6.295271417892410426e+01,1.030528340613573457e-01
3.286828682868286933e+02,6.287978436180386410e+01,1.060339391200038339e-01
3.288328832883288442e+02,6.280353862300754031e+01,1.091005960723899493e-01
3.289828982898289951e+02,6.272207602935871051e+01,1.122552329038141727e-01
3.291329132913291460e+02,6.263420731025583166e+01,1.155003416181080711e-01
3.292829282928292969e+02,6.253945485767226842e+01,1.188384782376363386e-01
3.294329432943294478e+02,6.243805272615623636e+01,1.222722628032967551e-01
3.295829582958295987e+02,6.233094663283086589e+01,1.258043793745202421e-01
3.297329732973297496e+02,6.221979395739416674e+01,1.294375760292707511e-01
3.298829882988299005e+02,6.210696374211902793e+01,1.331746648640454722e-01
3.300330033003300514e+02,6.199553669185322491e+01,1.370185219938745425e-01
3.301830183018302023e+02,6.188930517401943376e+01,1.409720875523213235e-01
3.303330333033303532e+02,6.179107076609947313e+01,1.450383846183345149e-01
3.304830483048305041e+02,6.169676437751783027e+01,1.492205991771181905e-01
3.306330633063306550e+02,6.160117421280448724e+01,1.535220244995160466e-01
3.307830783078308059e+02,6.150014244284739107e+01,1.579460335535987914e-01
3.309330933093309568e+02,6.139056523676353549e+01,1.624960789968864228e-01
3.310831083108311077e+02,6.127039276189888284e+01,1.671756931763482279e-01
3.312331233123312586e+02,6.113862918382842793e+01,1.719884881284027278e-01
3.313831383138313527e+02,6.099533266635623363e+01,1.769381555789158733e-01
3.315331533153315036e+02,6.084161537151519639e+01,1.820284669432085389e-01
3.316831683168316545e+02,6.067964345956737304e+01,1.872632733260452820e-01
3.318331833183318054e+02,6.051263708900378901e+01,1.926465055216417532e-01
3.319831983198319563e+02,6.034487041654448092e+01,1.981821740136629761e-01
3.321332133213321072e+02,6.018167159713848946e+01,2.038743689752231525e-01
3.322832283228322581e+02,6.002942278396385944e+01,2.097272602688858290e-01
3.324332433243324090e+02,5.989296308289583948e+01,2.157451371032533816e-01
3.325832583258325599e+02,5.976000776466484865e+01,2.219326885919278569e-01
3.327332733273327108e+02,5.962316713394156409e+01,2.282946980694555150e-01
3.328832883288328617e+02,5.947820520087373808e+01,2.348360162205264667e-01
3.330333033303330126e+02,5.932227129058627213e+01,2.415615839161453782e-01
3.331833183318331635e+02,5.915390004318124539e+01,2.484764322136316650e-01
3.333333333333333144e+02,5.897301141373792177e+01,2.555856823566195479e-01
3.334833483348334653e+02,5.878091067231270728e+01,2.628945457750577752e-01
3.336333633363336162e+02,5.858028840393919978e+01,2.704083240852098724e-01
3.337833783378337671e+02,5.837522050862815348e+01,2.781324090896541978e-01
3.339333933393339180e+02,5.817116820136749311e+01,2.860722827772834709e-01
3.340834083408340689e+02,5.797497801212230684e+01,2.942335173233055490e-01
3.342334233423342198e+02,5.778756717710628976e+01,3.026219712322209543e-01
3.343834383438343707e+02,5.759647181011205674e+01,3.112440115039596389e-01
3.345334533453345216e+02,5.739976048415560683e+01,3.201058830392296550e-01
3.346834683468346725e+02,5.719636963879976577e+01,3.292139561697426386e-01
3.348334833483348234e+02,5.698565398764576884e+01,3.385747384766741863e-01
3.349834983498349743e+02,5.676738651833325378e+01,3.481948747906635777e-01
3.351335133513351252e+02,5.654175849254026787e+01,3.580811471918142197e-01
3.352835283528352761e+02,5.630937944598325373e+01,3.682404750096932577e-01
3.354335433543354270e+02,5.607127718841707065e+01,3.786799148233319645e-01
3.355835583558355779e+02,5.582889780363496612e+01,3.894066604612252402e-01
3.357335733573357288e+02,5.558410564946861143e+01,4.004280430013321124e-01
3.358835883588358797e+02,5.533915358785565530e+01,4.117515327985956097e-01
3.360336033603360306e+02,5.508854318780397108e+01,4.233852685925103554e-01
3.361836183618361815e+02,5.482884438626661705e+01,4.353373316094539813e-01
3.363336333633363324e+02,5.456270777046159992e+01,4.476155528093470060e-01
3.364836483648364833e+02,5.429228814633722067e+01,4.602279817667017658e-01
3.366336633663366342e+02,5.401924453857208874e+01,4.731828866706226377e-01
3.367836783678367851e+02,5.374474019057512209e+01,4.864887543248060386e-01
3.369336933693369360e+02,5.346944256448553290e+01,5.001542901475403147e-01
3.370837083708370869e+02,5.319352334117281345e+01,5.141884181717057967e-01
3.372337233723372378e+02,5.291665842023679289e+01,5.286002810447747446e-01
3.373837383738373887e+02,5.263802792000757336e+01,5.433992400288116809e-01
3.375337533753375396e+02,5.235631617754556544e+01,5.585948750004725571e-01
3.376837683768376905e+02,5.206971174864148821e+01,5.741969844510058651e-01
3.378337833783378414e+02,5.177590740781634793e+01,5.902155854862517481e-01
3.379837983798379923e+02,5.147210014832145930e+01,6.066609138266425560e-01
3.381338133813381432e+02,5.115499152481804401e+01,6.235434238501774695e-01
3.382838283828382941e+02,5.082443300419485865e+01,6.408738498270255546e-01
3.384338433843384450e+02,5.048572978504078179e+01,6.586623967330762497e-01
3.385838583858385960e+02,5.014285343594809063e+01,6.769191404340635376e-01
3.387338733873387469e+02,4.979884900769011580e+01,6.956544662459978046e-01
3.388838883888388978e+02,4.945583503322120578e+01,7.148790689351647298e-01
3.390339033903390487e+02,4.911500352767674826e+01,7.346039527181258411e-01
3.391839183918391996e+02,4.877661998837317725e+01,7.548404312617188472e-01
3.393339333933393505e+02,4.844002339480793751e+01,7.756001276830568614e-01
3.394839483948395014e+02,4.810362620865953431e+01,7.968949745495290671e-01
3.396339633963396523e+02,4.776491437378749083e+01,8.187372138788000520e-01
3.397839783978398032e+02,4.742044731623237652e+01,8.411393971388105850e-01
3.399339933993399541e+02,4.706585794421578584e+01,8.641143852477771725e-01
3.400840084008401050e+02,4.669586739004807896e+01,8.876753479584457152e-01
3.402340234023402559e+02,4.631240012662628658e+01,9.118350867863239673e-01
3.403840384038404068e+02,4.592279478277797722e+01,9.366052258992618729e-01
3.405340534053405577e+02,4.553028593501198173e+01,9.619975556009368045e-01
3.406840684068407086e+02,4.513735608793043497e+01,9.880241673728977769e-01
3.408340834083408026e+02,4.474573567422891074e+01,1.014697453874555011e+00
3.409840984098409535e+02,4.435640305469585343e+01,1.042030108943221345e+00
3.411341134113411044e+02,4.396958451821346614e+01,1.070035127594050728e+00
3.412841284128412553e+02,4.358475428175708544e+01,1.098725806020079077e+00
3.414341434143414062e+02,4.320063449039535897e+01,1.128115741592214061e+00
3.415841584158415571e+02,4.281519521729025257e+01,1.158218832859234881e+00
3.417341734173417080e+02,4.242565446369701476e+01,1.189049279547792271e+00
3.418841884188418589e+02,4.202847815896420514e+01,1.220621582562409602e+00
3.420342034203420098e+02,4.161941991255098117e+01,1.252950539083457659e+00
3.421842184218421608e+02,4.120084931915886273e+01,1.286049891369895670e+00
3.423342334233423117e+02,4.077847783647653301e+01,1.319931637224735388e+00
3.424842484248424626e+02,4.035459217195836601e+01,1.354607990827855435e+00
3.426342634263426135e+02,3.993096733259307030e+01,1.390091327938052901e+00
3.427842784278427644e+02,3.950886662490370327e+01,1.426394185893044897e+00
3.429342934293429153e+02,3.908904165494764271e+01,1.463529263609467002e+00
3.430843084308430662e+02,3.867173232831660812e+01,1.501509421582874371e+00
3.432343234323432171e+02,3.825666685013664647e+01,1.540347681887741071e+00
3.433843384338433680e+02,3.784306172506816068e+01,1.580057228177460527e+00
3.435343534353435189e+02,3.742962175730585273e+01,1.620651405684344626e+00
3.436843684368436698e+02,3.701454005057880181e+01,1.662143721219625503e+00
3.438343834383438207e+02,3.659549800815037912e+01,1.704547843173453314e+00
3.439843984398439716e+02,3.616966533281832596e+01,1.747877601514898016e+00
3.441344134413441225e+02,3.573733456872007253e+01,1.792145731434854561e+00
3.442844284428442734e+02,3.530305911781280770e+01,1.837361912496587424e+00
3.444344434443444243e+02,3.486843925279205791e+01,1.883535669289296166e+00
3.445844584458445752e+02,3.443474469728432297e+01,1.930676349523219537e+00
3.447344734473447261e+02,3.400293255745358323e+01,1.978793120012055873e+00
3.448844884488448770e+02,3.357364732200133517e+01,2.027894966672961541e+00
3.450345034503450279e+02,3.314722086216657004e+01,2.077990694526552939e+00
3.451845184518451788e+02,3.272367243172577389e+01,2.129088927696904943e+00
3.453345334533453297e+02,3.230270866699294885e+01,2.181198109411551567e+00
3.454845484548454806e+02,3.188372358681958119e+01,2.234326502001486414e+00
3.456345634563456315e+02,3.146579859259466616e+01,2.288482186901161342e+00
3.457845784578457824e+02,3.104770246824469737e+01,2.343673064648488236e+00
3.459345934593459333e+02,3.062789138023367030e+01,2.399906854884836349e+00
3.460846084608460842e+02,3.020451312828469526e+01,2.457191093714788721e+00
3.462346234623462351e+02,2.977868686624499617e+01,2.515530532797323193e+00
3.463846384638463860e+02,2.935316894462668813e+01,2.574926249810227219e+00
3.465346534653465369e+02,2.892880605648568348e+01,2.635379111554036591e+00
3.466846684668466878e+02,2.850628924352384885e+01,2.696889116874813030e+00
3.468346834683468387e+02,2.808615389608896962e+01,2.759455396664139304e+00
3.469846984698469896e+02,2.766877975317477478e+01,2.823076213859124550e+00
3.471347134713471405e+02,2.725439090242092988e+01,2.887748963442400285e+00
3.472847284728472914e+02,2.684305578011302273e+01,2.953470172442123065e+00
3.474347434743474423e+02,2.643468717118258837e+01,3.020235499931973600e+00
3.475847584758475932e+02,2.602904220920709122e+01,3.088039737031154974e+00
3.477347734773477441e+02,2.562572237640993222e+01,3.156876806904395760e+00
3.478847884788478950e+02,2.522417350366045241e+01,3.226739764761948237e+00
3.480348034803480459e+02,2.482368577047391511e+01,3.297620797859588393e+00
3.481848184818481968e+02,2.442339370501152729e+01,3.369511225498615925e+00
3.483348334833483477e+02,2.402227618408042886e+01,3.442401499025855571e+00
3.484848484848484986e+02,2.362066147788201320e+01,3.516277873632437601e+00
3.486348634863486495e+02,2.322053475325488492e+01,3.591121316002141572e+00
3.487848784878488004e+02,2.282219326075894372e+01,3.666914261941893294e+00
3.489348934893489513e+02,2.242586273187209400e+01,3.743636984521909739e+00
3.490849084908491022e+02,2.203171944097562829e+01,3.821267545605966820e+00
3.492349234923492531e+02,2.163989020535423080e+01,3.899781795851400723e+00
3.493849384938494040e+02,2.125045238519598101e+01,3.979153374709108348e+00
3.495349534953495549e+02,2.086343388359234652e+01,4.059353710423547312e+00
3.496849684968497058e+02,2.047881314653819373e+01,4.140352020032731950e+00
3.498349834983498567e+02,2.009651916293177720e+01,4.222115309368240865e+00
3.499849984998500076e+02,1.971643146457473961e+01,4.304608373055210713e+00
3.501350135013501585e+02,1.933838012617212954e+01,4.387793794512337975e+00
3.502850285028503095e+02,1.896214576533237661e+01,4.471631945951878961e+00
3.504350435043504604e+02,1.858745954256730215e+01,4.556080988379652474e+00
3.505850585058505544e+02,1.821400316129226837e+01,4.641096871595000728e+00
3.507350735073507053e+02,1.784140886782560642e+01,4.726633334190927016e+00
3.508850885088508562e+02,1.746925945138945480e+01,4.812641903553895872e+00
3.510351035103510071e+02,1.709719118201258325e+01,4.899067094391948984e+00
3.511851185118511580e+02,1.672617440338150629e+01,4.985802197362977140e+00
3.513351335133513089e+02,1.635651054536444349e+01,5.072797834053587529e+00
3.514851485148514598e+02,1.598811191622220740e+01,5.160017010706869911e+00
3.516351635163516107e+02,1.562088618074422541e+01,5.247413078930593500e+00
3.517851785178517616e+02,1.525473636024854507e+01,5.334929735697206965e+00
3.519351935193519125e+02,1.488956083258182872e+01,5.422501023343840210e+00
3.520852085208520634e+02,1.452525333211935710e+01,5.510051329572302592e+00
3.522352235223522143e+02,1.416170294976502930e+01,5.597495387449084703e+00
3.523852385238523652e+02,1.379879413295136104e+01,5.684738275405355701e+00
3.525352535253525161e+02,1.343640668563948459e+01,5.771675417236965977e+00
3.526852685268526670e+02,1.307441576831915064e+01,5.858192582104445378e+00
3.528352835283528179e+02,1.271269189800872823e+01,5.944165884533005872e+00
3.529852985298529688e+02,1.235110094825519944e+01,6.029461784412536218e+00
3.531353135313531197e+02,1.198950414913417006e+01,6.113937086997607295e+00
3.532853285328532706e+02,1.162775808724985538e+01,6.197438942907471215e+00
3.534353435343534215e+02,1.126571470573509259e+01,6.279804848126057770e+00
3.535853585358535724e+02,1.090322130425134439e+01,6.360862644001978872e+00
3.537353735373537233e+02,1.054012053898867407e+01,6.440430517248525888e+00
3.538853885388538743e+02,1.017625042266577218e+01,6.518316999943669643e+00
3.540354035403540252e+02,9.811444324529947636e+00,6.594320969530061305e+00
3.541854185418541761e+02,9.445530970357122413e+00,6.668231648815034163e+00
3.543354335433543270e+02,9.078334442451836850e+00,6.739828605970600073e+00
3.544854485448544779e+02,8.709674179647253212e+00,6.808881754533450348e+00
3.546354635463546288e+02,8.339365864846641330e+00,6.875148375032829051e+00
3.547854785478547797e+02,7.967255654559799005e+00,6.938235902357012819e+00
3.549354935493549306e+02,7.593166114703897129e+00,6.997721012786612071e+00
3.550855085508550815e+02,7.216899525609145272e+00,7.053162009366420904e+00
3.552355235523552324e+02,6.838258302536687872e+00,7.104038273436036555e+00
3.553855385538553833e+02,6.457044995678606902e+00,7.149750264629863850e+00
3.555355535553555342e+02,6.073065759522212836e+00,7.189602252364825752e+00
3.556855685568556851e+02,5.686143743908882442e+00,7.222759675929644629e+00
3.558355835583558360e+02,5.296112051818409938e+00,7.248308032926482625e+00
3.559855985598559869e+02,4.902855584356160534e+00,7.265018354438295134e+00
3.561356135613561378e+02,4.506316069185848150e+00,7.271319813525083831e+00
3.562856285628562887e+02,4.106492060529540744e+00,7.265299725223898442e+00
3.564356435643564396e+02,3.703561890440428606e+00,7.243964632020035488e+00
3.565856585658565905e+02,3.297716875527295421e+00,7.204627116180978064e+00
3.567356735673567414e+02,2.889282996758633093e+00,7.144377175074738240e+00
3.568856885688568923e+02,2.479321048998760713e+00,7.056303921967167270e+00
3.570357035703570432e+02,2.069637365108751403e+00,6.929428126205384508e+00
3.571857185718571941e+02,1.662783815946430988e+00,6.748702213217780965e+00
3.573357335733573450e+02,1.262589448668678171e+00,6.491876814637814519e+00
3.574857485748574959e+02,8.767198982472843571e-01,6.112626093800546556e+00
3.576357635763576468e+02,5.194217441267523494e-01,5.498318880632305117e+00
3.577857785778577977e+02,2.207143584323230101e-01,4.409558186517939404e+00
3.579357935793579486e+02,4.437698997016133184e-02,1.887088016616722985e+00
3.580858085808580995e+02,1.608222302194698902e-02,3.288155085419083856e-02
3.582358235823582504e+02,2.100038396268912727e-02,3.443339429701848444e-04
3.583858385838584013e+02,2.825144790174532669e-02,1.155881099383981257e-05
3.585358535853585522e+02,3.801634441017556071e-02,9.089869193873794898e-07
3.586858685868587031e+02,5.115431316407017398e-02,1.371404237841789418e-07
3.588358835883588540e+02,6.882859547335640205e-02,5.156505139646581327e-08
3.589858985898590049e+02,9.259866680001196948e-02,1.623055645755725768e-08
3.591359135913591558e+02,1.245651537629997724e-01,1.855340666077410576e-08
3.592859285928593067e+02,1.675534313142288678e-01,1.069728596919148432e-08
3.594359435943594576e+02,2.252454977198827257e-01,7.070834372564564199e-09
3.595859585958596085e+02,3.027482622529380496e-01,5.936278223625426776e-09
3.597359735973597594e+02,4.069139500498241135e-01,5.495790326919993531e-09
3.598859885988599103e+02,5.465230930946934906e-01,4.800296324013137676e-09
3.600360036003600044e+02,7.331851964938094213e-01,4.327220946308396910e-09
3.601860186018601553e+02,9.826235493111159514e-01,4.044331954223821229e-09
3.603360336033603062e+02,1.315929084980952846e+00,3.878292398738487315e-09
3.604860486048604571e+02,1.759615865636510623e+00,3.784142299272574095e-09
3.606360636063606080e+02,2.345136591549681349e+00,3.741510355342510538e-09
3.607860786078607589e+02,3.115958590641681347e+00,3.737138814032138274e-09
3.609360936093609098e+02,4.127842370723202592e+00,3.762178738469970743e-09
3.610861086108610607e+02,5.441534926082420398e+00,3.809529003155001136e-09
3.612361236123612116e+02,7.122626401306377808e+00,3.873691892072122210e-09
3.613861386138613625e+02,9.236271343621824670e+00,3.950787679418299883e-09
3.615361536153615134e+02,1.184396124551834717e+01,4.038576999483155841e-09
3.616861686168616643e+02,1.501558993850336776e+01,4.135576186854336859e-09
3.618361836183618152e+02,1.875979225281084695e+01,4.240522198756355902e-09
3.619861986198619661e+02,2.301764124863402117e+01,4.352360684372661367e-09
3.621362136213621170e+02,2.766264821612539038e+01,4.470245984845633775e-09
3.622862286228622679e+02,3.252022167123955398e+01,4.593609706530641527e-09
3.624362436243624188e+02,3.739254651170155341e+01,4.722212265591477596e-09
3.625862586258625697e+02,4.207047353919855937e+01,4.855832286194724583e-09
3.627362736273627206e+02,4.639022182485718560e+01,4.994308771837685536e-09
3.628862886288628715e+02,5.023463527778149285e+01,5.137544191062806190e-09
3.630363036303630224e+02,5.353318264505298174e+01,5.285504477457676620e-09
3.631863186318631733e+02,5.626750675327991047e+01,5.438210526309149952e-09
3.633363336333633242e+02,5.849020703362237583e+01,5.595693366259589832e-09
3.634863486348634751e+02,6.025877465553707424e+01,5.758025923793158957e-09
3.636363636363636260e+02,6.163751934115930453e+01,5.925290156982444926e-09
3.637863786378637769e+02,6.270075360170479684e+01,6.097571654046897783e-09
3.639363936393639278e+02,6.352186633131545790e+01,6.274976960119819469e-09
3.640864086408640787e+02,6.414565300691542404e+01,6.457641787434093967e-09
3.642364236423642296e+02,6.461118142771597661e+01,6.645703017952319901e-09
3.643864386438643805e+02,6.495812530013587605e+01,6.839298028359663892e-09
3.645364536453645314e+02,6.522585338107926134e+01,7.038567118776382342e-09
3.646864686468646823e+02,6.543341660416167826e+01,7.243671050710427784e-09
3.648364836483648332e+02,6.558504251362177229e+01,7.454780850300241787e-09
3.649864986498649841e+02,6.568917130523345804e+01,7.672068830494229577e-09
3.651365136513651350e+02,6.575895550483404861e+01,7.895708583230469619e-09
3.652865286528652859e+02,6.581225996832426972e+01,8.125874979436714444e-09
3.654365436543654369e+02,6.586256357077265022e+01,8.362750738552676585e-09
3.655865586558655878e+02,6.590327384332985616e+01,8.606536988702552703e-09
3.657365736573657387e+02,6.593250087298734741e+01,8.857436635856591818e-09
3.658865886588658896e+02,6.595045510853823600e+01,9.115657305978373743e-09
3.660366036603660405e+02,6.595928587520332087e+01,9.381411469297995704e-09
3.661866186618661914e+02,6.596308137463098831e+01,9.654916440312077309e-09
3.663366336633663423e+02,6.596786868489728306e+01,9.936394377783757238e-09
3.664866486648664932e+02,6.597761930776660222e+01,1.022607547636653434e-08
3.666366636663666441e+02,6.598776008084573164e+01,1.052420203065121599e-08
3.667866786678667950e+02,6.599601351226407076e+01,1.083102107733750573e-08
3.669366936693669459e+02,6.600099978811168455e+01,1.114678681475623743e-08
3.670867086708670968e+02,6.600216374203951375e+01,1.147176067099828497e-08
3.672367236723672477e+02,6.599977485525931797e+01,1.180621130391457053e-08
3.673867386738673986e+02,6.599492725654373260e+01,1.215041460111605797e-08
3.675367536753675495e+02,6.598953972222622610e+01,1.250465367997375613e-08
3.676867686768677004e+02,6.598635567620112852e+01,1.286921888761871717e-08
3.678367836783678513e+02,6.598883877261363295e+01,1.324440816618838905e-08
3.679867986798680022e+02,6.599732092284605756e+01,1.363053291689254161e-08
3.681368136813681531e+02,6.600817820318449947e+01,1.402791340599803267e-08
3.682868286828683040e+02,6.601833281444552881e+01,1.443687873948298654e-08
3.684368436843684549e+02,6.602549875167159144e+01,1.485776804215359742e-08
3.685868586858686058e+02,6.602818180413089522e+01,1.529093045764414436e-08
3.687368736873687567e+02,6.602567955531746691e+01,1.573672514841697298e-08
3.688868886888689076e+02,6.601808138295116635e+01,1.619552129576250874e-08
3.690369036903690585e+02,6.600626845897762962e+01,1.666769809979925532e-08
3.691869186918692094e+02,6.599191374956832590e+01,1.715364477947378297e-08
3.693369336933693603e+02,6.597748201512051480e+01,1.765376057256074842e-08
3.694869486948695112e+02,6.596622981025728905e+01,1.816845473566287499e-08
3.696369636963696621e+02,6.596220548382751758e+01,1.869814654421096587e-08
3.697869786978697562e+02,6.596991443194136195e+01,1.924326600877441868e-08
3.699369936993699071e+02,6.598682415472821106e+01,1.980426694389331075e-08
3.700870087008700580e+02,6.600595594297742252e+01,2.038162035507853233e-08
3.702370237023702089e+02,6.602213799102372604e+01,2.097580889154635541e-08
3.703870387038703598e+02,6.603179451869613104e+01,2.158732816884500529e-08
3.705370537053705107e+02,6.603294577131796927e+01,2.221668676885463735e-08
3.706870687068706616e+02,6.602520801970686648e+01,2.286440623978737347e-08
3.708370837083708125e+02,6.600979356017474231e+01,2.353102109618726567e-08
3.709870987098709634e+02,6.598951071452782458e+01,2.421707881893032250e-08
3.711371137113711143e+02,6.596876383006662081e+01,2.492313985522448596e-08
3.712871287128712652e+02,6.595355327958598934e+01,2.564977761860965793e-08
3.714371437143714161e+02,6.595147546137501138e+01,2.639757848895767700e-08
3.715871587158715670e+02,6.596780901508547856e+01,2.716714905123518881e-08
3.717371737173717179e+02,6.599276341877470031e+01,2.795914024872289762e-08
3.718871887188718688e+02,6.601775531127478303e+01,2.877422032013707262e-08
3.720372037203720197e+02,6.603661564909361914e+01,2.961307384349616977e-08
3.721872187218721706e+02,6.604533970450451363e+01,3.047640221365841311e-08
3.723372337233723215e+02,6.604208706554624086e+01,3.136492364232175512e-08
3.724872487248724724e+02,6.602718163602297352e+01,3.227937315802392629e-08
3.726372637263726233e+02,6.600311163550428262e+01,3.322050260614240542e-08
3.727872787278727742e+02,6.597452959932523697e+01,3.418908064889441953e-08
3.729372937293729251e+02,6.594825237858626110e+01,3.518589276533695056e-08
3.730873087308730760e+02,6.593326114015323469e+01,3.621174125136674855e-08
3.732373237323732269e+02,6.594058291335413458e+01,3.726744546872141602e-08
3.733873387338733778e+02,6.596887267897420770e+01,3.835387515456418701e-08
3.735373537353735287e+02,6.600354341768287725e+01,3.947196077730882619e-08
3.736873687368736796e+02,6.603453948096617410e+01,4.062265190498136676e-08
3.738373837383738305e+02,6.605473858536791454e+01,4.180691915700870955e-08
3.739873987398739814e+02,6.605995181248961501e+01,4.302575420421862973e-08
3.741374137413741323e+02,6.604892360899053472e+01,4.428016976883977676e-08
3.742874287428742832e+02,6.602333178658764723e+01,4.557119962450168101e-08
3.744374437443744341e+02,6.598778752205565468e+01,4.689989859623474055e-08
3.745874587458745850e+02,6.594983535722701617e+01,4.826734256047022111e-08
3.747374737473747359e+02,6.591995319899189099e+01,4.967462844504027597e-08
3.748874887488748868e+02,6.591155231929816694e+01,5.112287422917791948e-08
3.750375037503750377e+02,6.593528707627739038e+01,5.261323615337123517e-08
3.751875187518751886e+02,6.597193302394914838e+01,5.414699977895363836e-08
3.753375337533753395e+02,6.600784756206257953e+01,5.572547963840276493e-08
3.754875487548754904e+02,6.603439783116208162e+01,5.735001301489722657e-08
3.756375637563756413e+02,6.604623369224452745e+01,5.902196467968635432e-08
3.757875787578757922e+02,6.604128772675933590e+01,6.074272689209020516e-08
3.759375937593759431e+02,6.602077523660844349e+01,6.251371939949956866e-08
3.760876087608760940e+02,6.598919424414631862e+01,6.433638943737595372e-08
3.762376237623762449e+02,6.595432549217993312e+01,6.621221172925159517e-08
3.763876387638763958e+02,6.592723244396879068e+01,6.814268848672944060e-08
3.765376537653765467e+02,6.592226128322492684e+01,7.012934940948319001e-08
3.766876687668766976e+02,6.594576389763498980e+01,7.217380089338068172e-08
3.768376837683768485e+02,6.597528652071166277e+01,7.427782535958679322e-08
3.769876987698769994e+02,6.600174850581704789e+01,7.644320341689205413e-08
3.771377137713771504e+02,6.601947607619798930e+01,7.867175355391856764e-08
3.772877287728773013e+02,6.602535147197210108e+01,8.096533574224281706e-08
3.774377437743774522e+02,6.601881295012782402e+01,8.332585143639569228e-08
3.775877587758776031e+02,6.600185478452441146e+01,8.575524357386247652e-08
3.777377737773777540e+02,6.597902726589188660e+01,8.825549657508284632e-08
3.778877887788779049e+02,6.595743670183112783e+01,9.082863634345088481e-08
3.780378037803780558e+02,6.594674541681376922e+01,9.347673026531506845e-08
3.781878187818782067e+02,6.595718626663924056e+01,9.620189963679724655e-08
3.783378337833783576e+02,6.597776322050614795e+01,9.900645703032846139e-08
3.784878487848785085e+02,6.599866634890439343e+01,1.018927744746302652e-07
3.786378637863786594e+02,6.601481367861296690e+01,1.048632675010190153e-07
3.787878787878788103e+02,6.602297873643391313e+01,1.079204134242969273e-07
3.789378937893789612e+02,6.602179054919223233e+01,1.110667513427520620e-07
3.790879087908791121e+02,6.601173364373597963e+01,1.143048821381583254e-07
3.792379237923792061e+02,6.599514804693623660e+01,1.176374684757741846e-07
3.793879387938793570e+02,6.597622928568705447e+01,1.210672348043477640e-07
3.795379537953795079e+02,6.596102838690555359e+01,1.245969673561093005e-07
3.796879687968796588e+02,6.595745187753180971e+01,1.282295141467760542e-07
3.798379837983798097e+02,6.597119212252285081e+01,1.319678218148337244e-07
3.799879987998799606e+02,6.599249083766160595e+01,1.358150536863427595e-07
3.801380138013801115e+02,6.601384927331719155e+01,1.397744436949597327e-07
3.802880288028802624e+02,6.603000157209699239e+01,1.438493072098402979e-07
3.804380438043804133e+02,6.603753378262960894e+01,1.480430446948409509e-07
3.805880588058805643e+02,6.603488385956491413e+01,1.523591417085191085e-07
3.807380738073807152e+02,6.602234166357403922e+01,1.568011689041331617e-07
3.808880888088808661e+02,6.600204896134933108e+01,1.613727820296422904e-07
3.810381038103810170e+02,6.597799942560442332e+01,1.660777219277067014e-07
3.811881188118811679e+02,6.595603863507417941e+01,1.709198145356874171e-07
3.813381338133813188e+02,6.594386407451472110e+01,1.759029708856464072e-07
3.814881488148814697e+02,6.595088832111606791e+01,1.810311885899061123e-07
3.816381638163816206e+02,6.597663164266033675e+01,1.863086876934571194e-07
3.817881788178817715e+02,6.600878024322203430e+01,1.917399621676356184e-07
3.819381938193819224e+02,6.603793413426993197e+01,1.973296132455914656e-07
3.820882088208820733e+02,6.605734418539765329e+01,2.030823490962139831e-07
3.822382238223822242e+02,6.606291212432361704e+01,2.090029848241318270e-07
3.823882388238823751e+02,6.605319053689107989e+01,2.150964424697129337e-07
3.825382538253825260e+02,6.602938286706806537e+01,2.213677510090647323e-07
3.826882688268826769e+02,6.599534341694747752e+01,2.278220463540338795e-07
3.828382838283828278e+02,6.595757734674697303e+01,2.344645713522064980e-07
3.829882988298829787e+02,6.592524067480907490e+01,2.413006757869079912e-07
3.831383138313831296e+02,6.591014027760110139e+01,2.483358163772031757e-07
3.832883288328832805e+02,6.592574169974439258e+01,2.555755703689049114e-07
3.834383438343834314e+02,6.596312825841870620e+01,2.630260064520369308e-07
3.835883588358835823e+02,6.600469486347357417e+01,2.706935659578294745e-07
3.837383738373837332e+02,6.603924543818428106e+01,2.785847913764917578e-07
3.838883888388838841e+02,6.605920157173824236e+01,2.867063536364536313e-07
3.840384038403840350e+02,6.606060251923507565e+01,2.950650521043651584e-07
3.841884188418841859e+02,6.604310520168655785e+01,3.036678145850969850e-07
3.843384338433843368e+02,6.600998420601661110e+01,3.125216973217401283e-07
3.844884488448844877e+02,6.596813178506135955e+01,3.216338849956059766e-07
3.846384638463846386e+02,6.592805785756908676e+01,3.310116907262264482e-07
3.847884788478847895e+02,6.590389000820024989e+01,3.406625560713538854e-07
3.849384938493849404e+02,6.591310038909111313e+01,3.505940565977677348e-07
3.850885088508850913e+02,6.594626768134892814e+01,3.608145453026035089e-07
3.852385238523852422e+02,6.598146772250157710e+01,3.713329355222021479e-07
3.853885388538853931e+02,6.600998426493889326e+01,3.821581367134017375e-07
3.855385538553855440e+02,6.602619237611635583e+01,3.932992475949649182e-07
3.856885688568856949e+02,6.602755843855507578e+01,4.047655561475790966e-07
3.858385838583858458e+02,6.601464014984183848e+01,4.165665396138561282e-07
3.859885988598859967e+02,6.599108652262906105e+01,4.287118644983325818e-07
3.861386138613861476e+02,6.596363788463482081e+01,4.412113865674696336e-07
3.862886288628862985e+02,6.594212587864284103e+01,4.540751508496530677e-07
3.864386438643864494e+02,6.593947346250249097e+01,4.673133916351932225e-07
3.865886588658866003e+02,6.595893360140270545e+01,4.809369178442046022e-07
3.867386738673867512e+02,6.598170246858461496e+01,4.949575168046297057e-07
3.868886888688869021e+02,6.600146033391354194e+01,5.093869547455769810e-07
3.870387038703870530e+02,6.601414458304959965e+01,5.242372878565673023e-07
3.871887188718872039e+02,6.601764593481851762e+01,5.395208714059360793e-07
3.873387338733873548e+02,6.601180844121158486e+01,5.552503597408339987e-07
3.874887488748875057e+02,6.599842948738573511e+01,5.714387062872266008e-07
3.876387638763876566e+02,6.598125979166344734e+01,5.880991635498941730e-07
3.877887788778878075e+02,6.596600340553280262e+01,6.052452831124322800e-07
3.879387938793879584e+02,6.596031771364749829e+01,6.228909156372511278e-07
3.880888088808881093e+02,6.597093299319884352e+01,6.410503402333335975e-07
3.882388238823882602e+02,6.598877287399312763e+01,6.597389100021071204e-07
3.883888388838884111e+02,6.600687133054839251e+01,6.789723022636064837e-07
3.885388538853885620e+02,6.602074992789104613e+01,6.987665780583317485e-07
3.886888688868887130e+02,6.602751301229953640e+01,7.191382259588774931e-07
3.888388838883888639e+02,6.602584771130429431e+01,7.401041620699321781e-07
3.889888988898889579e+02,6.601602393368773392e+01,7.616817300282702051e-07
3.891389138913891088e+02,6.599989436948429500e+01,7.838887010027850573e-07
3.892889288928892597e+02,6.598089448998040041e+01,8.067432736944393240e-07
3.894389438943894106e+02,6.596404254771448450e+01,8.302640743362983707e-07
3.895889588958895615e+02,6.595593957647696470e+01,8.544701566935213390e-07
3.897389738973897124e+02,6.596433250334705178e+01,8.793810297306240487e-07
3.898889888988898633e+02,6.598704630485190137e+01,9.050173364219182397e-07
3.900390039003900142e+02,6.601419249274553636e+01,9.314007639246555798e-07
3.901890189018901651e+02,6.603816277286216518e+01,9.585535352540049868e-07
3.903390339033903160e+02,6.605352290506246504e+01,9.864984274558546141e-07
3.904890489048904669e+02,6.605701270323356766e+01,1.015258771606812592e-06
3.906390639063906178e+02,6.604754603528905932e+01,1.044858452814205759e-06
3.907890789078907687e+02,6.602621082316899503e+01,1.075321910216081245e-06
3.909390939093909196e+02,6.599626904283989859e+01,1.106674136981204572e-06
3.910891089108910705e+02,6.596315672429473409e+01,1.138940680309061767e-06
3.912391239123912214e+02,6.593448395155293440e+01,1.172147641429857246e-06
3.913891389138913723e+02,6.592003486266038692e+01,1.206321675604515933e-06
3.915391539153915232e+02,6.593127006079777175e+01,1.241490030123683683e-06
3.916891689168916741e+02,6.595921546009456904e+01,1.277682301837315281e-06
3.918391839183918250e+02,6.598862260705364235e+01,1.314929556076470307e-06
3.919891989198919759e+02,6.601220939113748898e+01,1.353263190346542897e-06
3.921392139213921268e+02,6.602528182203975859e+01,1.392715324797020017e-06
3.922892289228922778e+02,6.602573402968533856e+01,1.433318802221481879e-06
3.924392439243924287e+02,6.601404826423028283e+01,1.475107188057600883e-06
3.925892589258925796e+02,6.599329489606189725e+01,1.518114770387143104e-06
3.927392739273927305e+02,6.596913241579864007e+01,1.562376559935967016e-06
3.928892889288928814e+02,6.594980743429020720e+01,1.607928290074024343e-06
3.930393039303930323e+02,6.594615468261747537e+01,1.654806416815359423e-06
3.931893189318931832e+02,6.596275443052152809e+01,1.703049086834262245e-06
3.933393339333933341e+02,6.598345053207697219e+01,1.752697779750883122e-06
3.934893489348934850e+02,6.600197183724317540e+01,1.803794127379341769e-06
3.936393639363936359e+02,6.601435062762517703e+01,1.856380792062309562e-06
3.937893789378937868e+02,6.601840073490846805e+01,1.910501524051612455e-06
3.939393939393939377e+02,6.601371754085907639e+01,1.966201161508231409e-06
3.940894089408940886e+02,6.600167797732355268e+01,2.023525630502300906e-06
3.942394239423942395e+02,6.598544052622892764e+01,2.082521945013110644e-06
3.943894389438943904e+02,6.596994521958276891e+01,2.143238206929104481e-06
3.945394539453945413e+02,6.596191363947313846e+01,2.205723606047881276e-06
3.946894689468946922e+02,6.596900777136200134e+01,2.270028560288956525e-06
3.948394839483948431e+02,6.598625871109021546e+01,2.336206869883958929e-06
3.949894989498949940e+02,6.600551740410789137e+01,2.404314220944583531e-06
3.951395139513951449e+02,6.602162970649234808e+01,2.474407555128368225e-06
3.952895289528952958e+02,6.603105986883302592e+01,2.546545336885158130e-06
3.954395439543954467e+02,6.603189053623145810e+01,2.620787553457107281e-06
3.955895589558955976e+02,6.602382274830131337e+01,2.697195714878677359e-06
3.957395739573957485e+02,6.600817593916832493e+01,2.775832853976637268e-06
3.958895889588958994e+02,6.598788793747036152e+01,2.856763526370064828e-06
3.960396039603960503e+02,6.596751496635739898e+01,2.940053810470346354e-06
3.961896189618962012e+02,6.595323164349149181e+01,3.025771307481174110e-06
3.963396339633963521e+02,6.595283098104684427e+01,3.113985141398550551e-06
3.964896489648965030e+02,6.597187885406805208e+01,3.204766769409318351e-06
3.966396639663966539e+02,6.600141734385707082e+01,3.298192759056816983e-06
3.967896789678968048e+02,6.603148179261937400e+01,3.394342279172346218e-06
3.969396939693969557e+02,6.605461441612810347e+01,3.493296404316624468e-06
3.970897089708971066e+02,6.606582400346260897e+01,3.595138123077376047e-06
3.972397239723972575e+02,6.606258591700853344e+01,3.699952338069332874e-06
3.973897389738974084e+02,6.604484209245781301e+01,3.807825865934231078e-06
3.975397539753975593e+02,6.601500103880860593e+01,3.918847437340814389e-06
3.976897689768977102e+02,6.597793783836537784e+01,4.033107696984832020e-06
3.978397839783978611e+02,6.594099414673885917e+01,4.150699203589039938e-06
3.979897989798980120e+02,6.591397819284603088e+01,4.271716429903199167e-06
3.981398139813981629e+02,6.590916477891016712e+01,4.396255762704077489e-06
3.982898289828983138e+02,6.593385262610355824e+01,4.524417539901931301e-06
3.984398439843984079e+02,6.596620330805119181e+01,4.656313258232681879e-06
3.985898589858985588e+02,6.599556065998939403e+01,4.792055038778629945e-06
3.987398739873987097e+02,6.601568941272834934e+01,4.931757089316723863e-06
3.988898889888988606e+02,6.602314441717045668e+01,5.075536130322884224e-06
3.990399039903990115e+02,6.601727064431032943e+01,5.223511394971953030e-06
3.991899189918991624e+02,6.600020318523479546e+01,5.375804629137697076e-06
3.993399339933993133e+02,6.597686725112282602e+01,5.532540091392807110e-06
3.994899489948994642e+02,6.595497817324566370e+01,5.693844553008896131e-06
3.996399639963996151e+02,6.594504140296668027e+01,5.859847297956500244e-06
3.997899789978997660e+02,6.595693131242974516e+01,6.030681461772037609e-06
3.999399939993999169e+02,6.597614441913307815e+01,6.206493385287098252e-06
4.000900090009000678e+02,6.599426259866912403e+01,6.387431231848314013e-06
4.002400240024002187e+02,6.600734201661641976e+01,6.573645980466502946e-06
4.003900390039003696e+02,6.601309045158123467e+01,6.765292544745311387e-06
4.005400540054005205e+02,6.601086729519747109e+01,6.962529772881213099e-06
4.006900690069006714e+02,6.600168355212676374e+01,7.165520447663510974e-06
4.008400840084008223e+02,6.598820184005843714e+01,7.374431286474333639e-06
4.009900990099009732e+02,6.597473638970946297e+01,7.589432941288638845e-06
4.011401140114011241e+02,6.596725304482454533e+01,7.810699998674210082e-06
4.012901290129012750e+02,6.597277779773598638e+01,8.038411354221369819e-06
4.014401440144014259e+02,6.598758808111251994e+01,8.272757090171897504e-06
4.015901590159015768e+02,6.600441891580203446e+01,8.513933875626303023e-06
4.017401740174017277e+02,6.601870740492591949e+01,8.762142895320755914e-06
4.018901890189018786e+02,6.602729454470100734e+01,9.017590882483870563e-06
4.020402040204020295e+02,6.602842522443968676e+01,9.280490118836702811e-06
4.021902190219021804e+02,6.602174822654981767e+01,9.551058434592765210e-06
4.023402340234023313e+02,6.600831622653474540e+01,9.829519208458010072e-06
4.024902490249024822e+02,6.599058579299332905e+01,1.011610136763083795e-05
4.026402640264026331e+02,6.597241738761991314e+01,1.041103938780209762e-05
4.027902790279027840e+02,6.595907536520435599e+01,1.071457329315508271e-05
4.029402940294029349e+02,6.595722797363200129e+01,1.102694865636553679e-05
4.030903090309030858e+02,6.597330711859265762e+01,1.134841796038085437e-05
4.032403240324032367e+02,6.600171121461943358e+01,1.167925001540972824e-05
4.033903390339033876e+02,6.603231031770903314e+01,1.201972510141546096e-05
4.035403540354035385e+02,6.605729697009908818e+01,1.237013043985039518e-05
4.036903690369036894e+02,6.607123272401416614e+01,1.273076017606181446e-05
4.038403840384038403e+02,6.607104814166579843e+01,1.310191537929193823e-05
4.039903990399039913e+02,6.605604279525240941e+01,1.348390404267792687e-05
4.041404140414041422e+02,6.602788526695938742e+01,1.387704108325187830e-05
4.042904290429042931e+02,6.599061314895909902e+01,1.428164834194082967e-05
4.044404440444044440e+02,6.595063304341081789e+01,1.469805458356675910e-05
4.045904590459045949e+02,6.591672056246075329e+01,1.512659549684658054e-05
4.047404740474047458e+02,6.590002032824206424e+01,1.556761369439215058e-05
4.048904890489048967e+02,6.591357410514271464e+01,1.602145916866571024e-05
4.050405040504050476e+02,6.594563620786779268e+01,1.648851620274187623e-05
4.051905190519051985e+02,6.597794251296204493e+01,1.696918880034173387e-05
4.053405340534053494e+02,6.600311304482083585e+01,1.746388254072252119e-05
4.054905490549055003e+02,6.601660038653376716e+01,1.797301193133601786e-05
4.056405640564056512e+02,6.601668967988473469e+01,1.849700040782851807e-05
4.057905790579058021e+02,6.600449862535185730e+01,1.903628033404085768e-05
4.059405940594059530e+02,6.598397748210754798e+01,1.959129300200839385e-05
4.060906090609061039e+02,6.596190906801848541e+01,2.016248863196100507e-05
4.062406240624062548e+02,6.594790875964557131e+01,2.075032637232311484e-05
4.063906390639064057e+02,6.595380713280368923e+01,2.135527517146043795e-05
4.065406540654065566e+02,6.597102020948943846e+01,2.197784562451780331e-05
4.066906690669067075e+02,6.598808221736629775e+01,2.261856645019871373e-05
4.068406840684068584e+02,6.600119504828205663e+01,2.327797170667911735e-05
4.069906990699070093e+02,6.600804849524016049e+01,2.395660974218016674e-05
4.071407140714071602e+02,6.600782025239968220e+01,2.465504319496821545e-05
4.072907290729073111e+02,6.600117591507529369e+01,2.537384899335481470e-05
4.074407440744074620e+02,6.599026897973730854e+01,2.611361835569671672e-05
4.075907590759076129e+02,6.597874084401166783e+01,2.687495679039587814e-05
4.077407740774077638e+02,6.597172080667996852e+01,2.765848409589944648e-05
4.078907890789079147e+02,6.597553266802276539e+01,2.846483509110952486e-05
4.080408040804080656e+02,6.598817199650262921e+01,2.929468043029051920e-05
4.081908190819081597e+02,6.600311343905289618e+01,3.014871513332208387e-05
4.083408340834083106e+02,6.601618376585963688e+01,3.102765031862280451e-05
4.084908490849084615e+02,6.602444082301786921e+01,3.193221725050154972e-05
4.086408640864086124e+02,6.602617353253158683e+01,3.286316733915873830e-05
4.087908790879087633e+02,6.602090189231373074e+01,3.382127214068601730e-05
4.089408940894089142e+02,6.600937697618624611e+01,3.480732335706628240e-05
4.090909090909090651e+02,6.599358093388001123e+01,3.582213283617366435e-05
4.092409240924092160e+02,6.597672699103485172e+01,3.686653257177353573e-05
4.093909390939093669e+02,6.596325944919962581e+01,3.794137470352249063e-05
4.095409540954095178e+02,6.595885368583208219e+01,3.904753151696837177e-05
4.096909690969096687e+02,6.597035121037444583e+01,4.018589598723135099e-05
4.098409840984098196e+02,6.599743967873425277e+01,4.135740645680248444e-05
4.099909990999099705e+02,6.602976985581760516e+01,4.256305550078429904e-05
4.101410141014101214e+02,6.605857853417556669e+01,4.380386222414622773e-05
4.102910291029102723e+02,6.607747406227980491e+01,4.508087052315081986e-05
4.104410441044104232e+02,6.608243634452254867e+01,4.639514908535374122e-05
4.105910591059105741e+02,6.607181684121657383e+01,4.774779138960373338e-05
4.107410741074107250e+02,6.604633856859521757e+01,4.913991570604265429e-05
4.108910891089108759e+02,6.600909609881240669e+01,5.057266509610545805e-05
4.110411041104110268e+02,6.596555555994261510e+01,5.204720741252022193e-05
4.111911191119111777e+02,6.592355463598086374e+01,5.356473529930809218e-05
4.113411341134113286e+02,6.589330256684279163e+01,5.512646619178333829e-05
4.114911491149114795e+02,6.588738014836455648e+01,5.673364231655334612e-05
4.116411641164116304e+02,6.591449383260213324e+01,5.838755276762204162e-05
4.117911791179117813e+02,6.594981142598366830e+01,6.008964625190709770e-05
4.119411941194119322e+02,6.598120441837350825e+01,6.184137555975869976e-05
4.120912091209120831e+02,6.600257841539841763e+01,6.364421452997191450e-05
4.122412241224122340e+02,6.601077797118128387e+01,6.549966848120531760e-05
4.123912391239123849e+02,6.600558658834107462e+01,6.740927421198103433e-05
4.125412541254125358e+02,6.598972671799289458e+01,6.937460000068465147e-05
4.126912691269126867e+02,6.596885975974788607e+01,7.139724560556532577e-05
4.128412841284128376e+02,6.595158606171335691e+01,7.347884226473568904e-05
4.129912991299129885e+02,6.594944492049268092e+01,7.562105269617191592e-05
4.131413141314131394e+02,6.596429698888839255e+01,7.782563497026882317e-05
4.132913291329132903e+02,6.598009516614384040e+01,8.009448511166846927e-05
4.134413441344134412e+02,6.599303870259838334e+01,8.242949262622279350e-05
4.135913591359135921e+02,6.600084106282051266e+01,8.483259797295721895e-05
4.137413741374137430e+02,6.600253003472441549e+01,8.730579358772480938e-05
4.138913891389138939e+02,6.599844772956987526e+01,8.985112388320639113e-05
4.140414041404140448e+02,6.599025058196234284e+01,9.247068524891047183e-05
4.141914191419141957e+02,6.598090934985290801e+01,9.516662605117329459e-05
4.143414341434143466e+02,6.597470911453834219e+01,9.794114663315878384e-05
4.144914491449144975e+02,6.597711638287013614e+01,1.007965006800791040e-04
4.146414641464146484e+02,6.598746249575341949e+01,1.037350569137979970e-04
4.147914791479147993e+02,6.600018944671982979e+01,1.067592703082796376e-04
4.149414941494149502e+02,6.601162796524138798e+01,1.098716533218793083e-04
4.150915091509151011e+02,6.601914990357204260e+01,1.130747916630625333e-04
4.152415241524152520e+02,6.602116823674762713e+01,1.163713442904049702e-04
4.153915391539154029e+02,6.601713706258591685e+01,1.197640434125924776e-04
4.155415541554155539e+02,6.600755160168658620e+01,1.232556944884211016e-04
4.156915691569157048e+02,6.599394819743120877e+01,1.268491762267970487e-04
4.158415841584158557e+02,6.597890431598329997e+01,1.305474405867367265e-04
4.159915991599160066e+02,6.596603854628826014e+01,1.343535127773667708e-04
4.161416141614161575e+02,6.596001060007340300e+01,1.382704912579238964e-04
4.162916291629163084e+02,6.596628172463165640e+01,1.423015511679953096e-04
4.164416441644164593e+02,6.598337638029400409e+01,1.464500354367676515e-04
4.165916591659166102e+02,6.600380380485077580e+01,1.507194301314406426e-04
4.167416741674167611e+02,6.602179833493337924e+01,1.551133089807264656e-04
4.168916891689169120e+02,6.603325879814457267e+01,1.596353413700691605e-04
4.170417041704170629e+02,6.603574851305843652e+01,1.642892923416446244e-04
4.171917191719172138e+02,6.602849528922038758e+01,1.690790225943606664e-04
4.173417341734173647e+02,6.601239142714722163e+01,1.740084884838570610e-04
4.174917491749175156e+02,6.598999371832702820e+01,1.790817420225053859e-04
4.176417641764176096e+02,6.596552344521927580e+01,1.843029308794070977e-04
4.177917791779177605e+02,6.594486638125472666e+01,1.896762983804016359e-04
4.179417941794179114e+02,6.593557279083552203e+01,1.952061835080542529e-04
4.180918091809180623e+02,6.594643995145793269e+01,2.008970258672751030e-04
4.182418241824182132e+02,6.597506880925108419e+01,2.067535307236606881e-04
4.183918391839183641e+02,6.600913183598473211e+01,2.127806891891617191e-04
4.185418541854185150e+02,6.603899958981813256e+01,2.189836126459762818e-04
4.186918691869186659e+02,6.605783742842560002e+01,2.253675283422817619e-04
4.188418841884188168e+02,6.606160550899666362e+01,2.319377793922349808e-04
4.189918991899189677e+02,6.604905878823591081e+01,2.386998247759720873e-04
4.191419141914191187e+02,6.602174702236308690e+01,2.456592393396086387e-04
4.192919291929192696e+02,6.598401476711306657e+01,2.528217137952395738e-04
4.194419441944194205e+02,6.594300137773586812e+01,2.601930547209391860e-04
4.195919591959195714e+02,6.590864100899659661e+01,2.677791845607610955e-04
4.197419741974197223e+02,6.589366261517554335e+01,2.755861416247383858e-04
4.198919891989198732e+02,6.591208440182482775e+01,2.836201027161713959e-04
4.200420042004200241e+02,6.595236589948183337e+01,2.918878417105538010e-04
4.201920192019201750e+02,6.599611772898114737e+01,3.003965252804007479e-04
4.203420342034203259e+02,6.603171082420644211e+01,3.091534247848550768e-04
4.204920492049204768e+02,6.605138171136803749e+01,3.181659478034938116e-04
4.206420642064206277e+02,6.605123250900288667e+01,3.274416381363280519e-04
4.207920792079207786e+02,6.603123092797453353e+01,3.369881758038033520e-04
4.209420942094209295e+02,6.599521027147318364e+01,3.468133770467991795e-04
4.210921092109210804e+02,6.595086943501563326e+01,3.569251943266294022e-04
4.212421242124212313e+02,6.590977290644534037e+01,3.673317163250419638e-04
4.213921392139213822e+02,6.588735076593238205e+01,3.780411679442191543e-04
4.215421542154215331e+02,6.590152996507954697e+01,3.890619414957499135e-04
4.216921692169216840e+02,6.593560961227967709e+01,4.004034782191995593e-04
4.218421842184218349e+02,6.596977274776561728e+01,4.120756258628560892e-04
4.219921992199219858e+02,6.599603000900923178e+01,4.240882518737624975e-04
4.221422142214221367e+02,6.600945970430383625e+01,4.364514327929672351e-04
4.222922292229222876e+02,6.600820781276412674e+01,4.491754542555245343e-04
4.224422442244224385e+02,6.599348798432623653e+01,4.622708109904940296e-04
4.225922592259225894e+02,6.596958153974773609e+01,4.757482068209410286e-04
4.227422742274227403e+02,6.594383747060757628e+01,4.896185546639362412e-04
4.228922892289228912e+02,6.592667243930614518e+01,5.038929765305561045e-04
4.230423042304230421e+02,6.593128046147663213e+01,5.185828132478733027e-04
4.231923192319231930e+02,6.595085229820189454e+01,5.337003908274876854e-04
4.233423342334233439e+02,6.597124086023580958e+01,5.492586353931078712e-04
4.234923492349234948e+02,6.598744129614723875e+01,5.652705590726321431e-04
4.236423642364236457e+02,6.599626253620628802e+01,5.817495085482541836e-04
4.237923792379237966e+02,6.599632729238422257e+01,5.987091650564629669e-04
4.239423942394239475e+02,6.598807205835352363e+01,6.161635443880421076e-04
4.240924092409240984e+02,6.597374710948788845e+01,6.341269968880710543e-04
4.242424242424242493e+02,6.595741650286215929e+01,6.526142074559236790e-04
4.243924392439244002e+02,6.594495807725243708e+01,6.716401955452696877e-04
4.245424542454245511e+02,6.594406345313596773e+01,6.912203151640734268e-04
4.246924692469247020e+02,6.595691366271462641e+01,7.113706231171180311e-04
4.248424842484248529e+02,6.597388985401360628e+01,7.321081603011096034e-04
4.249924992499250038e+02,6.598964664255662171e+01,7.534502461644178610e-04
4.251425142514251547e+02,6.600036262404758247e+01,7.754146738722945400e-04
4.252925292529253056e+02,6.600371161678351939e+01,7.980197118561465838e-04
4.254425442544254565e+02,6.599886266165458437e+01,8.212841038135361427e-04
4.255925592559256074e+02,6.598648002214400776e+01,8.452270687081806823e-04
4.257425742574257583e+02,6.596872318432816940e+01,8.698683007699529839e-04
4.258925892589259092e+02,6.594924685687652754e+01,8.952279694948807104e-04
4.260426042604260601e+02,6.593320097105167577e+01,9.213267196451471654e-04
4.261926192619262110e+02,6.592723068070927184e+01,9.481856712490904261e-04
4.263426342634263619e+02,6.593845770650705163e+01,9.758264913968428718e-04
4.264926492649265128e+02,6.596279164066912415e+01,1.004272192454358286e-03
4.266426642664266637e+02,6.599039621557787427e+01,1.033546833246513441e-03
4.267926792679268146e+02,6.601366533083695742e+01,1.063675073747778104e-03
4.269426942694269655e+02,6.602723517083515503e+01,1.094682179899718853e-03
4.270927092709271164e+02,6.602798420474637453e+01,1.126594023610997999e-03
4.272427242724272674e+02,6.601503318652959251e+01,1.159437082757375096e-03
4.273927392739273614e+02,6.598974515492896842e+01,1.193238441181693286e-03
4.275427542754275123e+02,6.595572543347368821e+01,1.228025788693930470e-03
4.276927692769276632e+02,6.591882163047809229e+01,1.263827421071123201e-03
4.278427842784278141e+02,6.588712363904163283e+01,1.300672240057416766e-03
4.279927992799279650e+02,6.587096363704885960e+01,1.338589753364053704e-03
4.281428142814281159e+02,6.588234442174511685e+01,1.377610122727336356e-03
4.282928292829282668e+02,6.591071108732802486e+01,1.417766289253177391e-03
4.284428442844284177e+02,6.593989528945785139e+01,1.459092788822700893e-03
4.285928592859285686e+02,6.596262563787396971e+01,1.501624448271834814e-03
4.287428742874287195e+02,6.597430986964218391e+01,1.545396880310330803e-03
4.288928892889288704e+02,6.597303484915482841e+01,1.590446483521766163e-03
4.290429042904290213e+02,6.595956656813069685e+01,1.636810442363541025e-03
4.291929192919291722e+02,6.593735014561509900e+01,1.684526727166881389e-03
4.293429342934293231e+02,6.591250982797980384e+01,1.733634094136836737e-03
4.294929492949294740e+02,6.589384898892309650e+01,1.784172085352281334e-03
4.296429642964296249e+02,6.589285012946973552e+01,1.836181028765914011e-03
4.297929792979297758e+02,6.590866287091795073e+01,1.889703863385009276e-03
4.299429942994299267e+02,6.592612669503188272e+01,1.944786457089700722e-03
4.300930093009300776e+02,6.594042220122204867e+01,2.001474796568276232e-03
4.302430243024302285e+02,6.594837801962175661e+01,2.059816081967434046e-03
4.303930393039303794e+02,6.594846172964133757e+01,2.119858728000406992e-03
4.305430543054305303e+02,6.594077985996821667e+01,2.181652363946964216e-03
4.306930693069306813e+02,6.592707788856687046e+01,2.245247833653409453e-03
4.308430843084308322e+02,6.591074024267888376e+01,2.310697195532582758e-03
4.309930993099309831e+02,6.589679029882283601e+01,2.378053722563859638e-03
4.311431143114311340e+02,6.589189038279442912e+01,2.447371902293150187e-03
4.312931293129312849e+02,6.590060022660640016e+01,2.518708142153396837e-03
4.314431443144314358e+02,6.591496356638954524e+01,2.592122532228065095e-03
4.315931593159315867e+02,6.592923757286200726e+01,2.667676362141440435e-03
4.317431743174317376e+02,6.593936044102547100e+01,2.745432572697215513e-03
4.318931893189318885e+02,6.594269531435566023e+01,2.825455810874925085e-03
4.320432043204320394e+02,6.593803028480229500e+01,2.907812429829946012e-03
4.321932193219321903e+02,6.592557839278919118e+01,2.992570488893496819e-03
4.323432343234323412e+02,6.590697762721413255e+01,3.079799753572639003e-03
4.324932493249324921e+02,6.588529092544898447e+01,3.169571695550275729e-03
4.326432643264326430e+02,6.586500617333963703e+01,3.261959492685153131e-03
4.327932793279327939e+02,6.585203620520597667e+01,3.357038029011858576e-03
4.329432943294329448e+02,6.585370623774232968e+01,3.454883898164182524e-03
4.330933093309330957e+02,6.587304297382279117e+01,3.555576807111369454e-03
4.332433243324332466e+02,6.590052814838588802e+01,3.659201743160517013e-03
4.333933393339333975e+02,6.592680464738249668e+01,3.765846282322796862e-03
4.335433543354335484e+02,6.594491100360819757e+01,3.875600119814897465e-03
4.336933693369336993e+02,6.595028139670321821e+01,3.988555070059023218e-03
4.338433843384338502e+02,6.594074565315243319e+01,4.104805066682897484e-03
4.339933993399340011e+02,6.591652924628539267e+01,4.224446162519757825e-03
4.341434143414341520e+02,6.588025329627635074e+01,4.347576529608360336e-03
4.342934293429343029e+02,6.583693457014416595e+01,4.474296459192979650e-03
4.344434443444344538e+02,6.579398548175241501e+01,4.604708361723404593e-03
4.345934593459346047e+02,6.576121409180929334e+01,4.738916766854941662e-03
4.347434743474347556e+02,6.575082410786768605e+01,4.877028323448415886e-03
4.348934893489349065e+02,6.577128258626569846e+01,5.019153668620724047e-03
4.350435043504350574e+02,6.580009570437273680e+01,5.165416382659160366e-03
4.351935193519352083e+02,6.582572410506256233e+01,5.315940853161415548e-03
4.353435343534353592e+02,6.584193268816811440e+01,5.470853482176589802e-03
4.354935493549355101e+02,6.584530368067061090e+01,5.630283407483357636e-03
4.356435643564356610e+02,6.583523663669959092e+01,5.794362502589964388e-03
4.357935793579358119e+02,6.581394843753281521e+01,5.963225376734231434e-03
4.359435943594359628e+02,6.578647329159635149e+01,6.137009374883551846e-03
4.360936093609361137e+02,6.576066273446456023e+01,6.315854577734893865e-03
4.362436243624362646e+02,6.574718562886005202e+01,6.499903801714797431e-03
4.363936393639364155e+02,6.575424874002325737e+01,6.689304914748932067e-03
4.365436543654365664e+02,6.576599049716556067e+01,6.884220376446707063e-03
4.366936693669367173e+02,6.577581011086668639e+01,7.084813229387019497e-03
4.368436843684368114e+02,6.578048432542246360e+01,7.291250053207458393e-03
4.369936993699369623e+02,6.577826266764802199e+01,7.503701810701320085e-03
4.371437143714371132e+02,6.576886744687772079e+01,7.722343847817137244e-03
4.372937293729372641e+02,6.575349375496526250e+01,7.947355893658988521e-03
4.374437443744374150e+02,6.573480946628356492e+01,8.178922060486423090e-03
4.375937593759375659e+02,6.571695523772484648e+01,8.417230843714458913e-03
4.377437743774377168e+02,6.570554450870064045e+01,8.662475121913587942e-03
4.378937893789378677e+02,6.570566956587384766e+01,8.914853609990051886e-03
4.380438043804380186e+02,6.571155449569538121e+01,9.174577404563587224e-03
4.381938193819381695e+02,6.571788053649979133e+01,9.441862368888120222e-03
4.383438343834383204e+02,6.572098752046001380e+01,9.716930124459359844e-03
4.384938493849384713e+02,6.571841467307608298e+01,1.000000846562356348e-02
4.386438643864386222e+02,6.570890061317517450e+01,1.029133135957754387e-02
4.387938793879387731e+02,6.569238335291156261e+01,1.059113894636867087e-02
4.389438943894389240e+02,6.567000029776659176e+01,1.089967753889486274e-02
4.390939093909390749e+02,6.564408824654876184e+01,1.121719962290459484e-02
4.392439243924392258e+02,6.561818339139367140e+01,1.154396385699689789e-02
4.393939393939393767e+02,6.559702131776401757e+01,1.188023507262135452e-02
4.395439543954395276e+02,6.558653700444961032e+01,1.222628427407810442e-02
4.396939693969396785e+02,6.559271092223727351e+01,1.258238985846308472e-02
4.398439843984398294e+02,6.561040861613288655e+01,1.294884773111315557e-02
4.399939993999399803e+02,6.562980374423335661e+01,1.332596664929789135e-02
4.401440144014401312e+02,6.564327556632768790e+01,1.371406299326114082e-02
4.402940294029402821e+02,6.564545092467777465e+01,1.411346073791000001e-02
4.404440444044404330e+02,6.563320424401845798e+01,1.452449145281480870e-02
4.405940594059405839e+02,6.560565753155749746e+01,1.494749430220915568e-02
4.407440744074407348e+02,6.556418037697552847e+01,1.538281604498987175e-02
4.408940894089408857e+02,6.551238995242614749e+01,1.583081103471703152e-02
4.410441044104410366e+02,6.545615101253585522e+01,1.629184121961396031e-02
4.411941194119411875e+02,6.540357589440405661e+01,1.676627614256722548e-02
4.413441344134413384e+02,6.536502451760307508e+01,1.725449294112663470e-02
4.414941494149414893e+02,6.535310438417818091e+01,1.775687634750525157e-02
4.416441644164416402e+02,6.536841367976136041e+01,1.827383480080288156e-02
4.417941794179417911e+02,6.538623545752514588e+01,1.880581903108646813e-02
4.419441944194419420e+02,6.539814998616536457e+01,1.935327596926325958e-02
4.420942094209420929e+02,6.539896444146380361e+01,1.991666163312569987e-02
4.422442244224422438e+02,6.538626435317415542e+01,2.049644161056952615e-02
4.423942394239423948e+02,6.536041360502196085e+01,2.109309105959378955e-02
4.425442544254425457e+02,6.532455443470469447e+01,2.170709470830083435e-02
4.426942694269426966e+02,6.528460743389172194e+01,2.233894685489632922e-02
4.428442844284428475e+02,6.524927154822428577e+01,2.298915136768923256e-02
4.429942994299429984e+02,6.523002376838985583e+01,2.365822168559436958e-02
4.431443144314431493e+02,6.522450418128647698e+01,2.434670770230338080e-02
4.432943294329433002e+02,6.521868401901251389e+01,2.505519302555287917e-02
4.434443444344434511e+02,6.520918543477873186e+01,2.578426120857431683e-02
4.435943594359436020e+02,6.519388673216342056e+01,2.653451147353311917e-02
4.437443744374437529e+02,6.517192236511230874e+01,2.730655871152867439e-02
4.438943894389439038e+02,6.514368293793866371e+01,2.810103348259435779e-02
4.440444044404440547e+02,6.511081520532320610e+01,2.891858201569751097e-02
4.441944194419442056e+02,6.507622207231415246e+01,2.975986620873944527e-02
4.443444344434443565e+02,6.504406259432722948e+01,3.062556362855545569e-02
4.444944494449445074e+02,6.501963977698216013e+01,3.151636785927006135e-02
4.446444644464446583e+02,6.500220009392124609e+01,3.243300762831462930e-02
4.447944794479448092e+02,6.498628897562204543e+01,3.337623877431476760e-02
4.449444944494449601e+02,6.496845131934841788e+01,3.434683397477727995e-02
4.450945094509451110e+02,6.494618772492920300e+01,3.534558786385388895e-02
4.452445244524452619e+02,6.491795449475809221e+01,3.637331703234124997e-02
4.453945394539454128e+02,6.488316363379369989e+01,3.743086002768095111e-02
4.455445544554455637e+02,6.484218284955956335e+01,3.851907735395951327e-02
4.456945694569457146e+02,6.479633555214407181e+01,3.963885147190836927e-02
4.458445844584458655e+02,6.474790085420060848e+01,4.079108679890389860e-02
4.459945994599460164e+02,6.470011357094738003e+01,4.197670970896741349e-02
4.461446144614461673e+02,6.465716422016754450e+01,4.319666853276513813e-02
4.462946294629463182e+02,6.462424859312979208e+01,4.445193341280731514e-02
4.464446444644464691e+02,6.460604480185625675e+01,4.574350243849898551e-02
4.465946594659465632e+02,6.459569635650423436e+01,4.707244006215331039e-02
4.467446744674467141e+02,6.458467809539229165e+01,4.843984839171539686e-02
4.468946894689468650e+02,6.456641015093174474e+01,4.984685618691239023e-02
4.470447044704470159e+02,6.453625794962677276e+01,5.129461885925548637e-02
4.471947194719471668e+02,6.449153221207430420e+01,5.278431847203941818e-02
4.473447344734473177e+02,6.443148895296407375e+01,5.431716374034246259e-02
4.474947494749474686e+02,6.435732948107862228e+01,5.589439003102643355e-02
4.476447644764476195e+02,6.427220039929326845e+01,5.751725936273668904e-02
4.477947794779477704e+02,6.418119360457615130e+01,5.918706040590214490e-02
4.479447944794479213e+02,6.409134628798820188e+01,6.090510848273524014e-02
4.480948094809480722e+02,6.401164093468312899e+01,6.267274556723197165e-02
4.482448244824482231e+02,6.395300532390746895e+01,6.449134028517186645e-02
4.483948394839483740e+02,6.392386135110587020e+01,6.636230694542244457e-02
4.485448544854485249e+02,6.390183074029178556e+01,6.828723678081266568e-02
4.486948694869486758e+02,6.387510207869146228e+01,7.026773122445799380e-02
4.488448844884488267e+02,6.383811616787384224e+01,7.230540892499301431e-02
4.489948994899489776e+02,6.378780560072568306e+01,7.440192078760046734e-02
4.491449144914491285e+02,6.372359476145158652e+01,7.655894997401123392e-02
4.492949294929492794e+02,6.364739982557401987e+01,7.877821190250439143e-02
4.494449444944494303e+02,6.356362875993326611e+01,8.106145424790717202e-02
4.495949594959495812e+02,6.347918132268745950e+01,8.341045694159497648e-02
4.497449744974497321e+02,6.340344906331257135e+01,8.582703217149136032e-02
4.498949894989498830e+02,6.334344078455230687e+01,8.831305559975433095e-02
4.500450045004500339e+02,6.328460571912489740e+01,9.087059054129384417e-02
4.501950195019501848e+02,6.322213673349281748e+01,9.350169431556203115e-02
4.503450345034503357e+02,6.315405013707060533e+01,9.620846576997203747e-02
4.504950495049504866e+02,6.307929669137259765e+01,9.899305744782682659e-02
4.506450645064506375e+02,6.299776161001288699e+01,1.018576755883190688e-01
4.507950795079507884e+02,6.291026455870537859e+01,1.048045801265312382e-01
4.509450945094509393e+02,6.281855965526372643e+01,1.078360846934355438e-01
4.510951095109510902e+02,6.272533546960139006e+01,1.109545566158939706e-01
4.512451245124512411e+02,6.263421502373159200e+01,1.141624169166582797e-01
4.513951395139513920e+02,6.254783738690927919e+01,1.174621625760100124e-01
4.515451545154515429e+02,6.246185809928767441e+01,1.208564229652640543e-01
4.516951695169516938e+02,6.237373839876714499e+01,1.243478665967199387e-01
4.518451845184518447e+02,6.228172182462329687e+01,1.279392330635219510e-01
4.519951995199519956e+02,6.218456767746957325e+01,1.316333367232826457e-01
4.521452145214521465e+02,6.208155101925728303e+01,1.354330666980828879e-01
4.522952295229522974e+02,6.197246267327555103e+01,1.393413868744717288e-01
4.524452445244524483e+02,6.185760922415137486e+01,1.433613359034665857e-01
4.525952595259525992e+02,6.173781301784957520e+01,1.474960272005531592e-01
4.527452745274527501e+02,6.161441216167283841e+01,1.517486489456853493e-01
4.528952895289529010e+02,6.148926052426168809e+01,1.561224640832854227e-01
4.530453045304530519e+02,6.136472773559448513e+01,1.606208103222439010e-01
4.531953195319532028e+02,6.124369938935431890e+01,1.652471001607690448e-01
4.533453345334533537e+02,6.112799399519643373e+01,1.700048506608176635e-01
4.534953495349535046e+02,6.101430218764948421e+01,1.748977426777920119e-01
4.536453645364536555e+02,6.089875201938828297e+01,1.799295641717739980e-01
4.537953795379538064e+02,6.077820575873678877e+01,1.851041982556144161e-01
4.539453945394539573e+02,6.065025988966808512e+01,1.904256231949329192e-01
4.540954095409541083e+02,6.051324511180441590e+01,1.958979124081179357e-01
4.542454245424542592e+02,6.036622634041717106e+01,2.015252344663268358e-01
4.543954395439544101e+02,6.020900270642686536e+01,2.073118530934857373e-01
4.545454545454545610e+02,6.004210755640318808e+01,2.132621271662896723e-01
4.546954695469547119e+02,5.986680845256493910e+01,2.193805107142025312e-01
4.548454845484548628e+02,5.968510717278007860e+01,2.256715529194569525e-01
4.549954995499550137e+02,5.949973971056572708e+01,2.321398981170545439e-01
4.551455145514551646e+02,5.931417627508810853e+01,2.387902857947656887e-01
4.552955295529553155e+02,5.913262129116262855e+01,2.456275505931296010e-01
4.554455445544554664e+02,5.896001339925382467e+01,2.526566223054544369e-01
4.555955595559556173e+02,5.879907308174001201e+01,2.598825830230117040e-01
4.557455745574557682e+02,5.863936956111407994e+01,2.673109362017294099e-01
4.558955895589559191e+02,5.847537244626285968e+01,2.749472811647256654e-01
4.560456045604560131e+02,5.830354288423057341e+01,2.827973077391223722e-01
4.561956195619561640e+02,5.812144822774078534e+01,2.908668102615584727e-01
4.563456345634563149e+02,5.792776203519672151e+01,2.991616875781722418e-01
4.564956495649564658e+02,5.772226407068106369e+01,3.076879430446129438e-01
4.566456645664566167e+02,5.750584030395599910e+01,3.164516845260378353e-01
4.567956795679567676e+02,5.728048291046320628e+01,3.254591243971123871e-01
4.569456945694569185e+02,5.704929027132388342e+01,3.347165795420100620e-01
4.570957095709570694e+02,5.681646697333871288e+01,3.442304713544125927e-01
4.572457245724572203e+02,5.658732380898789671e+01,3.540073257375095372e-01
4.573957395739573712e+02,5.636730432851124561e+01,3.640538075188639588e-01
4.575457545754575222e+02,5.614675517620901957e+01,3.743772688399460979e-01
4.576957695769576731e+02,5.592066393826595316e+01,3.849850726876896112e-01
4.578457845784578240e+02,5.568842892996718774e+01,3.958845922506034620e-01
4.579957995799579749e+02,5.544966014195358639e+01,4.070833574068545291e-01
4.581458145814581258e+02,5.520417924022170553e+01,4.185890547242677173e-01
4.582958295829582767e+02,5.495201956612382332e+01,4.304095274603255694e-01
4.584458445844584276e+02,5.469342613636792549e+01,4.425527755621687653e-01
4.585958595859585785e+02,5.442885564301771240e+01,4.550269556665957893e-01
4.587458745874587294e+02,5.415897645349257772e+01,4.678403811000629853e-01
4.588958895889588803e+02,5.388466861056765111e+01,4.810015218786846680e-01
4.590459045904590312e+02,5.360702383237375557e+01,4.945190047082330675e-01
4.591959195919591821e+02,5.332734529951726898e+01,5.084016130057367189e-01
4.593459345934593330e+02,5.304087228578866586e+01,5.226589025743844097e-01
4.594959495949594839e+02,5.274455278450979279e+01,5.373003539918379534e-01
4.596459645964596348e+02,5.244170584715009653e+01,5.523349675886829457e-01
4.597959795979597857e+02,5.213500781319260113e+01,5.677719963843398387e-01
4.599459945994599366e+02,5.182649231013390079e+01,5.836209460870643850e-01
4.600960096009600875e+02,5.151755025348414563e+01,5.998915750939476377e-01
4.602460246024602384e+02,5.120892984676706305e+01,6.165938944909155062e-01
4.603960396039603893e+02,5.090073658151992930e+01,6.337381680527290895e-01
4.605460546054605402e+02,5.059243323729361919e+01,6.513349122429845650e-01
4.606960696069606911e+02,5.028283988165254215e+01,6.693948962141134107e-01
4.608460846084608420e+02,4.997013387017469910e+01,6.879291418073819608e-01
4.609960996099609929e+02,4.965184984645163979e+01,7.069489235528918503e-01
4.611461146114611438e+02,4.932487974208849835e+01,7.264657686695797922e-01
4.612961296129612947e+02,4.898547277670395772e+01,7.464914570652176895e-01
4.614461446144614456e+02,4.863040307821865582e+01,7.670380115564391366e-01
4.615961596159615965e+02,4.826513335783184999e+01,7.881170323374814268e-01
4.617461746174617474e+02,4.789447217498687337e+01,8.097394950580728556e-01
4.618961896189618983e+02,4.752169790320454723e+01,8.319166356787099925e-01
4.620462046204620492e+02,4.714923438294612623e+01,8.546600089287782476e-01
4.621962196219622001e+02,4.677865092161327709e+01,8.779814883065516495e-01
4.623462346234623510e+02,4.641066229354810702e+01,9.018932660791928457e-01
4.624962496249625019e+02,4.604512874003315659e+01,9.264078532827534351e-01
4.626462646264626528e+02,4.568105596929136425e+01,9.515380797221735243e-01
4.627962796279628037e+02,4.531659515648613734e+01,9.772970939712818383e-01
4.629462946294629546e+02,4.494904294372128106e+01,1.003698363372796276e+00
4.630963096309631055e+02,4.457484144004103399e+01,1.030755674038323022e+00
4.632463246324632564e+02,4.418957822143006808e+01,1.058483130848356879e+00
4.633963396339634073e+02,4.378953641346802073e+01,1.086894987410184976e+00
4.635463546354635582e+02,4.338168878833863573e+01,1.116003879013227618e+00
4.636963696369637091e+02,4.297025046464793263e+01,1.145821895076289731e+00
4.638463846384638600e+02,4.255764971382059514e+01,1.176361423092989744e+00
4.639963996399640109e+02,4.214569703791060107e+01,1.207635094868589887e+00
4.641464146414641618e+02,4.173558516960125075e+01,1.239655786519995750e+00
4.642964296429643127e+02,4.132788907220516705e+01,1.272436618475757397e+00
4.644464446444644636e+02,4.092256593966425271e+01,1.305990955476068249e+00
4.645964596459646145e+02,4.051895519654974720e+01,1.340332406572765311e+00
4.647464746474647654e+02,4.011577849806219831e+01,1.375474825129329615e+00
4.648964896489649163e+02,3.971113973003146214e+01,1.411432308820886217e+00
4.650465046504650672e+02,3.930252500891668888e+01,1.448219199634203758e+00
4.651965196519652181e+02,3.888680268180637256e+01,1.485850083867694238e+00
4.653465346534653690e+02,3.846129622489062427e+01,1.524339558307216791e+00
4.654965496549655199e+02,3.803097990028737740e+01,1.563699766587527629e+00
4.656465646564656709e+02,3.759883570506942618e+01,1.603941871474194203e+00
4.657965796579657649e+02,3.716656375723392358e+01,1.645077131938704307e+00
4.659465946594659158e+02,3.673546762872866367e+01,1.687116812328495863e+00
4.660966096609660667e+02,3.630645434545311900e+01,1.730072182366863442e+00
4.662466246624662176e+02,3.588003438725772298e+01,1.773954517153020660e+00
4.663966396639663685e+02,3.545632168794408301e+01,1.818775097162084187e+00
4.665466546654665194e+02,3.503503363526495917e+01,1.864545208245074637e+00
4.666966696669666703e+02,3.461549107092425714e+01,1.911276141628915015e+00
4.668466846684668212e+02,3.419661829057704949e+01,1.958979193916432493e+00
4.669966996699669721e+02,3.377694304382956147e+01,2.007665667086357519e+00
4.671467146714671230e+02,3.335459653423917814e+01,2.057346868493323822e+00
4.672967296729672739e+02,3.292731341931441591e+01,2.108034110867867739e+00
4.674467446744674248e+02,3.249592423879254710e+01,2.159736833662261102e+00
4.675967596759675757e+02,3.206392507112782653e+01,2.212460989438582715e+00
4.677467746774677266e+02,3.163247820039441649e+01,2.266212327410653593e+00
4.678967896789678775e+02,3.120252517380491852e+01,2.320996092001271549e+00
4.680468046804680284e+02,3.077478691837645641e+01,2.376817022797323542e+00
4.681968196819681793e+02,3.034976374093068330e+01,2.433679354549784790e+00
4.683468346834683302e+02,2.992773532809379589e+01,2.491586817173718327e+00
4.684968496849684811e+02,2.950876074629652024e+01,2.550542635748277664e+00
4.686468646864686320e+02,2.909267844177411177e+01,2.610549530516703243e+00
4.687968796879687829e+02,2.867910624056635882e+01,2.671609716886325092e+00
4.689468946894689338e+02,2.826744134851758972e+01,2.733724905428561058e+00
4.690969096909690847e+02,2.785686035127665505e+01,2.796896301878919466e+00
4.692469246924692357e+02,2.744631921429695254e+01,2.861124607136994680e+00
4.693969396939693866e+02,2.703455328283639858e+01,2.926410017266471097e+00
4.695469546954695375e+02,2.662062130465222509e+01,2.992751551051969106e+00
4.696969696969696884e+02,2.620704165914542827e+01,3.060142315330860452e+00
4.698469846984698393e+02,2.579483467420976694e+01,3.128574723083359821e+00
4.699969996999699902e+02,2.538446652004683557e+01,3.198040201560338858e+00
4.701470147014701411e+02,2.497631315140300146e+01,3.268528699216045830e+00
4.702970297029702920e+02,2.457066030756941188e+01,3.340028685708105183e+00
4.704470447044704429e+02,2.416770351238198700e+01,3.412527151897518873e+00
4.705970597059705938e+02,2.376754807422142690e+01,3.486009609848663704e+00
4.707470747074707447e+02,2.337020908601319746e+01,3.560460092829294432e+00
4.708970897089708956e+02,2.297561142522755162e+01,3.635861155310542436e+00
4.710471047104710465e+02,2.258358975387951162e+01,3.712193872966913943e+00
4.711971197119711974e+02,2.219388851852887967e+01,3.789437842676294022e+00
4.713471347134713483e+02,2.180616195028022375e+01,3.867571182519942141e+00
4.714971497149714992e+02,2.141997406478289889e+01,3.946570531782495728e+00
4.716471647164716501e+02,2.103479866223102945e+01,4.026411050951968384e+00
4.717971797179718010e+02,2.065001932736351975e+01,4.107066421719750338e+00
4.719471947194719519e+02,2.026500265370709286e+01,4.188508334704803993e+00
4.720972097209721028e+02,1.988096389469495051e+01,4.270695471612889982e+00
4.722472247224722537e+02,1.949862809106610229e+01,4.353592180637385844e+00
4.723972397239724046e+02,1.911802590791608125e+01,4.437164448981921971e+00
4.725472547254725555e+02,1.873917170707532520e+01,4.521374287529096314e+00
4.726972697269727064e+02,1.836206354710918021e+01,4.606179730840475273e+00
4.728472847284728573e+02,1.798668318331790061e+01,4.691534837156594584e+00
4.729972997299730082e+02,1.761299606773664550e+01,4.777389688396956657e+00
4.731473147314731591e+02,1.724095134913548222e+01,4.863690390160033239e+00
4.732973297329733100e+02,1.687048187301939706e+01,4.950379071723265412e+00
4.734473447344734609e+02,1.650150418162826682e+01,5.037393886043062707e+00
4.735973597359736118e+02,1.613391851393688725e+01,5.124669009754801330e+00
4.737473747374737627e+02,1.576760880565495881e+01,5.212134643172827708e+00
4.738973897389739136e+02,1.540244268922709203e+01,5.299717010290455832e+00
4.740474047404740645e+02,1.503827149383280215e+01,5.387338358779969028e+00
4.741974197419742154e+02,1.467493024538650914e+01,5.474916959992618182e+00
4.743474347434743663e+02,1.431223766653755547e+01,5.562367108958623518e+00
4.744974497449745172e+02,1.394999617667017233e+01,5.649599124387171045e+00
4.746474647464746681e+02,1.358799189190350987e+01,5.736519348666419660e+00
4.747974797479748190e+02,1.322599462509162649e+01,5.823030147863494932e+00
4.749474947494749699e+02,1.286376468219975422e+01,5.909028164464791288e+00
4.750975097509751208e+02,1.250147715673040594e+01,5.994320550660181546e+00
4.752475247524752149e+02,1.213924241150984962e+01,6.078790902837639898e+00
4.753975397539753658e+02,1.177694871127943976e+01,6.162365390679454435e+00
4.755475547554755167e+02,1.141447498808101813e+01,6.244942661868737588e+00
4.756975697569756676e+02,1.105169084125636303e+01,6.326393842089552244e+00
4.758475847584758185e+02,1.068845653744732971e+01,6.406562535026883332e+00
4.759975997599759694e+02,1.032462301059585208e+01,6.485264822366633375e+00
4.761476147614761203e+02,9.960031861943935638e+00,6.562289263795626937e+00
4.762976297629762712e+02,9.594515360033661011e+00,6.637396897001607954e+00
4.764476447644764221e+02,9.227896440707187509e+00,6.710321237673238848e+00
4.765976597659765730e+02,8.859988707106753125e+00,6.780768279500104079e+00
4.767476747674767239e+02,8.490596429674663881e+00,6.848416494172706592e+00
4.768976897689768748e+02,8.119514546153302703e+00,6.912916831382469596e+00
4.770477047704770257e+02,7.746528661585134756e+00,6.973892718821735670e+00
4.771977197719771766e+02,7.371415048312697671e+00,7.030940062183770323e+00
4.773477347734773275e+02,6.993940645978599768e+00,7.083627245162753994e+00
4.774977497749774784e+02,6.613866847146449679e+00,7.131488267490753152e+00
4.776477647764776293e+02,6.231064518875050418e+00,7.173818536014747949e+00
4.777977797779777802e+02,5.845383273432763538e+00,7.209861614090923077e+00
4.779477947794779311e+02,5.456659297706601741e+00,7.238709558869450333e+00
4.780978097809780820e+02,5.064764812361847390e+00,7.259204213163206632e+00
4.782478247824782329e+02,4.669608071842048957e+00,7.269937205447767781e+00
4.783978397839783838e+02,4.271150177771297685e+00,7.269156582188210258e+00
4.785478547854785347e+02,3.869486232353750665e+00,7.254422277737142544e+00
4.786978697869786856e+02,3.464687534548284376e+00,7.223698463357705712e+00
4.788478847884788365e+02,3.057190767543435328e+00,7.173125491331057368e+00
4.789978997899789874e+02,2.647870380860030792e+00,7.096603867105287122e+00
4.791479147914791383e+02,2.238038590351189683e+00,6.985794249295415703e+00
4.792979297929792892e+02,1.829861225759210175e+00,6.824895913283757665e+00
4.794479447944794401e+02,1.426523858701838510e+00,6.597177434832260268e+00
4.795979597959795910e+02,1.032586564187138345e+00,6.291341416786440988e+00
4.797479747974797419e+02,6.608152370943176646e-01,5.809820823612547258e+00
4.798979897989798928e+02,3.329963017211987064e-01,4.957122517005803530e+00
4.800480048004800437e+02,9.616331922679080546e-02,3.174722567118211103e+00
4.801980198019801946e+02,1.740639321340404014e-02,2.664615972567100366e-01
4.803480348034803455e+02,1.866910318521319487e-02,1.932682698796255906e-03
4.804980498049804964e+02,2.507872199068153854e-02,4.174025979798952818e-05
4.806480648064806473e+02,3.374662464030336179e-02,2.464786152938356917e-06
4.807980798079807983e+02,4.540995048878569695e-02,3.445150143781738299e-07
4.809480948094809492e+02,6.110070913532127806e-02,6.461829786994399274e-08
4.810981098109811001e+02,8.220856759919960288e-02,3.254070192648025762e-08
4.812481248124812510e+02,1.105894497163639328e-01,1.171769470271996811e-08
4.813981398139814019e+02,1.487477185863164408e-01,1.304174988839981424e-08
4.815481548154815528e+02,2.000551249921139474e-01,1.176612005023125852e-08
4.816981698169817037e+02,2.689530094427970974e-01,8.308571680409344823e-09
4.818481848184818546e+02,3.613260664844150094e-01,6.613388154924260656e-09
4.819981998199820055e+02,4.853857128667529164e-01,5.785101234936599532e-09
4.821482148214821564e+02,6.518042233439187427e-01,5.255248527179331369e-09
4.822982298229823073e+02,8.741473980048449777e-01,4.845014170365558169e-09
4.824482448244824582e+02,1.170589879312423864e+00,4.593325689831569411e-09
4.825982598259826091e+02,1.565571194485879891e+00,4.451370317803622767e-09
4.827482748274827600e+02,2.090551436055525514e+00,4.382236591612041285e-09
4.828982898289829109e+02,2.784017175363835861e+00,4.362326757940274998e-09
4.830483048304830618e+02,3.689068370253696383e+00,4.378967274812951909e-09
4.831983198319832127e+02,4.868072199879793338e+00,4.423618440093725924e-09
4.833483348334833636e+02,6.394052111785956782e+00,4.490585929815242763e-09
4.834983498349835145e+02,8.334332628859911551e+00,4.575137338154799648e-09
4.836483648364836654e+02,1.075045020661743678e+01,4.673481793495038046e-09
4.837983798379838163e+02,1.369544790790850008e+01,4.782823283996115292e-09
4.839483948394839672e+02,1.719432338107388247e+01,4.901645768120699312e-09
4.840984098409841181e+02,2.123056587994020816e+01,5.028903271070605146e-09
4.842484248424842690e+02,2.572623453207165056e+01,5.163701738283310055e-09
4.843984398439844199e+02,3.054010908340119812e+01,5.305311460225568890e-09
4.845484548454845708e+02,3.546768989823060991e+01,5.453167072393414093e-09
4.846984698469847217e+02,4.025684878364231167e+01,5.606883615684380342e-09
4.848484848484848726e+02,4.473290093506535214e+01,5.766309828501032907e-09
4.849984998499849667e+02,4.876956682812736688e+01,5.931342637616673956e-09
4.851485148514851176e+02,5.228431219995606227e+01,6.101917966915361410e-09
4.852985298529852685e+02,5.524293966084636054e+01,6.278017569069626465e-09
4.854485448544854194e+02,5.765958869426682298e+01,6.459669025540728366e-09
4.855985598559855703e+02,5.959544246721538485e+01,6.646941268175846589e-09
4.857485748574857212e+02,6.112565657097138683e+01,6.839918834004878121e-09
4.858985898589858721e+02,6.231249496157445122e+01,7.038720006855061081e-09
4.860486048604860230e+02,6.321903104214887037e+01,7.243469039861939289e-09
4.861986198619861739e+02,6.390981703101215317e+01,7.454292035582218497e-09
4.863486348634863248e+02,6.443778962327782267e+01,7.671339050219883848e-09
4.864986498649864757e+02,6.483408220671533684e+01,7.894780907149616702e-09
4.866486648664866266e+02,6.512761187953310582e+01,8.124790004191728678e-09
4.867986798679867775e+02,6.534720214299380814e+01,8.361541613171425350e-09
4.869486948694869284e+02,6.552046721113623562e+01,8.605216911778216089e-09
4.870987098709870793e+02,6.565385875918106251e+01,8.856017233752134329e-09
4.872487248724872302e+02,6.574834953965806505e+01,9.114151806216920905e-09
4.873987398739873811e+02,6.580947937157164063e+01,9.379832167369086106e-09
4.875487548754875320e+02,6.584735514040080773e+01,9.653272166477904708e-09
4.876987698769876829e+02,6.587665079809922020e+01,9.934687963885412671e-09
4.878487848784878338e+02,6.590938592815984975e+01,1.022430384213445157e-08
4.879987998799879847e+02,6.593734086937053007e+01,1.052236589338056063e-08
4.881488148814881356e+02,6.595789850008851829e+01,1.082912229257029335e-08
4.882988298829882865e+02,6.597044944506912145e+01,1.114482720428876708e-08
4.884488448844884374e+02,6.597590299014814264e+01,1.146974119352726839e-08
4.885988598859885883e+02,6.597668708224190937e+01,1.180413122568325970e-08
4.887488748874887392e+02,6.597674832934717415e+01,1.214827066656037100e-08
4.888988898889888901e+02,6.598122531471642560e+01,1.250243967136991540e-08
4.890489048904890410e+02,6.598909782203975283e+01,1.286693246062523206e-08
4.891989198919891919e+02,6.599699054495185635e+01,1.324205178374219555e-08
4.893489348934893428e+02,6.600307217023124906e+01,1.362810811103852284e-08
4.894989498949894937e+02,6.600620352086464493e+01,1.402542113855540129e-08
4.896489648964896446e+02,6.600593755604693058e+01,1.443431978805749697e-08
4.897989798979897955e+02,6.600251937118122214e+01,1.485514220703294799e-08
4.899489948994899464e+02,6.599688619787880839e+01,1.528823576869336452e-08
4.900990099009900973e+02,6.599066740395915076e+01,1.573395707197383213e-08
4.902490249024902482e+02,6.598618449344992598e+01,1.619267194153291171e-08
4.903990399039903991e+02,6.598645110658702606e+01,1.666475542775263957e-08
4.905490549054905500e+02,6.599491944577289360e+01,1.715059518458196469e-08
4.906990699069907009e+02,6.600920633702136797e+01,1.765059486049805133e-08
4.908490849084908518e+02,6.602466325978532780e+01,1.816516957535746105e-08
4.909990999099910027e+02,6.603764419288164333e+01,1.869474701641308818e-08
4.911491149114911536e+02,6.604550625974410138e+01,1.923976743929000793e-08
4.912991299129913045e+02,6.604660972842329159e+01,1.980068366798547640e-08
4.914491449144914554e+02,6.604031801158673431e+01,2.037796109486893388e-08
4.915991599159916063e+02,6.602699766651876701e+01,2.097207768068200155e-08
4.917491749174917572e+02,6.600801839512062941e+01,2.158352395453847817e-08
4.918991899189919081e+02,6.598575304391039253e+01,2.221280301392435661e-08
4.920492049204920590e+02,6.596357760402301551e+01,2.286043052469780071e-08
4.921992199219922099e+02,6.594587121121031714e+01,2.352693472108916513e-08
4.923492349234923608e+02,6.593801614584097592e+01,2.421285640570098210e-08
4.924992499249925118e+02,6.594632738925069759e+01,2.491874908768260645e-08
4.926492649264926627e+02,6.596721298135385325e+01,2.564520007258615414e-08
4.927992799279928136e+02,6.598998961541299479e+01,2.639282646385118759e-08
4.929492949294929645e+02,6.600883204719364983e+01,2.716225509464967227e-08
4.930993099309931154e+02,6.601989412871070328e+01,2.795412863402078849e-08
4.932493249324932663e+02,6.602130880822842585e+01,2.876910558687093470e-08
4.933993399339934172e+02,6.601318813026051657e+01,2.960786029397370763e-08
4.935493549354935681e+02,6.599762323557004606e+01,3.047108293196993210e-08
4.936993699369937190e+02,6.597868436116945645e+01,3.135947951336764443e-08
4.938493849384938699e+02,6.596242084032060404e+01,3.227377188654207593e-08
4.939993999399940208e+02,6.595686110253471668e+01,3.321469773573569922e-08
4.941494149414941717e+02,6.596811717884492055e+01,3.418301969928255359e-08
4.942994299429943226e+02,6.598449958493040413e+01,3.517956202273293563e-08
4.944494449444944166e+02,6.599993977336943374e+01,3.620515890297246192e-08
4.945994599459945675e+02,6.601097195903949455e+01,3.726066465857363944e-08
4.947494749474947184e+02,6.601555121290245154e+01,3.834695660427596320e-08
4.948994899489948693e+02,6.601305346200462054e+01,3.946493505098748457e-08
4.950495049504950202e+02,6.600427548947671141e+01,4.061552330578438116e-08
4.951995199519951711e+02,6.599143493453384224e+01,4.179966767191098990e-08
4.953495349534953220e+02,6.597817029247556775e+01,4.301833744877980041e-08
4.954995499549954729e+02,6.596954091468583670e+01,4.427252493197144840e-08
4.956495649564956238e+02,6.597199120656395621e+01,4.556324556567371317e-08
4.957995799579957747e+02,6.598627413335863423e+01,4.689156344679252570e-08
4.959495949594959257e+02,6.600494090562048655e+01,4.825859485908631063e-08
4.960996099609960766e+02,6.602240584940366830e+01,4.966548242251347064e-08
4.962496249624962275e+02,6.603459089512197977e+01,5.111340021950298094e-08
4.963996399639963784e+02,6.603892557754895165e+01,5.260355379495438929e-08
4.965496549654965293e+02,6.603434703581774556e+01,5.413718015623782921e-08
4.966996699669966802e+02,6.602130001342125354e+01,5.571554777319400013e-08
4.968496849684968311e+02,6.600173685821204117e+01,5.733995657813419387e-08
4.969996999699969820e+02,6.597911752240236183e+01,5.901173796584026153e-08
4.971497149714971329e+02,6.595840956256414245e+01,6.073225479356464001e-08
4.972997299729972838e+02,6.594608813962901195e+01,6.250290138103035858e-08
4.974497449744974347e+02,6.595013451913082747e+01,6.432510351720047987e-08
4.975997599759975856e+02,6.597023746976553582e+01,6.620036259212518463e-08
4.977497749774977365e+02,6.599467541985238483e+01,6.813027342931499610e-08
4.978997899789978874e+02,6.601644863221822845e+01,7.011645867688243564e-08
4.980498049804980383e+02,6.603065527784022493e+01,7.216058170479300287e-08
4.981998199819981892e+02,6.603449143584586523e+01,7.426434660486508307e-08
4.983498349834983401e+02,6.602725109351293042e+01,7.642949819077003980e-08
4.984998499849984910e+02,6.601032614626956274e+01,7.865782199803212225e-08
4.986498649864986419e+02,6.598720639769418028e+01,8.095114428402853145e-08
4.987998799879987928e+02,6.596347955951554809e+01,8.331133202798939374e-08
4.989498949894989437e+02,6.594683125161273551e+01,8.574029293099777408e-08
4.990999099909990946e+02,6.594704500201514463e+01,8.823997541598964951e-08
4.992499249924992455e+02,6.596661352505259401e+01,9.081242326319873828e-08
4.993999399939993964e+02,6.599169361712820603e+01,9.345983444986965167e-08
4.995499549954995473e+02,6.601474536485103783e+01,9.618443795233278104e-08
4.996999699969996982e+02,6.603046623113444014e+01,9.898851787734875481e-08
4.998499849984998491e+02,6.603571699595165967e+01,1.018744138887234115e-07
5.000000000000000000e+02,6.602952175633576815e+01,1.048445212073077732e-07
5.001500150015001509e+02,6.601306792637964804e+01,1.079012906109980854e-07
5.003000300030003018e+02,6.598970623723607787e+01,1.110472284347357641e-07
5.004500450045004527e+02,6.596495073711766111e+01,1.142848965705074352e-07
5.006000600060006036e+02,6.594647879129681201e+01,1.176169124673449216e-07
5.007500750075007545e+02,6.594413108210584085e+01,1.210459491313252432e-07
5.009000900090009054e+02,6.596335020622063894e+01,1.245747864786437403e-07
5.010501050105010563e+02,6.599073762811258348e+01,1.282064343890367958e-07
5.012001200120012072e+02,6.601724783733193647e+01,1.319439631883503274e-07
5.013501350135013581e+02,6.603650180694384630e+01,1.357905155399925192e-07
5.015001500150015090e+02,6.604449857435868410e+01,1.397493086381961752e-07
5.016501650165016599e+02,6.603961524133217154e+01,1.438236342080187191e-07
5.018001800180018108e+02,6.602260697396525302e+01,1.480168585053423004e-07
5.019501950195019617e+02,6.599660700270420932e+01,1.523324223168735558e-07
5.021002100210021126e+02,6.596712662234060076e+01,1.567738409601438213e-07
5.022502250225022635e+02,6.594205519201123877e+01,1.613447042835090790e-07
5.024002400240024144e+02,6.593166013519825697e+01,1.660486766661498516e-07
5.025502550255025653e+02,6.594660971837578245e+01,1.708895171762862028e-07
5.027002700270027162e+02,6.597635243988057141e+01,1.758713156669128517e-07
5.028502850285028671e+02,6.600803865700960671e+01,1.809983252711218576e-07
5.030003000300030180e+02,6.603345684531241488e+01,1.862748794255691023e-07
5.031503150315031689e+02,6.604715022137246194e+01,1.917054093302851814e-07
5.033003300330033198e+02,6.604641674280712493e+01,1.972944439486754834e-07
5.034503450345034707e+02,6.603130910826770616e+01,2.030466100075200310e-07
5.036003600360036216e+02,6.600463475743943320e+01,2.089666319969736401e-07
5.037503750375037725e+02,6.597195587104144465e+01,2.150593321705658932e-07
5.039003900390039234e+02,6.594158937082679017e+01,2.213296305452010334e-07
5.040504050405040743e+02,6.592460691958247310e+01,2.277825449011580970e-07
5.042004200420041684e+02,6.593433202109117985e+01,2.344231977501581935e-07
5.043504350435043193e+02,6.596328637198625700e+01,2.412571519236815074e-07
5.045004500450044702e+02,6.599533159015727790e+01,2.482902848309517419e-07
5.046504650465046211e+02,6.602197645408287485e+01,2.555285453310833963e-07
5.048004800480047720e+02,6.603752758555130242e+01,2.629780156519024856e-07
5.049504950495049229e+02,6.603908944966042327e+01,2.706449113899466196e-07
5.051005100510050738e+02,6.602656435481769392e+01,2.785355815104652152e-07
5.052505250525052247e+02,6.600265245274017900e+01,2.866565083474190196e-07
5.054005400540053756e+02,6.597285173845456541e+01,2.950143076034806397e-07
5.055505550555055265e+02,6.594545805029714813e+01,3.036157283500342774e-07
5.057005700570056774e+02,6.593156506991381605e+01,3.124676530271755709e-07
5.058505850585058283e+02,6.594352217238403568e+01,3.215771279278688011e-07
5.060006000600059792e+02,6.596968540383163315e+01,3.309518790056929835e-07
5.061506150615061301e+02,6.599688496318466946e+01,3.405999096426811202e-07
5.063006300630062810e+02,6.601834935059895315e+01,3.505293387582723484e-07
5.064506450645064319e+02,6.602971308195328959e+01,3.607484774635445825e-07
5.066006600660065828e+02,6.602901668884956621e+01,3.712658290612144085e-07
5.067506750675067337e+02,6.601670671861270989e+01,3.820900890456369250e-07
5.069006900690068846e+02,6.599563573429065855e+01,3.932301451028060080e-07
5.070507050705070355e+02,6.597106231465440374e+01,4.046950771103541521e-07
5.072007200720071864e+02,6.595065105419797646e+01,4.164941571375524704e-07
5.073507350735073373e+02,6.594447256313844719e+01,4.286368494453108003e-07
5.075007500750074882e+02,6.596010549768352860e+01,4.411329483465418055e-07
5.076507650765076392e+02,6.598379740484236322e+01,4.539931262848772588e-07
5.078007800780077901e+02,6.600690351226838004e+01,4.672282352796327194e-07
5.079507950795079410e+02,6.602390810485286465e+01,4.808493721436426723e-07
5.081008100810080919e+02,6.603138579775087180e+01,4.948679076452807783e-07
5.082508250825082428e+02,6.602800153638122538e+01,5.092954865084599797e-07
5.084008400840083937e+02,6.601451059642647579e+01,5.241440274126325538e-07
5.085508550855085446e+02,6.599375858383297100e+01,5.394257229927899530e-07
5.087008700870086955e+02,6.597068143481082814e+01,5.551530398394631237e-07
5.088508850885088464e+02,6.595230541583387662e+01,5.713387184987221875e-07
5.090009000900089973e+02,6.594774712363975766e+01,5.879957734721766539e-07
5.091509150915091482e+02,6.596377757081101834e+01,6.051376661035530417e-07
5.093009300930092991e+02,6.598870208022890438e+01,6.227789584960151891e-07
5.094509450945094500e+02,6.601361354151408989e+01,6.409345489018475625e-07
5.096009600960096009e+02,6.603237972701707292e+01,6.596196855028222051e-07
5.097509750975097518e+02,6.604105942609569979e+01,6.788499891091040181e-07
5.099009900990099027e+02,6.603790244511517926e+01,6.986414531592505497e-07
5.100510051005100536e+02,6.602334960744812520e+01,7.190104437202117828e-07
5.102010201020102045e+02,6.600003275347447129e+01,7.399736994873307704e-07
5.103510351035103554e+02,6.597277474058158475e+01,7.615483317843431064e-07
5.105010501050105063e+02,6.594858944316415261e+01,7.837518245633770312e-07
5.106510651065106572e+02,6.593668175262425279e+01,8.066020344049535377e-07
5.108010801080108081e+02,6.594766487668024979e+01,8.301172295667433175e-07
5.109510951095109590e+02,6.597540045138084963e+01,8.543170529992744565e-07
5.111011101110111099e+02,6.600679780660769325e+01,8.792221640484826000e-07
5.112511251125112608e+02,6.603330806046899681e+01,9.048536232884872651e-07
5.114011401140114117e+02,6.604905467873160774e+01,9.312329750290832469e-07
5.115511551155115626e+02,6.605083347482097622e+01,9.583822473157400887e-07
5.117011701170117135e+02,6.603811260982121212e+01,9.863239519296022938e-07
5.118511851185118644e+02,6.601303259247499966e+01,1.015081084387489008e-06
5.120012001200119585e+02,6.598040627918372536e+01,1.044677123941883115e-06
5.121512151215121094e+02,6.594771887400732169e+01,1.075136033580976339e-06
5.123012301230122603e+02,6.592512792866436655e+01,1.106482260028601270e-06
5.124512451245124112e+02,6.592546334253211171e+01,1.138740733744276896e-06
5.126012601260125621e+02,6.595227736749077962e+01,1.171937696280201150e-06
5.127512751275127130e+02,6.598663430557337506e+01,1.206101837179501925e-06
5.129012901290128639e+02,6.601814619148927932e+01,1.241262197924003322e-06
5.130513051305130148e+02,6.603956490803442136e+01,1.277448447094589571e-06
5.132013201320131657e+02,6.604663711200244336e+01,1.314690889726624644e-06
5.133513351335133166e+02,6.603810423418461539e+01,1.353020467309954159e-06
5.135013501350134675e+02,6.601570247936989233e+01,1.392468757788902841e-06
5.136513651365136184e+02,6.598416282634485697e+01,1.433067975562277696e-06
5.138013801380137693e+02,6.595121102789380529e+01,1.474850971483365046e-06
5.139513951395139202e+02,6.592756761079864702e+01,1.517851232859932437e-06
5.141014101410140711e+02,6.592694787583899085e+01,1.562102883454227368e-06
5.142514251425142220e+02,6.595197624352526589e+01,1.607642050195990864e-06
5.144014401440143729e+02,6.598221847747845459e+01,1.654508253940454089e-06
5.145514551455145238e+02,6.600902194837186698e+01,1.702741126118573304e-06
5.147014701470146747e+02,6.602654513306175943e+01,1.752381196128895250e-06
5.148514851485148256e+02,6.603157609297392128e+01,1.803469908327736607e-06
5.150015001500149765e+02,6.602353247410371750e+01,1.856049622029183573e-06
5.151515151515151274e+02,6.600446150701604608e+01,1.910163611505091433e-06
5.153015301530152783e+02,6.597904000684535220e+01,1.965856065985085204e-06
5.154515451545154292e+02,6.595457437329562822e+01,2.023172089656558780e-06
5.156015601560155801e+02,6.594100059064044217e+01,2.082157701664675995e-06
5.157515751575157310e+02,6.594992745655711985e+01,2.142859966548824511e-06
5.159015901590158819e+02,6.597242497148825180e+01,2.205330070470249721e-06
5.160516051605160328e+02,6.599626302903804742e+01,2.269621188018063016e-06
5.162016201620161837e+02,6.601541361766784632e+01,2.335787273113072586e-06
5.163516351635163346e+02,6.602593892331499603e+01,2.403883619541274754e-06
5.165016501650164855e+02,6.602599132939292303e+01,2.473966860953852705e-06
5.166516651665166364e+02,6.601581341679107595e+01,2.546094970867177330e-06
5.168016801680167873e+02,6.599773796387498237e+01,2.620327262662807231e-06
5.169516951695169382e+02,6.597618794648617779e+01,2.696724389587488297e-06
5.171017101710170891e+02,6.595767653794224827e+01,2.775348344753154123e-06
5.172517251725172400e+02,6.595080710903685883e+01,2.856262461136925591e-06
5.174017401740173909e+02,6.596347975162272803e+01,2.939531953903390445e-06
5.175517551755175418e+02,6.598564096111519461e+01,3.025227301916452904e-06
5.177017701770176927e+02,6.600845830272656656e+01,3.113420811915866146e-06
5.178517851785178436e+02,6.602619972610263233e+01,3.204186432969363644e-06
5.180018001800179945e+02,6.603512072164687652e+01,3.297599978289163192e-06
5.181518151815181454e+02,6.603346432052046566e+01,3.393739125231972416e-06
5.183018301830182963e+02,6.602146109464220558e+01,3.492683415298983266e-06
5.184518451845184472e+02,6.600132915668855560e+01,3.594514254135875828e-06
5.186018601860185981e+02,6.597727416009368540e+01,3.699314911532816629e-06
5.187518751875187490e+02,6.595548929904940394e+01,3.807170521424459911e-06
5.189018901890188999e+02,6.594415530850518792e+01,3.918168081889945932e-06
5.190519051905190508e+02,6.595296679840309650e+01,4.032396574891126296e-06
5.192019201920192017e+02,6.597804623928517742e+01,4.149950937856957081e-06
5.193519351935193527e+02,6.600737861993195565e+01,4.270931206253643132e-06
5.195019501950195036e+02,6.603278425577323674e+01,4.395439521137907962e-06
5.196519651965196545e+02,6.604854145773994389e+01,4.523580454876528981e-06
5.198019801980198054e+02,6.605138653226413226e+01,4.655461011146333266e-06
5.199519951995199563e+02,6.604051378127900307e+01,4.791190624934200946e-06
5.201020102010201072e+02,6.601757550221888948e+01,4.930881162537065203e-06
5.202520252025202581e+02,6.598668198801927076e+01,5.074646921561910576e-06
5.204020402040204090e+02,6.595440152711672965e+01,5.222604630925772965e-06
5.205520552055205599e+02,6.592976040344902344e+01,5.374873450855740473e-06
5.207020702070207108e+02,6.592424289645502711e+01,5.531574972888955106e-06
5.208520852085208617e+02,6.594666103102542820e+01,5.692834909330852177e-06
5.210021002100210126e+02,6.598169432099759035e+01,5.858791125143978256e-06
5.211521152115211635e+02,6.601671651069452196e+01,6.029585454922678716e-06
5.213021302130213144e+02,6.604306694514536957e+01,6.205362555611079774e-06
5.214521452145214653e+02,6.605520849121218419e+01,6.386270149246380055e-06
5.216021602160216162e+02,6.605072753758994963e+01,6.572459022958851432e-06
5.217521752175217671e+02,6.603033399480656840e+01,6.764083028971834797e-06
5.219021902190219180e+02,6.599786129522286160e+01,6.961299084601745987e-06
5.220522052205220689e+02,6.596026639303255479e+01,7.164267172258071550e-06
5.222022202220222198e+02,6.592762976426233479e+01,7.373150339443371286e-06
5.223522352235223707e+02,6.591315540677175022e+01,7.588114698753274857e-06
5.225022502250225216e+02,6.593050018607384288e+01,7.809330650210920453e-06
5.226522652265226725e+02,6.596335937129398985e+01,8.036987648387690754e-06
5.228022802280228234e+02,6.599662362425661399e+01,8.271281237962613479e-06
5.229522952295229743e+02,6.602220364647394035e+01,8.512409514525377704e-06
5.231023102310231252e+02,6.603499884530840802e+01,8.760574848108813935e-06
5.232523252325232761e+02,6.603289733397267014e+01,9.015983883188892405e-06
5.234023402340234270e+02,6.601677593152953705e+01,9.278847538684723082e-06
5.235523552355235779e+02,6.599050016289207576e+01,9.549381007958557358e-06
5.237023702370237288e+02,6.596092425882352472e+01,9.827803758815788050e-06
5.238523852385238797e+02,6.593789115593729377e+01,1.011433953350494601e-05
5.240024002400240306e+02,6.593423249669703523e+01,1.040921634871770353e-05
5.241524152415241815e+02,6.595484836680593332e+01,1.071267374084300274e-05
5.243024302430243324e+02,6.598045293537025202e+01,1.102497443682143764e-05
5.244524452445244833e+02,6.600336350002373820e+01,1.134638156353449774e-05
5.246024602460246342e+02,6.601863147464726467e+01,1.167716437050058537e-05
5.247524752475247851e+02,6.602352421222848022e+01,1.201759856807781081e-05
5.249024902490249360e+02,6.601752500486192332e+01,1.236796632746399907e-05
5.250525052505250869e+02,6.600233308374889418e+01,1.272855628069668312e-05
5.252025202520252378e+02,6.598186361919754006e+01,1.309966352065310723e-05
5.253525352535253887e+02,6.596224772062282682e+01,1.348158960105022703e-05
5.255025502550255396e+02,6.595183243654653893e+01,1.387464253644470949e-05
5.256525652565256905e+02,6.596011276430206749e+01,1.427913782444606639e-05
5.258025802580258414e+02,6.597964881806557003e+01,1.469541567021246067e-05
5.259525952595259923e+02,6.600064391733965863e+01,1.512382805031748303e-05
5.261026102610261432e+02,6.601766996495989304e+01,1.556473367117401369e-05
5.262526252625262941e+02,6.602711939811123898e+01,1.601850051789092545e-05
5.264026402640264450e+02,6.602720518832799712e+01,1.648550585427307010e-05
5.265526552655265959e+02,6.601796084149391675e+01,1.696613622282128862e-05
5.267026702670267468e+02,6.600124039784203944e+01,1.746078744473240435e-05
5.268526852685268977e+02,6.598071843195486963e+01,1.796986461989922307e-05
5.270027002700270486e+02,6.596189005276421824e+01,1.849378212691053631e-05
5.271527152715271995e+02,6.595207090355131641e+01,1.903296362305112140e-05
5.273027302730273504e+02,6.595990253850516183e+01,1.958784270194125233e-05
5.274527452745275014e+02,6.598186174085054745e+01,2.015888079279544188e-05
5.276027602760276523e+02,6.600756260016069632e+01,2.074656158671116284e-05
5.277527752775278032e+02,6.602985209061849048e+01,2.135137950844004381e-05
5.279027902790279541e+02,6.604370943260676086e+01,2.197384133807723440e-05
5.280528052805279913e+02,6.604624609270830149e+01,2.261446621106090717e-05
5.282028202820281422e+02,6.603670578370589794e+01,2.327378561817421262e-05
5.283528352835282931e+02,6.601646446458221362e+01,2.395234340554235858e-05
5.285028502850284440e+02,6.598903034051993188e+01,2.465069577463456857e-05
5.286528652865285949e+02,6.596004386290162813e+01,2.536941128226356001e-05
5.288028802880287458e+02,6.593727772930989772e+01,2.610907084058557815e-05
5.289528952895288967e+02,6.593063688352724228e+01,2.687026771710038583e-05
5.291029102910290476e+02,6.594945826587117210e+01,2.765361181247231816e-05
5.292529252925291985e+02,6.598332076190617101e+01,2.845976434160767918e-05
5.294029402940293494e+02,6.601918229469312394e+01,2.928941464172788120e-05
5.295529552955295003e+02,6.604775139926715610e+01,3.014326637785088122e-05
5.297029702970296512e+02,6.606280015317341281e+01,3.102203836413890776e-05
5.298529852985298021e+02,6.606116417646708783e+01,3.192646456389846427e-05
5.300030003000299530e+02,6.604274263171339499e+01,3.285729408958032568e-05
5.301530153015301039e+02,6.601049822398758238e+01,3.381529120277953511e-05
5.303030303030302548e+02,6.597045720087493237e+01,3.480123531423541733e-05
5.304530453045304057e+02,6.593170935247076159e+01,3.581592098383155171e-05
5.306030603060305566e+02,6.590640801138039251e+01,3.686015792059581285e-05
5.307530753075307075e+02,6.590977005271921030e+01,3.793477098270033672e-05
5.309030903090308584e+02,6.594259123986788040e+01,3.904063949557767311e-05
5.310531053105310093e+02,6.598210681881080575e+01,4.017872824819369648e-05
5.312031203120311602e+02,6.601705135867921115e+01,4.135000814426021147e-05
5.313531353135313111e+02,6.603965829428165080e+01,4.255546960690188965e-05
5.315031503150314620e+02,6.604562321092502941e+01,4.379612265491646177e-05
5.316531653165316129e+02,6.603410384441448855e+01,4.507299690277471777e-05
5.318031803180317638e+02,6.600772008105346345e+01,4.638714156062050001e-05
5.319531953195319147e+02,6.597255395764364039e+01,4.773962543427071682e-05
5.321032103210320656e+02,6.593814966148504197e+01,4.913153692521532217e-05
5.322532253225322165e+02,6.591751353037591343e+01,5.056398403061733600e-05
5.324032403240323674e+02,6.592654453477591403e+01,5.203809613656724552e-05
5.325532553255325183e+02,6.595449095733467004e+01,5.355511969295312445e-05
5.327032703270326692e+02,6.598339562713745465e+01,5.511636497524293181e-05
5.328532853285328201e+02,6.600631478310459954e+01,5.672314682489169396e-05
5.330033003300329710e+02,6.601884792073006736e+01,5.837681047524516929e-05
5.331533153315331219e+02,6.601913779208143751e+01,6.007873155153990919e-05
5.333033303330332728e+02,6.600787040579996301e+01,6.183031607090319712e-05
5.334533453345334237e+02,6.598827502710048520e+01,6.363300044235310955e-05
5.336033603360335746e+02,6.596612417777153325e+01,6.548825146679846851e-05
5.337533753375337255e+02,6.594973363617525308e+01,6.739756633703886200e-05
5.339033903390338764e+02,6.594996243724743579e+01,6.936247263776465066e-05
5.340534053405340273e+02,6.596727798870089998e+01,7.138458801166176130e-05
5.342034203420341782e+02,6.598750782433066320e+01,7.346564211981985602e-05
5.343534353435343291e+02,6.600510114934981232e+01,7.560737681190699054e-05
5.345034503450344801e+02,6.601627339355682977e+01,7.781157956545376570e-05
5.346534653465346310e+02,6.601899001870715722e+01,8.008008356111212349e-05
5.348034803480347819e+02,6.601296651851320973e+01,8.241476768265531996e-05
5.349534953495349328e+02,6.599966841864426215e+01,8.481755651697789810e-05
5.351035103510350837e+02,6.598231127672660534e+01,8.729042035409572851e-05
5.352535253525352346e+02,6.596586068234343259e+01,8.983537518714595517e-05
5.354035403540353855e+02,6.595703225703485373e+01,9.245448271238707679e-05
5.355535553555355364e+02,6.596372598964140366e+01,9.514985425390084595e-05
5.357035703570356873e+02,6.598211377709266401e+01,9.792373662297620279e-05
5.358535853585358382e+02,6.600331591989359481e+01,1.007784689002516512e-04
5.360036003600359891e+02,6.602148956154742621e+01,1.037164424678045774e-04
5.361536153615361400e+02,6.603256140763970450e+01,1.067401115270585280e-04
5.363036303630362909e+02,6.603422772583824951e+01,1.098519930987832511e-04
5.364536453645364418e+02,6.602595434589316881e+01,1.130546670230947091e-04
5.366036603660365927e+02,6.600897665963685768e+01,1.163507759594550385e-04
5.367536753675367436e+02,6.598629962098401336e+01,1.197430253866725634e-04
5.369036903690368945e+02,6.596269774593163504e+01,1.232341836029017957e-04
5.370537053705370454e+02,6.594471511255898122e+01,1.268270817256434617e-04
5.372037203720371963e+02,6.594066536102761233e+01,1.305246136917444482e-04
5.373537353735373472e+02,6.595819418092867181e+01,1.343297562439435598e-04
5.375037503750374981e+02,6.598920308802389911e+01,1.382457069961633297e-04
5.376537653765376490e+02,6.602223460039644465e+01,1.422757984143850640e-04
5.378037803780377999e+02,6.604873596013042913e+01,1.464234394954603874e-04
5.379537953795379508e+02,6.606287986270787371e+01,1.506921168158114591e-04
5.381038103810381017e+02,6.606156445700869995e+01,1.550853945314308101e-04
5.382538253825382526e+02,6.604441334531078667e+01,1.596069143778813977e-04
5.384038403840384035e+02,6.601377558328992734e+01,1.642603956702967140e-04
5.385538553855385544e+02,6.597472568001980164e+01,1.690496353033805685e-04
5.387038703870387053e+02,6.593506359797206073e+01,1.739785077514073325e-04
5.388538853885388562e+02,6.590531475301624198e+01,1.790509650682217495e-04
5.390039003900390071e+02,6.589873001441979739e+01,1.842710368872390431e-04
5.391539153915391580e+02,6.592593541443420690e+01,1.896428852573083879e-04
5.393039303930393089e+02,6.596907634217600958e+01,1.951711203014708034e-04
5.394539453945394598e+02,6.601233910181066733e+01,2.008605130404197427e-04
5.396039603960396107e+02,6.604492319427416192e+01,2.067159155249772564e-04
5.397539753975397616e+02,6.605993478658069762e+01,2.127422696881901593e-04
5.399039903990399125e+02,6.605438671182274391e+01,2.189446073453302742e-04
5.400540054005400634e+02,6.602919846917095015e+01,2.253280501938942696e-04
5.402040204020402143e+02,6.598919622387421668e+01,2.318978098136037676e-04
5.403540354035403652e+02,6.594311280725966640e+01,2.386591876664052631e-04
5.405040504050405161e+02,6.590358771673264471e+01,2.456175750964702319e-04
5.406540654065406670e+02,6.588716711577671958e+01,2.527784533301949952e-04
5.408040804080408179e+02,6.590939558736369008e+01,2.601474679798896099e-04
5.409540954095409688e+02,6.594567675836913168e+01,2.677310572225725482e-04
5.411041104110411197e+02,6.598010973128931766e+01,2.755357519369390214e-04
5.412541254125412706e+02,6.600505041340711898e+01,2.835681464156428948e-04
5.414041404140414215e+02,6.601603811241616881e+01,2.918349715079765353e-04
5.415541554155415724e+02,6.601179553642084841e+01,3.003430946198704858e-04
5.417041704170417233e+02,6.599422879393632968e+01,3.090995197138939532e-04
5.418541854185418742e+02,6.596842739388854682e+01,3.181113873092544287e-04
5.420042004200420251e+02,6.594266424561421047e+01,3.273859744817977967e-04
5.421542154215421760e+02,6.592839565886079356e+01,3.369306948640083885e-04
5.423042304230423269e+02,6.593837523841324355e+01,3.467531403983698424e-04
5.424542454245424778e+02,6.595928507891932213e+01,3.568616933979957434e-04
5.426042604260426288e+02,6.597969753197206444e+01,3.672649394857326575e-04
5.427542754275427797e+02,6.599495649900228500e+01,3.779715760239016494e-04
5.429042904290429306e+02,6.600225384049373645e+01,3.889905216125082057e-04
5.430543054305430815e+02,6.600062937598302426e+01,4.003309160892423984e-04
5.432043204320432324e+02,6.599097088405966360e+01,4.120021205294784506e-04
5.433543354335433833e+02,6.597601410236609354e+01,4.240137172462752789e-04
5.435043504350435342e+02,6.596034272759759176e+01,4.363755097903760597e-04
5.436543654365436851e+02,6.595038841550237407e+01,4.490975229502083919e-04
5.438043804380438360e+02,6.595415973618129613e+01,4.621900121312487691e-04
5.439543954395439869e+02,6.596873485064381271e+01,4.756638741178818939e-04
5.441044104410441378e+02,6.598561925645121562e+01,4.895304571410868770e-04
5.442544254425442887e+02,6.600006187364164134e+01,5.038013328781826023e-04
5.444044404440444396e+02,6.600877579526344618e+01,5.184883893240529226e-04
5.445544554455445905e+02,6.600993828737523472e+01,5.336038307911467136e-04
5.447044704470447414e+02,6.600319078904581716e+01,5.491601779094776575e-04
5.448544854485448923e+02,6.598963891235425194e+01,5.651702676266243510e-04
5.450045004500450432e+02,6.597185244238981738e+01,5.816472532077305224e-04
5.451545154515451941e+02,6.595386533725202582e+01,5.986046042355045978e-04
5.453045304530453450e+02,6.594117572805060945e+01,6.160561066102202433e-04
5.454545454545454959e+02,6.594074591890554871e+01,6.340158625497156059e-04
5.456045604560456468e+02,6.595736164811920332e+01,6.524984621672938554e-04
5.457545754575457977e+02,6.598312600315229304e+01,6.715194576261432303e-04
5.459045904590459486e+02,6.600928684372860289e+01,6.910948971874371436e-04
5.460546054605460995e+02,6.602926336671526997e+01,7.112412344312211152e-04
5.462046204620462504e+02,6.603863001280879530e+01,7.319753292345774782e-04
5.463546354635464013e+02,6.603511646653498701e+01,7.533144477716260294e-04
5.465046504650465522e+02,6.601860765624900296e+01,7.752762625135235959e-04
5.466546654665467031e+02,6.599114375413532230e+01,7.978788522284637093e-04
5.468046804680468540e+02,6.595692017620774550e+01,8.211407019816775819e-04
5.469546954695470049e+02,6.592228758230945118e+01,8.450807031354331308e-04
5.471047104710471558e+02,6.589575187611291085e+01,8.697181533490353032e-04
5.472547254725473067e+02,6.588797420511993153e+01,8.950727565788265099e-04
5.474047404740473439e+02,6.590762131230165721e+01,9.211648588400149799e-04
5.475547554755474948e+02,6.593695653662615541e+01,9.480169255903005696e-04
5.477047704770476457e+02,6.596462892134941569e+01,9.756518000175882143e-04
5.478547854785477966e+02,6.598429344046195411e+01,1.004092721762576837e-03
5.480048004800479475e+02,6.599223462869207424e+01,1.033363455924107962e-03
5.481548154815480984e+02,6.598736658150592405e+01,1.063488293059167231e-03
5.483048304830482493e+02,6.597123295510736796e+01,1.094492049182882887e-03
5.484548454845484002e+02,6.594800696643814319e+01,1.126400065768526533e-03
5.486048604860485511e+02,6.592449139317773188e+01,1.159238209747513130e-03
5.487548754875487020e+02,6.591011857374344629e+01,1.193032873509400999e-03
5.489048904890488529e+02,6.591615143732640547e+01,1.227811039411063265e-03
5.490549054905490038e+02,6.593365727447176994e+01,1.263602059454304281e-03
5.492049204920491547e+02,6.595143051200734874e+01,1.300436295029678072e-03
5.493549354935493056e+02,6.596502216252196149e+01,1.338344492208599825e-03
5.495049504950494565e+02,6.597164144436162303e+01,1.377358202381425388e-03
5.496549654965496075e+02,6.597015578162955762e+01,1.417509782257449311e-03
5.498049804980497584e+02,6.596109080418618476e+01,1.458832393864906152e-03
5.499549954995499093e+02,6.594663034764914755e+01,1.501360004550970255e-03
5.501050105010500602e+02,6.593061645339327015e+01,1.545127386981754889e-03
5.502550255025502111e+02,6.591854936855058611e+01,1.590170119142313328e-03
5.504050405040503620e+02,6.591758754601033843e+01,1.636524584336638850e-03
5.505550555055505129e+02,6.592943464887487437e+01,1.684228843405708191e-03
5.507050705070506638e+02,6.594544123738228336e+01,1.733323115858082398e-03
5.508550855085508147e+02,6.596029583512593319e+01,1.783848377342995379e-03
5.510051005100509656e+02,6.597015665288697051e+01,1.835846732410655047e-03
5.511551155115511165e+02,6.597264830672317260e+01,1.889361414954102321e-03
5.513051305130512674e+02,6.596686181796894743e+01,1.944436788209212867e-03
5.514551455145514183e+02,6.595335461323531945e+01,2.001118344754696660e-03
5.516051605160515692e+02,6.593415052440994373e+01,2.059452706512096033e-03
5.517551755175517201e+02,6.591273978865706340e+01,2.119487624745789583e-03
5.519051905190518710e+02,6.589407904841759489e+01,2.181271980062989349e-03
5.520552055205520219e+02,6.588459135140905687e+01,2.244855782413740161e-03
5.522052205220521728e+02,6.589190929271057939e+01,2.310290212655595390e-03
5.523552355235523237e+02,6.591548939818736130e+01,2.377629136737446046e-03
5.525052505250524746e+02,6.594476448975925109e+01,2.446929597637286045e-03
5.526552655265526255e+02,6.597086933248552043e+01,2.518250143430730056e-03
5.528052805280527764e+02,6.598737388257750069e+01,2.591650724877226850e-03
5.529552955295529273e+02,6.599028328739861138e+01,2.667192695420056263e-03
5.531053105310530782e+02,6.597803788546436010e+01,2.744938811186333101e-03
5.532553255325532291e+02,6.595151320644232840e+01,2.824953230987005404e-03
5.534053405340533800e+02,6.591401997115218592e+01,2.907301516316853577e-03
5.535553555355535309e+02,6.587130409156569044e+01,2.992050631354492129e-03
5.537053705370536818e+02,6.583154667080667366e+01,3.079268942962368368e-03
5.538553855385538327e+02,6.580536400315105539e+01,3.169026220686763269e-03
5.540054005400539836e+02,6.580580757402682934e+01,3.261393636757790610e-03
5.541554155415541345e+02,6.583286255950429222e+01,3.356446926867722672e-03
5.543054305430542854e+02,6.586310000951168320e+01,3.454269118798242340e-03
5.544554455445544363e+02,6.588803573998916363e+01,3.554942865612866713e-03
5.546054605460545872e+02,6.590224122673704699e+01,3.658552594984909676e-03
5.547554755475547381e+02,6.590311957509470631e+01,3.765184552907458945e-03
5.549054905490548890e+02,6.589090551994057421e+01,3.874926803693375197e-03
5.550555055505550399e+02,6.586866542569212868e+01,3.987869229975293806e-03
5.552055205520551908e+02,6.584229728630590728e+01,4.104103532705624842e-03
5.553555355535553417e+02,6.582053072527750714e+01,4.223723231156550906e-03
5.555055505550554926e+02,6.581492699564157078e+01,4.346823662920030161e-03
5.556555655565556435e+02,6.582724873879988081e+01,4.473505644404383169e-03
5.558055805580557944e+02,6.584114765061889329e+01,4.603878002160456326e-03
5.559555955595559453e+02,6.585207610262851574e+01,4.738049353995771318e-03
5.561056105610560962e+02,6.585716785005088525e+01,4.876131174347050380e-03
5.562556255625562471e+02,6.585505990447920510e+01,5.018237846250527164e-03
5.564056405640563980e+02,6.584589253387760266e+01,5.164486661341942397e-03
5.565556555655565489e+02,6.583130926258129989e+01,5.314997819856542155e-03
5.567056705670566998e+02,6.581445687129647126e+01,5.469894430629083926e-03
5.568556855685568507e+02,6.579998539710030059e+01,5.629302511093832277e-03
5.570057005700570016e+02,6.579404813344102365e+01,5.793350987284557989e-03
5.571557155715571525e+02,6.579944047525877693e+01,5.962173957850438154e-03
5.573057305730573034e+02,6.580886372716874178e+01,6.135913143846738124e-03
5.574557455745574543e+02,6.581763860746916350e+01,6.314712918147024658e-03
5.576057605760576052e+02,6.582236900489218101e+01,6.498721725359854484e-03
5.577557755775577562e+02,6.582089010483957736e+01,6.688092109900237864e-03
5.579057905790579071e+02,6.581226838938277979e+01,6.882980715989642055e-03
5.580558055805580580e+02,6.579680163726291653e+01,7.083548287655986112e-03
5.582058205820582089e+02,6.577601892389071736e+01,7.289959668733647820e-03
5.583558355835583598e+02,6.575268062134664149e+01,7.502383802863455894e-03
5.585058505850585107e+02,6.573077839838074965e+01,7.720993733492696916e-03
5.586558655865586616e+02,6.571553522041280360e+01,7.945966603875111861e-03
5.588058805880588125e+02,6.571342010044624260e+01,8.177483654466577434e-03
5.589558955895589634e+02,6.572818880421203858e+01,8.415732763890947446e-03
5.591059105910591143e+02,6.575124603612466956e+01,8.660914156237552869e-03
5.592559255925592652e+02,6.577336924853177891e+01,8.913234524652155835e-03
5.594059405940594161e+02,6.578761623429079464e+01,9.172905620224890838e-03
5.595559555955595670e+02,6.578932512676898625e+01,9.440144251990261262e-03
5.597059705970597179e+02,6.577611439984342212e+01,9.715172286927144588e-03
5.598559855985598688e+02,6.574788286790098368e+01,9.998216649958790656e-03
5.600060006000600197e+02,6.570680968583839388e+01,1.028950932395281646e-02
5.601560156015601706e+02,6.565735434906214607e+01,1.058928734972121484e-02
5.603060306030603215e+02,6.560625669348857514e+01,1.089779282602035097e-02
5.604560456045604724e+02,6.556253689554382902e+01,1.121527290955095547e-02
5.606060606060606233e+02,6.553749547216388294e+01,1.154197981495813825e-02
5.607560756075607742e+02,6.554386853090225884e+01,1.187817142636665539e-02
5.609060906090609251e+02,6.556681703857756816e+01,1.222413331314592226e-02
5.610561056105610760e+02,6.558863101167888487e+01,1.258016320852050479e-02
5.612061206120612269e+02,6.560233187642792529e+01,1.294655984502850188e-02
5.613561356135613778e+02,6.560375299109882974e+01,1.332362835846901718e-02
5.615061506150615287e+02,6.559153964601800624e+01,1.371168028790217125e-02
5.616561656165616796e+02,6.556714906356427264e+01,1.411103357564908942e-02
5.618061806180618305e+02,6.553485039816875712e+01,1.452201256729191738e-02
5.619561956195619814e+02,6.550172473631498349e+01,1.494494801167380212e-02
5.621062106210621323e+02,6.547766509653875744e+01,1.538017706089890753e-02
5.622562256225622832e+02,6.547311687165603189e+01,1.582804567067550017e-02
5.624062406240624341e+02,6.547523051816828854e+01,1.628893390848959108e-02
5.625562556255625850e+02,6.547577751077372454e+01,1.676322744844565421e-02
5.627062706270627359e+02,6.547177238795111975e+01,1.725131815555711740e-02
5.628562856285628868e+02,6.546153036679611148e+01,1.775360835272510665e-02
5.630063006300630377e+02,6.544466734302120869e+01,1.827051082073843230e-02
5.631563156315631886e+02,6.542209989095580625e+01,1.880244879827359591e-02
5.633063306330633395e+02,6.539604526354615643e+01,1.934985598189478684e-02
5.634563456345634904e+02,6.537002139235538323e+01,1.991317652605388566e-02
5.636063606360636413e+02,6.534884688756351068e+01,2.049286504309045728e-02
5.637563756375637922e+02,6.533716639974110763e+01,2.108938938161728296e-02
5.639063906390639431e+02,6.533046347717549907e+01,2.170324468136141868e-02
5.640564056405640940e+02,6.532407484694032007e+01,2.233493742632180687e-02
5.642064206420642449e+02,6.531477573727740094e+01,2.298498771461897350e-02
5.643564356435643958e+02,6.530035469959996419e+01,2.365393032476365356e-02
5.645064506450645467e+02,6.527961360849261041e+01,2.434231471565678415e-02
5.646564656465646976e+02,6.525236766171128977e+01,2.505070502658951481e-02
5.648064806480648485e+02,6.521944538018337312e+01,2.577968007724319027e-02
5.649564956495649994e+02,6.518268860800758091e+01,2.652983336768936773e-02
5.651065106510651503e+02,6.514495251245402585e+01,2.730177307838981687e-02
5.652565256525653012e+02,6.511010558396417025e+01,2.809612207019649560e-02
5.654065406540654521e+02,6.508302963615089709e+01,2.891351788435157777e-02
5.655565556555656030e+02,6.506987172189603541e+01,2.975461249619049814e-02
5.657065706570657539e+02,6.507035243807794700e+01,3.062008992202800220e-02
5.658565856585659049e+02,6.507490652717042678e+01,3.151067376493192629e-02
5.660066006600660558e+02,6.507550046828332313e+01,3.242710652177977632e-02
5.661566156615662067e+02,6.506618977369544154e+01,3.337014853312850193e-02
5.663066306630663576e+02,6.504311898885444521e+01,3.434057798321456939e-02
5.664566456645663948e+02,6.500452169237692601e+01,3.533919089995311846e-02
5.666066606660665457e+02,6.495072049604831932e+01,3.636680115494106413e-02
5.667566756675666966e+02,6.488412704482301763e+01,3.742424046345253774e-02
5.669066906690668475e+02,6.480924201682425689e+01,3.851235838444188458e-02
5.670567056705669984e+02,6.473265512334424443e+01,3.963202232054294227e-02
5.672067206720671493e+02,6.466304510884400258e+01,4.078411751806899910e-02
5.673567356735673002e+02,6.461117975095352506e+01,4.196954706701284954e-02
5.675067506750674511e+02,6.458970235879402821e+01,4.318923247735780013e-02
5.676567656765676020e+02,6.458666677427245872e+01,4.444418876051658973e-02
5.678067806780677529e+02,6.458196191033401590e+01,4.573549030091059869e-02
5.679567956795679038e+02,6.456881899273332692e+01,4.706420652177586983e-02
5.681068106810680547e+02,6.454313206082653664e+01,4.843142873116070002e-02
5.682568256825682056e+02,6.450345796757133598e+01,4.983827012192564021e-02
5.684068406840683565e+02,6.445101637952697615e+01,5.128586577174346073e-02
5.685568556855685074e+02,6.438968977685424022e+01,5.277537264309919984e-02
5.687068706870686583e+02,6.432602345331547156e+01,5.430796958329012214e-02
5.688568856885688092e+02,6.426922551627454538e+01,5.588485732442576015e-02
5.690069006900689601e+02,6.422942476669780376e+01,5.750726556951835794e-02
5.691569156915691110e+02,6.419491865149613830e+01,5.917654560322942181e-02
5.693069306930692619e+02,6.415788955101574231e+01,6.089406947920757845e-02
5.694569456945694128e+02,6.411597705327727681e+01,6.266122755298500491e-02
5.696069606960695637e+02,6.406785159120310880e+01,6.447944675011881011e-02
5.697569756975697146e+02,6.401321444261729710e+01,6.635019056619105571e-02
5.699069906990698655e+02,6.395279773024564207e+01,6.827495906680877691e-02
5.700570057005700164e+02,6.388836442171560748e+01,7.025528888760390611e-02
5.702070207020701673e+02,6.382270832955639150e+01,7.229275323423337007e-02
5.703570357035703182e+02,6.375965411119889126e+01,7.438896188237900664e-02
5.705070507050704691e+02,6.370268422178290990e+01,7.654557154633633009e-02
5.706570657065706200e+02,6.364792828834102068e+01,7.876432872499830595e-02
5.708070807080707709e+02,6.359208091510485161e+01,8.104701368191777333e-02
5.709570957095709218e+02,6.353286430092135362e+01,8.339545417344147726e-02
5.711071107110710727e+02,6.346867501895263786e+01,8.581152889798202010e-02
5.712571257125712236e+02,6.339858401667598287e+01,8.829716749601786152e-02
5.714071407140713745e+02,6.332233661588379903e+01,9.085435055009326299e-02
5.715571557155715254e+02,6.324035251268368540e+01,9.348510958481839883e-02
5.717071707170716763e+02,6.315372577749838001e+01,9.619152706686921739e-02
5.718571857185718272e+02,6.306422485506578823e+01,9.897573640498755210e-02
5.720072007200719781e+02,6.297429256443896861e+01,1.018399219499810798e-01
5.721572157215721290e+02,6.288704609898613995e+01,1.047863189947233070e-01
5.723072307230722799e+02,6.280635684367414484e+01,1.078172131017832436e-01
5.724572457245724308e+02,6.273568484972430781e+01,1.109349520479484957e-01
5.726072607260725817e+02,6.266981176810354981e+01,1.141420257970547081e-01
5.727572757275727326e+02,6.260249086826063092e+01,1.174410063814455701e-01
5.729072907290728836e+02,6.252878304042611290e+01,1.208345282055630632e-01
5.730573057305730345e+02,6.244505679561234501e+01,1.243252880459474186e-01
5.732073207320731854e+02,6.234898826561347107e+01,1.279160450512371039e-01
5.733573357335733363e+02,6.223956120300544370e+01,1.316096207421688924e-01
5.735073507350734872e+02,6.211706698114601011e+01,1.354088990115778213e-01
5.736573657365736381e+02,6.198310459417469787e+01,1.393168261243972195e-01
5.738073807380737890e+02,6.184058065701284335e+01,1.433364107176585966e-01
5.739573957395739399e+02,6.169370940536357040e+01,1.474707238004918652e-01
5.741074107410740908e+02,6.154801269571181166e+01,1.517228987541250351e-01
5.742574257425742417e+02,6.141032000532428725e+01,1.560961313318846022e-01
5.744074407440743926e+02,6.128876843224950477e+01,1.605936796591951321e-01
5.745574557455745435e+02,6.118856350952673040e+01,1.652189138392159973e-01
5.747074707470746944e+02,6.109162739798171771e+01,1.699755860340536884e-01
5.748574857485748453e+02,6.098933472779830822e+01,1.748674687053987653e-01
5.750075007500749962e+02,6.087719203422515335e+01,1.798983802475999372e-01
5.751575157515751471e+02,6.075251319995346222e+01,1.850722096476054845e-01
5.753075307530752980e+02,6.061441945511705143e+01,1.903929164849633426e-01
5.754575457545754489e+02,6.046383937729230240e+01,1.958645309318209626e-01
5.756075607560755998e+02,6.030350889149820404e+01,2.014911537529253949e-01
5.757575757575757507e+02,6.013797127019630295e+01,2.072769563056232889e-01
5.759075907590759016e+02,5.997357713329075324e+01,2.132261805398608656e-01
5.760576057605760525e+02,5.981848444812828092e+01,2.193431389981839175e-01
5.762076207620762034e+02,5.967102441882102681e+01,2.256324339243327703e-01
5.763576357635763543e+02,5.951956757611743853e+01,2.320989715657940378e-01
5.765076507650765052e+02,5.936257744109322942e+01,2.387475944496021407e-01
5.766576657665766561e+02,5.919905845160266722e+01,2.455832600532291687e-01
5.768076807680768070e+02,5.902852032768375778e+01,2.526110414710582286e-01
5.769576957695769579e+02,5.885097807155825222e+01,2.598361274143832222e-01
5.771077107710771088e+02,5.866695196763166820e+01,2.672638222114091522e-01
5.772577257725772597e+02,5.847746758249325438e+01,2.748995458072518994e-01
5.774077407740774106e+02,5.828405576491601181e+01,2.827488337639383342e-01
5.775577557755775615e+02,5.808875264585669385e+01,2.908173372604062057e-01
5.777077707770777124e+02,5.789348627210021192e+01,2.991108483589365319e-01
5.778577857785778633e+02,5.769309919800204511e+01,3.076355635777456299e-01
5.780078007800780142e+02,5.748674935191459667e+01,3.163975990052971810e-01
5.781578157815781651e+02,5.727553259807428532e+01,3.254031444375627413e-01
5.783078307830783160e+02,5.706031042560542232e+01,3.346585594696732113e-01
5.784578457845784669e+02,5.684170994852022574e+01,3.441703734959186689e-01
5.786078607860786178e+02,5.662012390571877063e+01,3.539452857097488137e-01
5.787578757875787687e+02,5.639571066098904595e+01,3.639901651037725783e-01
5.789078907890789196e+02,5.616839420300692609e+01,3.743120504697581286e-01
5.790579057905790705e+02,5.593786414533617801e+01,3.849181503986332520e-01
5.792079207920792214e+02,5.570357572642845412e+01,3.958158432804848581e-01
5.793579357935793723e+02,5.546474980962329226e+01,4.070126773045593671e-01
5.795079507950795232e+02,5.522037288314814418e+01,4.185163704592624323e-01
5.796579657965796741e+02,5.496919706011831863e+01,4.303348105321592731e-01
5.798079807980798250e+02,5.470970188280024615e+01,4.424760619501480474e-01
5.799579957995799759e+02,5.443921424411134780e+01,4.549486722191831700e-01
5.801080108010801268e+02,5.416001837228750304e+01,4.677608727900327557e-01
5.802580258025802777e+02,5.387585964322013865e+01,4.809208221798727534e-01
5.804080408040804286e+02,5.358963588187789640e+01,4.944369331729221995e-01
5.805580558055805795e+02,5.330339736230668279e+01,5.083178728204430508e-01
5.807080708070807304e+02,5.301834680762961227e+01,5.225725624407401293e-01
5.808580858085808813e+02,5.273483939004704979e+01,5.372101776191615663e-01
5.810081008100810323e+02,5.245238273083659664e+01,5.522401482080981916e-01
5.811581158115811832e+02,5.216963690035309753e+01,5.676721583269838112e-01
5.813081308130813341e+02,5.188441441802861220e+01,5.835161463622954292e-01
5.814581458145814850e+02,5.159368025237245803e+01,5.997823049675528040e-01
5.816081608160816359e+02,5.129355182097117449e+01,6.164810810633188920e-01
5.817581758175817868e+02,5.097929899048855162e+01,6.336231758371995149e-01
5.819081908190819377e+02,5.064730105860927267e+01,6.512195801364815129e-01
5.820582058205820886e+02,5.030375661060676151e+01,6.692809314535271836e-01
5.822082208220822395e+02,4.995411151464088562e+01,6.878172198493582856e-01
5.823582358235823904e+02,4.960241162969770556e+01,7.068387244033430550e-01
5.825082508250825413e+02,4.925166281184230144e+01,7.263560600509684217e-01
5.826582658265826922e+02,4.890383091421875150e+01,7.463801775838407870e-01
5.828082808280828431e+02,4.855984178705019616e+01,7.669223636496851348e-01
5.829582958295829940e+02,4.821958127763875979e+01,7.879942407523460313e-01
5.831083108310831449e+02,4.788189523036561468e+01,8.096077672517867363e-01
5.832583258325832958e+02,4.754458948669094553e+01,8.317752373640895369e-01
5.834083408340834467e+02,4.720442988515396365e+01,8.545092811614563022e-01
5.835583558355835976e+02,4.685714226137289273e+01,8.778228645722070400e-01
5.837083708370837485e+02,4.649741244804499729e+01,9.017292893807816734e-01
5.838583858385838994e+02,4.611902956574734702e+01,9.262421813396946035e-01
5.840084008400840503e+02,4.572708772869016514e+01,9.513741238400404976e-01
5.841584158415842012e+02,4.532997250681356149e+01,9.771365811568680781e-01
5.843084308430843521e+02,4.493080785923574183e+01,1.003541487683633049e+00
5.844584458445845030e+02,4.453195556753379236e+01,1.030601080701778693e+00
5.846084608460846539e+02,4.413501523574366558e+01,1.058327900380734654e+00
5.847584758475848048e+02,4.374082429036023711e+01,1.086734789777917598e+00
5.849084908490849557e+02,4.334945798033724174e+01,1.115834894838731328e+00
5.850585058505851066e+02,4.296022937708732314e+01,1.145641664396566561e+00
5.852085208520852575e+02,4.257168937448200552e+01,1.176168850172800262e+00
5.853585358535854084e+02,4.218162668885169353e+01,1.207430506776797197e+00
5.855085508550855593e+02,4.178706785898569365e+01,1.239440991705908601e+00
5.856585658565857102e+02,4.138427724613219283e+01,1.272214965345472848e+00
5.858085808580857474e+02,4.096930169332171801e+01,1.305767301542426484e+00
5.859585958595858983e+02,4.054708596134722143e+01,1.340110997512850677e+00
5.861086108610860492e+02,4.012201536882005826e+01,1.375257963925596627e+00
5.862586258625862001e+02,3.969610359820723744e+01,1.411220398905911555e+00
5.864086408640863510e+02,3.927088337079564440e+01,1.448010632514753038e+00
5.865586558655865019e+02,3.884740644669207654e+01,1.485641126748787677e+00
5.867086708670866528e+02,3.842624362482322198e+01,1.524124475540392210e+00
5.868586858685868037e+02,3.800748474293565948e+01,1.563473404757652840e+00
5.870087008700869546e+02,3.759073867759586562e+01,1.603700772204365244e+00
5.871587158715871055e+02,3.717513334419020055e+01,1.644819567620035228e+00
5.873087308730872564e+02,3.675931569692493639e+01,1.686842912679878070e+00
5.874587458745874073e+02,3.634145172882622177e+01,1.729784060994818962e+00
5.876087608760875582e+02,3.591922647174011729e+01,1.773656398111492116e+00
5.877587758775877091e+02,3.549011509028194666e+01,1.818473367087940717e+00
5.879087908790878600e+02,3.505693811945261729e+01,1.864246125108426133e+00
5.880588058805880110e+02,3.462260187572028514e+01,1.910983779687788431e+00
5.882088208820881619e+02,3.418850705458817885e+01,1.958695305819385890e+00
5.883588358835883128e+02,3.375575952916717881e+01,2.007389450626269500e+00
5.885088508850884637e+02,3.332517035017582430e+01,2.057074733361183405e+00
5.886588658865886146e+02,3.289725574594033475e+01,2.107759445406564236e+00
5.888088808880887655e+02,3.247223712239458138e+01,2.159451650274542001e+00
5.889588958895889164e+02,3.205004106308009426e+01,2.212159183606939195e+00
5.891089108910890673e+02,3.163029932914608011e+01,2.265889653175272134e+00
5.892589258925892182e+02,3.121234885934939740e+01,2.320650438880748734e+00
5.894089408940893691e+02,3.079523177005457413e+01,2.376448692754271175e+00
5.895589558955895200e+02,3.037769535523379716e+01,2.433291338956433680e+00
5.897089708970896709e+02,2.995819208646692644e+01,2.491185073777523407e+00
5.898589858985898218e+02,2.953514909063862248e+01,2.550136167534136522e+00
5.900090009000899727e+02,2.911100782726838077e+01,2.610146622972624897e+00
5.901590159015901236e+02,2.868755798793552714e+01,2.671216326712116729e+00
5.903090309030902745e+02,2.826554868112057406e+01,2.733344670199157278e+00
5.904590459045904254e+02,2.784558508225030238e+01,2.796530091183947242e+00
5.906090609060905763e+02,2.742812843369775777e+01,2.860770073720342310e+00
5.907590759075907272e+02,2.701349604478226141e+01,2.926061148165854942e+00
5.909090909090908781e+02,2.660186129176940995e+01,2.992398891181651699e+00
5.910591059105910290e+02,2.619325361787106488e+01,3.059777925732554582e+00
5.912091209120911799e+02,2.578755853324535607e+01,3.128191921087042360e+00
5.913591359135913308e+02,2.538451761499669246e+01,3.197633592817247905e+00
5.915091509150914817e+02,2.498372850717575133e+01,3.268094702798960860e+00
5.916591659165916326e+02,2.458464492077947483e+01,3.339566059211624527e+00
5.918091809180917835e+02,2.418657663375108768e+01,3.412037516538339865e+00
5.919591959195919344e+02,2.378868949098007235e+01,3.485497975565861939e+00
5.921092109210920853e+02,2.339000540675197826e+01,3.559935383378312501e+00
5.922592259225922362e+02,2.299127910280761711e+01,3.635331999829262806e+00
5.924092409240923871e+02,2.259415325933112939e+01,3.711666418110630694e+00
5.925592559255925380e+02,2.219885369487148452e+01,3.788918534820753692e+00
5.927092709270926889e+02,2.180556352605017167e+01,3.867065840468399518e+00
5.928592859285928398e+02,2.141442316756120334e+01,3.946083419472769638e+00
5.930093009300929907e+02,2.102553033217112599e+01,4.025943950163494378e+00
5.931593159315931416e+02,2.063894003071898808e+01,4.106617704780639144e+00
5.933093309330932925e+02,2.025466457211637916e+01,4.188072549474697759e+00
5.934593459345934434e+02,1.987267356334740498e+01,4.270273944306597791e+00
5.936093609360935943e+02,1.949289390946869105e+01,4.353184943247697447e+00
5.937593759375937452e+02,1.911520981360938976e+01,4.436766194179786460e+00
5.939093909390938961e+02,1.873946277697117679e+01,4.520975938895087864e+00
5.940594059405940470e+02,1.836545159882824407e+01,4.605770013096255333e+00
5.942094209420941979e+02,1.799293237652732103e+01,4.691101846396372288e+00
5.943594359435943488e+02,1.762161850548764264e+01,4.776922462318956342e+00
5.945094509450944997e+02,1.725118067920097786e+01,4.863180478297956633e+00
5.946594659465946506e+02,1.688124688923161187e+01,4.949822105677752937e+00
5.948094809480948015e+02,1.651141402562972971e+01,5.036790047264828374e+00
5.949594959495949524e+02,1.614230753881475877e+01,5.123942360282160102e+00
5.951095109510951033e+02,1.577442878142549176e+01,5.211201867060498927e+00
5.952595259525952542e+02,1.540768008855901883e+01,5.298547248301803236e+00
5.954095409540954051e+02,1.504195948922814097e+01,5.385943896030544131e+00
5.955595559555955560e+02,1.467716070636138959e+01,5.473343913593708976e+00
5.957095709570957069e+02,1.431317315680301228e+01,5.560686115660797846e+00
5.958595859585958578e+02,1.394988195131297637e+01,5.647896028223827081e+00
5.960096009600960087e+02,1.358716789456697249e+01,5.734885888597326620e+00
5.961596159615961597e+02,1.322490748515641101e+01,5.821554645418340890e+00
5.963096309630963106e+02,1.286297291558842204e+01,5.907787958646430582e+00
5.964596459645964615e+02,1.250123207228586075e+01,5.993458199563668209e+00
5.966096609660966124e+02,1.213954853558729674e+01,6.078424450774643439e+00
5.967596759675967633e+02,1.177778157974702467e+01,6.162532506206458649e+00
5.969096909690969142e+02,1.141578617293506070e+01,6.245614871108732480e+00
5.970597059705970651e+02,1.105341297723713723e+01,6.327490762053597173e+00
5.972097209720972160e+02,1.069050834865471344e+01,6.407966106935699457e+00
5.973597359735973669e+02,1.032691433710496298e+01,6.486833544972201437e+00
5.975097509750975178e+02,9.962468686420784536e+00,6.563872426702777929e+00
5.976597659765976687e+02,9.597004834350794766e+00,6.638848813989621789e+00
5.978097809780978196e+02,9.230351912559338956e+00,6.711515480017436808e+00
5.979597959795979705e+02,8.862334746626469695e+00,6.781611909293443929e+00
5.981098109810981214e+02,8.492773856047975300e+00,6.848864297647376809e+00
5.982598259825982723e+02,8.121485454235346069e+00,6.912985552231486253e+00
5.984098409840984232e+02,7.748281448515816905e+00,6.973675291520534003e+00
5.985598559855985741e+02,7.372969440132321139e+00,7.030619845311799843e+00
5.987098709870987250e+02,6.995380044397119690e+00,7.083190647922889660e+00
5.988598859885988759e+02,6.615358350744814153e+00,7.130192374080173146e+00
5.990099009900990268e+02,6.232608560732663783e+00,7.171702411718565706e+00
5.991599159915991777e+02,5.846891376618968295e+00,7.207472207973917300e+00
5.993099309930993286e+02,5.458040574286485480e+00,7.236770308206968316e+00
5.994599459945994795e+02,5.065963003242422324e+00,7.258382356003346025e+00
5.996099609960996304e+02,4.670638586618444776e+00,7.270611093173567241e+00
5.997599759975997813e+02,4.272120321170669754e+00,7.271276359753038321e+00
5.999099909990999322e+02,3.870534277279670476e+00,7.257715094002054279e+00
6.000600060006000831e+02,3.466079598950471574e+00,7.226781332405798786e+00
6.002100210021002340e+02,3.059028503812553978e+00,7.174846209674345943e+00
6.003600360036003849e+02,2.649792830808994193e+00,7.097502818937864610e+00
6.005100510051005358e+02,2.239796430532932092e+00,6.986632807952233293e+00
6.006600660066006867e+02,1.831040055673437861e+00,6.831740276709990844e+00
6.008100810081008376e+02,1.427229268768283488e+00,6.611284430682800917e+00
6.009600960096009885e+02,1.034214105314040122e+00,6.289876886688326785e+00
6.011101110111011394e+02,6.625725376218674079e-01,5.798223708996544268e+00
6.012601260126012903e+02,3.341312442129546478e-01,4.954504052163563266e+00
6.014101410141014412e+02,9.705580164090105155e-02,3.180677550350068827e+00
6.015601560156015921e+02,1.750177201833086685e-02,2.748463590221121855e-01
6.017101710171017430e+02,1.863422153534544448e-02,1.990472729122543232e-03
6.018601860186018939e+02,2.503053244960766130e-02,4.268741759635619648e-05
6.020102010201020448e+02,3.368176044892464555e-02,2.478485457042521205e-06
6.021602160216021957e+02,4.532271065877118560e-02,2.932882471384854878e-07
6.023102310231023466e+02,6.098361954778518113e-02,8.180431009715102164e-08
6.024602460246024975e+02,8.204838967421809737e-02,2.416299122686885112e-08
6.026102610261026484e+02,1.103802735165928528e-01,2.079757184484930054e-08
6.027602760276027993e+02,1.484737770650053357e-01,1.006310135393685584e-08
6.029102910291029502e+02,1.996169781925288544e-01,6.943795311127142714e-09
6.030603060306031011e+02,2.683899637477580868e-01,7.090354436822593251e-09
6.032103210321032520e+02,3.607714179494406759e-01,6.601568414946699433e-09
6.033603360336034029e+02,4.846109481446451150e-01,5.548787090984360530e-09
6.035103510351035538e+02,6.502569529033888074e-01,4.925672074309059188e-09
6.036603660366037047e+02,8.720630538466420667e-01,4.559008559826687208e-09
6.038103810381038556e+02,1.168778445722675086e+00,4.335277734192749360e-09
6.039603960396040065e+02,1.563481500960580028e+00,4.199694735554613952e-09
6.041104110411041574e+02,2.085620686831918036e+00,4.130129790875347113e-09
6.042604260426043083e+02,2.776219623147349047e+00,4.109977759235970757e-09
6.044104410441044593e+02,3.684452748691352753e+00,4.126489389127911605e-09
6.045604560456046102e+02,4.867000456632272432e+00,4.169840355386067293e-09
6.047104710471047611e+02,6.387386832037051931e+00,4.233125712757956604e-09
6.048604860486047983e+02,8.304609580072728647e+00,4.312058026815172465e-09
6.050105010501049492e+02,1.071014100078462050e+01,4.404061379114318832e-09
6.051605160516051001e+02,1.366702510163558060e+01,4.507082820326744470e-09
6.053105310531052510e+02,1.718758295453318041e+01,4.619386137513561955e-09
6.054605460546054019e+02,2.123341269582841306e+01,4.739551854125594745e-09
6.056105610561055528e+02,2.572389983755854459e+01,4.866527311294633980e-09
6.057605760576057037e+02,3.052241649392628275e+01,4.999826233334061110e-09
6.059105910591058546e+02,3.540640506929509002e+01,5.139059729460039731e-09
6.060606060606060055e+02,4.017520503476398375e+01,5.283912224002506303e-09
6.062106210621061564e+02,4.465830759118553317e+01,5.434159449616342475e-09
6.063606360636063073e+02,4.871535566916587356e+01,5.589668447281380873e-09
6.065106510651064582e+02,5.223746029365817378e+01,5.750396296216753784e-09
6.066606660666066091e+02,5.519552076336596258e+01,5.916340452108240192e-09
6.068106810681067600e+02,5.761985303611133702e+01,6.087525105963291920e-09
6.069606960696069109e+02,5.956313245871913153e+01,6.264006567444038362e-09
6.071107110711070618e+02,6.109510897496244297e+01,6.445866769490995731e-09
6.072607260726072127e+02,6.228448418710036094e+01,6.633209548823615529e-09
6.074107410741073636e+02,6.320228749004772340e+01,6.826147749617683897e-09
6.075607560756075145e+02,6.392264477004105316e+01,7.024802166763844790e-09
6.077107710771076654e+02,6.446766124249711538e+01,7.229337921194035645e-09
6.078607860786078163e+02,6.486058676529846423e+01,7.439919532389528193e-09
6.080108010801079672e+02,6.513538415364635625e+01,7.656703479643062085e-09
6.081608160816081181e+02,6.533672918006075747e+01,7.879838202058845721e-09
6.083108310831082690e+02,6.550635071098915319e+01,8.109478975189649441e-09
6.084608460846084199e+02,6.563790740959478853e+01,8.345832060535974150e-09
6.086108610861085708e+02,6.573357701493382876e+01,8.589094555022304393e-09
6.087608760876087217e+02,6.579970798128779563e+01,8.839465266690753635e-09
6.089108910891088726e+02,6.584527567943644044e+01,9.097146572364184332e-09
6.090609060906090235e+02,6.588184748790577316e+01,9.362344449211838661e-09
6.092109210921091744e+02,6.591590544287222997e+01,9.635274498413412731e-09
6.093609360936093253e+02,6.594377117349347373e+01,9.916165021604360058e-09
6.095109510951094762e+02,6.596321995570008312e+01,1.020524971736108797e-08
6.096609660966096271e+02,6.597380520372638557e+01,1.050276807782053526e-08
6.098109810981097780e+02,6.597685847011049987e+01,1.080896538868016891e-08
6.099609960996099289e+02,6.597548944569427931e+01,1.112409272919799396e-08
6.101110111011100798e+02,6.597458595962341121e+01,1.144840697219253870e-08
6.102610261026102307e+02,6.597996315928226352e+01,1.178217162455459277e-08
6.104110411041103816e+02,6.598856539903809448e+01,1.212566532443235074e-08
6.105610561056105325e+02,6.599680694516510471e+01,1.247917348035641706e-08
6.107110711071106834e+02,6.600288281575654992e+01,1.284298881671241268e-08
6.108610861086108343e+02,6.600572395461465192e+01,1.321741266122674692e-08
6.110111011101109852e+02,6.600499723125052753e+01,1.360275494496661582e-08
6.111611161116111361e+02,6.600110544088420284e+01,1.399933420234000046e-08
6.113111311131112870e+02,6.599518730444465575e+01,1.440747757109567692e-08
6.114611461146114380e+02,6.598911746856977345e+01,1.482752079232320137e-08
6.116111611161115889e+02,6.598550650560636655e+01,1.525980821045292662e-08
6.117611761176117398e+02,6.598772680641664579e+01,1.570469295369680373e-08
6.119111911191118907e+02,6.599780539424548920e+01,1.616254253407679584e-08
6.120612061206120416e+02,6.601184479333389277e+01,1.663373727150371646e-08
6.122112211221121925e+02,6.602575242520023835e+01,1.711866828977935083e-08
6.123612361236123434e+02,6.603639936310199232e+01,1.761773847990136766e-08
6.125112511251124943e+02,6.604162033203563453e+01,1.813136250006331913e-08
6.126612661266126452e+02,6.604021370873668673e+01,1.865996677565463760e-08
6.128112811281127961e+02,6.603194152167971254e+01,1.920398949926064883e-08
6.129612961296129470e+02,6.601752945107828907e+01,1.976388063066255545e-08
6.131113111311130979e+02,6.599866682888504954e+01,2.034010189683744355e-08
6.132613261326132488e+02,6.597800663879165484e+01,2.093312679195828272e-08
6.134113411341133997e+02,6.595916551622880775e+01,2.154344057739393264e-08
6.135613561356135506e+02,6.594672374836623874e+01,2.217154028170912983e-08
6.137113711371137015e+02,6.594622527411272017e+01,2.281793470066449431e-08
6.138613861386138524e+02,6.596146194263002371e+01,2.348314948389734673e-08
6.140114011401140033e+02,6.598304657617744340e+01,2.416774823050983317e-08
6.141614161416141542e+02,6.600373027235745838e+01,2.487230657060836149e-08
6.143114311431143051e+02,6.601870132905058597e+01,2.559741396870710938e-08
6.144614461446144560e+02,6.602504154185398022e+01,2.634367481211551897e-08
6.146114611461146069e+02,6.602172620408150294e+01,2.711170841093830012e-08
6.147614761476147578e+02,6.600962410676365266e+01,2.790214899807542715e-08
6.149114911491149087e+02,6.599149753864759305e+01,2.871564572922213217e-08
6.150615061506150596e+02,6.597200228619715290e+01,2.955286268286892498e-08
6.152115211521152105e+02,6.595768763359279774e+01,3.041447886030156988e-08
6.153615361536153614e+02,6.595699636273168665e+01,3.130118818560110886e-08
6.155115511551155123e+02,6.597188557424452426e+01,3.221371777779751863e-08
6.156615661566156632e+02,6.599018991700842207e+01,3.315284467167047446e-08
6.158115811581158141e+02,6.600660089100931316e+01,3.411935388465963905e-08
6.159615961596159650e+02,6.601749983662584498e+01,3.511405134900717312e-08
6.161116111611161159e+02,6.602084513914658714e+01,3.613776416423455990e-08
6.162616261626162668e+02,6.601617222877011670e+01,3.719134059714264488e-08
6.164116411641164177e+02,6.600459358060493287e+01,3.827565008181158283e-08
6.165616561656165686e+02,6.598879871466945701e+01,3.939158321960090400e-08
6.167116711671167195e+02,6.597305419589213216e+01,4.054005177914944129e-08
6.168616861686168704e+02,6.596320363411129506e+01,4.172198869637538986e-08
6.170117011701170213e+02,6.596660714066310049e+01,4.293834828334444765e-08
6.171617161716171722e+02,6.598348820097648115e+01,4.419013352252130426e-08
6.173117311731173231e+02,6.600507081855479896e+01,4.547840005878128119e-08
6.174617461746174740e+02,6.602497035299144557e+01,4.680422793661674291e-08
6.176117611761176249e+02,6.603856464715593688e+01,4.816872584570319925e-08
6.177617761776177758e+02,6.604299402719387047e+01,4.957303112089930540e-08
6.179117911791179267e+02,6.603716130252699656e+01,5.101830974224688172e-08
6.180618061806180776e+02,6.602173176585316128e+01,5.250575633497087410e-08
6.182118211821182285e+02,6.599913319314634919e+01,5.403659416947940023e-08
6.183618361836183794e+02,6.597355584365661230e+01,5.561207516136369666e-08
6.185118511851185303e+02,6.595095245991018373e+01,5.723347987139818502e-08
6.186618661866186812e+02,6.593903826770936405e+01,5.890211750554039919e-08
6.188118811881188321e+02,6.594720643748843258e+01,6.061932615048379374e-08
6.189618961896189830e+02,6.597675169292655539e+01,6.238650960385671694e-08
6.191119111911191339e+02,6.601468573199208834e+01,6.420517583880469490e-08
6.192619261926192848e+02,6.604974154575680245e+01,6.607687462275475240e-08
6.194119411941194357e+02,6.607372427908971702e+01,6.800318952917678048e-08
6.195619561956195867e+02,6.608151123065712795e+01,6.998573793758354966e-08
6.197119711971197376e+02,6.607105185292262206e+01,7.202617103353072315e-08
6.198619861986198885e+02,6.604336775214700594e+01,7.412617380861684365e-08
6.200120012001200394e+02,6.600255268838834866e+01,7.628746506048335982e-08
6.201620162016201903e+02,6.595577257550202432e+01,7.851179739281457332e-08
6.203120312031203412e+02,6.591326548114062689e+01,8.080095721533770498e-08
6.204620462046204921e+02,6.588834162675402695e+01,8.315676474382282865e-08
6.206120612061206430e+02,6.589736617563161758e+01,8.558107408613395415e-08
6.207620762076207939e+02,6.593258315669304181e+01,8.807591491317026550e-08
6.209120912091209448e+02,6.596893381194705341e+01,9.064347862416694530e-08
6.210621062106210957e+02,6.599803597363562346e+01,9.328593872176131964e-08
6.212121212121212466e+02,6.601463811056542852e+01,9.600551432255229381e-08
6.213621362136213975e+02,6.601661932810793587e+01,9.880447015710040522e-08
6.215121512151215484e+02,6.600498936819933249e+01,1.016851165699277440e-07
6.216621662166216993e+02,6.598388860934058187e+01,1.046498095195180193e-07
6.218121812181218502e+02,6.596058806659739560e+01,1.077009505783165060e-07
6.219621962196220011e+02,6.594548939160021916e+01,1.108409869327301113e-07
6.221122112211221520e+02,6.595149546491609271e+01,1.140724160862641689e-07
6.222622262226223029e+02,6.596943483700276545e+01,1.173979693207717313e-07
6.224122412241224538e+02,6.598700057039084754e+01,1.208204772665116401e-07
6.225622562256226047e+02,6.600039778840907445e+01,1.243427931488895794e-07
6.227122712271227556e+02,6.600735542235759112e+01,1.279678460439514498e-07
6.228622862286229065e+02,6.600712621150780990e+01,1.316986408783835008e-07
6.230123012301230574e+02,6.600048670310255261e+01,1.355382584295122380e-07
6.231623162316232083e+02,6.598973725235593690e+01,1.394898553253044762e-07
6.233123312331233592e+02,6.597870202245346150e+01,1.435566640443673393e-07
6.234623462346235101e+02,6.597272898455194934e+01,1.477419929159481810e-07
6.236123612361236610e+02,6.597795817124647044e+01,1.520492354983511655e-07
6.237623762376238119e+02,6.599066028352928015e+01,1.564819911685984985e-07
6.239123912391239628e+02,6.600485424648103105e+01,1.610439652457627200e-07
6.240624062406241137e+02,6.601675040111395276e+01,1.657389536915418792e-07
6.242124212421241509e+02,6.602373958631434903e+01,1.705708601814184374e-07
6.243624362436243018e+02,6.602439313884244143e+01,1.755436961046741173e-07
6.245124512451244527e+02,6.601846289333249729e+01,1.806615805643678802e-07
6.246624662466246036e+02,6.600688118229275858e+01,1.859287403773504317e-07
6.248124812481247545e+02,6.599176083610547039e+01,1.913495100742606479e-07
6.249624962496249054e+02,6.597639518302686668e+01,1.969283318995256283e-07
6.251125112511250563e+02,6.596525804918719871e+01,2.026697558113605375e-07
6.252625262526252072e+02,6.596400375859069243e+01,2.085784394817688428e-07
6.254125412541253581e+02,6.597889993276811538e+01,2.146591625948079185e-07
6.255625562556255090e+02,6.600642922812552627e+01,2.209169851441755069e-07
6.257125712571256599e+02,6.603680604812393540e+01,2.273572002657142089e-07
6.258625862586258108e+02,6.606231921218943626e+01,2.339852368547649779e-07
6.260126012601259617e+02,6.607747236740716801e+01,2.408066582555909714e-07
6.261626162616261126e+02,6.607898398852134392e+01,2.478271622613773656e-07
6.263126312631262635e+02,6.606578737793523715e+01,2.550525811142314354e-07
6.264626462646264144e+02,6.603903066571118075e+01,2.624888815051826066e-07
6.266126612661265654e+02,6.600207680957058187e+01,2.701421645741823770e-07
6.267626762676267163e+02,6.596050359489390758e+01,2.780186659101042632e-07
6.269126912691268672e+02,6.592210363472068479e+01,2.861247555507440657e-07
6.270627062706270181e+02,6.589688436974950037e+01,2.944669379828194975e-07
6.272127212721271690e+02,6.589706806833801522e+01,3.030518521419703968e-07
6.273627362736273199e+02,6.592649167459373416e+01,3.118864738855389984e-07
6.275127512751274708e+02,6.596047418772684523e+01,3.209785498099278586e-07
6.276627662766276217e+02,6.598958208424521388e+01,3.303357896789999835e-07
6.278127812781277726e+02,6.600831428877782514e+01,3.399660533438482822e-07
6.279627962796279235e+02,6.601401769059620506e+01,3.498773705639532615e-07
6.281128112811280744e+02,6.600688714361443488e+01,3.600779410071830787e-07
6.282628262826282253e+02,6.598996546638916527e+01,3.705761342497933303e-07
6.284128412841283762e+02,6.596914344211955950e+01,3.813804897764274222e-07
6.285628562856285271e+02,6.595315981864735022e+01,3.924997169801160934e-07
6.287128712871286780e+02,6.595360130845681113e+01,4.039426951622779980e-07
6.288628862886288289e+02,6.596894721844773812e+01,4.157189041366682508e-07
6.290129012901289798e+02,6.598472133026793074e+01,4.278384279039699293e-07
6.291629162916291307e+02,6.599738397066228401e+01,4.403113549377655729e-07
6.293129312931292816e+02,6.600472413344739664e+01,4.531480503540967486e-07
6.294629462946294325e+02,6.600585638151179069e+01,4.663591559959190588e-07
6.296129612961295834e+02,6.600122084681578372e+01,4.799555904331018242e-07
6.297629762976297343e+02,6.599258323039157403e+01,4.939485489624283481e-07
6.299129912991298852e+02,6.598303480234322649e+01,5.083495036075956519e-07
6.300630063006300361e+02,6.597699240184665825e+01,5.231702031192147397e-07
6.302130213021301870e+02,6.597999938415560450e+01,5.384226836473884642e-07
6.303630363036303379e+02,6.599094293020918656e+01,5.541196129834589426e-07
6.305130513051304888e+02,6.600419211883529158e+01,5.702741046776919450e-07
6.306630663066306397e+02,6.601599704368040022e+01,5.868995858271429439e-07
6.308130813081307906e+02,6.602368206821465435e+01,6.040098729674391893e-07
6.309630963096309415e+02,6.602564582573188545e+01,6.216191720727800266e-07
6.311131113111310924e+02,6.602136121934957202e+01,6.397420785559368968e-07
6.312631263126312433e+02,6.601137542200886799e+01,6.583935772682534419e-07
6.314131413141313942e+02,6.599730987647460267e+01,6.775890424996451879e-07
6.315631563156315451e+02,6.598186029533529506e+01,6.973442379785997560e-07
6.317131713171316960e+02,6.596879666100308270e+01,7.176753168721767570e-07
6.318631863186318469e+02,6.596296322571380699e+01,7.385988217860081088e-07
6.320132013201319978e+02,6.596995647054167478e+01,7.601317079572447081e-07
6.321632163216321487e+02,6.598770282467039294e+01,7.822918595581979079e-07
6.323132313231322996e+02,6.600853314337906852e+01,8.050979080988848077e-07
6.324632463246324505e+02,6.602667082084926164e+01,8.285689491064075741e-07
6.326132613261326014e+02,6.603803679008078120e+01,8.527245861913665948e-07
6.327632763276327523e+02,6.604024952289168482e+01,8.775849310478607969e-07
6.329132913291329032e+02,6.603262502991834992e+01,9.031706034534874347e-07
6.330633063306330541e+02,6.601617686061540269e+01,9.295027312693423015e-07
6.332133213321332050e+02,6.599361610325570382e+01,9.566029504400198355e-07
6.333633363336333559e+02,6.596935138493046225e+01,9.844934049936122731e-07
6.335133513351335068e+02,6.594948887154907879e+01,1.013196747041711130e-06
6.336633663366336577e+02,6.594183226783927410e+01,1.042736136779405616e-06
6.338133813381338086e+02,6.595500015158486917e+01,1.073135300172561453e-06
6.339633963396339595e+02,6.598425899871614320e+01,1.104419542758460319e-06
6.341134113411341104e+02,6.601755305172284238e+01,1.136615515684276525e-06
6.342634263426342613e+02,6.604581912772319185e+01,1.169750484979377356e-06
6.344134413441344122e+02,6.606273176097157318e+01,1.203852338568553430e-06
6.345634563456345631e+02,6.606470320285859543e+01,1.238949586272018696e-06
6.347134713471347141e+02,6.605088342191096729e+01,1.275071359805410226e-06
6.348634863486348650e+02,6.602316010379162492e+01,1.312247412779788216e-06
6.350135013501350159e+02,6.598615865129967517e+01,1.350508120701636192e-06
6.351635163516351668e+02,6.594724218437036711e+01,1.389884480972860592e-06
6.353135313531353177e+02,6.591651154007514890e+01,1.430408112890791611e-06
6.354635463546354686e+02,6.590680527262163935e+01,1.472111257648181717e-06
6.356135613561356195e+02,6.593009311692324559e+01,1.515027076815029358e-06
6.357635763576357704e+02,6.597061932517416949e+01,1.559192200899472453e-06
6.359135913591359213e+02,6.601234018657177671e+01,1.604644731766758586e-06
6.360636063606360722e+02,6.604469335993708512e+01,1.651423398103424779e-06
6.362136213621362231e+02,6.606083097522574121e+01,1.699567672291805223e-06
6.363636363636363740e+02,6.605761963352804855e+01,1.749117770410030007e-06
6.365136513651365249e+02,6.603564040706899618e+01,1.800114652232026601e-06
6.366636663666366758e+02,6.599918883920815915e+01,1.852600021227518796e-06
6.368136813681368267e+02,6.595627494443979799e+01,1.906616324562026281e-06
6.369636963696369776e+02,6.591862320839284450e+01,1.962206753096866125e-06
6.371137113711371285e+02,6.590167258783083071e+01,2.019415241389151296e-06
6.372637263726372794e+02,6.592106334243089805e+01,2.078286896099013043e-06
6.374137413741374303e+02,6.595559158546129197e+01,2.138872745974782555e-06
6.375637563756375812e+02,6.598910915260276511e+01,2.201224975016306927e-06
6.377137713771377321e+02,6.601401351451600874e+01,2.265396248849558262e-06
6.378637863786378830e+02,6.602574721007221115e+01,2.331440352211792625e-06
6.380138013801380339e+02,6.602279784635300075e+01,2.399412188951550896e-06
6.381638163816381848e+02,6.600669809865054560e+01,2.469367782028658768e-06
6.383138313831383357e+02,6.598202571046745391e+01,2.541364273514227167e-06
6.384638463846384866e+02,6.595640349351681664e+01,2.615459924590651411e-06
6.386138613861386375e+02,6.594049932772223599e+01,2.691714115551612054e-06
6.387638763876387884e+02,6.594740229940138931e+01,2.770187456600470539e-06
6.389138913891389393e+02,6.596825725299127896e+01,2.850946148058217208e-06
6.390639063906390902e+02,6.598970593848810040e+01,2.934059119199492389e-06
6.392139213921392411e+02,6.600663401205817138e+01,3.019595931675390214e-06
6.393639363936393920e+02,6.601580675932078179e+01,3.107627918979724423e-06
6.395139513951395429e+02,6.601586909534808001e+01,3.198228186449030485e-06
6.396639663966396938e+02,6.600734556466520075e+01,3.291471611262565172e-06
6.398139813981398447e+02,6.599264034125017986e+01,3.387434842442308251e-06
6.399639963996399956e+02,6.597603722853398267e+01,3.486196300852958255e-06
6.401140114011401465e+02,6.596369965940050406e+01,3.587836179201937559e-06
6.402640264026402974e+02,6.596367069618655421e+01,3.692436442039387303e-06
6.404140414041404483e+02,6.597785563001720277e+01,3.800082943631235111e-06
6.405640564056405992e+02,6.599614197102641810e+01,3.910866846796017337e-06
6.407140714071407501e+02,6.601304153130195118e+01,4.024880759751454146e-06
6.408640864086409010e+02,6.602464228469135321e+01,4.142219805051240064e-06
6.410141014101410519e+02,6.602858842983813759e+01,4.262981625158070151e-06
6.411641164116412028e+02,6.602408039018182251e+01,4.387266382443645082e-06
6.413141314131413537e+02,6.601187481395788836e+01,4.515176759188670301e-06
6.414641464146415046e+02,6.599428457419779193e+01,4.646817957582852631e-06
6.416141614161416555e+02,6.597517876872893794e+01,4.782297699724905360e-06
6.417641764176418064e+02,6.595998272017475017e+01,4.921726227622544002e-06
6.419141914191419573e+02,6.595567797595460036e+01,5.065216303192490533e-06
6.420642064206421082e+02,6.596917142578402604e+01,5.212883805350890289e-06
6.422142214221422591e+02,6.599473088267455978e+01,5.364852270640117994e-06
6.423642364236424100e+02,6.602269153482659192e+01,5.521250235861797555e-06
6.425142514251425609e+02,6.604574693462095070e+01,5.682209412111619714e-06
6.426642664266427118e+02,6.605882863170729991e+01,5.847864744831305622e-06
6.428142814281428628e+02,6.605910617300419574e+01,6.018354413808608531e-06
6.429642964296430137e+02,6.604598710269897310e+01,6.193819833177311254e-06
6.431143114311431646e+02,6.602111696224787352e+01,6.374405651417230399e-06
6.432643264326432018e+02,6.598837929037597405e+01,6.560259751354067295e-06
6.434143414341433527e+02,6.595389562307714471e+01,6.751533250159982273e-06
6.435643564356435036e+02,6.592602549361414788e+01,6.948380499352743406e-06
6.437143714371436545e+02,6.591536643251860994e+01,7.150959084796289781e-06
6.438643864386438054e+02,6.593252048416155731e+01,7.359430833509353669e-06
6.440144014401439563e+02,6.596236494049523458e+01,7.573974014746495007e-06
6.441644164416441072e+02,6.599173554927168084e+01,7.794771963236746070e-06
6.443144314431442581e+02,6.601383232732499096e+01,8.022010632672882174e-06
6.444644464446444090e+02,6.602450592050381317e+01,8.255880190488994180e-06
6.446144614461445599e+02,6.602225760367149121e+01,8.496575017860485103e-06
6.447644764476447108e+02,6.600823928070592217e+01,8.744293709704079428e-06
6.449144914491448617e+02,6.598625348449967021e+01,8.999239074677809559e-06
6.450645064506450126e+02,6.596275337695989549e+01,9.261618135181025986e-06
6.452145214521451635e+02,6.594684274900836840e+01,9.531642127354395585e-06
6.453645364536453144e+02,6.595019747156800349e+01,9.809526551803343116e-06
6.455145514551454653e+02,6.596864172040892527e+01,1.009550306251589351e-05
6.456645664566456162e+02,6.598843553815352436e+01,1.038981597064415092e-05
6.458145814581457671e+02,6.600465973992851332e+01,1.069271131641182074e-05
6.459645964596459180e+02,6.601410863275538077e+01,1.100444157894698187e-05
6.461146114611460689e+02,6.601529001555040566e+01,1.132526567628209185e-05
6.462646264626462198e+02,6.600842517912462881e+01,1.165544896535398173e-05
6.464146414641463707e+02,6.599544890618390980e+01,1.199526324200385783e-05
6.465646564656465216e+02,6.598000947132887006e+01,1.234498674097730337e-05
6.467146714671466725e+02,6.596746864105492136e+01,1.270490413592427682e-05
6.468646864686468234e+02,6.596490167375226576e+01,1.307530653939911186e-05
6.470147014701469743e+02,6.597679730689479527e+01,1.345649571360002019e-05
6.471647164716471252e+02,6.599447790432297722e+01,1.384879356809893243e-05
6.473147314731472761e+02,6.601194112785347556e+01,1.425252827134291798e-05
6.474647464746474270e+02,6.602493561678745948e+01,1.466803677749975950e-05
6.476147614761475779e+02,6.603072996923317817e+01,1.509566507818026122e-05
6.477647764776477288e+02,6.602811274210600345e+01,1.553576820243823879e-05
6.479147914791478797e+02,6.601739245112835874e+01,1.598871021677053286e-05
6.480648064806480306e+02,6.600039757082981851e+01,1.645486422511698534e-05
6.482148214821481815e+02,6.598047653454702299e+01,1.693461236886046817e-05
6.483648364836483324e+02,6.596249773442370667e+01,1.742834582682686135e-05
6.485148514851484833e+02,6.595284952141069823e+01,1.793646481528506309e-05
6.486648664866486342e+02,6.595935630290821905e+01,1.845937869621565590e-05
6.488148814881487851e+02,6.598323313808569424e+01,1.899751626852026198e-05
6.489648964896489360e+02,6.601408628626177233e+01,1.955133345655137581e-05
6.491149114911490869e+02,6.604279699018700001e+01,2.012129876069668259e-05
6.492649264926492378e+02,6.606268593752284346e+01,2.070789197740299412e-05
6.494149414941493887e+02,6.606951326084167420e+01,2.131160419917623526e-05
6.495649564956495396e+02,6.606147853762681166e+01,2.193293781458145747e-05
6.497149714971496905e+02,6.603922079027246639e+01,2.257240650824283203e-05
6.498649864986498415e+02,6.600581848608378266e+01,2.323053526084365008e-05
6.500150015001499924e+02,6.596678953727682426e+01,2.390786034912633273e-05
6.501650165016501433e+02,6.593009130097856030e+01,2.460492934589241415e-05
6.503150315031502942e+02,6.590612057922692202e+01,2.532230112000255512e-05
6.504650465046504451e+02,6.590771361897071756e+01,2.606054583637653623e-05
6.506150615061505960e+02,6.593651901168502150e+01,2.682026711441763513e-05
6.507650765076507469e+02,6.596939483023982120e+01,2.760212869142383450e-05
6.509150915091508978e+02,6.599753593734484980e+01,2.840679245200937306e-05
6.510651065106510487e+02,6.601533600646344269e+01,2.923493440679285831e-05
6.512151215121511996e+02,6.602000992127803158e+01,3.008724528021497065e-05
6.513651365136513505e+02,6.601159377569013031e+01,3.096443051053844305e-05
6.515151515151515014e+02,6.599294487382034902e+01,3.186721024984807461e-05
6.516651665166516523e+02,6.596974173000836572e+01,3.279631936405073058e-05
6.518151815181518032e+02,6.595048406881294056e+01,3.375250743287533893e-05
6.519651965196519541e+02,6.594649282501194421e+01,3.473653874987287345e-05
6.521152115211521050e+02,6.596217738933863473e+01,3.574921478692999466e-05
6.522652265226522559e+02,6.598069612992243549e+01,3.679140806567486561e-05
6.524152415241524068e+02,6.599672711209119313e+01,3.786399011491199429e-05
6.525652565256525577e+02,6.600707857516837862e+01,3.896785448545855401e-05
6.527152715271527086e+02,6.601012825485280189e+01,4.010391805519465560e-05
6.528652865286528595e+02,6.600582338321859766e+01,4.127312102906328646e-05
6.530153015301530104e+02,6.599568068871516857e+01,4.247642693907035795e-05
6.531653165316531613e+02,6.598278639616727048e+01,4.371482264428469186e-05
6.533153315331533122e+02,6.597179622677495558e+01,4.498931833083799332e-05
6.534653465346534631e+02,6.596893539811354401e+01,4.630094751192489143e-05
6.536153615361536140e+02,6.597870768031609146e+01,4.765077920464832741e-05
6.537653765376537649e+02,6.599392589138105336e+01,4.903994982193298109e-05
6.539153915391539158e+02,6.600923372709817727e+01,5.046961857842995460e-05
6.540654065406540667e+02,6.602085078390928174e+01,5.194097644388780295e-05
6.542154215421542176e+02,6.602630961047518099e+01,5.345524729201502664e-05
6.543654365436543685e+02,6.602445570767569905e+01,5.501368790048005123e-05
6.545154515451545194e+02,6.601544752860961296e+01,5.661758795091126128e-05
6.546654665466546703e+02,6.600075647859470962e+01,5.826827002889696646e-05
6.548154815481548212e+02,6.598316691516777155e+01,5.996708962398543543e-05
6.549654965496549721e+02,6.596677614808454848e+01,6.171543512968486194e-05
6.551155115511551230e+02,6.595699443931981421e+01,6.351472784346337162e-05
6.552655265526552739e+02,6.596054702299224459e+01,6.536642196707395062e-05
6.554155415541554248e+02,6.598180411450402971e+01,6.727202318232559551e-05
6.555655565556555757e+02,6.601235546991432557e+01,6.923313728690747503e-05
6.557155715571557266e+02,6.604261979004606076e+01,7.125142418151529731e-05
6.558655865586558775e+02,6.606538003038450313e+01,7.332858454697576507e-05
6.560156015601560284e+02,6.607578340107725978e+01,7.546635984424656209e-05
6.561656165616561793e+02,6.607134136693431969e+01,7.766653231441635323e-05
6.563156315631563302e+02,6.605192964742796846e+01,7.993092497870481151e-05
6.564656465646564811e+02,6.601978821669290198e+01,8.226140163846259101e-05
6.566156615661566320e+02,6.597952130352611277e+01,8.465986687517131331e-05
6.567656765676567829e+02,6.593809739138698944e+01,8.712826605044363527e-05
6.569156915691569338e+02,6.590484921839721721e+01,8.966858530602315417e-05
6.570657065706570847e+02,6.589147377734087740e+01,9.228285156378447543e-05
6.572157215721572356e+02,6.591035800799058109e+01,9.497314213053938017e-05
6.573657365736573865e+02,6.594403176449840487e+01,9.774176861101876903e-05
6.575157515751575374e+02,6.597629476193232279e+01,1.005911154811816915e-04
6.576657665766576883e+02,6.600023380077540480e+01,1.035235845367857602e-04
6.578157815781578392e+02,6.601181776192247241e+01,1.065416297471724817e-04
6.579657965796579902e+02,6.600989760668007023e+01,1.096477572552672698e-04
6.581158115811581411e+02,6.599620637676653701e+01,1.128445253775794597e-04
6.582658265826582920e+02,6.597535919431190621e+01,1.161345446042022804e-04
6.584158415841584429e+02,6.595485326185797703e+01,1.195204775988128820e-04
6.585658565856585938e+02,6.594506786235828599e+01,1.230050391986723356e-04
6.587158715871587447e+02,6.595578792433487081e+01,1.265910253330809645e-04
6.588658865886588956e+02,6.597250852908010188e+01,1.302815098984592252e-04
6.590159015901590465e+02,6.598775725766853384e+01,1.340795944900362476e-04
6.591659165916591974e+02,6.599844501663714880e+01,1.379884401924464797e-04
6.593159315931593483e+02,6.600288135767632980e+01,1.420112928866770351e-04
6.594659465946594992e+02,6.600077447762990346e+01,1.461514832500676109e-04
6.596159615961596501e+02,6.599323121849518259e+01,1.504124267563105969e-04
6.597659765976598010e+02,6.598275706742283830e+01,1.547976236754510209e-04
6.599159915991599519e+02,6.597325615671707055e+01,1.593106590738865218e-04
6.600660066006601028e+02,6.597003126383546601e+01,1.639552028143674307e-04
6.602160216021602537e+02,6.597761404341974867e+01,1.687350408878722876e-04
6.603660366036604046e+02,6.599055371589084018e+01,1.736541832564594877e-04
6.605160516051605555e+02,6.600399521260622748e+01,1.787167261192545552e-04
6.606660666066607064e+02,6.601451665847885408e+01,1.839268795468178654e-04
6.608160816081608573e+02,6.601982877809915351e+01,1.892889731493252502e-04
6.609660966096610082e+02,6.601877489573502089e+01,1.948074560765677000e-04
6.611161116111611591e+02,6.601133093533181295e+01,2.004868970179517706e-04
6.612661266126613100e+02,6.599860542051237644e+01,2.063319842024991489e-04
6.614161416141614609e+02,6.598283947457697707e+01,2.123475253988469790e-04
6.615661566156616118e+02,6.596740682050339899e+01,2.185384479152476986e-04
6.617161716171617627e+02,6.595681378094687375e+01,2.249097985995690942e-04
6.618661866186619136e+02,6.595669927824005185e+01,2.314667438392943545e-04
6.620162016201620645e+02,6.597044796509452169e+01,2.382146359098079042e-04
6.621662166216622154e+02,6.599078016752584119e+01,2.451591530396016638e-04
6.623162316231623663e+02,6.601094114340652652e+01,2.523061185507744961e-04
6.624662466246625172e+02,6.602595833189140251e+01,2.596615105580931510e-04
6.626162616261625544e+02,6.603258983304581875e+01,2.672314632629915971e-04
6.627662766276627053e+02,6.602932440784562118e+01,2.750222669535942505e-04
6.629162916291628562e+02,6.601638147817718050e+01,2.830403680046815517e-04
6.630663066306630071e+02,6.599571112683736374e+01,2.912923688777126251e-04
6.632163216321631580e+02,6.597099409753353427e+01,2.997850281208198041e-04
6.633663366336633089e+02,6.594764179488358025e+01,3.085252603688083597e-04
6.635163516351634598e+02,6.593279628441590035e+01,3.175201363431568802e-04
6.636663666366636107e+02,6.593533029256941802e+01,3.267768828520169460e-04
6.638163816381637616e+02,6.595886782279646354e+01,3.363030289789229756e-04
6.639663966396639125e+02,6.599148134560284973e+01,3.461066712668649519e-04
6.641164116411640634e+02,6.602280952549696735e+01,3.561961347699255554e-04
6.642664266426642143e+02,6.604525176780359175e+01,3.665799356068739998e-04
6.644164416441643652e+02,6.605396311495603356e+01,3.772667810554224490e-04
6.645664566456645161e+02,6.604685424649618142e+01,3.882655695522261793e-04
6.647164716471646670e+02,6.602459147907443082e+01,3.995853906928832546e-04
6.648664866486648179e+02,6.599059676644981209e+01,4.112355252319346887e-04
6.650165016501649689e+02,6.595104769948984824e+01,4.232254450828644996e-04
6.651665166516651198e+02,6.591487750617064023e+01,4.355648133180995470e-04
6.653165316531652707e+02,6.589377505157683856e+01,4.482634841690098576e-04
6.654665466546654216e+02,6.590211350742309548e+01,4.613315047448498575e-04
6.656165616561655725e+02,6.593727966950517327e+01,4.747796471838175935e-04
6.657665766576657234e+02,6.597922032961317029e+01,4.886195822694936125e-04
6.659165916591658743e+02,6.601589639625838402e+01,5.028631443340654105e-04
6.660666066606660252e+02,6.603895269039844607e+01,5.175223977300117632e-04
6.662166216621661761e+02,6.604371794543732221e+01,5.326096368301025093e-04
6.663666366636663270e+02,6.602920480722532659e+01,5.481373860273991471e-04
6.665166516651664779e+02,6.599810983405906484e+01,5.641183997352541835e-04
6.666666666666666288e+02,6.595681349668150517e+01,5.805656623873113511e-04
6.668166816681667797e+02,6.591538017828190732e+01,5.974923884375061504e-04
6.669666966696669306e+02,6.588755817449590779e+01,6.149120223600646569e-04
6.671167116711670815e+02,6.589077969340542040e+01,6.328382386495048223e-04
6.672667266726672324e+02,6.592174294368146548e+01,6.512858815230544588e-04
6.674167416741673833e+02,6.595567779253674701e+01,6.702711317780007906e-04
6.675667566756675342e+02,6.598385238327274749e+01,6.898100633682914193e-04
6.677167716771676851e+02,6.600053323453475684e+01,7.099190970229434352e-04
6.678667866786678360e+02,6.600298364885490798e+01,7.306150003049686125e-04
6.680168016801679869e+02,6.599146371265214839e+01,7.519148876113725425e-04
6.681668166816681378e+02,6.596923029623226853e+01,7.738362201731555003e-04
6.683168316831682887e+02,6.594253705378787345e+01,7.963968060553114695e-04
6.684668466846684396e+02,6.592063442339841117e+01,8.196148001568291175e-04
6.686168616861685905e+02,6.591576962703015852e+01,8.435087042106911457e-04
6.687668766876687414e+02,6.593286877462124096e+01,8.680979345251849588e-04
6.689168916891688923e+02,6.595387611526088278e+01,8.934037237264647957e-04
6.690669066906690432e+02,6.597233397267952171e+01,9.194473014668510429e-04
6.692169216921691941e+02,6.598421150808157165e+01,9.462504129573205084e-04
6.693669366936693450e+02,6.598734461291725495e+01,9.738353497380995271e-04
6.695169516951694959e+02,6.598143590888246024e+01,1.002224949678664177e-03
6.696669666966696468e+02,6.596805474791888457e+01,1.031442596977739413e-03
6.698169816981697977e+02,6.595063721221389130e+01,1.061512222163300692e-03
6.699669966996699486e+02,6.593448611420063799e+01,1.092458302092572239e-03
6.701170117011700995e+02,6.592677099655799111e+01,1.124305859952027696e-03
6.702670267026702504e+02,6.593474197129943093e+01,1.157080613334068430e-03
6.704170417041704013e+02,6.595104570073254990e+01,1.190810142024501363e-03
6.705670567056705522e+02,6.596827615525525346e+01,1.225522757196299307e-03
6.707170717071707031e+02,6.598175919183505300e+01,1.261247437976848211e-03
6.708670867086708540e+02,6.598838772736637281e+01,1.298013938393802321e-03
6.710171017101710049e+02,6.598662173867059266e+01,1.335852787375084406e-03
6.711671167116711558e+02,6.597648826249601939e+01,1.374795288748885316e-03
6.713171317131713067e+02,6.595958139551787269e+01,1.414873521243664636e-03
6.714671467146714576e+02,6.593906229433835620e+01,1.456120338488149819e-03
6.716171617161716085e+02,6.591965917548660059e+01,1.498569369011337705e-03
6.717671767176717594e+02,6.590766731541862100e+01,1.542255016242492349e-03
6.719171917191719103e+02,6.591090695749528550e+01,1.587212463338680962e-03
6.720672067206720612e+02,6.593084409233614451e+01,1.633478547388605637e-03
6.722172217221722121e+02,6.595750201622672648e+01,1.681092391253900939e-03
6.723672367236723630e+02,6.598242584129732791e+01,1.730094157377668352e-03
6.725172517251725139e+02,6.599941874027950917e+01,1.780525000222573295e-03
6.726672667266726648e+02,6.600454194650626505e+01,1.832427066270844902e-03
6.728172817281728157e+02,6.599611475391185422e+01,1.885843494024275376e-03
6.729672967296729666e+02,6.597471451703198397e+01,1.940818414004220850e-03
6.731173117311731176e+02,6.594317665100362547e+01,1.997396948751600093e-03
6.732673267326732685e+02,6.590659463156514164e+01,2.055625212826896458e-03
6.734173417341734194e+02,6.587231999505627300e+01,2.115550312810155712e-03
6.735673567356735703e+02,6.584996233841805235e+01,2.177220347300987992e-03
6.737173717371737212e+02,6.585138931919291849e+01,2.240684406918565848e-03
6.738673867386738721e+02,6.587634469051043595e+01,2.305994614511553201e-03
6.740174017401740230e+02,6.590499387414962484e+01,2.373207557218012624e-03
6.741674167416741739e+02,6.592918985304201840e+01,2.442379965726044436e-03
6.743174317431743248e+02,6.594352208436635010e+01,2.513569852180337367e-03
6.744674467446744757e+02,6.594523047036587116e+01,2.586836521892022563e-03
6.746174617461746266e+02,6.593420535834835050e+01,2.662240573338675326e-03
6.747674767476747775e+02,6.591298754068606058e+01,2.739843898164314243e-03
6.749174917491749284e+02,6.588676825481580579e+01,2.819709681179402485e-03
6.750675067506750793e+02,6.586338918323887981e+01,2.901902400360846079e-03
6.752175217521752302e+02,6.585334245352112248e+01,2.986487826851995202e-03
6.753675367536753811e+02,6.586458307664064193e+01,3.073534058859113492e-03
6.755175517551755320e+02,6.588165278390835056e+01,3.163115742280906643e-03
6.756675667566756829e+02,6.589720441405688689e+01,3.255308084392262435e-03
6.758175817581758338e+02,6.590724160945936205e+01,3.350187939494635430e-03
6.759675967596759847e+02,6.590946825578922130e+01,3.447834140725072969e-03
6.761176117611761356e+02,6.590328848202025824e+01,3.548327500056215611e-03
6.762676267626762865e+02,6.588980666042655798e+01,3.651750808296294528e-03
6.764176417641764374e+02,6.587182740658256819e+01,3.758188835089134976e-03
6.765676567656765883e+02,6.585385557936307066e+01,3.867728328914153690e-03
6.767176717671767392e+02,6.584209628094313871e+01,3.980458017086359324e-03
6.768676867686768901e+02,6.584397085809867178e+01,4.096468757353928514e-03
6.770177017701770410e+02,6.585596070387224188e+01,4.215857112226453762e-03
6.771677167716771919e+02,6.587017454571565622e+01,4.338723305544502085e-03
6.773177317731773428e+02,6.588170507617698490e+01,4.465169768992635797e-03
6.774677467746774937e+02,6.588713884821795830e+01,4.595301711286820662e-03
6.776177617761776446e+02,6.588455627521398128e+01,4.729227118174432823e-03
6.777677767776777955e+02,6.587353163095413322e+01,4.867056752434253605e-03
6.779177917791779464e+02,6.585513304964112535e+01,5.008904153876472982e-03
6.780678067806780973e+02,6.583192252589135762e+01,5.154885639342686107e-03
6.782178217821782482e+02,6.580795591473490447e+01,5.305120302705898516e-03
6.783678367836783991e+02,6.578878293161547219e+01,5.459730014870519191e-03
6.785178517851785500e+02,6.578144715239048423e+01,5.618839423772364894e-03
6.786678667866787009e+02,6.579249162749387381e+01,5.782576736025801280e-03
6.788178817881788518e+02,6.581555662026920572e+01,5.951078764117260188e-03
6.789678967896790027e+02,6.584052115799177329e+01,6.124487984064374765e-03
6.791179117911791536e+02,6.585965869508122239e+01,6.302950333516616106e-03
6.792679267926793045e+02,6.586762064376105741e+01,6.486615220136503907e-03
6.794179417941794554e+02,6.586143637405868390e+01,6.675635521599606464e-03
6.795679567956796063e+02,6.584051321380540855e+01,6.870167585594538079e-03
6.797179717971797572e+02,6.580663644863641082e+01,7.070371229822964253e-03
6.798679867986799081e+02,6.576396932199075707e+01,7.276409741999595622e-03
6.800180018001800590e+02,6.571905303511141483e+01,7.488449879852192292e-03
6.801680168016802099e+02,6.568080674704523858e+01,7.706661871121562105e-03
6.803180318031803608e+02,6.566052757464295553e+01,7.931219413561561501e-03
6.804680468046805117e+02,6.567032732049337085e+01,8.162300449283534792e-03
6.806180618061806626e+02,6.569474505075785942e+01,8.400101952448092713e-03
6.807680768076808135e+02,6.571844422907960848e+01,8.644827639768353639e-03
6.809180918091809644e+02,6.573441655044386778e+01,8.896683121282446607e-03
6.810681068106811153e+02,6.573840519638437740e+01,9.155878508363201468e-03
6.812181218121812663e+02,6.572890483498341041e+01,9.422628413718162760e-03
6.813681368136814172e+02,6.570716162087175860e+01,9.697151951389575836e-03
6.815181518151815681e+02,6.567717319522876096e+01,9.979672736754393800e-03
6.816681668166816053e+02,6.564568868578227523e+01,1.027041888652405373e-02
6.818181818181817562e+02,6.562220870680862106e+01,1.056962301874536311e-02
6.819681968196819071e+02,6.561848596934081002e+01,1.087752261385669175e-02
6.821182118211820580e+02,6.562653586187732913e+01,1.119437592003073856e-02
6.822682268226822089e+02,6.563447417822970920e+01,1.152045120724365726e-02
6.824182418241823598e+02,6.563823345367893580e+01,1.185601922130620142e-02
6.825682568256825107e+02,6.563527787734388141e+01,1.220135781842433473e-02
6.827182718271826616e+02,6.562460329218130539e+01,1.255675196519922925e-02
6.828682868286828125e+02,6.560673719498578293e+01,1.292249373862726543e-02
6.830183018301829634e+02,6.558373873638980456e+01,1.329888232610003732e-02
6.831683168316831143e+02,6.555919872086370503e+01,1.368622402540434560e-02
6.833183318331832652e+02,6.553823960671567761e+01,1.408483224472220283e-02
6.834683468346834161e+02,6.552748802350996016e+01,1.449502753661920107e-02
6.836183618361835670e+02,6.552696784607081781e+01,1.491714668196440254e-02
6.837683768376837179e+02,6.552923754235067122e+01,1.535154238432019126e-02
6.839183918391838688e+02,6.552980698597936282e+01,1.579857438587287805e-02
6.840684068406840197e+02,6.552544635152062824e+01,1.625861242938225412e-02
6.842184218421841706e+02,6.551418611447218154e+01,1.673203625818160331e-02
6.843684368436843215e+02,6.549531705126561576e+01,1.721923561617768467e-02
6.845184518451844724e+02,6.546939023926650236e+01,1.772061024785074809e-02
6.846684668466846233e+02,6.543821705677434863e+01,1.823656989825452740e-02
6.848184818481847742e+02,6.540486918302254082e+01,1.876753431301624031e-02
6.849684968496849251e+02,6.537367859817845783e+01,1.931393323833658152e-02
6.851185118511850760e+02,6.535023758334338595e+01,1.987620642098974350e-02
6.852685268526852269e+02,6.534127207257546388e+01,2.045480381444294074e-02
6.854185418541853778e+02,6.534720874936149926e+01,2.105019670799745599e-02
6.855685568556855287e+02,6.535854760958859799e+01,2.166288444933872626e-02
6.857185718571856796e+02,6.536696217114970864e+01,2.229338005280747520e-02
6.858685868586858305e+02,6.536631314971599238e+01,2.294220889234607069e-02
6.860186018601859814e+02,6.535264845873687989e+01,2.360990870149854565e-02
6.861686168616861323e+02,6.532420320943998604e+01,2.429702957341058414e-02
6.863186318631862832e+02,6.528139971083116677e+01,2.500413396082953182e-02
6.864686468646864341e+02,6.522684746969449066e+01,2.573179667610438898e-02
6.866186618661865850e+02,6.516534319059226732e+01,2.648060489118580704e-02
6.867686768676867359e+02,6.510387077586503324e+01,2.725115813762610598e-02
6.869186918691868868e+02,6.505160132563152331e+01,2.804406830657925342e-02
6.870687068706870377e+02,6.501989313778874191e+01,2.885995964880087167e-02
6.872187218721871886e+02,6.501778792568340748e+01,2.969947708792244900e-02
6.873687368736873395e+02,6.502441625581205642e+01,3.056334108692828483e-02
6.875187518751874904e+02,6.502782622443683636e+01,3.145228024295636943e-02
6.876687668766876413e+02,6.502191425868797126e+01,3.236703319691642405e-02
6.878187818781877922e+02,6.500321852937766209e+01,3.330835421165904975e-02
6.879687968796879431e+02,6.497091895100008685e+01,3.427701317197572733e-02
6.881188118811880940e+02,6.492683718173140051e+01,3.527379558459882436e-02
6.882688268826882450e+02,6.487543662342973505e+01,3.629950257820160203e-02
6.884188418841883959e+02,6.482382242163522790e+01,3.735495090339819441e-02
6.885688568856885468e+02,6.478174146556995083e+01,3.844097293274362920e-02
6.887188718871886977e+02,6.475865523599586027e+01,3.955842456922564754e-02
6.888688868886888486e+02,6.474092170248393074e+01,4.070824730855573947e-02
6.890189018901889995e+02,6.472104885676475305e+01,4.189139241125752061e-02
6.891689168916891504e+02,6.469600467517955167e+01,4.310882757849417157e-02
6.893189318931893013e+02,6.466404438715642300e+01,4.436154561006774161e-02
6.894689468946894522e+02,6.462471047521037804e+01,4.565056440441916247e-02
6.896189618961896031e+02,6.457883267494327129e+01,4.697692695862825535e-02
6.897689768976897540e+02,6.452852797504388604e+01,4.834170136841371007e-02
6.899189918991899049e+02,6.447720061728787755e+01,4.974598082813308508e-02
6.900690069006900558e+02,6.442954209653778719e+01,5.119088363078283521e-02
6.902190219021902067e+02,6.439078295246555683e+01,5.267755662279188095e-02
6.903690369036903576e+02,6.435726872114811670e+01,5.420721427503854412e-02
6.905190519051905085e+02,6.432389244158565589e+01,5.578110463181955303e-02
6.906690669066906594e+02,6.428738969654774849e+01,5.740050571665991641e-02
6.908190819081908103e+02,6.424545745334910407e+01,5.906673064934955808e-02
6.909690969096909612e+02,6.419675406384953931e+01,6.078112764594333084e-02
6.911191119111911121e+02,6.414089926445397793e+01,6.254508001876100953e-02
6.912691269126912630e+02,6.407847417611242236e+01,6.436000617638730492e-02
6.914191419141914139e+02,6.401102130432002468e+01,6.622735962367186369e-02
6.915691569156915648e+02,6.394104453911700858e+01,6.814862896172922679e-02
6.917191719171917157e+02,6.387200915508874033e+01,7.012533788793889888e-02
6.918691869186918666e+02,6.380834181136566485e+01,7.215904519594527888e-02
6.920192019201920175e+02,6.375540928160359044e+01,7.425134477033783209e-02
6.921692169216921684e+02,6.371418530278794634e+01,7.640389605469832812e-02
6.923192319231923193e+02,6.367699971633059164e+01,7.861845714500043103e-02
6.924692469246924702e+02,6.363685176599818760e+01,8.089683504873583508e-02
6.926192619261926211e+02,6.358843308810292427e+01,8.324087966287661844e-02
6.927692769276927720e+02,6.352812771150254889e+01,8.565248377387539580e-02
6.929192919291929229e+02,6.345401205760035879e+01,8.813358305766515188e-02
6.930693069306930738e+02,6.336585494034519428e+01,9.068615607965939407e-02
6.932193219321932247e+02,6.326511756623143867e+01,9.331222429475204139e-02
6.933693369336933756e+02,6.315495353429902536e+01,9.601385204731748002e-02
6.935193519351935265e+02,6.304020883613343074e+01,9.879314657121054943e-02
6.936693669366936774e+02,6.292742185586568837e+01,1.016522579897665424e-01
6.938193819381938283e+02,6.282482337017237484e+01,1.045933793158012048e-01
6.939693969396939792e+02,6.274233654827560258e+01,1.076187464516107223e-01
6.941194119411941301e+02,6.268171379586625847e+01,1.107307115771163919e-01
6.942694269426942810e+02,6.262268831660673385e+01,1.139318710999923379e-01
6.944194419441944319e+02,6.255782025443585326e+01,1.172248109199185429e-01
6.945694569456945828e+02,6.248240352711346901e+01,1.206121640217281132e-01
6.947194719471947337e+02,6.239384416712556458e+01,1.240966147594847885e-01
6.948694869486948846e+02,6.229166032168431855e+01,1.276808988564829273e-01
6.950195019501950355e+02,6.217748225272806195e+01,1.313678034052475352e-01
6.951695169516951864e+02,6.205505233692127831e+01,1.351601668675342649e-01
6.953195319531953373e+02,6.193022506565462493e+01,1.390608790743293466e-01
6.954695469546954882e+02,6.181096704504491868e+01,1.430728812258496851e-01
6.956195619561956391e+02,6.170625643068364496e+01,1.471991783351802585e-01
6.957695769576957900e+02,6.160592275298577647e+01,1.514430703221762153e-01
6.959195919591959409e+02,6.150207680528531995e+01,1.558079210653484092e-01
6.960696069606960918e+02,6.139246477106004818e+01,1.602971229151195776e-01
6.962196219621962427e+02,6.127567449661185606e+01,1.649141506579110683e-01
6.963696369636963937e+02,6.115113549106676061e+01,1.696625615161429512e-01
6.965196519651965446e+02,6.101911892637489387e+01,1.745459951482338512e-01
6.966696669666966955e+02,6.088073763731051713e+01,1.795681736486010593e-01
6.968196819681968464e+02,6.073794612147200667e+01,1.847329015476605885e-01
6.969696969696969973e+02,6.059354053928185380e+01,1.900440658118269233e-01
6.971197119711971482e+02,6.045115871398669327e+01,1.955056358435134090e-01
6.972697269726972991e+02,6.031175496446919482e+01,2.011217332620428844e-01
6.974197419741974500e+02,6.016994794261695745e+01,2.068966899323764208e-01
6.975697569756976009e+02,6.002439180387742113e+01,2.128348602625679820e-01
6.977197719771977518e+02,5.987415550072648784e+01,2.189407117644315837e-01
6.978697869786979027e+02,5.971858425260510472e+01,2.252188280019835620e-01
6.980198019801980536e+02,5.955729954591926401e+01,2.316739085914427121e-01
6.981698169816982045e+02,5.939019913404001016e+01,2.383107692012301770e-01
6.983198319831983554e+02,5.921745703730343280e+01,2.451343415519694480e-01
6.984698469846985063e+02,5.903952354301065242e+01,2.521496734164864195e-01
6.986198619861986572e+02,5.885712520542785597e+01,2.593619286198094454e-01
6.987698769876988081e+02,5.867126484578627554e+01,2.667763870391690051e-01
6.989198919891989590e+02,5.848322155228217412e+01,2.743984446039983149e-01
6.990699069906991099e+02,5.829455068007687402e+01,2.822336132959326616e-01
6.992199219921992608e+02,5.810294491217414503e+01,2.902877230334169889e-01
6.993699369936994117e+02,5.790246482095696479e+01,2.985668684165904141e-01
6.995199519951995626e+02,5.769512202939534973e+01,3.070768706622086786e-01
6.996699669966997135e+02,5.748280668579665331e+01,3.158237150551305716e-01
6.998199819981998644e+02,5.726706263539610120e+01,3.248135624519625786e-01
6.999699969997000153e+02,5.704908742035676283e+01,3.340527492810586585e-01
7.001200120012001662e+02,5.682973227976957986e+01,3.435477875425205219e-01
7.002700270027003171e+02,5.660950214965333771e+01,3.533053648081973530e-01
7.004200420042004680e+02,5.638855566295466559e+01,3.633323442216860322e-01
7.005700570057006189e+02,5.616670514954807203e+01,3.736357644983310244e-01
7.007200720072007698e+02,5.594341663623589511e+01,3.842228399252243798e-01
7.008700870087009207e+02,5.571780984674834514e+01,3.951009603612056775e-01
7.010201020102009579e+02,5.548865820174366092e+01,4.062776912368536442e-01
7.011701170117011088e+02,5.525438881880739928e+01,4.177607735545201262e-01
7.013201320132012597e+02,5.501308251245351499e+01,4.295581238882791864e-01
7.014701470147014106e+02,5.476247379412361482e+01,4.416778343839610210e-01
7.016201620162015615e+02,5.449995087218719902e+01,4.541281727591429673e-01
7.017701770177017124e+02,5.422298401124083256e+01,4.669176325527816251e-01
7.019201920192018633e+02,5.393443967300080999e+01,4.800549167386375382e-01
7.020702070207020142e+02,5.363956914004772614e+01,4.935482839795336529e-01
7.022202220222021651e+02,5.334242985952906935e+01,5.074061812183989773e-01
7.023702370237023160e+02,5.304596538415458440e+01,5.216373380721023301e-01
7.025202520252024669e+02,5.275200537219627250e+01,5.362507668314526743e-01
7.026702670267026178e+02,5.246126558748839130e+01,5.512557624611990059e-01
7.028202820282027687e+02,5.217334789942746909e+01,5.666619026000301318e-01
7.029702970297029196e+02,5.188674028297227636e+01,5.824790475605746698e-01
7.031203120312030705e+02,5.159881681864384007e+01,5.987173403294017149e-01
7.032703270327032214e+02,5.130583769252547199e+01,6.153872065670200620e-01
7.034203420342033724e+02,5.100294919626270485e+01,6.324993546078782058e-01
7.035703570357035233e+02,5.068418372706335617e+01,6.500647754603650075e-01
7.037203720372036742e+02,5.034669716491328018e+01,6.680945680019355626e-01
7.038703870387038251e+02,5.000010474312842490e+01,6.865990330331205316e-01
7.040204020402039760e+02,4.964899907941001800e+01,7.055884285768548869e-01
7.041704170417041269e+02,4.929659911534393757e+01,7.250733346232925980e-01
7.043204320432042778e+02,4.894517680008632254e+01,7.450646486663660140e-01
7.044704470447044287e+02,4.859605709036356558e+01,7.655735857037857528e-01
7.046204620462045796e+02,4.824961795047227753e+01,7.866116782370409233e-01
7.047704770477047305e+02,4.790529035227935140e+01,8.081907762713993471e-01
7.049204920492048814e+02,4.756155827522189838e+01,8.303230473159066705e-01
7.050705070507050323e+02,4.721595870630729053e+01,8.530209763833871417e-01
7.052205220522051832e+02,4.686508164011313937e+01,8.762973659904439439e-01
7.053705370537053341e+02,4.650457007878731730e+01,9.001653361574577517e-01
7.055205520552054850e+02,4.612914202173136857e+01,9.246383230725474522e-01
7.056705670567056359e+02,4.574098487786424272e+01,9.497292505075887181e-01
7.058205820582057868e+02,4.534724264280082195e+01,9.754498665659531165e-01
7.059705970597059377e+02,4.495086538542790322e+01,1.001812168334403674e+00
7.061206120612060886e+02,4.455410333447527194e+01,1.028828436882277098e+00
7.062706270627062395e+02,4.415850687851569489e+01,1.056511237261482661e+00
7.064206420642063904e+02,4.376492656596493447e+01,1.084873418506502762e+00
7.065706570657065413e+02,4.337351310508173441e+01,1.113928113634393258e+00
7.067206720672066922e+02,4.298371736396784115e+01,1.143688739644783015e+00
7.068706870687068431e+02,4.259429037056796830e+01,1.174168997519873470e+00
7.070207020702069940e+02,4.220328331266983923e+01,1.205382872224439961e+00
7.071707170717071449e+02,4.180804753790415162e+01,1.237344632705829950e+00
7.073207320732072958e+02,4.140523455374460582e+01,1.270068831893965022e+00
7.074707470747074467e+02,4.099120602022532722e+01,1.303570252994777690e+00
7.076207620762075976e+02,4.056986605270527235e+01,1.337862237702626578e+00
7.077707770777077485e+02,4.014536031041806297e+01,1.372956779701846486e+00
7.079207920792078994e+02,3.971978649313911092e+01,1.408866032010427594e+00
7.080708070807080503e+02,3.929475730295430935e+01,1.445602283357975137e+00
7.082208220822082012e+02,3.887140044426001140e+01,1.483177958185708745e+00
7.083708370837083521e+02,3.845035862376305147e+01,1.521605616646462655e+00
7.085208520852085030e+02,3.803178955048073107e+01,1.560897954604686166e+00
7.086708670867086539e+02,3.761536593574082588e+01,1.601067803636443188e+00
7.088208820882088048e+02,3.720027549318158577e+01,1.642128131029412241e+00
7.089708970897089557e+02,3.678522093875172772e+01,1.684092039782886907e+00
7.091209120912091066e+02,3.636841999071044285e+01,1.726972768607774933e+00
7.092709270927092575e+02,3.594760536962738229e+01,1.770783691926599124e+00
7.094209420942094084e+02,3.552003700330035940e+01,1.815538316698808829e+00
7.095709570957095593e+02,3.508712139798867469e+01,1.861248500324025112e+00
7.097209720972097102e+02,3.465270668134775178e+01,1.907923304139396814e+00
7.098709870987098611e+02,3.421826777714475298e+01,1.955571667134542890e+00
7.100210021002100120e+02,3.378498433085843544e+01,2.004202296233902114e+00
7.101710171017101629e+02,3.335374070967911564e+01,2.053823666296731520e+00
7.103210321032103138e+02,3.292512600250869781e+01,2.104444020117107517e+00
7.104710471047104647e+02,3.249943401996067394e+01,2.156071368423926327e+00
7.106210621062106156e+02,3.207666329436008823e+01,2.208713489880902436e+00
7.107710771077107665e+02,3.165651707974358686e+01,2.262377931086569927e+00
7.109210921092109174e+02,3.123840335185937889e+01,2.317072006574282028e+00
7.110711071107110683e+02,3.082143480816726111e+01,2.372802798812209790e+00
7.112211221122112192e+02,3.040442886783860033e+01,2.429577158203345189e+00
7.113711371137113701e+02,2.998590767175634397e+01,2.487401703085498905e+00
7.115211521152115210e+02,2.956410159635092327e+01,2.546282817271423138e+00
7.116711671167116720e+02,2.914011617372240792e+01,2.606223888695541557e+00
7.118211821182118229e+02,2.871661788480666999e+01,2.667224537149722519e+00
7.119711971197119738e+02,2.829438618701485453e+01,2.729284216659198403e+00
7.121212121212121247e+02,2.787405853864224881e+01,2.792401412617635970e+00
7.122712271227122756e+02,2.745613039886827522e+01,2.856573641787136797e+00
7.124212421242124265e+02,2.704095522775649130e+01,2.921797452298234177e+00
7.125712571257125774e+02,2.662874448625459323e+01,2.988068423649897110e+00
7.127212721272127283e+02,2.621956763619440522e+01,3.055381166709526752e+00
7.128712871287128792e+02,2.581335214029190794e+01,3.123729323712959527e+00
7.130213021302130301e+02,2.540988346214719940e+01,3.193105568264464011e+00
7.131713171317131810e+02,2.500880506624451982e+01,3.263501605336743605e+00
7.133213321332133319e+02,2.460961841795225169e+01,3.334908171270935640e+00
7.134713471347134828e+02,2.421168298352290904e+01,3.407315033776610491e+00
7.136213621362136337e+02,2.381421623009314104e+01,3.480710991931772913e+00
7.137713771377137846e+02,2.341629362568374262e+01,3.555083876182860703e+00
7.139213921392139355e+02,2.301771106030532010e+01,3.630418319935720284e+00
7.140714071407140864e+02,2.262052171455063032e+01,3.706691853548830462e+00
7.142214221422142373e+02,2.222509850155916311e+01,3.783884348321448154e+00
7.143714371437143882e+02,2.183163112098422332e+01,3.861973613614052336e+00
7.145214521452145391e+02,2.144026764045863231e+01,3.940935019612035628e+00
7.146714671467146900e+02,2.105111449559472803e+01,4.020741497325706071e+00
7.148214821482148409e+02,2.066423648998436491e+01,4.101363538590285351e+00
7.149714971497149918e+02,2.027965679519891395e+01,4.182769196065908801e+00
7.151215121512151427e+02,1.989735695078926625e+01,4.264924083237628949e+00
7.152715271527152936e+02,1.951727686428583297e+01,4.347791374415409749e+00
7.154215421542154445e+02,1.913931481119853117e+01,4.431331804734129243e+00
7.155715571557155954e+02,1.876332743501680156e+01,4.515503670153582227e+00
7.157215721572157463e+02,1.838912974720960847e+01,4.600262827458474924e+00
7.158715871587158972e+02,1.801649512722542568e+01,4.685562694258432082e+00
7.160216021602160481e+02,1.764515532249224705e+01,4.771354248987988100e+00
7.161716171617161990e+02,1.727480044841757945e+01,4.857586030906593244e+00
7.163216321632163499e+02,1.690507898838845335e+01,4.944204140098613642e+00
7.164716471647165008e+02,1.653559779377141581e+01,5.031152237473328626e+00
7.166216621662166517e+02,1.616641872850819794e+01,5.118324645218287117e+00
7.167716771677168026e+02,1.579843059147285267e+01,5.205581027214606138e+00
7.169216921692169535e+02,1.543158023902473275e+01,5.292903820783676494e+00
7.170717071707171044e+02,1.506576612972846263e+01,5.380266453311352670e+00
7.172217221722172553e+02,1.470088240124245971e+01,5.467628247136056885e+00
7.173717371737174062e+02,1.433681887031893254e+01,5.554934419548782643e+00
7.175217521752175571e+02,1.397346103280389151e+01,5.642116082793092957e+00
7.176717671767177080e+02,1.361069006363712930e+01,5.729090244065121240e+00
7.178217821782178589e+02,1.324838281685224572e+01,5.815759805513568637e+00
7.179717971797180098e+02,1.288641182557662113e+01,5.902013564239707577e+00
7.181218121812181607e+02,1.252464530203143944e+01,5.987726212297380002e+00
7.182718271827183116e+02,1.216294713753167400e+01,6.072758336692999137e+00
7.184218421842184625e+02,1.180117690248609108e+01,6.156956419385545942e+00
7.185718571857186134e+02,1.143918984639725522e+01,6.240152837286570886e+00
7.187218721872187643e+02,1.107683689786151859e+01,6.322165862260195723e+00
7.188718871887189152e+02,1.071396466456903340e+01,6.402799661123112607e+00
7.190219021902190661e+02,1.035041543330374125e+01,6.481844295644582310e+00
7.191719171917192170e+02,9.986027169943382020e+00,6.559075722546434228e+00
7.193219321932193679e+02,9.620633519459483196e+00,6.634255793503069931e+00
7.194719471947195188e+02,9.254063805917372321e+00,6.707132255141459609e+00
7.196219621962196697e+02,8.886143032476164549e+00,6.777438749041142074e+00
7.197719771977198207e+02,8.516691881388773311e+00,6.844894811734230089e+00
7.199219921992199716e+02,8.145526714001904978e+00,6.909205874705401484e+00
7.200720072007200088e+02,7.772459570756344860e+00,6.970063264391860969e+00
7.202220222022201597e+02,7.397298171185816784e+00,7.027144202183520427e+00
7.203720372037203106e+02,7.019845919543758583e+00,7.080111752448000395e+00
7.205220522052204615e+02,6.639993186862824359e+00,7.127638788817069582e+00
7.206720672067206124e+02,6.257504714985559602e+00,7.169093355646009691e+00
7.208220822082207633e+02,5.872068561804964837e+00,7.204674767568401528e+00
7.209720972097209142e+02,5.483467831562105488e+00,7.233983384806505157e+00
7.211221122112210651e+02,5.091580674846116317e+00,7.256020613171262568e+00
7.212721272127212160e+02,4.696380288594198760e+00,7.269188904062295009e+00
7.214221422142213669e+02,4.297934916091620039e+00,7.271291754467904767e+00
7.215721572157215178e+02,3.896407846971714051e+00,7.259533706965075162e+00
7.217221722172216687e+02,3.492057417215884030e+00,7.230520349719471440e+00
7.218721872187218196e+02,3.085237009153595888e+00,7.180258316485435444e+00
7.220222022202219705e+02,2.676395051462390207e+00,7.104155286605993602e+00
7.221722172217221214e+02,2.266406998916526305e+00,6.995632170565272645e+00
7.223222322232222723e+02,1.857523538805238683e+00,6.843361664639014741e+00
7.224722472247224232e+02,1.453123494309551234e+00,6.628637620199018698e+00
7.226222622262225741e+02,1.059141901922281415e+00,6.315442271266752172e+00
7.227722772277227250e+02,6.856054401496167738e-01,5.837968458222907664e+00
7.229222922292228759e+02,3.533019286827539518e-01,5.027199510692802242e+00
7.230723072307230268e+02,1.080040918950408158e-01,3.349212496037391240e+00
7.232223222322231777e+02,1.851302370960071497e-02,3.701087254263983883e-01
7.233723372337233286e+02,1.828129001678167193e-02,2.665248203789488592e-03
7.235223522352234795e+02,2.454119972533851113e-02,5.301036202079407534e-05
7.236723672367236304e+02,3.302307414943995295e-02,2.970445695482778526e-06
7.238223822382237813e+02,4.443651201946247076e-02,3.570465764298493201e-07
7.239723972397239322e+02,5.979114913031050027e-02,9.894370412678987443e-08
7.241224122412240831e+02,8.044572641249711498e-02,2.374615370540719103e-08
7.242724272427242340e+02,1.082217491327233383e-01,2.063913303609081303e-08
7.244224422442243849e+02,1.455820696824270122e-01,1.298902467239961767e-08
7.245724572457245358e+02,1.957491890403544876e-01,7.804782081648976041e-09
7.247224722472246867e+02,2.631243422208819904e-01,6.290810411427102119e-09
7.248724872487248376e+02,3.537119700383322685e-01,5.980785572882513397e-09
7.250225022502249885e+02,4.752272695035822947e-01,5.224128645737725055e-09
7.251725172517251394e+02,6.378397502178125844e-01,4.613929887753945870e-09
7.253225322532252903e+02,8.552089541611238577e-01,4.248675548950627593e-09
7.254725472547254412e+02,1.145935641861226983e+00,4.032220754230489708e-09
7.256225622562255921e+02,1.533696673652354292e+00,3.904131532202550187e-09
7.257725772577257430e+02,2.046949571892746622e+00,3.837005276954083825e-09
7.259225922592258939e+02,2.723699168103492774e+00,3.815182708236772633e-09
7.260726072607260448e+02,3.614825188987595084e+00,3.827818090089477464e-09
7.262226222622261957e+02,4.777570426346036569e+00,3.866410172464701498e-09
7.263726372637263466e+02,6.275190218797559893e+00,3.924381372591812199e-09
7.265226522652264975e+02,8.173753050775706797e+00,3.997077200224835085e-09
7.266726672667266484e+02,1.053472778238953289e+01,4.081719173768890540e-09
7.268226822682267994e+02,1.344067039098315064e+01,4.176560217869038034e-09
7.269726972697269503e+02,1.692230953577858799e+01,4.280131549922608839e-09
7.271227122712271012e+02,2.094731837767864846e+01,4.391199970308617742e-09
7.272727272727272521e+02,2.542031457926691473e+01,4.508767862387766350e-09
7.274227422742274030e+02,3.019683521580941488e+01,4.632134889378840172e-09
7.275727572757275539e+02,3.509124499687973753e+01,4.761000302331136095e-09
7.277227722772277048e+02,3.988193173943994907e+01,4.895096636112270669e-09
7.278727872787278557e+02,4.438748030529124833e+01,5.034220677811123909e-09
7.280228022802280066e+02,4.846960459442185964e+01,5.178240380398725183e-09
7.281728172817281575e+02,5.203314754500701156e+01,5.327094862728249897e-09
7.283228322832283084e+02,5.502958308355041339e+01,5.480789337574396674e-09
7.284728472847284593e+02,5.748947751087391111e+01,5.639343328852834323e-09
7.286228622862286102e+02,5.946557662270745936e+01,5.802816638866361740e-09
7.287728772877287611e+02,6.101911846099907422e+01,5.971284604816774346e-09
7.289228922892289120e+02,6.222433964024900632e+01,6.144829374321133258e-09
7.290729072907290629e+02,6.315750240209142419e+01,6.323554049669319862e-09
7.292229222922292138e+02,6.386867429102270677e+01,6.507590753069545342e-09
7.293729372937293647e+02,6.440204861346303744e+01,6.697074247555964211e-09
7.295229522952295156e+02,6.480170771360175763e+01,6.892140115684375675e-09
7.296729672967296665e+02,6.511071214833741294e+01,7.092928317333890378e-09
7.298229822982298174e+02,6.534834464693435052e+01,7.299601541078885610e-09
7.299729972997299683e+02,6.552087104091172876e+01,7.512331447584732180e-09
7.301230123012301192e+02,6.563951287667498491e+01,7.731290359040982139e-09
7.302730273027302701e+02,6.572062833518691605e+01,7.956651246386544426e-09
7.304230423042304210e+02,6.578566233790374440e+01,8.188587769010382148e-09
7.305730573057305719e+02,6.584415997043616642e+01,8.427287086124656167e-09
7.307230723072307228e+02,6.588975062662512983e+01,8.672951895153188663e-09
7.308730873087308737e+02,6.592153464588798784e+01,8.925786252676386393e-09
7.310231023102310246e+02,6.594072041296421105e+01,9.185998891777801531e-09
7.311731173117311755e+02,6.595062435791530220e+01,9.453803222044125048e-09
7.313231323132313264e+02,6.595667095612486719e+01,9.729417329565190018e-09
7.314731473147314773e+02,6.596598849830867550e+01,1.001306431275568989e-08
7.316231623162316282e+02,6.597791667139676974e+01,1.030497938262710810e-08
7.317731773177317791e+02,6.598860464032721040e+01,1.060540567899826636e-08
7.319231923192319300e+02,6.599619825808562723e+01,1.091459223957817149e-08
7.320732073207320809e+02,6.599975185641937969e+01,1.123279518851243789e-08
7.322232223222322318e+02,6.599922824583755698e+01,1.156027773638328758e-08
7.323732373237323827e+02,6.599549871561093539e+01,1.189731018020955185e-08
7.325232523252325336e+02,6.599034303377204935e+01,1.224416990344666794e-08
7.326732673267326845e+02,6.598644944711513460e+01,1.260114137598668068e-08
7.328232823282328354e+02,6.598740064211555989e+01,1.296851619283563965e-08
7.329732973297329863e+02,6.599436069052157450e+01,1.334659827775087440e-08
7.331233123312331372e+02,6.600387595483364578e+01,1.373570193827162927e-08
7.332733273327332881e+02,6.601306169502238674e+01,1.413614909409340388e-08
7.334233423342334390e+02,6.601976943150540933e+01,1.454827154508998692e-08
7.335733573357335899e+02,6.602258694514722492e+01,1.497241097131345443e-08
7.337233723372337408e+02,6.602083827725935805e+01,1.540891893299417809e-08
7.338733873387338917e+02,6.601458372960023269e+01,1.585815687054081035e-08
7.340234023402340426e+02,6.600461986437527173e+01,1.632049610454030261e-08
7.341734173417341935e+02,6.599247950423682596e+01,1.679631783575788535e-08
7.343234323432343444e+02,6.598043173228421665e+01,1.728601314513709133e-08
7.344734473447344953e+02,6.597148189206370716e+01,1.778998299379973242e-08
7.346234623462346462e+02,6.596937158756853137e+01,1.830863822304591279e-08
7.347734773477347971e+02,6.597798181818252772e+01,1.884240109497484938e-08
7.349234923492349481e+02,6.599451871601345943e+01,1.939171672131762549e-08
7.350735073507350990e+02,6.601275815310788175e+01,1.995704473893549796e-08
7.352235223522352499e+02,6.602790894669534794e+01,2.053885717053301115e-08
7.353735373537354008e+02,6.603664561253722809e+01,2.113763895474670346e-08
7.355235523552355517e+02,6.603710836492678027e+01,2.175388794614513714e-08
7.356735673567357026e+02,6.602890311668913625e+01,2.238811491522887179e-08
7.358235823582358535e+02,6.601310147918124471e+01,2.304084354843046771e-08
7.359735973597360044e+02,6.599224076229197067e+01,2.371261044811450239e-08
7.361236123612361553e+02,6.597032397444198182e+01,2.440396513257755400e-08
7.362736273627363062e+02,6.595281982258384801e+01,2.511547003604821131e-08
7.364236423642364571e+02,6.594666271220198439e+01,2.584770050868706376e-08
7.365736573657366080e+02,6.595954339593941995e+01,2.660124605740350235e-08
7.367236723672367589e+02,6.598787391681428005e+01,2.737673256083080931e-08
7.368736873687369098e+02,6.602033128547967067e+01,2.817481930892996674e-08
7.370237023702370607e+02,6.604808111181581864e+01,2.899618157653135941e-08
7.371737173717372116e+02,6.606490785266929322e+01,2.984151034801071870e-08
7.373237323732373625e+02,6.606721481185311973e+01,3.071151231728908631e-08
7.374737473747375134e+02,6.605402414014665169e+01,3.160690988783285723e-08
7.376237623762376643e+02,6.602697683529568451e+01,3.252844117265375325e-08
7.377737773777378152e+02,6.599033274201237020e+01,3.347685999430882299e-08
7.379237923792379661e+02,6.595097055197530267e+01,3.445293588490046175e-08
7.380738073807381170e+02,6.591838780382941820e+01,3.545745408607637840e-08
7.382238223822382679e+02,6.590470088318606656e+01,3.649121554902963513e-08
7.383738373837384188e+02,6.592256201080270728e+01,3.755504161436033303e-08
7.385238523852385697e+02,6.595501886556350257e+01,3.864984522786503704e-08
7.386738673867387206e+02,6.598677019344239625e+01,3.977656706558602287e-08
7.388238823882388715e+02,6.601062749466356649e+01,4.093615743472429828e-08
7.389738973897390224e+02,6.602225845740356647e+01,4.212958745983446519e-08
7.391239123912391733e+02,6.602018695779126745e+01,4.335784908282475933e-08
7.392739273927393242e+02,6.600579305990792989e+01,4.462195506295701059e-08
7.394239423942393614e+02,6.598331301578716079e+01,4.592293897684567023e-08
7.395739573957395123e+02,6.595983926541487108e+01,4.726185521846176811e-08
7.397239723972396632e+02,6.594532043672937505e+01,4.863977899912702317e-08
7.398739873987398141e+02,6.595189218271727327e+01,5.005780853527050236e-08
7.400240024002399650e+02,6.597067064731000130e+01,5.151714101205879046e-08
7.401740174017401159e+02,6.598960737807539090e+01,5.301901769817966052e-08
7.403240324032402668e+02,6.600433445129752386e+01,5.456469266327875820e-08
7.404740474047404177e+02,6.601214147587381831e+01,5.615545284384388217e-08
7.406240624062405686e+02,6.601197559331497189e+01,5.779261804320499078e-08
7.407740774077407195e+02,6.600444147774503278e+01,5.947754093153419540e-08
7.409240924092408704e+02,6.599180133590138553e+01,6.121160704584576043e-08
7.410741074107410213e+02,6.597797490713469415e+01,6.299623478999610993e-08
7.412241224122411722e+02,6.596853946340895902e+01,6.483287543468384083e-08
7.413741374137413231e+02,6.597068570927315534e+01,6.672301335776043457e-08
7.415241524152414740e+02,6.598409458213063772e+01,6.866821153397336931e-08
7.416741674167416249e+02,6.600069542982586768e+01,7.067010742996890713e-08
7.418241824182417758e+02,6.601567717688709536e+01,7.273037102122280679e-08
7.419741974197419268e+02,6.602561528482451081e+01,7.485071872946961398e-08
7.421242124212420777e+02,6.602847175213027242e+01,7.703291342270267453e-08
7.422742274227422286e+02,6.602359511427846428e+01,7.927876441517412116e-08
7.424242424242423795e+02,6.601172044372513881e+01,8.159012746739491324e-08
7.425742574257425304e+02,6.599496934990828834e+01,8.396890478613477057e-08
7.427242724272426813e+02,6.597684997924787353e+01,8.641704502442223954e-08
7.428742874287428322e+02,6.596225701514575235e+01,8.893654328154464025e-08
7.430243024302429831e+02,6.595747167798577948e+01,9.152944110304810617e-08
7.431743174317431340e+02,6.596955194967293323e+01,9.419783094378134123e-08
7.433243324332432849e+02,6.599593038724883343e+01,9.694392582856923405e-08
7.434743474347434358e+02,6.602640923572354836e+01,9.977005164826585236e-08
7.436243624362435867e+02,6.605279507936106143e+01,1.026785938669143806e-07
7.437743774377437376e+02,6.606922677266369703e+01,1.056719960726571828e-07
7.439243924392438885e+02,6.607217544037204959e+01,1.087527599777357364e-07
7.440744074407440394e+02,6.606044447746505455e+01,1.119234454184906453e-07
7.442244224422441903e+02,6.603516954915995996e+01,1.151866703553616666e-07
7.443744374437443412e+02,6.599981859091229808e+01,1.185451108728877238e-07
7.445244524452444921e+02,6.596019180841594221e+01,1.220015011797068270e-07
7.446744674467446430e+02,6.592442167760306404e+01,1.255586336085561530e-07
7.448244824482447939e+02,6.590297294464411948e+01,1.292193586162719917e-07
7.449744974497449448e+02,6.590864262594790546e+01,1.329865847837898391e-07
7.451245124512450957e+02,6.593902311222755941e+01,1.368634251978838694e-07
7.452745274527452466e+02,6.597182167668836428e+01,1.408532624846579007e-07
7.454245424542453975e+02,6.599898917462766690e+01,1.449594683093288602e-07
7.455745574557455484e+02,6.601534599532899961e+01,1.491854887165995536e-07
7.457245724572456993e+02,6.601852701137983104e+01,1.535348445713446552e-07
7.458745874587458502e+02,6.600898157867160876e+01,1.580111315586107609e-07
7.460246024602460011e+02,6.598997353639971664e+01,1.626180201836163617e-07
7.461746174617461520e+02,6.596758120706351747e+01,1.673592557717518702e-07
7.463246324632463029e+02,6.595069739646628193e+01,1.722386584685796205e-07
7.464746474647464538e+02,6.595102939371527384e+01,1.772601232398337890e-07
7.466246624662466047e+02,6.596752277827593502e+01,1.824278031415875633e-07
7.467746774677467556e+02,6.598502978225462812e+01,1.877461303021610451e-07
7.469246924692469065e+02,6.599937858025406001e+01,1.932195398986669650e-07
7.470747074707470574e+02,6.600789442659736039e+01,1.988525864609465363e-07
7.472247224722472083e+02,6.600939004201612192e+01,2.046499439854780484e-07
7.473747374737473592e+02,6.600416561365042867e+01,2.106164059353768672e-07
7.475247524752475101e+02,6.599400879504882766e+01,2.167568852403955404e-07
7.476747674767476610e+02,6.598219470616834315e+01,2.230764142969236656e-07
7.478247824782478119e+02,6.597348593337443390e+01,2.295801449679879961e-07
7.479747974797479628e+02,6.597413242214804541e+01,2.362733485856076689e-07
7.481248124812481137e+02,6.598546385912671042e+01,2.431615373304619950e-07
7.482748274827482646e+02,6.600036014507166726e+01,2.502504992089696102e-07
7.484248424842484155e+02,6.601431765130695339e+01,2.575461378207199642e-07
7.485748574857485664e+02,6.602406899741720281e+01,2.650545251113912490e-07
7.487248724872487173e+02,6.602758305124756077e+01,2.727819013727504525e-07
7.488748874887488682e+02,6.602406492890371226e+01,2.807346752426534107e-07
7.490249024902490191e+02,6.601395599475192455e+01,2.889194237050444905e-07
7.491749174917491700e+02,6.599893386141897622e+01,2.973428920899570660e-07
7.493249324932493209e+02,6.598191238979218554e+01,3.060119940735131480e-07
7.494749474947494718e+02,6.596704168901945309e+01,3.149338116779234370e-07
7.496249624962496227e+02,6.595970811650920496e+01,3.241155952714876405e-07
7.497749774977497736e+02,6.596657856443198398e+01,3.335647633289872228e-07
7.499249924992499245e+02,6.599076483644643076e+01,3.432890285564084455e-07
7.500750075007500755e+02,6.602282996308636598e+01,3.532966086247747820e-07
7.502250225022502264e+02,6.605337096681131470e+01,3.635959732102510510e-07
7.503750375037503773e+02,6.607536700917630412e+01,3.741957989876015121e-07
7.505250525052505282e+02,6.608417939083183512e+01,3.851049696301901303e-07
7.506750675067506791e+02,6.607755155152389648e+01,3.963325758099801523e-07
7.508250825082508300e+02,6.605560907009396487e+01,4.078879151975345836e-07
7.509750975097509809e+02,6.602085966447903331e+01,4.197804924620158173e-07
7.511251125112511318e+02,6.597819319171154007e+01,4.320200192711857932e-07
7.512751275127512827e+02,6.593488164791943973e+01,4.446164142914060505e-07
7.514251425142514336e+02,6.590057916832616058e+01,4.575798031876375694e-07
7.515751575157515845e+02,6.588732202725063303e+01,4.709205186234407707e-07
7.517251725172517354e+02,6.590772565808178740e+01,4.846491529533991987e-07
7.518751875187518863e+02,6.594284924656062685e+01,4.987775441424820142e-07
7.520252025202520372e+02,6.597600281545734902e+01,5.133178776104842480e-07
7.521752175217521881e+02,6.600035544270616583e+01,5.282824099747867113e-07
7.523252325232523390e+02,6.601202030461999470e+01,5.436836608408130758e-07
7.524752475247524899e+02,6.601005467589038744e+01,5.595344128020290264e-07
7.526252625262526408e+02,6.599645992958757290e+01,5.758477114399426855e-07
7.527752775277527917e+02,6.597618153716045697e+01,5.926368653241049297e-07
7.529252925292529426e+02,6.595710906843663679e+01,6.099154460121087552e-07
7.530753075307530935e+02,6.595007619162235812e+01,6.276972880495898069e-07
7.532253225322532444e+02,6.596268664747699972e+01,6.459967504708750425e-07
7.533753375337533953e+02,6.597877085931499153e+01,6.648295868676743314e-07
7.535253525352535462e+02,6.599276145921864156e+01,6.842115484638899954e-07
7.536753675367536971e+02,6.600204756815745100e+01,7.041587502804391015e-07
7.538253825382538480e+02,6.600533394739140647e+01,7.246877418092380434e-07
7.539753975397539989e+02,6.600264099847092325e+01,7.458155070132036004e-07
7.541254125412541498e+02,6.599530476323683104e+01,7.675594643262523024e-07
7.542754275427543007e+02,6.598597692382038815e+01,7.899374666533006413e-07
7.544254425442544516e+02,6.597862480264330998e+01,8.129678013702650710e-07
7.545754575457546025e+02,6.597853136241774052e+01,8.366691903240622194e-07
7.547254725472547534e+02,6.598770605181830717e+01,8.610611286158962092e-07
7.548754875487549043e+02,6.600032072390696669e+01,8.861640578975435750e-07
7.550255025502550552e+02,6.601244649712106138e+01,9.119988320130167909e-07
7.551755175517552061e+02,6.602120227622387461e+01,9.385869165670125092e-07
7.553255325532553570e+02,6.602474824684358623e+01,9.659503895300633440e-07
7.554755475547555079e+02,6.602228587547335792e+01,9.941119412385379768e-07
7.556255625562556588e+02,6.601405790947126206e+01,1.023094874394641792e-06
7.557755775577558097e+02,6.600134837706029600e+01,1.052923104066415289e-06
7.559255925592559606e+02,6.598648258732839622e+01,1.083621157687735775e-06
7.560756075607561115e+02,6.597282713022842415e+01,1.115214175058316097e-06
7.562256225622562624e+02,6.596478987657819459e+01,1.147727908343706120e-06
7.563756375637564133e+02,6.596781377932791202e+01,1.181188722897069275e-06
7.565256525652565642e+02,6.598317878061256181e+01,1.215624134313963075e-06
7.566756675667567151e+02,6.600352214767268322e+01,1.251063102709715311e-06
7.568256825682568660e+02,6.602267603524835238e+01,1.287535307651662068e-06
7.569756975697570169e+02,6.603613711078158133e+01,1.325071228474291070e-06
7.571257125712571678e+02,6.604106655441627538e+01,1.363702144279242950e-06
7.572757275727573187e+02,6.603629005899819049e+01,1.403460133935309981e-06
7.574257425742574696e+02,6.602229783007503272e+01,1.444378076078437768e-06
7.575757575757576205e+02,6.600124458589637300e+01,1.486489649111723767e-06
7.577257725772577714e+02,6.597694955741367551e+01,1.529829331205417920e-06
7.578757875787579223e+02,6.595489648828032614e+01,1.574432400296922444e-06
7.580258025802580732e+02,6.594223363485156142e+01,1.620334934090792041e-06
7.581758175817582242e+02,6.594775614495317484e+01,1.667573811715756078e-06
7.583258325832583751e+02,6.597350871742155221e+01,1.716187618146143629e-06
7.584758475847584123e+02,6.600747331246408578e+01,1.766217711450957910e-06
7.586258625862585632e+02,6.603932635288495590e+01,1.817706587105553060e-06
7.587758775877587141e+02,6.606154317072196136e+01,1.870697709029586427e-06
7.589258925892588650e+02,6.606939800724661893e+01,1.925235509587170612e-06
7.590759075907590159e+02,6.606096401296407805e+01,1.981365389586833653e-06
7.592259225922591668e+02,6.603711324761323453e+01,2.039133718281522633e-06
7.593759375937593177e+02,6.600151668016660267e+01,2.098587833368600285e-06
7.595259525952594686e+02,6.596064418883041469e+01,2.159776040989846477e-06
7.596759675967596195e+02,6.592376456104457816e+01,2.222747615731459059e-06
7.598259825982597704e+02,6.590294549348267594e+01,2.287552800624051324e-06
7.599759975997599213e+02,6.591294492904795277e+01,2.354242820229983159e-06
7.601260126012600722e+02,6.595050383389474291e+01,2.422872714275326406e-06
7.602760276027602231e+02,6.599496917773173266e+01,2.493502155248251609e-06
7.604260426042603740e+02,6.603374465876852639e+01,2.566191659324705013e-06
7.605760576057605249e+02,6.605810864562893414e+01,2.641002880659811206e-06
7.607260726072606758e+02,6.606321417735107104e+01,2.717998611387873119e-06
7.608760876087608267e+02,6.604808896338727209e+01,2.797242781622372019e-06
7.610261026102609776e+02,6.601563538360416317e+01,2.878800459455966670e-06
7.611761176117611285e+02,6.597263048828263265e+01,2.962737850960495024e-06
7.613261326132612794e+02,6.592972599811777457e+01,3.049122300186972949e-06
7.614761476147614303e+02,6.590144830421900224e+01,3.138022289165593806e-06
7.616261626162615812e+02,6.590619677230941420e+01,3.229507438225261466e-06
7.617761776177617321e+02,6.593910565071114149e+01,3.323653816110153470e-06
7.619261926192618830e+02,6.597448434635781211e+01,3.420544210313480304e-06
7.620762076207620339e+02,6.600359787094899389e+01,3.520260692623649733e-06
7.622262226222621848e+02,6.602078346813603105e+01,3.622887083058040727e-06
7.623762376237623357e+02,6.602345061352210109e+01,3.728508949863003038e-06
7.625262526252624866e+02,6.601208101466221478e+01,3.837213609513858469e-06
7.626762676267626375e+02,6.599022861106315929e+01,3.949090126714900030e-06
7.628262826282627884e+02,6.596451957418356926e+01,4.064229314399392357e-06
7.629762976297629393e+02,6.594465230743391260e+01,4.182723733729570869e-06
7.631263126312630902e+02,6.594339744617644783e+01,4.304667694096643460e-06
7.632763276327632411e+02,6.596219073286475520e+01,4.430161293187514928e-06
7.634263426342633920e+02,6.598337243057291346e+01,4.559312823221489108e-06
7.635763576357635429e+02,6.600139495325289829e+01,4.692230429864315699e-06
7.637263726372636938e+02,6.601264065284355809e+01,4.829025024972945228e-06
7.638763876387638447e+02,6.601530650683963586e+01,4.969810318886738245e-06
7.640264026402639956e+02,6.600940411829185450e+01,5.114702820427461939e-06
7.641764176417641465e+02,6.599675971580683154e+01,5.263821836899293521e-06
7.643264326432642974e+02,6.598101415354717858e+01,5.417289474088818534e-06
7.644764476447644483e+02,6.596762291123137345e+01,5.575230636265031699e-06
7.646264626462645992e+02,6.596385609413390227e+01,5.737773026179334370e-06
7.647764776477647501e+02,6.597502626337708875e+01,5.905048744987600609e-06
7.649264926492649010e+02,6.599221185854395344e+01,6.077199176131736915e-06
7.650765076507650519e+02,6.600929916782281737e+01,6.254368370656811400e-06
7.652265226522652029e+02,6.602211625398014405e+01,6.436704148389371667e-06
7.653765376537653538e+02,6.602798802566118752e+01,6.624358305141220191e-06
7.655265526552655047e+02,6.602573623739003494e+01,6.817486612709413474e-06
7.656765676567656556e+02,6.601567948956962084e+01,7.016248818876264588e-06
7.658265826582658065e+02,6.599963322848167024e+01,7.220808647409340629e-06
7.659765976597659574e+02,6.598090974628678396e+01,7.431333798061463568e-06
7.661266126612661083e+02,6.596431818102433908e+01,7.647995946570709404e-06
7.662766276627662592e+02,6.595616451661258850e+01,7.870970744660412395e-06
7.664266426642664101e+02,6.596400162812717838e+01,8.100437971395421422e-06
7.665766576657665610e+02,6.598717925357223635e+01,8.336586943766506063e-06
7.667266726672667119e+02,6.601574808425918661e+01,8.579617477190537269e-06
7.668766876687668628e+02,6.604155698095129878e+01,8.829734578740073224e-06
7.670267026702670137e+02,6.605870521791591443e+01,9.087148324966000585e-06
7.671767176717671646e+02,6.606354248292447551e+01,9.352073861897529394e-06
7.673267326732673155e+02,6.605466887725253855e+01,9.624731405042198163e-06
7.674767476747674664e+02,6.603293491567974627e+01,9.905346239385863711e-06
7.676267626762676173e+02,6.600144152648981333e+01,1.019414871939271641e-05
7.677767776777677682e+02,6.596554005147059740e+01,1.049137426900526662e-05
7.679267926792679191e+02,6.593283224591399971e+01,1.079726338164435320e-05
7.680768076807680700e+02,6.591317027861603606e+01,1.111206162020913497e-05
7.682268226822682209e+02,6.591865673187683683e+01,1.143601961707710263e-05
7.683768376837683718e+02,6.594682553672085135e+01,1.176940523545104415e-05
7.685268526852685227e+02,6.597788782309918076e+01,1.211250762372097145e-05
7.686768676867686736e+02,6.600392904155378915e+01,1.246561650780742609e-05
7.688268826882688245e+02,6.601973675497626459e+01,1.282902818321292520e-05
7.689768976897689754e+02,6.602278924388981807e+01,1.320304552293642394e-05
7.691269126912691263e+02,6.601325550644939710e+01,1.358797797747330869e-05
7.692769276927692772e+02,6.599399525844154368e+01,1.398414157481540379e-05
7.694269426942694281e+02,6.597055893328450793e+01,1.439185892045096486e-05
7.695769576957695790e+02,6.595118768202820547e+01,1.481145919736468378e-05
7.697269726972697299e+02,6.594681337335417481e+01,1.524327816603768536e-05
7.698769876987698808e+02,6.596245157808958481e+01,1.568766688704903602e-05
7.700270027002700317e+02,6.598170047101835678e+01,1.614500779124612871e-05
7.701770177017701826e+02,6.599872030539013679e+01,1.661568384930347769e-05
7.703270327032703335e+02,6.600998533164650439e+01,1.710008752145123300e-05
7.704770477047704844e+02,6.601361333152742361e+01,1.759862144256802200e-05
7.706270627062706353e+02,6.600936561807124292e+01,1.811169842218094249e-05
7.707770777077707862e+02,6.599864703561463841e+01,1.863974144446557294e-05
7.709270927092709371e+02,6.598450595979269906e+01,1.918318366824597247e-05
7.710771077107710880e+02,6.597163429753884145e+01,1.974246842699466391e-05
7.712271227122712389e+02,6.596636748708486664e+01,2.031804922883265749e-05
7.713771377137713898e+02,6.597488588032271650e+01,2.091039263525511045e-05
7.715271527152715407e+02,6.599089649896271226e+01,2.151999629654742375e-05
7.716771677167716916e+02,6.600789244761433849e+01,2.214737063101105695e-05
7.718271827182718425e+02,6.602150411590503154e+01,2.279303901324692121e-05
7.719771977197719934e+02,6.602879430726466126e+01,2.345753911816134379e-05
7.721272127212721443e+02,6.602825823892561630e+01,2.414142292096607828e-05
7.722772277227722952e+02,6.601982354192271885e+01,2.484525669717829440e-05
7.724272427242724461e+02,6.600485026109325304e+01,2.556962102262059496e-05
7.725772577257725970e+02,6.598613085507699338e+01,2.631511077342098539e-05
7.727272727272727479e+02,6.596789019631614792e+01,2.708233512601291432e-05
7.728772877287728988e+02,6.595578557105540085e+01,2.787191755713523640e-05
7.730273027302730497e+02,6.595690667934192675e+01,2.868449584383223256e-05
7.731773177317732006e+02,6.597651874675496231e+01,2.952072880361463812e-05
7.733273327332733516e+02,6.600662030863523455e+01,3.038132020238797009e-05
7.734773477347735025e+02,6.603726525360649191e+01,3.126699916173828625e-05
7.736273627362736534e+02,6.606093509081382820e+01,3.217851256584511701e-05
7.737773777377738043e+02,6.607253831306304903e+01,3.311662506539376490e-05
7.739273927392739552e+02,6.606941039682068606e+01,3.408211907757532493e-05
7.740774077407741061e+02,6.605131380221396853e+01,3.507579478608666758e-05
7.742274227422742570e+02,6.602043797303088013e+01,3.609847014113044567e-05
7.743774377437744079e+02,6.598139933672008794e+01,3.715098085941510105e-05
7.745274527452745588e+02,6.594124130439097087e+01,3.823418042415485110e-05
7.746774677467747097e+02,6.590943427081364803e+01,3.934894008506968871e-05
7.748274827482748606e+02,6.589787561441892194e+01,4.049614885838540262e-05
7.749774977497750115e+02,6.591820292757623179e+01,4.167672028018507008e-05
7.751275127512751624e+02,6.595142898002600873e+01,4.289167291876758961e-05
7.752775277527753133e+02,6.598298775321065079e+01,4.414204914053694112e-05
7.754275427542754642e+02,6.600607217983849750e+01,4.542890259504669682e-05
7.755775577557756151e+02,6.601673519057433737e+01,4.675330990861551855e-05
7.757275727572757660e+02,6.601388971403945050e+01,4.811637068432718487e-05
7.758775877587759169e+02,6.599930867681153757e+01,4.951920750203058429e-05
7.760276027602760678e+02,6.597762500342477665e+01,5.096296591833972885e-05
7.761776177617762187e+02,6.595633161636979480e+01,5.244881446663370662e-05
7.763276327632763696e+02,6.594578143609366805e+01,5.397794465705674954e-05
7.764776477647765205e+02,6.595628265075930585e+01,5.555158154412264884e-05
7.766276627662766714e+02,6.597389473322425602e+01,5.717107183338413569e-05
7.767776777677768223e+02,6.599031388011034949e+01,5.883777964826031868e-05
7.769276927692769732e+02,6.600209450363553287e+01,6.055309354148189383e-05
7.770777077707771241e+02,6.600728079473603316e+01,6.231843897194174516e-05
7.772277227722772750e+02,6.600540672306642875e+01,6.413527830469495828e-05
7.773777377737774259e+02,6.599749603699966372e+01,6.600511081095878643e-05
7.775277527752775768e+02,6.598606226362697669e+01,6.792947266811267767e-05
7.776777677767777277e+02,6.597510870875795774e+01,6.990993695969827484e-05
7.778277827782777649e+02,6.597012845692051997e+01,7.194811367541784346e-05
7.779777977797779158e+02,6.597681377557489668e+01,7.404565768526322439e-05
7.781278127812780667e+02,6.599036240163347600e+01,7.620432616047729277e-05
7.782778277827782176e+02,6.600504945431463000e+01,7.842592174143652253e-05
7.784278427842783685e+02,6.601703155895343400e+01,8.071229384646099391e-05
7.785778577857785194e+02,6.602368982948983955e+01,8.306534395952368298e-05
7.787278727872786703e+02,6.602362986846884496e+01,8.548702563025047520e-05
7.788778877887788212e+02,6.601668176704036739e+01,8.797934447392020605e-05
7.790279027902789721e+02,6.600390010495929971e+01,9.054435817146457976e-05
7.791779177917791230e+02,6.598756395058548208e+01,9.318417646946822348e-05
7.793279327932792739e+02,6.597117686088377297e+01,9.590096118016868732e-05
7.794779477947794248e+02,6.595946688142392134e+01,9.869692618145643075e-05
7.796279627962795757e+02,6.595838654638069443e+01,1.015743374168747955e-04
7.797779777977797266e+02,6.597444084282147969e+01,1.045355198637837362e-04
7.799279927992798775e+02,6.600360708735814796e+01,1.075829397578669709e-04
7.800780078007800284e+02,6.603554463060581270e+01,1.107191797327763185e-04
7.802280228022801793e+02,6.606214277133777557e+01,1.139468872420505095e-04
7.803780378037803303e+02,6.607764627739078378e+01,1.172687738945213046e-04
7.805280528052804812e+02,6.607865538566504426e+01,1.206876154543135216e-04
7.806780678067806321e+02,6.606412580212416685e+01,1.242062518408450493e-04
7.808280828082807830e+02,6.603536870179524954e+01,1.278275871288267658e-04
7.809780978097809339e+02,6.599605072876876477e+01,1.315545895482626469e-04
7.811281128112810848e+02,6.595219399619870160e+01,1.353902914844497122e-04
7.812781278127812357e+02,6.591217608630242353e+01,1.393377894779780385e-04
7.814281428142813866e+02,6.588673005036076802e+01,1.434002442247306786e-04
7.815781578157815375e+02,6.588894440871801805e+01,1.475808805758838235e-04
7.817281728172816884e+02,6.592054121855504434e+01,1.518831141471155700e-04
7.818781878187818393e+02,6.595542506768846636e+01,1.563107304767817098e-04
7.820282028202819902e+02,6.598463672717494433e+01,1.608674806085488385e-04
7.821782178217821411e+02,6.600281413538992581e+01,1.655571911040698931e-04
7.823282328232822920e+02,6.600752548110406792e+01,1.703837699326365247e-04
7.824782478247824429e+02,6.599926920348320891e+01,1.753512064711793689e-04
7.826282628262825938e+02,6.598147399208833974e+01,1.804635715042678839e-04
7.827782778277827447e+02,6.596049878687567514e+01,1.857250172241104043e-04
7.829282928292828956e+02,6.594563277819659675e+01,1.911397772305541685e-04
7.830783078307830465e+02,6.594891010842482615e+01,1.967121689718742087e-04
7.832283228322831974e+02,6.596441719406139725e+01,2.024468642541530044e-04
7.833783378337833483e+02,6.597968531565663852e+01,2.083487464557359184e-04
7.835283528352834992e+02,6.599142943304718756e+01,2.144227262115077867e-04
7.836783678367836501e+02,6.599767807495346972e+01,2.206738484216114280e-04
7.838283828382838010e+02,6.599777333897974074e+01,2.271072922514474272e-04
7.839783978397839519e+02,6.599237089161402992e+01,2.337283711316743521e-04
7.841284128412841028e+02,6.598343996822816848e+01,2.405425327582085633e-04
7.842784278427842537e+02,6.597426337307780386e+01,2.475553590922243232e-04
7.844284428442844046e+02,6.596943747930234281e+01,2.547725663601537144e-04
7.845784578457845555e+02,6.597413338055375220e+01,2.622000235190644936e-04
7.847284728472847064e+02,6.598529925789594586e+01,2.698439310025271582e-04
7.848784878487848573e+02,6.599788423398953796e+01,2.777106575151911338e-04
7.850285028502850082e+02,6.600846012703304666e+01,2.858067387269325383e-04
7.851785178517851591e+02,6.601464095883530092e+01,2.941388994925966125e-04
7.853285328532853100e+02,6.601508295481554001e+01,3.027140538519974486e-04
7.854785478547854609e+02,6.600948454400332821e+01,3.115393050299180449e-04
7.856285628562856118e+02,6.599858635903859749e+01,3.206219454361104683e-04
7.857785778577857627e+02,6.598417123617163327e+01,3.299694566652955287e-04
7.859285928592859136e+02,6.596906421526310282e+01,3.395895094971632675e-04
7.860786078607860645e+02,6.595713253978402690e+01,3.494899638963724691e-04
7.862286228622862154e+02,6.595328565681575128e+01,3.596788690125509325e-04
7.863786378637863663e+02,6.596253326798586158e+01,3.701644957853400032e-04
7.865286528652865172e+02,6.598081890526887605e+01,3.809556014036069149e-04
7.866786678667866681e+02,6.600093155359711261e+01,3.920612419789375647e-04
7.868286828682868190e+02,6.601749343595635366e+01,4.034907083265235755e-04
7.869786978697869699e+02,6.602679218269742023e+01,4.152535382750351437e-04
7.871287128712871208e+02,6.602678083153611510e+01,4.273595166666210930e-04
7.872787278727872717e+02,6.601707782755332232e+01,4.398186753569085497e-04
7.874287428742874226e+02,6.599896702319492192e+01,4.526412932150032133e-04
7.875787578757875735e+02,6.597539767827184676e+01,4.658378961234893026e-04
7.877287728772877244e+02,6.595098445996003989e+01,4.794192569784295555e-04
7.878787878787878753e+02,6.593200744280049719e+01,4.933963956893651749e-04
7.880288028802880262e+02,6.592641210869923896e+01,5.077805791793158288e-04
7.881788178817881771e+02,6.594221775926052942e+01,5.225833719757543103e-04
7.883288328832883280e+02,6.597279832562193747e+01,5.378171587601395876e-04
7.884788478847884790e+02,6.600625314081550243e+01,5.534949162581713012e-04
7.886288628862886299e+02,6.603364087790933468e+01,5.696299181548518343e-04
7.887788778877887808e+02,6.604880810291587068e+01,5.862357375169074090e-04
7.889288928892889317e+02,6.604838927479192989e+01,6.033262467927885198e-04
7.890789078907890826e+02,6.603180674543867212e+01,6.209156178126699335e-04
7.892289228922892335e+02,6.600127075970164015e+01,6.390183217884503643e-04
7.893789378937893844e+02,6.596177945537068865e+01,6.576491293137526903e-04
7.895289528952895353e+02,6.592111886318006952e+01,6.768231103639241707e-04
7.896789678967896862e+02,6.588986290680838920e+01,6.965556342960359032e-04
7.898289828982898371e+02,6.588137340287859445e+01,7.168623698488833665e-04
7.899789978997899880e+02,6.590693781941068607e+01,7.377594802738988251e-04
7.901290129012901389e+02,6.594876161895082589e+01,7.592648895321214104e-04
7.902790279027902898e+02,6.599090409491694231e+01,7.813971538989807715e-04
7.904290429042904407e+02,6.602270454511530318e+01,8.041751359796654253e-04
7.905790579057905916e+02,6.603735107542611615e+01,8.276180507607532565e-04
7.907290729072907425e+02,6.603188059980357139e+01,8.517454656102118422e-04
7.908790879087908934e+02,6.600717884027578464e+01,8.765773002773981273e-04
7.910291029102910443e+02,6.596798032694485414e+01,9.021338268930584239e-04
7.911791179117911952e+02,6.592286839798680376e+01,9.284356699693288454e-04
7.913291329132913461e+02,6.588427519965161139e+01,9.555038063997347642e-04
7.914791479147914970e+02,6.586848168626320899e+01,9.833595654591910287e-04
7.916291629162916479e+02,6.589011741562960367e+01,1.012024955862898638e-03
7.917791779177917988e+02,6.592446441777060784e+01,1.041525035769512745e-03
7.919291929192919497e+02,6.595673943814146867e+01,1.071885131233462967e-03
7.920792079207921006e+02,6.597968441500499637e+01,1.103130855019925213e-03
7.922292229222922515e+02,6.598910064601037107e+01,1.135288359950021317e-03
7.923792379237924024e+02,6.598384878819311439e+01,1.168384338900819476e-03
7.925292529252925533e+02,6.596584885797510367e+01,1.202446024805334029e-03
7.926792679267927042e+02,6.594008023116460038e+01,1.237501190652525243e-03
7.928292829282928551e+02,6.591458164295617905e+01,1.273578149487299745e-03
7.929792979297930060e+02,6.590045118793082679e+01,1.310705754410510307e-03
7.931293129312931569e+02,6.590976631325507640e+01,1.348913578680654372e-03
7.932793279327933078e+02,6.592932470666109168e+01,1.388234210773052132e-03
7.934293429342934587e+02,6.594839029640687045e+01,1.428700973764385511e-03
7.935793579357936096e+02,6.596236548767834051e+01,1.470347676882524093e-03
7.937293729372937605e+02,6.596846572146162657e+01,1.513208992637800343e-03
7.938793879387939114e+02,6.596571947454303597e+01,1.557320456823009167e-03
7.940294029402940623e+02,6.595496825950910136e+01,1.602718468513409213e-03
7.941794179417942132e+02,6.593886662474653804e+01,1.649440290066720924e-03
7.943294329432943641e+02,6.592188215444225818e+01,1.697524047123127834e-03
7.944794479447945150e+02,6.591029546858338506e+01,1.747008728605276571e-03
7.946294629462946659e+02,6.591206582818314530e+01,1.797934204980040701e-03
7.947794779477948168e+02,6.592539809124716044e+01,1.850342699797521192e-03
7.949294929492949677e+02,6.594149725848258470e+01,1.904278373766170492e-03
7.950795079507951186e+02,6.595537901039962492e+01,1.959786234245704684e-03
7.952295229522952695e+02,6.596355257541226536e+01,2.016912514705794957e-03
7.953795379537954204e+02,6.596402072983829612e+01,2.075704674726069985e-03
7.955295529552955713e+02,6.595627979789937001e+01,2.136211399996112460e-03
7.956795679567957222e+02,6.594131965172088883e+01,2.198482602315462130e-03
7.958295829582958731e+02,6.592162371133210286e+01,2.262569419593614926e-03
7.959795979597960240e+02,6.590116894466605402e+01,2.328524215850021235e-03
7.961296129612961749e+02,6.588542586755961850e+01,2.396400581214088062e-03
7.962796279627963258e+02,6.588135854375344991e+01,2.466253331925179031e-03
7.964296429642964767e+02,6.589494278250593595e+01,2.538138955750963727e-03
7.965796579657966276e+02,6.591925266297717201e+01,2.612117724841298699e-03
7.967296729672967786e+02,6.594493058006348463e+01,2.688252114547145556e-03
7.968796879687968158e+02,6.596489707990279783e+01,2.766606151942224874e-03
7.970297029702969667e+02,6.597430240441251215e+01,2.847245427427320952e-03
7.971797179717971176e+02,6.597052649128927726e+01,2.930237094729925759e-03
7.973297329732972685e+02,6.595317897400913409e+01,3.015649870904473992e-03
7.974797479747974194e+02,6.592409918182748640e+01,3.103554036332284959e-03
7.976297629762975703e+02,6.588735613977908656e+01,3.194021434721564315e-03
7.977797779777977212e+02,6.584924856867804976e+01,3.287125473107400161e-03
7.979297929792978721e+02,6.581830488511783983e+01,3.382941121851767378e-03
7.980798079807980230e+02,6.580528320147129762e+01,3.481544914643523725e-03
7.982298229822981739e+02,6.582053569665488624e+01,3.583015527470220438e-03
7.983798379837983248e+02,6.584772926439482887e+01,3.687439875477973791e-03
7.985298529852984757e+02,6.587392221491482758e+01,3.794907042709961577e-03
7.986798679867986266e+02,6.589244312680712312e+01,3.905507385460007998e-03
7.988298829882987775e+02,6.589928104925866137e+01,4.019333286186453809e-03
7.989798979897989284e+02,6.589308550205109327e+01,4.136479153512158911e-03
7.991299129912990793e+02,6.587516647556073224e+01,4.257041422224496288e-03
7.992799279927992302e+02,6.584949443075861097e+01,4.381118553275359373e-03
7.994299429942993811e+02,6.582270029921045307e+01,4.508811033781156413e-03
7.995799579957995320e+02,6.580407548307668719e+01,4.640221377022813072e-03
7.997299729972996829e+02,6.580521097121420837e+01,4.775454236320124217e-03
7.998799879987998338e+02,6.581918472439686241e+01,4.914622973752205172e-03
8.000300030002999847e+02,6.583367252697767924e+01,5.057845829919960928e-03
8.001800180018001356e+02,6.584418536563509861e+01,5.205242170762032668e-03
8.003300330033002865e+02,6.584786654381471749e+01,5.356934488819207162e-03
8.004800480048004374e+02,6.584349168172924749e+01,5.513048403234417638e-03
8.006300630063005883e+02,6.583146871635854325e+01,5.673712659752743782e-03
8.007800780078007392e+02,6.581383790144960244e+01,5.839059130721412604e-03
8.009300930093008901e+02,6.579427180751652315e+01,6.009222815089797567e-03
8.010801080108010410e+02,6.577807532184056072e+01,6.184341838409415995e-03
8.012301230123011919e+02,6.577218564847008508e+01,6.364557452833935133e-03
8.013801380138013428e+02,6.577903145147011799e+01,6.550016999572368971e-03
8.015301530153014937e+02,6.579011182684543257e+01,6.740876532603835847e-03
8.016801680168016446e+02,6.580019101509597590e+01,6.937294969638263878e-03
8.018301830183017955e+02,6.580547594799905653e+01,7.139435601543435254e-03
8.019801980198019464e+02,6.580358751620821067e+01,7.347466107654307757e-03
8.021302130213020973e+02,6.579356056925318796e+01,7.561558555773015625e-03
8.022802280228022482e+02,6.577584391553995147e+01,7.781889402168873024e-03
8.024302430243023991e+02,6.575230032235067767e+01,8.008639491578369712e-03
8.025802580258025500e+02,6.572620651584379914e+01,8.241994057205175375e-03
8.027302730273027009e+02,6.570225318105391921e+01,8.482142720720134421e-03
8.028802880288028518e+02,6.568654496189188308e+01,8.729279492261272921e-03
8.030303030303030027e+02,6.568647061332860915e+01,8.983602853258134541e-03
8.031803180318031536e+02,6.570266850951686877e+01,9.245320848745819733e-03
8.033303330333033045e+02,6.572505989008270433e+01,9.514654290704673001e-03
8.034803480348034554e+02,6.574484319011813227e+01,9.791830040284957293e-03
8.036303630363036063e+02,6.575556359747284318e+01,1.007708040744545973e-02
8.037803780378037573e+02,6.575311305275425866e+01,1.037064315095349507e-02
8.039303930393039082e+02,6.573573024932743181e+01,1.067276147838490397e-02
8.040804080408040591e+02,6.570400063331513252e+01,1.098368404612405300e-02
8.042304230423042100e+02,6.566085640359781905e+01,1.130366495936383463e-02
8.043804380438043609e+02,6.561157651181362382e+01,1.163296377210566723e-02
8.045304530453045118e+02,6.556378666235836761e+01,1.197184548715949683e-02
8.046804680468046627e+02,6.552745931238557375e+01,1.232058055614379359e-02
8.048304830483048136e+02,6.551491367180643977e+01,1.267944487948555535e-02
8.049804980498049645e+02,6.553094896680551074e+01,1.304872769565239982e-02
8.051305130513051154e+02,6.555227134318334947e+01,1.342875011745491877e-02
8.052805280528052663e+02,6.556928320999794835e+01,1.381983287239010004e-02
8.054305430543054172e+02,6.557621568364452003e+01,1.422230288112314410e-02
8.055805580558055681e+02,6.557004977272244162e+01,1.463649407845092967e-02
8.057305730573057190e+02,6.555051637803524045e+01,1.506274741330201547e-02
8.058805880588058699e+02,6.552009629259062251e+01,1.550141084873663845e-02
8.060306030603060208e+02,6.548402020160044401e+01,1.595283936194671209e-02
8.061806180618061717e+02,6.545026868248071139e+01,1.641739494425582466e-02
8.063306330633063226e+02,6.542957220485163816e+01,1.689544660111924959e-02
8.064806480648064735e+02,6.542853541689710539e+01,1.738737825071978368e-02
8.066306630663066244e+02,6.543084336737899775e+01,1.789361063298118906e-02
8.067806780678067753e+02,6.543071126171642504e+01,1.841456451188820675e-02
8.069306930693069262e+02,6.542504203723306944e+01,1.895067040425682872e-02
8.070807080708070771e+02,6.541218394730174168e+01,1.950237001871378550e-02
8.072307230723072280e+02,6.539193056134443793e+01,2.007011625569654970e-02
8.073807380738073789e+02,6.536552076483233975e+01,2.065437320745333941e-02
8.075307530753075298e+02,6.533563875928581410e+01,2.125561615804311133e-02
8.076807680768076807e+02,6.530641406227435652e+01,2.187433158333555380e-02
8.078307830783078316e+02,6.528342150741667638e+01,2.251101715101111803e-02
8.079807980798079825e+02,6.527156255168307553e+01,2.316618570613045505e-02
8.081308130813081334e+02,6.526487740571749896e+01,2.384038220236298772e-02
8.082808280828082843e+02,6.525821120599682956e+01,2.453416352292028813e-02
8.084308430843084352e+02,6.524801601533384598e+01,2.524810125609055697e-02
8.085808580858085861e+02,6.523190064729821813e+01,2.598278271268866443e-02
8.087308730873087370e+02,6.520863066621659243e+01,2.673881092605613630e-02
8.088808880888088879e+02,6.517812838717257762e+01,2.751680465206118170e-02
8.090309030903090388e+02,6.514147287600671632e+01,2.831739836909865499e-02
8.091809180918091897e+02,6.510089994931647084e+01,2.914124227809009732e-02
8.093309330933093406e+02,6.505980217445628000e+01,2.998900230248369853e-02
8.094809480948094915e+02,6.502272886953754494e+01,3.086136008825432139e-02
8.096309630963096424e+02,6.499538610342855804e+01,3.175901300390349125e-02
8.097809780978097933e+02,6.498344019134945881e+01,3.268267708319886472e-02
8.099309930993099442e+02,6.498212302041154942e+01,3.363311245593819665e-02
8.100810081008100951e+02,6.498222580894424993e+01,3.461111248731376516e-02
8.102310231023102460e+02,6.497656205966869436e+01,3.561748996749323354e-02
8.103810381038103969e+02,6.496001808277873124e+01,3.665307700594478552e-02
8.105310531053105478e+02,6.492955299594085261e+01,3.771872503143713223e-02
8.106810681068106987e+02,6.488419872429422242e+01,3.881530479203949835e-02
8.108310831083108496e+02,6.482506000045064809e+01,3.994370635512162898e-02
8.109810981098110005e+02,6.475531436449462319e+01,4.110483910735378277e-02
8.111311131113111514e+02,6.468021216398332740e+01,4.229963175470674575e-02
8.112811281128113023e+02,6.460707655394656967e+01,4.352903232245183135e-02
8.114311431143114532e+02,6.454530349688683089e+01,4.479400815516083184e-02
8.115811581158116041e+02,6.450636176277927802e+01,4.609554591670611545e-02
8.117311731173117550e+02,6.449429992806716427e+01,4.743468015030837676e-02
8.118811881188119060e+02,6.448611487046288460e+01,4.881256098864467097e-02
8.120312031203120569e+02,6.447279619674837647e+01,5.023033451100072933e-02
8.121812181218122078e+02,6.444899634177266989e+01,5.168916767220757547e-02
8.123312331233123587e+02,6.441190783259239083e+01,5.319025148759394528e-02
8.124812481248125096e+02,6.436126328847167599e+01,5.473480103298632854e-02
8.126312631263126605e+02,6.429933542088218701e+01,5.632405544470892034e-02
8.127812781278128114e+02,6.423093703350313888e+01,5.795927791958364189e-02
8.129312931293129623e+02,6.416342102222125732e+01,5.964175571493016137e-02
8.130813081308131132e+02,6.410668037513082140e+01,6.137280014856583837e-02
8.132313231323132641e+02,6.406716819423958498e+01,6.315377295314182626e-02
8.133813381338134150e+02,6.402951533200025835e+01,6.498616873608659139e-02
8.135313531353135659e+02,6.398861418435896553e+01,6.687147892179913511e-02
8.136813681368137168e+02,6.394195155710123402e+01,6.881122746663118073e-02
8.138313831383138677e+02,6.388816966173472167e+01,7.080697722522395765e-02
8.139813981398140186e+02,6.382706611548923092e+01,7.286032995050821526e-02
8.141314131413141695e+02,6.375959394131668745e+01,7.497292629370420902e-02
8.142814281428143204e+02,6.368786156789114017e+01,7.714644580432175602e-02
8.144314431443144713e+02,6.361513282960878257e+01,7.938260693016013780e-02
8.145814581458146222e+02,6.354582696658792429e+01,8.168316701730821139e-02
8.147314731473147731e+02,6.348402791809817103e+01,8.404993348145368970e-02
8.148814881488149240e+02,6.342500142204359292e+01,8.648482029848011954e-02
8.150315031503150749e+02,6.336481599373539098e+01,8.898978018867594042e-02
8.151815181518152258e+02,6.330085577218386561e+01,9.156681539525379776e-02
8.153315331533153767e+02,6.323128791966472306e+01,9.421798241539314223e-02
8.154815481548155276e+02,6.315506262171912510e+01,9.694539200024032688e-02
8.156315631563156785e+02,6.307191308715363220e+01,9.975120915490853779e-02
8.157815781578158294e+02,6.298235554804022485e+01,1.026376531384778773e-01
8.159315931593159803e+02,6.288768925971631063e+01,1.056069974639952530e-01
8.160816081608161312e+02,6.278999650078473138e+01,1.086615698984744749e-01
8.162316231623161684e+02,6.269214257311379868e+01,1.118037524628937573e-01
8.163816381638163193e+02,6.259777580183703805e+01,1.150359814322053920e-01
8.165316531653164702e+02,6.251130151540234436e+01,1.183607473592816761e-01
8.166816681668166211e+02,6.243374142982984409e+01,1.217806342147875059e-01
8.168316831683167720e+02,6.235906004207397757e+01,1.252983698252725930e-01
8.169816981698169229e+02,6.228158778916375837e+01,1.289167584345856377e-01
8.171317131713170738e+02,6.219692959015282696e+01,1.326386711130559670e-01
8.172817281728172247e+02,6.210196484611945777e+01,1.364670457574936047e-01
8.174317431743173756e+02,6.199484744016655213e+01,1.404048870911892843e-01
8.175817581758175265e+02,6.187500573742165955e+01,1.444552666639143945e-01
8.177317731773176774e+02,6.174314258503696351e+01,1.486213228519209784e-01
8.178817881788178283e+02,6.160123531218926729e+01,1.529062608579418725e-01
8.180318031803179792e+02,6.145253573008003656e+01,1.573133527111904295e-01
8.181818181818181301e+02,6.130157013193533544e+01,1.618459372673608510e-01
8.183318331833182810e+02,6.115413929300589757e+01,1.665074202086278543e-01
8.184818481848184319e+02,6.101731847056707636e+01,1.713012740436469783e-01
8.186318631863185828e+02,6.089919690209021041e+01,1.762310412307630803e-01
8.187818781878187337e+02,6.079151996672943881e+01,1.813005630096000964e-01
8.189318931893188847e+02,6.068168456530274568e+01,1.865138820323835878e-01
8.190819081908190356e+02,6.056449347821553175e+01,1.918750590735891215e-01
8.192319231923191865e+02,6.043639847514054253e+01,1.973882317593845803e-01
8.193819381938193374e+02,6.029550031501786833e+01,2.030576145676302180e-01
8.195319531953194883e+02,6.014154874605494427e+01,2.088874988278786871e-01
8.196819681968196392e+02,5.997594250572655028e+01,2.148822527213748723e-01
8.198319831983197901e+02,5.980172932077481107e+01,2.210463212810561129e-01
8.199819981998199410e+02,5.962360590720920328e+01,2.273842263915520356e-01
8.201320132013200919e+02,5.944791797030654124e+01,2.339005667891846663e-01
8.202820282028202428e+02,5.928265920864521377e+01,2.406000180822950307e-01
8.204320432043203937e+02,5.912421347393748761e+01,2.474876076562314842e-01
8.205820582058205446e+02,5.896178268742362860e+01,2.545686440598237121e-01
8.207320732073206955e+02,5.879362041363273050e+01,2.618483851747167024e-01
8.208820882088208464e+02,5.861853118809530372e+01,2.693322092715232929e-01
8.210321032103209973e+02,5.843587051734326820e+01,2.770256150098241443e-01
8.211821182118211482e+02,5.824554487890995347e+01,2.849342214381677119e-01
8.213321332133212991e+02,5.804801172133010567e+01,2.930637679940700790e-01
8.214821482148214500e+02,5.784427946413986632e+01,3.014201145040152907e-01
8.216321632163216009e+02,5.763590749787680778e+01,3.100092411834551309e-01
8.217821782178217518e+02,5.742500618407989066e+01,3.188372486368091785e-01
8.219321932193219027e+02,5.721423685528951353e+01,3.279103578574646960e-01
8.220822082208220536e+02,5.700211918155996926e+01,3.372351119878767012e-01
8.222322232223222045e+02,5.678322828178522741e+01,3.468183256643517232e-01
8.223822382238223554e+02,5.655870140649791011e+01,3.566666622212376625e-01
8.225322532253225063e+02,5.632954504459239331e+01,3.667869593849603094e-01
8.226822682268226572e+02,5.609652829125286644e+01,3.771862341150072906e-01
8.228322832283228081e+02,5.586018284795334665e+01,3.878716826039277921e-01
8.229822982298229590e+02,5.562080302245769303e+01,3.988506802773329474e-01
8.231323132313231099e+02,5.537844572881959238e+01,4.101307817938953382e-01
8.232823282328232608e+02,5.513293048738254498e+01,4.217197210453495493e-01
8.234323432343234117e+02,5.488383942477989308e+01,4.336254111564916691e-01
8.235823582358235626e+02,5.463051727393481372e+01,4.458559444851797338e-01
8.237323732373237135e+02,5.437207137406029744e+01,4.584195926223333384e-01
8.238823882388238644e+02,5.410737167065917674e+01,4.713248063919337483e-01
8.240324032403240153e+02,5.383505071552411181e+01,4.845802158510241764e-01
8.241824182418241662e+02,5.355287590885879467e+01,4.981947929448788392e-01
8.243324332433243171e+02,5.326024893287454631e+01,5.121777335803414655e-01
8.244824482448244680e+02,5.296105484466920643e+01,5.265377135893108962e-01
8.246324632463246189e+02,5.265857304070175360e+01,5.412836339009421405e-01
8.247824782478247698e+02,5.235524133465415275e+01,5.564246633557976551e-01
8.249324932493249207e+02,5.205265595743131257e+01,5.719702387058475113e-01
8.250825082508250716e+02,5.175157155716112811e+01,5.879300646144693943e-01
8.252325232523252225e+02,5.145190119919445948e+01,6.043141136564488258e-01
8.253825382538253734e+02,5.115271636610513895e+01,6.211326263179786089e-01
8.255325532553255243e+02,5.085224695768994252e+01,6.383961109966594938e-01
8.256825682568256752e+02,5.054788129096865390e+01,6.561153440014995120e-01
8.258325832583258261e+02,5.023616610018399342e+01,6.743013695529146423e-01
8.259825982598259770e+02,4.991280653680166779e+01,6.929654997827283669e-01
8.261326132613261279e+02,4.957280310463040252e+01,7.121193204415076083e-01
8.262826282628262788e+02,4.921836985209051107e+01,7.317744830702220815e-01
8.264326432643264297e+02,4.885613725752626380e+01,7.519416412842439001e-01
8.265826582658265806e+02,4.849034144945974845e+01,7.726314662230592267e-01
8.267326732673267315e+02,4.812424893658583613e+01,7.938549681630414634e-01
8.268826882688268824e+02,4.776015660777218130e+01,8.156234965174509188e-01
8.270327032703270334e+02,4.739939173205922884e+01,8.379487398364351414e-01
8.271827182718271843e+02,4.704231195866019277e+01,8.608427258070284749e-01
8.273327332733273352e+02,4.668830531696110597e+01,8.843178212531525029e-01
8.274827482748274861e+02,4.633579021652074204e+01,9.083867321356160485e-01
8.276327632763276370e+02,4.598221544707070763e+01,9.330625035521146193e-01
8.277827782778277879e+02,4.562406017851537143e+01,9.583585197372310738e-01
8.279327932793279388e+02,4.525683396093187838e+01,9.842885040624351767e-01
8.280828082808280897e+02,4.487507672457017804e+01,1.010866519036083933e+00
8.282328232823282406e+02,4.447622208760584073e+01,1.038106496390699851e+00
8.283828382838283915e+02,4.407045708037387755e+01,1.066020295683352215e+00
8.285328532853285424e+02,4.366165633700956761e+01,1.094619926628310536e+00
8.286828682868286933e+02,4.325229974663160704e+01,1.123917730853210228e+00
8.288328832883288442e+02,4.284418497676416848e+01,1.153926323319454106e+00
8.289828982898289951e+02,4.243842747333687271e+01,1.184658592322213044e+00
8.291329132913291460e+02,4.203546046068481701e+01,1.216127699490425540e+00
8.292829282928292969e+02,4.163503494154855389e+01,1.248347079786797709e+00
8.294329432943294478e+02,4.123621969707411239e+01,1.281330441507803952e+00
8.295829582958295987e+02,4.083740128681297676e+01,1.315091766283685848e+00
8.297329732973297496e+02,4.043628404872209359e+01,1.349645309078453259e+00
8.298829882988299005e+02,4.002989009916387886e+01,1.385005598189883447e+00
8.300330033003300514e+02,3.961455933290621800e+01,1.421187435249521513e+00
8.301830183018302023e+02,3.918915801809166055e+01,1.458205162486778228e+00
8.303330333033303532e+02,3.876002017209787454e+01,1.496070449840659622e+00
8.304830483048305041e+02,3.832943264927722993e+01,1.534794925403085930e+00
8.306330633063306550e+02,3.789903102650687572e+01,1.574390303955709225e+00
8.307830783078308059e+02,3.747002806176822531e+01,1.614868352920421302e+00
8.309330933093309568e+02,3.704321369414697784e+01,1.656240892359354788e+00
8.310831083108311077e+02,3.661895504383309685e+01,1.698519794974881592e+00
8.312331233123312586e+02,3.619719641212083872e+01,1.741716986109614673e+00
8.313831383138314095e+02,3.577745928140871001e+01,1.785844443746407606e+00
8.315331533153315604e+02,3.535884231519951726e+01,1.830914198508353685e+00
8.316831683168317113e+02,3.494002135810032428e+01,1.876938333658786151e+00
8.318331833183318622e+02,3.451924943582247352e+01,1.923928985101279299e+00
8.319831983198320131e+02,3.409435675518159314e+01,1.971898341379647590e+00
8.321332133213321640e+02,3.366363211316760840e+01,2.020858293210153533e+00
8.322832283228323149e+02,3.323070648123999860e+01,2.070817349850836653e+00
8.324332433243324658e+02,3.279752123117189200e+01,2.121782678912409015e+00
8.325832583258326167e+02,3.236521991836637824e+01,2.173761166430158376e+00
8.327332733273327676e+02,3.193470054868194552e+01,2.226759301554257497e+00
8.328832883288329185e+02,3.150661557843255878e+01,2.280783176549761482e+00
8.330333033303330694e+02,3.108137191438759217e+01,2.335838486796610436e+00
8.331833183318332203e+02,3.065913091377187527e+01,2.391930530789627696e+00
8.333333333333333712e+02,3.023980838426567175e+01,2.449064210138519826e+00
8.334833483348335221e+02,2.982307458400467937e+01,2.507244029567877952e+00
8.336333633363336730e+02,2.940835422158003709e+01,2.566474096917175984e+00
8.337833783378338239e+02,2.899482645603832509e+01,2.626758123140771950e+00
8.339333933393339748e+02,2.858142489688155052e+01,2.688099422307908437e+00
8.340834083408341257e+02,2.816683760406716885e+01,2.750500911602710374e+00
8.342334233423342766e+02,2.774963886863219997e+01,2.813964981093165729e+00
8.343834383438344275e+02,2.733176461751738984e+01,2.878489379148118310e+00
8.345334533453345784e+02,2.691493088684220680e+01,2.944069414052578271e+00
8.346834683468347293e+02,2.649972072442350424e+01,3.010699918017956112e+00
8.348334833483348802e+02,2.608660910837791747e+01,3.078374450945677854e+00
8.349834983498350311e+02,2.567596294712187444e+01,3.147085300427187704e+00
8.351335133513351821e+02,2.526804107937159571e+01,3.216823481743946722e+00
8.352835283528352193e+02,2.486299427414340357e+01,3.287578737867378198e+00
8.354335433543353702e+02,2.446086523075248920e+01,3.359339539459084367e+00
8.355835583558355211e+02,2.406158857881476365e+01,3.432093084870524446e+00
8.357335733573356720e+02,2.366499087824561087e+01,3.505825300143226908e+00
8.358835883588358229e+02,2.327079061926022163e+01,3.580520839008738854e+00
8.360336033603359738e+02,2.287859822237356866e+01,3.656163082888622018e+00
8.361836183618361247e+02,2.248791603840041375e+01,3.732734140894458541e+00
8.363336333633362756e+02,2.209813834845532554e+01,3.810214849827843864e+00
8.364836483648364265e+02,2.170855136395265106e+01,3.888584774180394277e+00
8.366336633663365774e+02,2.131851056865991367e+01,3.967821403500080280e+00
8.367836783678367283e+02,2.092954846122506396e+01,4.047891800250469352e+00
8.369336933693368792e+02,2.054232187028918943e+01,4.128766946424226703e+00
8.370837083708370301e+02,2.015691891263793067e+01,4.210417369198387938e+00
8.372337233723371810e+02,1.977340353461460509e+01,4.292810342438267313e+00
8.373837383738373319e+02,1.939181551212018562e+01,4.375909886697463058e+00
8.375337533753374828e+02,1.901217045061331490e+01,4.459676769217855608e+00
8.376837683768376337e+02,1.863445978511030177e+01,4.544068503929606706e+00
8.378337833783377846e+02,1.825865078018512122e+01,4.629039351451162077e+00
8.379837983798379355e+02,1.788468652996941799e+01,4.714540319089247866e+00
8.381338133813380864e+02,1.751248595815248876e+01,4.800519160838872423e+00
8.382838283828382373e+02,1.714194381798130706e+01,4.886920377383328074e+00
8.384338433843383882e+02,1.677293069226051614e+01,4.973685216094187567e+00
8.385838583858385391e+02,1.640529299335241475e+01,5.060751671031305854e+00
8.387338733873386900e+02,1.603885296317697140e+01,5.148054482942821863e+00
8.388838883888388409e+02,1.567340867321181719e+01,5.235525139265154948e+00
8.390339033903389918e+02,1.530873402449226006e+01,5.323091874123007550e+00
8.391839183918391427e+02,1.494457874761125638e+01,5.410679668329363423e+00
8.393339333933392936e+02,1.458066840271944642e+01,5.498210249385489412e+00
8.394839483948394445e+02,1.421671820032806721e+01,5.585595776066937468e+00
8.396339633963395954e+02,1.385303645346449208e+01,5.672525736543213348e+00
8.397839783978397463e+02,1.348981707548046138e+01,5.758897906027097946e+00
8.399339933993398972e+02,1.312697568887869437e+01,5.844735064297511329e+00
8.400840084008400481e+02,1.276441930109673883e+01,5.930030031482587560e+00
8.402340234023401990e+02,1.240204630450697643e+01,6.014745668059672035e+00
8.403840384038403499e+02,1.203974647641662088e+01,6.098814874855327695e+00
8.405340534053405008e+02,1.167740097906771624e+01,6.182140593045328814e+00
8.406840684068406517e+02,1.131488235963714040e+01,6.264595804154664549e+00
8.408340834083408026e+02,1.095205455023660335e+01,6.346023530057538053e+00
8.409840984098409535e+02,1.058877286791264716e+01,6.426236832977365587e+00
8.411341134113411044e+02,1.022488401464664420e+01,6.505018815486778294e+00
8.412841284128412553e+02,9.860226077354804275e+00,6.582122620507619537e+00
8.414341434143414062e+02,9.494628527888160363e+00,6.657271431310949339e+00
8.415841584158415571e+02,9.127912223032588201e+00,6.730158471517039054e+00
8.417341734173417080e+02,8.759889404508783173e+00,6.800447005095375808e+00
8.418841884188418589e+02,8.390363698972285178e+00,6.867770336364658945e+00
8.420342034203420098e+02,8.019130118013459096e+00,6.931731809992802695e+00
8.421842184218421608e+02,7.645975058157503668e+00,6.991904810996935282e+00
8.423342334233423117e+02,7.270676300864447938e+00,7.047832764743398926e+00
8.424842484248424626e+02,6.893003012529155704e+00,7.099029136947748952e+00
8.426342634263426135e+02,6.512715744481324620e+00,7.144977433674755574e+00
8.427842784278427644e+02,6.129566432985475544e+00,7.185131201338400331e+00
8.429342934293429153e+02,5.743298399240970298e+00,7.218914026701883202e+00
8.430843084308430662e+02,5.353773836469910563e+00,7.245168876032816563e+00
8.432343234323432171e+02,4.961165049113816394e+00,7.261674974038862196e+00
8.433843384338433680e+02,4.565147845628649392e+00,7.268614076616844777e+00
8.435343534353435189e+02,4.165596071234259234e+00,7.265037925253088780e+00
8.436843684368436698e+02,3.762659742895407167e+00,7.248503327376623062e+00
8.438343834383438207e+02,3.356765049321762007e+00,7.215072156359181754e+00
8.439843984398439716e+02,2.948614350967906361e+00,7.159311351515202482e+00
8.441344134413441225e+02,2.539186180033330409e+00,7.074292918101827254e+00
8.442844284428442734e+02,2.129735240462434565e+00,6.951593927318904242e+00
8.444344434443444243e+02,1.722234314339365691e+00,6.777331136407181766e+00
8.445844584458445752e+02,1.320603395350278708e+00,6.532015114894003993e+00
8.447344734473447261e+02,9.312621402610123944e-01,6.184601906295798202e+00
8.448844884488448770e+02,5.686079941728683362e-01,5.623830723917865981e+00
8.450345034503450279e+02,2.582022950288715979e-01,4.617292855307511878e+00
8.451845184518451788e+02,5.918333989988223964e-02,2.375858814724290724e+00
8.453345334533453297e+02,1.592971613749637888e-02,7.031945842346801201e-02
8.454845484548454806e+02,2.011579830068656316e-02,6.205594014517233376e-04
8.456345634563456315e+02,2.705466165181671240e-02,1.777486832651417985e-05
8.457845784578457824e+02,3.640592351064997345e-02,1.256487527170767903e-06
8.459345934593459333e+02,4.898776037715844162e-02,1.768390294158280205e-07
8.460846084608460842e+02,6.591387544140697718e-02,6.276027087656309746e-08
8.462346234623462351e+02,8.867949337885576433e-02,1.754953254541113684e-08
8.463846384638463860e+02,1.192946854915834798e-01,1.917814997406660690e-08
8.465346534653465369e+02,1.604690871844064448e-01,1.130858059731266310e-08
8.466846684668466878e+02,2.157359641858536958e-01,7.263267555666705350e-09
8.468346834683468387e+02,2.899721791863673070e-01,6.014632061723391532e-09
8.469846984698469896e+02,3.897623730153652044e-01,5.603155574632933796e-09
8.471347134713471405e+02,5.235463191098704838e-01,4.891412791966866738e-09
8.472847284728472914e+02,7.024692826104086407e-01,4.382983218896069951e-09
8.474347434743474423e+02,9.415822778863046638e-01,4.078542982347659243e-09
8.475847584758475932e+02,1.261186966542858556e+00,3.899183307455427240e-09
8.477347734773477441e+02,1.686917858709491735e+00,3.795943287339600206e-09
8.478847884788478950e+02,2.249310511662231615e+00,3.746591884019992398e-09
8.480348034803480459e+02,2.989961578176798973e+00,3.737247766057325383e-09
8.481848184818481968e+02,3.963237431045437020e+00,3.758565264416784810e-09
8.483348334833483477e+02,5.228913619804016477e+00,3.803107335390316680e-09
8.484848484848484986e+02,6.851941902313310351e+00,3.865108206094195208e-09
8.486348634863486495e+02,8.898114954243002472e+00,3.940481785516712446e-09
8.487848784878488004e+02,1.142855685791800013e+01,4.026837803082189780e-09
8.489348934893489513e+02,1.451773994301032644e+01,4.122630303812281421e-09
8.490849084908491022e+02,1.818186186821314010e+01,4.226547709483893874e-09
8.492349234923492531e+02,2.237059116087562671e+01,4.337492560005503967e-09
8.493849384938494040e+02,2.696706721700302722e+01,4.454581513417158841e-09
8.495349534953495549e+02,3.180463916434734628e+01,4.577207791841034005e-09
8.496849684968497058e+02,3.668879238713830659e+01,4.705115379970749733e-09
8.498349834983498567e+02,4.140585523890746344e+01,4.838071947532947703e-09
8.499849984998500076e+02,4.578604966557583822e+01,4.975905506594032222e-09
8.501350135013501585e+02,4.970546212414663501e+01,5.118509123667693759e-09
8.502850285028503095e+02,5.308604358270533652e+01,5.265840919714904808e-09
8.504350435043504604e+02,5.590015195512447121e+01,5.417917265009773096e-09
8.505850585058506113e+02,5.819430550183908935e+01,5.574765492596213206e-09
8.507350735073507622e+02,6.002511370802594115e+01,5.736454422114385128e-09
8.508850885088509131e+02,6.145598257242943419e+01,5.903064005748635303e-09
8.510351035103510640e+02,6.256100330553746147e+01,6.074678444298426719e-09
8.511851185118512149e+02,6.341502545764051035e+01,6.251401707958038183e-09
8.513351335133513658e+02,6.406474354814669425e+01,6.433367853622029745e-09
8.514851485148515167e+02,6.455035838983225460e+01,6.620712702803969824e-09
8.516351635163516676e+02,6.491253907714589388e+01,6.813572594859850122e-09
8.517851785178518185e+02,6.519168691643712066e+01,7.012086700598722127e-09
8.519351935193519694e+02,6.540804546031039024e+01,7.216414689048235139e-09
8.520852085208521203e+02,6.556624180138115321e+01,7.426726917646521837e-09
8.522352235223522712e+02,6.567513181040484938e+01,7.643194921780961163e-09
8.523852385238524221e+02,6.574836746551622468e+01,7.865991384748134167e-09
8.525352535253525730e+02,6.580439685222931701e+01,8.095290137753815732e-09
8.526852685268527239e+02,6.585683835378488027e+01,8.331273153399100708e-09
8.528352835283528748e+02,6.589906087593486461e+01,8.574140935386111423e-09
8.529852985298530257e+02,6.592929808133820302e+01,8.824095591511513089e-09
8.531353135313531766e+02,6.594789720713600900e+01,9.081343909864242123e-09
8.532853285328533275e+02,6.595718378553262085e+01,9.346097463603486683e-09
8.534353435343534784e+02,6.596146164379558741e+01,9.618572610958689976e-09
8.535853585358536293e+02,6.596701290425575337e+01,9.898990495229543643e-09
8.537353735373537802e+02,6.597728628487411129e+01,1.018758083115351315e-08
8.538853885388539311e+02,6.598763740915273956e+01,1.048458495001588530e-08
8.540354035403540820e+02,6.599588250165737691e+01,1.079024895673087630e-08
8.541854185418542329e+02,6.600070339269700526e+01,1.110482610101135568e-08
8.543354335433543838e+02,6.600162401071645490e+01,1.142857679866614816e-08
8.544854485448545347e+02,6.599901038229647554e+01,1.176176863160004349e-08
8.546354635463545719e+02,6.599407063215365099e+01,1.210467634781352351e-08
8.547854785478547228e+02,6.598885498314048448e+01,1.245758186140381269e-08
8.549354935493548737e+02,6.598625575624531336e+01,1.282077425256332465e-08
8.550855085508550246e+02,6.598971250435614877e+01,1.319455055766785330e-08
8.552355235523551755e+02,6.599854957507426434e+01,1.357922169357934788e-08
8.553855385538553264e+02,6.600916041149245927e+01,1.397510638426618953e-08
8.555355535553554773e+02,6.601866737659372575e+01,1.438253251788497530e-08
8.556855685568556282e+02,6.602497011130812155e+01,1.480183792709188765e-08
8.558355835583557791e+02,6.602674553451278427e+01,1.523337038904270944e-08
8.559855985598559300e+02,6.602344784303194558e+01,1.567748762539280230e-08
8.561356135613560809e+02,6.601530851163687430e+01,1.613455730229712826e-08
8.562856285628562318e+02,6.600333629304593330e+01,1.660495703041024138e-08
8.564356435643563827e+02,6.598931721792457950e+01,1.708907436488627457e-08
8.565856585658565336e+02,6.597581459488529276e+01,1.758730680537896605e-08
8.567356735673566845e+02,6.596616901048766124e+01,1.810006179604162955e-08
8.568856885688568354e+02,6.596449832923835288e+01,1.862775672552719073e-08
8.570357035703569863e+02,6.597466966515970910e+01,1.917082107641891803e-08
8.571857185718571372e+02,6.599232984295777271e+01,1.972970939952091220e-08
8.573357335733572882e+02,6.601100017734577818e+01,2.030488991981393216e-08
8.574857485748574391e+02,6.602589993547101699e+01,2.089684315928306147e-08
8.576357635763575900e+02,6.603381266323692955e+01,2.150606254080243655e-08
8.577857785778577409e+02,6.603308618530314789e+01,2.213305438813524012e-08
8.579357935793578918e+02,6.602363260508539611e+01,2.277833792593370111e-08
8.580858085808580427e+02,6.600692830475557571e+01,2.344244527973911128e-08
8.582358235823581936e+02,6.598601394524173713e+01,2.412592147598179537e-08
8.583858385838583445e+02,6.596549446622807977e+01,2.482932444198113764e-08
8.585358535853584954e+02,6.595153908615490934e+01,2.555322500594556530e-08
8.586858685868586463e+02,6.595188130221875156e+01,2.629820689697256172e-08
8.588358835883587972e+02,6.597052120822175425e+01,2.706487644794327726e-08
8.589858985898589481e+02,6.599711006597983953e+01,2.785388305528035616e-08
8.591359135913590990e+02,6.602304013096588164e+01,2.866589276133389785e-08
8.592859285928592499e+02,6.604203008153997700e+01,2.950158799121977502e-08
8.594359435943594008e+02,6.605005877614901522e+01,3.036166767629529902e-08
8.595859585958595517e+02,6.604536525332665065e+01,3.124684725415920004e-08
8.597359735973597026e+02,6.602844873169334505e+01,3.215785866865165022e-08
8.598859885988598535e+02,6.600206860995628233e+01,3.309545036985422730e-08
8.600360036003600044e+02,6.597124446690949640e+01,3.406038731408995762e-08
8.601860186018601553e+02,6.594325606143372909e+01,3.505345096392327639e-08
8.603360336033603062e+02,6.592764333249654385e+01,3.607543928816008067e-08
8.604860486048604571e+02,6.593605260920246280e+01,3.712716707285052694e-08
8.606360636063606080e+02,6.596651163492518322e+01,3.820950152053155680e-08
8.607860786078607589e+02,6.600344913654194556e+01,3.932337207024390657e-08
8.609360936093609098e+02,6.603622357458446857e+01,4.046972664779277521e-08
8.610861086108610607e+02,6.605733341373326084e+01,4.164953348694590632e-08
8.612361236123612116e+02,6.606241712281762091e+01,4.286378112943354846e-08
8.613861386138613625e+02,6.605025317481566560e+01,4.411347842494850146e-08
8.615361536153615134e+02,6.602276004685433008e+01,4.539965453114608995e-08
8.616861686168616643e+02,6.598499622020931099e+01,4.672335891364418322e-08
8.618361836183618152e+02,6.594516018030515170e+01,4.808566134602316873e-08
8.619861986198619661e+02,6.591459041671517127e+01,4.948765190982596538e-08
8.621362136213621170e+02,6.590776542316149289e+01,5.093044099455803010e-08
8.622862286228622679e+02,6.593416539045851721e+01,5.241518392357442964e-08
8.624362436243624188e+02,6.597147830141661018e+01,5.394317172071249550e-08
8.625862586258625697e+02,6.600680178367163364e+01,5.551571200217862147e-08
8.627362736273627206e+02,6.603195210776006263e+01,5.713413558411568129e-08
8.628862886288628715e+02,6.604204908348354763e+01,5.879980043851538850e-08
8.630363036303630224e+02,6.603551605990891460e+01,6.051409169321832291e-08
8.631863186318631733e+02,6.601407992536822178e+01,6.227842163191389753e-08
8.633363336333633242e+02,6.598277110745870289e+01,6.409422969414039167e-08
8.634863486348634751e+02,6.594992357304278130e+01,6.596298247528491119e-08
8.636363636363636260e+02,6.592717482824808428e+01,6.788617372658344148e-08
8.637863786378637769e+02,6.592946591846741455e+01,6.986532435512078128e-08
8.639363936393639278e+02,6.595449087212612937e+01,7.190207247146716827e-08
8.640864086408640787e+02,6.598205932109864591e+01,7.399818579606426963e-08
8.642364236423642296e+02,6.600514287352960707e+01,7.615542898348141867e-08
8.643864386438643805e+02,6.601910035472837990e+01,7.837560867480456741e-08
8.645364536453645314e+02,6.602167718333416246e+01,8.066057350030942989e-08
8.646864686468646823e+02,6.601300537131595547e+01,8.301221407946144243e-08
8.648364836483648332e+02,6.599560352397254803e+01,8.543246302091584311e-08
8.649864986498649841e+02,6.597437683993256030e+01,8.792329492251759229e-08
8.651365136513651350e+02,6.595661711115441506e+01,9.048672637130143884e-08
8.652865286528652859e+02,6.595200272292633770e+01,9.312481594349188040e-08
8.654365436543654369e+02,6.596645508236613864e+01,9.583970287609579337e-08
8.655865586558655878e+02,6.598648984627351410e+01,9.863370644112058493e-08
8.657365736573657387e+02,6.600535366660437830e+01,1.015091712435895075e-07
8.658865886588658896e+02,6.601870899627647304e+01,1.044684995738215070e-07
8.660366036603660405e+02,6.602396248457202432e+01,1.075141557186588693e-07
8.661866186618661914e+02,6.602026497713774233e+01,1.106486659614672865e-07
8.663366336633663423e+02,6.600851151598484989e+01,1.138746185821358169e-07
8.664866486648664932e+02,6.599134133948902559e+01,1.171946638570768853e-07
8.666366636663666441e+02,6.597313788239048904e+01,1.206115140592262962e-07
8.667866786678667950e+02,6.596002877579388723e+01,1.241279434580432206e-07
8.669366936693669459e+02,6.595988584716842240e+01,1.277467883195102089e-07
8.670867086708670968e+02,6.597601711448339756e+01,1.314710041047679314e-07
8.672367236723672477e+02,6.599846273481850289e+01,1.353037428545869415e-07
8.673867386738673986e+02,6.602010318517099563e+01,1.392482241335927618e-07
8.675367536753675495e+02,6.603575073873645351e+01,1.433077512221045046e-07
8.676867686768677004e+02,6.604210941734257290e+01,1.474857115012778421e-07
8.678367836783678513e+02,6.603777499144905505e+01,1.517855764531047148e-07
8.679867986798680022e+02,6.602323498014766301e+01,1.562109016604136489e-07
8.681368136813681531e+02,6.600086865116223578e+01,1.607653268068694659e-07
8.682868286828683040e+02,6.597494702084864571e+01,1.654525756769735728e-07
8.684368436843684549e+02,6.595163285419482690e+01,1.702764561560636454e-07
8.685868586858686058e+02,6.593898066482076104e+01,1.752408602303139186e-07
8.687368736873687567e+02,6.594680485116511193e+01,1.803497652958292659e-07
8.688868886888689076e+02,6.597489413181645546e+01,1.856073679524579337e-07
8.690369036903690585e+02,6.601008979958024270e+01,1.910181557931893161e-07
8.691869186918692094e+02,6.604206693744652057e+01,1.965867266487750895e-07
8.693369336933693603e+02,6.606340369640693666e+01,2.023177811147798715e-07
8.694869486948695112e+02,6.606958129545461134e+01,2.082161225515811144e-07
8.696369636963696621e+02,6.605898402158425142e+01,2.142866570843691848e-07
8.697869786978698130e+02,6.603289922979206494e+01,2.205343936031473108e-07
8.699369936993699639e+02,6.599551734307581796e+01,2.269644437627316348e-07
8.700870087008701148e+02,6.595393185243480616e+01,2.335820219827512135e-07
8.702370237023702657e+02,6.591813931686984063e+01,2.403924454476478855e-07
8.703870387038704166e+02,6.590103936338327628e+01,2.474011341066765364e-07
8.705370537053705675e+02,6.591741824043160136e+01,2.546136245224425024e-07
8.706870687068707184e+02,6.595686590705122399e+01,2.620359815777712999e-07
8.708370837083708693e+02,6.600017700776587048e+01,2.696746480757860277e-07
8.709870987098710202e+02,6.603583592456308793e+01,2.775361499835409779e-07
8.711371137113711711e+02,6.605613611003172991e+01,2.856271368350063873e-07
8.712871287128713220e+02,6.605718008736192814e+01,2.939543817310683320e-07
8.714371437143714729e+02,6.603887945034506401e+01,3.025247813395285152e-07
8.715871587158716238e+02,6.600495486337382545e+01,3.113453558951047441e-07
8.717371737173717747e+02,6.596293606144212163e+01,3.204232491994303472e-07
8.718871887188719256e+02,6.592416185014519669e+01,3.297657286210547037e-07
8.720372037203720765e+02,6.590378010567950184e+01,3.393801850954429793e-07
8.721872187218722274e+02,6.591891911983395858e+01,3.492741708844699400e-07
8.723372337233723783e+02,6.595183447987123770e+01,3.594561907380366025e-07
8.724872487248725292e+02,6.598442788649064994e+01,3.699350501435738113e-07
8.726372637263726801e+02,6.600925512571411957e+01,3.807195939063877651e-07
8.727872787278728310e+02,6.602178212505545218e+01,3.918188590764340967e-07
8.729372937293729819e+02,6.602038495352030623e+01,4.032420749483181385e-07
8.730873087308731328e+02,6.600634982160617881e+01,4.149986630612948686e-07
8.732373237323732837e+02,6.598387308130246254e+01,4.270982371992688056e-07
8.733873387338734346e+02,6.596006122609040290e+01,4.395506033907942199e-07
8.735373537353735856e+02,6.594493089094308402e+01,4.523657599090748167e-07
8.736873687368736228e+02,6.595091571605335901e+01,4.655539122061191011e-07
8.738373837383737737e+02,6.597040015262246015e+01,4.791261549053426965e-07
8.739873987398739246e+02,6.599064823538166991e+01,4.930940528668429417e-07
8.741374137413740755e+02,6.600676812105521662e+01,5.074692860859566732e-07
8.742874287428742264e+02,6.601563752191559331e+01,5.222638370265997610e-07
8.744374437443743773e+02,6.601590370578341549e+01,5.374899906212664209e-07
8.745874587458745282e+02,6.600798349602752069e+01,5.531603342710297432e-07
8.747374737473746791e+02,6.599406327156495422e+01,5.692877578455412699e-07
8.748874887488748300e+02,6.597809896686092657e+01,5.858854536830309943e-07
8.750375037503749809e+02,6.596581607192887020e+01,6.029669165903078902e-07
8.751875187518751318e+02,6.596470963233036855e+01,6.205459438427590657e-07
8.753375337533752827e+02,6.597798337192686802e+01,6.386369106630373478e-07
8.754875487548754336e+02,6.599618623640064641e+01,6.572551174191868307e-07
8.756375637563755845e+02,6.601356233938474816e+01,6.764161337873553133e-07
8.757875787578757354e+02,6.602598795041757285e+01,6.961359510568009326e-07
8.759375937593758863e+02,6.603088844678298130e+01,7.164309862201390921e-07
8.760876087608760372e+02,6.602723831351029560e+01,7.373180819733420383e-07
8.762376237623761881e+02,6.601556114337432746e+01,7.588145067157391780e-07
8.763876387638763390e+02,6.599792963689532144e+01,7.809379545500168671e-07
8.765376537653764899e+02,6.597796560233899754e+01,8.037065452822190452e-07
8.766876687668766408e+02,6.596083995571655123e+01,8.271388244217462833e-07
8.768376837683767917e+02,6.595327272078462499e+01,8.512537631813562070e-07
8.769876987698769426e+02,6.596309335153716802e+01,8.760707850754400079e-07
8.771377137713770935e+02,6.598840607047667106e+01,9.016104218164912454e-07
8.772877287728772444e+02,6.601864864747587092e+01,9.278943256793154456e-07
8.774377437743773953e+02,6.604537856004129992e+01,9.549446966831563064e-07
8.775877587758775462e+02,6.606254354133535855e+01,9.827842714100221251e-07
8.777377737773776971e+02,6.606648158017630124e+01,1.011436323004685692e-06
8.778877887788778480e+02,6.605592092103822210e+01,1.040924661174684293e-06
8.780378037803779989e+02,6.603198006405105502e+01,1.071273632190318857e-06
8.781878187818781498e+02,6.599816776500060200e+01,1.102508118884655655e-06
8.783378337833783007e+02,6.596038303532849056e+01,1.134653540653525030e-06
8.784878487848784516e+02,6.592691514213220216e+01,1.167735853455521605e-06
8.786378637863786025e+02,6.590844360816508640e+01,1.201781549812004283e-06
8.787878787878787534e+02,6.591793141849954907e+01,1.236817666766812876e-06
8.789378937893789043e+02,6.594804617177057082e+01,1.272873538972859756e-06
8.790879087908790552e+02,6.597981138614038343e+01,1.309980390913717277e-06
8.792379237923792061e+02,6.600550901074784349e+01,1.348169550939631373e-06
8.793879387938793570e+02,6.602019044056011410e+01,1.387473047371813382e-06
8.795379537953795079e+02,6.602167651637262225e+01,1.427923608502439618e-06
8.796879687968796588e+02,6.601055752480907302e+01,1.469554662594651802e-06
8.798379837983798097e+02,6.599019319832149222e+01,1.512400337882556207e-06
8.799879987998799606e+02,6.596671271519015534e+01,1.556495462571225570e-06
8.801380138013801115e+02,6.594901469952361595e+01,1.601875564836696336e-06
8.802880288028802624e+02,6.594876722125873414e+01,1.648576872825971412e-06
8.804380438043804133e+02,6.596604069594565090e+01,1.696637879605369643e-06
8.805880588058805643e+02,6.598502822965733117e+01,1.746099871525988144e-06
8.807380738073807152e+02,6.600094549060696636e+01,1.797004168354555276e-06
8.808880888088808661e+02,6.601067318033416598e+01,1.849393181491806563e-06
8.810381038103810170e+02,6.601271453699429514e+01,1.903310418622535489e-06
8.811881188118811679e+02,6.600719533535851724e+01,1.958800483715593705e-06
8.813381338133813188e+02,6.599586388681376548e+01,2.015909077023891667e-06
8.814881488148814697e+02,6.598209103936281394e+01,2.074682995084397997e-06
8.816381638163816206e+02,6.597087017762416394e+01,2.135170130718138431e-06
8.817881788178817715e+02,6.596881722283214344e+01,2.197419473030198564e-06
8.819381938193819224e+02,6.597988018694344703e+01,2.261481838202145096e-06
8.820882088208820733e+02,6.599608059175315589e+01,2.327411241255891150e-06
8.822382238223822242e+02,6.601201196409736838e+01,2.395262724480941129e-06
8.823882388238823751e+02,6.602381359235630498e+01,2.465092843038140513e-06
8.825382538253825260e+02,6.602900733225203567e+01,2.536959696735712843e-06
8.826882688268826769e+02,6.602649760684843727e+01,2.610922930029259718e-06
8.828382838283828278e+02,6.601657140655122191e+01,2.687043732021761220e-06
8.829882988298829787e+02,6.600089828910796541e+01,2.765384836463574221e-06
8.831383138313831296e+02,6.598253037960802203e+01,2.846010521752434921e-06
8.832883288328832805e+02,6.596590237048260974e+01,2.928986610933456734e-06
8.834383438343834314e+02,6.595683152150473916e+01,3.014380471699131556e-06
8.835883588358835823e+02,6.596249630855746204e+01,3.102261022872125228e-06
8.837383738373837332e+02,6.598553295853454870e+01,3.192700070686360946e-06
8.838883888388838841e+02,6.601637526214767604e+01,3.285774065408619489e-06
8.840384038403840350e+02,6.604577005282577318e+01,3.381561746513126088e-06
8.841884188418841859e+02,6.606684945058509584e+01,3.480143774011919565e-06
8.843384338433843368e+02,6.607513086202925479e+01,3.581602728454850220e-06
8.844884488448844877e+02,6.606851698034923004e+01,3.686023110929579405e-06
8.846384638463846386e+02,6.604729578532331402e+01,3.793491343061580795e-06
8.847884788478847895e+02,6.601414054331715420e+01,3.904095767014141238e-06
8.849384938493849404e+02,6.597410980728376728e+01,4.017926645488356938e-06
8.850885088508850913e+02,6.593464741676348240e+01,4.135076161723138117e-06
8.852385238523852422e+02,6.590558249788401213e+01,4.255638419495206899e-06
8.853885388538853931e+02,6.589912946336039568e+01,4.379709443119095611e-06
8.855385538553855440e+02,6.592405614267624969e+01,4.507388769390047295e-06
8.856885688568856949e+02,6.595770279755011245e+01,4.638787655232261688e-06
8.858385838583858458e+02,6.598821987126852662e+01,4.774018142700640567e-06
8.859885988598859967e+02,6.600934456854150767e+01,4.913194036077063687e-06
8.861386138613861476e+02,6.601767136772828337e+01,5.056431612068819196e-06
8.862886288628862985e+02,6.601265202083726535e+01,5.203849619808606181e-06
8.864386438643864494e+02,6.599659555352610596e+01,5.355569280854535510e-06
8.865886588658866003e+02,6.597466826510164140e+01,5.511714289190127292e-06
8.867386738673867512e+02,6.595489372851992016e+01,5.672410811224312575e-06
8.868886888688869021e+02,6.594815279038620304e+01,5.837787485791432494e-06
8.870387038703870530e+02,6.596168495626885431e+01,6.007977967938704914e-06
8.871887188718872039e+02,6.597913696300570052e+01,6.183128783279349823e-06
8.873387338733873548e+02,6.599456047227995725e+01,6.363386589779692433e-06
8.874887488748875057e+02,6.600490503181673319e+01,6.548901455940267533e-06
8.876387638763876566e+02,6.600857954697887919e+01,6.739827431735015718e-06
8.877887788778878075e+02,6.600545228076700255e+01,6.936322548611279148e-06
8.879387938793879584e+02,6.599685085381946692e+01,7.138548819489804092e-06
8.880888088808881093e+02,6.598556224441240659e+01,7.346672238764740083e-06
8.882388238823882602e+02,6.597583278845969801e+01,7.560862782303639066e-06
8.883888388838884111e+02,6.597336817951297405e+01,7.781294407447457095e-06
8.885388538853885620e+02,6.598231399260495778e+01,8.008147028823579827e-06
8.886888688868887130e+02,6.599630037311968067e+01,8.241611294422556463e-06
8.888388838883888639e+02,6.601043338973917685e+01,8.481881699109372125e-06
8.889888988898890148e+02,6.602122365658520664e+01,8.729158183959014760e-06
8.891389138913891657e+02,6.602637850771115779e+01,8.983646304486247832e-06
8.892889288928893166e+02,6.602480199710196018e+01,9.245557230645608628e-06
8.894389438943894675e+02,6.601659489867418529e+01,9.515107746831404876e-06
8.895889588958896184e+02,6.600305470627598936e+01,9.792520251877718124e-06
8.897389738973897693e+02,6.598667563368714184e+01,1.007802275905840544e-05
8.898889888988899202e+02,6.597114861461899693e+01,1.037184889608709434e-05
8.900390039003900711e+02,6.596136130271449360e+01,1.067423790511718953e-05
8.901890189018902220e+02,6.596339807154821244e+01,1.098543464274185939e-05
8.903390339033903729e+02,6.598312021805828920e+01,1.130569107796887414e-05
8.904890489048905238e+02,6.601400281157764027e+01,1.163527575540561067e-05
8.906390639063906747e+02,6.604595521475225439e+01,1.197446792239965024e-05
8.907890789078908256e+02,6.607124879233280978e+01,1.232355372543371878e-05
8.909390939093909765e+02,6.608451786661444771e+01,1.268282620961603566e-05
8.910891089108911274e+02,6.608275971743675825e+01,1.305258531868030518e-05
8.912391239123912783e+02,6.606533458218379451e+01,1.343313789498572676e-05
8.913891389138914292e+02,6.603396565578405841e+01,1.382479767951698817e-05
8.915391539153915801e+02,6.599273909071048649e+01,1.422788531188426888e-05
8.916891689168917310e+02,6.594810399698050674e+01,1.464272833032323674e-05
8.918391839183918819e+02,6.590887244215595331e+01,1.506966117169505297e-05
8.919891989198920328e+02,6.588621945134315183e+01,1.550902517148636549e-05
8.921392139213921837e+02,6.589368300719287674e+01,1.596116856380931558e-05
8.922892289228923346e+02,6.592754467436830623e+01,1.642646606824203916e-05
8.924392439243924855e+02,6.596262119724327988e+01,1.690532656274198493e-05
8.925892589258926364e+02,6.599094925326163263e+01,1.739815483156217818e-05
8.927392739273927873e+02,6.600760212111789826e+01,1.790536431118053273e-05
8.928892889288929382e+02,6.601060780726125188e+01,1.842737716867230629e-05
8.930393039303929754e+02,6.600094904589553835e+01,1.896462430170969718e-05
8.931893189318931263e+02,6.598256329897918704e+01,1.951754533856347749e-05
8.933393339333932772e+02,6.596234275622531129e+01,2.008658863810054680e-05
8.934893489348934281e+02,6.595013433510166578e+01,2.067221128978555849e-05
8.936393639363935790e+02,6.595740163788265420e+01,2.127488100644802805e-05
8.937893789378937299e+02,6.597308984917542318e+01,2.189511005943762040e-05
8.939393939393938808e+02,6.598775536138812470e+01,2.253342239233946796e-05
8.940894089408940317e+02,6.599846920633470404e+01,2.319034884182950715e-05
8.942394239423941826e+02,6.600358603832681581e+01,2.386643473241512755e-05
8.943894389438943335e+02,6.600274413417383812e+01,2.456223987643518889e-05
8.945394539453944844e+02,6.599686539318284417e+01,2.527833857405999051e-05
8.946894689468946353e+02,6.598815533715860226e+01,2.601531961329130529e-05
8.948394839483947862e+02,6.598010311040363263e+01,2.677378626996235251e-05
8.949894989498949371e+02,6.597748147971810795e+01,2.755435630773781143e-05
8.951395139513950880e+02,6.598438398560936946e+01,2.835766710917085544e-05
8.952895289528952389e+02,6.599611781002880662e+01,2.918439159446025509e-05
8.954395439543953898e+02,6.600835548969020294e+01,3.003521691065126473e-05
8.955895589558955407e+02,6.601800832050092538e+01,3.091084977830831543e-05
8.957395739573956917e+02,6.602299762242549264e+01,3.181201732910199988e-05
8.958895889588958426e+02,6.602225473948554679e+01,3.273946710580908937e-05
8.960396039603959935e+02,6.601572103975991013e+01,3.369396706231253037e-05
8.961896189618961444e+02,6.600434791538452828e+01,3.467630556360144453e-05
8.963396339633962953e+02,6.599009678255252709e+01,3.568729138577111514e-05
8.964896489648964462e+02,6.597593908151415576e+01,3.672775371602301424e-05
8.966396639663965971e+02,6.596585627657682949e+01,3.779854215266478226e-05
8.967896789678967480e+02,6.596483985610508682e+01,3.890052670511022807e-05
8.969396939693968989e+02,6.597683411234136486e+01,4.003460536712044219e-05
8.970897089708970498e+02,6.599610119963858779e+01,4.120172941460043702e-05
8.972397239723972007e+02,6.601594926560301246e+01,4.240287697675311024e-05
8.973897389738973516e+02,6.603140403176762163e+01,4.363905237739423778e-05
8.975397539753975025e+02,6.603913320213695215e+01,4.491128659944885543e-05
8.976897689768976534e+02,6.603744646318713762e+01,4.622063728495119791e-05
8.978397839783978043e+02,6.602629548386589420e+01,4.756818873504475978e-05
8.979897989798979552e+02,6.600727391559246371e+01,4.895505190998224128e-05
8.981398139813981061e+02,6.598361739225774159e+01,5.038236442912560252e-05
8.982898289828982570e+02,6.596020353022413474e+01,5.185129057094602285e-05
8.984398439843984079e+02,6.594355192832564683e+01,5.336302127302390081e-05
8.985898589858985588e+02,6.594182416786786405e+01,5.491877413204888805e-05
8.987398739873987097e+02,6.596175946843990801e+01,5.651980408122124201e-05
8.988898889888988606e+02,6.599430734636059981e+01,5.816746043867528586e-05
8.990399039903990115e+02,6.602802493528788830e+01,5.986314598255254295e-05
8.991899189918991624e+02,6.605437217475547129e+01,6.160829544358196314e-05
8.993399339933993133e+02,6.606761551195064897e+01,6.340437573414422860e-05
8.994899489948994642e+02,6.606482790171426700e+01,6.525288594827175382e-05
8.996399639963996151e+02,6.604588880654075922e+01,6.715535736164871265e-05
8.997899789978997660e+02,6.601348419657816180e+01,6.911335343161099096e-05
8.999399939993999169e+02,6.597310654962804222e+01,7.112846979714624077e-05
9.000900090009000678e+02,6.593305485114557030e+01,7.320233427889383964e-05
9.002400240024002187e+02,6.590443459423950401e+01,7.533660687914490420e-05
9.003900390039003696e+02,6.590115777967213262e+01,7.753297978184229015e-05
9.005400540054005205e+02,6.593181705984174812e+01,7.979321285655926912e-05
9.006900690069006714e+02,6.597592081955130539e+01,8.211926073173312387e-05
9.008400840084008223e+02,6.601855165440542805e+01,8.451312741879974983e-05
9.009900990099009732e+02,6.604940006061291058e+01,8.697685200278222476e-05
9.011401140114011241e+02,6.606208542157496311e+01,8.951251109039478422e-05
9.012901290129012750e+02,6.605415600788515462e+01,9.212221881004286218e-05
9.014401440144014259e+02,6.602708897732951243e+01,9.480812681182305035e-05
9.015901590159015768e+02,6.598629037488639426e+01,9.757242426752308468e-05
9.017401740174017277e+02,6.594109513272660195e+01,1.004173378706218860e-04
9.018901890189018786e+02,6.590476707021331038e+01,1.033451318362895192e-04
9.020402040204020295e+02,6.589449889390208170e+01,1.063581079013872478e-04
9.021902190219021804e+02,6.592145577763069753e+01,1.094586693062166453e-04
9.023402340234023313e+02,6.595733791279786828e+01,1.126495525161677987e-04
9.024902490249024822e+02,6.598975857646979648e+01,1.159334833754359535e-04
9.026402640264026331e+02,6.601189293982169204e+01,1.193132304942587309e-04
9.027902790279027840e+02,6.602001200654413537e+01,1.227916204198578739e-04
9.029402940294029349e+02,6.601348261284300634e+01,1.263715376364392341e-04
9.030903090309030858e+02,6.599476742743958368e+01,1.300559245651927579e-04
9.032403240324032367e+02,6.596942495157045983e+01,1.338477815642925134e-04
9.033903390339033876e+02,6.594610951898756923e+01,1.377501669288966096e-04
9.035403540354035385e+02,6.593657129595818844e+01,1.417661968911473587e-04
9.036903690369036894e+02,6.595062928212429654e+01,1.458990924526829946e-04
9.038403840384038403e+02,6.597147407068808889e+01,1.501524130317785058e-04
9.039903990399039913e+02,6.599080223930239697e+01,1.545297431855040065e-04
9.041404140414041422e+02,6.600442347435823365e+01,1.590347390330641654e-04
9.042904290429042931e+02,6.600994719640084440e+01,1.636711498984855771e-04
9.044404440444044440e+02,6.600678256012982104e+01,1.684428183106167348e-04
9.045904590459045949e+02,6.599613845439900217e+01,1.733536800031279762e-04
9.047404740474047458e+02,6.598102350221654433e+01,1.784077639145115104e-04
9.048904890489048967e+02,6.596624606074490771e+01,1.836091921880815265e-04
9.050405040504050476e+02,6.595841422130082776e+01,1.889621801719739227e-04
9.051905190519051985e+02,6.596499622754583925e+01,1.944710499976665856e-04
9.053405340534053494e+02,6.598066931337487517e+01,2.001404170365141729e-04
9.054905490549055003e+02,6.599788712458979489e+01,2.059750428843979970e-04
9.056405640564056512e+02,6.601206179409251718e+01,2.119797967966651582e-04
9.057905790579058021e+02,6.602007944809122364e+01,2.181596805273384163e-04
9.059405940594059530e+02,6.602030020610035876e+01,2.245198283291159743e-04
9.060906090609061039e+02,6.601255818094071515e+01,2.310655069533717760e-04
9.062406240624062548e+02,6.599816147873931982e+01,2.378021156501552622e-04
9.063906390639064057e+02,6.597989219892951951e+01,2.447351861681915878e-04
9.065406540654065566e+02,6.596200643425095222e+01,2.518703827548813504e-04
9.066906690669067075e+02,6.595023427074954725e+01,2.592135021563008617e-04
9.068406840684068584e+02,6.595177978777751093e+01,2.667704736172020388e-04
9.069906990699070093e+02,6.597065610652011003e+01,2.745474494730158668e-04
9.071407140714071602e+02,6.599816302266196999e+01,2.825509875352040122e-04
9.072907290729073111e+02,6.602541323586170563e+01,2.907878467088933529e-04
9.074407440744074620e+02,6.604575888852446042e+01,2.992649546745799896e-04
9.075907590759076129e+02,6.605479068301897883e+01,3.079894079085143612e-04
9.077407740774077638e+02,6.605033788167753528e+01,3.169684716827012440e-04
9.078907890789079147e+02,6.603246830679597679e+01,3.262095800648998067e-04
9.080408040804080656e+02,6.600348834063368031e+01,3.357203359186235561e-04
9.081908190819082165e+02,6.596794292541362381e+01,3.455085109031403364e-04
9.083408340834083674e+02,6.593261556332231521e+01,3.555820454734722217e-04
9.084908490849085183e+02,6.590652831650982080e+01,3.659490488803958949e-04
9.086408640864086692e+02,6.590094180708976523e+01,3.766177991704422142e-04
9.087908790879088201e+02,6.592348277253442745e+01,3.875968827052073563e-04
9.089408940894089710e+02,6.595427637516061736e+01,3.988958058456890284e-04
9.090909090909091219e+02,6.598258891361885503e+01,4.105241709495282979e-04
9.092409240924092728e+02,6.600223668560431634e+01,4.224917567972902451e-04
9.093909390939094237e+02,6.600972794462775539e+01,4.348085607720316901e-04
9.095409540954095746e+02,6.600426290001551877e+01,4.474847988593016806e-04
9.096909690969097255e+02,6.598773371690953127e+01,4.605309056471412754e-04
9.098409840984098764e+02,6.596472451626728173e+01,4.739575343260835983e-04
9.099909990999100273e+02,6.594251137486187986e+01,4.877755566891538381e-04
9.101410141014101782e+02,6.593106232528198518e+01,5.019960631318690861e-04
9.102910291029103291e+02,6.594078766659774260e+01,5.166304386534560254e-04
9.104410441044104800e+02,6.595905347472292135e+01,5.316911586092318027e-04
9.105910591059106309e+02,6.597667240820955215e+01,5.471909363383804445e-04
9.107410741074107818e+02,6.598960637809697971e+01,5.631427029000477197e-04
9.108910891089109327e+02,6.599544125418543672e+01,5.795597282399176948e-04
9.110411041104110836e+02,6.599338686503591589e+01,5.964556211902119747e-04
9.111911191119112345e+02,6.598427699797026946e+01,6.138443294696901368e-04
9.113411341134113854e+02,6.597056939907113815e+01,6.317401396836498390e-04
9.114911491149115363e+02,6.595634577318200797e+01,6.501576773239264948e-04
9.116411641164116872e+02,6.594731178390713922e+01,6.691119067688932730e-04
9.117911791179118381e+02,6.595057528359699006e+01,6.886181436311230534e-04
9.119411941194119890e+02,6.596422743695232782e+01,7.086925856649217486e-04
9.120912091209120263e+02,6.598060209093252126e+01,7.293520996135056554e-04
9.122412241224121772e+02,6.599491594570216080e+01,7.506139188232744276e-04
9.123912391239123281e+02,6.600379591068876550e+01,7.724957529164019638e-04
9.125412541254124790e+02,6.600527910458279734e+01,7.950157877908978817e-04
9.126912691269126299e+02,6.599881285533757591e+01,8.181926856205922307e-04
9.128412841284127808e+02,6.598525470016942052e+01,8.420455848551358169e-04
9.129912991299129317e+02,6.596687238555752231e+01,8.665941002199999870e-04
9.131413141314130826e+02,6.594734386724401531e+01,8.918583227164763021e-04
9.132913291329132335e+02,6.593175731023396224e+01,9.178588196216772976e-04
9.134413441344133844e+02,6.592661108879531184e+01,9.446166344885356149e-04
9.135913591359135353e+02,6.593905799665220968e+01,9.721533407008922092e-04
9.137413741374136862e+02,6.596587773343108552e+01,1.000491797907693530e-03
9.138913891389138371e+02,6.599652455070960855e+01,1.029656029149014253e-03
9.140414041404139880e+02,6.602260626833368917e+01,1.059670662135350641e-03
9.141914191419141389e+02,6.603814962194309146e+01,1.090560915222336252e-03
9.143414341434142898e+02,6.603960026297150421e+01,1.122352597410743126e-03
9.144914491449144407e+02,6.602582275864649830e+01,1.155072108346480268e-03
9.146414641464145916e+02,6.599810059198954093e+01,1.188746438320594737e-03
9.147914791479147425e+02,6.596013616181599559e+01,1.223403168269271207e-03
9.149414941494148934e+02,6.591805078273512208e+01,1.259070469773832402e-03
9.150915091509150443e+02,6.588038468515006230e+01,1.295777105060738014e-03
9.152415241524151952e+02,6.585809701525785442e+01,1.333552427001586651e-03
9.153915391539153461e+02,6.586456583504947560e+01,1.372426379113113239e-03
9.155415541554154970e+02,6.589494396080846172e+01,1.412431267144835349e-03
9.156915691569156479e+02,6.592701057222379291e+01,1.453601981011522128e-03
9.158415841584157988e+02,6.595285489781353760e+01,1.495973288282718494e-03
9.159915991599159497e+02,6.596742749685896001e+01,1.539580718635013071e-03
9.161416141614161006e+02,6.596853910363995510e+01,1.584460563947145918e-03
9.162916291629162515e+02,6.595686062743499178e+01,1.630649878300009185e-03
9.164416441644164024e+02,6.593592315252116975e+01,1.678186477976647108e-03
9.165916591659165533e+02,6.591211793817416265e+01,1.727108941462254929e-03
9.167416741674167042e+02,6.589469641866823224e+01,1.777456609444180193e-03
9.168916891689168551e+02,6.589570837545056747e+01,1.829269592346937029e-03
9.170417041704170060e+02,6.591081944386169766e+01,1.882591096282541917e-03
9.171917191719171569e+02,6.592631436587288363e+01,1.937466645372045403e-03
9.173417341734173078e+02,6.593826737106361691e+01,1.993941946672319471e-03
9.174917491749174587e+02,6.594421800483510765e+01,2.052063935043491657e-03
9.176417641764176096e+02,6.594317112841017092e+01,2.111880773148944179e-03
9.177917791779177605e+02,6.593559691883326934e+01,2.173441851455314155e-03
9.179417941794179114e+02,6.592343086897052729e+01,2.236797788232492736e-03
9.180918091809180623e+02,6.591007378750971668e+01,2.302000429553627703e-03
9.182418241824182132e+02,6.590039179896021437e+01,2.369102849295120442e-03
9.183918391839183641e+02,6.590062936670008753e+01,2.438159368362611754e-03
9.185418541854185150e+02,6.591023463894944712e+01,2.509227131263377930e-03
9.186918691869186659e+02,6.592254844471183617e+01,2.582365658740162773e-03
9.188418841884188168e+02,6.593337554559929004e+01,2.657635766966324857e-03
9.189918991899189677e+02,6.593971623598933718e+01,2.735100003473509098e-03
9.191419141914191187e+02,6.593976634302495654e+01,2.814822647151646318e-03
9.192919291929192696e+02,6.593291722661456333e+01,2.896869708248951941e-03
9.194419441944194205e+02,6.591975577943208009e+01,2.981308928371927298e-03
9.195919591959195714e+02,6.590206442691683719e+01,3.068209780485360062e-03
9.197419741974197223e+02,6.588282112727367235e+01,3.157643468912322941e-03
9.198919891989198732e+02,6.586619937147283110e+01,3.249682929334173683e-03
9.200420042004200241e+02,6.585756818325006634e+01,3.344402828790556375e-03
9.201920192019201750e+02,6.586355380428399542e+01,3.441879569756388889e-03
9.203420342034203259e+02,6.588583026210459082e+01,3.542192931120076872e-03
9.204920492049204768e+02,6.591458619108141193e+01,3.645427659316113119e-03
9.206420642064206277e+02,6.594086390966276667e+01,3.751670917475665237e-03
9.207920792079207786e+02,6.595802838791762213e+01,3.861011998460934288e-03
9.209420942094209295e+02,6.596176724753560450e+01,3.973542324865151319e-03
9.210921092109210804e+02,6.595009076182702756e+01,4.089355449012580836e-03
9.212421242124212313e+02,6.592333185572283583e+01,4.208547052958518629e-03
9.213921392139213822e+02,6.588414610577463293e+01,4.331214948489293080e-03
9.215421542154215331e+02,6.583751174015472429e+01,4.457459077122263857e-03
9.216921692169216840e+02,6.579072963865604606e+01,4.587381510105824518e-03
9.218421842184218349e+02,6.575342333269220774e+01,4.721086448419398174e-03
9.219921992199219858e+02,6.573753900529746375e+01,4.858680222773442692e-03
9.221422142214221367e+02,6.575497157265785120e+01,5.000272014233184126e-03
9.222922292229222876e+02,6.578552725959670511e+01,5.145984103218206700e-03
9.224422442244224385e+02,6.581360542733935404e+01,5.295941627521191450e-03
9.225922592259225894e+02,6.583259674098762559e+01,5.450270662531710164e-03
9.227422742274227403e+02,6.583879209914111641e+01,5.609099975182314443e-03
9.228922892289228912e+02,6.583138263389716371e+01,5.772561023948540905e-03
9.230423042304230421e+02,6.581245971085085955e+01,5.940787958848903379e-03
9.231923192319231930e+02,6.578701492909505077e+01,6.113917621444900710e-03
9.233423342334233439e+02,6.576294012122033905e+01,6.292089544841012426e-03
9.234923492349234948e+02,6.575102735331509507e+01,6.475445953684698733e-03
9.236423642364236457e+02,6.575809843348024231e+01,6.664134786675713663e-03
9.237923792379237966e+02,6.576794301990865677e+01,6.858318099570871913e-03
9.239423942394239475e+02,6.577543872997294727e+01,7.058157673027237906e-03
9.240924092409240984e+02,6.577808828757062543e+01,7.263819132424252471e-03
9.242424242424242493e+02,6.577467216280474815e+01,7.475472549669639165e-03
9.243924392439244002e+02,6.576524857198381824e+01,7.693292443199403405e-03
9.245424542454245511e+02,6.575115347762186957e+01,7.917457777977829000e-03
9.246924692469247020e+02,6.573500058843843874e+01,8.148151965497483357e-03
9.248424842484248529e+02,6.572068135935850819e+01,8.385562863779217474e-03
9.249924992499250038e+02,6.571336499151263411e+01,8.629882777372161612e-03
9.251425142514251547e+02,6.571473099357797309e+01,8.881312111948255067e-03
9.252925292529253056e+02,6.571911211403104858e+01,9.140060675333397042e-03
9.254425442544254565e+02,6.572273562973300898e+01,9.406342544324274718e-03
9.255925592559256074e+02,6.572282965099097396e+01,9.680378047950560089e-03
9.257425742574257583e+02,6.571762173725655032e+01,9.962393768800453797e-03
9.258925892589259092e+02,6.570633889712577513e+01,1.025262254302067993e-02
9.260426042604260601e+02,6.568920758833914419e+01,1.055130346031648431e-02
9.261926192619262110e+02,6.566745371778161200e+01,1.085868186395163790e-02
9.263426342634263619e+02,6.564330264148254912e+01,1.117500935074843688e-02
9.264926492649265128e+02,6.561997916461581326e+01,1.150054377108770433e-02
9.266426642664266637e+02,6.560170754149969241e+01,1.183554922890878505e-02
9.267926792679268146e+02,6.559371052270394387e+01,1.218029608305093610e-02
9.269426942694269655e+02,6.559761332403650158e+01,1.253506592698005843e-02
9.270927092709271164e+02,6.560638418086659840e+01,1.290015542880242408e-02
9.272427242724272674e+02,6.561395554841433864e+01,1.327586870347792491e-02
9.273927392739274183e+02,6.561585859803867038e+01,1.366251799867859544e-02
9.275427542754275692e+02,6.560922321723728601e+01,1.406042369478862838e-02
9.276927692769277201e+02,6.559277800964665062e+01,1.446991430490435909e-02
9.278427842784278710e+02,6.556685029504198781e+01,1.489132647483427593e-02
9.279927992799280219e+02,6.553336610933732231e+01,1.532500498309901683e-02
9.281428142814281728e+02,6.549585020458542317e+01,1.577130274093136580e-02
9.282928292829283237e+02,6.545942604897784634e+01,1.623058079227626335e-02
9.284428442844284746e+02,6.543081582684493469e+01,1.670320831379078913e-02
9.285928592859286255e+02,6.541834043865577542e+01,1.718956261484418102e-02
9.287428742874287764e+02,6.542631310416925317e+01,1.769003520967494039e-02
9.288928892889289273e+02,6.544376015776343536e+01,1.820504744990154161e-02
9.290429042904290782e+02,6.546018258709548832e+01,1.873503412127917184e-02
9.291929192919292291e+02,6.546778749077382997e+01,1.928043973060562452e-02
9.293429342934293800e+02,6.546147570935866611e+01,1.984171851551526713e-02
9.294929492949295309e+02,6.543884182536200456e+01,2.041933444447906545e-02
9.296429642964296818e+02,6.540017416324764099e+01,2.101376121680458009e-02
9.297929792979298327e+02,6.534845478943118735e+01,2.162548226263595608e-02
9.299429942994299836e+02,6.528935951228008605e+01,2.225499074295393329e-02
9.300930093009301345e+02,6.523125788211353893e+01,2.290278954957583948e-02
9.302430243024302854e+02,6.518521319120257829e+01,2.356939130515560074e-02
9.303930393039304363e+02,6.516498247377003850e+01,2.425531836318373102e-02
9.305430543054305872e+02,6.517589741444517415e+01,2.496111837337566114e-02
9.306930693069307381e+02,6.519680578370724788e+01,2.568739811235352249e-02
9.308430843084308890e+02,6.521452328175071500e+01,2.643477529913774993e-02
9.309930993099310399e+02,6.521977577933974146e+01,2.720387865110111478e-02
9.311431143114311908e+02,6.520691799684686885e+01,2.799534821337513676e-02
9.312931293129313417e+02,6.517393350425291487e+01,2.880983535885008745e-02
9.314431443144313789e+02,6.512243472114714393e+01,2.964800278817433798e-02
9.315931593159315298e+02,6.505766291672701129e+01,3.051052452975692303e-02
9.317431743174316807e+02,6.498848820979840468e+01,3.139808593976373130e-02
9.318931893189318316e+02,6.492740956877554481e+01,3.231138370212002092e-02
9.320432043204319825e+02,6.489055481168099959e+01,3.325112582850980186e-02
9.321932193219321334e+02,6.488748621790723803e+01,3.421805294181708840e-02
9.323432343234322843e+02,6.489122705234123600e+01,3.521300656361646408e-02
9.324932493249324352e+02,6.489087396190218726e+01,3.623682260803287591e-02
9.326432643264325861e+02,6.488032566865102524e+01,3.729035036829212585e-02
9.327932793279327370e+02,6.485619949595989908e+01,3.837445666482772189e-02
9.329432943294328879e+02,6.481783136851210259e+01,3.949002584528087806e-02
9.330933093309330388e+02,6.476727581230213104e+01,4.063795978450049362e-02
9.332433243324331897e+02,6.470930595463563861e+01,4.181917788454319468e-02
9.333933393339333406e+02,6.465141352412949516e+01,4.303461707467330644e-02
9.335433543354334915e+02,6.460380885071170098e+01,4.428523181136285319e-02
9.336933693369336424e+02,6.457665301849681327e+01,4.557200257700905199e-02
9.338433843384337933e+02,6.455638489393780333e+01,4.689600982497006687e-02
9.339933993399339442e+02,6.453435205439913602e+01,4.825835026023246599e-02
9.341434143414340951e+02,6.450665970494546286e+01,4.966013844694429358e-02
9.342934293429342461e+02,6.447092941954119283e+01,5.110251674312873971e-02
9.344434443444343970e+02,6.442629914105060607e+01,5.258665530068414029e-02
9.345934593459345479e+02,6.437342318123774021e+01,5.411375206538394933e-02
9.347434743474346988e+02,6.431447222076647563e+01,5.568503277687673197e-02
9.348934893489348497e+02,6.425313330920049282e+01,5.730175096868622003e-02
9.350435043504350006e+02,6.419460986500331501e+01,5.896518796821124953e-02
9.351935193519351515e+02,6.414562143759705748e+01,6.067665289787638194e-02
9.353435343534353024e+02,6.410657211538881484e+01,6.243751906298741772e-02
9.354935493549354533e+02,6.406930603992401529e+01,6.424923360515968906e-02
9.356435643564356042e+02,6.402950936660249681e+01,6.611326742976192383e-02
9.357935793579357551e+02,6.398404077021144332e+01,6.803113033176462487e-02
9.359435943594359060e+02,6.393093144492545576e+01,7.000437099574013944e-02
9.360936093609360569e+02,6.386938510430651661e+01,7.203457699586265917e-02
9.362436243624362078e+02,6.379977798130397559e+01,7.412337479590812295e-02
9.363936393639363587e+02,6.372365882825457817e+01,7.627242974925432795e-02
9.365436543654365096e+02,6.364374891688244418e+01,7.848344609888091572e-02
9.366936693669366605e+02,6.356394203829908207e+01,8.075816697736927507e-02
9.368436843684368114e+02,6.348930450300340311e+01,8.309837440690266697e-02
9.369936993699369623e+02,6.342596492841921929e+01,8.550588987688952092e-02
9.371437143714371132e+02,6.337391306536741098e+01,8.798261861698179753e-02
9.372937293729372641e+02,6.332528662237832862e+01,9.053057438787896760e-02
9.374437443744374150e+02,6.327361523368782059e+01,9.315182289958347239e-02
9.375937593759375659e+02,6.321404134131793739e+01,9.584847850211795917e-02
9.377437743774377168e+02,6.314332019507698135e+01,9.862270418552518403e-02
9.378937893789378677e+02,6.305981985255944267e+01,1.014767115798680952e-01
9.380438043804380186e+02,6.296352117914604918e+01,1.044127609552297498e-01
9.381938193819381695e+02,6.285601784800375924e+01,1.074331612217133552e-01
9.383438343834383204e+02,6.274051634008574041e+01,1.105402699294422975e-01
9.384938493849384713e+02,6.262183594413138366e+01,1.137364932685601127e-01
9.386438643864386222e+02,6.250640875666631047e+01,1.170242860692304321e-01
9.387938793879387731e+02,6.240227968200234443e+01,1.204061518016370652e-01
9.389438943894389240e+02,6.231839158402986101e+01,1.238846483492162115e-01
9.390939093909390749e+02,6.224522363301444017e+01,1.274625590701573830e-01
9.392439243924392258e+02,6.217082567648754576e+01,1.311427903356075231e-01
9.393939393939393767e+02,6.208941711084226256e+01,1.349282779472515403e-01
9.395439543954395276e+02,6.199708106562293608e+01,1.388220172913806616e-01
9.396939693969396785e+02,6.189176440352515129e+01,1.428270633388922795e-01
9.398439843984398294e+02,6.177327772039576814e+01,1.469465306452900355e-01
9.399939993999399803e+02,6.164329534523290022e+01,1.511835933506837371e-01
9.401440144014401312e+02,6.150535534018592898e+01,1.555414851797894960e-01
9.402940294029402821e+02,6.136485950055547534e+01,1.600234994419296175e-01
9.404440444044404330e+02,6.122907335479343516e+01,1.646329890310325728e-01
9.405940594059405839e+02,6.110705310244112098e+01,1.693733673612846935e-01
9.407440744074407348e+02,6.099384178320882910e+01,1.742483165001259826e-01
9.408940894089408857e+02,6.087827226321645213e+01,1.792617075710855046e-01
9.410441044104410366e+02,6.075717650003204540e+01,1.844174135648755652e-01
9.411941194119411875e+02,6.062836497266387425e+01,1.897193963643281356e-01
9.413441344134413384e+02,6.049062668156043543e+01,1.951717067443946851e-01
9.414941494149414893e+02,6.034372914861040726e+01,2.007784843721463486e-01
9.416441644164416402e+02,6.018841841714270657e+01,2.065439578067738147e-01
9.417941794179417911e+02,6.002641905192644600e+01,2.124724444995872985e-01
9.419441944194419420e+02,5.986043413917096956e+01,2.185683507940167081e-01
9.420942094209420929e+02,5.969414528652580998e+01,2.248361719256114222e-01
9.422442244224422438e+02,5.953221262308073136e+01,2.312804920220404847e-01
9.423942394239423948e+02,5.937436652323096098e+01,2.379061111884533952e-01
9.425442544254425457e+02,5.921366134305284135e+01,2.447180831084846409e-01
9.426942694269426966e+02,5.904856693521925592e+01,2.517214714178098722e-01
9.428442844284428475e+02,5.887795772996669541e+01,2.589214643204773014e-01
9.429942994299429984e+02,5.870106594171627279e+01,2.663233756111659245e-01
9.431443144314431493e+02,5.851748156907375176e+01,2.739326446751858546e-01
9.432943294329433002e+02,5.832715239482951119e+01,2.817548364884782663e-01
9.434443444344434511e+02,5.813038398595858780e+01,2.897956416176152294e-01
9.435943594359436020e+02,5.792783969362063345e+01,2.980608762197998196e-01
9.437443744374437529e+02,5.772054065315995075e+01,3.065564820428661741e-01
9.438943894389439038e+02,5.750986578410545746e+01,3.152885264252794362e-01
9.440444044404440547e+02,5.729755179017072919e+01,3.242632022961356997e-01
9.441944194419442056e+02,5.708568520255016665e+01,3.334868286034470275e-01
9.443444344434443565e+02,5.686937394211837216e+01,3.429662266955640915e-01
9.444944494449445074e+02,5.664460827840950685e+01,3.527082567091230358e-01
9.446444644464446583e+02,5.641344703417526318e+01,3.627196054036099238e-01
9.447944794479448092e+02,5.617759967124950293e+01,3.730071494399290200e-01
9.449444944494449601e+02,5.593842629054820748e+01,3.835779553804024022e-01
9.450945094509451110e+02,5.569693763206951331e+01,3.944392796887704611e-01
9.452445244524452619e+02,5.545379507489369786e+01,4.055985687301912890e-01
9.453945394539454128e+02,5.520931063718319365e+01,4.170634587712413466e-01
9.455445544554455637e+02,5.496344697618255282e+01,4.288417759799148521e-01
9.456945694569457146e+02,5.471581738821848973e+01,4.409415364256241698e-01
9.458445844584458655e+02,5.446568580869985965e+01,4.533709460791997548e-01
9.459945994599460164e+02,5.421196681211766588e+01,4.661384008128899303e-01
9.461446144614461673e+02,5.395322561204503842e+01,4.792524864003612217e-01
9.462946294629463182e+02,5.368767806113727659e+01,4.927219785166980781e-01
9.464446444644464691e+02,5.341319065113179931e+01,5.065558427384030393e-01
9.465946594659466200e+02,5.312728051284818065e+01,5.207632345433965693e-01
9.467446744674467709e+02,5.282799395899087358e+01,5.353536192323845588e-01
9.468946894689469218e+02,5.251865487204494087e+01,5.503364517882988194e-01
9.470447044704470727e+02,5.220378902430773849e+01,5.657207600030057515e-01
9.471947194719472236e+02,5.188691628245302212e+01,5.815158382788170321e-01
9.473447344734473745e+02,5.157056396203017101e+01,5.977312740074944841e-01
9.474947494749475254e+02,5.125626682746418084e+01,6.143769475702504090e-01
9.476447644764476763e+02,5.094456709205568501e+01,6.314630323377473653e-01
9.477947794779478272e+02,5.063501441798093339e+01,6.489999946700982791e-01
9.479447944794479781e+02,5.032616591629182068e+01,6.669985939168664446e-01
9.480948094809481290e+02,5.001558614691585092e+01,6.854698824170653015e-01
9.482448244824482799e+02,4.969984711865615878e+01,7.044252054991588796e-01
9.483948394839484308e+02,4.937452828919150960e+01,7.238762014810612433e-01
9.485448544854485817e+02,4.903421656507629223e+01,7.438348016701371579e-01
9.486948694869487326e+02,4.867654244762193372e+01,7.643130429683900884e-01
9.488448844884488835e+02,4.831018483824580301e+01,7.853220200160730968e-01
9.489948994899490344e+02,4.793944318194805732e+01,8.068726685573941459e-01
9.491449144914491853e+02,4.756742797599577699e+01,8.289762474785957735e-01
9.492949294929493362e+02,4.719637150307106310e+01,8.516443380167659782e-01
9.494449444944494871e+02,4.682762783127102324e+01,8.748888437598391077e-01
9.495949594959496380e+02,4.646167281410778571e+01,8.987219906465950814e-01
9.497449744974497889e+02,4.609810409050848534e+01,9.231563269666596128e-01
9.498949894989499398e+02,4.573564108481526347e+01,9.482047233605046532e-01
9.500450045004500907e+02,4.537212500678528926e+01,9.738803728194476150e-01
9.501950195019502416e+02,4.500451885159073839e+01,1.000196790685652148e+00
9.503450345034503925e+02,4.462890739981878596e+01,1.027167814652127475e+00
9.504950495049504298e+02,4.424049721747193331e+01,1.054807604762707962e+00
9.506450645064505807e+02,4.383818770661408593e+01,1.083130076893570326e+00
9.507950795079507316e+02,4.343008776383344838e+01,1.112147346675279813e+00
9.509450945094508825e+02,4.301923338018833221e+01,1.141871625354093700e+00
9.510951095109510334e+02,4.260784453432988528e+01,1.172315385407256549e+00
9.512451245124511843e+02,4.219752008599893855e+01,1.203491346011168028e+00
9.513951395139513352e+02,4.178923777602604872e+01,1.235412473041383352e+00
9.515451545154514861e+02,4.138335422633145555e+01,1.268091979072612618e+00
9.516951695169516370e+02,4.097960493992510322e+01,1.301543323378721251e+00
9.518451845184517879e+02,4.057710430090663323e+01,1.335780211932729333e+00
9.519951995199519388e+02,4.017434557446538435e+01,1.370816597406813164e+00
9.521452145214520897e+02,3.976920090688039977e+01,1.406666679172303258e+00
9.522952295229522406e+02,3.935892132552042710e+01,1.443344903299685678e+00
9.524452445244523915e+02,3.894013673884389704e+01,1.480865962558601368e+00
9.525952595259525424e+02,3.851269388251999004e+01,1.519243879294881916e+00
9.527452745274526933e+02,3.808205025347107409e+01,1.558490116769569056e+00
9.528952895289528442e+02,3.765022106912749678e+01,1.598616035315548745e+00
9.530453045304529951e+02,3.721876907153614411e+01,1.639633020649841066e+00
9.531953195319531460e+02,3.678885392695836032e+01,1.681552476765500126e+00
9.533453345334532969e+02,3.636123222586994075e+01,1.724385825931614047e+00
9.534953495349534478e+02,3.593625748296112477e+01,1.768144508693305195e+00
9.536453645364535987e+02,3.551388013713659575e+01,1.812839983871729732e+00
9.537953795379537496e+02,3.509364755151548820e+01,1.858483728564077841e+00
9.539453945394539005e+02,3.467470401343139486e+01,1.905087238143573947e+00
9.540954095409540514e+02,3.425579073443233113e+01,1.952662026259476935e+00
9.542454245424542023e+02,3.383524585028079201e+01,2.001219624837078825e+00
9.543954395439543532e+02,3.341100442095369516e+01,2.050771584077706322e+00
9.545454545454545041e+02,3.298116190295640848e+01,2.101329224567204168e+00
9.546954695469546550e+02,3.254904007971028079e+01,2.152900387706145668e+00
9.548454845484548059e+02,3.211675670526351212e+01,2.205491247901746554e+00
9.549954995499549568e+02,3.168540667251605569e+01,2.259107697223545319e+00
9.551455145514551077e+02,3.125585785383238502e+01,2.313755150842943031e+00
9.552955295529552586e+02,3.082875110104148320e+01,2.369438547033206888e+00
9.554455445544554095e+02,3.040450024543684293e+01,2.426162347169466660e+00
9.555955595559555604e+02,2.998329209777646653e+01,2.483930535728717803e+00
9.557455745574557113e+02,2.956508644828288368e+01,2.542746620289819237e+00
9.558955895589558622e+02,2.914961606664311589e+01,2.602613631533494676e+00
9.560456045604560131e+02,2.873638670200871559e+01,2.663534123242331297e+00
9.561956195619561640e+02,2.832467708299573417e+01,2.725510172300781520e+00
9.563456345634563149e+02,2.791353891768473972e+01,2.788543378695162112e+00
9.564956495649564658e+02,2.750179689362082414e+01,2.852634865513652418e+00
9.566456645664566167e+02,2.708804867781357473e+01,2.917785278946297911e+00
9.567956795679567676e+02,2.667296031159149550e+01,2.983991903135171597e+00
9.569456945694569185e+02,2.625890887243648919e+01,3.051247567733321731e+00
9.570957095709570694e+02,2.584643376136023107e+01,3.119545228146359594e+00
9.572457245724572203e+02,2.543597783036065607e+01,3.188876415446148638e+00
9.573957395739573712e+02,2.502788952413741086e+01,3.259231234027987423e+00
9.575457545754575222e+02,2.462242288009185742e+01,3.330598361610608737e+00
9.576957695769576731e+02,2.421973752832706595e+01,3.402965049236180928e+00
9.578457845784578240e+02,2.381989869164782192e+01,3.476317121270307453e+00
9.579957995799579749e+02,2.342287718556062615e+01,3.550638975402026887e+00
9.581458145814581258e+02,2.302854941827367696e+01,3.625913582643812472e+00
9.582958295829582767e+02,2.263669739069690223e+01,3.702122487331573009e+00
9.584458445844584276e+02,2.224700869644193446e+01,3.779245807124651968e+00
9.585958595859585785e+02,2.185907652182211081e+01,3.857262233005828378e+00
9.587458745874587294e+02,2.147239964585248728e+01,3.936149029281315492e+00
9.588958895889588803e+02,2.108638244024983877e+01,4.015882033580762567e+00
9.590459045904590312e+02,2.070033486943263767e+01,4.096435656857254415e+00
9.591959195919591821e+02,2.031438968614075691e+01,4.177777567463938801e+00
9.593459345934593330e+02,1.993008150039329607e+01,4.259868501407287233e+00
9.594959495949594839e+02,1.954751316360510671e+01,4.342676925646407504e+00
9.596459645964596348e+02,1.916671900106503657e+01,4.426167869184311598e+00
9.597959795979597857e+02,1.878771529874400770e+01,4.510302585454776469e+00
9.599459945994599366e+02,1.841050030329503784e+01,4.595038552322342262e+00
9.600960096009600875e+02,1.803505422205321196e+01,4.680329472082311426e+00
9.602460246024602384e+02,1.766133922303570714e+01,4.766125271460754931e+00
9.603960396039603893e+02,1.728929943494177479e+01,4.852372101614503386e+00
9.605460546054605402e+02,1.691886094715275846e+01,4.939012338131153257e+00
9.606960696069606911e+02,1.654993180973207600e+01,5.025984581029065090e+00
9.608460846084608420e+02,1.618240203342522321e+01,5.113223654757364400e+00
9.609960996099609929e+02,1.581614358965979150e+01,5.200660608195937229e+00
9.611461146114611438e+02,1.545101041054543956e+01,5.288222714655439027e+00
9.612961296129612947e+02,1.508683838887391815e+01,5.375833471877283998e+00
9.614461446144614456e+02,1.472344537811905596e+01,5.463412602033654863e+00
9.615961596159615965e+02,1.436063119243676134e+01,5.550876051727493987e+00
9.617461746174617474e+02,1.399817760666503119e+01,5.638135991992511364e+00
9.618961896189618983e+02,1.363584835632393677e+01,5.725100818293180183e+00
9.620462046204620492e+02,1.327338913761563433e+01,5.811675150524735933e+00
9.621962196219622001e+02,1.291086885265620587e+01,5.897688641171168200e+00
9.623462346234623510e+02,1.254853567684254401e+01,5.982994539890606589e+00
9.624962496249625019e+02,1.218628666746467815e+01,6.067536344516826219e+00
9.626462646264626528e+02,1.182400883721851415e+01,6.151231563577058026e+00
9.627962796279628037e+02,1.146157999052643461e+01,6.233971494023934135e+00
9.629462946294629546e+02,1.109886872353728293e+01,6.315621221235487859e+00
9.630963096309631055e+02,1.073573442412636680e+01,6.396019619015156366e+00
9.632463246324632564e+02,1.037202727189546891e+01,6.474979349591777122e+00
9.633963396339634073e+02,1.000758823817283272e+01,6.552286863619590562e+00
9.635463546354635582e+02,9.642249086013171322e+00,6.627702400178238307e+00
9.636963696369637091e+02,9.275832370197665711e+00,6.700959986772764054e+00
9.638463846384638600e+02,8.908151437233957637e+00,6.771767439333613581e+00
9.639963996399640109e+02,8.539010425356163836e+00,6.839806362216634739e+00
9.641464146414641618e+02,8.168204264524861813e+00,6.904732148203078346e+00
9.642964296429643127e+02,7.795518676427102278e+00,6.966173978499593744e+00
9.644464446444644636e+02,7.420730174476394048e+00,7.023734822738235906e+00
9.645964596459646145e+02,7.043606063812720919e+00,7.076991438976460103e+00
9.647464746474647654e+02,6.663904441302531900e+00,7.125494373697122796e+00
9.648964896489649163e+02,6.281467579060788786e+00,7.168594045248335433e+00
9.650465046504650672e+02,5.896176342652495350e+00,7.205500454262682375e+00
9.651965196519652181e+02,5.507859766036920846e+00,7.235353894766277882e+00
9.653465346534653690e+02,5.116385732490975613e+00,7.257031081431423836e+00
9.654965496549655199e+02,4.721661001561169080e+00,7.269145097614029716e+00
9.656465646564656709e+02,4.323631217483873357e+00,7.270045346437451705e+00
9.657965796579658218e+02,3.922400458104137400e+00,7.257174919669965085e+00
9.659465946594659727e+02,3.518035048149684485e+00,7.228479888264208064e+00
9.660966096609661236e+02,3.110842013124783811e+00,7.180840111625728106e+00
9.662466246624662745e+02,2.701637206255587564e+00,7.108489748337230907e+00
9.663966396639664254e+02,2.291745308490122923e+00,7.003017256158586612e+00
9.665466546654665763e+02,1.883001402744636010e+00,6.853345116728442044e+00
9.666966696669667272e+02,1.478822287360319621e+00,6.635438022059966912e+00
9.668466846684668781e+02,1.083530953384981066e+00,6.336554132994552724e+00
9.669966996699670290e+02,7.079781439372934138e-01,5.882629416232742159e+00
9.671467146714671799e+02,3.724324586546188809e-01,5.096195404382968697e+00
9.672967296729673308e+02,1.194959065025005818e-01,3.516504490639985825e+00
9.674467446744674817e+02,1.971218194148876765e-02,4.836044905838973174e-01
9.675967596759676326e+02,1.792890369940353112e-02,3.459481185513018937e-03
9.677467746774677835e+02,2.405053111781128503e-02,6.332329171201347571e-05
9.678967896789679344e+02,3.236259713013248801e-02,3.273883001732223314e-06
9.680468046804680853e+02,4.354786668826524793e-02,4.153062295422765380e-07
9.681968196819682362e+02,5.859575799084561221e-02,7.694737172444933647e-08
9.683468346834683871e+02,7.883917090698308594e-02,3.232659734924891876e-08
9.684968496849685380e+02,1.060583475669605591e-01,1.251197796442853977e-08
9.686468646864686889e+02,1.426621651587894890e-01,1.559810262210528491e-08
9.687968796879688398e+02,1.918799709281990284e-01,1.058727547583674496e-08
9.689468946894689907e+02,2.579242617267937243e-01,7.367231635655454969e-09
9.690969096909691416e+02,3.465743611753173692e-01,6.001401291072902197e-09
9.692469246924692925e+02,4.656976806291688864e-01,5.371187602344098333e-09
9.693969396939694434e+02,6.253271204830599395e-01,4.820116291121998034e-09
9.695469546954695943e+02,8.386297350110948345e-01,4.418947553899442288e-09
9.696969696969697452e+02,1.123265753097532960e+00,4.177611072559957754e-09
9.698469846984697824e+02,1.502981517684455870e+00,4.040343114759254096e-09
9.699969996999699333e+02,2.007822460975895229e+00,3.969562448888273854e-09
9.701470147014700842e+02,2.673519785776929503e+00,3.945228700516013497e-09
9.702970297029702351e+02,3.544713801864605607e+00,3.955648643228414612e-09
9.704470447044703860e+02,4.684692623647078946e+00,3.993056976401064593e-09
9.705970597059705369e+02,6.159222783497180664e+00,4.051475878122658182e-09
9.707470747074706878e+02,8.034417904234533836e+00,4.126085927389227355e-09
9.708970897089708387e+02,1.037635729860782696e+01,4.213228121741835408e-09
9.710471047104709896e+02,1.323435309343170374e+01,4.310604414588941595e-09
9.711971197119711405e+02,1.665429026956945080e+01,4.416909775814316850e-09
9.713471347134712914e+02,2.063069917892892491e+01,4.531054055389876643e-09
9.714971497149714423e+02,2.508672418504394130e+01,4.652123059752068578e-09
9.716471647164715932e+02,2.987412366307426481e+01,4.779378551801874045e-09
9.717971797179717441e+02,3.477603914151361408e+01,4.912263878594537906e-09
9.719471947194718950e+02,3.958287111733780250e+01,5.050512574965699880e-09
9.720972097209720459e+02,4.411329258239670992e+01,5.193969588497076973e-09
9.722472247224721968e+02,4.822375608125249613e+01,5.342509112400379658e-09
9.723972397239723477e+02,5.182086048004764223e+01,5.496058071785149262e-09
9.725472547254724986e+02,5.486135096650497900e+01,5.654596123658755485e-09
9.726972697269726496e+02,5.735236155349419818e+01,5.818155103115762085e-09
9.728472847284728005e+02,5.935675476893004543e+01,5.986785092062378411e-09
9.729972997299729514e+02,6.094142478741952829e+01,6.160569351233789262e-09
9.731473147314731023e+02,6.216914449310127111e+01,6.339609892519668160e-09
9.732973297329732532e+02,6.310785992250615806e+01,6.524008773191999196e-09
9.734473447344734041e+02,6.382836978683847917e+01,6.713874309940567142e-09
9.735973597359735550e+02,6.437826434923287877e+01,6.909351646926200605e-09
9.737473747374737059e+02,6.478882732325226357e+01,7.110593328248357057e-09
9.738973897389738568e+02,6.509199157127666524e+01,7.317752395336082143e-09
9.740474047404740077e+02,6.532067812300678611e+01,7.530983129065264884e-09
9.741974197419741586e+02,6.550144011868431448e+01,7.750450044063113260e-09
9.743474347434743095e+02,6.563820801492718715e+01,7.976336462483421328e-09
9.744974497449744604e+02,6.573420804943462770e+01,8.208829584755998868e-09
9.746474647464746113e+02,6.579698604985991039e+01,8.448118724531904269e-09
9.747974797479747622e+02,6.583840743381041705e+01,8.694395308683454453e-09
9.749474947494749131e+02,6.587453986332943145e+01,8.947852966368199070e-09
9.750975097509750640e+02,6.591001032725903030e+01,9.208698962756348375e-09
9.752475247524752149e+02,6.593836605662849593e+01,9.477153510067896862e-09
9.753975397539753658e+02,6.595801786310113357e+01,9.753439602542469536e-09
9.755475547554755167e+02,6.596902498500297440e+01,1.003778582411218399e-08
9.756975697569756676e+02,6.597309508732278971e+01,1.033042634840166366e-08
9.758475847584758185e+02,6.597358426171216195e+01,1.063160093872802785e-08
9.759975997599759694e+02,6.597549702648535686e+01,1.094155494810089842e-08
9.761476147614761203e+02,6.598279816725718661e+01,1.126054183825289487e-08
9.762976297629762712e+02,6.599140403388287268e+01,1.158882822713901197e-08
9.764476447644764221e+02,6.599892091895299018e+01,1.192668594752456425e-08
9.765976597659765730e+02,6.600384631234061317e+01,1.227439478352596824e-08
9.767476747674767239e+02,6.600540105690556913e+01,1.263224266535249266e-08
9.768976897689768748e+02,6.600352934849445319e+01,1.300052566930624685e-08
9.770477047704770257e+02,6.599889873594061385e+01,1.337954801778219069e-08
9.771977197719771766e+02,6.599290012106418146e+01,1.376962207926813460e-08
9.773477347734773275e+02,6.598764775867202559e+01,1.417106836834472963e-08
9.774977497749774784e+02,6.598597925655779761e+01,1.458421554568547902e-08
9.776477647764776293e+02,6.599133919626812883e+01,1.500940179600130764e-08
9.777977797779777802e+02,6.600319901013263291e+01,1.544698026985404575e-08
9.779477947794779311e+02,6.601719365072423784e+01,1.589731388367162592e-08
9.780978097809780820e+02,6.602973223097177424e+01,1.636077646438836911e-08
9.782478247824782329e+02,6.603815665834402182e+01,1.683775299811796457e-08
9.783978397839783838e+02,6.604074163484980886e+01,1.732863963015343998e-08
9.785478547854785347e+02,6.603669465703794117e+01,1.783384366496718140e-08
9.786978697869786856e+02,6.602615601599721629e+01,1.835378356621094313e-08
9.788478847884788365e+02,6.601019879735646612e+01,1.888888895671582126e-08
9.789978997899789874e+02,6.599082888128447166e+01,1.943960061849227022e-08
9.791479147914791383e+02,6.597098494249007672e+01,2.000637049273010275e-08
9.792979297929792892e+02,6.595453845022205996e+01,2.058966167979848335e-08
9.794479447944794401e+02,6.594629366826926287e+01,2.118994843924593481e-08
9.795979597959795910e+02,6.595198520636408546e+01,2.180771619437905759e-08
9.797479747974797419e+02,6.597052925248578958e+01,2.244347540149104321e-08
9.798979897989798928e+02,6.599210845757933441e+01,2.309776499753532335e-08
9.800480048004800437e+02,6.601081066681267373e+01,2.377113332527292143e-08
9.801980198019801946e+02,6.602258545034685255e+01,2.446414289963999523e-08
9.803480348034803455e+02,6.602524410333595029e+01,2.517737040774782030e-08
9.804980498049804964e+02,6.601845964592712335e+01,2.591140670888279662e-08
9.806480648064806473e+02,6.600376682326061939e+01,2.666685683450645187e-08
9.807980798079807983e+02,6.598456210546973466e+01,2.744433998825542824e-08
9.809480948094809492e+02,6.596610368768081401e+01,2.824448954594150222e-08
9.810981098109811001e+02,6.595551149001329350e+01,2.906795305555157144e-08
9.812481248124812510e+02,6.596135041720025072e+01,2.991539311071155030e-08
9.813981398139814019e+02,6.597826368553830889e+01,3.078751901952540613e-08
9.815481548154815528e+02,6.599662852907452759e+01,3.168506786059100694e-08
9.816981698169817037e+02,6.601170575717503652e+01,3.260878933546463261e-08
9.818481848184818546e+02,6.602034873029906237e+01,3.355945315276284707e-08
9.819981998199820055e+02,6.602100335999885772e+01,3.453784902816253141e-08
9.821482148214821564e+02,6.601370810891975793e+01,3.554478668440084420e-08
9.822982298229823073e+02,6.600009399080016692e+01,3.658109585127524127e-08
9.824482448244824582e+02,6.598338457047155714e+01,3.764762626564347580e-08
9.825982598259826091e+02,6.596839596385845539e+01,3.874524767142359824e-08
9.827482748274827600e+02,6.596153683797844280e+01,3.987484981959394314e-08
9.828982898289829109e+02,6.596994007627448298e+01,4.103734516095599941e-08
9.830483048304830618e+02,6.598943518224749027e+01,4.223370373795341493e-08
9.831983198319832127e+02,6.601162162585949034e+01,4.346493302398671005e-08
9.833483348334833636e+02,6.603049472335953851e+01,4.473206503815503322e-08
9.834983498349835145e+02,6.604185545825450276e+01,4.603615879426411830e-08
9.836483648364836654e+02,6.604331048130917736e+01,4.737830030082630437e-08
9.837983798379838163e+02,6.603427211054618340e+01,4.875960256106050269e-08
9.839483948394839672e+02,6.601595833124605406e+01,5.018120557289222312e-08
9.840984098409841181e+02,6.599139279594717777e+01,5.164427632895357417e-08
9.842484248424842690e+02,6.596540482444582665e+01,5.315000881658324972e-08
9.843984398439844199e+02,6.594462940379612803e+01,5.469962401782654229e-08
9.845484548454845708e+02,6.593750718831010715e+01,5.629436990943531655e-08
9.846984698469847217e+02,6.595325673710138403e+01,5.793552465081185953e-08
9.848484848484848726e+02,6.598696080409163756e+01,5.962445311040723136e-08
9.849984998499850235e+02,6.602520967001817098e+01,6.136260038759479548e-08
9.851485148514851744e+02,6.605763941523483140e+01,6.315144471609119935e-08
9.852985298529853253e+02,6.607698860924662654e+01,6.499249618948533657e-08
9.854485448544854762e+02,6.607909831070976736e+01,6.688729676123834029e-08
9.855985598559856271e+02,6.606291206743166811e+01,6.883742024468363613e-08
9.857485748574857780e+02,6.603047591637093205e+01,7.084447231302688925e-08
9.858985898589859289e+02,6.598693838363733732e+01,7.291009049934603080e-08
9.860486048604860798e+02,6.594055048449186529e+01,7.503594419659127120e-08
9.861986198619862307e+02,6.590266572334668638e+01,7.722373465758502069e-08
9.863486348634863816e+02,6.588774009376516005e+01,7.947519499502199522e-08
9.864986498649865325e+02,6.591092345128839725e+01,8.179210055291118631e-08
9.866486648664866834e+02,6.595625592449616192e+01,8.417642488766383559e-08
9.867986798679868343e+02,6.600387736250910109e+01,8.663024464681062472e-08
9.869486948694869852e+02,6.604157018798181866e+01,8.915566179548978362e-08
9.870987098709871361e+02,6.606137393317244744e+01,9.175481480404073486e-08
9.872487248724872870e+02,6.605958523994270593e+01,9.442987864800408041e-08
9.873987398739874379e+02,6.603675785975778467e+01,9.718306480812160161e-08
9.875487548754875888e+02,6.599770265368645994e+01,1.000166212703362725e-07
9.876987698769877397e+02,6.595148759240103686e+01,1.029328325257922067e-07
9.878487848784878906e+02,6.591143775617737788e+01,1.059340195708347503e-07
9.879987998799880415e+02,6.589513533489483166e+01,1.090225399070104154e-07
9.881488148814881924e+02,6.591817128858112085e+01,1.122008290064331508e-07
9.882988298829883433e+02,6.595300316127658391e+01,1.154716864939836483e-07
9.884488448844884942e+02,6.598497082572370687e+01,1.188379201696666379e-07
9.885988598859886451e+02,6.600749181292829348e+01,1.223023657420744538e-07
9.887488748874887960e+02,6.601693500965679107e+01,1.258679196393528265e-07
9.888988898889888333e+02,6.601262065843629046e+01,1.295375390091978252e-07
9.890489048904889842e+02,6.599682035755442655e+01,1.333142417188673589e-07
9.891989198919891351e+02,6.597475706105953464e+01,1.372011063551642760e-07
9.893489348934892860e+02,6.595460507876052247e+01,1.412012722244474279e-07
9.894989498949894369e+02,6.594749007622692716e+01,1.453179393526290490e-07
9.896489648964895878e+02,6.596133585367124397e+01,1.495544282141201694e-07
9.897989798979897387e+02,6.598015674421024812e+01,1.539143821873493086e-07
9.899489948994898896e+02,6.599727006042068922e+01,1.584014593417525561e-07
9.900990099009900405e+02,6.600905890899865369e+01,1.630194011424920755e-07
9.902490249024901914e+02,6.601351333063097115e+01,1.677720468024369371e-07
9.903990399039903423e+02,6.601023029999527125e+01,1.726633332821634360e-07
9.905490549054904932e+02,6.600041372575989840e+01,1.776972952899547743e-07
9.906990699069906441e+02,6.598687445058399703e+01,1.828780652818012729e-07
9.908490849084907950e+02,6.597403025111745478e+01,1.882098734614003184e-07
9.909990999099909459e+02,6.596790583800095931e+01,1.936970477801563897e-07
9.911491149114910968e+02,6.597501043618619576e+01,1.993440315419776525e-07
9.912991299129912477e+02,6.599036345371409595e+01,2.051555542705812183e-07
9.914491449144913986e+02,6.600722550606346317e+01,2.111364849404239157e-07
9.915991599159915495e+02,6.602115080548949777e+01,2.172918124184048059e-07
9.917491749174917004e+02,6.602909808064258357e+01,2.236266628272921689e-07
9.918991899189918513e+02,6.602943057656823100e+01,2.301462995457234501e-07
9.920492049204920022e+02,6.602191605470709135e+01,2.368561232082051814e-07
9.921992199219921531e+02,6.600772679289495670e+01,2.437616717051131926e-07
9.923492349234923040e+02,6.598943958536280263e+01,2.508686201826922939e-07
9.924992499249924549e+02,6.597103574273668869e+01,2.581827810430566198e-07
9.926492649264926058e+02,6.595790109203788631e+01,2.657101039441893383e-07
9.927992799279927567e+02,6.595682597668276514e+01,2.734566757999429682e-07
9.929492949294929076e+02,6.597418521263308833e+01,2.814287574245473031e-07
9.930993099309930585e+02,6.600388315270512862e+01,2.896330228258584311e-07
9.932493249324932094e+02,6.603551622301858970e+01,2.980764297701658153e-07
9.933993399339933603e+02,6.606109094887064259e+01,3.067661062363559110e-07
9.935493549354935112e+02,6.607506180011698405e+01,3.157093499172131543e-07
9.936993699369936621e+02,6.607433119117187914e+01,3.249136282194199087e-07
9.938493849384938130e+02,6.605824948100818972e+01,3.343865782635564651e-07
9.939993999399939639e+02,6.602861497315731754e+01,3.441360068841008830e-07
9.941494149414941148e+02,6.598967391570920427e+01,3.541698906294292557e-07
9.942994299429942657e+02,6.594812050131238834e+01,3.644963757618156564e-07
9.944494449444944166e+02,6.591309686717397653e+01,3.751237782574318745e-07
9.945994599459945675e+02,6.589619309505960132e+01,3.860605838063477855e-07
9.947494749474947184e+02,6.591085706910180875e+01,3.973154618881131577e-07
9.948994899489948693e+02,6.594399723951337933e+01,4.088979731579564190e-07
9.950495049504950202e+02,6.597698287240361026e+01,4.208181467027935895e-07
9.951995199519951711e+02,6.600243613963652933e+01,4.330860421874174327e-07
9.953495349534953220e+02,6.601587104095591485e+01,4.457119382997785931e-07
9.954995499549954729e+02,6.601569340398516772e+01,4.587063327509854906e-07
9.956495649564956238e+02,6.600320088422748199e+01,4.720799422753043201e-07
9.957995799579957747e+02,6.598258296506570275e+01,4.858437026301590520e-07
9.959495949594959257e+02,6.596092095776241138e+01,5.000087685961314316e-07
9.960996099609960766e+02,6.594818800145986870e+01,5.145865139769610327e-07
9.962496249624962275e+02,6.595593960094652175e+01,5.295885773122289895e-07
9.963996399639963784e+02,6.597311327915953427e+01,5.450277045149261386e-07
9.965496549654965293e+02,6.598960767504597413e+01,5.609169607254383036e-07
9.966996699669966802e+02,6.600190225001882993e+01,5.772695825849317830e-07
9.968496849684968311e+02,6.600793016304341165e+01,5.940991613020161420e-07
9.969996999699969820e+02,6.600707827063727962e+01,6.114196426527445301e-07
9.971497149714971329e+02,6.600018712687027289e+01,6.292453269806129403e-07
9.972997299729972838e+02,6.598955098336450931e+01,6.475908691965610559e-07
9.974497449744974347e+02,6.597891778929439965e+01,6.664712787789717211e-07
9.975997599759975856e+02,6.597348919138659085e+01,6.859019197736709411e-07
9.977497749774977365e+02,6.597908222418496393e+01,7.058985620189325226e-07
9.978997899789978874e+02,6.599193772793459800e+01,7.264779185531103927e-07
9.980498049804980383e+02,6.600627903692064535e+01,7.476571784395460889e-07
9.981998199819981892e+02,6.601828670271382293e+01,7.694539659949376926e-07
9.983498349834983401e+02,6.602532278364314777e+01,7.918864058812084118e-07
9.984998499849984910e+02,6.602593084479595120e+01,8.149731231055065802e-07
9.986498649864986419e+02,6.601983595801793570e+01,8.387332430202057642e-07
9.987998799879987928e+02,6.600794470191307539e+01,8.631863913229046560e-07
9.989498949894989437e+02,6.599234516184365873e+01,8.883526940564270741e-07
9.990999099909990946e+02,6.597630692993035950e+01,9.142527776088221752e-07
9.992499249924992455e+02,6.596428110505209474e+01,9.409077687133639245e-07
9.993999399939993964e+02,6.596190029284615264e+01,9.683392944485519426e-07
9.995499549954995473e+02,6.597586656321342957e+01,9.965695077393883420e-07
9.996999699969996982e+02,6.600428891299847578e+01,1.025621786730280905e-06
9.998499849984998491e+02,6.603675123486908660e+01,1.055520752297182138e-06
1.000000000000000000e+03,6.606481052461927561e+01,1.086291660346590537e-06
1.000150015001500151e+03,6.608236898709473905e+01,1.117960382163094708e-06
1.000300030003000302e+03,6.608567403619277059e+01,1.150553404409372720e-06
1.000450045004500453e+03,6.607331829486236074e+01,1.184097829126193173e-06
1.000600060006000604e+03,6.604623959510412590e+01,1.218621373732414136e-06
1.000750075007500755e+03,6.600772097797036508e+01,1.254152371024983358e-06
1.000900090009000905e+03,6.596339069356498896e+01,1.290719769178939537e-06
1.001050105010501056e+03,6.592122220104360508e+01,1.328353131747409785e-06
1.001200120012001207e+03,6.589153416861343260e+01,1.367082637661612585e-06
1.001350135013501358e+03,6.588699047353337335e+01,1.406939081230855679e-06
1.001500150015001509e+03,6.591545931776624911e+01,1.447954499076927910e-06
1.001650165016501660e+03,6.595119051521554354e+01,1.490164906972694421e-06
1.001800180018001811e+03,6.598254809271459465e+01,1.533606295109231344e-06
1.001950195019501962e+03,6.600360297574023605e+01,1.578315200393525650e-06
1.002100210021002113e+03,6.601137703456379313e+01,1.624328937351151163e-06
1.002250225022502264e+03,6.600584308425096935e+01,1.671685598126268554e-06
1.002400240024002414e+03,6.598992488466191730e+01,1.720424052481624711e-06
1.002550255025502565e+03,6.596949714045118185e+01,1.770583947798554222e-06
1.002700270027002716e+03,6.595338550106774278e+01,1.822205709076977886e-06
1.002850285028502867e+03,6.595336656075501480e+01,1.875330538935403356e-06
1.003000300030003018e+03,6.596844419821550787e+01,1.930002388968652827e-06
1.003150315031503169e+03,6.598377188102169555e+01,1.986268125231267350e-06
1.003300330033003320e+03,6.599600264925445003e+01,2.044174558635497570e-06
1.003450345034503471e+03,6.600307858544753969e+01,2.103769789038779365e-06
1.003600360036003622e+03,6.600421685627830470e+01,2.165103207012230856e-06
1.003750375037503773e+03,6.599990971256764283e+01,2.228225493840651981e-06
1.003900390039003923e+03,6.599192448927996679e+01,2.293188621522524920e-06
1.004050405040504074e+03,6.598330360552327534e+01,2.360045852770013249e-06
1.004200420042004225e+03,6.597836456454911058e+01,2.428851741008964054e-06
1.004350435043504376e+03,6.598226609170116319e+01,2.499662239756964440e-06
1.004500450045004527e+03,6.599294335015477486e+01,2.572536336107460134e-06
1.004650465046504678e+03,6.600535879093071401e+01,2.647534766201965869e-06
1.004800480048004829e+03,6.601610997697456185e+01,2.724719816055282694e-06
1.004950495049504980e+03,6.602279779653329683e+01,2.804155589698450158e-06
1.005100510051005131e+03,6.602402646315537993e+01,2.885908009178745461e-06
1.005250525052505282e+03,6.601940351569059828e+01,2.970044814559684303e-06
1.005400540054005432e+03,6.600953981829024997e+01,3.056635563921020459e-06
1.005550555055505583e+03,6.599604956040697346e+01,3.145751633358745356e-06
1.005700570057005734e+03,6.598155025679487551e+01,3.237466216985089341e-06
1.005850585058505885e+03,6.596966274750944592e+01,3.331854326928520418e-06
1.006000600060006036e+03,6.596501119790762857e+01,3.428992793333745085e-06
1.006150615061506187e+03,6.597276024076742829e+01,3.528960430011357694e-06
1.006300630063006338e+03,6.599039857759754568e+01,3.631840409616913627e-06
1.006450645064506489e+03,6.601067818083207328e+01,3.737719103311117494e-06
1.006600660066006640e+03,6.602807913833844111e+01,3.846685099953456072e-06
1.006750675067506791e+03,6.603871945478086047e+01,3.958829362849631329e-06
1.006900690069006941e+03,6.604035505162019604e+01,4.074245229751554072e-06
1.007050705070507092e+03,6.603237976711410795e+01,4.193028412857350301e-06
1.007200720072007243e+03,6.601582535631693816e+01,4.315276998811358244e-06
1.007350735073507394e+03,6.599336149107978144e+01,4.441091448704126661e-06
1.007500750075007545e+03,6.596929576005042861e+01,4.570574598072418234e-06
1.007650765076507696e+03,6.594957366867340909e+01,4.703831656899207873e-06
1.007800780078007847e+03,6.594177863918999094e+01,4.840970209613681869e-06
1.007950795079507998e+03,6.595448630260814582e+01,4.982100407258202335e-06
1.008100810081008149e+03,6.598419288544266692e+01,5.127339313826608239e-06
1.008250825082508186e+03,6.601864607946160390e+01,5.276810726700835246e-06
1.008400840084008337e+03,6.604834718917889802e+01,5.430641385360137052e-06
1.008550855085508488e+03,6.606660216554828935e+01,5.588960895365176554e-06
1.008700870087008639e+03,6.606952160596340207e+01,5.751901728358479017e-06
1.008850885088508790e+03,6.605602075425770181e+01,5.919599222064319418e-06
1.009000900090008940e+03,6.602781950070456674e+01,6.092191580288724138e-06
1.009150915091509091e+03,6.598944238201718804e+01,6.269819872919465033e-06
1.009300930093009242e+03,6.594821858134862680e+01,6.452628035926067060e-06
1.009450945094509393e+03,6.591428192829182819e+01,6.640762871359803191e-06
1.009600960096009544e+03,6.590057089887957886e+01,6.834374047353696113e-06
1.009750975097509695e+03,6.592091224198286170e+01,7.033614810825895267e-06
1.009900990099009846e+03,6.596252218719310179e+01,7.238653692148539916e-06
1.010051005100509997e+03,6.600715341214835519e+01,7.449668458410803933e-06
1.010201020102010148e+03,6.604311852644360670e+01,7.666839506943407472e-06
1.010351035103510299e+03,6.606266415588292773e+01,7.890350573626310604e-06
1.010501050105010449e+03,6.606197094247953316e+01,8.120388732888726870e-06
1.010651065106510600e+03,6.604115354445572450e+01,8.357144397709108036e-06
1.010801080108010751e+03,6.600426063624290407e+01,8.600811319615157645e-06
1.010951095109510902e+03,6.595927490848161767e+01,8.851586588683820852e-06
1.011101110111011053e+03,6.591811306802151194e+01,9.109670633541289508e-06
1.011251125112511204e+03,6.589662583792130590e+01,9.375267221363002155e-06
1.011401140114011355e+03,6.591275076854402926e+01,9.648584500473493465e-06
1.011551155115511506e+03,6.594782684615580592e+01,9.929857782235235403e-06
1.011701170117011657e+03,6.598254222143313541e+01,1.021933108736630569e-05
1.011851185118511808e+03,6.600897993179576417e+01,1.051724914523313030e-05
1.012001200120011958e+03,6.602232535894665943e+01,1.082386183966129555e-05
1.012151215121512109e+03,6.602086622887202338e+01,1.113942420893555992e-05
1.012301230123012260e+03,6.600599261184126476e+01,1.146419644579984049e-05
1.012451245124512411e+03,6.598219692240705569e+01,1.179844389745722825e-05
1.012601260126012562e+03,6.595707391940526065e+01,1.214243706556997279e-05
1.012751275127512713e+03,6.594132070595496486e+01,1.249645160625949248e-05
1.012901290129012864e+03,6.594807969572988782e+01,1.286076887465872156e-05
1.013051305130513015e+03,6.596828257234776061e+01,1.323569646726500544e-05
1.013201320132013166e+03,6.598883561339297898e+01,1.362155417024749258e-05
1.013351335133513317e+03,6.600492542543283037e+01,1.401866463647188308e-05
1.013501350135013467e+03,6.601353970424084139e+01,1.442735881705832683e-05
1.013651365136513618e+03,6.601346723479682055e+01,1.484797596138142350e-05
1.013801380138013769e+03,6.600529789128681557e+01,1.528086361707022765e-05
1.013951395139513920e+03,6.599142263710312761e+01,1.572637763000823513e-05
1.014101410141014071e+03,6.597603352484432548e+01,1.618488214433340007e-05
1.014251425142514222e+03,6.596512369631518879e+01,1.665674960243812637e-05
1.014401440144014373e+03,6.596648172875674732e+01,1.714236075247404909e-05
1.014551455145514524e+03,6.598045433011763805e+01,1.764211614170828560e-05
1.014701470147014675e+03,6.599787440368592684e+01,1.815643780229951343e-05
1.014851485148514826e+03,6.601365728618577577e+01,1.868575518530426297e-05
1.015001500150014976e+03,6.602419093214413692e+01,1.923050954211918181e-05
1.015151515151515127e+03,6.602733591389082335e+01,1.979115392448105846e-05
1.015301530153015278e+03,6.602242542155849492e+01,2.036815318446678850e-05
1.015451545154515429e+03,6.601026526308261566e+01,2.096198397449340844e-05
1.015601560156015580e+03,6.599313386420149641e+01,2.157313474731807878e-05
1.015751575157515731e+03,6.597478226845628058e+01,2.220210575603808400e-05
1.015901590159015882e+03,6.596043413719095838e+01,2.284940905409083936e-05
1.016051605160516033e+03,6.595678574955235263e+01,2.351556849525387395e-05
1.016201620162016184e+03,6.597051191226903200e+01,2.420112236486117127e-05
1.016351635163516335e+03,6.599639812027216124e+01,2.490664346461493979e-05
1.016501650165016486e+03,6.602479401817842586e+01,2.563272848218476669e-05
1.016651665166516636e+03,6.604829934235620215e+01,2.637998902795630693e-05
1.016801680168016787e+03,6.606175034297083926e+01,2.714905175005378693e-05
1.016951695169516938e+03,6.606221978398460237e+01,2.794055833433999779e-05
1.017101710171017089e+03,6.604901694315675797e+01,2.875516550441629531e-05
1.017251725172517240e+03,6.602368761204348857e+01,2.959354502162259994e-05
1.017401740174017391e+03,6.599001409599793533e+01,3.045638368503740361e-05
1.017551755175517542e+03,6.595401521417019808e+01,3.134438333147775613e-05
1.017701770177017693e+03,6.592394629950732110e+01,3.225826083549927878e-05
1.017851785178517844e+03,6.591029919875330734e+01,3.319874810939616431e-05
1.018001800180017995e+03,6.592479958215992042e+01,3.416659419486626809e-05
1.018151815181518145e+03,6.595485603800702279e+01,3.516262098394620339e-05
1.018301830183018296e+03,6.598515572021095466e+01,3.618768392263243280e-05
1.018451845184518447e+03,6.600859960728203646e+01,3.724264699864912820e-05
1.018601860186018598e+03,6.602078135574451778e+01,3.832839367368441353e-05
1.018751875187518749e+03,6.601998730013664840e+01,3.944582688339039195e-05
1.018901890189018900e+03,6.600719645301063565e+01,4.059586903738313904e-05
1.019051905190519051e+03,6.598608050493265864e+01,4.177946201924269604e-05
1.019201920192019202e+03,6.596300382448285404e+01,4.299756718651307662e-05
1.019351935193519353e+03,6.594702345825534451e+01,4.425116537070225331e-05
1.019501950195019504e+03,6.594983469481154259e+01,4.554125704139703399e-05
1.019651965196519654e+03,6.596753877205759409e+01,4.686891710720047724e-05
1.019801980198019805e+03,6.598634520680384696e+01,4.823527997333695535e-05
1.019951995199519956e+03,6.600166286748792288e+01,4.964148672533083057e-05
1.020102010201020107e+03,6.601052611537906500e+01,5.108870863495392839e-05
1.020252025202520258e+03,6.601159480457823747e+01,5.257814716022549009e-05
1.020402040204020409e+03,6.600515428201804013e+01,5.411103394541219309e-05
1.020552055205520560e+03,6.599311538746273698e+01,5.568863082102817126e-05
1.020702070207020711e+03,6.597901445350825611e+01,5.731222980383496074e-05
1.020852085208520862e+03,6.596801330558218979e+01,5.898315309684155412e-05
1.021002100210021013e+03,6.596689926194379439e+01,6.070275308930438011e-05
1.021152115211521163e+03,6.597880874397330331e+01,6.247243691637697344e-05
1.021302130213021314e+03,6.599546765360949507e+01,6.429369713474691861e-05
1.021452145214521465e+03,6.601153745460776179e+01,6.616805425886926925e-05
1.021602160216021616e+03,6.602316238189138176e+01,6.809707086500489952e-05
1.021752175217521767e+03,6.602789996972227016e+01,7.008235195606240923e-05
1.021902190219021918e+03,6.602472105170082273e+01,7.212554496159815092e-05
1.022052205220522069e+03,6.601400976076604366e+01,7.422833973781618917e-05
1.022202220222022220e+03,6.599756352919546032e+01,7.639246856756834133e-05
1.022352235223522371e+03,6.597859308860520855e+01,7.861970616035415034e-05
1.022502250225022522e+03,6.596172246994990473e+01,8.091186965232088479e-05
1.022652265226522672e+03,6.595298900352280214e+01,8.327081860626355241e-05
1.022802280228022823e+03,6.595978514457667075e+01,8.569845541445460658e-05
1.022952295229522974e+03,6.598386617358249850e+01,8.819676809399421761e-05
1.023102310231023125e+03,6.601517637870182398e+01,9.076787140884074975e-05
1.023252325232523276e+03,6.604448177230480610e+01,9.341394083848098375e-05
1.023402340234023427e+03,6.606497654389588092e+01,9.613720447829458490e-05
1.023552355235523578e+03,6.607228306011364793e+01,9.893994303955413008e-05
1.023702370237023729e+03,6.606445186473098374e+01,1.018244898494250535e-04
1.023852385238523880e+03,6.604196167865498523e+01,1.047932308509656605e-04
1.024002400240023917e+03,6.600771939992701220e+01,1.078486046031248502e-04
1.024152415241524068e+03,6.596706010372257367e+01,1.109931022807513184e-04
1.024302430243024219e+03,6.592774704235146999e+01,1.142292676745797469e-04
1.024452445244524370e+03,6.589997164525776441e+01,1.175596971912400195e-04
1.024602460246024521e+03,6.589635351901966942e+01,1.209870398532548639e-04
1.024752475247524671e+03,6.592345102963281533e+01,1.245140612473728359e-04
1.024902490249024822e+03,6.595719606178974459e+01,1.281438466051370109e-04
1.025052505250524973e+03,6.598702769436135895e+01,1.318794817907829170e-04
1.025202520252025124e+03,6.600693981042172709e+01,1.357241085010484408e-04
1.025352535253525275e+03,6.601379767057434833e+01,1.396809363704831493e-04
1.025502550255025426e+03,6.600733791295220954e+01,1.437532429714484799e-04
1.025652565256525577e+03,6.599016855321772823e+01,1.479443738141175235e-04
1.025802580258025728e+03,6.596776898456280946e+01,1.522577423464752686e-04
1.025952595259525879e+03,6.594848997770878896e+01,1.566968299543183569e-04
1.026102610261026030e+03,6.594355368090648994e+01,1.612651859612552465e-04
1.026252625262526180e+03,6.595819349503172191e+01,1.659665230583507584e-04
1.026402640264026331e+03,6.597560531092643998e+01,1.708048924064558204e-04
1.026552655265526482e+03,6.599061057183659784e+01,1.757843375861593675e-04
1.026702670267026633e+03,6.600027599247830778e+01,1.809090032403556144e-04
1.026852685268526784e+03,6.600313848649659576e+01,1.861831435164634189e-04
1.027002700270026935e+03,6.599920516646550084e+01,1.916111220664263898e-04
1.027152715271527086e+03,6.598995334388801837e+01,1.971974120467127791e-04
1.027302730273027237e+03,6.597833052919612840e+01,2.029465961183155086e-04
1.027452745274527388e+03,6.596875443175079567e+01,2.088633664467521699e-04
1.027602760276027539e+03,6.596711295984191281e+01,2.149525247020650791e-04
1.027752775277527689e+03,6.597673057678119335e+01,2.212190536708443910e-04
1.027902790279027840e+03,6.599077803114960261e+01,2.276682221660903370e-04
1.028052805280527991e+03,6.600457398590693003e+01,2.343054002132727331e-04
1.028202820282028142e+03,6.601473298584905081e+01,2.411361103244252986e-04
1.028352835283528293e+03,6.601907188937308035e+01,2.481660294982171509e-04
1.028502850285028444e+03,6.601660986847727486e+01,2.554009892199528872e-04
1.028652865286528595e+03,6.600756840876108811e+01,2.628469754615725298e-04
1.028802880288028746e+03,6.599337130942518570e+01,2.705101286816514452e-04
1.028952895289528897e+03,6.597664468327141662e+01,2.783967438254006692e-04
1.029102910291029048e+03,6.596121695670278484e+01,2.865132703246664188e-04
1.029252925292529198e+03,6.595211886972353454e+01,2.948663120979304721e-04
1.029402940294029349e+03,6.595559511643872952e+01,3.034626274001907763e-04
1.029552955295529500e+03,6.597671955025508339e+01,3.123091926464820266e-04
1.029702970297029651e+03,6.600767805059896887e+01,3.214134503213753437e-04
1.029852985298529802e+03,6.603870780292706399e+01,3.307831083144145332e-04
1.030003000300029953e+03,6.606239623180422882e+01,3.404260646377170094e-04
1.030153015301530104e+03,6.607368100090351959e+01,3.503504074259739041e-04
1.030303030303030255e+03,6.606985001300610350e+01,3.605644149364500665e-04
1.030453045304530406e+03,6.605054141000140078e+01,3.710765555489840091e-04
1.030603060306030557e+03,6.601774357288695683e+01,3.818954877659880157e-04
1.030753075307530708e+03,6.597579512176847061e+01,3.930300602124479252e-04
1.030903090309030858e+03,6.593138491585985150e+01,4.044893116359232939e-04
1.031053105310531009e+03,6.589355205348317668e+01,4.162824709065473410e-04
1.031203120312031160e+03,6.587368587206866266e+01,4.284189570170271119e-04
1.031353135313531311e+03,6.588546234293561099e+01,4.409083807702865042e-04
1.031503150315031462e+03,6.591941809011200348e+01,4.537612477566198071e-04
1.031653165316531613e+03,6.595341859334155288e+01,4.669887765283586996e-04
1.031803180318031764e+03,6.597996047225595362e+01,4.806021335994418975e-04
1.031953195319531915e+03,6.599447945071676713e+01,4.946127261972770766e-04
1.032103210321032066e+03,6.599535035681540762e+01,5.090322022627407099e-04
1.032253225322532217e+03,6.598388712287315627e+01,5.238724504501784474e-04
1.032403240324032367e+03,6.596434278544120389e+01,5.391456001274045739e-04
1.032553255325532518e+03,6.594390948530055141e+01,5.548640213757023883e-04
1.032703270327032669e+03,6.593271846746210940e+01,5.710403249898239868e-04
1.032853285328532820e+03,6.594138742943842146e+01,5.876874579423734066e-04
1.033003300330032971e+03,6.595670928124772558e+01,6.048196452433205091e-04
1.033153315331533122e+03,6.597065652109226619e+01,6.224513024637479434e-04
1.033303330333033273e+03,6.598039686336272780e+01,6.405970880979151589e-04
1.033453345334533424e+03,6.598439027731333795e+01,6.592720589867307824e-04
1.033603360336033575e+03,6.598238898706189559e+01,6.784916703177525099e-04
1.033753375337533726e+03,6.597543747158968586e+01,6.982717756251869985e-04
1.033903390339033876e+03,6.596587246474157951e+01,7.186286267898900825e-04
1.034053405340534027e+03,6.595732295522597610e+01,7.395788740393665576e-04
1.034203420342034178e+03,6.595471018661481821e+01,7.611395659477702882e-04
1.034353435343534329e+03,6.596166867457479555e+01,7.833283312499314749e-04
1.034503450345034480e+03,6.597302242319312882e+01,8.061637628517962038e-04
1.034653465346534631e+03,6.598457354519582907e+01,8.296648297375007431e-04
1.034803480348034782e+03,6.599328634239718383e+01,8.538510484720333339e-04
1.034953495349534933e+03,6.599714497856098205e+01,8.787424967428608853e-04
1.035103510351035084e+03,6.599515347940045729e+01,9.043598133599287580e-04
1.035253525352535235e+03,6.598733573257833029e+01,9.307241982556611979e-04
1.035403540354035385e+03,6.597473548770676643e+01,9.578574124849612275e-04
1.035553555355535536e+03,6.595941635634741829e+01,9.857817782252102125e-04
1.035703570357035687e+03,6.594446181201135460e+01,1.014520178776268620e-03
1.035853585358535838e+03,6.593397519015918817e+01,1.044096058560474828e-03
1.036003600360035989e+03,6.593307968820091958e+01,1.074533423122646641e-03
1.036153615361536140e+03,6.594516217314588857e+01,1.105857111597375242e-03
1.036303630363036291e+03,6.596382849785085511e+01,1.138093422535094547e-03
1.036453645364536442e+03,6.598254608859309656e+01,1.171269352972312359e-03
1.036603660366036593e+03,6.599647103257530034e+01,1.205412626295640239e-03
1.036753675367536744e+03,6.600240623580403110e+01,1.240551698416096117e-03
1.036903690369036894e+03,6.599880142308964537e+01,1.276715757769103640e-03
1.037053705370537045e+03,6.598575313804637688e+01,1.313934725314493037e-03
1.037203720372037196e+03,6.596500474309230810e+01,1.352239254536501340e-03
1.037353735373537347e+03,6.593994641944934187e+01,1.391660731443771079e-03
1.037503750375037498e+03,6.591561516714321556e+01,1.432231274569352019e-03
1.037653765376537649e+03,6.589869480500354371e+01,1.473983734970699426e-03
1.037803780378037800e+03,6.589751597066374700e+01,1.516951696229675364e-03
1.037953795379537951e+03,6.591783593128724306e+01,1.561169882414113622e-03
1.038103810381038102e+03,6.594941981178654089e+01,1.606675668746487340e-03
1.038253825382538253e+03,6.598119909480909939e+01,1.653507746105244884e-03
1.038403840384038403e+03,6.600495101205203241e+01,1.701705686293540198e-03
1.038553855385538554e+03,6.601524240873733618e+01,1.751309946219392058e-03
1.038703870387038705e+03,6.600942974361187510e+01,1.802361867895684510e-03
1.038853885388538856e+03,6.598765908894742438e+01,1.854903678440165786e-03
1.039003900390039007e+03,6.595286613054061320e+01,1.908978490075449817e-03
1.039153915391539158e+03,6.591077616771299574e+01,1.964630300129014285e-03
1.039303930393039309e+03,6.586990411331098016e+01,2.021903991033203226e-03
1.039453945394539460e+03,6.584155449370588542e+01,2.080845330325224209e-03
1.039603960396039611e+03,6.583982144879388443e+01,2.141500970647150504e-03
1.039753975397539762e+03,6.587070520941421137e+01,2.203919777340978842e-03
1.039903990399039913e+03,6.591286036183780084e+01,2.268155869976189610e-03
1.040054005400540063e+03,6.595232235905794482e+01,2.334264429320123679e-03
1.040204020402040214e+03,6.597929563122706043e+01,2.402301641363679963e-03
1.040354035403540365e+03,6.598785909564702479e+01,2.472324727659708232e-03
1.040504050405040516e+03,6.597596615676917509e+01,2.544391945323008254e-03
1.040654065406540667e+03,6.594544470619436538e+01,2.618562587030330655e-03
1.040804080408040818e+03,6.590199712267289556e+01,2.694896981020376489e-03
1.040954095409540969e+03,6.585520027210453975e+01,2.773456491093798538e-03
1.041104110411041120e+03,6.581850550753856055e+01,2.854303516613198709e-03
1.041254125412541271e+03,6.580923866917370901e+01,2.937501492503130640e-03
1.041404140414041422e+03,6.583544423110222965e+01,3.023117234025073270e-03
1.041554155415541572e+03,6.586840958141164037e+01,3.111226349940869173e-03
1.041704170417041723e+03,6.589718029484561157e+01,3.201903776113239081e-03
1.041854185418541874e+03,6.591526451245412943e+01,3.295225801927931328e-03
1.042004200420042025e+03,6.591922390631840756e+01,3.391270310967084596e-03
1.042154215421542176e+03,6.590867367955091538e+01,3.490116781009226614e-03
1.042304230423042327e+03,6.588628256629530711e+01,3.591846284029277629e-03
1.042454245424542478e+03,6.585777283172649277e+01,3.696541486198545202e-03
1.042604260426042629e+03,6.583192027205058139e+01,3.804286647884729412e-03
1.042754275427542780e+03,6.582055421450490940e+01,3.915167623651919816e-03
1.042904290429042931e+03,6.583224801953592475e+01,4.029273489409503257e-03
1.043054305430543081e+03,6.584959262315730655e+01,4.146702524983472866e-03
1.043204320432043232e+03,6.586503655411812019e+01,4.267553362133256860e-03
1.043354335433543383e+03,6.587451457107542296e+01,4.391926748327476364e-03
1.043504350435043534e+03,6.587574485380324063e+01,4.519925986824673350e-03
1.043654365436543685e+03,6.586822900319259588e+01,4.651656936673303697e-03
1.043804380438043836e+03,6.585325204125145149e+01,4.787228012711744994e-03
1.043954395439543987e+03,6.583388241110472450e+01,4.926750185568292209e-03
1.044104410441044138e+03,6.581497197699432888e+01,5.070336981661157684e-03
1.044254425442544289e+03,6.580315602427913291e+01,5.218104483198472004e-03
1.044404440444044440e+03,6.580572185748928860e+01,5.370171778089014199e-03
1.044554455445544590e+03,6.581686330759070813e+01,5.526666146288859889e-03
1.044704470447044741e+03,6.582923941583888450e+01,5.687718679732544150e-03
1.044854485448544892e+03,6.583833799334877313e+01,5.853463475751242810e-03
1.045004500450045043e+03,6.584110597101614815e+01,6.024038259066782572e-03
1.045154515451545194e+03,6.583594939951764502e+01,6.199584381791634936e-03
1.045304530453045345e+03,6.582273344931076053e+01,6.380246823428919675e-03
1.045454545454545496e+03,6.580278241063383859e+01,6.566174190872404830e-03
1.045604560456045647e+03,6.577887969350605601e+01,6.757518718406504976e-03
1.045754575457545798e+03,6.575526782772746515e+01,6.954436267706280358e-03
1.045904590459045949e+03,6.573764846287893704e+01,7.157086327837442093e-03
1.046054605460546099e+03,6.573318236832223249e+01,7.365632015256347830e-03
1.046204620462046250e+03,6.574563754658522896e+01,7.580242651193634662e-03
1.046354635463546401e+03,6.576628872228035050e+01,7.801098689289523262e-03
1.046504650465046552e+03,6.578643836947505008e+01,8.028386039080070979e-03
1.046654665466546703e+03,6.579957850798746222e+01,8.262295223608938019e-03
1.046804680468046854e+03,6.580139028116661848e+01,8.503021379677299513e-03
1.046954695469547005e+03,6.578974395589236224e+01,8.750764257843861998e-03
1.047104710471047156e+03,6.576469892257536287e+01,9.005728222424841736e-03
1.047254725472547307e+03,6.572850369515714419e+01,9.268122251493985525e-03
1.047404740474047458e+03,6.568559591111008444e+01,9.538159936882553355e-03
1.047554755475547609e+03,6.564260233143735945e+01,9.816059484179332287e-03
1.047704770477047759e+03,6.560833884067304211e+01,1.010204371273062604e-02
1.047854785478547910e+03,6.559381044688200291e+01,1.039634005564026194e-02
1.048004800480048061e+03,6.560674699311257996e+01,1.069918417101687474e-02
1.048154815481548212e+03,6.562789365835809008e+01,1.101083687831736109e-02
1.048304830483048363e+03,6.564656107535380158e+01,1.133156196536198174e-02
1.048454845484548514e+03,6.565660364756048750e+01,1.166162796267118835e-02
1.048604860486048665e+03,6.565449165601044967e+01,1.200130935516979455e-02
1.048754875487548816e+03,6.563931125930756139e+01,1.235088658218697066e-02
1.048904890489048967e+03,6.561276449362721053e+01,1.271064603745625070e-02
1.049054905490549118e+03,6.557916927271638485e+01,1.308088006911552713e-02
1.049204920492049268e+03,6.554545938789355830e+01,1.346188697970705436e-02
1.049354935493549419e+03,6.552118450804879046e+01,1.385397102617744874e-02
1.049504950495049570e+03,6.551722138705228815e+01,1.425744363852849729e-02
1.049654965496549721e+03,6.552297505345035233e+01,1.467264507511959436e-02
1.049804980498049872e+03,6.552823872934702365e+01,1.509992487569274816e-02
1.049954995499550023e+03,6.552887243177761434e+01,1.553963746563765021e-02
1.050105010501050174e+03,6.552231666274553845e+01,1.599214646030750614e-02
1.050255025502550325e+03,6.550759240922232607e+01,1.645782466501901839e-02
1.050405040504050476e+03,6.548530114314758066e+01,1.693705407505239485e-02
1.050555055505550627e+03,6.545762482142903593e+01,1.743022587565135062e-02
1.050705070507050777e+03,6.542832588594251320e+01,1.793774044202310625e-02
1.050855085508550928e+03,6.540274726353192136e+01,1.846000733933838081e-02
1.051005100510051079e+03,6.538780576214340101e+01,1.899744533303234298e-02
1.051155115511551230e+03,6.538401748427774862e+01,1.955049388085908918e-02
1.051305130513051381e+03,6.538329926788875923e+01,2.011961513603690438e-02
1.051455145514551532e+03,6.538082346765220620e+01,2.070528006716022829e-02
1.051605160516051683e+03,6.537310370776310720e+01,2.130797251534480297e-02
1.051755175517551834e+03,6.535799488193572415e+01,2.192818919422764162e-02
1.051905190519051985e+03,6.533469315340359174e+01,2.256643968996706329e-02
1.052055205520552136e+03,6.530373595491944627e+01,2.322324646124266506e-02
1.052205220522052286e+03,6.526700198875532521e+01,2.389914483925533600e-02
1.052355235523552437e+03,6.522771122670245347e+01,2.459468302772726753e-02
1.052505250525052588e+03,6.519042491007135709e+01,2.531042210290191871e-02
1.052655265526552739e+03,6.516104554969177798e+01,2.604693601354405447e-02
1.052805280528052890e+03,6.514661008493746408e+01,2.680481194600084494e-02
1.052955295529553041e+03,6.514688692014071592e+01,2.758466630491229754e-02
1.053105310531053192e+03,6.515221392519501364e+01,2.838715188686214905e-02
1.053255325532553343e+03,6.515437939886901120e+01,2.921293883488621304e-02
1.053405340534053494e+03,6.514735634277975862e+01,3.006271322315005878e-02
1.053555355535553645e+03,6.512730246139263102e+01,3.093717705694899733e-02
1.053705370537053795e+03,6.509256016202137118e+01,3.183704827270809889e-02
1.053855385538553946e+03,6.504365655482807540e+01,3.276306073798217200e-02
1.054005400540054097e+03,6.498330345282316500e+01,3.371596425145580167e-02
1.054155415541554248e+03,6.491639737186547165e+01,3.469652454294328003e-02
1.054305430543054399e+03,6.485001953066212366e+01,3.570552327338870346e-02
1.054455445544554550e+03,6.479343585076864542e+01,3.674375803486587544e-02
1.054605460546054701e+03,6.475809695658888643e+01,3.781204235057836899e-02
1.054755475547554852e+03,6.475027123776317239e+01,3.891122362255190065e-02
1.054905490549055003e+03,6.474836781021116394e+01,4.004224458170294043e-02
1.055055505550555154e+03,6.474248011087003363e+01,4.120605098806078004e-02
1.055205520552055305e+03,6.472684554723241490e+01,4.240360520154978080e-02
1.055355535553555455e+03,6.469825460982339393e+01,4.363588983188259468e-02
1.055505550555055606e+03,6.465605087220060909e+01,4.490390773856014345e-02
1.055655565556555757e+03,6.460213099095417988e+01,4.620868203087163950e-02
1.055805580558055908e+03,6.454094470570676378e+01,4.755125606789455811e-02
1.055955595559556059e+03,6.447949483911351365e+01,4.893269345849467905e-02
1.056105610561055983e+03,6.442733729686217714e+01,5.035407806132385922e-02
1.056255625562556133e+03,6.439414457460848951e+01,5.181652266699281195e-02
1.056405640564056284e+03,6.436692005483656942e+01,5.332125110139566970e-02
1.056555655565556435e+03,6.433758720274269649e+01,5.486950427217370668e-02
1.056705670567056586e+03,6.430287026507129156e+01,5.646254269291547945e-02
1.056855685568556737e+03,6.426081336288889645e+01,5.810165894337326192e-02
1.057005700570056888e+03,6.421078049158406031e+01,5.978817766946308010e-02
1.057155715571557039e+03,6.415345552086739644e+01,6.152345558326465652e-02
1.057305730573057190e+03,6.409084219477156807e+01,6.330888146302146580e-02
1.057455745574557341e+03,6.402626413165130259e+01,6.514587615314071378e-02
1.057605760576057492e+03,6.396436482418337732e+01,6.703589256419333064e-02
1.057755775577557642e+03,6.391093946565164430e+01,6.898041667155688228e-02
1.057905790579057793e+03,6.386415686325145202e+01,7.098101614011899374e-02
1.058055805580557944e+03,6.381792691982838051e+01,7.303931838130990617e-02
1.058205820582058095e+03,6.376876729304553493e+01,7.515698366228618088e-02
1.058355835583558246e+03,6.371416141988913751e+01,7.733571705531515350e-02
1.058505850585058397e+03,6.365255851666847775e+01,7.957726843777501724e-02
1.058655865586558548e+03,6.358337357901594089e+01,8.188343249215473962e-02
1.058805880588058699e+03,6.350698738188702208e+01,8.425604870605411800e-02
1.058955895589558850e+03,6.342474647956029798e+01,8.669700137218380731e-02
1.059105910591059001e+03,6.333896320563742677e+01,8.920821958836520904e-02
1.059255925592559151e+03,6.325291567304316942e+01,9.179167725753058227e-02
1.059405940594059302e+03,6.317084777402538975e+01,9.444939308772301589e-02
1.059555955595559453e+03,6.309794615243709615e+01,9.718343068650629746e-02
1.059705970597059604e+03,6.303588851501039869e+01,9.999593028994178956e-02
1.059855985598559755e+03,6.297797748031711507e+01,1.028891589618069480e-01
1.060006000600059906e+03,6.291777325956911682e+01,1.058654501429306949e-01
1.060156015601560057e+03,6.285032792154330394e+01,1.089271925491298032e-01
1.060306030603060208e+03,6.277218539258163332e+01,1.120768301712089798e-01
1.060456045604560359e+03,6.268138145659109028e+01,1.153168622749608241e-01
1.060606060606060510e+03,6.257744375504372414e+01,1.186498434011658276e-01
1.060756075607560661e+03,6.246139178697661265e+01,1.220783833655924022e-01
1.060906090609060811e+03,6.233573690899189046e+01,1.256051472589968521e-01
1.061056105610560962e+03,6.220448233525673487e+01,1.292328554471233459e-01
1.061206120612061113e+03,6.207312313750335164e+01,1.329642835707040005e-01
1.061356135613561264e+03,6.194864624502901762e+01,1.368022625454588248e-01
1.061506150615061415e+03,6.183953044469603100e+01,1.407496785620957203e-01
1.061656165616561566e+03,6.175050121677024606e+01,1.448095248527340173e-01
1.061806180618061717e+03,6.166501356868663208e+01,1.489851037782589371e-01
1.061956195619561868e+03,6.157511944166630258e+01,1.532797458622393305e-01
1.062106210621062019e+03,6.147601855959415929e+01,1.576968356006024641e-01
1.062256225622562170e+03,6.136473077372857432e+01,1.622398232352695868e-01
1.062406240624062320e+03,6.124009606270143280e+01,1.669122247541557358e-01
1.062556255625562471e+03,6.110277453251806179e+01,1.717176218911699581e-01
1.062706270627062622e+03,6.095524641655730846e+01,1.766596621262151723e-01
1.062856285628562773e+03,6.080181207557147616e+01,1.817420586851881681e-01
1.063006300630062924e+03,6.064859199768636699e+01,1.869685905399797177e-01
1.063156315631563075e+03,6.050352679840126058e+01,1.923431024084744090e-01
1.063306330633063226e+03,6.037178462757353259e+01,1.978695767469017541e-01
1.063456345634563377e+03,6.023973466260009957e+01,2.035523967550238456e-01
1.063606360636063528e+03,6.010306079065269103e+01,2.093959197331324573e-01
1.063756375637563679e+03,5.995977314406221126e+01,2.154045805359165178e-01
1.063906390639063829e+03,5.980864603327355411e+01,2.215829155973675357e-01
1.064056405640563980e+03,5.964921794684555323e+01,2.279355629307796838e-01
1.064206420642064131e+03,5.948179155145103181e+01,2.344672621287497982e-01
1.064356435643564282e+03,5.930743369187675285e+01,2.411828543631772404e-01
1.064506450645064433e+03,5.912797539102346889e+01,2.480872823852641185e-01
1.064656465646564584e+03,5.894601184990587939e+01,2.551855905255150381e-01
1.064806480648064735e+03,5.876490244765265913e+01,2.624829246937374072e-01
1.064956495649564886e+03,5.858677031311921723e+01,2.699845895897696191e-01
1.065106510651065037e+03,5.840527265106160826e+01,2.776962407842999969e-01
1.065256525652565188e+03,5.821915634656902938e+01,2.856235057654397114e-01
1.065406540654065338e+03,5.802815614277128020e+01,2.937721304619509421e-01
1.065556555655565489e+03,5.783208966443523025e+01,3.021480065367256329e-01
1.065706570657065640e+03,5.763085741796484029e+01,3.107571713867861019e-01
1.065856585658565791e+03,5.742444279140117658e+01,3.196058081432845976e-01
1.066006600660065942e+03,5.721291205442237526e+01,3.287002456715035215e-01
1.066156615661566093e+03,5.699641435834366376e+01,3.380469585708552049e-01
1.066306630663066244e+03,5.677518173611737495e+01,3.476525671748822988e-01
1.066456645664566395e+03,5.654952910233289742e+01,3.575238375512573286e-01
1.066606660666066546e+03,5.631985425321674654e+01,3.676676815017830835e-01
1.066756675667566697e+03,5.608663786663250050e+01,3.780911565623922277e-01
1.066906690669066847e+03,5.585023574904024457e+01,3.888014820079133127e-01
1.067056705670566998e+03,5.560517481402895612e+01,3.998064731481436040e-01
1.067206720672067149e+03,5.535138691263992428e+01,4.111136757505217121e-01
1.067356735673567300e+03,5.509189880952625629e+01,4.227305673920634943e-01
1.067506750675067451e+03,5.482911840709779483e+01,4.346648469915254109e-01
1.067656765676567602e+03,5.456483474552112511e+01,4.469244348094042474e-01
1.067806780678067753e+03,5.430021800271959620e+01,4.595174724479372808e-01
1.067956795679567904e+03,5.403581949437327125e+01,4.724523228511023909e-01
1.068106810681068055e+03,5.377157167391898440e+01,4.857375703046177273e-01
1.068256825682568206e+03,5.350678813255030519e+01,4.993820204359418202e-01
1.068406840684068356e+03,5.324016359921754571e+01,5.133947002142739136e-01
1.068556855685568507e+03,5.296977394062775346e+01,5.277848579505535209e-01
1.068706870687068658e+03,5.269307616124473981e+01,5.425619632974606477e-01
1.068856885688568809e+03,5.240690840328904443e+01,5.577357072494157908e-01
1.069006900690068960e+03,5.210748994673796375e+01,5.733160021425797170e-01
1.069156915691569111e+03,5.179218433997922943e+01,5.893129948079498526e-01
1.069306930693069262e+03,5.146675323023928428e+01,6.057365993351950806e-01
1.069456945694569413e+03,5.113593660669238972e+01,6.225963908096709964e-01
1.069606960696069564e+03,5.080319061318348872e+01,6.399022222738258714e-01
1.069756975697569715e+03,5.047099508791963984e+01,6.576642518580050334e-01
1.069906990699069866e+03,5.014085356347003142e+01,6.758929427804508672e-01
1.070057005700570016e+03,4.981329326676595315e+01,6.945990633473027032e-01
1.070207020702070167e+03,4.948786511910083874e+01,7.137936869525971506e-01
1.070357035703570318e+03,4.916314373613023037e+01,7.334881920782674314e-01
1.070507050705070469e+03,4.883672742787179288e+01,7.536942622941439351e-01
1.070657065706570620e+03,4.850523819870530673e+01,7.744238862579542193e-01
1.070807080708070771e+03,4.816432174737268923e+01,7.956893577153227870e-01
1.070957095709570922e+03,4.780864746697795908e+01,8.175032754997708651e-01
1.071107110711071073e+03,4.743730958485716798e+01,8.398781738092363502e-01
1.071257125712571224e+03,4.705878432382229448e+01,8.628254542650849457e-01
1.071407140714071375e+03,4.667663740180061893e+01,8.863565713537484569e-01
1.071557155715571525e+03,4.629354059063042115e+01,9.104832897581983664e-01
1.071707170717071676e+03,4.591137846156840396e+01,9.352176812433898867e-01
1.071857185718571827e+03,4.553124838528967189e+01,9.605721246562624049e-01
1.072007200720071978e+03,4.515346053188775954e+01,9.865593059257390385e-01
1.072157215721572129e+03,4.477753787087458903e+01,1.013192218062726635e+00
1.072307230723072280e+03,4.440221617118051256e+01,1.040484161160116328e+00
1.072457245724572431e+03,4.402544400115429113e+01,1.068448742392782647e+00
1.072607260726072582e+03,4.364438272856310164e+01,1.097099876017584297e+00
1.072757275727572733e+03,4.325540652059253688e+01,1.126451783373363824e+00
1.072907290729072884e+03,4.285412715999893152e+01,1.156518990580625683e+00
1.073057305730573034e+03,4.244253023591228668e+01,1.187315253392608794e+00
1.073207320732073185e+03,4.202653818833674393e+01,1.218852731102886278e+00
1.073357335733573336e+03,4.160862246900300221e+01,1.251143752271250964e+00
1.073507350735073487e+03,4.119069621363457401e+01,1.284200851226248608e+00
1.073657365736573638e+03,4.077411424194774980e+01,1.318036768065178110e+00
1.073807380738073789e+03,4.035967305765161939e+01,1.352664448654090856e+00
1.073957395739573940e+03,3.994761084844805765e+01,1.388097044627791155e+00
1.074107410741074091e+03,3.953760748603174591e+01,1.424347913389836462e+00
1.074257425742574242e+03,3.912878452609013635e+01,1.461430618112536273e+00
1.074407440744074393e+03,3.871970520830349471e+01,1.499358927736953895e+00
1.074557455745574543e+03,3.830837445634487182e+01,1.538146816972904229e+00
1.074707470747074694e+03,3.789223887788010359e+01,1.577808466298956436e+00
1.074857485748574845e+03,3.746818696517232894e+01,1.618358261924670138e+00
1.075007500750074996e+03,3.703720981291084513e+01,1.659809423093155489e+00
1.075157515751575147e+03,3.660388418497052498e+01,1.702172561171610754e+00
1.075307530753075298e+03,3.616995040054109722e+01,1.745458218299740683e+00
1.075457545754575449e+03,3.573679270269494879e+01,1.789676861218154835e+00
1.075607560756075600e+03,3.530543925838711772e+01,1.834838881268367805e+00
1.075757575757575751e+03,3.487656215845532159e+01,1.880954594392797885e+00
1.075907590759075902e+03,3.445047741761992910e+01,1.928034241134768845e+00
1.076057605760576052e+03,3.402714497448397424e+01,1.976087986638508820e+00
1.076207620762076203e+03,3.360616869153314923e+01,2.025125920649150313e+00
1.076357635763576354e+03,3.318679635513582582e+01,2.075158057512730192e+00
1.076507650765076505e+03,3.276791967554300555e+01,2.126194336176190802e+00
1.076657665766576656e+03,3.234807428688837661e+01,2.178244620187378189e+00
1.076807680768076807e+03,3.192543974718829247e+01,2.231318697695043429e+00
1.076957695769576958e+03,3.149810065230266432e+01,2.285426140341690893e+00
1.077107710771077109e+03,3.106870566575143044e+01,2.340572913347013451e+00
1.077257725772577260e+03,3.063947232041404334e+01,2.396762762827441051e+00
1.077407740774077411e+03,3.021135470585058869e+01,2.453999118439796678e+00
1.077557755775577562e+03,2.978511867262911395e+01,2.512284742243001023e+00
1.077707770777077712e+03,2.936134183232560702e+01,2.571621728698071596e+00
1.077857785778577863e+03,2.894041355752401756e+01,2.632011504668123614e+00
1.078007800780078014e+03,2.852253498181623570e+01,2.693454829418370444e+00
1.078157815781578165e+03,2.810771899980210975e+01,2.755951794616121386e+00
1.078307830783078316e+03,2.769579026708943914e+01,2.819501824330785666e+00
1.078457845784578467e+03,2.728638520029397085e+01,2.884103675033866665e+00
1.078607860786078618e+03,2.687895197703940298e+01,2.949755435598969022e+00
1.078757875787578769e+03,2.647275053595739180e+01,3.016454527301791977e+00
1.078907890789078920e+03,2.606685257668753763e+01,3.084197703820133807e+00
1.079057905790579071e+03,2.566014155987739187e+01,3.152981051233889609e+00
1.079207920792079221e+03,2.525182036298341259e+01,3.222799175698448426e+00
1.079357935793579372e+03,2.484420664821868741e+01,3.293640108050985837e+00
1.079507950795079523e+03,2.443814816253344446e+01,3.365491806489414817e+00
1.079657965796579674e+03,2.403399945222398415e+01,3.438341062950190707e+00
1.079807980798079825e+03,2.363204605062118091e+01,3.512172873916886928e+00
1.079957995799579976e+03,2.323250447809047614e+01,3.586970440420195860e+00
1.080108010801080127e+03,2.283552224203188530e+01,3.662715168037929736e+00
1.080258025802580278e+03,2.244117783687999079e+01,3.739386666895019307e+00
1.080408040804080429e+03,2.204948074410394199e+01,3.816962751663513842e+00
1.080558055805580580e+03,2.166037143220746231e+01,3.895419441562582463e+00
1.080708070807080730e+03,2.127372135672884212e+01,3.974730960358512810e+00
1.080858085808580881e+03,2.088933296024094233e+01,4.054869736364711486e+00
1.081008100810081032e+03,2.050693967235119075e+01,4.135806402441705387e+00
1.081158115811581183e+03,2.012620590970158574e+01,4.217509795997138156e+00
1.081308130813081334e+03,1.974672707596869969e+01,4.299946958985773726e+00
1.081458145814581485e+03,1.936802956186366842e+01,4.383083137909495441e+00
1.081608160816081636e+03,1.898957074513220533e+01,4.466881783817305163e+00
1.081758175817581787e+03,1.861127639032749315e+01,4.551297325656031845e+00
1.081908190819081938e+03,1.823448359631795412e+01,4.636270428836718693e+00
1.082058205820582089e+03,1.785927407222028762e+01,4.721762887824450416e+00
1.082208220822082239e+03,1.748560738366991174e+01,4.807732765458858637e+00
1.082358235823582390e+03,1.711343436298936282e+01,4.894132542110694040e+00
1.082508250825082541e+03,1.674269710918830611e+01,4.980909115681829924e+00
1.082658265826582692e+03,1.637332898796352154e+01,5.068003801605261316e+00
1.082808280828082843e+03,1.600525463169890372e+01,5.155352332845102303e+00
1.082958295829582994e+03,1.563838993946547440e+01,5.242884859896589589e+00
1.083108310831083145e+03,1.527264207702137355e+01,5.330525950786080713e+00
1.083258325832583296e+03,1.490790947681186118e+01,5.418194591071054056e+00
1.083408340834083447e+03,1.454408183796931553e+01,5.505804183840108834e+00
1.083558355835583598e+03,1.418104012631323485e+01,5.593262549712965992e+00
1.083708370837083748e+03,1.381865657435024097e+01,5.680471926840468200e+00
1.083858385838583899e+03,1.345679468127407219e+01,5.767328970904575414e+00
1.084008400840084050e+03,1.309530921296558859e+01,5.853724755118374645e+00
1.084158415841584201e+03,1.273404620199276849e+01,5.939544770226069303e+00
1.084308430843084352e+03,1.237284294761071379e+01,6.024668924502986300e+00
1.084458445844584503e+03,1.201152801576163753e+01,6.108971543755572498e+00
1.084608460846084654e+03,1.164992123907488519e+01,6.192321371321394707e+00
1.084758475847584805e+03,1.128783371686691339e+01,6.274581568069145021e+00
1.084908490849084956e+03,1.092506781514130410e+01,6.355609712398631039e+00
1.085058505850585107e+03,1.056160164927921130e+01,6.435229515205667994e+00
1.085208520852085258e+03,1.019744392971592895e+01,6.513243588828739661e+00
1.085358535853585408e+03,9.832430765985069598e+00,6.589453793616422139e+00
1.085508550855085559e+03,9.466391506995719851e+00,6.663635373302352782e+00
1.085658565856585710e+03,9.099148741076829694e+00,6.735536954998586623e+00
1.085808580858085861e+03,8.730518295977205412e+00,6.804880549195602590e+00
1.085958595859586012e+03,8.360309238865518466e+00,6.871361549762295517e+00
1.086108610861086163e+03,7.988325148544932475e+00,6.934637577590909707e+00
1.086258625862586314e+03,7.614370133773488369e+00,6.994304448163586763e+00
1.086408640864086465e+03,7.238243400343717049e+00,7.049970181169812555e+00
1.086558655865586616e+03,6.859748466846262716e+00,7.101142357989840725e+00
1.086708670867086767e+03,6.478694534767345914e+00,7.147213406062236984e+00
1.086858685868586917e+03,6.094896488488760866e+00,7.187460598883880003e+00
1.087008700870087068e+03,5.708174895287877249e+00,7.221046056009959635e+00
1.087158715871587219e+03,5.318356024564208973e+00,7.247016627748262607e+00
1.087308730873087370e+03,4.925442817959578612e+00,7.263296724653375058e+00
1.087458745874587521e+03,4.529247386169286571e+00,7.269042873155195039e+00
1.087608760876087672e+03,4.129560253810948822e+00,7.263743229465396745e+00
1.087758775877587823e+03,3.726483221798964074e+00,7.245227488342298905e+00
1.087908790879087974e+03,3.320429367344508442e+00,7.209666883090860345e+00
1.088058805880588125e+03,2.912123043955541224e+00,7.151574185562684427e+00
1.088208820882088276e+03,2.502599881436796903e+00,7.063803706156017270e+00
1.088358835883588426e+03,2.093206785889797139e+00,6.937551293815746867e+00
1.088508850885088577e+03,1.686005613921794044e+00,6.759600744638452952e+00
1.088658865886588728e+03,1.285108986425271826e+00,6.508989988761738843e+00
1.088808880888088879e+03,8.979319974428741080e-01,6.141468579688005747e+00
1.088958895889589030e+03,5.385275893007597237e-01,5.553320774083947420e+00
1.089108910891089181e+03,2.349833900359324379e-01,4.482688664052581373e+00
1.089258925892589332e+03,4.983296698376077360e-02,2.082844012712368187e+00
1.089408940894089483e+03,1.600490131867152860e-02,4.450757585861953025e-02
1.089558955895589634e+03,2.068133302021823994e-02,4.381365061705443835e-04
1.089708970897089785e+03,2.781987346166382019e-02,1.378782430865050608e-05
1.089858985898589935e+03,3.743561331020531929e-02,1.107516438253075554e-06
1.090009000900090086e+03,5.037305323912837085e-02,1.892016370913909995e-07
1.090159015901590237e+03,6.777685974963346127e-02,4.990225954147119047e-08
1.090309030903090388e+03,9.118956265829800123e-02,2.392870585579143402e-08
1.090459045904590539e+03,1.226604012037862956e-01,9.946293557911577533e-09
1.090609060906090690e+03,1.649730474909738287e-01,1.164307783494791973e-08
1.090759075907590841e+03,2.218603997715724585e-01,1.114961182460534188e-08
1.090909090909090992e+03,2.982431998829905284e-01,8.196682296733980106e-09
1.091059105910591143e+03,4.006026456736334063e-01,6.658245209572534774e-09
1.091209120912091294e+03,5.380017585708021244e-01,5.855572507920020113e-09
1.091359135913591444e+03,7.222874906373102366e-01,5.358051156337873234e-09
1.091509150915091595e+03,9.683499301293613248e-01,4.997573511638503203e-09
1.091659165916591746e+03,1.296090873788067865e+00,4.776023829630872012e-09
1.091809180918091897e+03,1.732237491854041300e+00,4.654943342097078676e-09
1.091959195919592048e+03,2.311031977439585106e+00,4.602485644618830865e-09
1.092109210921092199e+03,3.074256222966825547e+00,4.596982109702060784e-09
1.092259225922592350e+03,4.068584180648207038e+00,4.626066401540231829e-09
1.092409240924092501e+03,5.356264668553040842e+00,4.681793380830595197e-09
1.092559255925592652e+03,7.017108242575291754e+00,4.758972553310573001e-09
1.092709270927092803e+03,9.119592292587070048e+00,4.853321724424843204e-09
1.092859285928592953e+03,1.171965931059493826e+01,4.961341884079426326e-09
1.093009300930093104e+03,1.486084910611459975e+01,5.080332252551151429e-09
1.093159315931593255e+03,1.855971348356148454e+01,5.208727365143573130e-09
1.093309330933093406e+03,2.276541137929764602e+01,5.345581488674107523e-09
1.093459345934593557e+03,2.737461792448437592e+01,5.490076598211807032e-09
1.093609360936093708e+03,3.223574306054517535e+01,5.641548243037311505e-09
1.093759375937593859e+03,3.714893153916576551e+01,5.799485546642847393e-09
1.093909390939094010e+03,4.186791969331323315e+01,5.963532133173493887e-09
1.094059405940594161e+03,4.620396979322675435e+01,6.133517415289824539e-09
1.094209420942094312e+03,5.006284527715287425e+01,6.309374136110206264e-09
1.094359435943594463e+03,5.338384145698125138e+01,6.491065900738883568e-09
1.094509450945094613e+03,5.614978072800702336e+01,6.678592474882156702e-09
1.094659465946594537e+03,5.838701256892783675e+01,6.871989784848081394e-09
1.094809480948094688e+03,6.016528848815593022e+01,7.071329879621703532e-09
1.094959495949594839e+03,6.156599263855593307e+01,7.276715386858960307e-09
1.095109510951094990e+03,6.264915190898982189e+01,7.488273000645222340e-09
1.095259525952595141e+03,6.347625071807564012e+01,7.706140371083876490e-09
1.095409540954095291e+03,6.410620986104571273e+01,7.930462385373435762e-09
1.095559555955595442e+03,6.458386512392453938e+01,8.161403973177587509e-09
1.095709570957095593e+03,6.494159269303159476e+01,8.399142294822294719e-09
1.095859585958595744e+03,6.520908078080314851e+01,8.643859533040693334e-09
1.096009600960095895e+03,6.541779488193982672e+01,8.895740956454227302e-09
1.096159615961596046e+03,6.558094289336747806e+01,9.154990202244127874e-09
1.096309630963096197e+03,6.569783606853607694e+01,9.421825508615604448e-09
1.096459645964596348e+03,6.577350196762309054e+01,9.696466394389981063e-09
1.096609660966096499e+03,6.581877564547167481e+01,9.979133599847488534e-09
1.096759675967596650e+03,6.585029965159068865e+01,1.027004908672727603e-08
1.096909690969096800e+03,6.588666819353468895e+01,1.056943931488751688e-08
1.097059705970596951e+03,6.591979680858426605e+01,1.087755916132120824e-08
1.097209720972097102e+03,6.594482096346627031e+01,1.119466718673662221e-08
1.097359735973597253e+03,6.596108293037535475e+01,1.152102620146526391e-08
1.097509750975097404e+03,6.596947453429017116e+01,1.185690560776403262e-08
1.097659765976597555e+03,6.597243715297348388e+01,1.220258139981523007e-08
1.097809780978097706e+03,6.597396171697207023e+01,1.255833616372655551e-08
1.097959795979597857e+03,6.597926910045431725e+01,1.292445947098471899e-08
1.098109810981098008e+03,6.598765649457801885e+01,1.330125515895145467e-08
1.098259825982598159e+03,6.599585818344900190e+01,1.368903617846335118e-08
1.098409840984098309e+03,6.600205509665210002e+01,1.408812356797244665e-08
1.098559855985598460e+03,6.600514908420947791e+01,1.449884783899387719e-08
1.098709870987098611e+03,6.600476291658056027e+01,1.492154897610588021e-08
1.098859885988598762e+03,6.600124028466206028e+01,1.535657643694978782e-08
1.099009900990098913e+03,6.599564579978802215e+01,1.580428915223004167e-08
1.099159915991599064e+03,6.598976499372976434e+01,1.626505552571417647e-08
1.099309930993099215e+03,6.598610431869590798e+01,1.673925343423282986e-08
1.099459945994599366e+03,6.598791226921504460e+01,1.722727036493294468e-08
1.099609960996099517e+03,6.599740696887785418e+01,1.772950929713880346e-08
1.099759975997599668e+03,6.601095881322564196e+01,1.824638731910100600e-08
1.099909990999099819e+03,6.602455544091691308e+01,1.877833324179795728e-08
1.100060006000599969e+03,6.603511711355854175e+01,1.932578885232298802e-08
1.100210021002100120e+03,6.604049671570575697e+01,1.988920891388438445e-08
1.100360036003600271e+03,6.603947975486211419e+01,2.046906116580536182e-08
1.100510051005100422e+03,6.603178436147953789e+01,2.106582632352407766e-08
1.100660066006600573e+03,6.601806128895827896e+01,2.167999807859363509e-08
1.100810081008100724e+03,6.599989391364695734e+01,2.231208309868206957e-08
1.100960096009600875e+03,6.597979823484254780e+01,2.296260102757235883e-08
1.101110111011101026e+03,6.596122287479036572e+01,2.363208448516241956e-08
1.101260126012601177e+03,6.594854907868406713e+01,2.432107906746511404e-08
1.101410141014101328e+03,6.594709071466566286e+01,2.503014334660823358e-08
1.101560156015601478e+03,6.596110370781137533e+01,2.575985305953455426e-08
1.101710171017101629e+03,6.598215978670828008e+01,2.651082494354347605e-08
1.101860186018601780e+03,6.600280481373185637e+01,2.728369074927048743e-08
1.102010201020101931e+03,6.601813724255494265e+01,2.807909711826612888e-08
1.102160216021602082e+03,6.602511884683866583e+01,2.889770716893425046e-08
1.102310231023102233e+03,6.602257472023248397e+01,2.974020049653198871e-08
1.102460246024602384e+03,6.601119327637410095e+01,3.060727317316978648e-08
1.102610261026102535e+03,6.599352624888955177e+01,3.149963774781137969e-08
1.102760276027602686e+03,6.597398869139314570e+01,3.241802324627380725e-08
1.102910291029102837e+03,6.595885897748748050e+01,3.336317517122741108e-08
1.103060306030602987e+03,6.595627880076345662e+01,3.433585550219580302e-08
1.103210321032103138e+03,6.597014988944147262e+01,3.533685739710284780e-08
1.103360336033603289e+03,6.598847749850457944e+01,3.636703310496393696e-08
1.103510351035103440e+03,6.600545078878671745e+01,3.742724471716371827e-08
1.103660366036603591e+03,6.601722516726439949e+01,3.851837665832028850e-08
1.103810381038103742e+03,6.602154278476453442e+01,3.964133663032557499e-08
1.103960396039603893e+03,6.601773253596435609e+01,4.079705561234536871e-08
1.104110411041104044e+03,6.600671005939146596e+01,4.198648786081931766e-08
1.104260426042604195e+03,6.599097773742383310e+01,4.321061090946092026e-08
1.104410441044104346e+03,6.597462469628975157e+01,4.447042556925753195e-08
1.104560456045604496e+03,6.596332680606785459e+01,4.576695592847037180e-08
1.104710471047104647e+03,6.596434668068718565e+01,4.710124935263449608e-08
1.104860486048604798e+03,6.598017343937050327e+01,4.847439864968018221e-08
1.105010501050104949e+03,6.600191516745343279e+01,4.988756275828447045e-08
1.105160516051605100e+03,6.602279414744074870e+01,5.134192734838766610e-08
1.105310531053105251e+03,6.603783141435935988e+01,5.283870950113796154e-08
1.105460546054605402e+03,6.604384468879544556e+01,5.437915771688421783e-08
1.105610561056105553e+03,6.603944837689448377e+01,5.596455191517593160e-08
1.105760576057605704e+03,6.602505357036125133e+01,5.759620343476328138e-08
1.105910591059105855e+03,6.600286804645982386e+01,5.927545503359708127e-08
1.106060606060606005e+03,6.597689626801354734e+01,6.100368088882882066e-08
1.106210621062106156e+03,6.595293938340508078e+01,6.278228659681061788e-08
1.106360636063606307e+03,6.593859522657636774e+01,6.461270917309528641e-08
1.106510651065106458e+03,6.594325674411334148e+01,6.649641705661133379e-08
1.106660666066606609e+03,6.597070921265910215e+01,6.843493983901287611e-08
1.106810681068106760e+03,6.600841955750880174e+01,7.042992802023088521e-08
1.106960696069606911e+03,6.604461251463872884e+01,7.248308374138546383e-08
1.107110711071107062e+03,6.607061508679598205e+01,7.459614619460578187e-08
1.107260726072607213e+03,6.608085654349841320e+01,7.677089162303007629e-08
1.107410741074107364e+03,6.607286842103464153e+01,7.900913332080566442e-08
1.107560756075607515e+03,6.604728452246408210e+01,8.131272163308890420e-08
1.107710771077107665e+03,6.600784091761690320e+01,8.368354395604520747e-08
1.107860786078607816e+03,6.596137594309402630e+01,8.612352473684907963e-08
1.108010801080107967e+03,6.591783020226719714e+01,8.863462547368406671e-08
1.108160816081608118e+03,6.589024656527887203e+01,9.121884471574278186e-08
1.108310831083108269e+03,6.589477016904231732e+01,9.387821806322689210e-08
1.108460846084608420e+03,6.593384932827883915e+01,9.661490735619044565e-08
1.108610861086108571e+03,6.598246731470814552e+01,9.943131088614467870e-08
1.108760876087608722e+03,6.602627234025192138e+01,1.023298549042330063e-07
1.108910891089108873e+03,6.605526483626449874e+01,1.053130076095118298e-07
1.109060906090609024e+03,6.606372756252139311e+01,1.083832794703459124e-07
1.109210921092109174e+03,6.605022560721933189e+01,1.115432232244083793e-07
1.109360936093609325e+03,6.601760638697621175e+01,1.147954338786806118e-07
1.109510951095109476e+03,6.597299964683109863e+01,1.181425487094524059e-07
1.109660966096609627e+03,6.592781746024429879e+01,1.215872472623218535e-07
1.109810981098109778e+03,6.589775422909725933e+01,1.251322513521953688e-07
1.109960996099609929e+03,6.590277552029675689e+01,1.287803251481023676e-07
1.110111011101110080e+03,6.593606152076243632e+01,1.325345184645365724e-07
1.110261026102610231e+03,6.597053947152279818e+01,1.363981440895887370e-07
1.110411041104110382e+03,6.599822528563365154e+01,1.403744680534112379e-07
1.110561056105610533e+03,6.601410007606432373e+01,1.444668268559679768e-07
1.110711071107110683e+03,6.601611015569777408e+01,1.486786274670341952e-07
1.110861086108610834e+03,6.600516703733046597e+01,1.530133473261966065e-07
1.111011101110110985e+03,6.598514743367245217e+01,1.574745343428532904e-07
1.111161116111611136e+03,6.596289325734734632e+01,1.620658068962137725e-07
1.111311131113111287e+03,6.594821162089232303e+01,1.667908538352989706e-07
1.111461146114611438e+03,6.595343888757444972e+01,1.716534394152310219e-07
1.111611161116111589e+03,6.597139051114757535e+01,1.766576521664337695e-07
1.111761176117611740e+03,6.598979653591185013e+01,1.818077509918395845e-07
1.111911191119111891e+03,6.600432481920825012e+01,1.871080348272267506e-07
1.112061206120612042e+03,6.601224696298396566e+01,1.925629163066227918e-07
1.112211221122112192e+03,6.601243831379238713e+01,1.981769217623044993e-07
1.112361236123612343e+03,6.600537796279320446e+01,2.039546912247980374e-07
1.112511251125112494e+03,6.599314874575229339e+01,2.099009784228787051e-07
1.112661266126612645e+03,6.597943724304175817e+01,2.160206507835712008e-07
1.112811281128112796e+03,6.596953377963998832e+01,2.223186894321494902e-07
1.112961296129612947e+03,6.597033240795002484e+01,2.288001891924715693e-07
1.113111311131113098e+03,6.598314308303086761e+01,2.354704841751373619e-07
1.113261326132613249e+03,6.599985806098214880e+01,2.423351932588057466e-07
1.113411341134113400e+03,6.601544200188349976e+01,2.494000445119216702e-07
1.113561356135613551e+03,6.602625493981301474e+01,2.566709257389668975e-07
1.113711371137113701e+03,6.603005228284715145e+01,2.641538844804598519e-07
1.113861386138613852e+03,6.602598481306075939e+01,2.718551280129556428e-07
1.114011401140114003e+03,6.601459868652710838e+01,2.797810233490462764e-07
1.114161416141614154e+03,6.599783543331787428e+01,2.879380972373602329e-07
1.114311431143114305e+03,6.597903195750311056e+01,2.963330361625628897e-07
1.114461446144614456e+03,6.596292053715127679e+01,3.049726863453563096e-07
1.114611461146114607e+03,6.595562882432923857e+01,3.138640537424792411e-07
1.114761476147614758e+03,6.596453649237099626e+01,3.230143077226602790e-07
1.114911491149114909e+03,6.599010615604460384e+01,3.324309692761552276e-07
1.115061506150615060e+03,6.602195092534348930e+01,3.421220178776624064e-07
1.115211521152115210e+03,6.605100957281912599e+01,3.520956515938864403e-07
1.115361536153615361e+03,6.607065986189891760e+01,3.623602660612749282e-07
1.115511551155115512e+03,6.607671854688619817e+01,3.729244544860182842e-07
1.115661566156615663e+03,6.606744137296027475e+01,3.837970076440499497e-07
1.115811581158115814e+03,6.604352307617641316e+01,3.949869138810461811e-07
1.115961596159615965e+03,6.600809738346582378e+01,4.065033591124263149e-07
1.116111611161116116e+03,6.596673701263563316e+01,4.183557268233524500e-07
1.116261626162616267e+03,6.592745367236899767e+01,4.305535980687296061e-07
1.116411641164116418e+03,6.590069806222494719e+01,4.431067514732058304e-07
1.116561656165616569e+03,6.589935987263849881e+01,4.560251632311720909e-07
1.116711671167116720e+03,6.592818438255157787e+01,4.693193075317321297e-07
1.116861686168616870e+03,6.596232766999082742e+01,4.830008397189440393e-07
1.117011701170117021e+03,6.599194941154266303e+01,4.970813730683812403e-07
1.117161716171617172e+03,6.601124849925757587e+01,5.115727444414456420e-07
1.117311731173117323e+03,6.601731423732015003e+01,5.264870454489156822e-07
1.117461746174617474e+03,6.601012634204892038e+01,5.418366224509456390e-07
1.117611761176117625e+03,6.599255494189650051e+01,5.576340765570660541e-07
1.117761776177617776e+03,6.597036057744946902e+01,5.738922636261836274e-07
1.117911791179117927e+03,6.595219420142845479e+01,5.906242942665811106e-07
1.118061806180618078e+03,6.594959717868809435e+01,6.078435338359177309e-07
1.118211821182118229e+03,6.596520500290172606e+01,6.255640800998099435e-07
1.118361836183618379e+03,6.598247661666530917e+01,6.438011907362105015e-07
1.118511851185118530e+03,6.599696668260185106e+01,6.625700813694589492e-07
1.118661866186618681e+03,6.600596283497814909e+01,6.818863685237563448e-07
1.118811881188118832e+03,6.600820135349385964e+01,7.017660812467536030e-07
1.118961896189618983e+03,6.600386716328145553e+01,7.222256611095509657e-07
1.119111911191119134e+03,6.599459383490625441e+01,7.432819622066985311e-07
1.119261926192619285e+03,6.598346358436639036e+01,7.649522511561960422e-07
1.119411941194119436e+03,6.597500727309287072e+01,7.872542070994926748e-07
1.119561956195619587e+03,6.597520440794950503e+01,8.102059217014876733e-07
1.119711971197119738e+03,6.598579622441776849e+01,8.338262770337018433e-07
1.119861986198619888e+03,6.599996723347177863e+01,8.581351116611997221e-07
1.120012001200120039e+03,6.601337866119311570e+01,8.831526547764010495e-07
1.120162016201620190e+03,6.602287139158829632e+01,9.088997174482705070e-07
1.120312031203120341e+03,6.602646350186802238e+01,9.353976928159056152e-07
1.120462046204620492e+03,6.602335026244711003e+01,9.626685560885356754e-07
1.120612061206120643e+03,6.601390413694464598e+01,9.907348645455228282e-07
1.120762076207620794e+03,6.599967478218378858e+01,1.019619757536361736e-06
1.120912091209120945e+03,6.598338904819195250e+01,1.049346956480678630e-06
1.121062106210621096e+03,6.596895097820069509e+01,1.079940764868232792e-06
1.121212121212121247e+03,6.596144180864571638e+01,1.111426068258915920e-06
1.121362136213621397e+03,6.596718115371677982e+01,1.143828331644521478e-06
1.121512151215121548e+03,6.599036913342281707e+01,1.177173926842293586e-06
1.121662166216621699e+03,6.602224424740880693e+01,1.211490980713555867e-06
1.121812181218121850e+03,6.605327982879114757e+01,1.246808538327076819e-06
1.121962196219622001e+03,6.607629600213749654e+01,1.283156360290453462e-06
1.122112211221122152e+03,6.608645968346671395e+01,1.320564922750110913e-06
1.122262226222622303e+03,6.608128458024887664e+01,1.359065417391302809e-06
1.122412241224122454e+03,6.606063119140532081e+01,1.398689751438111311e-06
1.122562256225622605e+03,6.602670680730858521e+01,1.439470547653446463e-06
1.122712271227122756e+03,6.598406550978242535e+01,1.481441144339047678e-06
1.122862286228622906e+03,6.593960817210181347e+01,1.524635595335481621e-06
1.123012301230123057e+03,6.590258245899299538e+01,1.569088670022144111e-06
1.123162316231623208e+03,6.588458282663337684e+01,1.614835853317258855e-06
1.123312331233123359e+03,6.589928555853620651e+01,1.661913372202341705e-06
1.123462346234623510e+03,6.593430265338493257e+01,1.710361133376360566e-06
1.123612361236123661e+03,6.596867867466792745e+01,1.760221325655537708e-06
1.123762376237623812e+03,6.599511432576670700e+01,1.811536028698140833e-06
1.123912391239123963e+03,6.600926534296598902e+01,1.864348225961686912e-06
1.124062406240624114e+03,6.600974249545360806e+01,1.918701804702941765e-06
1.124212421242124265e+03,6.599811158532057220e+01,1.974641555977921754e-06
1.124362436243624416e+03,6.597889344756104890e+01,2.032213174641891239e-06
1.124512451245124566e+03,6.595956395007235074e+01,2.091463259349364276e-06
1.124662466246624717e+03,6.595055399365494964e+01,2.152439312554104617e-06
1.124812481248124868e+03,6.596130372978731771e+01,2.215190317378895106e-06
1.124962496249625019e+03,6.597697057417653355e+01,2.279770129591161370e-06
1.125112511251125170e+03,6.599089733070439934e+01,2.346232908511952669e-06
1.125262526252625321e+03,6.600046035284418622e+01,2.414633902743611160e-06
1.125412541254125472e+03,6.600430618320574183e+01,2.485029862577779001e-06
1.125562556255625623e+03,6.600235155353549032e+01,2.557479039995397501e-06
1.125712571257125774e+03,6.599578338471638972e+01,2.632041188666708392e-06
1.125862586258625925e+03,6.598705878676796033e+01,2.708777563951253827e-06
1.126012601260126075e+03,6.597990505884629897e+01,2.787750922897874692e-06
1.126162616261626226e+03,6.597931968924405055e+01,2.869025524244712714e-06
1.126312631263126377e+03,6.598777939264311954e+01,2.952668124377628576e-06
1.126462646264626528e+03,6.599983665420275258e+01,3.038748793190139930e-06
1.126612661266126679e+03,6.601163344052629611e+01,3.127339003219988678e-06
1.126762676267626830e+03,6.602033454443390781e+01,3.218512333583553110e-06
1.126912691269126981e+03,6.602410278725938042e+01,3.312344478510113116e-06
1.127062706270627132e+03,6.602209901885008492e+01,3.408913247341848068e-06
1.127212721272127283e+03,6.601448211756706996e+01,3.508298564533838512e-06
1.127362736273627434e+03,6.600240899028499086e+01,3.610582469654063633e-06
1.127512751275127584e+03,6.598803457239210957e+01,3.715849117383405060e-06
1.127662766276627735e+03,6.597451182779032308e+01,3.824184777515643059e-06
1.127812781278127886e+03,6.596599174889517769e+01,3.935677834957459917e-06
1.127962796279628037e+03,6.596762335663581212e+01,4.050418789728437829e-06
1.128112811281128188e+03,6.598177049198325506e+01,4.168501665106785856e-06
1.128262826282628339e+03,6.600159553514559718e+01,4.290025703665869717e-06
1.128412841284128490e+03,6.602084514546601213e+01,4.415092663162356360e-06
1.128562856285628641e+03,6.603490343159884901e+01,4.543807062046502967e-06
1.128712871287128792e+03,6.604078831639944269e+01,4.676276181381534463e-06
1.128862886288628943e+03,6.603715153692401429e+01,4.812610064843644359e-06
1.129012901290129093e+03,6.602427864442972805e+01,4.952921518721994755e-06
1.129162916291629244e+03,6.600408900437464865e+01,5.097326111918716338e-06
1.129312931293129395e+03,6.598013579641778392e+01,5.245942175948906690e-06
1.129462946294629546e+03,6.595760601441902793e+01,5.398890804940633672e-06
1.129612961296129697e+03,6.594332046643924627e+01,5.556295855634932042e-06
1.129762976297629848e+03,6.594573377474016240e+01,5.718283947385805144e-06
1.129912991299129999e+03,6.596931937540955460e+01,5.884986525268707351e-06
1.130063006300630150e+03,6.600298861493078562e+01,6.056544972304044626e-06
1.130213021302130301e+03,6.603592830888078424e+01,6.233105167497104458e-06
1.130363036303630452e+03,6.606014197504016749e+01,6.414816319261140667e-06
1.130513051305130602e+03,6.607044054086081530e+01,6.601830968206693556e-06
1.130663066306630753e+03,6.606444234346578526e+01,6.794304987141588218e-06
1.130813081308130904e+03,6.604257312964935522e+01,6.992397581070933688e-06
1.130963096309631055e+03,6.600806605587702336e+01,7.196271287197126332e-06
1.131113111311131206e+03,6.596696168828547968e+01,7.406091974919845614e-06
1.131263126312631357e+03,6.592810800268264870e+01,7.622028845836056630e-06
1.131413141314131508e+03,6.590316038454763259e+01,7.844254433740008422e-06
1.131563156315631659e+03,6.590658162903078221e+01,8.072944604623238211e-06
1.131713171317131810e+03,6.594173685421773712e+01,8.308284963118147879e-06
1.131863186318631961e+03,6.598679299232118467e+01,8.550480195930800235e-06
1.132013201320132112e+03,6.602811784322464916e+01,8.799738393881286578e-06
1.132163216321632262e+03,6.605609801825310967e+01,9.056271494361144511e-06
1.132313231323132413e+03,6.606506665488204533e+01,9.320295309803353334e-06
1.132463246324632564e+03,6.605330341673737848e+01,9.592029527682330656e-06
1.132613261326132715e+03,6.602303449359551735e+01,9.871697710513939171e-06
1.132763276327632866e+03,6.598043260138332755e+01,1.015952729585547649e-05
1.132913291329132790e+03,6.593561698217823164e+01,1.045574959630523132e-05
1.133063306330632940e+03,6.590265340420789641e+01,1.076059979950428080e-05
1.133213321332133091e+03,6.589955416185065928e+01,1.107431696813380721e-05
1.133363336333633242e+03,6.593068218941002101e+01,1.139715582054261709e-05
1.133513351335133393e+03,6.596679777371197417e+01,1.172940225620675186e-05
1.133663366336633544e+03,6.599790605592616544e+01,1.207133857015291813e-05
1.133813381338133695e+03,6.601775122876858859e+01,1.242325264164078865e-05
1.133963396339633846e+03,6.602318420847115021e+01,1.278543834072473089e-05
1.134113411341133997e+03,6.601416263478165547e+01,1.315819552825381549e-05
1.134263426342634148e+03,6.599375087096385073e+01,1.354183005587180608e-05
1.134413441344134299e+03,6.596812000379738095e+01,1.393665376601716778e-05
1.134563456345634449e+03,6.594654784357783228e+01,1.434298449192306549e-05
1.134713471347134600e+03,6.594141892411670369e+01,1.476114605761736388e-05
1.134863486348634751e+03,6.595856311422657825e+01,1.519147760390453072e-05
1.135013501350134902e+03,6.597962318709258511e+01,1.563435118202601145e-05
1.135163516351635053e+03,6.599819939375568367e+01,1.609013834099905002e-05
1.135313531353135204e+03,6.601046628848192199e+01,1.655921953364959234e-05
1.135463546354635355e+03,6.601439584264609550e+01,1.704198486734596289e-05
1.135613561356135506e+03,6.600975744473170437e+01,1.753883410399886979e-05
1.135763576357635657e+03,6.599811790033101033e+01,1.805017666006139806e-05
1.135913591359135808e+03,6.598284143214499409e+01,1.857643160652901974e-05
1.136063606360635958e+03,6.596908967998335527e+01,1.911802766893958035e-05
1.136213621362136109e+03,6.596382170076455509e+01,1.967540322737330909e-05
1.136363636363636260e+03,6.597334298451448831e+01,2.024900993902592616e-05
1.136513651365136411e+03,6.598986468631878211e+01,2.083933140413196910e-05
1.136663666366636562e+03,6.600687288658282625e+01,2.144686203273876428e-05
1.136813681368136713e+03,6.602010005675502669e+01,2.207210867530648045e-05
1.136963696369636864e+03,6.602674661943805745e+01,2.271559191216519189e-05
1.137113711371137015e+03,6.602548094838887494e+01,2.337784605351489535e-05
1.137263726372637166e+03,6.601643936851868943e+01,2.405941913942549648e-05
1.137413741374137317e+03,6.600122615589297936e+01,2.476087293983680646e-05
1.137563756375637467e+03,6.598291353773149126e+01,2.548278295455855215e-05
1.137713771377137618e+03,6.596604169240825399e+01,2.622573841327037949e-05
1.137863786378637769e+03,6.595661874945156455e+01,2.699034227552182978e-05
1.138013801380137920e+03,6.596205508179667731e+01,2.777721137598740755e-05
1.138163816381638071e+03,6.598372067538389274e+01,2.858699129719633730e-05
1.138313831383138222e+03,6.601202866651151169e+01,2.942036651582913701e-05
1.138463846384638373e+03,6.603855545172373809e+01,3.027804030216917823e-05
1.138613861386138524e+03,6.605711274749815232e+01,3.116073341843081151e-05
1.138763876387638675e+03,6.606374759024573962e+01,3.206918411875934950e-05
1.138913891389138826e+03,6.605674233631087588e+01,3.300414814923106693e-05
1.139063906390638977e+03,6.603661466197127083e+01,3.396639874785321075e-05
1.139213921392139127e+03,6.600611756343808167e+01,3.495672664456399341e-05
1.139363936393639278e+03,6.597023935685578522e+01,3.597594006123259959e-05
1.139513951395139429e+03,6.593620367830227735e+01,3.702486471165917267e-05
1.139663966396639580e+03,6.591346948378884463e+01,3.810434380157482826e-05
1.139813981398139731e+03,6.591373104926012161e+01,3.921523802864163391e-05
1.139963996399639882e+03,6.594002879788419591e+01,4.035845256694477803e-05
1.140114011401140033e+03,6.597128178992321068e+01,4.153498127511518585e-05
1.140264026402640184e+03,6.599862431185280798e+01,4.274581984141702926e-05
1.140414041404140335e+03,6.601640407203483107e+01,4.399198536498041248e-05
1.140564056405640486e+03,6.602166299547336337e+01,4.527451758902369756e-05
1.140714071407140636e+03,6.601413722381481364e+01,4.659447890085352474e-05
1.140864086408640787e+03,6.599625711534784500e+01,4.795295433186478533e-05
1.141014101410140938e+03,6.597314724500338912e+01,4.935105155754062169e-05
1.141164116411641089e+03,6.595262640435467461e+01,5.078990089745245439e-05
1.141314131413141240e+03,6.594520760161717021e+01,5.227065531525994149e-05
1.141464146414641391e+03,6.595874532013310443e+01,5.379450912330933460e-05
1.141614161416141542e+03,6.597766436836295156e+01,5.536277125477755476e-05
1.141764176417641693e+03,6.599499400472384991e+01,5.697675844976245847e-05
1.141914191419141844e+03,6.600703722642225557e+01,5.863781672500481367e-05
1.142064206420641995e+03,6.601171819942940999e+01,6.034732721963477373e-05
1.142214221422142145e+03,6.600858225848138261e+01,6.210670619517189776e-05
1.142364236423642296e+03,6.599879590707902821e+01,6.391740503552513031e-05
1.142514251425142447e+03,6.598514681748798694e+01,6.578091024699283520e-05
1.142664266426642598e+03,6.597204383073871270e+01,6.769874345826275492e-05
1.142814281428142749e+03,6.596551695662647319e+01,6.967246142041201736e-05
1.142964296429642900e+03,6.597222921666825357e+01,7.170366157163616551e-05
1.143114311431143051e+03,6.598744167791180359e+01,7.379404395938413889e-05
1.143264326432643202e+03,6.600427836830360206e+01,7.594536063960726727e-05
1.143414341434143353e+03,6.601825607650781080e+01,7.815940613432728124e-05
1.143564356435643504e+03,6.602629991963705436e+01,8.043802433173490095e-05
1.143714371437143654e+03,6.602674334325246264e+01,8.278310848618984966e-05
1.143864386438643805e+03,6.601932812136359985e+01,8.519660121822082667e-05
1.144014401440143956e+03,6.600520435642852135e+01,8.768049451452554792e-05
1.144164416441644107e+03,6.598693047935371681e+01,9.023682972797070537e-05
1.144314431443144258e+03,6.596847324949419544e+01,9.286769757759198057e-05
1.144464446444644409e+03,6.595520775465338659e+01,9.557523814859407169e-05
1.144614461446144560e+03,6.595391741108322492e+01,9.836164089235066652e-05
1.144764476447644711e+03,6.597096013545635174e+01,1.012291579338072295e-04
1.144914491449144862e+03,6.600025953970212811e+01,1.041801897358514829e-04
1.145064506450645013e+03,6.603149714220397470e+01,1.072172381624031699e-04
1.145214521452145163e+03,6.605674679268149418e+01,1.103428664289255487e-04
1.145364536453645314e+03,6.607051017196369003e+01,1.135596989492881648e-04
1.145514551455145465e+03,6.606971679198896652e+01,1.168704213357668240e-04
1.145664566456645616e+03,6.605372399580511455e+01,1.202777803990436056e-04
1.145814581458145767e+03,6.602431695756931163e+01,1.237845841482068221e-04
1.145964596459645918e+03,6.598570868254813604e+01,1.273937017907511408e-04
1.146114611461146069e+03,6.594454000711753849e+01,1.311080637325774353e-04
1.146264626462646220e+03,6.590987959876288471e+01,1.349306615779928119e-04
1.146414641464146371e+03,6.589322395607894123e+01,1.388645481297107729e-04
1.146564656465646522e+03,6.590785598510197474e+01,1.429128428997425199e-04
1.146714671467146673e+03,6.594060264971993490e+01,1.470789855938116732e-04
1.146864686468646823e+03,6.597320226893997130e+01,1.513665802524930546e-04
1.147014701470146974e+03,6.599831059785844900e+01,1.557792445820093904e-04
1.147164716471647125e+03,6.601145726374386413e+01,1.603206752745386617e-04
1.147314731473147276e+03,6.601104576603675866e+01,1.649946480082142668e-04
1.147464746474647427e+03,6.599835347634983407e+01,1.698050174471248857e-04
1.147614761476147578e+03,6.597753163846782343e+01,1.747557172413144802e-04
1.147764776477647729e+03,6.595560536834761933e+01,1.798507600267824566e-04
1.147914791479147880e+03,6.594247365411814599e+01,1.850942374254834215e-04
1.148064806480648031e+03,6.594974948388933456e+01,1.904903346169728299e-04
1.148214821482148182e+03,6.596681384593212272e+01,1.960436303972267359e-04
1.148364836483648332e+03,6.598330483297850435e+01,2.017588270087624313e-04
1.148514851485148483e+03,6.599562938347018815e+01,2.076406859383416197e-04
1.148664866486648634e+03,6.600165984051722035e+01,2.136940960884302939e-04
1.148814881488148785e+03,6.600073395189809844e+01,2.199240737771986825e-04
1.148964896489648936e+03,6.599365487005968589e+01,2.263357627385213029e-04
1.149114911491149087e+03,6.598269115211724056e+01,2.329344341219768814e-04
1.149264926492649238e+03,6.597157675985444314e+01,2.397254864928484875e-04
1.149414941494149389e+03,6.596551105972334028e+01,2.467144458321233720e-04
1.149564956495649540e+03,6.597048379680983032e+01,2.539069803728297701e-04
1.149714971497149691e+03,6.598311722187668238e+01,2.613090946713906150e-04
1.149864986498649841e+03,6.599742791650879781e+01,2.689269752211573077e-04
1.150015001500149992e+03,6.600950005839993651e+01,2.767669617562431802e-04
1.150165016501650143e+03,6.601661482449523533e+01,2.848355737648345732e-04
1.150315031503150294e+03,6.601725039099116543e+01,2.931395104891912698e-04
1.150465046504650445e+03,6.601108193333556073e+01,3.016856509256462789e-04
1.150615061506150596e+03,6.599898162622760367e+01,3.104810538246059433e-04
1.150765076507650747e+03,6.598301864361786784e+01,3.195329576905498316e-04
1.150915091509150898e+03,6.596645915870823274e+01,3.288487807820307919e-04
1.151065106510651049e+03,6.595376634395196902e+01,3.384361211116749526e-04
1.151215121512151200e+03,6.595060037105369588e+01,3.483027564461817216e-04
1.151365136513651350e+03,6.596369462656397786e+01,3.584566527626874884e-04
1.151515151515151501e+03,6.599146863303734278e+01,3.689062096552448876e-04
1.151665166516651652e+03,6.602352099928748430e+01,3.796602812271853995e-04
1.151815181518151803e+03,6.605135305216685992e+01,3.907279513002819850e-04
1.151965196519651954e+03,6.606881523708941018e+01,4.021185248461622733e-04
1.152115211521152105e+03,6.607210711803057279e+01,4.138415279863090490e-04
1.152265226522652256e+03,6.605977737752725432e+01,4.259067079920597111e-04
1.152415241524152407e+03,6.603272381667788693e+01,4.383240332846068685e-04
1.152565256525652558e+03,6.599419335514238583e+01,4.511036934349977982e-04
1.152715271527152709e+03,6.594978203114213500e+01,4.642560991641347164e-04
1.152865286528652859e+03,6.590743500146001566e+01,4.777918823427747242e-04
1.153015301530153010e+03,6.587744654144042045e+01,4.917218959915299701e-04
1.153165316531653161e+03,6.587246004498922503e+01,5.060572142808673251e-04
1.153315331533153312e+03,6.590029778626332302e+01,5.208093590010694392e-04
1.153465346534653463e+03,6.593538654924202547e+01,5.359912763055072133e-04
1.153615361536153614e+03,6.596615389639670468e+01,5.516159060468721689e-04
1.153765376537653765e+03,6.598665894945662558e+01,5.676963868518800863e-04
1.153915391539153916e+03,6.599390217727126640e+01,5.842461371933961459e-04
1.154065406540654067e+03,6.598782539581034712e+01,6.012788553904342779e-04
1.154215421542154218e+03,6.597131176816382947e+01,6.188085196081575959e-04
1.154365436543654369e+03,6.595018580454193113e+01,6.368493878578783971e-04
1.154515451545154519e+03,6.593321336227506890e+01,6.554159979970579451e-04
1.154665466546654670e+03,6.593210164581394395e+01,6.745231677293064701e-04
1.154815481548154821e+03,6.594658293088748735e+01,6.941866678510609772e-04
1.154965496549654972e+03,6.596145938908563267e+01,7.144233662595487859e-04
1.155115511551155123e+03,6.597327977273663180e+01,7.352500982536136964e-04
1.155265526552655274e+03,6.597991956321814655e+01,7.566841608146787201e-04
1.155415541554155425e+03,6.598054132971627439e+01,7.787433144150032911e-04
1.155565556555655576e+03,6.597559472922560531e+01,8.014457830176835917e-04
1.155715571557155727e+03,6.596681650654915074e+01,8.248102540766523352e-04
1.155865586558655878e+03,6.595723049429838625e+01,8.488558785366790913e-04
1.156015601560156028e+03,6.595114761289320882e+01,8.736022708333696356e-04
1.156165616561656179e+03,6.595384561091995579e+01,8.990695379590363202e-04
1.156315631563156330e+03,6.596365913084633803e+01,9.252788622726591718e-04
1.156465646564656481e+03,6.597538255474168523e+01,9.522520960050274985e-04
1.156615661566156632e+03,6.598553169700232957e+01,9.800116344859878710e-04
1.156765676567656783e+03,6.599163682394261343e+01,1.008580525884075025e-03
1.156915691569156934e+03,6.599224265379491783e+01,1.037982471206511754e-03
1.157065706570657085e+03,6.598690835670966237e+01,1.068241824299208907e-03
1.157215721572157236e+03,6.597620755475526266e+01,1.099383591846765174e-03
1.157365736573657387e+03,6.596172832191815871e+01,1.131433433372467951e-03
1.157515751575157537e+03,6.594607318410281493e+01,1.164417661238291825e-03
1.157665766576657688e+03,6.593285911913174857e+01,1.198363240644900306e-03
1.157815781578157839e+03,6.592671755674547285e+01,1.233297789631644529e-03
1.157965796579657990e+03,6.593291413589228966e+01,1.269249627767885490e-03
1.158115811581158141e+03,6.594926868431565481e+01,1.306248619594148645e-03
1.158265826582658292e+03,6.596846029991296234e+01,1.344325820874482050e-03
1.158415841584158443e+03,6.598489621929438442e+01,1.383513078616449132e-03
1.158565856585658594e+03,6.599462595420312994e+01,1.423843092055808012e-03
1.158715871587158745e+03,6.599534129151541606e+01,1.465349412656512598e-03
1.158865886588658896e+03,6.598637629324055354e+01,1.508066444110712362e-03
1.159015901590159046e+03,6.596870729652083298e+01,1.552029442338752341e-03
1.159165916591659197e+03,6.594495291363165279e+01,1.597274515489172488e-03
1.159315931593159348e+03,6.591937403198137702e+01,1.643838623938708972e-03
1.159465946594659499e+03,6.589787381411146328e+01,1.691759580292292878e-03
1.159615961596159650e+03,6.588799769769639170e+01,1.741076049383051289e-03
1.159765976597659801e+03,6.589839785725959587e+01,1.791827605077177992e-03
1.159915991599159952e+03,6.592606843925585736e+01,1.844056250075453568e-03
1.160066006600660103e+03,6.595875325947260137e+01,1.897806468679685702e-03
1.160216021602160254e+03,6.598691379257083156e+01,1.953123808384842975e-03
1.160366036603660405e+03,6.600380159155282911e+01,2.010054845646639353e-03
1.160516051605160555e+03,6.600545828776218116e+01,2.068647185881532236e-03
1.160666066606660706e+03,6.599071559088373817e+01,2.128949463466725273e-03
1.160816081608160857e+03,6.596119528894361395e+01,2.191011341740164899e-03
1.160966096609661008e+03,6.592130924830922822e+01,2.254883513000542714e-03
1.161116111611161159e+03,6.587825941368924987e+01,2.320617698507295053e-03
1.161266126612661310e+03,6.584203780813365370e+01,2.388266648480602550e-03
1.161416141614161461e+03,6.582542653303366365e+01,2.457884142101390140e-03
1.161566156615661612e+03,6.584239266108245658e+01,2.529525202126159909e-03
1.161716171617161763e+03,6.588104507548783317e+01,2.603250223589236630e-03
1.161866186618661914e+03,6.592301095664964805e+01,2.679123071466941574e-03
1.162016201620162065e+03,6.595663310021758718e+01,2.757208540845324397e-03
1.162166216621662215e+03,6.597413520232333894e+01,2.837572628872098938e-03
1.162316231623162366e+03,6.597162185958062253e+01,2.920282534756639750e-03
1.162466246624662517e+03,6.594907856908520216e+01,3.005406659769985570e-03
1.162616261626162668e+03,6.591037172841487290e+01,3.093014607244836279e-03
1.162766276627662819e+03,6.586324863562947485e+01,3.183177182575555944e-03
1.162916291629162970e+03,6.581933748927085048e+01,3.275966393218170212e-03
1.163066306630663121e+03,6.579414738836291576e+01,3.371455448690367177e-03
1.163216321632163272e+03,6.580569577317903907e+01,3.469719040199450554e-03
1.163366336633663423e+03,6.583708707935078053e+01,3.570841287338613352e-03
1.163516351635163574e+03,6.586841620200628711e+01,3.674909920404909047e-03
1.163666366636663724e+03,6.589174677494413856e+01,3.782012799670641731e-03
1.163816381638163875e+03,6.590219450123382217e+01,3.892239638020599055e-03
1.163966396639664026e+03,6.589792715321581795e+01,4.005682000952054400e-03
1.164116411641164177e+03,6.588016457250154190e+01,4.122433306574764707e-03
1.164266426642664328e+03,6.585317866997333169e+01,4.242588825610973946e-03
1.164416441644164479e+03,6.582429342578450360e+01,4.366245681395406614e-03
1.164566456645664630e+03,6.580388488935930980e+01,4.493502849875275970e-03
1.164716471647164781e+03,6.580505887902241113e+01,4.624461256303297012e-03
1.164866486648664932e+03,6.582074764773074094e+01,4.759230680727856606e-03
1.165016501650165083e+03,6.583704899747567652e+01,4.897926108249159999e-03
1.165166516651665233e+03,6.584907621219424811e+01,5.040663298708208256e-03
1.165316531653165384e+03,6.585371873048201508e+01,5.187560984169102898e-03
1.165466546654665535e+03,6.584964214559310847e+01,5.338740868919045895e-03
1.165616561656165686e+03,6.583728820544021687e+01,5.494327629468342272e-03
1.165766576657665837e+03,6.581887481259460060e+01,5.654448914550396638e-03
1.165916591659165988e+03,6.579839602428607748e+01,5.819235345121714052e-03
1.166066606660666139e+03,6.578162205240303706e+01,5.988820514361900896e-03
1.166216621662166290e+03,6.577609926349242642e+01,6.163340987673665734e-03
1.166366636663666441e+03,6.578382617811634248e+01,6.342939610513429437e-03
1.166516651665166592e+03,6.579540534712727151e+01,6.527767844146430999e-03
1.166666666666666742e+03,6.580563947094293553e+01,6.717979632908493634e-03
1.166816681668166893e+03,6.581080433820311271e+01,6.913733128000374220e-03
1.166966696669667044e+03,6.580862645892285911e+01,7.115190698303571620e-03
1.167116711671167195e+03,6.579828306449238084e+01,7.322518930380323213e-03
1.167266726672667346e+03,6.578040210767717610e+01,7.535888628473612696e-03
1.167416741674167497e+03,6.575706226261792153e+01,7.755474814507157949e-03
1.167566756675667648e+03,6.573179292483051483e+01,7.981456728085423169e-03
1.167716771677167799e+03,6.570957421120608899e+01,8.214017826493611937e-03
1.167866786678667950e+03,6.569683696001099804e+01,8.453345784697667217e-03
1.168016801680168101e+03,6.570062054262328388e+01,8.699633024532409109e-03
1.168166816681668251e+03,6.571742727533184336e+01,8.953083566764942838e-03
1.168316831683168402e+03,6.573759954263323380e+01,9.213911036316004000e-03
1.168466846684668553e+03,6.575360121191191354e+01,9.482334406651823575e-03
1.168616861686168704e+03,6.576007533227507906e+01,9.758578012594614978e-03
1.168766876687668855e+03,6.575384413455259391e+01,1.004287155032256539e-02
1.168916891689169006e+03,6.573390903129704554e+01,1.033545007736984614e-02
1.169066906690669157e+03,6.570145061678373111e+01,1.063655401262660061e-02
1.169216921692169308e+03,6.565982866701060061e+01,1.094642913633895806e-02
1.169366936693669459e+03,6.561458213969835640e+01,1.126532659010902153e-02
1.169516951695169610e+03,6.557342917429036788e+01,1.159350287689487127e-02
1.169666966696669760e+03,6.554626709195274259e+01,1.193121986101057172e-02
1.169816981698169911e+03,6.554505060138934880e+01,1.227874485985137529e-02
1.169966996699670062e+03,6.556280150226105263e+01,1.263636715853473647e-02
1.170117011701170213e+03,6.558201825047378009e+01,1.300439400206703476e-02
1.170267026702670364e+03,6.559528809295049712e+01,1.338313426665755160e-02
1.170417041704170515e+03,6.559780320610072124e+01,1.377290374047408263e-02
1.170567056705670666e+03,6.558736069582059258e+01,1.417402512364293599e-02
1.170717071707170817e+03,6.556436259749274598e+01,1.458682802824893751e-02
1.170867086708670968e+03,6.553181587598642466e+01,1.501164897833542379e-02
1.171017101710171119e+03,6.549533242565743762e+01,1.544883140990424737e-02
1.171167116711671270e+03,6.546312907034815964e+01,1.589872567091577329e-02
1.171317131713171420e+03,6.544602756338748861e+01,1.636168902128888256e-02
1.171467146714671344e+03,6.544751906850689238e+01,1.683809659976740619e-02
1.171617161716171495e+03,6.545149874140238921e+01,1.732835554943197229e-02
1.171767176717671646e+03,6.545267398317272978e+01,1.783287306635257183e-02
1.171917191719171797e+03,6.544771704423011727e+01,1.835206657537571950e-02
1.172067206720671948e+03,6.543486792299930244e+01,1.888636416981493218e-02
1.172217221722172098e+03,6.541393436591748412e+01,1.943620461145073239e-02
1.172367236723672249e+03,6.538629186743439448e+01,2.000203733053064134e-02
1.172517251725172400e+03,6.535488367001224219e+01,2.058432242576919285e-02
1.172667266726672551e+03,6.532422076412576928e+01,2.118353066434791945e-02
1.172817281728172702e+03,6.530038188826219425e+01,2.180014348191536278e-02
1.172967296729672853e+03,6.528930912068490500e+01,2.243465593052475227e-02
1.173117311731173004e+03,6.528486515913853339e+01,2.308759591462199168e-02
1.173267326732673155e+03,6.528085996787078216e+01,2.375950477951423861e-02
1.173417341734173306e+03,6.527317251141522547e+01,2.445093731320961694e-02
1.173567356735673457e+03,6.525900498166414820e+01,2.516246324029148412e-02
1.173717371737173607e+03,6.523688279786846067e+01,2.589466722191842429e-02
1.173867386738673758e+03,6.520665460663781232e+01,2.664814885582424478e-02
1.174017401740173909e+03,6.516949228194047805e+01,2.742352267631799345e-02
1.174167416741674060e+03,6.512789092510342925e+01,2.822141815428393791e-02
1.174317431743174211e+03,6.508566886481231961e+01,2.904247969718157588e-02
1.174467446744674362e+03,6.504796765711145667e+01,2.988736664904564216e-02
1.174617461746174513e+03,6.502125208540384449e+01,3.075675329048609130e-02
1.174767476747674664e+03,6.501101328177811922e+01,3.165133373691665641e-02
1.174917491749174815e+03,6.501076184797405233e+01,3.257184788441121193e-02
1.175067506750674966e+03,6.501128004391915738e+01,3.351906471426698009e-02
1.175217521752175116e+03,6.500549697885043088e+01,3.449377168773590241e-02
1.175367536753675267e+03,6.498848622354600479e+01,3.549677473980075021e-02
1.175517551755175418e+03,6.495746581032511813e+01,3.652889827917513155e-02
1.175667566756675569e+03,6.491179823304814533e+01,3.759098518830349817e-02
1.175817581758175720e+03,6.485299044711659633e+01,3.868389682336113855e-02
1.175967596759675871e+03,6.478469386947313069e+01,3.980851301425419181e-02
1.176117611761176022e+03,6.471270437860151503e+01,4.096573206461961991e-02
1.176267626762676173e+03,6.464496231452666564e+01,4.215647075182522158e-02
1.176417641764176324e+03,6.459155247881462003e+01,4.338166432696964614e-02
1.176567656765676475e+03,6.456457315553343790e+01,4.464226687742519489e-02
1.176717671767176626e+03,6.455590867563931567e+01,4.593931622030766881e-02
1.176867686768676776e+03,6.454747387861060304e+01,4.727391554911400395e-02
1.177017701770176927e+03,6.453216716804021758e+01,4.864716989755363263e-02
1.177167716771677078e+03,6.450539189906788806e+01,5.006020770511972195e-02
1.177317731773177229e+03,6.446505637838014025e+01,5.151418081708917379e-02
1.177467746774677380e+03,6.441157386421033948e+01,5.301026448452257622e-02
1.177617761776177531e+03,6.434786256633866230e+01,5.454965736426426598e-02
1.177767776777677682e+03,6.427934564609206802e+01,5.613358151894229375e-02
1.177917791779177833e+03,6.421395121634435554e+01,5.776328241696841032e-02
1.178067806780677984e+03,6.416211234151612075e+01,5.944002893253812203e-02
1.178217821782178135e+03,6.412669967668719551e+01,6.116515565604550148e-02
1.178367836783678285e+03,6.409197523589483581e+01,6.294011212419192702e-02
1.178517851785178436e+03,6.405355160535914649e+01,6.476634197029625117e-02
1.178667866786678587e+03,6.400871532266700115e+01,6.664532420332335005e-02
1.178817881788178738e+03,6.395604129454500253e+01,6.857857482364143609e-02
1.178967896789678889e+03,6.389539279685953943e+01,7.056764682302210656e-02
1.179117911791179040e+03,6.382792147461678667e+01,7.261413018464023261e-02
1.179267926792679191e+03,6.375606734196266956e+01,7.471965188307409800e-02
1.179417941794179342e+03,6.368355878218289234e+01,7.688587588430526032e-02
1.179567956795679493e+03,6.361541254770293108e+01,7.911450314571866205e-02
1.179717971797179644e+03,6.355634690014102972e+01,8.140728233648462930e-02
1.179867986798679794e+03,6.350086261096314644e+01,8.376607247259822142e-02
1.180018001800179945e+03,6.344433577775910038e+01,8.619277260238232541e-02
1.180168016801680096e+03,6.338376064834832846e+01,8.868932807919216454e-02
1.180318031803180247e+03,6.331704723912866939e+01,9.125773590624022824e-02
1.180468046804680398e+03,6.324302133507637080e+01,9.390004473659623041e-02
1.180618061806180549e+03,6.316142448974608214e+01,9.661835487318717886e-02
1.180768076807680700e+03,6.307291402527084045e+01,9.941481826879734751e-02
1.180918091809180851e+03,6.297906303236211301e+01,1.022916385260682348e-01
1.181068106810681002e+03,6.288236037030975467e+01,1.052510708974986053e-01
1.181218121812181153e+03,6.278621066698202924e+01,1.082954222854445175e-01
1.181368136813681303e+03,6.269493431882559520e+01,1.114270512421192405e-01
1.181518151815181454e+03,6.261338962208309056e+01,1.146483706541624320e-01
1.181668166816681605e+03,6.254005391317389950e+01,1.179619101912042084e-01
1.181818181818181756e+03,6.246826007748519771e+01,1.213703241517445353e-01
1.181968196819681907e+03,6.239250594499102931e+01,1.248763335023771320e-01
1.182118211821182058e+03,6.230863639094721407e+01,1.284827231685469751e-01
1.182268226822682209e+03,6.221384333589134741e+01,1.321923420345502698e-01
1.182418241824182360e+03,6.210666574564281461e+01,1.360081029435344924e-01
1.182568256825682511e+03,6.198698963130276240e+01,1.399329826974984037e-01
1.182718271827182662e+03,6.185604804925413447e+01,1.439700220572919798e-01
1.182868286828682812e+03,6.171642110116165014e+01,1.481223257426164952e-01
1.183018301830182963e+03,6.157203593397181862e+01,1.523930624320244398e-01
1.183168316831683114e+03,6.142816673991291054e+01,1.567854647629195464e-01
1.183318331833183265e+03,6.129143475649499351e+01,1.613028293315568740e-01
1.183468346834683416e+03,6.116980826650990366e+01,1.659485166930426969e-01
1.183618361836183567e+03,6.106492726456992415e+01,1.707260427056955521e-01
1.183768376837683718e+03,6.096132865533077450e+01,1.756392488059904389e-01
1.183918391839183869e+03,6.085263310395976077e+01,1.806919940935910462e-01
1.184068406840684020e+03,6.073452012457268978e+01,1.858882084796480705e-01
1.184218421842184171e+03,6.060431515027421057e+01,1.912318970711977539e-01
1.184368436843684322e+03,6.046098953315780733e+01,1.967271401711618850e-01
1.184518451845184472e+03,6.030516054430582784e+01,2.023780932783479369e-01
1.184668466846684623e+03,6.013909137378944081e+01,2.081889870874487902e-01
1.184818481848184774e+03,5.996669113066869272e+01,2.141641274890429825e-01
1.184968496849684925e+03,5.979351484299243680e+01,2.203078955695945695e-01
1.185118511851185076e+03,5.962676345779838982e+01,2.266247476114531811e-01
1.185268526852685227e+03,5.947295366028708230e+01,2.331192595749936869e-01
1.185418541854185378e+03,5.932009586905655851e+01,2.397964799884333142e-01
1.185568556855685529e+03,5.916271638815794631e+01,2.466614716499945792e-01
1.185718571857185680e+03,5.899890306477951896e+01,2.537193577762394958e-01
1.185868586858685831e+03,5.882740924066217758e+01,2.609753759475819113e-01
1.186018601860185981e+03,5.864765375209942277e+01,2.684348781082876445e-01
1.186168616861686132e+03,5.845972092993736169e+01,2.761033305664742366e-01
1.186318631863186283e+03,5.826436059957472224e+01,2.839863139941111170e-01
1.186468646864686434e+03,5.806298808096283892e+01,2.920895234270195484e-01
1.186618661866186585e+03,5.785768418860565276e+01,3.004187682648726265e-01
1.186768676867686736e+03,5.765119523155971848e+01,3.089799722711953911e-01
1.186918691869186887e+03,5.744686818219943802e+01,3.177791760607584504e-01
1.187068706870687038e+03,5.724069925645619605e+01,3.268228292246245781e-01
1.187218721872187189e+03,5.702880788021912650e+01,3.361174831024449361e-01
1.187368736873687340e+03,5.681170067763289921e+01,3.456696747077615539e-01
1.187518751875187490e+03,5.658978934472450817e+01,3.554861089023946263e-01
1.187668766876687641e+03,5.636339064940329990e+01,3.655736583964422359e-01
1.187818781878187792e+03,5.613272643146094509e+01,3.759393637482801864e-01
1.187968796879687943e+03,5.589792360257145276e+01,3.865904333645625024e-01
1.188118811881188094e+03,5.565901414629116317e+01,3.975342435002209296e-01
1.188268826882688245e+03,5.541593511805876915e+01,4.087783382584652125e-01
1.188418841884188396e+03,5.516852864519528765e+01,4.203304295907830945e-01
1.188568856885688547e+03,5.491654192690406688e+01,4.321983972969400400e-01
1.188718871887188698e+03,5.465962723427080050e+01,4.443902890249796234e-01
1.188868886888688849e+03,5.439734191026352050e+01,4.569143202712233065e-01
1.189018901890188999e+03,5.412875677017679266e+01,4.697789233543792076e-01
1.189168916891689150e+03,5.384909048143563126e+01,4.829932181656974022e-01
1.189318931893189301e+03,5.356051182070997640e+01,4.965657231763405122e-01
1.189468946894689452e+03,5.326675083751928952e+01,5.105049348636312434e-01
1.189618961896189603e+03,5.297073365445887561e+01,5.248196099643609447e-01
1.189768976897689754e+03,5.267458246719993298e+01,5.395187654747892747e-01
1.189918991899189905e+03,5.237961554448952484e+01,5.546116786506447571e-01
1.190069006900690056e+03,5.208634722815059348e+01,5.701078870071241145e-01
1.190219021902190207e+03,5.179448793308195320e+01,5.860171883188928232e-01
1.190369036903690358e+03,5.150294414725829029e+01,6.023496406200850029e-01
1.190519051905190508e+03,5.120981843173017012e+01,6.191155622043029716e-01
1.190669066906690659e+03,5.091240942062401587e+01,6.363255316246179127e-01
1.190819081908190810e+03,5.060721182114215111e+01,6.539903876935694305e-01
1.190969096909690961e+03,5.028991641356274300e+01,6.721212294831655498e-01
1.191119111911191112e+03,4.995541818992277427e+01,6.907294174342807347e-01
1.191269126912691263e+03,4.960382346427765299e+01,7.098267002221598787e-01
1.191419141914191414e+03,4.924243974362694587e+01,7.294237206084928093e-01
1.191569156915691565e+03,4.887648702585453009e+01,7.495307761266802871e-01
1.191719171917191716e+03,4.851008023859380813e+01,7.701585313587571147e-01
1.191869186918691867e+03,4.814622923922770781e+01,7.913180179353913601e-01
1.192019201920192017e+03,4.778683881488866092e+01,8.130206345358850228e-01
1.192169216921692168e+03,4.743270868245861038e+01,8.352781468881735893e-01
1.192319231923192319e+03,4.708353348856901732e+01,8.581026877688260335e-01
1.192469246924692470e+03,4.673790280960087529e+01,8.815067570030451494e-01
1.192619261926192621e+03,4.639330115168466762e+01,9.055032214646674404e-01
1.192769276927692772e+03,4.604610795070041718e+01,9.301053150761624533e-01
1.192919291929192923e+03,4.569159757227764374e+01,9.553266388086342209e-01
1.193069306930693074e+03,4.532393931179538527e+01,9.811811606818197085e-01
1.193219321932193225e+03,4.493619739438220506e+01,1.007683215764089812e+00
1.193369336933693376e+03,4.453201254145549370e+01,1.034845861753397323e+00
1.193519351935193527e+03,4.412309693620156281e+01,1.062680279036798625e+00
1.193669366936693677e+03,4.371251273514221225e+01,1.091198564560523998e+00
1.193819381938193828e+03,4.330258698444345811e+01,1.120413105638041085e+00
1.193969396939693979e+03,4.289491316511880825e+01,1.150336579770089518e+00
1.194119411941194130e+03,4.249035119302923391e+01,1.180981954644681142e+00
1.194269426942694281e+03,4.208902741888319810e+01,1.212362488137100014e+00
1.194419441944194432e+03,4.169033462823664138e+01,1.244491728309902845e+00
1.194569456945694583e+03,4.129293204149297480e+01,1.277383513412917893e+00
1.194719471947194734e+03,4.089474531390310119e+01,1.311051971883245848e+00
1.194869486948694885e+03,4.049296653556538672e+01,1.345511522345260058e+00
1.195019501950195036e+03,4.008405423142569646e+01,1.380776873610605415e+00
1.195169516951695186e+03,3.966399962161932535e+01,1.416862971210209876e+00
1.195319531953195337e+03,3.923689143343062113e+01,1.453782742911688075e+00
1.195469546954695488e+03,3.880738313317245769e+01,1.491547686590986910e+00
1.195619561956195639e+03,3.837729599154005911e+01,1.530169638516231778e+00
1.195769576957695790e+03,3.794802635707934257e+01,1.569660496088266743e+00
1.195919591959195941e+03,3.752054565618693971e+01,1.610032217840654756e+00
1.196069606960696092e+03,3.709540039311018944e+01,1.651296823439679429e+00
1.196219621962196243e+03,3.667271214994713091e+01,1.693466393684341709e+00
1.196369636963696394e+03,3.625217758664651768e+01,1.736553070506363206e+00
1.196519651965196545e+03,3.583306844100779642e+01,1.780569056970184416e+00
1.196669666966696695e+03,3.541423152868112112e+01,1.825526617272964280e+00
1.196819681968196846e+03,3.499408874316736728e+01,1.871438076744582402e+00
1.196969696969696997e+03,3.457063705581809643e+01,1.918315821847635938e+00
1.197119711971197148e+03,3.414157863323636377e+01,1.966172260676890327e+00
1.197269726972697299e+03,3.370897151450072471e+01,2.015017632440804007e+00
1.197419741974197450e+03,3.327556992138620018e+01,2.064859686373596848e+00
1.197569756975697601e+03,3.284262651863205207e+01,2.115705883579616753e+00
1.197719771977197752e+03,3.241114033914166725e+01,2.167563323489174021e+00
1.197869786978697903e+03,3.198185678398254339e+01,2.220438743858539787e+00
1.198019801980198054e+03,3.155526762238627825e+01,2.274338520769946470e+00
1.198169816981698204e+03,3.113161099174859103e+01,2.329268668631589545e+00
1.198319831983198355e+03,3.071087139762930818e+01,2.385234840177623994e+00
1.198469846984698506e+03,3.029277971375237044e+01,2.442242326468168301e+00
1.198619861986198657e+03,2.987681318200582581e+01,2.500296056889300456e+00
1.198769876987698808e+03,2.946219541244184015e+01,2.559400599153061506e+00
1.198919891989198959e+03,2.904789638327668655e+01,2.619560159297454227e+00
1.199069906990699110e+03,2.863263244089074533e+01,2.680778581686440898e+00
1.199219921992199261e+03,2.821486762045496377e+01,2.743059347849875262e+00
1.199369936993699412e+03,2.779553854766113830e+01,2.806402695999101748e+00
1.199519951995199563e+03,2.737701168683290120e+01,2.870804924580243167e+00
1.199669966996699713e+03,2.695993183580684160e+01,2.936262157006101159e+00
1.199819981998199864e+03,2.654482876467149310e+01,3.002769314151766178e+00
1.199969996999700015e+03,2.613211721576732671e+01,3.070320114354619712e+00
1.200120012001200166e+03,2.572209690368675794e+01,3.138907073414333393e+00
1.200270027002700317e+03,2.531495251527415036e+01,3.208521504592870333e+00
1.200420042004200468e+03,2.491075370962580493e+01,3.279153518614482898e+00
1.200570057005700619e+03,2.450945511808996713e+01,3.350792023665714048e+00
1.200720072007200770e+03,2.411089634426682693e+01,3.423424725395398216e+00
1.200870087008700921e+03,2.371480196400851526e+01,3.497038126914658651e+00
1.201020102010201072e+03,2.332078152541910754e+01,3.571617528796910079e+00
1.201170117011701223e+03,2.292832954885462371e+01,3.647147029077857816e+00
1.201320132013201373e+03,2.253682552692302465e+01,3.723609523255496878e+00
1.201470147014701524e+03,2.214553392448421221e+01,3.800986704290112872e+00
1.201620162016201675e+03,2.175369258308096576e+01,3.879258708407721912e+00
1.201770177017701826e+03,2.136268545155424903e+01,3.958396198521381582e+00
1.201920192019201977e+03,2.097339986878257889e+01,4.038371517422444157e+00
1.202070207020702128e+03,2.058595015265002459e+01,4.119157311149754364e+00
1.202220222022202279e+03,2.020042314673242956e+01,4.200723178572639327e+00
1.202370237023702430e+03,1.981687822029739010e+01,4.283035671390909016e+00
1.202520252025202581e+03,1.943534726830428383e+01,4.366058294134858464e+00
1.202670267026702732e+03,1.905583471140425189e+01,4.449751504165263327e+00
1.202820282028202882e+03,1.867831749594019897e+01,4.534072711673384326e+00
1.202970297029703033e+03,1.830274509394680038e+01,4.618976279680963692e+00
1.203120312031203184e+03,1.792903950315050210e+01,4.704413524040226946e+00
1.203270327032703335e+03,1.755709524696951007e+01,4.790332713433882894e+00
1.203420342034203486e+03,1.718677937451381155e+01,4.876679069375123632e+00
1.203570357035703637e+03,1.681793146058514310e+01,4.963394766207624542e+00
1.203720372037203788e+03,1.645036360567702616e+01,5.050418931105542519e+00
1.203870387038703939e+03,1.608386043597473503e+01,5.137687644073518634e+00
1.204020402040204090e+03,1.571817910335532886e+01,5.225133937946678131e+00
1.204170417041704241e+03,1.535304928538761260e+01,5.312687798390626881e+00
1.204320432043204391e+03,1.498817318533218490e+01,5.400276163901454929e+00
1.204470447044704542e+03,1.462329143274208754e+01,5.487705321732073926e+00
1.204620462046204693e+03,1.425887628827259768e+01,5.573744510546133846e+00
1.204770477047704844e+03,1.389502633967019918e+01,5.658415479766840228e+00
1.204920492049204995e+03,1.353164740480034567e+01,5.742083130404850522e+00
1.205070507050705146e+03,1.316864020309771810e+01,5.825049309021197885e+00
1.205220522052205297e+03,1.280590035556622297e+01,5.907552807727288524e+00
1.205370537053705448e+03,1.244331838477899055e+01,5.989769364184899914e+00
1.205520552055205599e+03,1.208077971487838198e+01,6.071811661606185240e+00
1.205670567056705750e+03,1.171816467157598041e+01,6.153729328753668959e+00
1.205820582058205900e+03,1.135534848215259984e+01,6.235508939940249462e+00
1.205970597059706051e+03,1.099220127545827630e+01,6.317074015029199074e+00
1.206120612061206202e+03,1.062858808191227489e+01,6.398285019434162280e+00
1.206270627062706353e+03,1.026436883350308626e+01,6.478939364119157496e+00
1.206420642064206504e+03,9.899398363788426636e+00,6.558771405598577076e+00
1.206570657065706655e+03,9.533526407895243082e+00,6.637452445937183754e+00
1.206720672067206806e+03,9.166597602519702903e+00,6.714590732750117752e+00
1.206870687068706957e+03,8.798451485927202498e+00,6.789731459202888786e+00
1.207020702070207108e+03,8.428922497952367365e+00,6.862356764011382282e+00
1.207170717071707259e+03,8.057839979999044999e+00,6.931885731441854048e+00
1.207320732073207409e+03,7.685028175040311993e+00,6.997674391310938269e+00
1.207470747074707560e+03,7.310306227618467823e+00,7.059015718985635957e+00
1.207620762076207711e+03,6.933488183845045505e+00,7.115139635383327388e+00
1.207770777077707862e+03,6.554382991400796499e+00,7.165213006971760556e+00
1.207920792079208013e+03,6.172794499535704915e+00,7.208339645769060944e+00
1.208070807080708164e+03,5.788521459068975972e+00,7.243560309343726189e+00
1.208220822082208315e+03,5.401357522389044874e+00,7.269852700814626090e+00
1.208370837083708466e+03,5.011091243453574151e+00,7.286131468851003490e+00
1.208520852085208617e+03,4.617506077789446550e+00,7.291248207672477832e+00
1.208670867086708768e+03,4.220380382492782800e+00,7.283991457049036278e+00
1.208820882088208919e+03,3.819487416228913190e+00,7.263086702301043474e+00
1.208970897089709069e+03,3.414595339232411320e+00,7.227196374299236226e+00
1.209120912091209220e+03,3.006435774470053612e+00,7.170549079507847701e+00
1.209270927092709371e+03,2.596505364389673609e+00,7.087064091424601031e+00
1.209420942094209522e+03,2.185507385061149499e+00,6.974187495991996499e+00
1.209570957095709673e+03,1.776023735463667430e+00,6.816841130535263638e+00
1.209720972097209597e+03,1.372578576721931842e+00,6.587086259014342637e+00
1.209870987098709747e+03,9.816383321037194243e-01,6.244123572022404645e+00
1.210021002100209898e+03,6.137528307934911886e-01,5.713636596825739211e+00
1.210171017101710049e+03,2.936847933159011381e-01,4.798843853687063010e+00
1.210321032103210200e+03,7.538255355709116978e-02,2.788364603773501038e+00
1.210471047104710351e+03,1.619940471004069002e-02,1.339731700666110803e-01
1.210621062106210502e+03,1.935900286199570761e-02,1.036311250847329283e-03
1.210771077107710653e+03,2.602692500568863643e-02,2.586866691194581743e-05
1.210921092109210804e+03,3.502288430189559598e-02,1.696951569079812512e-06
1.211071107110710955e+03,4.712702047119311094e-02,2.523555074046021998e-07
1.211221122112211106e+03,6.341066098198695766e-02,4.831435321335778085e-08
1.211371137113711256e+03,8.531344377848250338e-02,3.279575416067085311e-08
1.211521152115211407e+03,1.147726232546597142e-01,1.199257622273673417e-08
1.211671167116711558e+03,1.543502535667619635e-01,8.184958475522215418e-09
1.211821182118211709e+03,2.075809279081569092e-01,1.062484200755414433e-08
1.211971197119711860e+03,2.791072289682725582e-01,8.966269055015847462e-09
1.212121212121212011e+03,3.750262099928550752e-01,7.081346113586863581e-09
1.212271227122712162e+03,5.035319651756242632e-01,6.053166622369615546e-09
1.212421242124212313e+03,6.759540564310835276e-01,5.473612678464252368e-09
1.212571257125712464e+03,9.068493599347322576e-01,5.099836132522891321e-09
1.212721272127212615e+03,1.214407281064640909e+00,4.850742007185271674e-09
1.212871287128712765e+03,1.623310723312901604e+00,4.707165182907129183e-09
1.213021302130212916e+03,2.166222566364478741e+00,4.639541123923240213e-09
1.213171317131713067e+03,2.883788381110585775e+00,4.625100294867169532e-09
1.213321332133213218e+03,3.824638016501523019e+00,4.648090632899819712e-09
1.213471347134713369e+03,5.040827475538604219e+00,4.699096941365706679e-09
1.213621362136213520e+03,6.603916196927485771e+00,4.772151321748242496e-09
1.213771377137713671e+03,8.598754350235058297e+00,4.863243469389830014e-09
1.213921392139213822e+03,1.108793632965286591e+01,4.969003871326304473e-09
1.214071407140713973e+03,1.411100136823997175e+01,5.086662623957476873e-09
1.214221422142214124e+03,1.768596084497240994e+01,5.214068080259773688e-09
1.214371437143714274e+03,2.179806687411379329e+01,5.350020591043217896e-09
1.214521452145214425e+03,2.633076333966987193e+01,5.493772524050278496e-09
1.214671467146714576e+03,3.113042242051807307e+01,5.644674410924278080e-09
1.214821482148214727e+03,3.602117391380970446e+01,5.802212551541460534e-09
1.214971497149714878e+03,4.080490523497000055e+01,5.966009014010986892e-09
1.215121512151215029e+03,4.526184347535080832e+01,6.135821372311896313e-09
1.215271527152715180e+03,4.924136703689136141e+01,6.311521500906804397e-09
1.215421542154215331e+03,5.269541507523503299e+01,6.493089443067636058e-09
1.215571557155715482e+03,5.559756964702611270e+01,6.680547007505981561e-09
1.215721572157215633e+03,5.795822281442444535e+01,6.873932368055838190e-09
1.215871587158715784e+03,5.982457664510535267e+01,7.073300063673615212e-09
1.216021602160215934e+03,6.128064321225970446e+01,7.278720998438128915e-09
1.216171617161716085e+03,6.243245637439238749e+01,7.490291291762233796e-09
1.216321632163216236e+03,6.332874349500013977e+01,7.708170898304157471e-09
1.216471647164716387e+03,6.400504298507016188e+01,7.932531468559404413e-09
1.216621662166216538e+03,6.450331893060420896e+01,8.163537519391946804e-09
1.216771677167716689e+03,6.487131304836044876e+01,8.401346783979230375e-09
1.216921692169216840e+03,6.515759375676019260e+01,8.646118538641719007e-09
1.217071707170716991e+03,6.537739805579154506e+01,8.898059539237871971e-09
1.217221722172217142e+03,6.553900287667674718e+01,9.157378516747701291e-09
1.217371737173717293e+03,6.565417778237075197e+01,9.424284881700589737e-09
1.217521752175217443e+03,6.573721637654449523e+01,9.698991199706461926e-09
1.217671767176717594e+03,6.580424370686277769e+01,9.981713946226650483e-09
1.217821782178217745e+03,6.586068835031645108e+01,1.027268463803558845e-08
1.217971797179717896e+03,6.590340267773568428e+01,1.057214686562831205e-08
1.218121812181218047e+03,6.593148242911674117e+01,1.088034944037643868e-08
1.218271827182718198e+03,6.594652457760149389e+01,1.119754651990862578e-08
1.218421842184218349e+03,6.595262732947742279e+01,1.152399760811056585e-08
1.218571857185718500e+03,6.595639012417764491e+01,1.185996755512499641e-08
1.218721872187218651e+03,6.596592986490473720e+01,1.220572748026046732e-08
1.218871887188718802e+03,6.597803629624804955e+01,1.256156604490599851e-08
1.219021902190218952e+03,6.598857812124390421e+01,1.292777980965003227e-08
1.219171917191719103e+03,6.599584203021262852e+01,1.330467231428079727e-08
1.219321932193219254e+03,6.599902101445610469e+01,1.369255570272466965e-08
1.219471947194719405e+03,6.599821436625774140e+01,1.409175072304615812e-08
1.219621962196219556e+03,6.599442767888248795e+01,1.450258672744791555e-08
1.219771977197719707e+03,6.598957284657683431e+01,1.492540167227072903e-08
1.219921992199219858e+03,6.598646806456875424e+01,1.536054211799352982e-08
1.220072007200720009e+03,6.598869250280306176e+01,1.580836363748197068e-08
1.220222022202220160e+03,6.599612777564585997e+01,1.626923825678756847e-08
1.220372037203720311e+03,6.600537401248990932e+01,1.674354817396963114e-08
1.220522052205220461e+03,6.601381186739263285e+01,1.723168581224265769e-08
1.220672067206720612e+03,6.601953070389519951e+01,1.773405559954156628e-08
1.220822082208220763e+03,6.602132859502255258e+01,1.825107396852168104e-08
1.220972097209720914e+03,6.601871232328328176e+01,1.878316935655873863e-08
1.221122112211221065e+03,6.601189738066979373e+01,1.933078220574888167e-08
1.221272127212721216e+03,6.600180796865815580e+01,1.989436496290867197e-08
1.221422142214221367e+03,6.599007699820820960e+01,2.047438207957508056e-08
1.221572157215721518e+03,6.597904608976351426e+01,2.107131001200548445e-08
1.221722172217221669e+03,6.597176557325134638e+01,2.168563722117767318e-08
1.221872187218721820e+03,6.597199448808272848e+01,2.231786417278984887e-08
1.222022202220221970e+03,6.598280728805998763e+01,2.296850760915128501e-08
1.222172217221722121e+03,6.599993745828177794e+01,2.363811184969329108e-08
1.222322232223222272e+03,6.601757400864643444e+01,2.432723631861164413e-08
1.222472247224722423e+03,6.603133558437875195e+01,2.503645602704003106e-08
1.222622262226222574e+03,6.603826638510224711e+01,2.576636172023519862e-08
1.222772277227722725e+03,6.603683616483910157e+01,2.651755987757694011e-08
1.222922292229222876e+03,6.602694023201027562e+01,2.729067271256809542e-08
1.223072307230723027e+03,6.600989944943542298e+01,2.808633817283457088e-08
1.223222322232223178e+03,6.598846023433287655e+01,2.890520994012530613e-08
1.223372337233723329e+03,6.596679455831973371e+01,2.974795743031230395e-08
1.223522352235223480e+03,6.595049994741177102e+01,3.061526579339061039e-08
1.223672367236723630e+03,6.594659948202351529e+01,3.150783591347833131e-08
1.223822382238223781e+03,6.596244576158090922e+01,3.242638671759663749e-08
1.223972397239723932e+03,6.599317545139996355e+01,3.337168377966460946e-08
1.224122412241224083e+03,6.602720472643041205e+01,3.434453171637904841e-08
1.224272427242724234e+03,6.605553883262268755e+01,3.534575432715419257e-08
1.224422442244224385e+03,6.607190780689442988e+01,3.637619423778269207e-08
1.224572457245724536e+03,6.607276647713048590e+01,3.743671290043563545e-08
1.224722472247224687e+03,6.605729446218290946e+01,3.852819059366251654e-08
1.224872487248724838e+03,6.602739617187094723e+01,3.965152642239126753e-08
1.225022502250224989e+03,6.598770080698108131e+01,4.080763831792821271e-08
1.225172517251725139e+03,6.594556235926700083e+01,4.199746303795813460e-08
1.225322532253225290e+03,6.591105961144958769e+01,4.322195616654420113e-08
1.225472547254725441e+03,6.589699613721695926e+01,4.448209211412802528e-08
1.225622562256225592e+03,6.591652850850502432e+01,4.577887057620530028e-08
1.225772577257725743e+03,6.595065766560679776e+01,4.711340972192669819e-08
1.225922592259225894e+03,6.598346547777325100e+01,4.848685823226298912e-08
1.226072607260726045e+03,6.600777199427466257e+01,4.990037478939675274e-08
1.226222622262226196e+03,6.601935272347118655e+01,5.135514299161172837e-08
1.226372637263726347e+03,6.601693863281289509e+01,5.285237135329280829e-08
1.226522652265226498e+03,6.600221614883969323e+01,5.439329330492603122e-08
1.226672667266726648e+03,6.597982715718138991e+01,5.597916719309860208e-08
1.226822682268226799e+03,6.595736900255772639e+01,5.761127628049888544e-08
1.226972697269726950e+03,6.594539448877823418e+01,5.929092874591638563e-08
1.227122712271227101e+03,6.595521982548893902e+01,6.101946640136315570e-08
1.227272727272727252e+03,6.597362717750681327e+01,6.279836550187171115e-08
1.227422742274227403e+03,6.599111302161243486e+01,6.462912924677961537e-08
1.227572757275727554e+03,6.600393742792189755e+01,6.651328411896635245e-08
1.227722772277227705e+03,6.600992559237029411e+01,6.845239685007128450e-08
1.227872787278727856e+03,6.600846783671175899e+01,7.044807442049370455e-08
1.228022802280228007e+03,6.600051960851946831e+01,7.250196405939283663e-08
1.228172817281728157e+03,6.598860148118563984e+01,7.461575324468782246e-08
1.228322832283228308e+03,6.597679915392147620e+01,7.679116970305773471e-08
1.228472847284728459e+03,6.597076345175727852e+01,7.902998140994152409e-08
1.228622862286228610e+03,6.597679399281217627e+01,8.133400267042512148e-08
1.228772877287728761e+03,6.599054207903860458e+01,8.370516117133208971e-08
1.228922892289228912e+03,6.600574622724168705e+01,8.614544058135653975e-08
1.229072907290729063e+03,6.601837826754690752e+01,8.865687333978705529e-08
1.229222922292229214e+03,6.602567689871462164e+01,9.124154885775415317e-08
1.229372937293729365e+03,6.602614768814001422e+01,9.390161351823025692e-08
1.229522952295229516e+03,6.601956307185309925e+01,9.663927067602973646e-08
1.229672967296729666e+03,6.600696235451877669e+01,9.945678065780886841e-08
1.229822982298229817e+03,6.599065170943676151e+01,1.023564607620658493e-07
1.229972997299729968e+03,6.597420417854162622e+01,1.053406852591408221e-07
1.230123012301230119e+03,6.596245967240277253e+01,1.084118853912158363e-07
1.230273027302730270e+03,6.596152497022448813e+01,1.115725493723148352e-07
1.230423042304230421e+03,6.597762972570599516e+01,1.148252337515821369e-07
1.230573057305730572e+03,6.600598592122615571e+01,1.181726535614853631e-07
1.230723072307230723e+03,6.603663888799265180e+01,1.216176426004293591e-07
1.230873087308730874e+03,6.606185238633514700e+01,1.251631059668609026e-07
1.231023102310231025e+03,6.607618460419439543e+01,1.288120196883240845e-07
1.231173117311731176e+03,6.607648815712211388e+01,1.325674307214603094e-07
1.231323132313231326e+03,6.606191008828105282e+01,1.364324569520083081e-07
1.231473147314731477e+03,6.603389186844501069e+01,1.404102871948041115e-07
1.231623162316231628e+03,6.599616939599879117e+01,1.445041811937810771e-07
1.231773177317731779e+03,6.595477299693821749e+01,1.487174696219699154e-07
1.231923192319231930e+03,6.591802742487013234e+01,1.530535540814985575e-07
1.232073207320732081e+03,6.589655186101242634e+01,1.575159071035923140e-07
1.232223222322232232e+03,6.590325991419396701e+01,1.621080721485738484e-07
1.232373237323732383e+03,6.593496095802294121e+01,1.668338510560538205e-07
1.232523252325232534e+03,6.596848574033410273e+01,1.716973766037127999e-07
1.232673267326732685e+03,6.599590138053027033e+01,1.767027583154024453e-07
1.232823282328232835e+03,6.601218600534652126e+01,1.818541955315159547e-07
1.232973297329732986e+03,6.601517425155908825e+01,1.871559779414970074e-07
1.233123312331233137e+03,6.600555726598541639e+01,1.926124855838398427e-07
1.233273327332733288e+03,6.598688270548413470e+01,1.982281888460892073e-07
1.233423342334233439e+03,6.596555473695505611e+01,2.040076484648404348e-07
1.233573357335733590e+03,6.595083403733920591e+01,2.099555155257393926e-07
1.233723372337233741e+03,6.595462198060118908e+01,2.160765345771468496e-07
1.233873387338733892e+03,6.597078546827363255e+01,2.223758399409942894e-07
1.234023402340234043e+03,6.598691032853746208e+01,2.288587950936534905e-07
1.234173417341734194e+03,6.599945574988521457e+01,2.355307985712978636e-07
1.234323432343234344e+03,6.600626291095628062e+01,2.423973954619756077e-07
1.234473447344734495e+03,6.600655498053686188e+01,2.494642774056096829e-07
1.234623462346234646e+03,6.600093711756004211e+01,2.567372825939978902e-07
1.234773477347734797e+03,6.599139647110570195e+01,2.642223957708125538e-07
1.234923492349234948e+03,6.598130218040058992e+01,2.719257482316010506e-07
1.235073507350735099e+03,6.597540537481829404e+01,2.798536178237852804e-07
1.235223522352235250e+03,6.597944707657192964e+01,2.880124394607648032e-07
1.235373537353735401e+03,6.599124755141768617e+01,2.964090068807313451e-07
1.235523552355235552e+03,6.600504247617017484e+01,3.050503349556367481e-07
1.235673567356735703e+03,6.601702662449004322e+01,3.139436103036041733e-07
1.235823582358235853e+03,6.602451919094939115e+01,3.230962259865192020e-07
1.235973597359736004e+03,6.602596379103189861e+01,3.325157815100294650e-07
1.236123612361236155e+03,6.602092846113266944e+01,3.422100828235449600e-07
1.236273627362736306e+03,6.601010565855833079e+01,3.521871423202379462e-07
1.236423642364236457e+03,6.599531226152701890e+01,3.624551788370428910e-07
1.236573657365736608e+03,6.597948956916835073e+01,3.730226176546565231e-07
1.236723672367236759e+03,6.596670330152346651e+01,3.838980904975377265e-07
1.236873687368736910e+03,6.596214359954497297e+01,3.950904355339078052e-07
1.237023702370237061e+03,6.597131634503867303e+01,4.066087262171916854e-07
1.237173717371737212e+03,6.599025718229259496e+01,4.184625772255439964e-07
1.237323732373237362e+03,6.601133769242201765e+01,4.306619515987155537e-07
1.237473747374737513e+03,6.602894533014642775e+01,4.432170638390286525e-07
1.237623762376237664e+03,6.603919684575544125e+01,4.561383979152829599e-07
1.237773777377737815e+03,6.603993828510878927e+01,4.694367072627558334e-07
1.237923792379237966e+03,6.603074498963630390e+01,4.831230147832021612e-07
1.238073807380738117e+03,6.601292159633791812e+01,4.972086128448543629e-07
1.238223822382238268e+03,6.598950203778369428e+01,5.117050632824224422e-07
1.238373837383738419e+03,6.596524954211376723e+01,5.266241973970938809e-07
1.238523852385238570e+03,6.594665663303842962e+01,5.419781159565339566e-07
1.238673867386738721e+03,6.594194512983803236e+01,5.577791891948852134e-07
1.238823882388238871e+03,6.595894312376735513e+01,5.740401316638307546e-07
1.238973897389739022e+03,6.598969885728932638e+01,5.907746020959361228e-07
1.239123912391239173e+03,6.602262646931505685e+01,6.079968466213541858e-07
1.239273927392739324e+03,6.604916947029177265e+01,6.257214342947697234e-07
1.239423942394239475e+03,6.606351287995175880e+01,6.439632648381248461e-07
1.239573957395739626e+03,6.606258322731237342e+01,6.627375686406185714e-07
1.239723972397239777e+03,6.604604855067597668e+01,6.820599067587067180e-07
1.239873987398739928e+03,6.601631839762997345e+01,7.019461709161023289e-07
1.240024002400240079e+03,6.597854382504687010e+01,7.224125835037753545e-07
1.240174017401740230e+03,6.594061739908414665e+01,7.434756975799528636e-07
1.240324032403240381e+03,6.591317319518438467e+01,7.651523968701186204e-07
1.240474047404740531e+03,6.590958679807518195e+01,7.874598957670138255e-07
1.240624062406240682e+03,6.593821511319700335e+01,8.104160901088114716e-07
1.240774077407740833e+03,6.597951639030465287e+01,8.340407970552926715e-07
1.240924092409240984e+03,6.601949103228542981e+01,8.583543106808858174e-07
1.241074107410741135e+03,6.604849462814587469e+01,8.833772970938880981e-07
1.241224122412241286e+03,6.606054963975222449e+01,9.091308208925730371e-07
1.241374137413741437e+03,6.605334540183044112e+01,9.356363451651909151e-07
1.241524152415241588e+03,6.602823812196611186e+01,9.629157314899682415e-07
1.241674167416741739e+03,6.599025088060453470e+01,9.909912399351078596e-07
1.241824182418241890e+03,6.594807363105068987e+01,1.019885529058789476e-06
1.241974197419742040e+03,6.591406319946923986e+01,1.049621655909168710e-06
1.242124212421242191e+03,6.590424328488452943e+01,1.080223076024377723e-06
1.242274227422742342e+03,6.592954536776827013e+01,1.111714217020788827e-06
1.242424242424242493e+03,6.596421394785761549e+01,1.144122707855356187e-06
1.242574257425742644e+03,6.599603135940505183e+01,1.177476215320623531e-06
1.242724272427242795e+03,6.601811549395202405e+01,1.211802858998596129e-06
1.242874287428742946e+03,6.602659343359287902e+01,1.247131356859521303e-06
1.243024302430243097e+03,6.602060145097486554e+01,1.283491025261889908e-06
1.243174317431743248e+03,6.600228500929814857e+01,1.320911778952436541e-06
1.243324332433243399e+03,6.597679876231579499e+01,1.359424131066138062e-06
1.243474347434743549e+03,6.595230655433375944e+01,1.399059193126214864e-06
1.243624362436243700e+03,6.593998142021094111e+01,1.439848675044130658e-06
1.243774377437743851e+03,6.595150721000391059e+01,1.481825121335188630e-06
1.243924392439244002e+03,6.597300014385129430e+01,1.525024407755181467e-06
1.244074407440744153e+03,6.599398730340394081e+01,1.569483142545317070e-06
1.244224422442244304e+03,6.600967900323998094e+01,1.615238515542203223e-06
1.244374437443744455e+03,6.601717221920345935e+01,1.662328658590784450e-06
1.244524452445244606e+03,6.601545058840427771e+01,1.710792645544342224e-06
1.244674467446744757e+03,6.600538440921822314e+01,1.760670492264495395e-06
1.244824482448244908e+03,6.598973064128692556e+01,1.812003156621199762e-06
1.244974497449745058e+03,6.597313290551795717e+01,1.864832538492747651e-06
1.245124512451245209e+03,6.596212148408471876e+01,1.919201479765769187e-06
1.245274527452745360e+03,6.596503762165444584e+01,1.975153775376464518e-06
1.245424542454245511e+03,6.598059435959521579e+01,2.032735768712936386e-06
1.245574557455745662e+03,6.599927432202883892e+01,2.091996114167586452e-06
1.245724572457245813e+03,6.601578327007513280e+01,2.152984347675588018e-06
1.245874587458745964e+03,6.602640727021776001e+01,2.215751342764725825e-06
1.246024602460246115e+03,6.602901269430434184e+01,2.280349310555398173e-06
1.246174617461746266e+03,6.602304621954638719e+01,2.346831799760614377e-06
1.246324632463246417e+03,6.600953482851934950e+01,2.415253696685996041e-06
1.246474647464746567e+03,6.599108580916255562e+01,2.485671225229777056e-06
1.246624662466246718e+03,6.597188675477926267e+01,2.558141946882802752e-06
1.246774677467746869e+03,6.595770556403664386e+01,2.632724760728532444e-06
1.246924692469247020e+03,6.595589044096576004e+01,2.709479903443035188e-06
1.247074707470747171e+03,6.597229744259898609e+01,2.788469538844114812e-06
1.247224722472247322e+03,6.599903340915439287e+01,2.869760128687109134e-06
1.247374737473747473e+03,6.602678052127041042e+01,2.953420390937732412e-06
1.247524752475247624e+03,6.604856287670433801e+01,3.039520742123233911e-06
1.247674767476747775e+03,6.605966393198930575e+01,3.128133315136524348e-06
1.247824782478247926e+03,6.605762650243423195e+01,3.219331959236174201e-06
1.247974797479748077e+03,6.604225276212389417e+01,3.313192240046415404e-06
1.248124812481248227e+03,6.601560424391888660e+01,3.409791439557139224e-06
1.248274827482748151e+03,6.598200183945567687e+01,3.509208556123745920e-06
1.248424842484248302e+03,6.594802579914637874e+01,3.611524304467749095e-06
1.248574857485748453e+03,6.592251573217909311e+01,3.716821115675874032e-06
1.248724872487248604e+03,6.591657060651770905e+01,3.825183137200654854e-06
1.248874887488748755e+03,6.593819447546437118e+01,3.936697524915310425e-06
1.249024902490248905e+03,6.596864195265598596e+01,4.051460574766551696e-06
1.249174917491749056e+03,6.599709586264685868e+01,4.169569832532136279e-06
1.249324932493249207e+03,6.601725297215706689e+01,4.291124655482129094e-06
1.249474947494749358e+03,6.602546498862226088e+01,4.416226641225831409e-06
1.249624962496249509e+03,6.602073856019366360e+01,4.544979627711779151e-06
1.249774977497749660e+03,6.600473527573811339e+01,4.677489693227742903e-06
1.249924992499249811e+03,6.598177166483806388e+01,4.813865156400727903e-06
1.250075007500749962e+03,6.595881919779149882e+01,4.954216576196974046e-06
1.250225022502250113e+03,6.594550428561205990e+01,5.098656751921956734e-06
1.250375037503750264e+03,6.595318655998075030e+01,5.247301039128442164e-06
1.250525052505250414e+03,6.597245967125161314e+01,5.400275082677931099e-06
1.250675067506750565e+03,6.599205839842603893e+01,5.557708736241102517e-06
1.250825082508250716e+03,6.600734002848092530e+01,5.719733564827031796e-06
1.250975097509750867e+03,6.601538813640408421e+01,5.886484554252940948e-06
1.251125112511251018e+03,6.601501258519432724e+01,6.058100111144194385e-06
1.251275127512751169e+03,6.600674952586140876e+01,6.234722062934303158e-06
1.251425142514251320e+03,6.599286139742608270e+01,6.416495657864921561e-06
1.251575157515751471e+03,6.597733692692006002e+01,6.603569564985851374e-06
1.251725172517251622e+03,6.596589112938599442e+01,6.796095874155037625e-06
1.251875187518751773e+03,6.596596530787756762e+01,6.994230096038571128e-06
1.252025202520251923e+03,6.597966779778340651e+01,7.198134797092471089e-06
1.252175217521752074e+03,6.599781633546881210e+01,7.407982255037519913e-06
1.252325232523252225e+03,6.601486142570469440e+01,7.623947871812947156e-06
1.252475247524752376e+03,6.602679964789430755e+01,7.846211843316842224e-06
1.252625262526252527e+03,6.603115901643214158e+01,8.074959167587278841e-06
1.252775277527752678e+03,6.602699898070402185e+01,8.310379644802304888e-06
1.252925292529252829e+03,6.601491042508700957e+01,8.552667877279955105e-06
1.253075307530752980e+03,6.599701566894950133e+01,8.802023269478237541e-06
1.253225322532253131e+03,6.597696846665114379e+01,9.058650027995143720e-06
1.253375337533753282e+03,6.595995400754290472e+01,9.322757161568645247e-06
1.253525352535253433e+03,6.595268891596700200e+01,9.594558481076690426e-06
1.253675367536753583e+03,6.596297391678437805e+01,9.874272902477719609e-06
1.253825382538253734e+03,6.598893860089617647e+01,1.016213178748112221e-05
1.253975397539753885e+03,6.601988870447374325e+01,1.045837928985649626e-05
1.254125412541254036e+03,6.604721087525665268e+01,1.076326576947481084e-05
1.254275427542754187e+03,6.606472664814852180e+01,1.107704759780876544e-05
1.254425442544254338e+03,6.606869244521689666e+01,1.139998715793278488e-05
1.254575457545754489e+03,6.605779957569329497e+01,1.173235284452302775e-05
1.254725472547254640e+03,6.603317423597322033e+01,1.207441906385737625e-05
1.254875487548754791e+03,6.599837750961613381e+01,1.242646623381544980e-05
1.255025502550254942e+03,6.595940536734543969e+01,1.278878078387859140e-05
1.255175517551755092e+03,6.592468866704857078e+01,1.316165515512987787e-05
1.255325532553255243e+03,6.590509315377686050e+01,1.354538780025410792e-05
1.255475547554755394e+03,6.591387759410304170e+01,1.394028321857242663e-05
1.255625562556255545e+03,6.594451418761092043e+01,1.434667129442861186e-05
1.255775577557755696e+03,6.597687853979333283e+01,1.476490489724336882e-05
1.255925592559255847e+03,6.600314171506461491e+01,1.519533726805515804e-05
1.256075607560755998e+03,6.601828656470438261e+01,1.563832948481525361e-05
1.256225622562256149e+03,6.602010772685743234e+01,1.609425046238775335e-05
1.256375637563756300e+03,6.600921162653384044e+01,1.656347695254956867e-05
1.256525652565256451e+03,6.598901647560892059e+01,1.704639354399043133e-05
1.256675667566756601e+03,6.596575227282323794e+01,1.754339266231288327e-05
1.256825682568256752e+03,6.594846080378258080e+01,1.805487457003230033e-05
1.256975697569756903e+03,6.594899564095797473e+01,1.858124736657685501e-05
1.257125712571257054e+03,6.596621884971126804e+01,1.912294638877510083e-05
1.257275727572757205e+03,6.598473654617448858e+01,1.968043647333265708e-05
1.257425742574257356e+03,6.600002881283940326e+01,2.025418302663504265e-05
1.257575757575757507e+03,6.600916542669952491e+01,2.084466383899321812e-05
1.257725772577257658e+03,6.601079909048168304e+01,2.145236909299157987e-05
1.257875787578757809e+03,6.600516543264602376e+01,2.207780136348797033e-05
1.258025802580257960e+03,6.599408300738603828e+01,2.272147561761368471e-05
1.258175817581758110e+03,6.598095329462849179e+01,2.338391921477345404e-05
1.258325832583258261e+03,6.597076070003352299e+01,2.406567190664545539e-05
1.258475847584758412e+03,6.597007255499457301e+01,2.476728583718131523e-05
1.258625862586258563e+03,6.598155440441692576e+01,2.548933613722746409e-05
1.258775877587758714e+03,6.599731834653248086e+01,2.623243115673384957e-05
1.258925892589258865e+03,6.601240518995318496e+01,2.699719054456254936e-05
1.259075907590759016e+03,6.602322444870921458e+01,2.778425133984799929e-05
1.259225922592259167e+03,6.602751477852513062e+01,2.859426805912077953e-05
1.259375937593759318e+03,6.602434397681975042e+01,2.942791269630762481e-05
1.259525952595259469e+03,6.601410898270631833e+01,3.028587472273142439e-05
1.259675967596759619e+03,6.599853587699234936e+01,3.116886108711123220e-05
1.259825982598259770e+03,6.598067988217972868e+01,3.207759621556223641e-05
1.259975997599759921e+03,6.596492536246469740e+01,3.301282201159580341e-05
1.260126012601260072e+03,6.595698582373778152e+01,3.397529785611943381e-05
1.260276027602760223e+03,6.596387611389562267e+01,3.496580073196718381e-05
1.260426042604260374e+03,6.598771599207357497e+01,3.598514129799424875e-05
1.260576057605760525e+03,6.601882499281521177e+01,3.703418151024857484e-05
1.260726072607260676e+03,6.604808097915569931e+01,3.811380857065768002e-05
1.260876087608760827e+03,6.606872945718654933e+01,3.922493136197910575e-05
1.261026102610260978e+03,6.607638357605569013e+01,4.036848044780046450e-05
1.261176117611761129e+03,6.606902412796745239e+01,4.154540807253940583e-05
1.261326132613261279e+03,6.604699954818254071e+01,4.275668816144362317e-05
1.261476147614761430e+03,6.601302591501803363e+01,4.400331632059087416e-05
1.261626162616261581e+03,6.597218694984741205e+01,4.528630983688894677e-05
1.261776177617761732e+03,6.593193401710057344e+01,4.660670767807568641e-05
1.261926192619261883e+03,6.590208612426377499e+01,4.796557049271898233e-05
1.262076207620762034e+03,6.589482992187964783e+01,4.936398061021678125e-05
1.262226222622262185e+03,6.591951749822742102e+01,5.080305804948339368e-05
1.262376237623762336e+03,6.595350268083953438e+01,5.228405652282072175e-05
1.262526252625262487e+03,6.598439547414550077e+01,5.380824052140670288e-05
1.262676267626762638e+03,6.600589546214283132e+01,5.537689289081196010e-05
1.262826282628262788e+03,6.601457735553580619e+01,5.699132425538030821e-05
1.262976297629762939e+03,6.600989099173550301e+01,5.865287301822874697e-05
1.263126312631263090e+03,6.599416133485975422e+01,6.036290536124747471e-05
1.263276327632763241e+03,6.597258847573321816e+01,6.212281524509987471e-05
1.263426342634263392e+03,6.595324763188732220e+01,6.393402440922252880e-05
1.263576357635763543e+03,6.594708914756029117e+01,6.579798237182518347e-05
1.263726372637263694e+03,6.596072155611322785e+01,6.771619830270834712e-05
1.263876387638763845e+03,6.597766221632572581e+01,6.969032427361069497e-05
1.264026402640263996e+03,6.599242417409843142e+01,7.172201122725557754e-05
1.264176417641764147e+03,6.600214668020801412e+01,7.381294971545219975e-05
1.264326432643264297e+03,6.600538257066922654e+01,7.596487533032763673e-05
1.264476447644764448e+03,6.600209826673487612e+01,7.817956870432694221e-05
1.264626462646264599e+03,6.599367377489579667e+01,8.045885551021306724e-05
1.264776477647764750e+03,6.598290268688090521e+01,8.280460646106692791e-05
1.264926492649264901e+03,6.597399217965714513e+01,8.521873731028731052e-05
1.265076507650765052e+03,6.597256301542952883e+01,8.770320885159100708e-05
1.265226522652265203e+03,6.598183578318275977e+01,9.026005532755279430e-05
1.265376537653765354e+03,6.599540917410237739e+01,9.289142447542967490e-05
1.265526552655265505e+03,6.600879071221081063e+01,9.559950586763608731e-05
1.265676567656765656e+03,6.601871866143999057e+01,9.838655181988492822e-05
1.265826582658265806e+03,6.602307985378044464e+01,1.012548781471392097e-04
1.265976597659765957e+03,6.602090968928132497e+01,1.042068641636120590e-04
1.266126612661266108e+03,6.601239213605036582e+01,1.072449526827667595e-04
1.266276627662766259e+03,6.599885973025398300e+01,1.103716500173167100e-04
1.266426642664266410e+03,6.598279357611713181e+01,1.135895259792254108e-04
1.266576657665766561e+03,6.596782334592346331e+01,1.169012138797065456e-04
1.266726672667266712e+03,6.595872728001516805e+01,1.203094105292238861e-04
1.266876687668766863e+03,6.596143443652447047e+01,1.238168762236480092e-04
1.267026702670267014e+03,6.598186978367770905e+01,1.274264505754569188e-04
1.267176717671767165e+03,6.601324707602979913e+01,1.311411622947740387e-04
1.267326732673267315e+03,6.604548018159873379e+01,1.349641587131081169e-04
1.267476747674767466e+03,6.607084246342917311e+01,1.388986649384193323e-04
1.267626762676267617e+03,6.608396677959250098e+01,1.429479838551193753e-04
1.267776777677767768e+03,6.608184548318672569e+01,1.471154961240712857e-04
1.267926792679267919e+03,6.606383042233659353e+01,1.514046601825895879e-04
1.268076807680768070e+03,6.603163294019350360e+01,1.558190122444401827e-04
1.268226822682268221e+03,6.598932387493553620e+01,1.603621662998404827e-04
1.268376837683768372e+03,6.594333355976746702e+01,1.650378141154592226e-04
1.268526852685268523e+03,6.590245182292075299e+01,1.698497252344166489e-04
1.268676867686768674e+03,6.587782798765350378e+01,1.748017469762844656e-04
1.268826882688268824e+03,6.588297087225055293e+01,1.798978044370856720e-04
1.268976897689768975e+03,6.591686882066478859e+01,1.851420903295845075e-04
1.269126912691269126e+03,6.595259459144413938e+01,1.905392302759938703e-04
1.269276927692769277e+03,6.598174787588126833e+01,1.960937914964533608e-04
1.269426942694269428e+03,6.599926931433219579e+01,2.018104353077818938e-04
1.269576957695769579e+03,6.600308277546186275e+01,2.076939209778837507e-04
1.269726972697269730e+03,6.599409535624415923e+01,2.137491057257484713e-04
1.269876987698769881e+03,6.597619738196183903e+01,2.199809447214509618e-04
1.270027002700270032e+03,6.595626240620663339e+01,2.263944910861513324e-04
1.270177017701770183e+03,6.594414721087913733e+01,2.329948958920951413e-04
1.270327032703270334e+03,6.595126712287135717e+01,2.397874309209826397e-04
1.270477047704770484e+03,6.596637940266390387e+01,2.467778729252843558e-04
1.270627062706270635e+03,6.598033833056976505e+01,2.539721220541862976e-04
1.270777077707770786e+03,6.599038936040247449e+01,2.613761578357978298e-04
1.270927092709270937e+03,6.599501443842029857e+01,2.689961237189725371e-04
1.271077107710771088e+03,6.599393200332620779e+01,2.768383270733087119e-04
1.271227122712271239e+03,6.598809698626789100e+01,2.849092391891488670e-04
1.271377137713771390e+03,6.597970081083778382e+01,2.932154952775799521e-04
1.271527152715271541e+03,6.597217139307299760e+01,3.017638944704332995e-04
1.271677167716771692e+03,6.597017314145537625e+01,3.105613998202848411e-04
1.271827182718271843e+03,6.597713902175767942e+01,3.196152121175394978e-04
1.271977197719771993e+03,6.598826594503915999e+01,3.289329128818340776e-04
1.272127212721272144e+03,6.599960002634055911e+01,3.385222366353151388e-04
1.272277227722772295e+03,6.600826660456186801e+01,3.483911437802739066e-04
1.272427242724272446e+03,6.601235240835967488e+01,3.585478255267528268e-04
1.272577257725772597e+03,6.601090555614699440e+01,3.690007038925454037e-04
1.272727272727272748e+03,6.600393555609340979e+01,3.797584317031960912e-04
1.272877287728772899e+03,6.599241330612498757e+01,3.908298925920005102e-04
1.273027302730273050e+03,6.597827109392430600e+01,4.022242010000053936e-04
1.273177317731773201e+03,6.596440259693045505e+01,4.139507021760085331e-04
1.273327332733273352e+03,6.595466288233902219e+01,4.260189721765587239e-04
1.273477347734773502e+03,6.595386840710213505e+01,4.384388178659558741e-04
1.273627362736273653e+03,6.596563502521500766e+01,4.512203701643164688e-04
1.273777377737773804e+03,6.598429016125038515e+01,4.643743471293869038e-04
1.273927392739273955e+03,6.600334895559413440e+01,4.779117635231977632e-04
1.274077407740774106e+03,6.601797684968974522e+01,4.918439320414980716e-04
1.274227422742274257e+03,6.602494299241260478e+01,5.061824669272934740e-04
1.274377437743774408e+03,6.602262024006999752e+01,5.209392839708466144e-04
1.274527452745274559e+03,6.601098515640111941e+01,5.361266005096767574e-04
1.274677467746774710e+03,6.599161801257710636e+01,5.517569354285597333e-04
1.274827482748274861e+03,6.596770278720094893e+01,5.678431091595283718e-04
1.274977497749775011e+03,6.594402716630759187e+01,5.843982436818720688e-04
1.275127512751275162e+03,6.592698254336387720e+01,6.014357625221370025e-04
1.275277527752775313e+03,6.592456401926854426e+01,6.189693907541260259e-04
1.275427542754275464e+03,6.594368487281941782e+01,6.370132601709057284e-04
1.275577557755775615e+03,6.597589731702677796e+01,6.555825487168426193e-04
1.275727572757275766e+03,6.600958994201408814e+01,6.746930696127092326e-04
1.275877587758775917e+03,6.603604706311504913e+01,6.943609964096696032e-04
1.276027602760276068e+03,6.604937672930164183e+01,7.146028643752579471e-04
1.276177617761776219e+03,6.604651072318425520e+01,7.354355704933777937e-04
1.276327632763276370e+03,6.602720456101157254e+01,7.568763734643024202e-04
1.276477647764776520e+03,6.599403749267065677e+01,7.789428937046748505e-04
1.276627662766276671e+03,6.595241250168690783e+01,8.016531133475078563e-04
1.276777677767776822e+03,6.591055630522406261e+01,8.250253762421839564e-04
1.276927692769276973e+03,6.587951935408423765e+01,8.490783879544550918e-04
1.277077707770777124e+03,6.587317583270785804e+01,8.738312157664433841e-04
1.277227722772277275e+03,6.590183083773723638e+01,8.993035990666693779e-04
1.277377737773777426e+03,6.594587592623116734e+01,9.255174875325561509e-04
1.277527752775277577e+03,6.598936295578006650e+01,9.524955168104461438e-04
1.277677767776777728e+03,6.602141525006626921e+01,9.802606976835335009e-04
1.277827782778277879e+03,6.603518216560232190e+01,1.008836456452222091e-03
1.277977797779778030e+03,6.602783909173093946e+01,1.038246634934125506e-03
1.278127812781278180e+03,6.600058745062500520e+01,1.068515490464066629e-03
1.278277827782778331e+03,6.595865469728758512e+01,1.099667695894078609e-03
1.278427842784278482e+03,6.591129431955192786e+01,1.131728339593403992e-03
1.278577857785778633e+03,6.587178583808143628e+01,1.164722925448495594e-03
1.278727872787278784e+03,6.585743480636973857e+01,1.198677372863014758e-03
1.278877887788778935e+03,6.588185120858810251e+01,1.233618575529419172e-03
1.279027902790279086e+03,6.591713601015314339e+01,1.269577314955770480e-03
1.279177917791779237e+03,6.594940659803472727e+01,1.306584404764770703e-03
1.279327932793279388e+03,6.597160832593199586e+01,1.344671051160948932e-03
1.279477947794779539e+03,6.597980986114798441e+01,1.383869109248631437e-03
1.279627962796279689e+03,6.597320318458965005e+01,1.424211083031941445e-03
1.279777977797779840e+03,6.595410359076790030e+01,1.465730125414800231e-03
1.279927992799279991e+03,6.592794968779757880e+01,1.508460038200925592e-03
1.280078007800780142e+03,6.590330339739740850e+01,1.552435272093832721e-03
1.280228022802280293e+03,6.589184995489009111e+01,1.597690926696834638e-03
1.280378037803780444e+03,6.590391121702290889e+01,1.644263223345085023e-03
1.280528052805280595e+03,6.592304444127324814e+01,1.692192217118764072e-03
1.280678067806780746e+03,6.594071894787167309e+01,1.741518297708430016e-03
1.280828082808280897e+03,6.595281741227934447e+01,1.792282626588623078e-03
1.280978097809781048e+03,6.595698340384370795e+01,1.844527418034159257e-03
1.281128112811281198e+03,6.595262138579847999e+01,1.898295939120128381e-03
1.281278127812781349e+03,6.594089671526363361e+01,1.953632509721896487e-03
1.281428142814281500e+03,6.592473564324548363e+01,2.010582502515103221e-03
1.281578157815781651e+03,6.590882531463657301e+01,2.069192342975664442e-03
1.281728172817281802e+03,6.589961376821574390e+01,2.129509509379769183e-03
1.281878187818781953e+03,6.590435025522660339e+01,2.191582691026598001e-03
1.282028202820282104e+03,6.591778601172565288e+01,2.255463849076885276e-03
1.282178217821782255e+03,6.593264999673151294e+01,2.321206549357993695e-03
1.282328232823282406e+03,6.594449986281564691e+01,2.388865584425931259e-03
1.282478247824782557e+03,6.595031821678860240e+01,2.458497243652172683e-03
1.282628262826282707e+03,6.594851261970001133e+01,2.530159313223661992e-03
1.282778277827782858e+03,6.593891558683860410e+01,2.603911076142811226e-03
1.282928292829283009e+03,6.592278458773215277e+01,2.679813312227501739e-03
1.283078307830783160e+03,6.590280204614751369e+01,2.757928298111082463e-03
1.283228322832283311e+03,6.588307534009064170e+01,2.838319807242371210e-03
1.283378337833783462e+03,6.586913680180656172e+01,2.921053109885653372e-03
1.283528352835283613e+03,6.586794371777934032e+01,3.006194973120683220e-03
1.283678367836783764e+03,6.588382485610190997e+01,3.093814563339574927e-03
1.283828382838283915e+03,6.590857895791971544e+01,3.183985587162242725e-03
1.283978397839784066e+03,6.593331176977565633e+01,3.276784104305253704e-03
1.284128412841284216e+03,6.595133683931713620e+01,3.372288075444205765e-03
1.284278427842784367e+03,6.595817361517249822e+01,3.470577362769023018e-03
1.284428442844284518e+03,6.595154744695116733e+01,3.571733729983958376e-03
1.284578457845784669e+03,6.593138958524352233e+01,3.675840842307591828e-03
1.284728472847284820e+03,6.589983718162096693e+01,3.782984266472830433e-03
1.284878487848784971e+03,6.586123328863591553e+01,3.893251470726910926e-03
1.285028502850285122e+03,6.582212685982182165e+01,4.006731824831395380e-03
1.285178517851785273e+03,6.579127274969309269e+01,4.123516600062175977e-03
1.285328532853285424e+03,6.577963171374517515e+01,4.243698969209470234e-03
1.285478547854785575e+03,6.579654224095641268e+01,4.367375033615900591e-03
1.285628562856285726e+03,6.582363463730558806e+01,4.494651272045192478e-03
1.285778577857785876e+03,6.584889387203452316e+01,4.625636013200858619e-03
1.285928592859286027e+03,6.586590898319525422e+01,4.760439288815671889e-03
1.286078607860786178e+03,6.587094417606117247e+01,4.899173581624461857e-03
1.286228622862286329e+03,6.586293882312695303e+01,5.041953825364117389e-03
1.286378637863786480e+03,6.584350746410859756e+01,5.188897404773584049e-03
1.286528652865286404e+03,6.581693980594350535e+01,5.340124155593635111e-03
1.286678667866786554e+03,6.579020072279018905e+01,5.495756364567790098e-03
1.286828682868286705e+03,6.577293025602864418e+01,5.655918769440943482e-03
1.286978697869786856e+03,6.577612340443322125e+01,5.820739066313719394e-03
1.287128712871287007e+03,6.578905635957339371e+01,5.990356788105957730e-03
1.287278727872787158e+03,6.580158125354731169e+01,6.164915169014959992e-03
1.287428742874287309e+03,6.580966995155588961e+01,6.344559475104233348e-03
1.287578757875787460e+03,6.581086337114462026e+01,6.529438786835961225e-03
1.287728772877287611e+03,6.580427148220356059e+01,6.719705999071005909e-03
1.287878787878787762e+03,6.579057330696736017e+01,6.915517821068904204e-03
1.288028802880287913e+03,6.577201692001524691e+01,7.117034776487869176e-03
1.288178817881788063e+03,6.575241944827101293e+01,7.324421203384792745e-03
1.288328832883288214e+03,6.573716707100305712e+01,7.537845254215242222e-03
1.288478847884788365e+03,6.573312652490729135e+01,7.757478953017652584e-03
1.288628862886288516e+03,6.573951266125548898e+01,7.983503564703597552e-03
1.288778877887788667e+03,6.574874765331094295e+01,8.216108470470547681e-03
1.288928892889288818e+03,6.575614515522012482e+01,8.455487011359320848e-03
1.289078907890788969e+03,6.575836019984953396e+01,8.701837883290184511e-03
1.289228922892289120e+03,6.575338919878578281e+01,8.955365137062850506e-03
1.289378937893789271e+03,6.574056994233559692e+01,9.216278178356483719e-03
1.289528952895289422e+03,6.572058159952577228e+01,9.484791767729686476e-03
1.289678967896789572e+03,6.569544471810317532e+01,9.761126020620515889e-03
1.289828982898289723e+03,6.566852122453482821e+01,1.004550640734646998e-02
1.289978997899789874e+03,6.564451442400776671e+01,1.033816375310449981e-02
1.290129012901290025e+03,6.562946900042918230e+01,1.063933423797099390e-02
1.290279027902790176e+03,6.563047613870656960e+01,1.094925963552710602e-02
1.290429042904290327e+03,6.564660102357335347e+01,1.126819442909416519e-02
1.290579057905790478e+03,6.566766067009213259e+01,1.159640764926091194e-02
1.290729072907290629e+03,6.568513330988383814e+01,1.193417538788110049e-02
1.290879087908790780e+03,6.569282430711754728e+01,1.228178034765402792e-02
1.291029102910290931e+03,6.568686615851049737e+01,1.263951184212452721e-02
1.291179117911791081e+03,6.566571849332805755e+01,1.300766579568296902e-02
1.291329132913291232e+03,6.563016807338372871e+01,1.338654474356526340e-02
1.291479147914791383e+03,6.558332879303920038e+01,1.377645783185285980e-02
1.291629162916291534e+03,6.553064167920423699e+01,1.417772081747274357e-02
1.291779177917791685e+03,6.547987489133682004e+01,1.459065606819743947e-02
1.291929192919291836e+03,6.544112372144300593e+01,1.501559256264501339e-02
1.292079207920791987e+03,6.542681059407703970e+01,1.545286589027906367e-02
1.292229222922292138e+03,6.544134112784982449e+01,1.590282835537421349e-02
1.292379237923792289e+03,6.546067906558432981e+01,1.636587158706080333e-02
1.292529252925292440e+03,6.547532040698283140e+01,1.684238591925349415e-02
1.292679267926792591e+03,6.547960090103447328e+01,1.733276913611581788e-02
1.292829282928292741e+03,6.547061977671964428e+01,1.783742747215944641e-02
1.292979297929792892e+03,6.544823974300992120e+01,1.835677561224419857e-02
1.293129312931293043e+03,6.541508698886809725e+01,1.889123669157802624e-02
1.293279327932793194e+03,6.537655118324818204e+01,1.944124229571702125e-02
1.293429342934293345e+03,6.534078547509537316e+01,2.000723246056542240e-02
1.293579357935793496e+03,6.531870649334612722e+01,2.058965567237560496e-02
1.293729372937293647e+03,6.531505488236334145e+01,2.118898143590656688e-02
1.293879387938793798e+03,6.531337438148439389e+01,2.180572183555628055e-02
1.294029402940293949e+03,6.530882397671042838e+01,2.244038741060690179e-02
1.294179417941794100e+03,6.529864075444821481e+01,2.309350132739564423e-02
1.294329432943294250e+03,6.528143270655714048e+01,2.376560038094966201e-02
1.294479447944794401e+03,6.525717873034919592e+01,2.445723499498605319e-02
1.294629462946294552e+03,6.522722862858901749e+01,2.516896922191184244e-02
1.294779477947794703e+03,6.519430310949381635e+01,2.590138074282400185e-02
1.294929492949294854e+03,6.516249378673347792e+01,2.665506086750945094e-02
1.295079507950795005e+03,6.513726317943046240e+01,2.743061453444502890e-02
1.295229522952295156e+03,6.512207027781863644e+01,2.822866813946302289e-02
1.295379537953795307e+03,6.511055791604867693e+01,2.904988446394218479e-02
1.295529552955295458e+03,6.509834991382882663e+01,2.989493882803544167e-02
1.295679567956795609e+03,6.508229245413843955e+01,3.076452526795192544e-02
1.295829582958295759e+03,6.506030337738225455e+01,3.165935695090481283e-02
1.295979597959795910e+03,6.503137218139036690e+01,3.258016617511136359e-02
1.296129612961296061e+03,6.499556002141825672e+01,3.352770436979286839e-02
1.296279627962796212e+03,6.495399971014674634e+01,3.450274209517471824e-02
1.296429642964296363e+03,6.490889571768205712e+01,3.550606904248632817e-02
1.296579657965796514e+03,6.486352417155573846e+01,3.653849403396120660e-02
1.296729672967296665e+03,6.482223285672472457e+01,3.760084502283689983e-02
1.296879687968796816e+03,6.479044121557133451e+01,3.869396909335502677e-02
1.297029702970296967e+03,6.477352530072604964e+01,3.981873598371900302e-02
1.297179717971797118e+03,6.476646125244434415e+01,4.097606944161283349e-02
1.297329732973297268e+03,6.476029932626298091e+01,4.216693226423656043e-02
1.297479747974797419e+03,6.474807151999689836e+01,4.339231069734830748e-02
1.297629762976297570e+03,6.472481006190351138e+01,4.465321438730843889e-02
1.297779777977797721e+03,6.468754741068259762e+01,4.595067638107948327e-02
1.297929792979297872e+03,6.463531625547641113e+01,4.728575312622618904e-02
1.298079807980798023e+03,6.456914951586958296e+01,4.865952447091549671e-02
1.298229822982298174e+03,6.449208034188916372e+01,5.007309366391655275e-02
1.298379837983798325e+03,6.440914211400463785e+01,5.152758735460070960e-02
1.298529852985298476e+03,6.432736844312788094e+01,5.302415559294151176e-02
1.298679867986798627e+03,6.425579317061323081e+01,5.456397182951470276e-02
1.298829882988298777e+03,6.420545036825738805e+01,5.614823291549823903e-02
1.298979897989798928e+03,6.418328320580918955e+01,5.777818159775496148e-02
1.299129912991299079e+03,6.416695844061474929e+01,5.945520897132151872e-02
1.299279927992799230e+03,6.414603146342288653e+01,6.118070957090861184e-02
1.299429942994299381e+03,6.411496628043583712e+01,6.295609836107585178e-02
1.299579957995799532e+03,6.407071982057166792e+01,6.478281910067777705e-02
1.299729972997299683e+03,6.401274193546430524e+01,6.666234434286386068e-02
1.299879987998799834e+03,6.394297539946352060e+01,6.859617543507846860e-02
1.300030003000299985e+03,6.386585590963491654e+01,7.058584251906094287e-02
1.300180018001800136e+03,6.378831208575994793e+01,7.263290453084547682e-02
1.300330033003300287e+03,6.371976547033591487e+01,7.473894920076125381e-02
1.300480048004800437e+03,6.366809481713320196e+01,7.690561516954863563e-02
1.300630063006300588e+03,6.361899479641041211e+01,7.913470642606348915e-02
1.300780078007800739e+03,6.356668221012176900e+01,8.142803015710989301e-02
1.300930093009300890e+03,6.350876909301621964e+01,8.378742764501954932e-02
1.301080108010801041e+03,6.344392496670592863e+01,8.621478714310004676e-02
1.301230123012301192e+03,6.337187683966624974e+01,8.871204387563494387e-02
1.301380138013801343e+03,6.329340920723573305e+01,9.128118003788369961e-02
1.301530153015301494e+03,6.321036405161610361e+01,9.392422479608175667e-02
1.301680168016801645e+03,6.312564084187232538e+01,9.664325428744048596e-02
1.301830183018301796e+03,6.304319653393250888e+01,9.944039162014715882e-02
1.301980198019801946e+03,6.296701491919914417e+01,1.023178167887012352e-01
1.302130213021302097e+03,6.289310631290472031e+01,1.052778349520992196e-01
1.302280228022802248e+03,6.281782944016863013e+01,1.083227989040435879e-01
1.302430243024302399e+03,6.273888509074347297e+01,1.114551189856728686e-01
1.302580258025802550e+03,6.265463163807697811e+01,1.146772709948142288e-01
1.302730273027302701e+03,6.256408503931200471e+01,1.179917961859834608e-01
1.302880288028802852e+03,6.246691883528652767e+01,1.214013012703850786e-01
1.303030303030303003e+03,6.236346415053366599e+01,1.249084584159121936e-01
1.303180318031803154e+03,6.225470969328164017e+01,1.285160052471465975e-01
1.303330333033303305e+03,6.214230175545381485e+01,1.322267448453587346e-01
1.303480348034803455e+03,6.202854421266867746e+01,1.360435457485077437e-01
1.303630363036303606e+03,6.191639852423983825e+01,1.399693419512413051e-01
1.303780378037803757e+03,6.180948434480843900e+01,1.440071328921735672e-01
1.303930393039303908e+03,6.171004409880480068e+01,1.481600083445848981e-01
1.304080408040804059e+03,6.161377768351812279e+01,1.524312222550721074e-01
1.304230423042304210e+03,6.151574265955028409e+01,1.568241301926553422e-01
1.304380438043804361e+03,6.141200115855121311e+01,1.613421693254948608e-01
1.304530453045304512e+03,6.129961988321890232e+01,1.659888584208910889e-01
1.304680468046804663e+03,6.117667010729941524e+01,1.707677978452845080e-01
1.304830483048304814e+03,6.104222767558688645e+01,1.756826695642558223e-01
1.304980498049804964e+03,6.089637300392350028e+01,1.807372371425257640e-01
1.305130513051305115e+03,6.074019107919951921e+01,1.859353457439552881e-01
1.305280528052805266e+03,6.057577145935324836e+01,1.912809221315454056e-01
1.305430543054305417e+03,6.040620827337107812e+01,1.967779746674372388e-01
1.305580558055805568e+03,6.023560022128745572e+01,2.024305933129121604e-01
1.305730573057305719e+03,6.006905057418489946e+01,2.082429496283915160e-01
1.305880588058805870e+03,5.991266717419397025e+01,2.142192967734368736e-01
1.306030603060306021e+03,5.977205828614352612e+01,2.203639929978430390e-01
1.306180618061806172e+03,5.963623136257290724e+01,2.266817910925681134e-01
1.306330633063306323e+03,5.949690763727070930e+01,2.331775781921704982e-01
1.306480648064806473e+03,5.934978571501885369e+01,2.398562988008746955e-01
1.306630663066306624e+03,5.919193084648441072e+01,2.467229888873232746e-01
1.306780678067806775e+03,5.902177492821957117e+01,2.537827758845769832e-01
1.306930693069306926e+03,5.883911650266167470e+01,2.610408786901148304e-01
1.307080708070807077e+03,5.864512075813320280e+01,2.685026076658338923e-01
1.307230723072307228e+03,5.844231952884175740e+01,2.761733646380494234e-01
1.307380738073807379e+03,5.823461129488011068e+01,2.840586428974948285e-01
1.307530753075307530e+03,5.802726118222613394e+01,2.921640271993217741e-01
1.307680768076807681e+03,5.782690096274286873e+01,3.004951937630999659e-01
1.307830783078307832e+03,5.763564654153806543e+01,3.090580738557910379e-01
1.307980798079807983e+03,5.744094129741003485e+01,3.178591546223565878e-01
1.308130813081308133e+03,5.724065576186581694e+01,3.269047944953746287e-01
1.308280828082808284e+03,5.703383853990597174e+01,3.362014703048304964e-01
1.308430843084308435e+03,5.681991142469018286e+01,3.457557992899067956e-01
1.308580858085808586e+03,5.659866939753726456e+01,3.555745390989832333e-01
1.308730873087308737e+03,5.637028062792515470e+01,3.656645877896367303e-01
1.308880888088808888e+03,5.613528647349091472e+01,3.760329838286413096e-01
1.309030903090309039e+03,5.589460148003072959e+01,3.866869060919680967e-01
1.309180918091809190e+03,5.564951338149990789e+01,3.976336738647855973e-01
1.309330933093309341e+03,5.540168310001288887e+01,4.088807468414591972e-01
1.309480948094809492e+03,5.515313758582416170e+01,4.204357256567577972e-01
1.309630963096309642e+03,5.489841925289421454e+01,4.323069093562925125e-01
1.309780978097809793e+03,5.463378605618664352e+01,4.445025498653445983e-01
1.309930993099309944e+03,5.436233352093168492e+01,4.570305540177611592e-01
1.310081008100810095e+03,5.408659198639828958e+01,4.698990562301121887e-01
1.310231023102310246e+03,5.380852660589406611e+01,4.831164185016909585e-01
1.310381038103810397e+03,5.352953734676535191e+01,4.966912304145135737e-01
1.310531053105310548e+03,5.325045899039716346e+01,5.106323091333193620e-01
1.310681068106810699e+03,5.297156113221320339e+01,5.249486994055705402e-01
1.310831083108310850e+03,5.269254818167589605e+01,5.396496735614525475e-01
1.310981098109811001e+03,5.241255936228633061e+01,5.547447315138738233e-01
1.311131113111311151e+03,5.213016871158430376e+01,5.702436007584659183e-01
1.311281128112811302e+03,5.184338508114831967e+01,5.861562363735833836e-01
1.311431143114311453e+03,5.154965213659556156e+01,6.024928210203036594e-01
1.311581158115811604e+03,5.124584835758190593e+01,6.192637649424275192e-01
1.311731173117311755e+03,5.092828703780192967e+01,6.364797059664787371e-01
1.311881188118811906e+03,5.059491131460277558e+01,6.541515100345565159e-01
1.312031203120312057e+03,5.025205287363444739e+01,6.722896704229992526e-01
1.312181218121812208e+03,4.990427231074529857e+01,6.909043320126372345e-01
1.312331233123312359e+03,4.955492210683338783e+01,7.100059372672276048e-01
1.312481248124812510e+03,4.920639932088197810e+01,7.296052457982012962e-01
1.312631263126312660e+03,4.886014558995952228e+01,7.497133343646633641e-01
1.312781278127812811e+03,4.851664712921967748e+01,7.703415968733930974e-01
1.312931293129312962e+03,4.817543473190131920e+01,7.915017443788432416e-01
1.313081308130813113e+03,4.783508376932849870e+01,8.132058050831409979e-01
1.313231323132313264e+03,4.749321419091048568e+01,8.354661243360871348e-01
1.313381338133813415e+03,4.714649052414175401e+01,8.582953646351567656e-01
1.313531353135313566e+03,4.679062187460195332e+01,8.817065056254989042e-01
1.313681368136813717e+03,4.642036192595598010e+01,9.057128440999364649e-01
1.313831383138313868e+03,4.603525233227132674e+01,9.303274802256159548e-01
1.313981398139814019e+03,4.564369992827452194e+01,9.555621488638375016e-01
1.314131413141314169e+03,4.524896923587622410e+01,9.814287143170281613e-01
1.314281428142814320e+03,4.485352098588456471e+01,1.007939336181867596e+00
1.314431443144314471e+03,4.445909389821053992e+01,1.035106465355331684e+00
1.314581458145814622e+03,4.406670468186801770e+01,1.062942844034692413e+00
1.314731473147314773e+03,4.367664803497373072e+01,1.091461505717517877e+00
1.314881488148814924e+03,4.328849664474727632e+01,1.120675775201672719e+00
1.315031503150315075e+03,4.290110118751112367e+01,1.150599268585317247e+00
1.315181518151815226e+03,4.251259032869062082e+01,1.181245893266908986e+00
1.315331533153315377e+03,4.212037072281394501e+01,1.212629847945200456e+00
1.315481548154815528e+03,4.172112701351219499e+01,1.244765622619240730e+00
1.315631563156315678e+03,4.131084302800045549e+01,1.277667996128849959e+00
1.315781578157815829e+03,4.089135056555748093e+01,1.311350827864024904e+00
1.315931593159315980e+03,4.046809245484553230e+01,1.345826157284677027e+00
1.316081608160816131e+03,4.004330542747668176e+01,1.381106152699209888e+00
1.316231623162316282e+03,3.961873173629687273e+01,1.417203128197199735e+00
1.316381638163816433e+03,3.919561915538587726e+01,1.454129543649394618e+00
1.316531653165316584e+03,3.877472098005732448e+01,1.491898004707715053e+00
1.316681668166816735e+03,3.835629602685869344e+01,1.530521262805254024e+00
1.316831683168316886e+03,3.794010863357131313e+01,1.570012215156276536e+00
1.316981698169817037e+03,3.752542865921035542e+01,1.610383904756220286e+00
1.317131713171317188e+03,3.711103148402486340e+01,1.651649520381694991e+00
1.317281728172817338e+03,3.669519800949769461e+01,1.693822396590482615e+00
1.317431743174317489e+03,3.627571465834558495e+01,1.736916013721537588e+00
1.317581758175817640e+03,3.584987337451911316e+01,1.780943997894986364e+00
1.317731773177317791e+03,3.541757928749346718e+01,1.825919024935210411e+00
1.317881788178817942e+03,3.498334092555697339e+01,1.871850583567765014e+00
1.318031803180318093e+03,3.454876381225054160e+01,1.918747887623069470e+00
1.318181818181818244e+03,3.411510414195328167e+01,1.966619951248365306e+00
1.318331833183318395e+03,3.368331562691807335e+01,2.015475578569687176e+00
1.318481848184818546e+03,3.325404949727163029e+01,2.065323363691862646e+00
1.318631863186318697e+03,3.282765450101444316e+01,2.116171690698513075e+00
1.318781878187818847e+03,3.240417690402081519e+01,2.168028733652052065e+00
1.318931893189318998e+03,3.198336049003885151e+01,2.220902456593687013e+00
1.319081908190819149e+03,3.156464656069044494e+01,2.274800613543418670e+00
1.319231923192319300e+03,3.114717393547129731e+01,2.329730748500040249e+00
1.319381938193819451e+03,3.072977895175090168e+01,2.385700195441138316e+00
1.319531953195319602e+03,3.031099546477256723e+01,2.442716078323092788e+00
1.319681968196819753e+03,2.988905484765338727e+01,2.500785311081076934e+00
1.319831983198319904e+03,2.946430500854669887e+01,2.559912620036616460e+00
1.319981998199820055e+03,2.903983286505686934e+01,2.620098318307541252e+00
1.320132013201320206e+03,2.861648448021161784e+01,2.681342575829545272e+00
1.320282028202820356e+03,2.819493915630383185e+01,2.743644649261486101e+00
1.320432043204320507e+03,2.777572849053569826e+01,2.807002869799727574e+00
1.320582058205820658e+03,2.735923637501868910e+01,2.871414643178137993e+00
1.320732073207320809e+03,2.694569899677357228e+01,2.936876449668091915e+00
1.320882088208820960e+03,2.653520483773040439e+01,3.003383844078469700e+00
1.321032103210321111e+03,2.612769467472853435e+01,3.070931455755657957e+00
1.321182118211821262e+03,2.572296157951659978e+01,3.139512988583547770e+00
1.321332133213321413e+03,2.532065091875254126e+01,3.209121220983537359e+00
1.321482148214821564e+03,2.492026035400357031e+01,3.279748005914528974e+00
1.321632163216321715e+03,2.452113984174621208e+01,3.351384270872932447e+00
1.321782178217821865e+03,2.412249163336626268e+01,3.424020017892661638e+00
1.321932193219322016e+03,2.372337027515882468e+01,3.497644323545137546e+00
1.322082208220822167e+03,2.332343511328290120e+01,3.572243522931110249e+00
1.322232223222322318e+03,2.292479346228805070e+01,3.647796686118624621e+00
1.322382238223822469e+03,2.252789581756891124e+01,3.724284831296545306e+00
1.322532253225322620e+03,2.213295294851157990e+01,3.801687115899019531e+00
1.322682268226822771e+03,2.174013078828693679e+01,3.879980357570826488e+00
1.322832283228322922e+03,2.134955043385063789e+01,3.959139034167371118e+00
1.322982298229823073e+03,2.096128814594311152e+01,4.039135283754688999e+00
1.323132313231323224e+03,2.057537534908956900e+01,4.119938904609443675e+00
1.323282328232823374e+03,2.019179863159999400e+01,4.201517355218927108e+00
1.323432343234323525e+03,1.981049974556914606e+01,4.283835754281062336e+00
1.323582358235823676e+03,1.943137560687656773e+01,4.366856880704398591e+00
1.323732373237323827e+03,1.905427829518657745e+01,4.450541173608113965e+00
1.323882388238823978e+03,1.867901505394825534e+01,4.534846732322016294e+00
1.324032403240324129e+03,1.830534829039548583e+01,4.619729316386543161e+00
1.324182418241824280e+03,1.793299557554690793e+01,4.705142345552758343e+00
1.324332433243324431e+03,1.756162964420594363e+01,4.791036899782356251e+00
1.324482448244824582e+03,1.719087839496079795e+01,4.877361719247659266e+00
1.324632463246324733e+03,1.682032489018444110e+01,4.964063204331619517e+00
1.324782478247824884e+03,1.645020712567252019e+01,5.051040476377427701e+00
1.324932493249325034e+03,1.608137785470017533e+01,5.138189142951312682e+00
1.325082508250824958e+03,1.571375610549071844e+01,5.225483586465540675e+00
1.325232523252325109e+03,1.534724378189858740e+01,5.312887347068613764e+00
1.325382538253825260e+03,1.498173845333495180e+01,5.400352114928300473e+00
1.325532553255325411e+03,1.461713335476547648e+01,5.487817730232170454e+00
1.325682568256825562e+03,1.425331738671088821e+01,5.575212183187459480e+00
1.325832583258325712e+03,1.389017511524696857e+01,5.662451614021068558e+00
1.325982598259825863e+03,1.352758677200455750e+01,5.749440312979564816e+00
1.326132613261326014e+03,1.316542825416954976e+01,5.836070720329181505e+00
1.326282628262826165e+03,1.280357112448290202e+01,5.922223426355818887e+00
1.326432643264326316e+03,1.244188261124062578e+01,6.007767171365042458e+00
1.326582658265826467e+03,1.208022560829378911e+01,6.092558845682084723e+00
1.326732673267326618e+03,1.171845867504851668e+01,6.176443489651845198e+00
1.326882688268826769e+03,1.135643603646599686e+01,6.259254293638886857e+00
1.327032703270326920e+03,1.099400758306246217e+01,6.340812598027441460e+00
1.327182718271827071e+03,1.063101887090921949e+01,6.420927893221405114e+00
1.327332733273327221e+03,1.026731112163261983e+01,6.499397819644340935e+00
1.327482748274827372e+03,9.902721222414074376e+00,6.576008167739479049e+00
1.327632763276327523e+03,9.537081725990057990e+00,6.650532877969714818e+00
1.327782778277827674e+03,9.170220850652093247e+00,6.722734040817610612e+00
1.327932793279327825e+03,8.801962480246766418e+00,6.792361896785392261e+00
1.328082808280827976e+03,8.432126164175723915e+00,6.859154836394956156e+00
1.328232823282328127e+03,8.060527117395661634e+00,6.922839400187862147e+00
1.328382838283828278e+03,7.686976220418333838e+00,6.983130278725335316e+00
1.328532853285328429e+03,7.311286612906002347e+00,7.039593665312154691e+00
1.328682868286828580e+03,6.933265559102959052e+00,7.091622780362646594e+00
1.328832883288328730e+03,6.552712053208210818e+00,7.138699883458150985e+00
1.328982898289828881e+03,6.169439451379524542e+00,7.180153575376667874e+00
1.329132913291329032e+03,5.783275797433343968e+00,7.215154007300608185e+00
1.329282928292829183e+03,5.394063822844792355e+00,7.242712880816796428e+00
1.329432943294329334e+03,5.001660946747668035e+00,7.261683447916466250e+00
1.329582958295829485e+03,4.606008718453793449e+00,7.270370895736453676e+00
1.329732973297329636e+03,4.207107799230783485e+00,7.266839277309857792e+00
1.329882988298829787e+03,3.804837556538174681e+00,7.250080364781219977e+00
1.330033003300329938e+03,3.399428012680099087e+00,7.217273667642792212e+00
1.330183018301830089e+03,2.991487299494411722e+00,7.163627498860522635e+00
1.330333033303330240e+03,2.582001658352697682e+00,7.082378974874050215e+00
1.330483048304830390e+03,2.172335440160266806e+00,6.964794015596707411e+00
1.330633063306330541e+03,1.764615621128570400e+00,6.795386236056295992e+00
1.330783078307830692e+03,1.362509037945228485e+00,6.553621189698659144e+00
1.330933093309330843e+03,9.711026289868385231e-01,6.227313078679268976e+00
1.331083108310830994e+03,6.044420122581144472e-01,5.706064056671491080e+00
1.331233123312331145e+03,2.868883316533537009e-01,4.761798037017089591e+00
1.331383138313831296e+03,7.214467721983217063e-02,2.708575612186802317e+00
1.331533153315331447e+03,1.616771736805940052e-02,1.195055299649919467e-01
1.331683168316831598e+03,1.956082621439693414e-02,9.613692509995218436e-04
1.331833183318331749e+03,2.630006033573098478e-02,2.488283429388802659e-05
1.331983198319831899e+03,3.539040924166678148e-02,1.725622009037527952e-06
1.332133213321332050e+03,4.762149168142738170e-02,2.601301188488705242e-07
1.332283228322832201e+03,6.407562085788402750e-02,5.994461189080156511e-08
1.332433243324332352e+03,8.621068884615859518e-02,2.683430927438029234e-08
1.332583258325832503e+03,1.159680224082582922e-01,1.099666858760471114e-08
1.332733273327332654e+03,1.559818024534362357e-01,1.350690227458304603e-08
1.332883288328832805e+03,2.097799388959588340e-01,1.107376871835015765e-08
1.333033303330332956e+03,2.819901788898686590e-01,7.964524132030316995e-09
1.333183318331833107e+03,3.788220216540513219e-01,6.450495159632479885e-09
1.333333333333333258e+03,5.088812491063599008e-01,5.694522413400224012e-09
1.333483348334833408e+03,6.832468936112315872e-01,5.182635443767943097e-09
1.333633363336333559e+03,9.161078024829156785e-01,4.800301850441300266e-09
1.333783378337833710e+03,1.226510818528946611e+00,4.568892914660988077e-09
1.333933393339333861e+03,1.640006588221430306e+00,4.440526048445525953e-09
1.334083408340834012e+03,2.189194521344155042e+00,4.380472450925110760e-09
1.334233423342334163e+03,2.913715815989847524e+00,4.367155296319732207e-09
1.334383438343834314e+03,3.857637751431926443e+00,4.388764440472851158e-09
1.334533453345334465e+03,5.087292667106488864e+00,4.437388426429566241e-09
1.334683468346834616e+03,6.675193736297199365e+00,4.507522007988765164e-09
1.334833483348334767e+03,8.687826368049416104e+00,4.594593290057393437e-09
1.334983498349834917e+03,1.118564820717018549e+01,4.694963728650455201e-09
1.335133513351335068e+03,1.421881997135734288e+01,4.806016740981850845e-09
1.335283528352835219e+03,1.780661777543166124e+01,4.926377133052937046e-09
1.335433543354335370e+03,2.192304870960080976e+01,5.055023491791974114e-09
1.335583558355835521e+03,2.648012710423362392e+01,5.191089906500452279e-09
1.335733573357335672e+03,3.132705129940671185e+01,5.333874136341226030e-09
1.335883588358835823e+03,3.625020364490447378e+01,5.482837610338514116e-09
1.336033603360335974e+03,4.099903598289236584e+01,5.637629892176936120e-09
1.336183618361836125e+03,4.541221164183944836e+01,5.798119273453222307e-09
1.336333633363336276e+03,4.936939340254149755e+01,5.964207386432337530e-09
1.336483648364836426e+03,5.279596003433053397e+01,6.135837849238193040e-09
1.336633663366336577e+03,5.566548855049052236e+01,6.312999729081833917e-09
1.336783678367836728e+03,5.799975420825742844e+01,6.495727542261434936e-09
1.336933693369336879e+03,5.986587098330071655e+01,6.684094165005746080e-09
1.337083708370837030e+03,6.133678978046543762e+01,6.878188701176040939e-09
1.337233723372337181e+03,6.247451114352155344e+01,7.078132142587282672e-09
1.337383738373837332e+03,6.334226642725061396e+01,7.284049363310460285e-09
1.337533753375337483e+03,6.400422055632927254e+01,7.496068314615310336e-09
1.337683768376837634e+03,6.450910375917766260e+01,7.714344647842751314e-09
1.337833783378337785e+03,6.488701008043086915e+01,7.939049546275423314e-09
1.337983798379837935e+03,6.516686886730521167e+01,8.170356023210978192e-09
1.338133813381338086e+03,6.537757136095639510e+01,8.408440019352695660e-09
1.338283828382838237e+03,6.554473806940244174e+01,8.653485488044575675e-09
1.338433843384338388e+03,6.567173375484655651e+01,8.905696547190982841e-09
1.338583858385838539e+03,6.576029013772782150e+01,9.165282988810371069e-09
1.338733873387338690e+03,6.581674009136698089e+01,9.432456888007210976e-09
1.338883888388838841e+03,6.585201764196658303e+01,9.707432602971981617e-09
1.339033903390338992e+03,6.588165796861085255e+01,9.990426774981183718e-09
1.339183918391839143e+03,6.591424522582511258e+01,1.028166760218883796e-08
1.339333933393339294e+03,6.594112681055290182e+01,1.058140267536744139e-08
1.339483948394839445e+03,6.596038380429197900e+01,1.088988106634599007e-08
1.339633963396339595e+03,6.597167008066604410e+01,1.120735820632248129e-08
1.339783978397839746e+03,6.597615812575635630e+01,1.153409593087060385e-08
1.339933993399339897e+03,6.597653903810171983e+01,1.187036247993972813e-08
1.340084008400840048e+03,6.597702252869841288e+01,1.221643249785491443e-08
1.340234023402340199e+03,6.598246351714225000e+01,1.257258803690593243e-08
1.340384038403840350e+03,6.599050848003211911e+01,1.293912590895253576e-08
1.340534053405340501e+03,6.599820070053272048e+01,1.331635003126988288e-08
1.340684068406840652e+03,6.600383035202413851e+01,1.370457266624581521e-08
1.340834083408340803e+03,6.600638010491182683e+01,1.410411530636678482e-08
1.340984098409840954e+03,6.600552512662665094e+01,1.451530867421786432e-08
1.341134113411341104e+03,6.600163308162485976e+01,1.493849272248274031e-08
1.341284128412841255e+03,6.599576413138808562e+01,1.537401663394371499e-08
1.341434143414341406e+03,6.598967093442337273e+01,1.582223882148170616e-08
1.341584158415841557e+03,6.598579864626313451e+01,1.628352692807624558e-08
1.341734173417341708e+03,6.598731250375639945e+01,1.675825788634703796e-08
1.341884188418841859e+03,6.599719139465886997e+01,1.724682273318840217e-08
1.342034203420342010e+03,6.601196984093347453e+01,1.774962732314000253e-08
1.342184218421842161e+03,6.602718754535310097e+01,1.826708920206219373e-08
1.342334233423342312e+03,6.603938566928364651e+01,1.879963849171945736e-08
1.342484248424842463e+03,6.604610683268413140e+01,1.934771788978041515e-08
1.342634263426342613e+03,6.604589511410659952e+01,1.991178266981782565e-08
1.342784278427842764e+03,6.603829605069616093e+01,2.049230068130857758e-08
1.342934293429342915e+03,6.602385663819099193e+01,2.108975234963370314e-08
1.343084308430843066e+03,6.600412533092233502e+01,2.170463067607836801e-08
1.343234323432343217e+03,6.598165204181449894e+01,2.233744123783186479e-08
1.343384338433843368e+03,6.595998814238483021e+01,2.298870218798763280e-08
1.343534353435343519e+03,6.594368646274376999e+01,2.365894425554324489e-08
1.343684368436843670e+03,6.593830129159481146e+01,2.434871074540040410e-08
1.343834383438343821e+03,6.594981737671407984e+01,2.505855865537499516e-08
1.343984398439843972e+03,6.597153664626628711e+01,2.578908425168746969e-08
1.344134413441344122e+03,6.599394565640255905e+01,2.654090592347980029e-08
1.344284428442844273e+03,6.601158242026802725e+01,2.731465360620234797e-08
1.344434443444344424e+03,6.602096156025802998e+01,2.811097308314849037e-08
1.344584458445844575e+03,6.602057430801802695e+01,2.893052598545461844e-08
1.344734473447344726e+03,6.601088850444364198e+01,2.977398979210015303e-08
1.344884488448844877e+03,6.599434859968064870e+01,3.064205782990751502e-08
1.345034503450345028e+03,6.597537565312498486e+01,3.153543927354215187e-08
1.345184518451845179e+03,6.596036733342275227e+01,3.245485914551253100e-08
1.345334533453345330e+03,6.595769791847015995e+01,3.340105831617012978e-08
1.345484548454845481e+03,6.597088405178939752e+01,3.437480946595248391e-08
1.345634563456345631e+03,6.598744608642687126e+01,3.537694278884636415e-08
1.345784578457845782e+03,6.600235232375941052e+01,3.640829505739069310e-08
1.345934593459345933e+03,6.601237811723231630e+01,3.746972512255107505e-08
1.346084608460846084e+03,6.601572258163487561e+01,3.856211483668967714e-08
1.346234623462346235e+03,6.601200859310048941e+01,3.968636905356521610e-08
1.346384638463846386e+03,6.600228278910653046e+01,4.084341562833299134e-08
1.346534653465346537e+03,6.598901556847444283e+01,4.203420541754482540e-08
1.346684668466846688e+03,6.597610109136972767e+01,4.325971227914912349e-08
1.346834683468346839e+03,6.596885727930187215e+01,4.452093307249084044e-08
1.346984698469846990e+03,6.597374283832110109e+01,4.581888880666295885e-08
1.347134713471347141e+03,6.598929111513463397e+01,4.715465636160361670e-08
1.347284728472847291e+03,6.600816491195520541e+01,4.852935708299372611e-08
1.347434743474347442e+03,6.602502108867724928e+01,4.994413981962203635e-08
1.347584758475847593e+03,6.603602914244497413e+01,5.140018488300025197e-08
1.347734773477347744e+03,6.603887120765236318e+01,5.289870404736298645e-08
1.347884788478847895e+03,6.603274205594314594e+01,5.444094054966780856e-08
1.348034803480348046e+03,6.601834909621081238e+01,5.602816908959519597e-08
1.348184818481848197e+03,6.599791237459861293e+01,5.766169582954858166e-08
1.348334833483348348e+03,6.597516457449958693e+01,5.934285839465430089e-08
1.348484848484848499e+03,6.595535101655650578e+01,6.107302587276164420e-08
1.348634863486348650e+03,6.594522965866190134e+01,6.285359881444282433e-08
1.348784878487848800e+03,6.595282803110126224e+01,6.468601032589747251e-08
1.348934893489348951e+03,6.597431978244941320e+01,6.657178528386248201e-08
1.349084908490849102e+03,6.599877224475621063e+01,6.851252411523042163e-08
1.349234923492349253e+03,6.601954424467396620e+01,7.050985756862118306e-08
1.349384938493849404e+03,6.603209590642609328e+01,7.256545711779765784e-08
1.349534953495349555e+03,6.603398865180709265e+01,7.468103496166573734e-08
1.349684968496849706e+03,6.602488520018258100e+01,7.685834402427433924e-08
1.349834983498349857e+03,6.600654956848929089e+01,7.909917795481542076e-08
1.349984998499850008e+03,6.598284707123501391e+01,8.140537112762389925e-08
1.350135013501350159e+03,6.595974432049871439e+01,8.377879864217777132e-08
1.350285028502850309e+03,6.594530922593038724e+01,8.622137632309802015e-08
1.350435043504350460e+03,6.594965811067434913e+01,8.873506102509384381e-08
1.350585058505850611e+03,6.597090400951550748e+01,9.132193269674413652e-08
1.350735073507350762e+03,6.599608408609188359e+01,9.398419702807240859e-08
1.350885088508850913e+03,6.601812790592695990e+01,9.672409346884146434e-08
1.351035103510351064e+03,6.603212666675185005e+01,9.954391706130674707e-08
1.351185118511851215e+03,6.603533319850542682e+01,1.024460184402163920e-07
1.351335133513351366e+03,6.602716196333416576e+01,1.054328038328111866e-07
1.351485148514851517e+03,6.600918905559227312e+01,1.085067350588245572e-07
1.351635163516351668e+03,6.598515220184161478e+01,1.116703295304826487e-07
1.351785178517851818e+03,6.596095076085173048e+01,1.149261602525041786e-07
1.351935193519351969e+03,6.594464572359986221e+01,1.182768558221006228e-07
1.352085208520852120e+03,6.594645971327091161e+01,1.217251004289760561e-07
1.352235223522352271e+03,6.596811290629510438e+01,1.252737178089701120e-07
1.352385238523852422e+03,6.599586510598908262e+01,1.289257386611266871e-07
1.352535253525352573e+03,6.602140406588408439e+01,1.326842456680421147e-07
1.352685268526852724e+03,6.603879711126819529e+01,1.365523960714253366e-07
1.352835283528352875e+03,6.604448452811398340e+01,1.405334217227210919e-07
1.352985298529853026e+03,6.603727956307861291e+01,1.446306290831098114e-07
1.353135313531353177e+03,6.601836842350371626e+01,1.488473992235076699e-07
1.353285328532853327e+03,6.599131027741553623e+01,1.531871878245665073e-07
1.353435343534353478e+03,6.596203725352476965e+01,1.576535251766739345e-07
1.353585358535853629e+03,6.593885444122672368e+01,1.622500161799532800e-07
1.353735373537353780e+03,6.593243989060118793e+01,1.669803403442635641e-07
1.353885388538853931e+03,6.595153452056767662e+01,1.718482962207683973e-07
1.354035403540354082e+03,6.598233927706284874e+01,1.768580333995322809e-07
1.354185418541854233e+03,6.601339881674651622e+01,1.820138162792125249e-07
1.354335433543354384e+03,6.603700431160673645e+01,1.873199976361030043e-07
1.354485448544854535e+03,6.604819912142914973e+01,1.927810280885441986e-07
1.354635463546354686e+03,6.604477879379703609e+01,1.984014560969234298e-07
1.354785478547854837e+03,6.602729106409121584e+01,2.041859279636745715e-07
1.354935493549354987e+03,6.599903585549017748e+01,2.101391878332782604e-07
1.355085508550855138e+03,6.596606527896993555e+01,2.162660776922618435e-07
1.355235523552355289e+03,6.593718363330415855e+01,2.225715373691992459e-07
1.355385538553855440e+03,6.592394740506406947e+01,2.290606045347112350e-07
1.355535553555355591e+03,6.593874323566140561e+01,2.357384415850988887e-07
1.355685568556855742e+03,6.596903199615370283e+01,2.426107170506847378e-07
1.355835583558355893e+03,6.600071608336102713e+01,2.496833161392297781e-07
1.355985598559856044e+03,6.602578192874868535e+01,2.569622146791558648e-07
1.356135613561356195e+03,6.603901845903484968e+01,2.644535218516999695e-07
1.356285628562856346e+03,6.603801709619057192e+01,2.721634801909138618e-07
1.356435643564356496e+03,6.602317175743981181e+01,2.800984655836642159e-07
1.356585658565856647e+03,6.599767885525939448e+01,2.882649872696327158e-07
1.356735673567356798e+03,6.596753729737909566e+01,2.966696878413158968e-07
1.356885688568856949e+03,6.594154848678149961e+01,3.053193432440252515e-07
1.357035703570357100e+03,6.593131632170215539e+01,3.142208627758871766e-07
1.357185718571857251e+03,6.594747003116211204e+01,3.233813641002617011e-07
1.357335733573357402e+03,6.597446873098103026e+01,3.328086958437730925e-07
1.357485748574857553e+03,6.600115000620556316e+01,3.425108694719867067e-07
1.357635763576357704e+03,6.602114742940084113e+01,3.524960425811808063e-07
1.357785778577857855e+03,6.603050629859718867e+01,3.627725649163889003e-07
1.357935793579358005e+03,6.602768363729015277e+01,3.733489783713995321e-07
1.358085808580858156e+03,6.601354819444047450e+01,3.842340169887562797e-07
1.358235823582358307e+03,6.599138044447410323e+01,3.954366069597578084e-07
1.358385838583858458e+03,6.596687258728219660e+01,4.069658666244579770e-07
1.358535853585358609e+03,6.594812854822110637e+01,4.188311064716656785e-07
1.358685868586858760e+03,6.594566397811240677e+01,4.310418291389447877e-07
1.358835883588358911e+03,6.596393125092686205e+01,4.436079684953834346e-07
1.358985898589859062e+03,6.598801520336778026e+01,4.565402896748439339e-07
1.359135913591359213e+03,6.601038109194756487e+01,4.698496779629502347e-07
1.359285928592859364e+03,6.602588583577346526e+01,4.835472842715872509e-07
1.359435943594359514e+03,6.603147703427480053e+01,4.976445335798522664e-07
1.359585958595859665e+03,6.602619296720301634e+01,5.121531249340542999e-07
1.359735973597359816e+03,6.601116259463161384e+01,5.270850314477151638e-07
1.359885988598859967e+03,6.598960555695622077e+01,5.424525003015684583e-07
1.360036003600360118e+03,6.596683217489453455e+01,5.582680527435598887e-07
1.360186018601860269e+03,6.595024344948636497e+01,5.745444840888476896e-07
1.360336033603360420e+03,6.594933106209360574e+01,5.912948637198019889e-07
1.360486048604860571e+03,6.596801012298232081e+01,6.085328349224577045e-07
1.360636063606360722e+03,6.599342315561969485e+01,6.262730878183519190e-07
1.360786078607860873e+03,6.601754334807925773e+01,6.445305749960264457e-07
1.360936093609361023e+03,6.603465380498191450e+01,6.633206172372241778e-07
1.361086108610861174e+03,6.604122321318328659e+01,6.826589083483061507e-07
1.361236123612361325e+03,6.603590584177372591e+01,7.025615151602513303e-07
1.361386138613861476e+03,6.601954154207837178e+01,7.230448775286571422e-07
1.361536153615361627e+03,6.599515574765705139e+01,7.441258083337388367e-07
1.361686168616861778e+03,6.596795947430439355e+01,7.658214934803297004e-07
1.361836183618361929e+03,6.594534932004972916e+01,7.881494918978814797e-07
1.361986198619862080e+03,6.593690746515714807e+01,8.111277355404636397e-07
1.362136213621362231e+03,6.595219336646478325e+01,8.347746409628617911e-07
1.362286228622862382e+03,6.598130238839577544e+01,8.591101640632250612e-07
1.362436243624362533e+03,6.601230338255550123e+01,8.841550316711224931e-07
1.362586258625862683e+03,6.603715319308929566e+01,9.099303988032193313e-07
1.362736273627362834e+03,6.605047483884985127e+01,9.364579048146257077e-07
1.362886288628862985e+03,6.604955751339711867e+01,9.637596733988969586e-07
1.363036303630363136e+03,6.603435658499833494e+01,9.918583125880335193e-07
1.363186318631863287e+03,6.600749359662806626e+01,1.020776914752481136e-06
1.363336333633363211e+03,6.597425626596823633e+01,1.050539056601084384e-06
1.363486348634863361e+03,6.594259848540785640e+01,1.081168799181269627e-06
1.363636363636363512e+03,6.592314032204342311e+01,1.112690687878772910e-06
1.363786378637863663e+03,6.592912775217745036e+01,1.145129755057697021e-06
1.363936393639363814e+03,6.595831341527986069e+01,1.178512787115226267e-06
1.364086408640863965e+03,6.599286483402057968e+01,1.212868593885455803e-06
1.364236423642364116e+03,6.602305888980910709e+01,1.248226335938243673e-06
1.364386438643864267e+03,6.604216997838909720e+01,1.284615810380772775e-06
1.364536453645364418e+03,6.604647000983835881e+01,1.322067450857549596e-06
1.364686468646864569e+03,6.603522840856878418e+01,1.360612327550405479e-06
1.364836483648364720e+03,6.601071211332643429e+01,1.400282147178495566e-06
1.364986498649864870e+03,6.597818557719146781e+01,1.441109252998299431e-06
1.365136513651365021e+03,6.594591076757818371e+01,1.483126624803621082e-06
1.365286528652865172e+03,6.592514716623503546e+01,1.526367878925588749e-06
1.365436543654365323e+03,6.593010990043147501e+01,1.570867272178685558e-06
1.365586558655865474e+03,6.595699574375349528e+01,1.616661748659374346e-06
1.365736573657365625e+03,6.598727317618079269e+01,1.663790896898379733e-06
1.365886588658865776e+03,6.601289891540962174e+01,1.712294518045627673e-06
1.366036603660365927e+03,6.602846797379939403e+01,1.762213327639242001e-06
1.366186618661866078e+03,6.603121365837276358e+01,1.813588955605544222e-06
1.366336633663366229e+03,6.602100757081554150e+01,1.866463946259054564e-06
1.366486648664866379e+03,6.600035960747676711e+01,1.920881758302491774e-06
1.366636663666366530e+03,6.597441795936870790e+01,1.976886764826771419e-06
1.366786678667866681e+03,6.595096911216677427e+01,2.034524253311008851e-06
1.366936693669366832e+03,6.594043784620961901e+01,2.093840425622516032e-06
1.367086708670866983e+03,6.595322460986251656e+01,2.154882761627924946e-06
1.367236723672367134e+03,6.597652164417984011e+01,2.217703256834249862e-06
1.367386738673867285e+03,6.599995445956729156e+01,2.282355147025815005e-06
1.367536753675367436e+03,6.601785321469532164e+01,2.348892652773326784e-06
1.367686768676867587e+03,6.602664184714214457e+01,2.417371334579532658e-06
1.367836783678367738e+03,6.602483807339363864e+01,2.487848092879222416e-06
1.367986798679867888e+03,6.601305338884343143e+01,2.560381168039225629e-06
1.368136813681368039e+03,6.599399306779288565e+01,2.635030140358414616e-06
1.368286828682868190e+03,6.597245616345105645e+01,2.711855930067702329e-06
1.368436843684368341e+03,6.595533550793476252e+01,2.790920797330043621e-06
1.368586858685868492e+03,6.595161771226850078e+01,2.872288342240434399e-06
1.368736873687368643e+03,6.596709400700427750e+01,2.956024531845133788e-06
1.368886888688868794e+03,6.598983453908456909e+01,3.042200583692116088e-06
1.369036903690368945e+03,6.601204463193303695e+01,3.130889033897791700e-06
1.369186918691869096e+03,6.602836677426402900e+01,3.222164194733857238e-06
1.369336933693369247e+03,6.603542674932666046e+01,3.316102244292831137e-06
1.369486948694869398e+03,6.603183363490475699e+01,3.412781226488050264e-06
1.369636963696369548e+03,6.601817980331685476e+01,3.512281051053673304e-06
1.369786978697869699e+03,6.599704092141622880e+01,3.614683493544679915e-06
1.369936993699369850e+03,6.597297595059089304e+01,3.720072195336869457e-06
1.370087008700870001e+03,6.595252714676357186e+01,3.828532663626861413e-06
1.370237023702370152e+03,6.594422006039172857e+01,3.940152271432097937e-06
1.370387038703870303e+03,6.595703799231155529e+01,4.055020646855568357e-06
1.370537053705370454e+03,6.598354221801771757e+01,4.173234188860303465e-06
1.370687068706870605e+03,6.601258731795240919e+01,4.294893314672754486e-06
1.370837083708370756e+03,6.603647750162689078e+01,4.420100633840375593e-06
1.370987098709870907e+03,6.604996565959243071e+01,4.548961191050307322e-06
1.371137113711371057e+03,6.605025336344031928e+01,4.681582466129375728e-06
1.371287128712871208e+03,6.603699086580182609e+01,4.818074374044092388e-06
1.371437143714371359e+03,6.601227710034821428e+01,4.958549264900654393e-06
1.371587158715871510e+03,6.598065968179079732e+01,5.103121923944946051e-06
1.371737173717371661e+03,6.594913490588085381e+01,5.251909571562534646e-06
1.371887188718871812e+03,6.592714774940968425e+01,5.405031863278677216e-06
1.372037203720371963e+03,6.592659187020858269e+01,5.562610889758312084e-06
1.372187218721872114e+03,6.595277356741600272e+01,5.724774195007226362e-06
1.372337233723372265e+03,6.598857700429658735e+01,5.891661220474447078e-06
1.372487248724872416e+03,6.602257186091243568e+01,6.063414230825583103e-06
1.372637263726372566e+03,6.604666297862964086e+01,6.240178494358825292e-06
1.372787278727872717e+03,6.605587642263941461e+01,6.422102346986347561e-06
1.372937293729372868e+03,6.604835948195820094e+01,6.609337192234311125e-06
1.373087308730873019e+03,6.602538066942760508e+01,6.802037501242861956e-06
1.373237323732373170e+03,6.599132972171442191e+01,7.000360812766129938e-06
1.373387338733873321e+03,6.595371759931063593e+01,7.204467733172233099e-06
1.373537353735373472e+03,6.592317648653339290e+01,7.414521936443272529e-06
1.373687368736873623e+03,6.591345979152504242e+01,7.630690164175334925e-06
1.373837383738373774e+03,6.593561632650971660e+01,7.853144914035701076e-06
1.373987398739873925e+03,6.596937296228762193e+01,8.082078713836304696e-06
1.374137413741374075e+03,6.600192158792766861e+01,8.317687228932666118e-06
1.374287428742874226e+03,6.602565819225729626e+01,8.560169438720091614e-06
1.374437443744374377e+03,6.603597854357134622e+01,8.809728592771591185e-06
1.374587458745874528e+03,6.603127818963210416e+01,9.066572210837878565e-06
1.374737473747374679e+03,6.601295245766925746e+01,9.330912082847362749e-06
1.374887488748874830e+03,6.598539645437989520e+01,9.602964268906163240e-06
1.375037503750374981e+03,6.595600506592853662e+01,9.882949099298094802e-06
1.375187518751875132e+03,6.593517295794710265e+01,1.017109117448467763e-05
1.375337533753375283e+03,6.593629457553497275e+01,1.046761936510513225e-05
1.375487548754875434e+03,6.595887030762185077e+01,1.077277805529247214e-05
1.375637563756375584e+03,6.598455720588337670e+01,1.108683090074699513e-05
1.375787578757875735e+03,6.600653173616086633e+01,1.141004200611563285e-05
1.375937593759375886e+03,6.602021006707529693e+01,1.174268192353362737e-05
1.376087608760876037e+03,6.602323261254726106e+01,1.208502766273535683e-05
1.376237623762376188e+03,6.601546403179690969e+01,1.243736269105433716e-05
1.376387638763876339e+03,6.599899322934396650e+01,1.279997693342322713e-05
1.376537653765376490e+03,6.597813335500775622e+01,1.317316677237381480e-05
1.376687668766876641e+03,6.595942180390714782e+01,1.355723504803703446e-05
1.376837683768376792e+03,6.595162021646059713e+01,1.395249105814295650e-05
1.376987698769876943e+03,6.596305971739994334e+01,1.435925309293065923e-05
1.377137713771377094e+03,6.598331377475490456e+01,1.477786593239322158e-05
1.377287728772877244e+03,6.600392318406426284e+01,1.520868233829099124e-05
1.377437743774377395e+03,6.601979240576581276e+01,1.565206283296768547e-05
1.377587758775877546e+03,6.602764501004907061e+01,1.610837722289991530e-05
1.377737773777377697e+03,6.602602367685526019e+01,1.657800459869718211e-05
1.377887788778877848e+03,6.601529019587738389e+01,1.706133333510188274e-05
1.378037803780377999e+03,6.599762546656012319e+01,1.755876109098930104e-05
1.378187818781878150e+03,6.597702949809995232e+01,1.807069480936761798e-05
1.378337833783378301e+03,6.595932140944503885e+01,1.859755071737790151e-05
1.378487848784878452e+03,6.595213942929530049e+01,1.913975432629411676e-05
1.378637863786378603e+03,6.596345045747547431e+01,1.969774241128646749e-05
1.378787878787878753e+03,6.598663329077173501e+01,2.027198290026911958e-05
1.378937893789378904e+03,6.601204962596762016e+01,2.086296133481719590e-05
1.379087908790879055e+03,6.603297815949107985e+01,2.147117450478537592e-05
1.379237923792379206e+03,6.604481946741810816e+01,2.209713157513776697e-05
1.379387938793879357e+03,6.604509600547281423e+01,2.274135408594789071e-05
1.379537953795379508e+03,6.603345210902733697e+01,2.340437595239868647e-05
1.379687968796879659e+03,6.601165399310188775e+01,2.408674346478252486e-05
1.379837983798379810e+03,6.598358975236477875e+01,2.478901528850118065e-05
1.379987998799879961e+03,6.595526936113235195e+01,2.551176246406586321e-05
1.380138013801380112e+03,6.593482467336905017e+01,2.625556840709718950e-05
1.380288028802880262e+03,6.593250942268734605e+01,2.702102890832520091e-05
1.380438043804380413e+03,6.595542303064770806e+01,2.780876067213198139e-05
1.380588058805880564e+03,6.599041123221017813e+01,2.861943404812292206e-05
1.380738073807380715e+03,6.602544349377637900e+01,2.945374083404215371e-05
1.380888088808880866e+03,6.605181892414111644e+01,3.031238763805578636e-05
1.381038103810381017e+03,6.606389010181018762e+01,3.119609624560366770e-05
1.381188118811881168e+03,6.605906307500032426e+01,3.210560361939938305e-05
1.381338133813381319e+03,6.603779736163920688e+01,3.304166189943025537e-05
1.381488148814881470e+03,6.600360594936552161e+01,3.400503840295734530e-05
1.381638163816381621e+03,6.596305529552884650e+01,3.499651562451545786e-05
1.381788178817881771e+03,6.592576532718979365e+01,3.601689123591312220e-05
1.381938193819381922e+03,6.590440944111986710e+01,3.706697808623262542e-05
1.382088208820882073e+03,6.591448705260530971e+01,3.814760468253016839e-05
1.382238223822382224e+03,6.594956659952579514e+01,3.925967158705637080e-05
1.382388238823882375e+03,6.598911330655906227e+01,4.040414555347181041e-05
1.382538253825382526e+03,6.602246469908813253e+01,4.158200150927979152e-05
1.382688268826882677e+03,6.604243062120156083e+01,4.279423395898597759e-05
1.382838283828382828e+03,6.604529323569340704e+01,4.404185698409838448e-05
1.382988298829882979e+03,6.603080702406329294e+01,4.532590424312740078e-05
1.383138313831383130e+03,6.600219878651630268e+01,4.664742897158574036e-05
1.383288328832883280e+03,6.596616764196311067e+01,4.800750398198849658e-05
1.383438343834383431e+03,6.593288502801985373e+01,4.940722166385311519e-05
1.383588358835883582e+03,6.591599470100823055e+01,5.084769398369940114e-05
1.383738373837383733e+03,6.593035604811315409e+01,5.233005962180766260e-05
1.383888388838883884e+03,6.595922529031228976e+01,5.385559133491147601e-05
1.384038403840384035e+03,6.598770716838626527e+01,5.542559762843963416e-05
1.384188418841884186e+03,6.600924730736970503e+01,5.704139963353341703e-05
1.384338433843384337e+03,6.601984962550882585e+01,5.870434883058849815e-05
1.384488448844884488e+03,6.601807633426135169e+01,6.041582704925497165e-05
1.384638463846384639e+03,6.600504793829659889e+01,6.217724646843734548e-05
1.384788478847884790e+03,6.598444323549539092e+01,6.399004961629455501e-05
1.384938493849384940e+03,6.596249931695015789e+01,6.585570937023992912e-05
1.385088508850885091e+03,6.594801156696483702e+01,6.777572895694124438e-05
1.385238523852385242e+03,6.595215020149444740e+01,6.975164280198349284e-05
1.385388538853885393e+03,6.597049369050014889e+01,7.178509942299173550e-05
1.385538553855385544e+03,6.599064869194975813e+01,7.387782987018706585e-05
1.385688568856885695e+03,6.600737958754169199e+01,7.603158495096916370e-05
1.385838583858385846e+03,6.601720385535918467e+01,7.824816118188545222e-05
1.385988598859885997e+03,6.601839206987035880e+01,8.052940078863116580e-05
1.386138613861386148e+03,6.601096790192819697e+01,8.287719170604928220e-05
1.386288628862886299e+03,6.599670811877052756e+01,8.529346757813054971e-05
1.386438643864386449e+03,6.597914258402003895e+01,8.778020775801352777e-05
1.386588658865886600e+03,6.596355425768430791e+01,9.033943730798450571e-05
1.386738673867386751e+03,6.595697919615572857e+01,9.297322699947757044e-05
1.386888688868886902e+03,6.596662142548761665e+01,9.568370419567129661e-05
1.387038703870387053e+03,6.598594730454914270e+01,9.847314458138008890e-05
1.387188718871887204e+03,6.600686118647776368e+01,1.013438953289528177e-04
1.387338733873387355e+03,6.602387846927655346e+01,1.042983598713255662e-04
1.387488748874887506e+03,6.603327554582742209e+01,1.073390045426224733e-04
1.387638763876387657e+03,6.603308980389107319e+01,1.104683585781558020e-04
1.387788778877887808e+03,6.602311962610701812e+01,1.136890141144258708e-04
1.387938793879387958e+03,6.600492438999363287e+01,1.170036261891211222e-04
1.388088808880888109e+03,6.598182446794805855e+01,1.204149127411180680e-04
1.388238823882388260e+03,6.595890122724628668e+01,1.239256546104813438e-04
1.388388838883888411e+03,6.594299703004313074e+01,1.275386955384636410e-04
1.388538853885388562e+03,6.594271523337216934e+01,1.312569421675057748e-04
1.388688868886888713e+03,6.596378434227349885e+01,1.350834028053993132e-04
1.388838883888388864e+03,6.599578811344925100e+01,1.390213151683269792e-04
1.388988898889889015e+03,6.602797422426741036e+01,1.430740255332000992e-04
1.389138913891389166e+03,6.605235513559091487e+01,1.472449575648474441e-04
1.389288928892889317e+03,6.606365154132762996e+01,1.515376127126372553e-04
1.389438943894389467e+03,6.605929236843033436e+01,1.559555702104772716e-04
1.389588958895889618e+03,6.603941477689677697e+01,1.605024870768146750e-04
1.389738973897389769e+03,6.600686415976963417e+01,1.651820981146361717e-04
1.389888988898889920e+03,6.596719414313652408e+01,1.699982159114679387e-04
1.390039003900390071e+03,6.592866658612997810e+01,1.749547308393756230e-04
1.390189018901890222e+03,6.590225158092749780e+01,1.800556110549643690e-04
1.390339033903390373e+03,6.590162745275151224e+01,1.853049024993788185e-04
1.390489048904890524e+03,6.593355980603408284e+01,1.907068295972817805e-04
1.390639063906390675e+03,6.597774099338091958e+01,1.962660660993140454e-04
1.390789078907890826e+03,6.601981662359040115e+01,2.019873954545498462e-04
1.390939093909390976e+03,6.604967092615063962e+01,2.078756881904169772e-04
1.391089108910891127e+03,6.606109636574640831e+01,2.139359047481910025e-04
1.391239123912391278e+03,6.605179364225917027e+01,2.201730954829950941e-04
1.391389138913891429e+03,6.602337169076706402e+01,2.265924006638000857e-04
1.391539153915391580e+03,6.598134768154487517e+01,2.331990504734245541e-04
1.391689168916891731e+03,6.593514702006409323e+01,2.399983650085347380e-04
1.391839183918391882e+03,6.589810334699285477e+01,2.469957542796445108e-04
1.391989198919892033e+03,6.588745853819598608e+01,2.541967182111154076e-04
1.392139213921392184e+03,6.591475089736846371e+01,2.616069934560808028e-04
1.392289228922892335e+03,6.595164604328526536e+01,2.692331178858928492e-04
1.392439243924392485e+03,6.598518351859409847e+01,2.770816165500544315e-04
1.392589258925892636e+03,6.600819092897857843e+01,2.851591131043838758e-04
1.392739273927392787e+03,6.601670311530278923e+01,2.934723673679238672e-04
1.392889288928892938e+03,6.600996215361125508e+01,3.020282753229416666e-04
1.393039303930393089e+03,6.599041735512894036e+01,3.108338691149288395e-04
1.393189318931893240e+03,6.596372526626126387e+01,3.198963170526013646e-04
1.393339333933393391e+03,6.593874966859412723e+01,3.292229236078999047e-04
1.393489348934893542e+03,6.592756157889382962e+01,3.388211294159892647e-04
1.393639363936393693e+03,6.594112331409138505e+01,3.486986068537331054e-04
1.393789378937893844e+03,6.596248170884777551e+01,3.588638634114692835e-04
1.393939393939393995e+03,6.598242578550112114e+01,3.693254860727249221e-04
1.394089408940894145e+03,6.599658940283914887e+01,3.800922167048737237e-04
1.394239423942394296e+03,6.600246427631884671e+01,3.911730182826369910e-04
1.394389438943894447e+03,6.599939997806642111e+01,4.025770748880841150e-04
1.394539453945394598e+03,6.598860393687733961e+01,4.143137917106319785e-04
1.394689468946894749e+03,6.597314143821625976e+01,4.263927950470454984e-04
1.394839483948394900e+03,6.595793562421715706e+01,4.388239323014371919e-04
1.394989498949895051e+03,6.594976749368316860e+01,4.516172719852676104e-04
1.395139513951395202e+03,6.595624683758126139e+01,4.647831388312197664e-04
1.395289528952895353e+03,6.597159826748243461e+01,4.783325749074974088e-04
1.395439543954395504e+03,6.598828407613937941e+01,4.922769588935931506e-04
1.395589558955895654e+03,6.600183669919979934e+01,5.066279236256208095e-04
1.395739573957395805e+03,6.600924835395424850e+01,5.213974185208418389e-04
1.395889588958895956e+03,6.600897103933624521e+01,5.365977095776645152e-04
1.396039603960396107e+03,6.600091653592217256e+01,5.522413793756445876e-04
1.396189618961896258e+03,6.598645640593134942e+01,5.683413270754850621e-04
1.396339633963396409e+03,6.596842199322600209e+01,5.849107684190359840e-04
1.396489648964896560e+03,6.595110442331126421e+01,6.019632357292947636e-04
1.396639663966396711e+03,6.594025460333519106e+01,6.195125779104059590e-04
1.396789678967896862e+03,6.594307213484319163e+01,6.375729610490452363e-04
1.396939693969397013e+03,6.596208572809915438e+01,6.561591553274424404e-04
1.397089708970897163e+03,6.598830668387196852e+01,6.752868424116792445e-04
1.397239723972397314e+03,6.601348995524323016e+01,6.949721447212271622e-04
1.397389738973897465e+03,6.603152663441338177e+01,7.152315920228386132e-04
1.397539753975397616e+03,6.603844395270165535e+01,7.360821214305469234e-04
1.397689768976897767e+03,6.603240528054617187e+01,7.575410774056662170e-04
1.397839783978397918e+03,6.601371012750385603e+01,7.796262117567911987e-04
1.397989798979898069e+03,6.598479414225047890e+01,8.023556836397976967e-04
1.398139813981398220e+03,6.595022911258064369e+01,8.257480595578420117e-04
1.398289828982898371e+03,6.591672296540778575e+01,8.498223133613615676e-04
1.398439843984398522e+03,6.589311976676417260e+01,8.745978262480744777e-04
1.398589858985898672e+03,6.589039972180093230e+01,9.000943867629794364e-04
1.398739873987398823e+03,6.591357597115813860e+01,9.263326552901086138e-04
1.398889888988898974e+03,6.594304245038878776e+01,9.533353482661670233e-04
1.399039903990399125e+03,6.596946633734459908e+01,9.811253288980715474e-04
1.399189918991899276e+03,6.598701946120482376e+01,1.009725938196738776e-03
1.399339933993399427e+03,6.599249038971636594e+01,1.039161043771327092e-03
1.399489948994899578e+03,6.598528442919385384e+01,1.069455039829236452e-03
1.399639963996399729e+03,6.596742362451955444e+01,1.100632847176108604e-03
1.399789978997899880e+03,6.594354675914344455e+01,1.132719913215826874e-03
1.399939993999400031e+03,6.592090935508315397e+01,1.165742211950516376e-03
1.400090009000900181e+03,6.590938367292399391e+01,1.199726243980543802e-03
1.400240024002400332e+03,6.591900051568205754e+01,1.234699234884488721e-03
1.400390039003900483e+03,6.593700434066639104e+01,1.270690995522973619e-03
1.400540054005400634e+03,6.595438764720788072e+01,1.307731886537468781e-03
1.400690069006900785e+03,6.596696741591837565e+01,1.345852814665637713e-03
1.400840084008400936e+03,6.597222542164843162e+01,1.385085491853355879e-03
1.400990099009901087e+03,6.596930823348729689e+01,1.425462435254711349e-03
1.401140114011401238e+03,6.595902721476295483e+01,1.467016967232003932e-03
1.401290129012901389e+03,6.594385852304206708e+01,1.509783215355746258e-03
1.401440144014401540e+03,6.592794311013004460e+01,1.553796112404662918e-03
1.401590159015901691e+03,6.591708672207096242e+01,1.599091396365690887e-03
1.401740174017401841e+03,6.591866424232007660e+01,1.645705622964108161e-03
1.401890189018901765e+03,6.593173166973518562e+01,1.693677363521015142e-03
1.402040204020401916e+03,6.594801195090521162e+01,1.743046988139108780e-03
1.402190219021902067e+03,6.596239640431252838e+01,1.793855699380648462e-03
1.402340234023402218e+03,6.597125471674159769e+01,1.846145828453526257e-03
1.402490249024902369e+03,6.597243494327895519e+01,1.899960835211193192e-03
1.402640264026402519e+03,6.596526350731325294e+01,1.955345308152661634e-03
1.402790279027902670e+03,6.595054520053517422e+01,2.012344964422502908e-03
1.402940294029402821e+03,6.593056318293750451e+01,2.071006649810849028e-03
1.403090309030902972e+03,6.590907898281513155e+01,2.131378338753391402e-03
1.403240324032403123e+03,6.589133249676497428e+01,2.193509134331382993e-03
1.403390339033903274e+03,6.588404198968608227e+01,2.257449268271635289e-03
1.403540354035403425e+03,6.589464967571694842e+01,2.323250221296301390e-03
1.403690369036903576e+03,6.591994116443480323e+01,2.390966567517247617e-03
1.403840384038403727e+03,6.594924718227625249e+01,2.460655703650983794e-03
1.403990399039903878e+03,6.597410648118233212e+01,2.532376460455177270e-03
1.404140414041404028e+03,6.598849966798962896e+01,2.606189070837796207e-03
1.404290429042904179e+03,6.598884920443029500e+01,2.682155169857107849e-03
1.404440444044404330e+03,6.597401940713206159e+01,2.760337794721679384e-03
1.404590459045904481e+03,6.594531644761826783e+01,2.840801384790378817e-03
1.404740474047404632e+03,6.590648835230776115e+01,2.923611781572372365e-03
1.404890489048904783e+03,6.586372500251501094e+01,3.008836228727128359e-03
1.405040504050404934e+03,6.582565813445005176e+01,3.096543372064412478e-03
1.405190519051905085e+03,6.580336133921846908e+01,3.186803259544293380e-03
1.405340534053405236e+03,6.581028069315526352e+01,3.279687354939424086e-03
1.405490549054905387e+03,6.583880099277199349e+01,3.375273351812805699e-03
1.405640564056405537e+03,6.586855969760208040e+01,3.473644211423337728e-03
1.405790579057905688e+03,6.589181473841432535e+01,3.574882903197189928e-03
1.405940594059405839e+03,6.590365402735683631e+01,3.679074216116251690e-03
1.406090609060905990e+03,6.590199545795687186e+01,3.786304758718134211e-03
1.406240624062406141e+03,6.588758690512096905e+01,3.896662959096167892e-03
1.406390639063906292e+03,6.586400622513485814e+01,4.010239064899404071e-03
1.406540654065406443e+03,6.583766125566350524e+01,4.127125143332615459e-03
1.406690669066906594e+03,6.581778981575109810e+01,4.247415081156291801e-03
1.406840684068406745e+03,6.581641726955980687e+01,4.371204597035686576e-03
1.406990699069906896e+03,6.582961169337217200e+01,4.498596676830705736e-03
1.407140714071407047e+03,6.584335149612093119e+01,4.629700064189941171e-03
1.407290729072907197e+03,6.585350050074306694e+01,4.764623905724074682e-03
1.407440744074407348e+03,6.585743425820662367e+01,4.903480255501815877e-03
1.407590759075907499e+03,6.585404004751073614e+01,5.046384075049900435e-03
1.407740774077407650e+03,6.584371687568558684e+01,5.193453233353091843e-03
1.407890789078907801e+03,6.582837547779246279e+01,5.344808506854179658e-03
1.408040804080407952e+03,6.581143831692368451e+01,5.500573579453980379e-03
1.408190819081908103e+03,6.579783958420269130e+01,5.660875042511339175e-03
1.408340834083408254e+03,6.579401550223033723e+01,5.825842399868616864e-03
1.408490849084908405e+03,6.580057176969457089e+01,5.995611429455047561e-03
1.408640864086408556e+03,6.581026523743295797e+01,6.170324439240574069e-03
1.408790879087908706e+03,6.581864678490661902e+01,6.350126588828977972e-03
1.408940894089408857e+03,6.582250708606612477e+01,6.535167136260644841e-03
1.409090909090909008e+03,6.581987660935152462e+01,6.725599438012570298e-03
1.409240924092409159e+03,6.581002561769236081e+01,6.921580948998354819e-03
1.409390939093909310e+03,6.579346416850762580e+01,7.123273222568204596e-03
1.409540954095409461e+03,6.577194211370579069e+01,7.330841910508933273e-03
1.409690969096909612e+03,6.574844909968483364e+01,7.544456763043961949e-03
1.409840984098409763e+03,6.572721456733215462e+01,7.764291628833315702e-03
1.409990999099909914e+03,6.571370775202467485e+01,7.990524454973627067e-03
1.410141014101410065e+03,6.571462283493912082e+01,8.223337319046591931e-03
1.410291029102910215e+03,6.573157363876677550e+01,8.462920334354554971e-03
1.410441044104410366e+03,6.575498707458910985e+01,8.709475403142305505e-03
1.410591059105910517e+03,6.577606085556995197e+01,8.963210209989068769e-03
1.410741074107410668e+03,6.578827256197021711e+01,9.224337499368219506e-03
1.410891089108910819e+03,6.578737964114792192e+01,9.493075075647283700e-03
1.411041104110410970e+03,6.577141940755817018e+01,9.769645803087943781e-03
1.411191119111911121e+03,6.574070904275312444e+01,1.005427760584602995e-02
1.411341134113411272e+03,6.569784559538206281e+01,1.034720346797152538e-02
1.411491149114911423e+03,6.564770598119133638e+01,1.064866143340856622e-02
1.411641164116411574e+03,6.559744698302438337e+01,1.095889460599543813e-02
1.411791179117911724e+03,6.555650525082175761e+01,1.127815114946458322e-02
1.411941194119411875e+03,6.553659730162105745e+01,1.160668428744259136e-02
1.412091209120912026e+03,6.554855486467656078e+01,1.194475461524935334e-02
1.412241224122412177e+03,6.557183704698839222e+01,1.229265372502817699e-02
1.412391239123912328e+03,6.559245703188130960e+01,1.265067846694350844e-02
1.412541254125412479e+03,6.560397527817787022e+01,1.301912882197465982e-02
1.412691269126912630e+03,6.560275849918953384e+01,1.339831118202831906e-02
1.412841284128412781e+03,6.558797966271654900e+01,1.378853834993853250e-02
1.412991299129912932e+03,6.556161799104808097e+01,1.419012953946672401e-02
1.413141314131413083e+03,6.552845896096208378e+01,1.460341037530168279e-02
1.413291329132913233e+03,6.549609430372538554e+01,1.502871289305956343e-02
1.413441344134413384e+03,6.547492200509363158e+01,1.546637553928389454e-02
1.413591359135913535e+03,6.547315945665209824e+01,1.591674846339183325e-02
1.413741374137413686e+03,6.547534551878611353e+01,1.638021640772515872e-02
1.413891389138913837e+03,6.547534187431445218e+01,1.685716507079884283e-02
1.414041404140413988e+03,6.547036848646476415e+01,1.734798839851165245e-02
1.414191419141914139e+03,6.545895455604826907e+01,1.785309078964327986e-02
1.414341434143414290e+03,6.544093852145974211e+01,1.837288709585436358e-02
1.414491449144914441e+03,6.541746805867749970e+01,1.890780262168646753e-02
1.414641464146414592e+03,6.539100008126339958e+01,1.945827312456210184e-02
1.414791479147914742e+03,6.536530074036286919e+01,2.002474481478470555e-02
1.414941494149414893e+03,6.534544542470484885e+01,2.060767435553865004e-02
1.415091509150915044e+03,6.533515440302643640e+01,2.120753374302661656e-02
1.415241524152415195e+03,6.532885774556979186e+01,2.182482182267412099e-02
1.415391539153915346e+03,6.532226720157680688e+01,2.246004735851765341e-02
1.415541554155415497e+03,6.531230210819295223e+01,2.311373336091410158e-02
1.415691569156915648e+03,6.529690416118540952e+01,2.378641751413596364e-02
1.415841584158415799e+03,6.527503741494314227e+01,2.447865217637137936e-02
1.415991599159915950e+03,6.524668828247685326e+01,2.519100437972409540e-02
1.416141614161416101e+03,6.521286553541897035e+01,2.592405583021350005e-02
1.416291629162916252e+03,6.517560030402367488e+01,2.667840290777459544e-02
1.416441644164416402e+03,6.513794607716691587e+01,2.745465666625800105e-02
1.416591659165916553e+03,6.510397870234633899e+01,2.825344283342997795e-02
1.416741674167416704e+03,6.507879638568140024e+01,2.907540181097239759e-02
1.416891689168916855e+03,6.506851941997673805e+01,2.992118913752611631e-02
1.417041704170417006e+03,6.507032244067352167e+01,3.079149788290150638e-02
1.417191719171917157e+03,6.507459984103920192e+01,3.168705595424166355e-02
1.417341734173417308e+03,6.507370035617327630e+01,3.260860935698441793e-02
1.417491749174917459e+03,6.506206334551534098e+01,3.355692194061481864e-02
1.417641764176417610e+03,6.503621879284514762e+01,3.453277539866518586e-02
1.417791779177917761e+03,6.499478730628254652e+01,3.553696926871506567e-02
1.417941794179417911e+03,6.493848011828751510e+01,3.657032093239126480e-02
1.418091809180918062e+03,6.487009908566015781e+01,3.763366561536782284e-02
1.418241824182418213e+03,6.479453668954072043e+01,3.872785638736602615e-02
1.418391839183918364e+03,6.471877603540953316e+01,3.985376416215440781e-02
1.418541854185418515e+03,6.465189085308709593e+01,4.101227769754874075e-02
1.418691869186918666e+03,6.460504549673397889e+01,4.220430359541203769e-02
1.418841884188418817e+03,6.458969523492264386e+01,4.343077121078296049e-02
1.418991899189918968e+03,6.458685292659056643e+01,4.469272148619951590e-02
1.419141914191419119e+03,6.458083152466304000e+01,4.599122350271661608e-02
1.419291929192919270e+03,6.456538384812067477e+01,4.732735091551448087e-02
1.419441944194419420e+03,6.453692054009204071e+01,4.870219928866662690e-02
1.419591959195919571e+03,6.449451006785359652e+01,5.011688609513988840e-02
1.419741974197419722e+03,6.443987872282977492e+01,5.157255071679439640e-02
1.419891989198919873e+03,6.437741062059288311e+01,5.307035444438356481e-02
1.420042004200420024e+03,6.431414770086320232e+01,5.461148047755414597e-02
1.420192019201920175e+03,6.425978972750890250e+01,5.619713392484617515e-02
1.420342034203420326e+03,6.422251128994682290e+01,5.782855880156123618e-02
1.420492049204920477e+03,6.418782937118569976e+01,5.950712433189671996e-02
1.420642064206420628e+03,6.415012301718954291e+01,6.123420138567675641e-02
1.420792079207920779e+03,6.410719460522206248e+01,6.301118758519104468e-02
1.420942094209420929e+03,6.405788525541473177e+01,6.483951709944668629e-02
1.421092109210921080e+03,6.400207483076680148e+01,6.672066064416809494e-02
1.421242124212421231e+03,6.394068193714536363e+01,6.865612548179708674e-02
1.421392139213921382e+03,6.387566392328528053e+01,7.064745542149279689e-02
1.421542154215421533e+03,6.381001688078922029e+01,7.269623081913176299e-02
1.421692169216921684e+03,6.374777564412764264e+01,7.480406857730784176e-02
1.421842184218421835e+03,6.369158891956211477e+01,7.697263992799291410e-02
1.421992199219921986e+03,6.363688289887385707e+01,7.920370254166692048e-02
1.422142214221422137e+03,6.358065459079538329e+01,8.149904457153835102e-02
1.422292229222922288e+03,6.352071880420346872e+01,8.386050385038910926e-02
1.422442244224422438e+03,6.345557193277171848e+01,8.628996912782066486e-02
1.422592259225922589e+03,6.338439195497058876e+01,8.878938007025424795e-02
1.422742274227422740e+03,6.330703843406735132e+01,9.136072726093065477e-02
1.422892289228922891e+03,6.322405251812613614e+01,9.400605219991042816e-02
1.423042304230423042e+03,6.313665694000791007e+01,9.672744730407370484e-02
1.423192319231923193e+03,6.304675601737046264e+01,9.952705590712036809e-02
1.423342334233423344e+03,6.295693565266843450e+01,1.024070722595698812e-01
1.423492349234923495e+03,6.287046333315330315e+01,1.053697415287613987e-01
1.423642364236423646e+03,6.279147316169489557e+01,1.084173582457760299e-01
1.423792379237923797e+03,6.272212849341118357e+01,1.115522935418707534e-01
1.423942394239423948e+03,6.265633731999277245e+01,1.147770589354686066e-01
1.424092409240924098e+03,6.258809096609658695e+01,1.180942387217227829e-01
1.424242424242424249e+03,6.251269130410631902e+01,1.215064795409639270e-01
1.424392439243924400e+03,6.242675075413246333e+01,1.250164903787002180e-01
1.424542454245424551e+03,6.232819228401227463e+01,1.286270425656172722e-01
1.424692469246924702e+03,6.221624940930981040e+01,1.323409697775782268e-01
1.424842484248424853e+03,6.209146619331588823e+01,1.361611680356236698e-01
1.424992499249925004e+03,6.195569724704811421e+01,1.400905957059717100e-01
1.425142514251425155e+03,6.181210772925088293e+01,1.441322735000178656e-01
1.425292529252925306e+03,6.166517334639536330e+01,1.482892844743352312e-01
1.425442544254425457e+03,6.152068035267950563e+01,1.525647740306743383e-01
1.425592559255925607e+03,6.138572555002804165e+01,1.569619499159631837e-01
1.425742574257425758e+03,6.126871628809248449e+01,1.614840822223073125e-01
1.425892589258925909e+03,6.117084931873765896e+01,1.661346045020810069e-01
1.426042604260426060e+03,6.107320005671836327e+01,1.709173072440162422e-01
1.426192619261926211e+03,6.096914075103188679e+01,1.758359591891394957e-01
1.426342634263426362e+03,6.085454820600501336e+01,1.808943921272840871e-01
1.426492649264926513e+03,6.072710339571324312e+01,1.860965085012273312e-01
1.426642664266426664e+03,6.058629146398081389e+01,1.914462814066904550e-01
1.426792679267926815e+03,6.043340172438063007e+01,1.969477545923386530e-01
1.426942694269426966e+03,6.027152766023435504e+01,2.026050424597809763e-01
1.427092709270927116e+03,6.010556692461234007e+01,2.084223300635705267e-01
1.427242724272427267e+03,5.994222134033365990e+01,2.144038731112043183e-01
1.427392739273927418e+03,5.978979452807578099e+01,2.205540017477571335e-01
1.427542754275427569e+03,5.964178813350099517e+01,2.268774300018251422e-01
1.427692769276927720e+03,5.948943901912096521e+01,2.333790347244853458e-01
1.427842784278427871e+03,5.933132207980705886e+01,2.400636808445159309e-01
1.427992799279928022e+03,5.916652273662757011e+01,2.469363487838856508e-01
1.428142814281428173e+03,5.899463693684768373e+01,2.540021344577538254e-01
1.428292829282928324e+03,5.881577115392953203e+01,2.612662492744703968e-01
1.428442844284428475e+03,5.863054238753213809e+01,2.687340201355759017e-01
1.428592859285928625e+03,5.844007816351145124e+01,2.764108894358013324e-01
1.428742874287428776e+03,5.824601653392033285e+01,2.843024150630684144e-01
1.428892889288928927e+03,5.805050607700856347e+01,2.924142703984893288e-01
1.429042904290429078e+03,5.785480756957774418e+01,3.007523010198920876e-01
1.429192919291929229e+03,5.765331057558184114e+01,3.093227383085597193e-01
1.429342934293429380e+03,5.744607249925899595e+01,3.181316885407043937e-01
1.429492949294929531e+03,5.723412585130694907e+01,3.271853752385527336e-01
1.429642964296429682e+03,5.701827392632309710e+01,3.364901915094404283e-01
1.429792979297929833e+03,5.679909080280447142e+01,3.460527000458120672e-01
1.429942994299429984e+03,5.657692134314778087e+01,3.558796331252213063e-01
1.430093009300930134e+03,5.635188119364936910e+01,3.659778926103308128e-01
1.430243024302430285e+03,5.612385678450523585e+01,3.763545499489122093e-01
1.430393039303930436e+03,5.589250532981102282e+01,3.870168461738460741e-01
1.430543054305430587e+03,5.565725482756203490e+01,3.979721919031220523e-01
1.430693069306930738e+03,5.541730405965322603e+01,4.092281673398387443e-01
1.430843084308430889e+03,5.517162259187919204e+01,4.207925222722037617e-01
1.430993099309931040e+03,5.491895077393418489e+01,4.326731760735336718e-01
1.431143114311431191e+03,5.465760564235625196e+01,4.448782537708925733e-01
1.431293129312931342e+03,5.438521785246727802e+01,4.574163471349380061e-01
1.431443144314431493e+03,5.410487471864870912e+01,4.702956028345370298e-01
1.431593159315931644e+03,5.382015552040929407e+01,4.835242287417777507e-01
1.431743174317431794e+03,5.353379541995753499e+01,4.971106867659237372e-01
1.431893189318931945e+03,5.324768546220168730e+01,5.110636928534140200e-01
1.432043204320432096e+03,5.296287257474973842e+01,5.253922169878632031e-01
1.432193219321932247e+03,5.267955956790942906e+01,5.401054831900612418e-01
1.432343234323432398e+03,5.239710513468823905e+01,5.552129695179736091e-01
1.432493249324932549e+03,5.211402385079338728e+01,5.707244080667414066e-01
1.432643264326432700e+03,5.182798617463186019e+01,5.866497849686810317e-01
1.432793279327932851e+03,5.153581844731035488e+01,6.029993403932842888e-01
1.432943294329433002e+03,5.123350289263534307e+01,6.197835685472188327e-01
1.433093309330933153e+03,5.091617761711303558e+01,6.370132176743275032e-01
1.433243324332433303e+03,5.058149499600754950e+01,6.546993217498455753e-01
1.433393339333933454e+03,5.023642312368346552e+01,6.728523484166964996e-01
1.433543354335433605e+03,4.988599832810510293e+01,6.914823096550176684e-01
1.433693369336933756e+03,4.953410297776963489e+01,7.105995422319441035e-01
1.433843384338433907e+03,4.918357765003198523e+01,7.302147193238237577e-01
1.433993399339934058e+03,4.883622113110485685e+01,7.503388505162175148e-01
1.434143414341434209e+03,4.849279041605870333e+01,7.709832818038991897e-01
1.434293429342934360e+03,4.815300070882175731e+01,7.921596955908555282e-01
1.434443444344434511e+03,4.781552542218000212e+01,8.138801106902862070e-01
1.434593459345934662e+03,4.747799617777718595e+01,8.361568823246036120e-01
1.434743474347434812e+03,4.713700280611482896e+01,8.590027021254332817e-01
1.434893489348934963e+03,4.678809334655220198e+01,8.824305981336135751e-01
1.435043504350435114e+03,4.642577404730634072e+01,9.064539347991957818e-01
1.435193519351935265e+03,4.604420612554759629e+01,9.310863512103009221e-01
1.435343534353435416e+03,4.565102397453575378e+01,9.563400956605572212e-01
1.435493549354935567e+03,4.525321441646419629e+01,9.822266971129186564e-01
1.435643564356435718e+03,4.485378463009833183e+01,1.008758138793355963e+00
1.435793579357935869e+03,4.445497909466138964e+01,1.035946706959913088e+00
1.435943594359436020e+03,4.405827958983445569e+01,1.063804990902706749e+00
1.436093609360936171e+03,4.366440519575644430e+01,1.092345882943926982e+00
1.436243624362436321e+03,4.327331229302414073e+01,1.121582578437836597e+00
1.436393639363936472e+03,4.288419456269213015e+01,1.151528575770772056e+00
1.436543654365436623e+03,4.249548298627286869e+01,1.182197676361142147e+00
1.436693669366936774e+03,4.210484584573664790e+01,1.213603984659428869e+00
1.436843684368436925e+03,4.170918872351160189e+01,1.245761908148187880e+00
1.436993699369937076e+03,4.130465450248369308e+01,1.278686157342046936e+00
1.437143714371437227e+03,4.088787903905262766e+01,1.312391526995837721e+00
1.437293729372937378e+03,4.046499111292491335e+01,1.346890612321248737e+00
1.437443744374437529e+03,4.003960154008748162e+01,1.382195379379384192e+00
1.437593759375937680e+03,3.961364597699479617e+01,1.418318043978283871e+00
1.437743774377437830e+03,3.918857986570989027e+01,1.455270953035450177e+00
1.437893789378937981e+03,3.876537843390430993e+01,1.493066584577847911e+00
1.438043804380438132e+03,3.834453669485815652e+01,1.531717547741904273e+00
1.438193819381938283e+03,3.792606944746007258e+01,1.571236582773508861e+00
1.438343834383438434e+03,3.750951127620724179e+01,1.611636561028013892e+00
1.438493849384938585e+03,3.709391655120538900e+01,1.652930484970234204e+00
1.438643864386438736e+03,3.667785942816878020e+01,1.695131488174446588e+00
1.438793879387938887e+03,3.625943384842021544e+01,1.738252835324390677e+00
1.438943894389439038e+03,3.583625353889104304e+01,1.782307922213268725e+00
1.439093909390939189e+03,3.540612683066004962e+01,1.827310075243189447e+00
1.439243924392439339e+03,3.497266458745804130e+01,1.873269887324787275e+00
1.439393939393939490e+03,3.453828832711771213e+01,1.920196419984133263e+00
1.439543954395439641e+03,3.410435024019231065e+01,1.968098596588419458e+00
1.439693969396939792e+03,3.367190822313438758e+01,2.016985111168053901e+00
1.439843984398439943e+03,3.324172587829576031e+01,2.066864428416661070e+00
1.439993999399940094e+03,3.281427251392752709e+01,2.117744783691080546e+00
1.440144014401440018e+03,3.238972314418069232e+01,2.169634183011289519e+00
1.440294029402940168e+03,3.196795848910362281e+01,2.222540403060717207e+00
1.440444044404440319e+03,3.154856497464589182e+01,2.276470991185773673e+00
1.440594059405940470e+03,3.113083473265569978e+01,2.331433265396163357e+00
1.440744074407440621e+03,3.071376560088053154e+01,2.387434314364806021e+00
1.440894089408940772e+03,3.029606112296713505e+01,2.444480997427837643e+00
1.441044104410440923e+03,2.987613054846154981e+01,2.502579944584610416e+00
1.441194119411941074e+03,2.945269402480954568e+01,2.561737093310719526e+00
1.441344134413441225e+03,2.902865889927624821e+01,2.621953650529622593e+00
1.441494149414941376e+03,2.860544469356697661e+01,2.683229472135466143e+00
1.441644164416441527e+03,2.818377656022392941e+01,2.745563762705089506e+00
1.441794179417941677e+03,2.776423606642041264e+01,2.808954770479441088e+00
1.441944194419441828e+03,2.734726119396082566e+01,2.873399787363579705e+00
1.442094209420941979e+03,2.693314633928067181e+01,2.938895148926673695e+00
1.442244224422442130e+03,2.652204231344655483e+01,3.005436234402000917e+00
1.442394239423942281e+03,2.611395634215617889e+01,3.073017466686948751e+00
1.442544254425442432e+03,2.570875206573835214e+01,3.141632312343014544e+00
1.442694269426942583e+03,2.530614953915297960e+01,3.211273281595805162e+00
1.442844284428442734e+03,2.490572523199106669e+01,3.281931928335037441e+00
1.442994299429942885e+03,2.450691202847472283e+01,3.353598850114536845e+00
1.443144314431443036e+03,2.410899922745715074e+01,3.426263688152241027e+00
1.443294329432943186e+03,2.371113254242266422e+01,3.499915127330194053e+00
1.443444344434443337e+03,2.331235230718807472e+01,3.574540798104231865e+00
1.443594359435943488e+03,2.291393413656483702e+01,3.650121359230237950e+00
1.443744374437443639e+03,2.251715444629263629e+01,3.726635955490939178e+00
1.443894389438943790e+03,2.212223137918260818e+01,3.804064049016083526e+00
1.444044404440443941e+03,2.172934056986810702e+01,3.882382689688354649e+00
1.444194419441944092e+03,2.133861514480471655e+01,3.961566515143373213e+00
1.444344434443444243e+03,2.095014572227023919e+01,4.041587750769694232e+00
1.444494449444944394e+03,2.056398041236471386e+01,4.122416209708808843e+00
1.444644464446444545e+03,2.018012481701039462e+01,4.204019292855144307e+00
1.444794479447944695e+03,1.979854202995176848e+01,4.286361988856062233e+00
1.444944494449444846e+03,1.941915263675554115e+01,4.369406874111861683e+00
1.445094509450944997e+03,1.904183471481064771e+01,4.453114112775775624e+00
1.445244524452445148e+03,1.866642383332824551e+01,4.537441456753973590e+00
1.445394539453945299e+03,1.829271305334172837e+01,4.622344245705560795e+00
1.445544554455445450e+03,1.792045292770669818e+01,4.707775407042578131e+00
1.445694569456945601e+03,1.754935150110099329e+01,4.793685455930001282e+00
1.445844584458445752e+03,1.717907431002467789e+01,4.880022495285744277e+00
1.445994599459945903e+03,1.680924438280003841e+01,4.966732215780653270e+00
1.446144614461446054e+03,1.643949808187835160e+01,5.053752619560552439e+00
1.446294629462946205e+03,1.607063168299684364e+01,5.140930518070627286e+00
1.446444644464446355e+03,1.570297462192298177e+01,5.228207839919182476e+00
1.446594659465946506e+03,1.533642840894227533e+01,5.315562053569060197e+00
1.446744674467446657e+03,1.497089024690446379e+01,5.402957192109514750e+00
1.446894689468946808e+03,1.460625303122351326e+01,5.490343853256217876e+00
1.447044704470446959e+03,1.424240534987762530e+01,5.577659199351255204e+00
1.447194719471947110e+03,1.387923148340922275e+01,5.664826957363127136e+00
1.447344734473447261e+03,1.351661140492496038e+01,5.751757418886747075e+00
1.447494749474947412e+03,1.315442078009572313e+01,5.838347440143445866e+00
1.447644764476447563e+03,1.279253096715662252e+01,5.924480441980966461e+00
1.447794779477947714e+03,1.243080901690700202e+01,6.010026409873469255e+00
1.447944794479447864e+03,1.206911767271042990e+01,6.094841893921526754e+00
1.448094809480948015e+03,1.170731537049470639e+01,6.178770008852126239e+00
1.448244824482448166e+03,1.134525623875186184e+01,6.261640434018672430e+00
1.448394839483948317e+03,1.098279009853814969e+01,6.343269413400982160e+00
1.448544854485448468e+03,1.061976246347406239e+01,6.423459755605287036e+00
1.448694869486948619e+03,1.025601453974431010e+01,6.502000833864233442e+00
1.448844884488448770e+03,9.891383226097840264e+00,6.578668586036884314e+00
1.448994899489948921e+03,9.525701113847819812e+00,6.653225514608715585e+00
1.449144914491449072e+03,9.158796486871661813e+00,6.725420686691617078e+00
1.449294929492949223e+03,8.790493321610988176e+00,6.794989734023895167e+00
1.449444944494449373e+03,8.420611287071663398e+00,6.861654852970269225e+00
1.449594959495949524e+03,8.048965744823773250e+00,6.925124804521875177e+00
1.449744974497449675e+03,7.675367749001638984e+00,6.985094914296261948e+00
1.449894989498949826e+03,7.299624046303806679e+00,7.041247072537394125e+00
1.450045004500449977e+03,6.921574916638476793e+00,7.092833161736687764e+00
1.450195019501950128e+03,6.541053596075135701e+00,7.138724107309720068e+00
1.450345034503450279e+03,6.157757832919201313e+00,7.179052073906792231e+00
1.450495049504950430e+03,5.771452542432982113e+00,7.213538602533427380e+00
1.450645064506450581e+03,5.381979687244584198e+00,7.241401260298695242e+00
1.450795079507950732e+03,4.989258277347909498e+00,7.261353640415215693e+00
1.450945094509450882e+03,4.593284370102659331e+00,7.271605362199154321e+00
1.451095109510951033e+03,4.194131070234334402e+00,7.269862071070225973e+00
1.451245124512451184e+03,3.791948529834228587e+00,7.253325438551692983e+00
1.451395139513951335e+03,3.386963948359438259e+00,7.218693162270366948e+00
1.451545154515451486e+03,2.979481572632853847e+00,7.162158965956605172e+00
1.451695169516951637e+03,2.569982956769426341e+00,7.078976962240668414e+00
1.451845184518451788e+03,2.160043754101625968e+00,6.960473974253504892e+00
1.451995199519951939e+03,1.751894045709414538e+00,6.794845966956198247e+00
1.452145214521452090e+03,1.349627158852215514e+00,6.558137407421002152e+00
1.452295229522952241e+03,9.597024885520004656e-01,6.210820374394891985e+00
1.452445244524452391e+03,5.942489815203575443e-01,5.670782979411617575e+00
1.452595259525952542e+03,2.785628058007599828e-01,4.715598455228349195e+00
1.452745274527452693e+03,6.844590188985820445e-02,2.616098793312203519e+00
1.452895289528952844e+03,1.608437120146437305e-02,1.039976196822666454e-01
1.453045304530452995e+03,1.972151120068814378e-02,8.589560299502473810e-04
1.453195319531953146e+03,2.651858935500263359e-02,2.288683411056106811e-05
1.453345334533453297e+03,3.568449403449142077e-02,1.533805168944557505e-06
1.453495349534953448e+03,4.801714289781626455e-02,2.070674543151429388e-07
1.453645364536453599e+03,6.460842696538442176e-02,5.990810752444659081e-08
1.453795379537953750e+03,8.692320857619270646e-02,2.390931064964012993e-08
1.453945394539453901e+03,1.169389735103900790e-01,1.805412586865367255e-08
1.454095409540954051e+03,1.572795496265050885e-01,9.092175298653102718e-09
1.454245424542454202e+03,2.114496259239329601e-01,6.822118593750585518e-09
1.454395439543954353e+03,2.843004162479323416e-01,7.070259372872141725e-09
1.454545454545454504e+03,3.821198088953121630e-01,6.317855119889260072e-09
1.454695469546954655e+03,5.131837643801830939e-01,5.370475502827859675e-09
1.454845484548454806e+03,6.884944918693483018e-01,4.811126991262898148e-09
1.454995499549954957e+03,9.232531917696611412e-01,4.480652096378946225e-09
1.455145514551455108e+03,1.237089813929475923e+00,4.277921726567313474e-09
1.455295529552955259e+03,1.653977102297266022e+00,4.157547955002552337e-09
1.455445544554455410e+03,2.205366695475593719e+00,4.099075325069255317e-09
1.455595559555955560e+03,2.934168867239268508e+00,4.086984950144566987e-09
1.455745574557455711e+03,3.891083581537924552e+00,4.109238600069847686e-09
1.455895589558955862e+03,5.134266066312210164e+00,4.156654276246288866e-09
1.456045604560456013e+03,6.727223967189710940e+00,4.222888637458133767e-09
1.456195619561956164e+03,8.731994314993688278e+00,4.304076282500484132e-09
1.456345634563456315e+03,1.124071206642618748e+01,4.397823963909991641e-09
1.456495649564956466e+03,1.430756915821170772e+01,4.502163336406962009e-09
1.456645664566456617e+03,1.793534353028704231e+01,4.615437267274377405e-09
1.456795679567956768e+03,2.207539912580128316e+01,4.736299836357894794e-09
1.456945694569456919e+03,2.664007060842462238e+01,4.863798794116238791e-09
1.457095709570957069e+03,3.147279621613748901e+01,4.997506738526386421e-09
1.457245724572457220e+03,3.634987653424428800e+01,5.137046262468406670e-09
1.457395739573957371e+03,4.107559331717045836e+01,5.282122201842920182e-09
1.457545754575457522e+03,4.548526481039685621e+01,5.432529436338106628e-09
1.457695769576957673e+03,4.944524575045973336e+01,5.588152889429708012e-09
1.457845784578457824e+03,5.285674421869012463e+01,5.748963788587060635e-09
1.457995799579957975e+03,5.570804943971160128e+01,5.914962504616614096e-09
1.458145814581458126e+03,5.803371343025565920e+01,6.086180459962522255e-09
1.458295829582958277e+03,5.989143998737219476e+01,6.262678475013515364e-09
1.458445844584458428e+03,6.135127578693042238e+01,6.444543194329969666e-09
1.458595859585958578e+03,6.248185786771804118e+01,6.631880210878860334e-09
1.458745874587458729e+03,6.335890941687676303e+01,6.824800387254067382e-09
1.458895889588958880e+03,6.404455336784853614e+01,7.023434735717201276e-09
1.459045904590459031e+03,6.455669991279677333e+01,7.227950690924298666e-09
1.459195919591959182e+03,6.492183093488833379e+01,7.438509193652853263e-09
1.459345934593459333e+03,6.517741836011050793e+01,7.655262829349809862e-09
1.459495949594959484e+03,6.537192415727105299e+01,7.878355828131564340e-09
1.459645964596459635e+03,6.553553012092937990e+01,8.107955487641851754e-09
1.459795979597959786e+03,6.565947397344015712e+01,8.344268470185470625e-09
1.459945994599459937e+03,6.574834111904868905e+01,8.587489393534284738e-09
1.460096009600960087e+03,6.580936409569817158e+01,8.837816368727166889e-09
1.460246024602460238e+03,6.585239473436642754e+01,9.095451032363661048e-09
1.460396039603960389e+03,6.588929714131523951e+01,9.360599059763569104e-09
1.460546054605460540e+03,6.592266556967769020e+01,9.633478679232478986e-09
1.460696069606960691e+03,6.594882097964496381e+01,9.914317946642013891e-09
1.460846084608460842e+03,6.596605850011664529e+01,1.020335025686274904e-08
1.460996099609960993e+03,6.597447874740363716e+01,1.050081472368751594e-08
1.461146114611461144e+03,6.597598782522815952e+01,1.080695617983138918e-08
1.461296129612961295e+03,6.597429732472370745e+01,1.112202517693169960e-08
1.461446144614461446e+03,6.597492432443509358e+01,1.144627798554802278e-08
1.461596159615961597e+03,6.598218942666088083e+01,1.177997941252562741e-08
1.461746174617461747e+03,6.599099663089577916e+01,1.212340915405012707e-08
1.461896189618961898e+03,6.599875921559115000e+01,1.247685172833698154e-08
1.462046204620462049e+03,6.600390989835622690e+01,1.284059986054817538e-08
1.462196219621962200e+03,6.600562218876764575e+01,1.321495479007772870e-08
1.462346234623462351e+03,6.600381038836950154e+01,1.360022627055170219e-08
1.462496249624962502e+03,6.599912959067327733e+01,1.399673256982819540e-08
1.462646264626462653e+03,6.599297568115791535e+01,1.440480046999734512e-08
1.462796279627962804e+03,6.598748533726977428e+01,1.482476526738132868e-08
1.462946294629462955e+03,6.598553602842260091e+01,1.525697077253435733e-08
1.463096309630963106e+03,6.599063592263321709e+01,1.570177055559712032e-08
1.463246324632463256e+03,6.600244702862804047e+01,1.615953396828471820e-08
1.463396339633963407e+03,6.601655582985630133e+01,1.663064081234906189e-08
1.463546354635463558e+03,6.602929333911028209e+01,1.711548222279019858e-08
1.463696369636963709e+03,6.603793893378647795e+01,1.761446099332185607e-08
1.463846384638463860e+03,6.604072035588554002e+01,1.812799157637141630e-08
1.463996399639964011e+03,6.603681371201224692e+01,1.865650008307993524e-08
1.464146414641464162e+03,6.602634347337559007e+01,1.920042428330213292e-08
1.464296429642964313e+03,6.601038247578871676e+01,1.976021360560639347e-08
1.464446444644464464e+03,6.599095191966891605e+01,2.033632913727477170e-08
1.464596459645964615e+03,6.597102137003768973e+01,2.092924362430298981e-08
1.464746474647464765e+03,6.595450875652065292e+01,2.153944147140043409e-08
1.464896489648964916e+03,6.594628037334763349e+01,2.216741874199015160e-08
1.465046504650465067e+03,6.595214465205076237e+01,2.281368317027523485e-08
1.465196519651965218e+03,6.597082491912789237e+01,2.347876908293013431e-08
1.465346534653465369e+03,6.599249510973655219e+01,2.416324021628138261e-08
1.465496549654965520e+03,6.601123040829565980e+01,2.486767024758144268e-08
1.465646564656465671e+03,6.602297560455966163e+01,2.559264766215912880e-08
1.465796579657965822e+03,6.602554509361854684e+01,2.633877575341960994e-08
1.465946594659465973e+03,6.601862287589786149e+01,2.710667262284440314e-08
1.466096609660966124e+03,6.600376255715866591e+01,2.789697117999138343e-08
1.466246624662466274e+03,6.598438734849756315e+01,2.871031914249477059e-08
1.466396639663966425e+03,6.596579006634669895e+01,2.954737903606514240e-08
1.466546654665466576e+03,6.595513313247376175e+01,3.040882819448943461e-08
1.466696669666966727e+03,6.596103117199402277e+01,3.129535967259768394e-08
1.466846684668466878e+03,6.597812728878325572e+01,3.220771544839562272e-08
1.466996699669967029e+03,6.599671909839132411e+01,3.314666676961705916e-08
1.467146714671467180e+03,6.601199942408895538e+01,3.411299808932225984e-08
1.467296729672967331e+03,6.602077289582804553e+01,3.510751474391019619e-08
1.467446744674467482e+03,6.602145595024158808e+01,3.613104295311851131e-08
1.467596759675967633e+03,6.601407683064371668e+01,3.718442982002356638e-08
1.467746774677467783e+03,6.600027558702970509e+01,3.826854333104038768e-08
1.467896789678967934e+03,6.598330407607589621e+01,3.938427235592270628e-08
1.468046804680468085e+03,6.596802596113981565e+01,4.053252664776294483e-08
1.468196819681968236e+03,6.596091671226007236e+01,4.171423684299220433e-08
1.468346834683468387e+03,6.596923497415244242e+01,4.293035712581809458e-08
1.468496849684968538e+03,6.598885908609670992e+01,4.418190204194370838e-08
1.468646864686468689e+03,6.601125175850157234e+01,4.546992597917480735e-08
1.468796879687968840e+03,6.603033636882166491e+01,4.679550880745048182e-08
1.468946894689468991e+03,6.604186224902541369e+01,4.815975856498750428e-08
1.469096909690969142e+03,6.604340468559496458e+01,4.956381145828028301e-08
1.469246924692469292e+03,6.603436491952625431e+01,5.100883186210088857e-08
1.469396939693969443e+03,6.601597014632892524e+01,5.249601231949904056e-08
1.469546954695469594e+03,6.599127351602641056e+01,5.402657354180213409e-08
1.469696969696969745e+03,6.596515413315587750e+01,5.560176440861518686e-08
1.469846984698469896e+03,6.594431705676824151e+01,5.722286196782089867e-08
1.469996999699970047e+03,6.593729330042818049e+01,5.889117143557961839e-08
1.470147014701470198e+03,6.595329669932955596e+01,6.060802995601705862e-08
1.470297029702970349e+03,6.598694274713508889e+01,6.237486725304294855e-08
1.470447044704470500e+03,6.602487875866431466e+01,6.419319488897146766e-08
1.470597059705970651e+03,6.605686783227629633e+01,6.606455875339651322e-08
1.470747074707470802e+03,6.607576194239386780e+01,6.799053810670549975e-08
1.470897089708970952e+03,6.607750193950356277e+01,6.997274558007938544e-08
1.471047104710471103e+03,6.606111755015569997e+01,7.201282717549264573e-08
1.471197119711971254e+03,6.602872737696429795e+01,7.411246226571328648e-08
1.471347134713471405e+03,6.598553889860717447e+01,7.627336359430285729e-08
1.471497149714971556e+03,6.593984846982583292e+01,7.849727727561641171e-08
1.471647164716471707e+03,6.590304132142554749e+01,8.078598279480254699e-08
1.471797179717971858e+03,6.588959156027533481e+01,8.314129300780340410e-08
1.471947194719472009e+03,6.591401471247304755e+01,8.556506801008887119e-08
1.472097209720972160e+03,6.595903965613362629e+01,8.805938022929043904e-08
1.472247224722472311e+03,6.600566125573044474e+01,9.062639814838022224e-08
1.472397239723972461e+03,6.604206380967877976e+01,9.326831809699035522e-08
1.472547254725472612e+03,6.606061679272987419e+01,9.598737504349483241e-08
1.472697269726972763e+03,6.605787485597085151e+01,9.878584259500952150e-08
1.472847284728472914e+03,6.603457782682475852e+01,1.016660329973921370e-07
1.472997299729973065e+03,6.599565070905055109e+01,1.046302971352422533e-07
1.473147314731473216e+03,6.595020368274309419e+01,1.076810245319013050e-07
1.473297329732973367e+03,6.591153210433317611e+01,1.108206433494525998e-07
1.473447344734473518e+03,6.589711650658749420e+01,1.140516203887212526e-07
1.473597359735973669e+03,6.592118448949734955e+01,1.173765127834114384e-07
1.473747374737473820e+03,6.595568106765266236e+01,1.207982536405640990e-07
1.473897389738973970e+03,6.598706481381822186e+01,1.243197725419010385e-07
1.474047404740474121e+03,6.600889714786599427e+01,1.279440347776750986e-07
1.474197419741974272e+03,6.601766599336390584e+01,1.316740693565795929e-07
1.474347434743474423e+03,6.601278577757589971e+01,1.355129690057482805e-07
1.474497449744974574e+03,6.599659743146187907e+01,1.394638901707554715e-07
1.474647464746474725e+03,6.597436838967776396e+01,1.435300530156158423e-07
1.474797479747974876e+03,6.595429259057546290e+01,1.477147414227846733e-07
1.474947494749475027e+03,6.594749047620285864e+01,1.520213029931576372e-07
1.475097509750975178e+03,6.596159124786915129e+01,1.564532141583843484e-07
1.475247524752475329e+03,6.598056684417609574e+01,1.610142865297893236e-07
1.475397539753975479e+03,6.599780424770598586e+01,1.657083463516882402e-07
1.475547554755475630e+03,6.600964958565921847e+01,1.705393081926617945e-07
1.475697569756975781e+03,6.601407145763435835e+01,1.755111886819020836e-07
1.475847584758475932e+03,6.601066093562819503e+01,1.806281065092126583e-07
1.475997599759976083e+03,6.600063156403577125e+01,1.858942824250084435e-07
1.476147614761476234e+03,6.598681935965026923e+01,1.913140392403158179e-07
1.476297629762976385e+03,6.597368281166315285e+01,1.968918018267725874e-07
1.476447644764476536e+03,6.596730288166405387e+01,2.026320971166280115e-07
1.476597659765976687e+03,6.597433084864886155e+01,2.085395712597640595e-07
1.476747674767476838e+03,6.598987635116176875e+01,2.146191702927519298e-07
1.476897689768976988e+03,6.600702774858375221e+01,2.208759905323378557e-07
1.477047704770477139e+03,6.602124574110305844e+01,2.273152524126015891e-07
1.477197719771977290e+03,6.602941976501337251e+01,2.339423195762529886e-07
1.477347734773477441e+03,6.602986799271388918e+01,2.407626988746322317e-07
1.477497749774977592e+03,6.602233733270922755e+01,2.477820403677097089e-07
1.477647764776477743e+03,6.600800342960947376e+01,2.550061373240859440e-07
1.477797779777977894e+03,6.598947066413016671e+01,2.624409262209918854e-07
1.477947794779478045e+03,6.597077215309232656e+01,2.700924867442884564e-07
1.478097809780978196e+03,6.595736974942241204e+01,2.779670417884669783e-07
1.478247824782478347e+03,6.595615404215233468e+01,2.860709574566490117e-07
1.478397839783978498e+03,6.597352492129738266e+01,2.944107828097296477e-07
1.478547854785478648e+03,6.600321804134924264e+01,3.029935024208253308e-07
1.478697869786978572e+03,6.603481198278566922e+01,3.118263956548814645e-07
1.478847884788478723e+03,6.606031332860084149e+01,3.209169194925796077e-07
1.478997899789978874e+03,6.607418725225922174e+01,3.302727081229827601e-07
1.479147914791479025e+03,6.607335751769571175e+01,3.399015729435883020e-07
1.479297929792979176e+03,6.605720647931570966e+01,3.498115025603149707e-07
1.479447944794479326e+03,6.602757508199501046e+01,3.600106627875029141e-07
1.479597959795979477e+03,6.598876286107982025e+01,3.705073966479133196e-07
1.479747974797479628e+03,6.594752794238682725e+01,3.813102243727289437e-07
1.479897989798979779e+03,6.591308704220310233e+01,3.924278434015536353e-07
1.480048004800479930e+03,6.589711546728617009e+01,4.038691283824128128e-07
1.480198019801980081e+03,6.591287277755385787e+01,4.156431529935107589e-07
1.480348034803480232e+03,6.594600229078056941e+01,4.277599520753683545e-07
1.480498049804980383e+03,6.597872484046324359e+01,4.402299971734705553e-07
1.480648064806480534e+03,6.600375272398366633e+01,4.530638094983491958e-07
1.480798079807980685e+03,6.601668412332135460e+01,4.662721394521882039e-07
1.480948094809480835e+03,6.601600310505357072e+01,4.798659666288233364e-07
1.481098109810980986e+03,6.600307962035537912e+01,4.938564998137426554e-07
1.481248124812481137e+03,6.598216950499953271e+01,5.082551769840857341e-07
1.481398139813981288e+03,6.596041447935661495e+01,5.230736653086445040e-07
1.481548154815481439e+03,6.594784214839491199e+01,5.383238611478628843e-07
1.481698169816981590e+03,6.595593077750119448e+01,5.540179423877191470e-07
1.481848184818481741e+03,6.597329147112891690e+01,5.701692534267758759e-07
1.481998199819981892e+03,6.598995207226843718e+01,5.867914575743875139e-07
1.482148214821482043e+03,6.600234646189390730e+01,6.038984043551408857e-07
1.482298229822982194e+03,6.600838105603571648e+01,6.215043133462780555e-07
1.482448244824482344e+03,6.600743480578051958e+01,6.396237741776962210e-07
1.482598259825982495e+03,6.600035919727122291e+01,6.582717465319483492e-07
1.482748274827482646e+03,6.598947825170701265e+01,6.774635601442421168e-07
1.482898289828982797e+03,6.597858852534329799e+01,6.972149148024407578e-07
1.483048304830482948e+03,6.597295910949178221e+01,7.175418803470628517e-07
1.483198319831983099e+03,6.597852612806040895e+01,7.384609476795374797e-07
1.483348334833483250e+03,6.599154398085296691e+01,7.599895985721004410e-07
1.483498349834983401e+03,6.600610188432234793e+01,7.821458230030672000e-07
1.483648364836483552e+03,6.601831396760036341e+01,8.049480621508403444e-07
1.483798379837983703e+03,6.602549518363233005e+01,8.284152794549060619e-07
1.483948394839483854e+03,6.602616130917708404e+01,8.525669606158344581e-07
1.484098409840984004e+03,6.602002894480693840e+01,8.774231135952789208e-07
1.484248424842484155e+03,6.600801551490769725e+01,9.030042686159768614e-07
1.484398439843984306e+03,6.599223926767866999e+01,9.293314781617489737e-07
1.484548454845484457e+03,6.597601927513268549e+01,9.564263169775001870e-07
1.484698469846984608e+03,6.596387543309603529e+01,9.843108820692183950e-07
1.484848484848484759e+03,6.596152846120853042e+01,1.013007792703975833e-06
1.484998499849984910e+03,6.597567117020706462e+01,1.042540224732792537e-06
1.485148514851485061e+03,6.600406400208697733e+01,1.072932657291640130e-06
1.485298529852985212e+03,6.603631666401146560e+01,1.104210846086651587e-06
1.485448544854485363e+03,6.606405312349751568e+01,1.136401208168814486e-06
1.485598559855985513e+03,6.608124270665877020e+01,1.169530803813171130e-06
1.485748574857485664e+03,6.608420009820557084e+01,1.203627336518818331e-06
1.485898589858985815e+03,6.607158534144495832e+01,1.238719153008908261e-06
1.486048604860485966e+03,6.604440383828064398e+01,1.274835243230647602e-06
1.486198619861986117e+03,6.600600634921302401e+01,1.312005240355297550e-06
1.486348634863486268e+03,6.596208899333920783e+01,1.350259420778174657e-06
1.486498649864986419e+03,6.592069324835297550e+01,1.389628704118649775e-06
1.486648664866486570e+03,6.589220595054476348e+01,1.430144653220148691e-06
1.486798679867986721e+03,6.588935929480176412e+01,1.471839474150152340e-06
1.486948694869486872e+03,6.591865008880493804e+01,1.514746804854823779e-06
1.487098709870987022e+03,6.595407589942141158e+01,1.558904357895123500e-06
1.487248724872487173e+03,6.598484282483551056e+01,1.604349707962582891e-06
1.487398739873987324e+03,6.600515831539618716e+01,1.651121063012147957e-06
1.487548754875487475e+03,6.601216821485151343e+01,1.699257445348228248e-06
1.487698769876987626e+03,6.600595676034866699e+01,1.748798691624696863e-06
1.487848784878487777e+03,6.598954658243391691e+01,1.799785452844889812e-06
1.487998799879987928e+03,6.596889870505270892e+01,1.852259194361606867e-06
1.488148814881488079e+03,6.595291254554952332e+01,1.906262195877111133e-06
1.488298829882988230e+03,6.595342591466801707e+01,1.961837551443129475e-06
1.488448844884488381e+03,6.596869554588330686e+01,2.019031333208379117e-06
1.488598859885988531e+03,6.598418062658866745e+01,2.077892525912179450e-06
1.488748874887488682e+03,6.599650115590404198e+01,2.138470107088285425e-06
1.488898889888988833e+03,6.600357288254396337e+01,2.200814401001025547e-06
1.489048904890488984e+03,6.600460591479627226e+01,2.264977078829163925e-06
1.489198919891989135e+03,6.600010472052217381e+01,2.331011158665900277e-06
1.489348934893489286e+03,6.599186812715622352e+01,2.398971005518871194e-06
1.489498949894989437e+03,6.598298932170632725e+01,2.468912331310148031e-06
1.489648964896489588e+03,6.597785585075374115e+01,2.540892194876239862e-06
1.489798979897989739e+03,6.598173494454101728e+01,2.614969109814269732e-06
1.489948994899489890e+03,6.599258091278002780e+01,2.691204773738014315e-06
1.490099009900990040e+03,6.600522428981311407e+01,2.769662753840641469e-06
1.490249024902490191e+03,6.601619159107005430e+01,2.850408224280574616e-06
1.490399039903990342e+03,6.602303282968961184e+01,2.933508256710197145e-06
1.490549054905490493e+03,6.602432151651957781e+01,3.019031820275854107e-06
1.490699069906990644e+03,6.601965466011664319e+01,3.107049781617850097e-06
1.490849084908490795e+03,6.600965276674656934e+01,3.197634904870453066e-06
1.490999099909990946e+03,6.599595984038404595e+01,3.290861851661889240e-06
1.491149114911491097e+03,6.598124338271274780e+01,3.386807181114349046e-06
1.491299129912991248e+03,6.596919439312536326e+01,3.485549349843980764e-06
1.491449144914491399e+03,6.596452736872353739e+01,3.587168711960895181e-06
1.491599159915991549e+03,6.597247495917967797e+01,3.691747703103558764e-06
1.491749174917491700e+03,6.599031843223610849e+01,3.799373371938573981e-06
1.491899189918991851e+03,6.601073737406129283e+01,3.910136092668047372e-06
1.492049204920492002e+03,6.602819093651712024e+01,4.024128552642302924e-06
1.492199219921992153e+03,6.603879137983243197e+01,4.141445917122041648e-06
1.492349234923492304e+03,6.604030407260309232e+01,4.262185829278336491e-06
1.492499249924992455e+03,6.603214749179190335e+01,4.386448410192634883e-06
1.492649264926492606e+03,6.601539322272869015e+01,4.514336258856759580e-06
1.492799279927992757e+03,6.599276595911024401e+01,4.645954452172905277e-06
1.492949294929492908e+03,6.596864350300029400e+01,4.781410544953642843e-06
1.493099309930993059e+03,6.594905676482963486e+01,4.920814569921915934e-06
1.493249324932493209e+03,6.594168976339597066e+01,5.064279037711044378e-06
1.493399339933993360e+03,6.595507726641361046e+01,5.211919188109902272e-06
1.493549354935493511e+03,6.598500071647210063e+01,5.363857731856822627e-06
1.493699369936993662e+03,6.601925718103981922e+01,5.520224171235370773e-06
1.493849384938493813e+03,6.604849180518809248e+01,5.681151045343535492e-06
1.493999399939993964e+03,6.606614575476397988e+01,5.846773891702080116e-06
1.494149414941494115e+03,6.606845621639024557e+01,6.017231246254536593e-06
1.494299429942994266e+03,6.605445639746534425e+01,6.192664643367213115e-06
1.494449444944494417e+03,6.602597552616346377e+01,6.373218615829184800e-06
1.494599459945994568e+03,6.598763885143449670e+01,6.559040694852302158e-06
1.494749474947494718e+03,6.594686764300399773e+01,6.750281410071186864e-06
1.494899489948994869e+03,6.591387919137331153e+01,6.947094289543231749e-06
1.495049504950495020e+03,6.590168680781941646e+01,7.149635859748601654e-06
1.495199519951995171e+03,6.592355688562204818e+01,7.358066645138300929e-06
1.495349534953495322e+03,6.596524253080177402e+01,7.572563679614780105e-06
1.495499549954995473e+03,6.600919634799144831e+01,7.793312672001857338e-06
1.495649564956495624e+03,6.604406803520015501e+01,8.020502161085038949e-06
1.495799579957995775e+03,6.606239815264991933e+01,8.254324198724089298e-06
1.495949594959495926e+03,6.606061812277567924e+01,8.494974349853033328e-06
1.496099609960996077e+03,6.603905023022528553e+01,8.742651692480150633e-06
1.496249624962496227e+03,6.600190762185950177e+01,8.997558817687978847e-06
1.496399639963996378e+03,6.595729430675201854e+01,9.259901829633313642e-06
1.496549654965496529e+03,6.591720515618942500e+01,9.529890345547208734e-06
1.496699669966996680e+03,6.589752590367123730e+01,9.807737495734974181e-06
1.496849684968496831e+03,6.591542493365476219e+01,1.009366146549469593e-05
1.496999699969996982e+03,6.595047393008651682e+01,1.038790953948418868e-05
1.497149714971497133e+03,6.598473853447536897e+01,1.069073620986983882e-05
1.497299729972997284e+03,6.601047537135893606e+01,1.100239737448827204e-05
1.497449744974497435e+03,6.602302698442775863e+01,1.132315433122001077e-05
1.497599759975997586e+03,6.602082183652525771e+01,1.165327377798948096e-05
1.497749774977497736e+03,6.600537430964774899e+01,1.199302781276501546e-05
1.497899789978997887e+03,6.598128470494441444e+01,1.234269393355884218e-05
1.498049804980498038e+03,6.595623924271735916e+01,1.270255503842709593e-05
1.498199819981998189e+03,6.594101006242152607e+01,1.307289942546981164e-05
1.498349834983498340e+03,6.594858032650800794e+01,1.345402155021482438e-05
1.498499849984998491e+03,6.596897822032202896e+01,1.384624394536045757e-05
1.498649864986498642e+03,6.598958910442561887e+01,1.424990074522713124e-05
1.498799879987998793e+03,6.600560667170202578e+01,1.466532950282487593e-05
1.498949894989498944e+03,6.601403794486792265e+01,1.509287643307735138e-05
1.499099909990999095e+03,6.601370327647342151e+01,1.553289641282184312e-05
1.499249924992499245e+03,6.600523634890204505e+01,1.598575298080927266e-05
1.499399939993999396e+03,6.599108417437078344e+01,1.645181833770418899e-05
1.499549954995499547e+03,6.597550709492999488e+01,1.693147334608476523e-05
1.499699969996999698e+03,6.596457878246350504e+01,1.742510753044281213e-05
1.499849984998499849e+03,6.596616224524343863e+01,1.793311910482614949e-05
1.500000000000000000e+03,6.597469583961851924e+01,1.845593300163025810e-05
