# t, x, y
0.000000000000000000e+00,5.000000000000000000e+00,7.000000000000000000e+00
1.000100010001000149e-02,5.047277342299127056e+00,7.001143608282014874e+00
2.000200020002000298e-02,5.095316350682010054e+00,7.002361297755012259e+00
3.000300030003000273e-02,5.144128918426794428e+00,7.003652833016666079e+00
4.000400040004000596e-02,5.193727140829461852e+00,7.005017972111341251e+00
5.000500050005000918e-02,5.244123315203834679e+00,7.006456466530100791e+00
6.000600060006000547e-02,5.295329940881567055e+00,7.007968061210701372e+00
7.000700070007001563e-02,5.347359719212156470e+00,7.009552494537595102e+00
8.000800080008001192e-02,5.400225553562931324e+00,7.011209498341928636e+00
9.000900090009000820e-02,5.453940549319063358e+00,7.012938797901544952e+00
1.000100010001000184e-01,5.508518093616558531e+00,7.014740098140342717e+00
1.100110011001100146e-01,5.563977767807978481e+00,7.016612010480064221e+00
1.200120012001200109e-01,5.620335655444805845e+00,7.018553634064125468e+00
1.300130013001300211e-01,5.677603794745864185e+00,7.020564793379691970e+00
1.400140014001400313e-01,5.735794593486520654e+00,7.022645306468570325e+00
1.500150015001500137e-01,5.794920828998693096e+00,7.024794984927202002e+00
1.600160016001600238e-01,5.854995648170843836e+00,7.027013633906670442e+00
1.700170017001700340e-01,5.916032567447982338e+00,7.029301052112696624e+00
1.800180018001800164e-01,5.978045472831666984e+00,7.031657031805639946e+00
1.900190019001900266e-01,6.041048619880001525e+00,7.034081358800499117e+00
2.000200020002000367e-01,6.105056633707637737e+00,7.036573812466912159e+00
2.100210021002100191e-01,6.170084508985771876e+00,7.039134165729155512e+00
2.200220022002200293e-01,6.236147609942150893e+00,7.041762185066144042e+00
2.300230023002300395e-01,6.303261670361065327e+00,7.044457630511431034e+00
2.400240024002400219e-01,6.371442793583356412e+00,7.047220255653209975e+00
2.500250025002500598e-01,6.440707452506408970e+00,7.050049807634312771e+00
2.600260026002600422e-01,6.511072489584155853e+00,7.052946027152209751e+00
2.700270027002700246e-01,6.582555116827077057e+00,7.055908648459008781e+00
2.800280028002800625e-01,6.655172915802201494e+00,7.058937399361459697e+00
2.900290029002900449e-01,6.728943837633101666e+00,7.062032001220948096e+00
3.000300030003000273e-01,6.803886202999898103e+00,7.065192168953499774e+00
3.100310031003100653e-01,6.880018702139261144e+00,7.068417611029778946e+00
3.200320032003200477e-01,6.957360394844403828e+00,7.071708029475089141e+00
3.300330033003300301e-01,7.035930710465089888e+00,7.075063119869372308e+00
3.400340034003400680e-01,7.115749447907626646e+00,7.078482571347209706e+00
3.500350035003500504e-01,7.196836775634873007e+00,7.081966066597821019e+00
3.600360036003600328e-01,7.279213231666228801e+00,7.085513281865063462e+00
3.700370037003700707e-01,7.362899723577647215e+00,7.089123886947436226e+00
3.800380038003800531e-01,7.447917528501622364e+00,7.092797545198073372e+00
3.900390039003900355e-01,7.534288293127199942e+00,7.096533913524750936e+00
4.000400040004000735e-01,7.622034033699971900e+00,7.100332642389882487e+00
4.100410041004100559e-01,7.711177136022074663e+00,7.104193375810520017e+00
4.200420042004200383e-01,7.801740355452194464e+00,7.108115751358355716e+00
4.300430043004300762e-01,7.893746816905563790e+00,7.112099400159718421e+00
4.400440044004400586e-01,7.987220014853960492e+00,7.116143946895578054e+00
4.500450045004500410e-01,8.082183813325711341e+00,7.120249009801542961e+00
4.600460046004600789e-01,8.178662445905690248e+00,7.124414200667858132e+00
4.700470047004700613e-01,8.276680515735314714e+00,7.128639124839409646e+00
4.800480048004800437e-01,8.376262995512554710e+00,7.132923381215721115e+00
4.900490049004900817e-01,8.477435227491923797e+00,7.137266562250956348e+00
5.000500050005001196e-01,8.580222923484480901e+00,7.141668253953916690e+00
5.100510051005100465e-01,8.684652164857835643e+00,7.146128035888042795e+00
5.200520052005200844e-01,8.790749402536144785e+00,7.150645481171413742e+00
5.300530053005301223e-01,8.898541457000106902e+00,7.155220156476747917e+00
5.400540054005400492e-01,9.008055518286973040e+00,7.159851622031403018e+00
5.500550055005500871e-01,9.119319145990541386e+00,7.164539431617373388e+00
5.600560056005601250e-01,9.232360269261153718e+00,7.169283132571294459e+00
5.700570057005700519e-01,9.347207186805697177e+00,7.174082265784440082e+00
5.800580058005800899e-01,9.463888566887611375e+00,7.178936365702721645e+00
5.900590059005901278e-01,9.582433447326881293e+00,7.183844960326690732e+00
6.000600060006000547e-01,9.702871235500033720e+00,7.188807571211537351e+00
6.100610061006100926e-01,9.825231708340153247e+00,7.193823713467089043e+00
6.200620062006201305e-01,9.949545012336859173e+00,7.198892895757814436e+00
6.300630063006300574e-01,1.007584166353632682e+01,7.204014620302818805e+00
6.400640064006400953e-01,1.020415254754127687e+01,7.209188382875848511e+00
6.500650065006501332e-01,1.033450891951097006e+01,7.214413672805286559e+00
6.600660066006600601e-01,1.046694240416122312e+01,7.219689972974156156e+00
6.700670067006700981e-01,1.060148499576439463e+01,7.225016759820118040e+00
6.800680068006801360e-01,1.073816905814939560e+01,7.230393503335472261e+00
6.900690069006900629e-01,1.087702732470167533e+01,7.235819667067159067e+00
7.000700070007001008e-01,1.101809289836323558e+01,7.241294708116756240e+00
7.100710071007101387e-01,1.116139925163262703e+01,7.246818077140479986e+00
7.200720072007200656e-01,1.130698022656494217e+01,7.252389218349185818e+00
7.300730073007301035e-01,1.145487003477182597e+01,7.258007569508368562e+00
7.400740074007401414e-01,1.160510325742146165e+01,7.263672561938160577e+00
7.500750075007500683e-01,1.175771484523859201e+01,7.269383620513335309e+00
7.600760076007601063e-01,1.191274011850449810e+01,7.275140163663301962e+00
7.700770077007701442e-01,1.207021476705700991e+01,7.280941603372109938e+00
7.800780078007800711e-01,1.223017485029050100e+01,7.286787345178448838e+00
7.900790079007901090e-01,1.239265679715590096e+01,7.292676788175645797e+00
8.000800080008001469e-01,1.255769740616067764e+01,7.298609325011666371e+00
8.100810081008100738e-01,1.272533384536884782e+01,7.304584341889114540e+00
8.200820082008201117e-01,1.289560365240098250e+01,7.310601218565235371e+00
8.300830083008301497e-01,1.306854473443418740e+01,7.316659328351911462e+00
8.400840084008400765e-01,1.324422528613952466e+01,7.322758393058047766e+00
8.500850085008501145e-01,1.342272389704364599e+01,7.328898494665425645e+00
8.600860086008601524e-01,1.360407587402283269e+01,7.335079349377033431e+00
8.700870087008700793e-01,1.378831739827656477e+01,7.341300670026969399e+00
8.800880088008801172e-01,1.397548585937254373e+01,7.347562169430539747e+00
8.900890089008901551e-01,1.416561985524667300e+01,7.353863560384257703e+00
9.000900090009000820e-01,1.435875919220306862e+01,7.360204555665844417e+00
9.100910091009101199e-01,1.455494488491406635e+01,7.366584868034227185e+00
9.200920092009201579e-01,1.475421915642020743e+01,7.373004210229540334e+00
9.300930093009300847e-01,1.495662543813024747e+01,7.379462294973125225e+00
9.400940094009401227e-01,1.516220836982115294e+01,7.385958834967532027e+00
9.500950095009501606e-01,1.537101379963810288e+01,7.392493542896516168e+00
9.600960096009600875e-01,1.558308878409448894e+01,7.399066131425041881e+00
9.700970097009701254e-01,1.579848158807191894e+01,7.405676313199278660e+00
9.800980098009801633e-01,1.601724168482020261e+01,7.412323800846603916e+00
9.900990099009902012e-01,1.623941975595737119e+01,7.419008306975602096e+00
1.000100010001000239e+00,1.646506769146965965e+01,7.425729544176066454e+00
1.010101010101010166e+00,1.669423858971152086e+01,7.432487225018994614e+00
1.020102010201020093e+00,1.692698675740562209e+01,7.439281062056593896e+00
1.030103010301030242e+00,1.716336770964284142e+01,7.446110767822275989e+00
1.040104010401040169e+00,1.740343816988225711e+01,7.452976054830662278e+00
1.050105010501050096e+00,1.764725606995117602e+01,7.459876635577580295e+00
1.060106010601060245e+00,1.789488055004511224e+01,7.466812222540064603e+00
1.070107010701070172e+00,1.814637195872778364e+01,7.473782528176356799e+00
1.080108010801080098e+00,1.840179185293112596e+01,7.480787264925905511e+00
1.090109010901090247e+00,1.866120299795529647e+01,7.487826145209368178e+00
1.100110011001100174e+00,1.892466936746864548e+01,7.494898881428605719e+00
1.110111011101110101e+00,1.919225614350775189e+01,7.502005185966690526e+00
1.120112011201120250e+00,1.946402971647740188e+01,7.509144771187899359e+00
1.130113011301130177e+00,1.974005768515057824e+01,7.516317349437716899e+00
1.140114011401140104e+00,2.002040885666850301e+01,7.523522633042833974e+00
1.150115011501150253e+00,2.030515324654059839e+01,7.530760334311151105e+00
1.160116011601160180e+00,2.059436207864448676e+01,7.538030165531773186e+00
1.170117011701170107e+00,2.088810778522601197e+01,7.545331838975013916e+00
1.180118011801180256e+00,2.118646400689924647e+01,7.552665066892394030e+00
1.190119011901190182e+00,2.148950559264644511e+01,7.560029561516639518e+00
1.200120012001200109e+00,2.179730859981808777e+01,7.567425035061685179e+00
1.210121012101210258e+00,2.210995029413287938e+01,7.574851199722674622e+00
1.220122012201220185e+00,2.242750914967771791e+01,7.582307767675954935e+00
1.230123012301230112e+00,2.275006484890771219e+01,7.589794451079082016e+00
1.240124012401240261e+00,2.307769828264621026e+01,7.597310962070820572e+00
1.250125012501250188e+00,2.341049155008473548e+01,7.604857012771139679e+00
1.260126012601260115e+00,2.374852795878305045e+01,7.612432315281216333e+00
1.270127012701270264e+00,2.409189202466912505e+01,7.620036581683436339e+00
1.280128012801280191e+00,2.444066947203911866e+01,7.627669524041389870e+00
1.290129012901290118e+00,2.479494723355743702e+01,7.635330854399877687e+00
1.300130013001300266e+00,2.515481345025668602e+01,7.643020284784904028e+00
1.310131013101310193e+00,2.552035747153765755e+01,7.650737527203682831e+00
1.320132013201320120e+00,2.589166985516939690e+01,7.658482293644634176e+00
1.330133013301330269e+00,2.626884236728913891e+01,7.666254296077385177e+00
1.340134013401340196e+00,2.665196798240231857e+01,7.674053246452770871e+00
1.350135013501350123e+00,2.704114088338261013e+01,7.681878856702832437e+00
1.360136013601360272e+00,2.743645646147189510e+01,7.689730838740818974e+00
1.370137013701370199e+00,2.783801131628024450e+01,7.697608904461186619e+00
1.380138013801380126e+00,2.824590325578595795e+01,7.705512765739597647e+00
1.390139013901390275e+00,2.866023129633556721e+01,7.713442134432922259e+00
1.400140014001400202e+00,2.908109566264376156e+01,7.721396722379238575e+00
1.410141014101410128e+00,2.950859778779349085e+01,7.729376241397830860e+00
1.420142014201420277e+00,2.994284031323591577e+01,7.737380403289190411e+00
1.430143014301430204e+00,3.038392708879036519e+01,7.745408919835016448e+00
1.440144014401440131e+00,3.083196317264442499e+01,7.753461502798214333e+00
1.450145014501450280e+00,3.128705483135389187e+01,7.761537863922897351e+00
1.460146014601460207e+00,3.174930953984273074e+01,7.769637714934384931e+00
1.470147014701470134e+00,3.221883598140316707e+01,7.777760767539206199e+00
1.480148014801480283e+00,3.269574404769562648e+01,7.785906733425093762e+00
1.490149014901490210e+00,3.318014483874871701e+01,7.794075324260989923e+00
1.500150015001500137e+00,3.367215066295929660e+01,7.802266251697044019e+00
1.510151015101510286e+00,3.417187503709241980e+01,7.810479227364610644e+00
1.520152015201520213e+00,3.467943268628135911e+01,7.818713962876253198e+00
1.530153015301530139e+00,3.519493954402757652e+01,7.826970169825742119e+00
1.540154015401540288e+00,3.571851275220077326e+01,7.835247559788054872e+00
1.550155015501550215e+00,3.625027066103884721e+01,7.843545844319375959e+00
1.560156015601560142e+00,3.679033282914792125e+01,7.851864734957096026e+00
1.570157015701570291e+00,3.733882002350232909e+01,7.860203943219813638e+00
1.580158015801580218e+00,3.789585421944458687e+01,7.868563180607336172e+00
1.590159015901590145e+00,3.846155860068546417e+01,7.876942158600674482e+00
1.600160016001600294e+00,3.903605755930392718e+01,7.885340588662050898e+00
1.610161016101610221e+00,3.961947669574713160e+01,7.893758182234891230e+00
1.620162016201620148e+00,4.021194281883047950e+01,7.902194650743830096e+00
1.630163016301630297e+00,4.081358394573757664e+01,7.910649705594709147e+00
1.640164016401640223e+00,4.142452930202021832e+01,7.919123058174576180e+00
1.650165016501650150e+00,4.204490932159843908e+01,7.927614419851688687e+00
1.660166016601660299e+00,4.267485564676048426e+01,7.936123501975508532e+00
1.670167016701670226e+00,4.331450112816277453e+01,7.944650015876705496e+00
1.680168016801680153e+00,4.396397982482998401e+01,7.953193672867157282e+00
1.690169016901690302e+00,4.462342700415500474e+01,7.961754184239947740e+00
1.700170017001700229e+00,4.529297914189888274e+01,7.970331261269369527e+00
1.710171017101710156e+00,4.597277392219093883e+01,7.978924615210919669e+00
1.720172017201720305e+00,4.666295023752867621e+01,7.987533957301304888e+00
1.730173017301730232e+00,4.736364818877781602e+01,7.996158998758438052e+00
1.740174017401740159e+00,4.807500908517229732e+01,8.004799450781439063e+00
1.750175017501750308e+00,4.879717556664617462e+01,8.013455025303182211e+00
1.760176017601760234e+00,4.953036699713412361e+01,8.022125918687052604e+00
1.770177017701770161e+00,5.027479860773554066e+01,8.030812362885606959e+00
1.780178017801780310e+00,5.103062710681059144e+01,8.039514226553796661e+00
1.790179017901790237e+00,5.179801271432771159e+01,8.048231378810449144e+00
1.800180018001800164e+00,5.257711916186377010e+01,8.056963689238283877e+00
1.810181018101810313e+00,5.336811369260397697e+01,8.065711027883905260e+00
1.820182018201820240e+00,5.417116706134183346e+01,8.074473265257800847e+00
1.830183018301830167e+00,5.498645353447925999e+01,8.083250272334346676e+00
1.840184018401840316e+00,5.581415089002652508e+01,8.092041920551803713e+00
1.850185018501850243e+00,5.665444041760219562e+01,8.100848081812316082e+00
1.860186018601860169e+00,5.750750691843325058e+01,8.109668628481918162e+00
1.870187018701870318e+00,5.837353870535500988e+01,8.118503433390525714e+00
1.880188018801880245e+00,5.925272760281111317e+01,8.127352369831944756e+00
1.890189018901890172e+00,6.014526894685358371e+01,8.136215311563860908e+00
1.900190019001900321e+00,6.105136158514282130e+01,8.145092132807850049e+00
1.910191019101910248e+00,6.197120787694749566e+01,8.153982708249371214e+00
1.920192019201920175e+00,6.290501369314470992e+01,8.162886913037773695e+00
1.930193019301930324e+00,6.385298841621991528e+01,8.171804622786286387e+00
1.940194019401940251e+00,6.481534494026684001e+01,8.180735713572028445e+00
1.950195019501950400e+00,6.579229967098767418e+01,8.189680061936000399e+00
1.960196019601960327e+00,6.678407252569286356e+01,8.198637544883093042e+00
1.970197019701970254e+00,6.779088693330125182e+01,8.207608039882078543e+00
1.980198019801980402e+00,6.881296983434006620e+01,8.216591424865621107e+00
1.990199019901990329e+00,6.985055168094481814e+01,8.225587578230260988e+00
2.000200020002000478e+00,7.090386643685943113e+01,8.234596378836434027e+00
2.010201020102010183e+00,7.197315157743609859e+01,8.243617706008453894e+00
2.020202020202020332e+00,7.305864808963552548e+01,8.252651439534526290e+00
2.030203020302030481e+00,7.416060047202660144e+01,8.261697459666738297e+00
2.040204020402040186e+00,7.527925673478662816e+01,8.270755647121063703e+00
2.050205020502050335e+00,7.641486839970133360e+01,8.279825883077363002e+00
2.060206020602060484e+00,7.756769050016470146e+01,8.288908049179381621e+00
2.070207020702070189e+00,7.873798158117902801e+01,8.298002027534748137e+00
2.080208020802080338e+00,7.992600369935516369e+01,8.307107700714983167e+00
2.090209020902090487e+00,8.113202242291214361e+01,8.316224951755486927e+00
2.100210021002100191e+00,8.235630683167731547e+01,8.325353664155548117e+00
2.110211021102110340e+00,8.359912951708659534e+01,8.334493721878340367e+00
2.120212021202120489e+00,8.486076658218402713e+01,8.343645009350924013e+00
2.130213021302130194e+00,8.614149764162206679e+01,8.352807411464242549e+00
2.140214021402140343e+00,8.744160582166168183e+01,8.361980813573127946e+00
2.150215021502150492e+00,8.876137776017198178e+01,8.371165101496297112e+00
2.160216021602160197e+00,9.010110360663048823e+01,8.380360161516351880e+00
2.170217021702170346e+00,9.146107702212319168e+01,8.389565880379780793e+00
2.180218021802180495e+00,9.284159517934429573e+01,8.398782145296955548e+00
2.190219021902190200e+00,9.424295876259633076e+01,8.408008843942136323e+00
2.200220022002200349e+00,9.566547196779040974e+01,8.417245864453468229e+00
2.210221022102210497e+00,9.710944250244574505e+01,8.426493095432981306e+00
2.220222022202220202e+00,9.857518158568998956e+01,8.435750425946594078e+00
2.230223022302230351e+00,1.000630039482592508e+02,8.445017745524104669e+00
2.240224022402240500e+00,1.015732278324978211e+02,8.454294944159203240e+00
2.250225022502250205e+00,1.031061749923584188e+02,8.463581912309463107e+00
2.260226022602260354e+00,1.046621706934022029e+02,8.472878540896342514e+00
2.270227022702270503e+00,1.062415437127985456e+02,8.482184721305186414e+00
2.280228022802280208e+00,1.078446263393251741e+02,8.491500345385224691e+00
2.290229022902290357e+00,1.094717543733683556e+02,8.500825305449573932e+00
2.300230023002300506e+00,1.111232671269225136e+02,8.510159494275235659e+00
2.310231023102310211e+00,1.127995074235904127e+02,8.519502805103096321e+00
2.320232023202320359e+00,1.145008215985834141e+02,8.528855131637930853e+00
2.330233023302330508e+00,1.162275594987209502e+02,8.538216368048395566e+00
2.340234023402340213e+00,1.179800744824309078e+02,8.547586408967037030e+00
2.350235023502350362e+00,1.197587234197496144e+02,8.556965149490283196e+00
2.360236023602360511e+00,1.215638666923216675e+02,8.566352485178452270e+00
2.370237023702370216e+00,1.233958681933999344e+02,8.575748312055743838e+00
2.380238023802380365e+00,1.252550953278458650e+02,8.585152526610245971e+00
2.390239023902390514e+00,1.271419190121290796e+02,8.594565025793929891e+00
2.400240024002400219e+00,1.290567136743274546e+02,8.603985707022655305e+00
2.410241024102410368e+00,1.309998572541276189e+02,8.613414468176166849e+00
2.420242024202420517e+00,1.329717312028241736e+02,8.622851207598092316e+00
2.430243024302430221e+00,1.349727204833200744e+02,8.632295824095949754e+00
2.440244024402440370e+00,1.370032135701269453e+02,8.641748216941138594e+00
2.450245024502450519e+00,1.390636024493645095e+02,8.651208285868946746e+00
2.460246024602460224e+00,1.411542826187607886e+02,8.660675931078545275e+00
2.470247024702470373e+00,1.432756530876524721e+02,8.670151053232993732e+00
2.480248024802480522e+00,1.454281163769842919e+02,8.679633553459234818e+00
2.490249024902490227e+00,1.476120785193093639e+02,8.689123333348097944e+00
2.500250025002500376e+00,1.498279490587894429e+02,8.698620294954299226e+00
2.510251025102510525e+00,1.520761410511943268e+02,8.708124340796439711e+00
2.520252025202520230e+00,1.543570710639021399e+02,8.717635373857005376e+00
2.530253025302530379e+00,1.566711591758997315e+02,8.727153297582368907e+00
2.540254025402540528e+00,1.590188289777819364e+02,8.736678015882787918e+00
2.550255025502550232e+00,1.614005075717519446e+02,8.746209433132404953e+00
2.560256025602560381e+00,1.638166255716216995e+02,8.755747454169252819e+00
2.570257025702570530e+00,1.662676171028110730e+02,8.765291984295242145e+00
2.580258025802580235e+00,1.687539198023483209e+02,8.774842929276173820e+00
2.590259025902590384e+00,1.712759748188704521e+02,8.784400195341738993e+00
2.600260026002600533e+00,1.738342268126223473e+02,8.793963689185503085e+00
2.610261026102610238e+00,1.764291239554573849e+02,8.803533317964928884e+00
2.620262026202620387e+00,1.790611179308375540e+02,8.813108989301356999e+00
2.630263026302630536e+00,1.817306639338328864e+02,8.822690611280018302e+00
2.640264026402640241e+00,1.844382206711217691e+02,8.832278092450025042e+00
2.650265026502650390e+00,1.871842503609912001e+02,8.841871341824379726e+00
2.660266026602660538e+00,1.899692187333363904e+02,8.851470268879968017e+00
2.670267026702670243e+00,1.927935950296607075e+02,8.861074783557558732e+00
2.680268026802680392e+00,1.956578520030763002e+02,8.870684796261814498e+00
2.690269026902690541e+00,1.985624659183033032e+02,8.880300217861273993e+00
2.700270027002700246e+00,2.015079165516701778e+02,8.889920959688367930e+00
2.710271027102710395e+00,2.044946871911141102e+02,8.899546933539410176e+00
2.720272027202720544e+00,2.075232646361803859e+02,8.909178051674601306e+00
2.730273027302730249e+00,2.105941391980225035e+02,8.918814226818026825e+00
2.740274027402740398e+00,2.137068210506305377e+02,8.928455459377170556e+00
2.750275027502750547e+00,2.168602839283700519e+02,8.938101834166035431e+00
2.760276027602760252e+00,2.200553037983072784e+02,8.947753303187555574e+00
2.770277027702770400e+00,2.232926843822523324e+02,8.957409816068599540e+00
2.780278027802780549e+00,2.265732259594247466e+02,8.967071322591639415e+00
2.790279027902790254e+00,2.298977253664539830e+02,8.976737772694761475e+00
2.800280028002800403e+00,2.332669759973798023e+02,8.986409116471657299e+00
2.810281028102810552e+00,2.366817678036514110e+02,8.996085304171627328e+00
2.820282028202820257e+00,2.401428872941279451e+02,9.005766286199582638e+00
2.830283028302830406e+00,2.436511175350788676e+02,9.015452013116041385e+00
2.840284028402840555e+00,2.472072381501830876e+02,9.025142435637134142e+00
2.850285028502850260e+00,2.508120253205293579e+02,9.034837504634593230e+00
2.860286028602860409e+00,2.544662517846168441e+02,9.044537171135768716e+00
2.870287028702870558e+00,2.581706868383541291e+02,9.054241386323612417e+00
2.880288028802880262e+00,2.619260963350596967e+02,9.063950101536688564e+00
2.890289028902890411e+00,2.657332426854623577e+02,9.073663268269170246e+00
2.900290029002900560e+00,2.695928848577003123e+02,9.083380838170835858e+00
2.910291029102910265e+00,2.735057783773218034e+02,9.093102763047076209e+00
2.920292029202920414e+00,2.774726753272852875e+02,9.102828994858890965e+00
2.930293029302930563e+00,2.814943243479586954e+02,9.112559485722886876e+00
2.940294029402940268e+00,2.855714706371198304e+02,9.122294187911281327e+00
2.950295029502950417e+00,2.897048559499569365e+02,9.132033053851898785e+00
2.960296029602960566e+00,2.938952185990676185e+02,9.141776036128172578e+00
2.970297029702970271e+00,2.981432934544593536e+02,9.151523087479144891e+00
2.980298029802980420e+00,3.024498119435500030e+02,9.161274160799470323e+00
2.990299029902990569e+00,3.068155020511669022e+02,9.171029209139408778e+00
3.000300030003000273e+00,3.112410883195471456e+02,9.180788185704829019e+00
3.010301030103010422e+00,3.157272918483384387e+02,9.190551043857208668e+00
3.020302030203020571e+00,3.202748302945975638e+02,9.200317737113634209e+00
3.030303030303030276e+00,3.248844178727915164e+02,9.210088219146804533e+00
3.040304030403040425e+00,3.295567653547974487e+02,9.219862443785022066e+00
3.050305030503050574e+00,3.342925800699021011e+02,9.229640365012201642e+00
3.060306030603060279e+00,3.390925659048018588e+02,9.239421936967865179e+00
3.070307030703070428e+00,3.439574233036038322e+02,9.249207113947145231e+00
3.080308030803080577e+00,3.488878492678242083e+02,9.258995850400779659e+00
3.090309030903090282e+00,3.538845373563891599e+02,9.268788100935120511e+00
3.100310031003100431e+00,3.589481776856354145e+02,9.278583820312123365e+00
3.110311031103110579e+00,3.640794569293090035e+02,9.288382963449356211e+00
3.120312031203120284e+00,3.692790583185656601e+02,9.298185485419992347e+00
3.130313031303130433e+00,3.745476616419717857e+02,9.307991341452819256e+00
3.140314031403140582e+00,3.798859432455029719e+02,9.317800486932229731e+00
3.150315031503150287e+00,3.852945760325447964e+02,9.327612877398225422e+00
3.160316031603160436e+00,3.907742294638933345e+02,9.337428468546416838e+00
3.170317031703170585e+00,3.963255695577537949e+02,9.347247216228023348e+00
3.180318031803180290e+00,4.019492588897414862e+02,9.357069076449874956e+00
3.190319031903190439e+00,4.076459565928821007e+02,9.366894005374408749e+00
3.200320032003200588e+00,4.134163183576106917e+02,9.376721959319670674e+00
3.210321032103210293e+00,4.192609964317720141e+02,9.386552894759317311e+00
3.220322032203220441e+00,4.251806396206216050e+02,9.396386768322610550e+00
3.230323032303230590e+00,4.311758932868240208e+02,9.406223536794424689e+00
3.240324032403240295e+00,4.372473993504539180e+02,9.416063157115241111e+00
3.250325032503250444e+00,4.433957962889963937e+02,9.425905586381151835e+00
3.260326032603260593e+00,4.496217191373456785e+02,9.435750781843854185e+00
3.270327032703270298e+00,4.559257994878061027e+02,9.445598700910657897e+00
3.280328032803280447e+00,4.623086654900924941e+02,9.455449301144479790e+00
3.290329032903290596e+00,4.687709418513287574e+02,9.465302540263845543e+00
3.300330033003300301e+00,4.753132498360488967e+02,9.475158376142889693e+00
3.310331033103310450e+00,4.819362072661972434e+02,9.485016766811355637e+00
3.320332033203320599e+00,4.886404285211276601e+02,9.494877670454599183e+00
3.330333033303330303e+00,4.954265245376037115e+02,9.504741045413576117e+00
3.340334033403340452e+00,5.022951028097995163e+02,9.514606850184861742e+00
3.350335033503350601e+00,5.092467673892983839e+02,9.524475043420633114e+00
3.360336033603360306e+00,5.162821188850937233e+02,9.534345583928677925e+00
3.370337033703370455e+00,5.234017544635889863e+02,9.544218430672392728e+00
3.380338033803380604e+00,5.306062678485978950e+02,9.554093542770782932e+00
3.390339033903390309e+00,5.378962493213427933e+02,9.563970879498464583e+00
3.400340034003400458e+00,5.452722857204576030e+02,9.573850400285660811e+00
3.410341034103410607e+00,5.527349604419848674e+02,9.583732064718201826e+00
3.420342034203420312e+00,5.602848534393770024e+02,9.593615832537530252e+00
3.430343034303430461e+00,5.679225412234975465e+02,9.603501663640695796e+00
3.440344034403440610e+00,5.756485968626187741e+02,9.613389518080357021e+00
3.450345034503450314e+00,5.834635899824229455e+02,9.623279356064781354e+00
3.460346034603460463e+00,5.913680867660032163e+02,9.633171137957845076e+00
3.470347034703470612e+00,5.993626499538613643e+02,9.643064824279033331e+00
3.480348034803480317e+00,6.074478388439092669e+02,9.652960375703440121e+00
3.490349034903490466e+00,6.156242092914696968e+02,9.662857753061768307e+00
3.500350035003500615e+00,6.238923137092745037e+02,9.672756917340331384e+00
3.510351035103510320e+00,6.322527010674650683e+02,9.682657829681048156e+00
3.520352035203520469e+00,6.407059168935940079e+02,9.692560451381448061e+00
3.530353035303530618e+00,6.492525032726224481e+02,9.702464743894669397e+00
3.540354035403540323e+00,6.578929988469217278e+02,9.712370668829461096e+00
3.550355035503550472e+00,6.666279388162740815e+02,9.722278187950177397e+00
3.560356035603560620e+00,6.754578549378704793e+02,9.732187263176783176e+00
3.570357035703570325e+00,6.843832755263115359e+02,9.742097856584852167e+00
3.580358035803580474e+00,6.934047254536094442e+02,9.752009930405568738e+00
3.590359035903590623e+00,7.025227261491847912e+02,9.761923447025722567e+00
3.600360036003600328e+00,7.117377955998680363e+02,9.771838368987713963e+00
3.610361036103610477e+00,7.210504483499007620e+02,9.781754658989552098e+00
3.620362036203620626e+00,7.304611955009333997e+02,9.791672279884855001e+00
3.630363036303630331e+00,7.399705447120261397e+02,9.801591194682849562e+00
3.640364036403640480e+00,7.495790001996501815e+02,9.811511366548371527e+00
3.650365036503650629e+00,7.592870627376855737e+02,9.821432758801865504e+00
3.660366036603660334e+00,7.690952296574221236e+02,9.831355334919383182e+00
3.670367036703670482e+00,7.790039948475609890e+02,9.841279058532588664e+00
3.680368036803680631e+00,7.890138487542117218e+02,9.851203893428753133e+00
3.690369036903690336e+00,7.991252783808938602e+02,9.861129803550754858e+00
3.700370037003700485e+00,8.093387672885380653e+02,9.871056752997084516e+00
3.710371037103710634e+00,8.196547955954838471e+02,9.880984706021838093e+00
3.720372037203720339e+00,8.300738399774802474e+02,9.890913627034722211e+00
3.730373037303730488e+00,8.405963736676876579e+02,9.900843480601052349e+00
3.740374037403740637e+00,8.512228664566748648e+02,9.910774231441751070e+00
3.750375037503750342e+00,8.619537846924215501e+02,9.920705844433355125e+00
3.760376037603760491e+00,8.727895912803169267e+02,9.930638284608003019e+00
3.770377037703770640e+00,8.837301354622601366e+02,9.940571529209536905e+00
3.780378037803780344e+00,8.947734033468259440e+02,9.950505595314709240e+00
3.790379037903790493e+00,9.059195817560392925e+02,9.960440459972849325e+00
3.800380038003800642e+00,9.171690896765727530e+02,9.970376095267889482e+00
3.810381038103810347e+00,9.285223145294648930e+02,9.980312473341010460e+00
3.820382038203820496e+00,9.399796121701225502e+02,9.990249566390648539e+00
3.830383038303830645e+00,9.515413068883167398e+02,1.000018734667249021e+01
3.840384038403840350e+00,9.632076914081851555e+02,1.001012578649947216e+01
3.850385038503850499e+00,9.749790268882329656e+02,1.002006485824178839e+01
3.860386038603860648e+00,9.868555429213301977e+02,1.003000453432688310e+01
3.870387038703870797e+00,9.988374375347137857e+02,1.003994478723945072e+01
3.880388038803880502e+00,1.010924877189986091e+03,1.004988558952143940e+01
3.890389038903890651e+00,1.023117996783117519e+03,1.005982691377204929e+01
3.900390039003900799e+00,1.035416899644442992e+03,1.006976873264773609e+01
3.910391039103910504e+00,1.047821657538664113e+03,1.007971101886220033e+01
3.920392039203920653e+00,1.060332310664849729e+03,1.008965374518640346e+01
3.930393039303930802e+00,1.072948867656433549e+03,1.009959688444855530e+01
3.940394039403940507e+00,1.085671305581215847e+03,1.010954040953411415e+01
3.950395039503950656e+00,1.098499569941364143e+03,1.011948429338579736e+01
3.960396039603960805e+00,1.111433574673411613e+03,1.012942850900357072e+01
3.970397039703970510e+00,1.124473202148256405e+03,1.013937302944465202e+01
3.980398039803980659e+00,1.137618303171165508e+03,1.014931782782351455e+01
3.990399039903990808e+00,1.150868696981770199e+03,1.015926287731188005e+01
4.000400040004000957e+00,1.164224171254068551e+03,1.016920815113872401e+01
4.010401040104010661e+00,1.177684482096424290e+03,1.017915362259027567e+01
4.020402040204020366e+00,1.191249354051568389e+03,1.018909926501001451e+01
4.030403040304030959e+00,1.204918480096599524e+03,1.019904505179867371e+01
4.040404040404040664e+00,1.218691521642977705e+03,1.020899095641423671e+01
4.050405040504050369e+00,1.232568108536533828e+03,1.021893695237194244e+01
4.060406040604060962e+00,1.246547839057464671e+03,1.022888301324428006e+01
4.070407040704070667e+00,1.260630279920329713e+03,1.023882911266098894e+01
4.080408040804080372e+00,1.274814966274058406e+03,1.024877522430906573e+01
4.090409040904090965e+00,1.289101401701946088e+03,1.025872132193275554e+01
4.100410041004100670e+00,1.303489058221650794e+03,1.026866737933355722e+01
4.110411041104110375e+00,1.317977376285200990e+03,1.027861337037021983e+01
4.120412041204120968e+00,1.332565764778991252e+03,1.028855926895874973e+01
4.130413041304130672e+00,1.347253601023778174e+03,1.029850504907240172e+01
4.140414041404140377e+00,1.362040230774688553e+03,1.030845068474168080e+01
4.150415041504150970e+00,1.376924968221215750e+03,1.031839615005434929e+01
4.160416041604160675e+00,1.391907095987215143e+03,1.032834141915541792e+01
4.170417041704170380e+00,1.406985865130912771e+03,1.033828646624715297e+01
4.180418041804180973e+00,1.422160495144900324e+03,1.034823126558907092e+01
4.190419041904190678e+00,1.437430173956132421e+03,1.035817579149793843e+01
4.200420042004200383e+00,1.452794057925932975e+03,1.036812001834778130e+01
4.210421042104210976e+00,1.468251271849993145e+03,1.037806392056986837e+01
4.220422042204220681e+00,1.483800908958365881e+03,1.038800747265272939e+01
4.230423042304230385e+00,1.499442030915474334e+03,1.039795064914214073e+01
4.240424042404240978e+00,1.515173667820108449e+03,1.040789342464113432e+01
4.250425042504250683e+00,1.530994818205419506e+03,1.041783577380999049e+01
4.260426042604260388e+00,1.546904449038929670e+03,1.042777767136624689e+01
4.270427042704270981e+00,1.562901495722527670e+03,1.043771909208468962e+01
4.280428042804280686e+00,1.578984862092463118e+03,1.044766001079735851e+01
4.290429042904290391e+00,1.595153420419357644e+03,1.045760040239354538e+01
4.300430043004300984e+00,1.611406011408198083e+03,1.046754024181979581e+01
4.310431043104310689e+00,1.627741444198333284e+03,1.047747950407990558e+01
4.320432043204320394e+00,1.644158496363483209e+03,1.048741816423492246e+01
4.330433043304330987e+00,1.660655913911733705e+03,1.049735619740314796e+01
4.340434043404340692e+00,1.677232411285532635e+03,1.050729357876013736e+01
4.350435043504350396e+00,1.693886671361698518e+03,1.051723028353869260e+01
4.360436043604360989e+00,1.710617345451415758e+03,1.052716628702887469e+01
4.370437043704370694e+00,1.727423053300231231e+03,1.053710156457799307e+01
4.380438043804380399e+00,1.744302383088062015e+03,1.054703609159061095e+01
4.390439043904390992e+00,1.761253891429191526e+03,1.055696984352854173e+01
4.400440044004400697e+00,1.778276103372264970e+03,1.056690279591085435e+01
4.410441044104410402e+00,1.795367512400298438e+03,1.057683492431386441e+01
4.420442044204420995e+00,1.812526580430674585e+03,1.058676620437114835e+01
4.430443044304430700e+00,1.829751737815136721e+03,1.059669661177352751e+01
4.440444044404440405e+00,1.847041383339800177e+03,1.060662612226907875e+01
4.450445044504450998e+00,1.864393884225145484e+03,1.061655471166313092e+01
4.460446044604460702e+00,1.881807576126016102e+03,1.062648235581826306e+01
4.470447044704470407e+00,1.899280763131624553e+03,1.063640903065430976e+01
4.480448044804481000e+00,1.916811717765551521e+03,1.064633471214835758e+01
4.490449044904490705e+00,1.934398680985738338e+03,1.065625937633474152e+01
4.500450045004500410e+00,1.952039862184496997e+03,1.066618299930505387e+01
4.510451045104511003e+00,1.969733439188506281e+03,1.067610555720813537e+01
4.520452045204520708e+00,1.987477558258806539e+03,1.068602702625008050e+01
4.530453045304530413e+00,2.005270334090808319e+03,1.069594738269423573e+01
4.540454045404541006e+00,2.023109849814289646e+03,1.070586660286120306e+01
4.550455045504550711e+00,2.040994156993389197e+03,1.071578466312883116e+01
4.560456045604560416e+00,2.058921275626616989e+03,1.072570153993222242e+01
4.570457045704571009e+00,2.076889194146848695e+03,1.073561720976373657e+01
4.580458045804580713e+00,2.094895869421322459e+03,1.074553164917297998e+01
4.590459045904590418e+00,2.112939226751646856e+03,1.075544483476681101e+01
4.600460046004601011e+00,2.131017159873796118e+03,1.076535674320934710e+01
4.610461046104610716e+00,2.149127530958108309e+03,1.077526735122194879e+01
4.620462046204620421e+00,2.167268170609288973e+03,1.078517663558323747e+01
4.630463046304631014e+00,2.185436877866412942e+03,1.079508457312907943e+01
4.640464046404640719e+00,2.203631420202915251e+03,1.080499114075259826e+01
4.650465046504650424e+00,2.221849533526602045e+03,1.081489631540416774e+01
4.660466046604661017e+00,2.240088922179645579e+03,1.082480007409141542e+01
4.670467046704670722e+00,2.258347258938579671e+03,1.083470239387921730e+01
4.680468046804680426e+00,2.276622185014309252e+03,1.084460325188970664e+01
4.690469046904691020e+00,2.294911310052106273e+03,1.085450262530226873e+01
4.700470047004700724e+00,2.313212212131602428e+03,1.086440049135353547e+01
4.710471047104710429e+00,2.331522437766800977e+03,1.087429682733739611e+01
4.720472047204721022e+00,2.349839501906074020e+03,1.088419161060499185e+01
4.730473047304730727e+00,2.368160887932151127e+03,1.089408481856471234e+01
4.740474047404740432e+00,2.386484047662135708e+03,1.090397642868220629e+01
4.750475047504751025e+00,2.404806401347496376e+03,1.091386641848036909e+01
4.760476047604760730e+00,2.423125337674063303e+03,1.092375476553934988e+01
4.770477047704770435e+00,2.441438213762037776e+03,1.093364144749654976e+01
4.780478047804781028e+00,2.459742355165986282e+03,1.094352644204662361e+01
4.790479047904790733e+00,2.478035055874838690e+03,1.095340972694147830e+01
4.800480048004800437e+00,2.496313578311895071e+03,1.096329127999026909e+01
4.810481048104811030e+00,2.514575153334822062e+03,1.097317107905941214e+01
4.820482048204820735e+00,2.532816980235646042e+03,1.098304910207256313e+01
4.830483048304830440e+00,2.551036226740767233e+03,1.099292532701064573e+01
4.840484048404841033e+00,2.569230029010949693e+03,1.100279973191182137e+01
4.850485048504850738e+00,2.587395491641320405e+03,1.101267229487151234e+01
4.860486048604860443e+00,2.605529687661376556e+03,1.102254299404239113e+01
4.870487048704871036e+00,2.623629658534981900e+03,1.103241180763438223e+01
4.880488048804880741e+00,2.641692414160362205e+03,1.104227871391466032e+01
4.890489048904890446e+00,2.659714932870113444e+03,1.105214369120765738e+01
4.900490049004901039e+00,2.677694161431198609e+03,1.106200671789505385e+01
4.910491049104910743e+00,2.695627015044940890e+03,1.107186777241578213e+01
4.920492049204920448e+00,2.713511220806406982e+03,1.108172683414940884e+01
4.930493049304931041e+00,2.731352953066166720e+03,1.109158389112287502e+01
4.940494049404940746e+00,2.749152690850576619e+03,1.110143892487941741e+01
4.950495049504950451e+00,2.766908637260524756e+03,1.111129191453326115e+01
4.960496049604961044e+00,2.784619019473985645e+03,1.112114283923644109e+01
4.970497049704970749e+00,2.802282088746012960e+03,1.113099167817879653e+01
4.980498049804980454e+00,2.819896120408751813e+03,1.114083841058798008e+01
4.990499049904991047e+00,2.837459413871430570e+03,1.115068301572945586e+01
5.000500050005000752e+00,2.854970292620359942e+03,1.116052547290649244e+01
5.010501050105010457e+00,2.872427104218939348e+03,1.117036576146016991e+01
5.020502050205021050e+00,2.889828220307652828e+03,1.118020386076937989e+01
5.030503050305030754e+00,2.907172036604066761e+03,1.119003975025082021e+01
5.040504050405040459e+00,2.924456972902835787e+03,1.119987340935899844e+01
5.050505050505051052e+00,2.941681473075699614e+03,1.120970481758623372e+01
5.060506050605060757e+00,2.958844005071480296e+03,1.121953395446265311e+01
5.070507050705070462e+00,2.975943060916087234e+03,1.122936079955619171e+01
5.080508050805081055e+00,2.992977156712516717e+03,1.123918533247259788e+01
5.090509050905090760e+00,3.009944832640844652e+03,1.124900753285542621e+01
5.100510051005100465e+00,3.026844652958237475e+03,1.125882738038603925e+01
5.110511051105111058e+00,3.043675205998945785e+03,1.126864485478361466e+01
5.120512051205120763e+00,3.060435104174302069e+03,1.127845993580513273e+01
5.130513051305130467e+00,3.077122983972727070e+03,1.128827260324538884e+01
5.140514051405141061e+00,3.093737505959727514e+03,1.129808283693698456e+01
5.150515051505150765e+00,3.110277354777890650e+03,1.130789061675033125e+01
5.160516051605160470e+00,3.126741239146893804e+03,1.131769592259364998e+01
5.170517051705171063e+00,3.143127891863498462e+03,1.132749873441297339e+01
5.180518051805180768e+00,3.159436069801547546e+03,1.133729903219213675e+01
5.190519051905190473e+00,3.175664553911973599e+03,1.134709679595279397e+01
5.200520052005201066e+00,3.191812149222793323e+03,1.135689200575440161e+01
5.210521052105210771e+00,3.207877684839105768e+03,1.136668464169422599e+01
5.220522052205220476e+00,3.223860013943098693e+03,1.137647468390734851e+01
5.230523052305231069e+00,3.239758013794044473e+03,1.138626211256665499e+01
5.240524052405240774e+00,3.255570585728296919e+03,1.139604690788283925e+01
5.250525052505250478e+00,3.271296655159299917e+03,1.140582905010440840e+01
5.260526052605261071e+00,3.286935171577581059e+03,1.141560851951767930e+01
5.270527052705270776e+00,3.302485108550749828e+03,1.142538529644677325e+01
5.280528052805280481e+00,3.317945463723504417e+03,1.143515936125362487e+01
5.290529052905291074e+00,3.333315258817629456e+03,1.144493069433797849e+01
5.300530053005300779e+00,3.348593539631989188e+03,1.145469927613738648e+01
5.310531053105310484e+00,3.363779376042537478e+03,1.146446508712721091e+01
5.320532053205321077e+00,3.378871862002313719e+03,1.147422810782062186e+01
5.330533053305330782e+00,3.393870115541438281e+03,1.148398831876860093e+01
5.340534053405340487e+00,3.408773278767120701e+03,1.149374570055993949e+01
5.350535053505351080e+00,3.423580517863655587e+03,1.150350023382123510e+01
5.360536053605360785e+00,3.438291023092418527e+03,1.151325189921689862e+01
5.370537053705370489e+00,3.452904008791874276e+03,1.152300067744914536e+01
5.380538053805381082e+00,3.467418713377573113e+03,1.153274654925800746e+01
5.390539053905390787e+00,3.481834399342146753e+03,1.154248949542131797e+01
5.400540054005400492e+00,3.496150353255315167e+03,1.155222949675472499e+01
5.410541054105411085e+00,3.510365885763883398e+03,1.156196653411168640e+01
5.420542054205420790e+00,3.524480331591738832e+03,1.157170058838346272e+01
5.430543054305430495e+00,3.538493049539857111e+03,1.158143164049913310e+01
5.440544054405441088e+00,3.552403422486298950e+03,1.159115967142557935e+01
5.450545054505450793e+00,3.566210857386206953e+03,1.160088466216749659e+01
5.460546054605460498e+00,3.579914785271812434e+03,1.161060659376738613e+01
5.470547054705471091e+00,3.593514661252431324e+03,1.162032544730556083e+01
5.480548054805480795e+00,3.607009964514461899e+03,1.163004120390014151e+01
5.490549054905490500e+00,3.620400198321390235e+03,1.163975384470706054e+01
5.500550055005501093e+00,3.633684890013788390e+03,1.164946335092005825e+01
5.510551055105510798e+00,3.646863591009309403e+03,1.165916970377068296e+01
5.520552055205520503e+00,3.659935876802696384e+03,1.166887288452829630e+01
5.530553055305531096e+00,3.672901346965775247e+03,1.167857287450006432e+01
5.540554055405540801e+00,3.685759625147455608e+03,1.168826965503096638e+01
5.550555055505550506e+00,3.698510359073734890e+03,1.169796320750378982e+01
5.560556055605561099e+00,3.711153220547695128e+03,1.170765351333913173e+01
5.570557055705570804e+00,3.723687905449502068e+03,1.171734055399539720e+01
5.580558055805580508e+00,3.736114133736406984e+03,1.172702431096880105e+01
5.590559055905591102e+00,3.748431649442748494e+03,1.173670476579337318e+01
5.600560056005600806e+00,3.760640220679947561e+03,1.174638190004094085e+01
5.610561056105610511e+00,3.772739639636511129e+03,1.175605569532115346e+01
5.620562056205621104e+00,3.784729722578033034e+03,1.176572613328146133e+01
5.630563056305630809e+00,3.796610309847189001e+03,1.177539319560712627e+01
5.640564056405640514e+00,3.808381265863743010e+03,1.178505686402122166e+01
5.650565056505651107e+00,3.820042479124543206e+03,1.179471712028463060e+01
5.660566056605660812e+00,3.831593862203520985e+03,1.180437394619604063e+01
5.670567056705670517e+00,3.843035351751695998e+03,1.181402732359195262e+01
5.680568056805681110e+00,3.854366908497171607e+03,1.182367723434667717e+01
5.690569056905690815e+00,3.865588517245135336e+03,1.183332366037233285e+01
5.700570057005700519e+00,3.876700186877860688e+03,1.184296658361884624e+01
5.710571057105711112e+00,3.887701950354708060e+03,1.185260598607395721e+01
5.720572057205720817e+00,3.898593864712119739e+03,1.186224184976321183e+01
5.730573057305730522e+00,3.909376011063624901e+03,1.187187415674996593e+01
5.740574057405741115e+00,3.920048494599839614e+03,1.188150288913538510e+01
5.750575057505750820e+00,3.930611444588460472e+03,1.189112802905844646e+01
5.760576057605760525e+00,3.941065014374273687e+03,1.190074955869593332e+01
5.770577057705771118e+00,3.951409381379150091e+03,1.191036746026244053e+01
5.780578057805780823e+00,3.961644747102041947e+03,1.191998171601037093e+01
5.790579057905790528e+00,3.971771337118990232e+03,1.192959230822993533e+01
5.800580058005801121e+00,3.981789401083121447e+03,1.193919921924915961e+01
5.810581058105810826e+00,3.991699212724644440e+03,1.194880243143387233e+01
5.820582058205820530e+00,4.001501069850854492e+03,1.195840192718771711e+01
5.830583058305831123e+00,4.011195294346133778e+03,1.196799768895214200e+01
5.840584058405840828e+00,4.020782232171945907e+03,1.197758969920640659e+01
5.850585058505850533e+00,4.030262253366843652e+03,1.198717794046758200e+01
5.860586058605861126e+00,4.039635752046462585e+03,1.199676239529054556e+01
5.870587058705870831e+00,4.048903146403523351e+03,1.200634304626798610e+01
5.880588058805880536e+00,4.058064878707831667e+03,1.201591987603039868e+01
5.890589058905891129e+00,4.067121415306281961e+03,1.202549286724609168e+01
5.900590059005900834e+00,4.076073246622847364e+03,1.203506200262118142e+01
5.910591059105910539e+00,4.084920887158591540e+03,1.204462726489959223e+01
5.920592059205921132e+00,4.093664875491662769e+03,1.205418863686306175e+01
5.930593059305930836e+00,4.102305774277290766e+03,1.206374610133113023e+01
5.940594059405940541e+00,4.110844170247793045e+03,1.207329964116115306e+01
5.950595059505951134e+00,4.119280674212574013e+03,1.208284923924829535e+01
5.960596059605960839e+00,4.127615921058119056e+03,1.209239487852552664e+01
5.970597059705970544e+00,4.135850569748001362e+03,1.210193654196362800e+01
5.980598059805981137e+00,4.143985303322881009e+03,1.211147421257119561e+01
5.990599059905990842e+00,4.152020828900498600e+03,1.212100787339462471e+01
6.000600060006000547e+00,4.159957877675682539e+03,1.213053750751812743e+01
6.010601060106011140e+00,4.167797204920348122e+03,1.214006309806372563e+01
6.020602060206020845e+00,4.175539589983491169e+03,1.214958462819124385e+01
6.030603060306030549e+00,4.183185836291197120e+03,1.215910208109832169e+01
6.040604060406041143e+00,4.190736771346634669e+03,1.216861544002040674e+01
6.050605060506050847e+00,4.198193246730057581e+03,1.217812468823075811e+01
6.060606060606060552e+00,4.205556138098803785e+03,1.218762980904043935e+01
6.070607060706071145e+00,4.212826345187299921e+03,1.219713078579832732e+01
6.080608060806080850e+00,4.220004791807053152e+03,1.220662760189110685e+01
6.090609060906090555e+00,4.227092425846659353e+03,1.221612024074327252e+01
6.100610061006101148e+00,4.234090219271798560e+03,1.222560868581713045e+01
6.110611061106110853e+00,4.240999168125234064e+03,1.223509292061278941e+01
6.120612061206120558e+00,4.247820292526816957e+03,1.224457292866817504e+01
6.130613061306131151e+00,4.254554614920063614e+03,1.225404869329387481e+01
6.140614061406140856e+00,4.261202890094603390e+03,1.226352019630962076e+01
6.150615061506150560e+00,4.267765734135663479e+03,1.227298742109432972e+01
6.160616061606161153e+00,4.274243770322469572e+03,1.228245035141110542e+01
6.170617061706170858e+00,4.280637621852503798e+03,1.229190897105768698e+01
6.180618061806180563e+00,4.286947911841511996e+03,1.230136326386644186e+01
6.190619061906191156e+00,4.293175263323503714e+03,1.231081321370437465e+01
6.200620062006200861e+00,4.299320299250744938e+03,1.232025880447311472e+01
6.210621062106210566e+00,4.305383642493766274e+03,1.232970002010892330e+01
6.220622062206221159e+00,4.311365915841358401e+03,1.233913684458270055e+01
6.230623062306230864e+00,4.317267742000574799e+03,1.234856926189996784e+01
6.240624062406240569e+00,4.323089743596728113e+03,1.235799725610088551e+01
6.250625062506251162e+00,4.328832543173393788e+03,1.236742081126024217e+01
6.260626062606260867e+00,4.334496763192407343e+03,1.237683991148745832e+01
6.270627062706270571e+00,4.340083026033867100e+03,1.238625454092658451e+01
6.280628062806281164e+00,4.345591953996133270e+03,1.239566468375630670e+01
6.290629062906290869e+00,4.351024169295823413e+03,1.240507032418993738e+01
6.300630063006300574e+00,4.356380294067820614e+03,1.241447144647542444e+01
6.310631063106311167e+00,4.361660950365268945e+03,1.242386803489534408e+01
6.320632063206320872e+00,4.366866760159569822e+03,1.243326007376690612e+01
6.330633063306330577e+00,4.371998345340391097e+03,1.244264754744195045e+01
6.340634063406341170e+00,4.377056327715658881e+03,1.245203044030695239e+01
6.350635063506350875e+00,4.382041329011561174e+03,1.246140873678300842e+01
6.360636063606360580e+00,4.386953970872546961e+03,1.247078242132585935e+01
6.370637063706371173e+00,4.391794874861328026e+03,1.248015147842587069e+01
6.380638063806380877e+00,4.396564662458876228e+03,1.248951589260803630e+01
6.390639063906390582e+00,4.401263955064424408e+03,1.249887564843198717e+01
6.400640064006401175e+00,4.405893373995468210e+03,1.250823073049198619e+01
6.410641064106410880e+00,4.410453540487762439e+03,1.251758112341692097e+01
6.420642064206420585e+00,4.414945075695325613e+03,1.252692681187031631e+01
6.430643064306431178e+00,4.419368600690435414e+03,1.253626778055032887e+01
6.440644064406440883e+00,4.423724736463633235e+03,1.254560401418974358e+01
6.450645064506450588e+00,4.428014103923718721e+03,1.255493549755597726e+01
6.460646064606461181e+00,4.432237323897756141e+03,1.256426221545107857e+01
6.470647064706470886e+00,4.436395017131068016e+03,1.257358415271172980e+01
6.480648064806480591e+00,4.440487804287240579e+03,1.258290129420923975e+01
6.490649064906491184e+00,4.444516305948119225e+03,1.259221362484955442e+01
6.500650065006500888e+00,4.448481142613813063e+03,1.260152112957324810e+01
6.510651065106510593e+00,4.452382934702691273e+03,1.261082379335552339e+01
6.520652065206521186e+00,4.456222302551383109e+03,1.262012160120622362e+01
6.530653065306530891e+00,4.459999866414781536e+03,1.262941453816981330e+01
6.540654065406540596e+00,4.463716246466039593e+03,1.263870258932539414e+01
6.550655065506551189e+00,4.467372062796571299e+03,1.264798573978669793e+01
6.560656065606560894e+00,4.470967935416053479e+03,1.265726397470208653e+01
6.570657065706570599e+00,4.474504484252421207e+03,1.266653727925455719e+01
6.580658065806581192e+00,4.477982329151874183e+03,1.267580563866173371e+01
6.590659065906590897e+00,4.481402089878872175e+03,1.268506903817587350e+01
6.600660066006600601e+00,4.484764386116136848e+03,1.269432746308386584e+01
6.610661066106611194e+00,4.488069837464649027e+03,1.270358089870723362e+01
6.620662066206620899e+00,4.491319063443653249e+03,1.271282933040212448e+01
6.630663066306630604e+00,4.494512683490654126e+03,1.272207274355932149e+01
6.640664066406641197e+00,4.497651316961418161e+03,1.273131112360424311e+01
6.650665066506650902e+00,4.500735583129972838e+03,1.274054445599693253e+01
6.660666066606660607e+00,4.503766101188607536e+03,1.274977272623206659e+01
6.670667066706671200e+00,4.506743490247871705e+03,1.275899591983895576e+01
6.680668066806680905e+00,4.509668369336577598e+03,1.276821402238153880e+01
6.690669066906690610e+00,4.512541357401798450e+03,1.277742701945838810e+01
6.700670067006701203e+00,4.515363073308867570e+03,1.278663489670270792e+01
6.710671067106710908e+00,4.518134135841380157e+03,1.279583763978233080e+01
6.720672067206720612e+00,4.520855163701193305e+03,1.280503523439972113e+01
6.730673067306731205e+00,4.523526775508425999e+03,1.281422766629198229e+01
6.740674067406740910e+00,4.526149589801457296e+03,1.282341492123083704e+01
6.750675067506750615e+00,4.528724225036928146e+03,1.283259698502264712e+01
6.760676067606761208e+00,4.531251299589739574e+03,1.284177384350840434e+01
6.770677067706770913e+00,4.533731431753055404e+03,1.285094548256373237e+01
6.780678067806780618e+00,4.536165239738300443e+03,1.286011188809888495e+01
6.790679067906791211e+00,4.538553341675161391e+03,1.286927304605874944e+01
6.800680068006800916e+00,4.540896355611585022e+03,1.287842894242283975e+01
6.810681068106810621e+00,4.543194899513780001e+03,1.288757956320530695e+01
6.820682068206821214e+00,4.545449591266215975e+03,1.289672489445493220e+01
6.830683068306830918e+00,4.547661048671625394e+03,1.290586492225512494e+01
6.840684068406840623e+00,4.549829889450998962e+03,1.291499963272392648e+01
6.850685068506851216e+00,4.551956731243592003e+03,1.292412901201401709e+01
6.860686068606860921e+00,4.554042191606919005e+03,1.293325304631269645e+01
6.870687068706870626e+00,4.556086888016757257e+03,1.294237172184190499e+01
6.880688068806881219e+00,4.558091437867144123e+03,1.295148502485820963e+01
6.890689068906890924e+00,4.560056458470378857e+03,1.296059294165281273e+01
6.900690069006900629e+00,4.561982567057021697e+03,1.296969545855154138e+01
6.910691069106911222e+00,4.563870380775895683e+03,1.297879256191486519e+01
6.920692069206920927e+00,4.565720516694082107e+03,1.298788423813787141e+01
6.930693069306930632e+00,4.567533591796925975e+03,1.299697047365028979e+01
6.940694069406941225e+00,4.569310222988033274e+03,1.300605125491647840e+01
6.950695069506950929e+00,4.571051027089271884e+03,1.301512656843542359e+01
6.960696069606960634e+00,4.572756620840768846e+03,1.302419640074074358e+01
6.970697069706971227e+00,4.574427620900914917e+03,1.303326073840069554e+01
6.980698069806980932e+00,4.576064643846360013e+03,1.304231956801815606e+01
6.990699069906990637e+00,4.577668306172016855e+03,1.305137287623064246e+01
7.000700070007001230e+00,4.579239226436363424e+03,1.306042064975489403e+01
7.010701070107010935e+00,4.580778016593912071e+03,1.306946287684184149e+01
7.020702070207020640e+00,4.582285044429541813e+03,1.307849954517021906e+01
7.030703070307031233e+00,4.583760608445428261e+03,1.308753064175906466e+01
7.040704070407040938e+00,4.585205006586242234e+03,1.309655615366674830e+01
7.050705070507050642e+00,4.586618536239147943e+03,1.310557606799098096e+01
7.060706070607061235e+00,4.588001494233802077e+03,1.311459037186880394e+01
7.070707070707070940e+00,4.589354176842357447e+03,1.312359905247659775e+01
7.080708070807080645e+00,4.590676879779459341e+03,1.313260209703007853e+01
7.090709070907091238e+00,4.591969898202246441e+03,1.314159949278430162e+01
7.100710071007100943e+00,4.593233526710352635e+03,1.315059122703365091e+01
7.110711071107110648e+00,4.594468059345904294e+03,1.315957728711185304e+01
7.120712071207121241e+00,4.595673789593522088e+03,1.316855766039196851e+01
7.130713071307130946e+00,4.596851010380320076e+03,1.317753233428639170e+01
7.140714071407140651e+00,4.598000014075907529e+03,1.318650129624685619e+01
7.150715071507151244e+00,4.599121092492386197e+03,1.319546453376442940e+01
7.160716071607160949e+00,4.600214536884351219e+03,1.320442203436951800e+01
7.170717071707170653e+00,4.601280637948892036e+03,1.321337378563185894e+01
7.180718071807181246e+00,4.602319685825593297e+03,1.322231977516053192e+01
7.190719071907190951e+00,4.603331970096532132e+03,1.323125999060394875e+01
7.200720072007200656e+00,4.604317779786278152e+03,1.324019441964985511e+01
7.210721072107211249e+00,4.605277403361897996e+03,1.324912305002533763e+01
7.220722072207220954e+00,4.606211128732948964e+03,1.325804586949681685e+01
7.230723072307230659e+00,4.607119243251483567e+03,1.326696286587005069e+01
7.240724072407241252e+00,4.608002033712048615e+03,1.327587402699012920e+01
7.250725072507250957e+00,4.608859786351683397e+03,1.328477934074147981e+01
7.260726072607260662e+00,4.609692786849922413e+03,1.329367879504787098e+01
7.270727072707271255e+00,4.610501320328792644e+03,1.330257237787240143e+01
7.280728072807280959e+00,4.611285671352816280e+03,1.331146007721750557e+01
7.290729072907290664e+00,4.612046123929007081e+03,1.332034188112496054e+01
7.300730073007301257e+00,4.612782961506875836e+03,1.332921777767587201e+01
7.310731073107310962e+00,4.613496466978423996e+03,1.333808775499068489e+01
7.320732073207320667e+00,4.614186922678149131e+03,1.334695180122917968e+01
7.330733073307331260e+00,4.614854610383040381e+03,1.335580990459047612e+01
7.340734073407340965e+00,4.615499811312583006e+03,1.336466205331302248e+01
7.350735073507350670e+00,4.616122806128754746e+03,1.337350823567460978e+01
7.360736073607361263e+00,4.616723874936026732e+03,1.338234843999236467e+01
7.370737073707370968e+00,4.617303297281365303e+03,1.339118265462274415e+01
7.380738073807380673e+00,4.617861352154229280e+03,1.340001086796154794e+01
7.390739073907391266e+00,4.618398317986572692e+03,1.340883306844390788e+01
7.400740074007400970e+00,4.618914472652840232e+03,1.341764924454429320e+01
7.410741074107410675e+00,4.619410093469975436e+03,1.342645938477650702e+01
7.420742074207421268e+00,4.619885457197411597e+03,1.343526347769369345e+01
7.430743074307430973e+00,4.620340840037076305e+03,1.344406151188832688e+01
7.440744074407440678e+00,4.620776517633393269e+03,1.345285347599222270e+01
7.450745074507451271e+00,4.621192765073276860e+03,1.346163935867652839e+01
7.460746074607460976e+00,4.621589856886137568e+03,1.347041914865172707e+01
7.470747074707470681e+00,4.621968067043879273e+03,1.347919283466764284e+01
7.480748074807481274e+00,4.622327668960898336e+03,1.348796040551343367e+01
7.490749074907490979e+00,4.622668935494087236e+03,1.349672185001758784e+01
7.500750075007500683e+00,4.622992138942829115e+03,1.350547715704793816e+01
7.510751075107511276e+00,4.623297551049004142e+03,1.351422631551164955e+01
7.520752075207520981e+00,4.623585442996984057e+03,1.352296931435522254e+01
7.530753075307530686e+00,4.623856085413634901e+03,1.353170614256449511e+01
7.540754075407541279e+00,4.624109748368317923e+03,1.354043678916463911e+01
7.550755075507550984e+00,4.624346701372885946e+03,1.354916124322016380e+01
7.560756075607560689e+00,4.624567213381687907e+03,1.355787949383491586e+01
7.570757075707571282e+00,4.624771552791563408e+03,1.356659153015207586e+01
7.580758075807580987e+00,4.624959987441849080e+03,1.357529734135416177e+01
7.590759075907590692e+00,4.625132784614373122e+03,1.358399691666302544e+01
7.600760076007601285e+00,4.625290211033458945e+03,1.359269024533985615e+01
7.610761076107610990e+00,4.625432532865923349e+03,1.360137731668518057e+01
7.620762076207620694e+00,4.625560015721077434e+03,1.361005812003886106e+01
7.630763076307631287e+00,4.625672924650723871e+03,1.361873264478009204e+01
7.640764076407640992e+00,4.625771524149161451e+03,1.362740088032740893e+01
7.650765076507650697e+00,4.625856078153181443e+03,1.363606281613868099e+01
7.660766076607661290e+00,4.625926850042071237e+03,1.364471844171111492e+01
7.670767076707670995e+00,4.625984102637607975e+03,1.365336774658124952e+01
7.680768076807680700e+00,4.626028098204066737e+03,1.366201072032496278e+01
7.690769076907691293e+00,4.626059098448213263e+03,1.367064735255747010e+01
7.700770077007700998e+00,4.626077364519309413e+03,1.367927763293332077e+01
7.710771077107711591e+00,4.626083157009109527e+03,1.368790155114639973e+01
7.720772077207721296e+00,4.626076735951861338e+03,1.369651909692992753e+01
7.730773077307731000e+00,4.626058360824307783e+03,1.370513026005646218e+01
7.740774077407741594e+00,4.626028290545685195e+03,1.371373503033789909e+01
7.750775077507751298e+00,4.625986783477722383e+03,1.372233339762546755e+01
7.760776077607761003e+00,4.625934097424643369e+03,1.373092535180973250e+01
7.770777077707771596e+00,4.625870489633165562e+03,1.373951088282059452e+01
7.780778077807781301e+00,4.625796216792499763e+03,1.374808998062729337e+01
7.790779077907791006e+00,4.625711535034351982e+03,1.375666263523840271e+01
7.800780078007801599e+00,4.625616699932920710e+03,1.376522883670183184e+01
7.810781078107811304e+00,4.625511966504897828e+03,1.377378857510482568e+01
7.820782078207821009e+00,4.625397589209469515e+03,1.378234184057396838e+01
7.830783078307831602e+00,4.625273821948317163e+03,1.379088862327517440e+01
7.840784078407841307e+00,4.625140918065613732e+03,1.379942891341370093e+01
7.850785078507851011e+00,4.624999130348028302e+03,1.380796270123413549e+01
7.860786078607861604e+00,4.624848711024720615e+03,1.381648997702040660e+01
7.870787078707871309e+00,4.624689911767347439e+03,1.382501073109577483e+01
7.880788078807881014e+00,4.624523472039018088e+03,1.383352495377521763e+01
7.890789078907891607e+00,4.624350116233103108e+03,1.384203263549416718e+01
7.900790079007901312e+00,4.624169837124698461e+03,1.385053376684740911e+01
7.910791079107911017e+00,4.623982625953973184e+03,1.385902833846961713e+01
7.920792079207921610e+00,4.623788475336733427e+03,1.386751634103497821e+01
7.930793079307931315e+00,4.623587379264415176e+03,1.387599776525717843e+01
7.940794079407941020e+00,4.623379333104094258e+03,1.388447260188941357e+01
7.950795079507951613e+00,4.623164333598476333e+03,1.389294084172438737e+01
7.960796079607961317e+00,4.622942378865905084e+03,1.390140247559430797e+01
7.970797079707971022e+00,4.622713468400356760e+03,1.390985749437088792e+01
7.980798079807981615e+00,4.622477603071442900e+03,1.391830588896535303e+01
7.990799079907991320e+00,4.622234785124410337e+03,1.392674765032842465e+01
8.000800080008001913e+00,4.621985018180140287e+03,1.393518276945034096e+01
8.010801080108011618e+00,4.621728307235147440e+03,1.394361123736083918e+01
8.020802080208021323e+00,4.621464658661580870e+03,1.395203304512916809e+01
8.030803080308031028e+00,4.621194080207227671e+03,1.396044818386407904e+01
8.040804080408040733e+00,4.620916580995504773e+03,1.396885664471382960e+01
8.050805080508050438e+00,4.620632171525466219e+03,1.397725841886618880e+01
8.060806080608061919e+00,4.620340863671802254e+03,1.398565349754842835e+01
8.070807080708071624e+00,4.620042670684833865e+03,1.399404187202732253e+01
8.080808080808081328e+00,4.619737607190519157e+03,1.400242353360915715e+01
8.090809080908091033e+00,4.619425689190450612e+03,1.401079847363972419e+01
8.100810081008100738e+00,4.619106934061856009e+03,1.401916668350432005e+01
8.110811081108110443e+00,4.618781360557594780e+03,1.402752815462774905e+01
8.120812081208121924e+00,4.618448988806163470e+03,1.403588287847431992e+01
8.130813081308131629e+00,4.618109840311693915e+03,1.404423084654784937e+01
8.140814081408141334e+00,4.617763937953950517e+03,1.405257205039165846e+01
8.150815081508151039e+00,4.617411305988332060e+03,1.406090648158857626e+01
8.160816081608160744e+00,4.617051970045875350e+03,1.406923413176093973e+01
8.170817081708170448e+00,4.616685957133247030e+03,1.407755499257059029e+01
8.180818081808181930e+00,4.616313295632750851e+03,1.408586905571887549e+01
8.190819081908191635e+00,4.615934015302326770e+03,1.409417631294664730e+01
8.200820082008201339e+00,4.615548147275546398e+03,1.410247675603426742e+01
8.210821082108211044e+00,4.615155724061616638e+03,1.411077037680160196e+01
8.220822082208220749e+00,4.614756779545380596e+03,1.411905716710802494e+01
8.230823082308230454e+00,4.614351348987313941e+03,1.412733711885241839e+01
8.240824082408241935e+00,4.613939469023528545e+03,1.413561022397316513e+01
8.250825082508251640e+00,4.613521177665769756e+03,1.414387647444815599e+01
8.260826082608261345e+00,4.613096514301418210e+03,1.415213586229479148e+01
8.270827082708271050e+00,4.612665519693488022e+03,1.416038837956997831e+01
8.280828082808280755e+00,4.612228235980630416e+03,1.416863401837012404e+01
8.290829082908290459e+00,4.611784706677128270e+03,1.417687277083114772e+01
8.300830083008301941e+00,4.611334976672900666e+03,1.418510462912847458e+01
8.310831083108311645e+00,4.610879092233501069e+03,1.419332958547703250e+01
8.320832083208321350e+00,4.610417101000117327e+03,1.420154763213125904e+01
8.330833083308331055e+00,4.609949051989572581e+03,1.420975876138509619e+01
8.340834083408340760e+00,4.609474995594322536e+03,1.421796296557199391e+01
8.350835083508350465e+00,4.608994983582460918e+03,1.422616023706491006e+01
8.360836083608361946e+00,4.608509069097712199e+03,1.423435056827630341e+01
8.370837083708371651e+00,4.608017306659438873e+03,1.424253395165814240e+01
8.380838083808381356e+00,4.607519752162635996e+03,1.425071037970190169e+01
8.390839083908391061e+00,4.607016462877933009e+03,1.425887984493856386e+01
8.400840084008400765e+00,4.606507497451595555e+03,1.426704233993861415e+01
8.410841084108410470e+00,4.605992915905522750e+03,1.427519785731204749e+01
8.420842084208421952e+00,4.605472779637249005e+03,1.428334638970836501e+01
8.430843084308431656e+00,4.604947151419942202e+03,1.429148792981656868e+01
8.440844084408441361e+00,4.604416095402405517e+03,1.429962247036517375e+01
8.450845084508451066e+00,4.603879677109076511e+03,1.430775000412219988e+01
8.460846084608460771e+00,4.603337963440028034e+03,1.431587052389517112e+01
8.470847084708470476e+00,4.602791022670967322e+03,1.432398402253111946e+01
8.480848084808481957e+00,4.602238924453235086e+03,1.433209049291658488e+01
8.490849084908491662e+00,4.601681739813807326e+03,1.434018992797760639e+01
8.500850085008501367e+00,4.601119541155296247e+03,1.434828232067973985e+01
8.510851085108511072e+00,4.600552402255946618e+03,1.435636766402803843e+01
8.520852085208520776e+00,4.599980398269636680e+03,1.436444595106706856e+01
8.530853085308530481e+00,4.599403605725883608e+03,1.437251717488089753e+01
8.540854085408541962e+00,4.598822102529834410e+03,1.438058132859310412e+01
8.550855085508551667e+00,4.598235967962274117e+03,1.438863840536676619e+01
8.560856085608561372e+00,4.597645282679621232e+03,1.439668839840447667e+01
8.570857085708571077e+00,4.597050128713927734e+03,1.440473130094832754e+01
8.580858085808580782e+00,4.596450589472880893e+03,1.441276710627992230e+01
8.590859085908590487e+00,4.595846749739804181e+03,1.442079580772036529e+01
8.600860086008601968e+00,4.595238695673653638e+03,1.442881739863027590e+01
8.610861086108611673e+00,4.594626514809020591e+03,1.443683187240977084e+01
8.620862086208621378e+00,4.594010296056130755e+03,1.444483922249847652e+01
8.630863086308631082e+00,4.593390129700845137e+03,1.445283944237552731e+01
8.640864086408640787e+00,4.592766107404658214e+03,1.446083252555956022e+01
8.650865086508650492e+00,4.592138322204700671e+03,1.446881846560872376e+01
8.660866086608661973e+00,4.591506868513735753e+03,1.447679725612067081e+01
8.670867086708671678e+00,4.590871842120163819e+03,1.448476889073255514e+01
8.680868086808681383e+00,4.590233340188016882e+03,1.449273336312104554e+01
8.690869086908691088e+00,4.589591461256963157e+03,1.450069066700230991e+01
8.700870087008700793e+00,4.588946305242307062e+03,1.450864079613202939e+01
8.710871087108710498e+00,4.588297973434983760e+03,1.451658374430538423e+01
8.720872087208721979e+00,4.587646568501566435e+03,1.452451950535706793e+01
8.730873087308731684e+00,4.586992194484261745e+03,1.453244807316127307e+01
8.740874087408741389e+00,4.586334956800909822e+03,1.454036944163170375e+01
8.750875087508751093e+00,4.585674962244987910e+03,1.454828360472156845e+01
8.760876087608760798e+00,4.585012318985604907e+03,1.455619055642358539e+01
8.770877087708770503e+00,4.584347136567505913e+03,1.456409029076997363e+01
8.780878087808781984e+00,4.583679525911070414e+03,1.457198280183246375e+01
8.790879087908791689e+00,4.583009599312313185e+03,1.457986808372228538e+01
8.800880088008801394e+00,4.582337470442882477e+03,1.458774613059018321e+01
8.810881088108811099e+00,4.581663254350061834e+03,1.459561693662640458e+01
8.820882088208820804e+00,4.580987067456769182e+03,1.460348049606069942e+01
8.830883088308830509e+00,4.580309027561556832e+03,1.461133680316233097e+01
8.840884088408841990e+00,4.579629253838611476e+03,1.461918585224006506e+01
8.850885088508851695e+00,4.578947866837756010e+03,1.462702763764217373e+01
8.860886088608861400e+00,4.578264988484445894e+03,1.463486215375643340e+01
8.870887088708871104e+00,4.577580742079771881e+03,1.464268939501013023e+01
8.880888088808880809e+00,4.576895252300459106e+03,1.465050935587005831e+01
8.890889088908890514e+00,4.576208645198868908e+03,1.465832203084251262e+01
8.900890089008901995e+00,4.575521048202995189e+03,1.466612741447329959e+01
8.910891089108911700e+00,4.574832590116468054e+03,1.467392550134772655e+01
8.920892089208921405e+00,4.574143401118550173e+03,1.468171628609061230e+01
8.930893089308931110e+00,4.573453612764140416e+03,1.468949976336628005e+01
8.940894089408940815e+00,4.572763357983772949e+03,1.469727592787855741e+01
8.950895089508950520e+00,4.572072771083613588e+03,1.470504477437078350e+01
8.960896089608962001e+00,4.571381987745466176e+03,1.471280629762580006e+01
8.970897089708971706e+00,4.570691145026767117e+03,1.472056049246595144e+01
8.980898089808981410e+00,4.570000381360588108e+03,1.472830735375309530e+01
8.990899089908991115e+00,4.569309836555634320e+03,1.473604687638859367e+01
9.000900090009000820e+00,4.568619651796247126e+03,1.474377905531331301e+01
9.010901090109010525e+00,4.567929969642402284e+03,1.475150388550762592e+01
9.020902090209022006e+00,4.567240934029708114e+03,1.475922136199141654e+01
9.030903090309031711e+00,4.566552690269410959e+03,1.476693147982406629e+01
9.040904090409041416e+00,4.565865385048389726e+03,1.477463423410447163e+01
9.050905090509051121e+00,4.565179166429156794e+03,1.478232961997102990e+01
9.060906090609060826e+00,4.564494183849860747e+03,1.479001763260164815e+01
9.070907090709070530e+00,4.563810588124285459e+03,1.479769826721373605e+01
9.080908090809082012e+00,4.563128531441846462e+03,1.480537151906421478e+01
9.090909090909091717e+00,4.562448167367598217e+03,1.481303738344950638e+01
9.100910091009101421e+00,4.561769650842226838e+03,1.482069585570554260e+01
9.110911091109111126e+00,4.561093138182051916e+03,1.482834693120775960e+01
9.120912091209120831e+00,4.560418787079031063e+03,1.483599060537110326e+01
9.130913091309130536e+00,4.559746756600754452e+03,1.484362687365002031e+01
9.140914091409142017e+00,4.559076906580539799e+03,1.485125573144376787e+01
9.150915091509151722e+00,4.558407403121862444e+03,1.485887717373529604e+01
9.160916091609161427e+00,4.557737891215594573e+03,1.486649119613545622e+01
9.170917091709171132e+00,4.557068351433742464e+03,1.487409779440429425e+01
9.180918091809180837e+00,4.556398764780628881e+03,1.488169696433587319e+01
9.190919091909190541e+00,4.555729112692893978e+03,1.488928870175826624e+01
9.200920092009202023e+00,4.555059377039493484e+03,1.489687300253356028e+01
9.210921092109211727e+00,4.554389540121696882e+03,1.490444986255785409e+01
9.220922092209221432e+00,4.553719584673093777e+03,1.491201927776126013e+01
9.230923092309231137e+00,4.553049493859587528e+03,1.491958124410790809e+01
9.240924092409240842e+00,4.552379251279396158e+03,1.492713575759593247e+01
9.250925092509250547e+00,4.551708840963057810e+03,1.493468281425748856e+01
9.260926092609262028e+00,4.551038247373422564e+03,1.494222241015873998e+01
9.270927092709271733e+00,4.550367455405658802e+03,1.494975454139986581e+01
9.280928092809281438e+00,4.549696450387249570e+03,1.495727920411505707e+01
9.290929092909291143e+00,4.549025218077997124e+03,1.496479639447251664e+01
9.300930093009300847e+00,4.548353744670015658e+03,1.497230610867446288e+01
9.310931093109310552e+00,4.547682016787737666e+03,1.497980834295712604e+01
9.320932093209322034e+00,4.547010021487912127e+03,1.498730309359075186e+01
9.330933093309331738e+00,4.546337746259601772e+03,1.499479035687959261e+01
9.340934093409341443e+00,4.545665179024188546e+03,1.500227012916191782e+01
9.350935093509351148e+00,4.544992308135369058e+03,1.500974240681001248e+01
9.360936093609360853e+00,4.544319122379153669e+03,1.501720718623017170e+01
9.370937093709370558e+00,4.543645610973872863e+03,1.502466446386270249e+01
9.380938093809382039e+00,4.542971763570170879e+03,1.503211423618192910e+01
9.390939093909391744e+00,4.542297570251007528e+03,1.503955649969618236e+01
9.400940094009401449e+00,4.541623021531660925e+03,1.504699125094781209e+01
9.410941094109411154e+00,4.540948108359722937e+03,1.505441848651318004e+01
9.420942094209420858e+00,4.540272822115102827e+03,1.506183820300265630e+01
9.430943094309430563e+00,4.539597154610025427e+03,1.506925039706063174e+01
9.440944094409442044e+00,4.538921098089032057e+03,1.507665506536550382e+01
9.450945094509451749e+00,4.538244645228979607e+03,1.508405220462968543e+01
9.460946094609461454e+00,4.537567789139040542e+03,1.509144181159960318e+01
9.470947094709471159e+00,4.536890523360705629e+03,1.509882388305569378e+01
9.480948094809480864e+00,4.536212841867778479e+03,1.510619841581241118e+01
9.490949094909490569e+00,4.535534739066381917e+03,1.511356540671822124e+01
9.500950095009502050e+00,4.534856209794952520e+03,1.512092485265559993e+01
9.510951095109511755e+00,4.534177249324244258e+03,1.512827675054103871e+01
9.520952095209521460e+00,4.533497853357326676e+03,1.513562109732504091e+01
9.530953095309531165e+00,4.532818018029585801e+03,1.514295788999212533e+01
9.540954095409540869e+00,4.532137739908721414e+03,1.515028712556082091e+01
9.550955095509550574e+00,4.531457015994753419e+03,1.515760880108367203e+01
9.560956095609562055e+00,4.530775843720015473e+03,1.516492291364723322e+01
9.570957095709571760e+00,4.530094220949155897e+03,1.517222946037207443e+01
9.580958095809581465e+00,4.529412145979142224e+03,1.517952843841277755e+01
9.590959095909591170e+00,4.528729617539256651e+03,1.518681984495793991e+01
9.600960096009600875e+00,4.528046634791096039e+03,1.519410367723016542e+01
9.610961096109610580e+00,4.527363197328574643e+03,1.520137993248608055e+01
9.620962096209622061e+00,4.526679305177924107e+03,1.520864860801631657e+01
9.630963096309631766e+00,4.525994958797689833e+03,1.521590970114552199e+01
9.640964096409641471e+00,4.525310159078734614e+03,1.522316320923235544e+01
9.650965096509651175e+00,4.524624907344235908e+03,1.523040912966949278e+01
9.660966096609660880e+00,4.523939205349689473e+03,1.523764745988361824e+01
9.670967096709670585e+00,4.523253055282904825e+03,1.524487819733543326e+01
9.680968096809682066e+00,4.522566459764009778e+03,1.525210133951965297e+01
9.690969096909691771e+00,4.521879421845445904e+03,1.525931688396499730e+01
9.700970097009701476e+00,4.521191945011973075e+03,1.526652482823420698e+01
9.710971097109711181e+00,4.520504033180665829e+03,1.527372516992403462e+01
9.720972097209720886e+00,4.519815690700915184e+03,1.528091790666524474e+01
9.730973097309730591e+00,4.519126922354427734e+03,1.528810303612261556e+01
9.740974097409742072e+00,4.518437733355225646e+03,1.529528055599493896e+01
9.750975097509751777e+00,4.517748129349650299e+03,1.530245046401501519e+01
9.760976097609761482e+00,4.517058116416355915e+03,1.530961275794966348e+01
9.770977097709771186e+00,4.516367701066313202e+03,1.531676743559971321e+01
9.780978097809780891e+00,4.515676890242809350e+03,1.532391449480000745e+01
9.790979097909790596e+00,4.514985691321448940e+03,1.533105393341940115e+01
9.800980098009802077e+00,4.514294112110151218e+03,1.533818574936076651e+01
9.810981098109811782e+00,4.513602160849151005e+03,1.534530994056098230e+01
9.820982098209821487e+00,4.512909846211000513e+03,1.535242650499094630e+01
9.830983098309831192e+00,4.512217177300566618e+03,1.535953544065556287e+01
9.840984098409840897e+00,4.511524163655034499e+03,1.536663674559375714e+01
9.850985098509850602e+00,4.510830815243902180e+03,1.537373041787846084e+01
9.860986098609862083e+00,4.510137142468986895e+03,1.538081645561662292e+01
9.870987098709871788e+00,4.509443156164420543e+03,1.538789485694920067e+01
9.880988098809881492e+00,4.508748867596650598e+03,1.539496562005117042e+01
9.890989098909891197e+00,4.508054288464441925e+03,1.540202874313151682e+01
9.900990099009900902e+00,4.507359430898874052e+03,1.540908422443324177e+01
9.910991099109910607e+00,4.506664307463342993e+03,1.541613206223335375e+01
9.920992099209922088e+00,4.505968931153561243e+03,1.542317225484288201e+01
9.930993099309931793e+00,4.505273315397557781e+03,1.543020480060686239e+01
9.940994099409941498e+00,4.504577474055676248e+03,1.543722969790434796e+01
9.950995099509951203e+00,4.503881421420576771e+03,1.544424694514840013e+01
9.960996099609960908e+00,4.503185172217237778e+03,1.545125654078610111e+01
9.970997099709970612e+00,4.502488741602950540e+03,1.545825848329853969e+01
9.980998099809982094e+00,4.501792145167323724e+03,1.546525277120081832e+01
9.990999099909991799e+00,4.501095398932282478e+03,1.547223940304205492e+01
1.000100010001000150e+01,4.500398519352066614e+03,1.547921837740537931e+01
1.001100110011001121e+01,4.499701523313235157e+03,1.548618969290793146e+01
1.002100210021002091e+01,4.499004428134659065e+03,1.549315334820087209e+01
1.003100310031003062e+01,4.498307251567529420e+03,1.550010934196936496e+01
1.004100410041004210e+01,4.497610011795349237e+03,1.550705767293259640e+01
1.005100510051005180e+01,4.496912727433939835e+03,1.551399833984375931e+01
1.006100610061006151e+01,4.496215417531440835e+03,1.552093134149006026e+01
1.007100710071007121e+01,4.495518101568302882e+03,1.552785667669272307e+01
1.008100810081008092e+01,4.494820799457296744e+03,1.553477434430697812e+01
1.009100910091009062e+01,4.494123531543507852e+03,1.554168434322207659e+01
1.010101010101010210e+01,4.493426318604336302e+03,1.554858667236127623e+01
1.011101110111011181e+01,4.492729181849502311e+03,1.555548133068185024e+01
1.012101210121012151e+01,4.492032142921037121e+03,1.556236831717508373e+01
1.013101310131013122e+01,4.491335223893291186e+03,1.556924763086627905e+01
1.014101410141014092e+01,4.490638447272931444e+03,1.557611927081474512e+01
1.015101510151015063e+01,4.489941835998937677e+03,1.558298323611380809e+01
1.016101610161016211e+01,4.489245413442609788e+03,1.558983952589080779e+01
1.017101710171017181e+01,4.488549203407560526e+03,1.559668813930709419e+01
1.018101810181018152e+01,4.487853230129720941e+03,1.560352907555803270e+01
1.019101910191019122e+01,4.487157518277335839e+03,1.561036233387299887e+01
1.020102010201020093e+01,4.486462092950969236e+03,1.561718791351538371e+01
1.021102110211021063e+01,4.485766979683497084e+03,1.562400581378259012e+01
1.022102210221022212e+01,4.485072204440115456e+03,1.563081603400603825e+01
1.023102310231023182e+01,4.484377793618335090e+03,1.563761857355115481e+01
1.024102410241024153e+01,4.483683774047980478e+03,1.564441343181738020e+01
1.025102510251025123e+01,4.482990172991196232e+03,1.565120060823817383e+01
1.026102610261026093e+01,4.482297018142439811e+03,1.565798010228100345e+01
1.027102710271027242e+01,4.481604337628486064e+03,1.566475191344735052e+01
1.028102810281028212e+01,4.480912160008426326e+03,1.567151604127270836e+01
1.029102910291029183e+01,4.480220514273666595e+03,1.567827248532658402e+01
1.030103010301030153e+01,4.479529429847930260e+03,1.568502124521250174e+01
1.031103110311031124e+01,4.478838936587256285e+03,1.569176232056799236e+01
1.032103210321032094e+01,4.478149064779999208e+03,1.569849571106460573e+01
1.033103310331033242e+01,4.477459845146830048e+03,1.570522141640790004e+01
1.034103410341034213e+01,4.476771308840737220e+03,1.571193943633744716e+01
1.035103510351035183e+01,4.476083487447022890e+03,1.571864977062683266e+01
1.036103610361036154e+01,4.475396412983305709e+03,1.572535241908365933e+01
1.037103710371037124e+01,4.474710117899522629e+03,1.573204738154953475e+01
1.038103810381038095e+01,4.474024635077924358e+03,1.573873465790008552e+01
1.039103910391039243e+01,4.473339997833078087e+03,1.574541424804495193e+01
1.040104010401040213e+01,4.472656239911867488e+03,1.575208615192778261e+01
1.041104110411041184e+01,4.471973395493492717e+03,1.575875036952624164e+01
1.042104210421042154e+01,4.471291499189469505e+03,1.576540690085200858e+01
1.043104310431043125e+01,4.470610586043628246e+03,1.577205574595076953e+01
1.044104410441044095e+01,4.469930691532118544e+03,1.577869690490223320e+01
1.045104510451045243e+01,4.469251851563403761e+03,1.578533037782011128e+01
1.046104610461046214e+01,4.468574102478262830e+03,1.579195616485213627e+01
1.047104710471047184e+01,4.467897481049792987e+03,1.579857426618004723e+01
1.048104810481048155e+01,4.467222024483406130e+03,1.580518468201960225e+01
1.049104910491049125e+01,4.466547770416829735e+03,1.581178741262056775e+01
1.050105010501050096e+01,4.465874756920108666e+03,1.581838245826672740e+01
1.051105110511051244e+01,4.465203022495603363e+03,1.582496981927587676e+01
1.052105210521052214e+01,4.464532606077989840e+03,1.583154949599981798e+01
1.053105310531053185e+01,4.463863547034261501e+03,1.583812148882437754e+01
1.054105410541054155e+01,4.463195885163725507e+03,1.584468579816938494e+01
1.055105510551055126e+01,4.462529660698006410e+03,1.585124242448868870e+01
1.056105610561056096e+01,4.461864914301046156e+03,1.585779136827014746e+01
1.057105710571057244e+01,4.461201687069100444e+03,1.586433263003563532e+01
1.058105810581058215e+01,4.460540020530742368e+03,1.587086621034103828e+01
1.059105910591059185e+01,4.459879956646861501e+03,1.587739210977625248e+01
1.060106010601060156e+01,4.459221537810661175e+03,1.588391032896519306e+01
1.061106110611061126e+01,4.458564806847663931e+03,1.589042086856578351e+01
1.062106210621062097e+01,4.457909807015705155e+03,1.589692372926995922e+01
1.063106310631063245e+01,4.457256582004940356e+03,1.590341891180367639e+01
1.064106410641064215e+01,4.456605175937836066e+03,1.590990641692689422e+01
1.065106510651065186e+01,4.455955633369179850e+03,1.591638624543359271e+01
1.066106610661066156e+01,4.455307999286072118e+03,1.592285839815176018e+01
1.067106710671067127e+01,4.454662319107929761e+03,1.592932287594339869e+01
1.068106810681068097e+01,4.454018521900355154e+03,1.593577967897638636e+01
1.069106910691069245e+01,4.453375868083727255e+03,1.594222880346779903e+01
1.070107010701070216e+01,4.452734210778404304e+03,1.594867024965845204e+01
1.071107110711071186e+01,4.452093539498053360e+03,1.595510401868334149e+01
1.072107210721072157e+01,4.451453843869878256e+03,1.596153011169845648e+01
1.073107310731073127e+01,4.450815113634622321e+03,1.596794852988077729e+01
1.074107410741074098e+01,4.450177338646562930e+03,1.597435927442827719e+01
1.075107510751075246e+01,4.449540508873516956e+03,1.598076234655992600e+01
1.076107610761076216e+01,4.448904614396838042e+03,1.598715774751567942e+01
1.077107710771077187e+01,4.448269645411416604e+03,1.599354547855649500e+01
1.078107810781078157e+01,4.447635592225680739e+03,1.599992554096431618e+01
1.079107910791079128e+01,4.447002445261596222e+03,1.600629793604208473e+01
1.080108010801080098e+01,4.446370195054665601e+03,1.601266266511373715e+01
1.081108110811081247e+01,4.445738832253928194e+03,1.601901972952419229e+01
1.082108210821082217e+01,4.445108347621961002e+03,1.602536913063937263e+01
1.083108310831083188e+01,4.444478732034879613e+03,1.603171086984619365e+01
1.084108410841084158e+01,4.443849976482335478e+03,1.603804494855255314e+01
1.085108510851085128e+01,4.443222072067516820e+03,1.604437136818735965e+01
1.086108610861086099e+01,4.442595010007150449e+03,1.605069013020049695e+01
1.087108710871087247e+01,4.441968781631499041e+03,1.605700123606285601e+01
1.088108810881088218e+01,4.441343378384364769e+03,1.606330468726631011e+01
1.089108910891089188e+01,4.440718791823085667e+03,1.606960048532373264e+01
1.090109010901090159e+01,4.440095013618535631e+03,1.607588863176898641e+01
1.091109110911091129e+01,4.439472035555128059e+03,1.608216912815693433e+01
1.092109210921092100e+01,4.438849849530813117e+03,1.608844197606342163e+01
1.093109310931093248e+01,4.438228447557077743e+03,1.609470717708529719e+01
1.094109410941094218e+01,4.437607821758946557e+03,1.610096473284039220e+01
1.095109510951095189e+01,4.436987964374980947e+03,1.610721464496754152e+01
1.096109610961096159e+01,4.436368867757280896e+03,1.611345691512656586e+01
1.097109710971097130e+01,4.435750524371481333e+03,1.611969154499828250e+01
1.098109810981098100e+01,4.435132926796756692e+03,1.612591853628450167e+01
1.099109910991099248e+01,4.434516067725817265e+03,1.613213789070802662e+01
1.100110011001100219e+01,4.433899939964911937e+03,1.613834961001265356e+01
1.101110111011101189e+01,4.433284536433825451e+03,1.614455369596316814e+01
1.102110211021102160e+01,4.432669850165880234e+03,1.615075015034535610e+01
1.103110311031103130e+01,4.432055874307937302e+03,1.615693897496599618e+01
1.104110411041104101e+01,4.431442602120392621e+03,1.616312017165284942e+01
1.105110511051105249e+01,4.430830026977181660e+03,1.616929374225468052e+01
1.106110611061106219e+01,4.430218142365774838e+03,1.617545968864124717e+01
1.107110711071107190e+01,4.429606941887182984e+03,1.618161801270329647e+01
1.108110811081108160e+01,4.428996419255950968e+03,1.618776871635256853e+01
1.109110911091109131e+01,4.428386568300163162e+03,1.619391180152179643e+01
1.110111011101110101e+01,4.427777382961439798e+03,1.620004727016470980e+01
1.111111111111111249e+01,4.427168857294939698e+03,1.620617512425602769e+01
1.112111211121112220e+01,4.426560985469357547e+03,1.621229536579146568e+01
1.113111311131113190e+01,4.425953761766926618e+03,1.621840799678773237e+01
1.114111411141114161e+01,4.425347180583416957e+03,1.622451301928252221e+01
1.115111511151115131e+01,4.424741236428134471e+03,1.623061043533453329e+01
1.116111611161116102e+01,4.424135923923925475e+03,1.623670024702345316e+01
1.117111711171117250e+01,4.423531237807171237e+03,1.624278245644995522e+01
1.118111811181118220e+01,4.422927172927789798e+03,1.624885706573572008e+01
1.119111911191119191e+01,4.422323724249237785e+03,1.625492407702340714e+01
1.120112011201120161e+01,4.421720886848510418e+03,1.626098349247667940e+01
1.121112111211121132e+01,4.421118655916136049e+03,1.626703531428018579e+01
1.122112211221122102e+01,4.420517026756185260e+03,1.627307954463957529e+01
1.123112311231123250e+01,4.419915994786261763e+03,1.627911618578148634e+01
1.124112411241124221e+01,4.419315555537508772e+03,1.628514523995354679e+01
1.125112511251125191e+01,4.418715704654606270e+03,1.629116670942438461e+01
1.126112611261126162e+01,4.418116437895771924e+03,1.629718059648361717e+01
1.127112711271127132e+01,4.417517751132759258e+03,1.630318690344185484e+01
1.128112811281128103e+01,4.416919640350861300e+03,1.630918563263070453e+01
1.129112911291129251e+01,4.416322101648906028e+03,1.631517678640276259e+01
1.130113011301130221e+01,4.415725131239260918e+03,1.632116036713161478e+01
1.131113111311131192e+01,4.415128725447828401e+03,1.632713637721185407e+01
1.132113211321132162e+01,4.414532880714050407e+03,1.633310481905904865e+01
1.133113311331133133e+01,4.413937593590903816e+03,1.633906569510977391e+01
1.134113411341134103e+01,4.413342860744905920e+03,1.634501900782159112e+01
1.135113511351135251e+01,4.412748678956107142e+03,1.635096475967305807e+01
1.136113611361136222e+01,4.412155045118099224e+03,1.635690295316372200e+01
1.137113711371137192e+01,4.411561956238009770e+03,1.636283359081412669e+01
1.138113811381138163e+01,4.410969409436501337e+03,1.636875667516580890e+01
1.139113911391139133e+01,4.410377401947777798e+03,1.637467220878129481e+01
1.140114011401140104e+01,4.409785931119576162e+03,1.638058019424411071e+01
1.141114111411141252e+01,4.409194994413174754e+03,1.638648063415877232e+01
1.142114211421142222e+01,4.408604589403386854e+03,1.639237353115078477e+01
1.143114311431143193e+01,4.408014713778562509e+03,1.639825888786664976e+01
1.144114411441144163e+01,4.407425365340590361e+03,1.640413670697386195e+01
1.145114511451145134e+01,4.406836542004895819e+03,1.641000699116090900e+01
1.146114611461146104e+01,4.406248241800441065e+03,1.641586974313727865e+01
1.147114711471147253e+01,4.405660462869727780e+03,1.642172496563343742e+01
1.148114811481148223e+01,4.405073203468791689e+03,1.642757266140085193e+01
1.149114911491149194e+01,4.404486461967208015e+03,1.643341283321198887e+01
1.150115011501150164e+01,4.403900236848088753e+03,1.643924548386029727e+01
1.151115111511151134e+01,4.403314526708081758e+03,1.644507061616022980e+01
1.152115211521152105e+01,4.402729330257375295e+03,1.645088823294721792e+01
1.153115311531153253e+01,4.402144646319691674e+03,1.645669833707770024e+01
1.154115411541154224e+01,4.401560473832292701e+03,1.646250093142910487e+01
1.155115511551155194e+01,4.400976811845975135e+03,1.646829601889984573e+01
1.156115611561156165e+01,4.400393659525076146e+03,1.647408360240933689e+01
1.157115711571157135e+01,4.399811016147468763e+03,1.647986368489798892e+01
1.158115811581158106e+01,4.399228881104560969e+03,1.648563626932719473e+01
1.159115911591159254e+01,4.398647253901301156e+03,1.649140135867935086e+01
1.160116011601160224e+01,4.398066134156174485e+03,1.649715895595783977e+01
1.161116111611161195e+01,4.397485521601201981e+03,1.650290906418704040e+01
1.162116211621162165e+01,4.396905416081943258e+03,1.650865168641232472e+01
1.163116311631163136e+01,4.396325817557493792e+03,1.651438682570005767e+01
1.164116411641164106e+01,4.395746726100489468e+03,1.652011448513759717e+01
1.165116511651165254e+01,4.395168141897098394e+03,1.652583466783329413e+01
1.166116611661166225e+01,4.394590065247030907e+03,1.653154737691649245e+01
1.167116711671167195e+01,4.394012496563532295e+03,1.653725261553752546e+01
1.168116811681168166e+01,4.393435436373383709e+03,1.654295038686773367e+01
1.169116911691169136e+01,4.392858885316907617e+03,1.654864069409942928e+01
1.170117011701170107e+01,4.392282844147958713e+03,1.655432354044593879e+01
1.171117111711171255e+01,4.391707313733933916e+03,1.655999892914156746e+01
1.172117211721172225e+01,4.391132295055764189e+03,1.656566686344161354e+01
1.173117311731173196e+01,4.390557789207918177e+03,1.657132734662238249e+01
1.174117411741174166e+01,4.389983797398403112e+03,1.657698038198115853e+01
1.175117511751175137e+01,4.389410320948763001e+03,1.658262597283622597e+01
1.176117611761176107e+01,4.388837361294077709e+03,1.658826412252686211e+01
1.177117711771177255e+01,4.388264919982965694e+03,1.659389483441333013e+01
1.178117811781178226e+01,4.387692998677583091e+03,1.659951811187689685e+01
1.179117911791179196e+01,4.387121599153621901e+03,1.660513395831981498e+01
1.180118011801180167e+01,4.386550723300313621e+03,1.661074237716533375e+01
1.181118111811181137e+01,4.385980373120424701e+03,1.661634337185769539e+01
1.182118211821182108e+01,4.385410550730259274e+03,1.662193694586213510e+01
1.183118311831183256e+01,4.384841258359659150e+03,1.662752310266487754e+01
1.184118411841184226e+01,4.384272498352004732e+03,1.663310184577314743e+01
1.185118511851185197e+01,4.383704273164212282e+03,1.663867317871515539e+01
1.186118611861186167e+01,4.383136585366734835e+03,1.664423710504010856e+01
1.187118711871187138e+01,4.382569437643563106e+03,1.664979362831821064e+01
1.188118811881188108e+01,4.382002832792226400e+03,1.665534275214065474e+01
1.189118911891189256e+01,4.381436773723789884e+03,1.666088448011962697e+01
1.190119011901190227e+01,4.380871263462856405e+03,1.666641881588830287e+01
1.191119111911191197e+01,4.380306305147565581e+03,1.667194576310086163e+01
1.192119211921192168e+01,4.379741902029594712e+03,1.667746532543246829e+01
1.193119311931193138e+01,4.379178057474159687e+03,1.668297750657927736e+01
1.194119411941194109e+01,4.378614774960011346e+03,1.668848231025844697e+01
1.195119511951195257e+01,4.378052058079439121e+03,1.669397974020812114e+01
1.196119611961196227e+01,4.377489910538269214e+03,1.669946980018743687e+01
1.197119711971197198e+01,4.376928336155865509e+03,1.670495249397652415e+01
1.198119811981198168e+01,4.376367338865130478e+03,1.671042782537651661e+01
1.199119911991199139e+01,4.375806922712499727e+03,1.671589579820952309e+01
1.200120012001200109e+01,4.375247091857951091e+03,1.672135641631865965e+01
1.201120112011201257e+01,4.374687850574996446e+03,1.672680968356803177e+01
1.202120212021202228e+01,4.374129203250685350e+03,1.673225560384273436e+01
1.203120312031203198e+01,4.373571154385606860e+03,1.673769418104885887e+01
1.204120412041204169e+01,4.373013708593884076e+03,1.674312541911348973e+01
1.205120512051205139e+01,4.372456870603180505e+03,1.674854932198470436e+01
1.206120612061206110e+01,4.371900645254692790e+03,1.675396589363157318e+01
1.207120712071207258e+01,4.371345037503160711e+03,1.675937513804415957e+01
1.208120812081208229e+01,4.370790052416855360e+03,1.676477705923351991e+01
1.209120912091209199e+01,4.370235695177589150e+03,1.677017166123170355e+01
1.210121012101210169e+01,4.369681971080709445e+03,1.677555894809175285e+01
1.211121112111211140e+01,4.369128885535103109e+03,1.678093892388770669e+01
1.212121212121212110e+01,4.368576444063191957e+03,1.678631159271458984e+01
1.213121312131213259e+01,4.368024652300937305e+03,1.679167695868843069e+01
1.214121412141214229e+01,4.367473515997834511e+03,1.679703502594623998e+01
1.215121512151215200e+01,4.366923041016920251e+03,1.680238579864602855e+01
1.216121612161216170e+01,4.366373233334766155e+03,1.680772928096679664e+01
1.217121712171217141e+01,4.365824099041480622e+03,1.681306547710854105e+01
1.218121812181218111e+01,4.365275644340710642e+03,1.681839439129224800e+01
1.219121912191219259e+01,4.364727875549639975e+03,1.682371602775990027e+01
1.220122012201220230e+01,4.364180799098990065e+03,1.682903039077447005e+01
1.221122112211221200e+01,4.363634421533018212e+03,1.683433748461992963e+01
1.222122212221222171e+01,4.363088749509521222e+03,1.683963731360123717e+01
1.223122312231223141e+01,4.362543789799831757e+03,1.684492988204434383e+01
1.224122412241224112e+01,4.361999549288819253e+03,1.685021519429620085e+01
1.225122512251225260e+01,4.361456034974891736e+03,1.685549325472474536e+01
1.226122612261226230e+01,4.360913253969994003e+03,1.686076406771891456e+01
1.227122712271227201e+01,4.360371213499607620e+03,1.686602763768863156e+01
1.228122812281228171e+01,4.359829920902751837e+03,1.687128396906481598e+01
1.229122912291229142e+01,4.359289383631983583e+03,1.687653306629938044e+01
1.230123012301230112e+01,4.358749609253396557e+03,1.688177493386523409e+01
1.231123112311231260e+01,4.358210605446621230e+03,1.688700957625627552e+01
1.232123212321232231e+01,4.357672380004827573e+03,1.689223699798739631e+01
1.233123312331233201e+01,4.357134940834719600e+03,1.689745720359448100e+01
1.234123412341234172e+01,4.356598295956540824e+03,1.690267019763440715e+01
1.235123512351235142e+01,4.356062453504071527e+03,1.690787598468504882e+01
1.236123612361236113e+01,4.355527421724628766e+03,1.691307456934526954e+01
1.237123712371237261e+01,4.354993208979067276e+03,1.691826595623492935e+01
1.238123812381238231e+01,4.354459823741780383e+03,1.692345014999487418e+01
1.239123912391239202e+01,4.353927274600695455e+03,1.692862715528695716e+01
1.240124012401240172e+01,4.353395570257280269e+03,1.693379697679400664e+01
1.241124112411241143e+01,4.352864719526538465e+03,1.693895961921986171e+01
1.242124212421242113e+01,4.352334731337010453e+03,1.694411508728934024e+01
1.243124312431243261e+01,4.351805614730775233e+03,1.694926338574826019e+01
1.244124412441244232e+01,4.351277378863448575e+03,1.695440451936343607e+01
1.245124512451245202e+01,4.350750033004183933e+03,1.695953849292266469e+01
1.246124612461246173e+01,4.350223586535669710e+03,1.696466531123474653e+01
1.247124712471247143e+01,4.349698048954135629e+03,1.696978497912947148e+01
1.248124812481248114e+01,4.349173429869344545e+03,1.697489750145761889e+01
1.249124912491249262e+01,4.348649739004599724e+03,1.698000288309096817e+01
1.250125012501250232e+01,4.348126986196739381e+03,1.698510112892228818e+01
1.251125112511251203e+01,4.347605181396141234e+03,1.699019224386533722e+01
1.252125212521252173e+01,4.347084334666717950e+03,1.699527623285487365e+01
1.253125312531253144e+01,4.346564456185921699e+03,1.700035310084664886e+01
1.254125412541254114e+01,4.346045556244741420e+03,1.700542285281739652e+01
1.255125512551255262e+01,4.345527645247701003e+03,1.701048549376486108e+01
1.256125612561256233e+01,4.345010733712863839e+03,1.701554102870776575e+01
1.257125712571257203e+01,4.344494832271831001e+03,1.702058946268583028e+01
1.258125812581258174e+01,4.343979951669740331e+03,1.702563080075977098e+01
1.259125912591259144e+01,4.343466102765265532e+03,1.703066504801129355e+01
1.260126012601260115e+01,4.342953296530617990e+03,1.703569220954310381e+01
1.261126112611261263e+01,4.342441544051549499e+03,1.704071229047888991e+01
1.262126212621262233e+01,4.341930856527344076e+03,1.704572529596334007e+01
1.263126312631263204e+01,4.341421245270827058e+03,1.705073123116213196e+01
1.264126412641264174e+01,4.340912721708359641e+03,1.705573010126194688e+01
1.265126512651265145e+01,4.340405297379839794e+03,1.706072191147044137e+01
1.266126612661266115e+01,4.339898983938703168e+03,1.706570666701628269e+01
1.267126712671267263e+01,4.339393793151923092e+03,1.707068437314912046e+01
1.268126812681268234e+01,4.338889736900008756e+03,1.707565503513959726e+01
1.269126912691269204e+01,4.338386827177009764e+03,1.708061865827935932e+01
1.270127012701270175e+01,4.337885076090508846e+03,1.708557524788103166e+01
1.271127112711271145e+01,4.337384495861629148e+03,1.709052480927824291e+01
1.272127212721272116e+01,4.336885098825029672e+03,1.709546734782561117e+01
1.273127312731273264e+01,4.336386897428907105e+03,1.710040286889875105e+01
1.274127412741274235e+01,4.335889904234994901e+03,1.710533137789426306e+01
1.275127512751275205e+01,4.335394131918565108e+03,1.711025288022974422e+01
1.276127612761276175e+01,4.334899593268426543e+03,1.711516738134378812e+01
1.277127712771277146e+01,4.334406301186922974e+03,1.712007488669598132e+01
1.278127812781278116e+01,4.333914268689939490e+03,1.712497540176689625e+01
1.279127912791279265e+01,4.333423508906895222e+03,1.712986893205810901e+01
1.280128012801280235e+01,4.332934035080747890e+03,1.713475548309217800e+01
1.281128112811281206e+01,4.332445860567991986e+03,1.713963506041266172e+01
1.282128212821282176e+01,4.331958998838660591e+03,1.714450766958410810e+01
1.283128312831283147e+01,4.331473463476322650e+03,1.714937331619206873e+01
1.284128412841284117e+01,4.330989268178083876e+03,1.715423200584307040e+01
1.285128512851285265e+01,4.330506426754589484e+03,1.715908374416464355e+01
1.286128612861286236e+01,4.330024953130019640e+03,1.716392853680531871e+01
1.287128712871287206e+01,4.329544861342094009e+03,1.716876638943460165e+01
1.288128812881288177e+01,4.329066008498656629e+03,1.717359730412133700e+01
1.289128912891289147e+01,4.328588185222166430e+03,1.717842128166599380e+01
1.290129012901290118e+01,4.328111382330313972e+03,1.718323832764644266e+01
1.291129112911291266e+01,4.327635591733919682e+03,1.718804844766987472e+01
1.292129212921292236e+01,4.327160805396038995e+03,1.719285164734840521e+01
1.293129312931293207e+01,4.326687015331961447e+03,1.719764793229906985e+01
1.294129412941294177e+01,4.326214213609214312e+03,1.720243730814382133e+01
1.295129512951295148e+01,4.325742392347558052e+03,1.720721978050953993e+01
1.296129612961296118e+01,4.325271543718989960e+03,1.721199535502803002e+01
1.297129712971297266e+01,4.324801659947741427e+03,1.721676403733601290e+01
1.298129812981298237e+01,4.324332733310280673e+03,1.722152583307513396e+01
1.299129912991299207e+01,4.323864756135310017e+03,1.722628074789195196e+01
1.300130013001300178e+01,4.323397720803768607e+03,1.723102878743796396e+01
1.301130113011301148e+01,4.322931619748829689e+03,1.723576995736957329e+01
1.302130213021302119e+01,4.322466445455903340e+03,1.724050426334811803e+01
1.303130313031303267e+01,4.322002190462631916e+03,1.724523171103984609e+01
1.304130413041304237e+01,4.321538847358897328e+03,1.724995230611593300e+01
1.305130513051305208e+01,4.321076408786814682e+03,1.725466605425247835e+01
1.306130613061306178e+01,4.320614867440734088e+03,1.725937296113050223e+01
1.307130713071307149e+01,4.320154216067241578e+03,1.726407303243593816e+01
1.308130813081308119e+01,4.319694447465159101e+03,1.726876627385965790e+01
1.309130913091309267e+01,4.319235554485543616e+03,1.727345269109743953e+01
1.310131013101310238e+01,4.318777530031687093e+03,1.727813228984999228e+01
1.311131113111311208e+01,4.318320367059117416e+03,1.728280507582294234e+01
1.312131213121312179e+01,4.317864058575598392e+03,1.728747105472683998e+01
1.313131313131313149e+01,4.317408597641127017e+03,1.729213023227715951e+01
1.314131413141314120e+01,4.316953977367938933e+03,1.729678261419428864e+01
1.315131513151315268e+01,4.316500190920502064e+03,1.730142820620354627e+01
1.316131613161316238e+01,4.316047231515521162e+03,1.730606701403517178e+01
1.317131713171317209e+01,4.315595092421937807e+03,1.731069904342431798e+01
1.318131813181318179e+01,4.315143766960925859e+03,1.731532430011106882e+01
1.319131913191319150e+01,4.314693248505896918e+03,1.731994278984042523e+01
1.320132013201320120e+01,4.314243530482497590e+03,1.732455451836231575e+01
1.321132113211321268e+01,4.313794606368608584e+03,1.732915949143158585e+01
1.322132213221322239e+01,4.313346469694347434e+03,1.733375771480799798e+01
1.323132313231323209e+01,4.312899114042067595e+03,1.733834919425624577e+01
1.324132413241324180e+01,4.312452533046355711e+03,1.734293393554593976e+01
1.325132513251325150e+01,4.312006720394036165e+03,1.734751194445161104e+01
1.326132613261326121e+01,4.311561669824165620e+03,1.735208322675272186e+01
1.327132713271327269e+01,4.311117375128040294e+03,1.735664778823364429e+01
1.328132813281328239e+01,4.310673830149189598e+03,1.736120563468367806e+01
1.329132913291329210e+01,4.310231028783377042e+03,1.736575677189704336e+01
1.330133013301330180e+01,4.309788964978602962e+03,1.737030120567288094e+01
1.331133113311331151e+01,4.309347632735104526e+03,1.737483894181525912e+01
1.332133213321332121e+01,4.308907026105352088e+03,1.737936998613315964e+01
1.333133313331333270e+01,4.308467139194051015e+03,1.738389434444049542e+01
1.334133413341334240e+01,4.308027966158144409e+03,1.738841202255609275e+01
1.335133513351335210e+01,4.307589501206809473e+03,1.739292302630370557e+01
1.336133613361336181e+01,4.307151738601458419e+03,1.739742736151200120e+01
1.337133713371337151e+01,4.306714672655740287e+03,1.740192503401458168e+01
1.338133813381338122e+01,4.306278297735536398e+03,1.740641604964996247e+01
1.339133913391339270e+01,4.305842608258967630e+03,1.741090041426157953e+01
1.340134013401340241e+01,4.305407598696388050e+03,1.741537813369779641e+01
1.341134113411341211e+01,4.304973263570385825e+03,1.741984921381189722e+01
1.342134213421342182e+01,4.304539597455787771e+03,1.742431366046207941e+01
1.343134313431343152e+01,4.304106594979652982e+03,1.742877147951147521e+01
1.344134413441344122e+01,4.303674250821278292e+03,1.743322267682813020e+01
1.345134513451345271e+01,4.303242559712193724e+03,1.743766725828501407e+01
1.346134613461346241e+01,4.302811516436167949e+03,1.744210522976001698e+01
1.347134713471347212e+01,4.302381115829201008e+03,1.744653659713595673e+01
1.348134813481348182e+01,4.301951352779531589e+03,1.745096136630056449e+01
1.349134913491349153e+01,4.301522222227631573e+03,1.745537954314649909e+01
1.350135013501350123e+01,4.301093719166209667e+03,1.745979113357133627e+01
1.351135113511351271e+01,4.300665838640209586e+03,1.746419614347758298e+01
1.352135213521352242e+01,4.300238575746810056e+03,1.746859457877265243e+01
1.353135313531353212e+01,4.299811925635425723e+03,1.747298644536889967e+01
1.354135413541354183e+01,4.299385883507706239e+03,1.747737174918358249e+01
1.355135513551355153e+01,4.298960444617537178e+03,1.748175049613888987e+01
1.356135613561356124e+01,4.298535604271038210e+03,1.748612269216193482e+01
1.357135713571357272e+01,4.298111357826566746e+03,1.749048834318474732e+01
1.358135813581358242e+01,4.297687700694713385e+03,1.749484745514428141e+01
1.359135913591359213e+01,4.297264628338305556e+03,1.749920003398241164e+01
1.360136013601360183e+01,4.296842136272404787e+03,1.750354608564593306e+01
1.361136113611361154e+01,4.296420220064308523e+03,1.750788561608656480e+01
1.362136213621362124e+01,4.295998875333550131e+03,1.751221863126095002e+01
1.363136313631363272e+01,4.295578097751897985e+03,1.751654513713065242e+01
1.364136413641364243e+01,4.295157883043355469e+03,1.752086513966214909e+01
1.365136513651365213e+01,4.294738226984162793e+03,1.752517864482685539e+01
1.366136613661366184e+01,4.294319125402793361e+03,1.752948565860108943e+01
1.367136713671367154e+01,4.293900574179958312e+03,1.753378618696610758e+01
1.368136813681368125e+01,4.293482569248601976e+03,1.753808023590807963e+01
1.369136913691369273e+01,4.293065106593906421e+03,1.754236781141809942e+01
1.370137013701370243e+01,4.292648182253285995e+03,1.754664891949218131e+01
1.371137113711371214e+01,4.292231792316393694e+03,1.755092356613126370e+01
1.372137213721372184e+01,4.291815932925116613e+03,1.755519175734120196e+01
1.373137313731373155e+01,4.291400600273575947e+03,1.755945349913277909e+01
1.374137413741374125e+01,4.290985790608130628e+03,1.756370879752169500e+01
1.375137513751375273e+01,4.290571500227372781e+03,1.756795765852858082e+01
1.376137613761376244e+01,4.290157725482132264e+03,1.757220008817897394e+01
1.377137713771377214e+01,4.289744462775472130e+03,1.757643609250334649e+01
1.378137813781378185e+01,4.289331708562691347e+03,1.758066567753708753e+01
1.379137913791379155e+01,4.288919459351325713e+03,1.758488884932051022e+01
1.380138013801380126e+01,4.288507711701145126e+03,1.758910561389884464e+01
1.381138113811381274e+01,4.288096462224154493e+03,1.759331597732224850e+01
1.382138213821382244e+01,4.287685707584595548e+03,1.759751994564579647e+01
1.383138313831383215e+01,4.287275444498944125e+03,1.760171752492948727e+01
1.384138413841384185e+01,4.286865669735911979e+03,1.760590872123824369e+01
1.385138513851385156e+01,4.286456380116446780e+03,1.761009354064190902e+01
1.386138613861386126e+01,4.286047572513731211e+03,1.761427198921524351e+01
1.387138713871387274e+01,4.285639243853182052e+03,1.761844407303793503e+01
1.388138813881388245e+01,4.285231391112452911e+03,1.762260979819459195e+01
1.389138913891389215e+01,4.284824011321434227e+03,1.762676917077474315e+01
1.390139013901390186e+01,4.284417101562247808e+03,1.763092219687283801e+01
1.391139113911391156e+01,4.284010658969255019e+03,1.763506888258825711e+01
1.392139213921392127e+01,4.283604680729049505e+03,1.763920923402528729e+01
1.393139313931393275e+01,4.283199164080462651e+03,1.764334325729315012e+01
1.394139413941394245e+01,4.282794106314559031e+03,1.764747095850598058e+01
1.395139513951395216e+01,4.282389504774640045e+03,1.765159234378284125e+01
1.396139613961396186e+01,4.281985356856243925e+03,1.765570741924771525e+01
1.397139713971397157e+01,4.281581660007140272e+03,1.765981619102950617e+01
1.398139813981398127e+01,4.281178411727337334e+03,1.766391866526204169e+01
1.399139913991399276e+01,4.280775609569077460e+03,1.766801484808406641e+01
1.400140014001400246e+01,4.280373251136839826e+03,1.767210474563925260e+01
1.401140114011401216e+01,4.279971334087337709e+03,1.767618836407618943e+01
1.402140214021402187e+01,4.279569856129518485e+03,1.768026570954839016e+01
1.403140314031403157e+01,4.279168815024568175e+03,1.768433678821429211e+01
1.404140414041404128e+01,4.278768208585905995e+03,1.768840160623724955e+01
1.405140514051405276e+01,4.278368034679186167e+03,1.769246016978554437e+01
1.406140614061406247e+01,4.277968291222300650e+03,1.769651248503237539e+01
1.407140714071407217e+01,4.277568976185374595e+03,1.770055855815586199e+01
1.408140814081408188e+01,4.277170087590769072e+03,1.770459839533905466e+01
1.409140914091409158e+01,4.276771623513081067e+03,1.770863200276991378e+01
1.410141014101410128e+01,4.276373582079142579e+03,1.771265938664132733e+01
1.411141114111411277e+01,4.275975961468021524e+03,1.771668055315111090e+01
1.412141214121412247e+01,4.275578759911019915e+03,1.772069550850198638e+01
1.413141314131413218e+01,4.275181975691676598e+03,1.772470425890161394e+01
1.414141414141414188e+01,4.274785607145765425e+03,1.772870681056257069e+01
1.415141514151415159e+01,4.274389652661295258e+03,1.773270316970234362e+01
1.416141614161416129e+01,4.273994110678510879e+03,1.773669334254336150e+01
1.417141714171417277e+01,4.273598979689891166e+03,1.774067733531295943e+01
1.418141814181418248e+01,4.273204258240152740e+03,1.774465515424340367e+01
1.419141914191419218e+01,4.272809944926245407e+03,1.774862680557187034e+01
1.420142014201420189e+01,4.272416038397354896e+03,1.775259229554047380e+01
1.421142114211421159e+01,4.272022537354903761e+03,1.775655163039623829e+01
1.422142214221422130e+01,4.271629440552547749e+03,1.776050481639111567e+01
1.423142314231423278e+01,4.271236746796180341e+03,1.776445185978197472e+01
1.424142414241424248e+01,4.270844454943928213e+03,1.776839276683060831e+01
1.425142514251425219e+01,4.270452563906154865e+03,1.777232754380372981e+01
1.426142614261426189e+01,4.270061072645457898e+03,1.777625619697298376e+01
1.427142714271427160e+01,4.269669980176672652e+03,1.778017873261492099e+01
1.428142814281428130e+01,4.269279285566867657e+03,1.778409515701102350e+01
1.429142914291429278e+01,4.268888987935347359e+03,1.778800547644769736e+01
1.430143014301430249e+01,4.268499086453652126e+03,1.779190969721626203e+01
1.431143114311431219e+01,4.268109580345557333e+03,1.779580782561296814e+01
1.432143214321432190e+01,4.267720468887073366e+03,1.779969986793897974e+01
1.433143314331433160e+01,4.267331751406446529e+03,1.780358583050038490e+01
1.434143414341434131e+01,4.266943427284159043e+03,1.780746571960819935e+01
1.435143514351435279e+01,4.266555495952928140e+03,1.781133954157835575e+01
1.436143614361436249e+01,4.266167956897705153e+03,1.781520730273170372e+01
1.437143714371437220e+01,4.265780809655679150e+03,1.781906900939402760e+01
1.438143814381438190e+01,4.265394053816272390e+03,1.782292466789602159e+01
1.439143914391439161e+01,4.265007689021143051e+03,1.782677428457330748e+01
1.440144014401440131e+01,4.264621714964187049e+03,1.783061786576642405e+01
1.441144114411441279e+01,4.264236131391532581e+03,1.783445541782084121e+01
1.442144214421442250e+01,4.263850938101543761e+03,1.783828694708694229e+01
1.443144314431443220e+01,4.263466134944822443e+03,1.784211245992003469e+01
1.444144414441444191e+01,4.263081721824203669e+03,1.784593196268034632e+01
1.445144514451445161e+01,4.262697698694757491e+03,1.784974546173302912e+01
1.446144614461446132e+01,4.262314065563790791e+03,1.785355296344815912e+01
1.447144714471447280e+01,4.261930822490846367e+03,1.785735447420072930e+01
1.448144814481448250e+01,4.261547969587700209e+03,1.786115000037065670e+01
1.449144914491449221e+01,4.261165507018365133e+03,1.786493954834277886e+01
1.450145014501450191e+01,4.260783434999089877e+03,1.786872312450685740e+01
1.451145114511451162e+01,4.260401753798357277e+03,1.787250073525757443e+01
1.452145214521452132e+01,4.260020463736886086e+03,1.787627238699453258e+01
1.453145314531453280e+01,4.259639565187630978e+03,1.788003808612226209e+01
1.454145414541454251e+01,4.259259058575780728e+03,1.788379783905020304e+01
1.455145514551455221e+01,4.258878944378760934e+03,1.788755165219273380e+01
1.456145614561456192e+01,4.258499223126231300e+03,1.789129953196913903e+01
1.457145714571457162e+01,4.258119895400089263e+03,1.789504148480363455e+01
1.458145814581458133e+01,4.257740961834463633e+03,1.789877751712535314e+01
1.459145914591459281e+01,4.257362423115722777e+03,1.790250763536835521e+01
1.460146014601460251e+01,4.256984279982468252e+03,1.790623184597161455e+01
1.461146114611461222e+01,4.256606533225537532e+03,1.790995015537903612e+01
1.462146214621462192e+01,4.256229183688002195e+03,1.791366257003944185e+01
1.463146314631463163e+01,4.255852232265172461e+03,1.791736909640657416e+01
1.464146414641464133e+01,4.255475679904589924e+03,1.792106974093909599e+01
1.465146514651465282e+01,4.255099527606034826e+03,1.792476451010060146e+01
1.466146614661466252e+01,4.254723776421520597e+03,1.792845341035959450e+01
1.467146714671467223e+01,4.254348427455298406e+03,1.793213644818951025e+01
1.468146814681468193e+01,4.253973481863851703e+03,1.793581363006870077e+01
1.469146914691469163e+01,4.253598940855902583e+03,1.793948496248043512e+01
1.470147014701470134e+01,4.253224805692405425e+03,1.794315045191292057e+01
1.471147114711471282e+01,4.252851077686553253e+03,1.794681010485926720e+01
1.472147214721472253e+01,4.252477758203771373e+03,1.795046392781751976e+01
1.473147314731473223e+01,4.252104848661722826e+03,1.795411192729063998e+01
1.474147414741474194e+01,4.251732350530305666e+03,1.795775410978651010e+01
1.475147514751475164e+01,4.251360265331651135e+03,1.796139048181793640e+01
1.476147614761476135e+01,4.250988594640129122e+03,1.796502104990264925e+01
1.477147714771477283e+01,4.250617340082341798e+03,1.796864582056329596e+01
1.478147814781478253e+01,4.250246503337129980e+03,1.797226480032744433e+01
1.479147914791479224e+01,4.249876086135567675e+03,1.797587799572759337e+01
1.480148014801480194e+01,4.249506090260963902e+03,1.797948541330115546e+01
1.481148114811481165e+01,4.249136517548864504e+03,1.798308705959046350e+01
1.482148214821482135e+01,4.248767369887051245e+03,1.798668294114278510e+01
1.483148314831483283e+01,4.248398649215539081e+03,1.799027306451029418e+01
1.484148414841484254e+01,4.248030357526579792e+03,1.799385743625009226e+01
1.485148514851485224e+01,4.247662496864660170e+03,1.799743606292420495e+01
1.486148614861486195e+01,4.247295069326502926e+03,1.800100895109957833e+01
1.487148714871487165e+01,4.246928077061065778e+03,1.800457610734807901e+01
1.488148814881488136e+01,4.246561522269541456e+03,1.800813753824650121e+01
1.489148914891489284e+01,4.246195407205357697e+03,1.801169325037654900e+01
1.490149014901490254e+01,4.245829734174180885e+03,1.801524325032486118e+01
1.491149114911491225e+01,4.245464505533907868e+03,1.801878754468298638e+01
1.492149214921492195e+01,4.245099723694674140e+03,1.802232614004740796e+01
1.493149314931493166e+01,4.244735391118850202e+03,1.802585904301952269e+01
1.494149414941494136e+01,4.244371510321041569e+03,1.802938626020564783e+01
1.495149514951495284e+01,4.244008083868088761e+03,1.803290779821702827e+01
1.496149614961496255e+01,4.243645114379068218e+03,1.803642366366982586e+01
1.497149714971497225e+01,4.243282604525291390e+03,1.803993386318512648e+01
1.498149814981498196e+01,4.242920557030305645e+03,1.804343840338894012e+01
1.499149914991499166e+01,4.242558974669893360e+03,1.804693729091219723e+01
1.500150015001500137e+01,4.242197860272071921e+03,1.805043053239074524e+01
1.501150115011501285e+01,4.241837216717095544e+03,1.805391813446535920e+01
1.502150215021502255e+01,4.241477046937452542e+03,1.805740010378173466e+01
1.503150315031503226e+01,4.241117353917867149e+03,1.806087644699048411e+01
1.504150415041504196e+01,4.240758140695297698e+03,1.806434717074715124e+01
1.505150515051505167e+01,4.240399410358941168e+03,1.806781228171219311e+01
1.506150615061506137e+01,4.240041166050225911e+03,1.807127178655099087e+01
1.507150715071507285e+01,4.239683410962818925e+03,1.807472569193385681e+01
1.508150815081508256e+01,4.239326148342619490e+03,1.807817400453600598e+01
1.509150915091509226e+01,4.238969381487766441e+03,1.808161673103758815e+01
1.510151015101510197e+01,4.238613113748629985e+03,1.808505387812368070e+01
1.511151115111511167e+01,4.238257348527818067e+03,1.808848545248426376e+01
1.512151215121512138e+01,4.237902089280173641e+03,1.809191146081425927e+01
1.513151315131513286e+01,4.237547339512772851e+03,1.809533190981349549e+01
1.514151415141514256e+01,4.237193102784931398e+03,1.809874680618673537e+01
1.515151515151515227e+01,4.236839382708197263e+03,1.810215615664365174e+01
1.516151615161516197e+01,4.236486182946355257e+03,1.810555996789884858e+01
1.517151715171517168e+01,4.236133507215424288e+03,1.810895824667184684e+01
1.518151815181518138e+01,4.235781359283659185e+03,1.811235099968708795e+01
1.519151915191519286e+01,4.235429742971550695e+03,1.811573823367394098e+01
1.520152015201520257e+01,4.235078662151824574e+03,1.811911995536669195e+01
1.521152115211521227e+01,4.234728120749443406e+03,1.812249617150455094e+01
1.522152215221522198e+01,4.234378122741602056e+03,1.812586688883165209e+01
1.523152315231523168e+01,4.234028672157733126e+03,1.812923211409703939e+01
1.524152415241524139e+01,4.233679773079503320e+03,1.813259185405469864e+01
1.525152515251525287e+01,4.233331429640817078e+03,1.813594611546351842e+01
1.526152615261526257e+01,4.232983646027812028e+03,1.813929490508731845e+01
1.527152715271527228e+01,4.232636426478860812e+03,1.814263822969484607e+01
1.528152815281528198e+01,4.232289775284573807e+03,1.814597609605975137e+01
1.529152915291529169e+01,4.231943696787794579e+03,1.814930851096062980e+01
1.530153015301530139e+01,4.231598195383603525e+03,1.815263548118097958e+01
1.531153115311531288e+01,4.231253275519315139e+03,1.815595701350923008e+01
1.532153215321532258e+01,4.230908941694479836e+03,1.815927311473873473e+01
1.533153315331533229e+01,4.230565198460884858e+03,1.816258379166775683e+01
1.534153415341534199e+01,4.230222050422551547e+03,1.816588905109949437e+01
1.535153515351535169e+01,4.229879502235735345e+03,1.816918889984206587e+01
1.536153615361536140e+01,4.229537558608929430e+03,1.817248334470849969e+01
1.537153715371537288e+01,4.229196224302860173e+03,1.817577239251675891e+01
1.538153815381538259e+01,4.228855504130492591e+03,1.817905605008972358e+01
1.539153915391539229e+01,4.228515402957023980e+03,1.818233432425519425e+01
1.540154015401540200e+01,4.228175925699888467e+03,1.818560722184589551e+01
1.541154115411541170e+01,4.227837077328755186e+03,1.818887474969947249e+01
1.542154215421542318e+01,4.227498862865527371e+03,1.819213691465849791e+01
1.543154315431543289e+01,4.227161287384347816e+03,1.819539372357045082e+01
1.544154415441544259e+01,4.226824356011588861e+03,1.819864518328775205e+01
1.545154515451545230e+01,4.226488073925863318e+03,1.820189130066772876e+01
1.546154615461546200e+01,4.226152446358016277e+03,1.820513208257263926e+01
1.547154715471547171e+01,4.225817478591130566e+03,1.820836753586965528e+01
1.548154815481548319e+01,4.225483175960522203e+03,1.821159766743088326e+01
1.549154915491549289e+01,4.225149543853743126e+03,1.821482248413333593e+01
1.550155015501550260e+01,4.224816587710582098e+03,1.821804199285895720e+01
1.551155115511551230e+01,4.224484313023061986e+03,1.822125620049461503e+01
1.552155215521552201e+01,4.224152725335440664e+03,1.822446511393209079e+01
1.553155315531553171e+01,4.223821830244213743e+03,1.822766874006808990e+01
1.554155415541554319e+01,4.223491633398109116e+03,1.823086708580424897e+01
1.555155515551555290e+01,4.223162140498091503e+03,1.823406015804711089e+01
1.556155615561556260e+01,4.222833357297361545e+03,1.823724796370815682e+01
1.557155715571557231e+01,4.222505289601355798e+03,1.824043050970377422e+01
1.558155815581558201e+01,4.222177943267743103e+03,1.824360780295528173e+01
1.559155915591559172e+01,4.221851324206430945e+03,1.824677985038892203e+01
1.560156015601560320e+01,4.221525438379561820e+03,1.824994665893585122e+01
1.561156115611561290e+01,4.221200291801511412e+03,1.825310823553214945e+01
1.562156215621562261e+01,4.220875890538893145e+03,1.825626458711882449e+01
1.563156315631563231e+01,4.220552240710554543e+03,1.825941572064180463e+01
1.564156415641564202e+01,4.220229348487579955e+03,1.826256164305192797e+01
1.565156515651565172e+01,4.219907220093286014e+03,1.826570236130497094e+01
1.566156615661566320e+01,4.219585861803228909e+03,1.826883788236162687e+01
1.567156715671567291e+01,4.219265279945198017e+03,1.827196821318749898e+01
1.568156815681568261e+01,4.218945480899216818e+03,1.827509336075313229e+01
1.569156915691569232e+01,4.218626471097546528e+03,1.827821333203397458e+01
1.570157015701570202e+01,4.218308257024682462e+03,1.828132813401041190e+01
1.571157115711571173e+01,4.217990845217356764e+03,1.828443777366774015e+01
1.572157215721572321e+01,4.217674242264534769e+03,1.828754225799618283e+01
1.573157315731573291e+01,4.217358454807419548e+03,1.829064159399088041e+01
1.574157415741574262e+01,4.217043489539447364e+03,1.829373578865190453e+01
1.575157515751575232e+01,4.216729353206291307e+03,1.829682484898423667e+01
1.576157615761576203e+01,4.216416052605859477e+03,1.829990878199778948e+01
1.577157715771577173e+01,4.216103594588295891e+03,1.830298759470739256e+01
1.578157815781578321e+01,4.215791986055978668e+03,1.830606129413280314e+01
1.579157915791579292e+01,4.215481233963522754e+03,1.830912988729868829e+01
1.580158015801580262e+01,4.215171345317777195e+03,1.831219338123464979e+01
1.581158115811581233e+01,4.214862327177827865e+03,1.831525178297520640e+01
1.582158215821582203e+01,4.214554186654993828e+03,1.831830509955979380e+01
1.583158315831583174e+01,4.214246930912832795e+03,1.832135333803277888e+01
1.584158415841584322e+01,4.213940567167135669e+03,1.832439650544344190e+01
1.585158515851585292e+01,4.213635102685927450e+03,1.832743460884599074e+01
1.586158615861586263e+01,4.213330544789472697e+03,1.833046765529955024e+01
1.587158715871587233e+01,4.213026900850266429e+03,1.833349565186817287e+01
1.588158815881588204e+01,4.212724178293044133e+03,1.833651860562082803e+01
1.589158915891589174e+01,4.212422384594771756e+03,1.833953652363140918e+01
1.590159015901590323e+01,4.212121527284654803e+03,1.834254941297873032e+01
1.591159115911591293e+01,4.211821613944131059e+03,1.834555728074652947e+01
1.592159215921592263e+01,4.211522652206875136e+03,1.834856013402346164e+01
1.593159315931593234e+01,4.211224649758797568e+03,1.835155797990310944e+01
1.594159415941594204e+01,4.210927614338042986e+03,1.835455082548397598e+01
1.595159515951595175e+01,4.210631553734992849e+03,1.835753867786948135e+01
1.596159615961596323e+01,4.210336475792262718e+03,1.836052154416797322e+01
1.597159715971597294e+01,4.210042388404703161e+03,1.836349943149271979e+01
1.598159815981598264e+01,4.209749299519402484e+03,1.836647234696190978e+01
1.599159915991599235e+01,4.209457217135683095e+03,1.836944029769865594e+01
1.600160016001600383e+01,4.209166149305100589e+03,1.837240329083098800e+01
1.601160116011601176e+01,4.208876104131451029e+03,1.837536133349185974e+01
1.602160216021602324e+01,4.208587089770760031e+03,1.837831443281914900e+01
1.603160316031603116e+01,4.208299114431292764e+03,1.838126259595565770e+01
1.604160416041604265e+01,4.208012186373548502e+03,1.838420583004910114e+01
1.605160516051605413e+01,4.207726313910261524e+03,1.838714414225212224e+01
1.606160616061606206e+01,4.207441505406402030e+03,1.839007753972228798e+01
1.607160716071607354e+01,4.207157769279176136e+03,1.839300602962207876e+01
1.608160816081608147e+01,4.206875113998023153e+03,1.839592961911890612e+01
1.609160916091609295e+01,4.206593548084621034e+03,1.839884831538509857e+01
1.610161016101610088e+01,4.206313080112880016e+03,1.840176212559790514e+01
1.611161116111611236e+01,4.206033718708948072e+03,1.840467105693950245e+01
1.612161216121612384e+01,4.205755472551207276e+03,1.840757511659698054e+01
1.613161316131613177e+01,4.205478350370275621e+03,1.841047431176235705e+01
1.614161416141614325e+01,4.205202360949005197e+03,1.841336864963257369e+01
1.615161516151615118e+01,4.204927513122486744e+03,1.841625813740948558e+01
1.616161616161616266e+01,4.204653815778042372e+03,1.841914278229987900e+01
1.617161716171617414e+01,4.204381277855231929e+03,1.842202259151545363e+01
1.618161816181618207e+01,4.204109908345851181e+03,1.842489757227284031e+01
1.619161916191619355e+01,4.203839868093245059e+03,1.842776772466813640e+01
1.620162016201620148e+01,4.203571329975302433e+03,1.843063304667822777e+01
1.621162116211621296e+01,4.203304268747097012e+03,1.843349354467786583e+01
1.622162216221622089e+01,4.203038658864391437e+03,1.843634922505975382e+01
1.623162316231623237e+01,4.202774474965151967e+03,1.843920009421303874e+01
1.624162416241624385e+01,4.202511691869555762e+03,1.844204615852333262e+01
1.625162516251625178e+01,4.202250284579984509e+03,1.844488742437271611e+01
1.626162616261626326e+01,4.201990228281026248e+03,1.844772389813972424e+01
1.627162716271627119e+01,4.201731498339479003e+03,1.845055558619934644e+01
1.628162816281628267e+01,4.201474070304344423e+03,1.845338249492304428e+01
1.629162916291629415e+01,4.201217919906833231e+03,1.845620463067873018e+01
1.630163016301630208e+01,4.200963023060361593e+03,1.845902199983078873e+01
1.631163116311631356e+01,4.200709355860554751e+03,1.846183460874005178e+01
1.632163216321632149e+01,4.200456894585242480e+03,1.846464246376382334e+01
1.633163316331633297e+01,4.200205615694462722e+03,1.846744557125585828e+01
1.634163416341634090e+01,4.199955495830461587e+03,1.847024393756638005e+01
1.635163516351635238e+01,4.199706511817688806e+03,1.847303756904206651e+01
1.636163616361636386e+01,4.199458640662805010e+03,1.847582647202606054e+01
1.637163716371637179e+01,4.199211859554675357e+03,1.847861065285796300e+01
1.638163816381638327e+01,4.198966145864372265e+03,1.848139011787383623e+01
1.639163916391639120e+01,4.198721477145174504e+03,1.848416487340620407e+01
1.640164016401640268e+01,4.198477831132570827e+03,1.848693492578405184e+01
1.641164116411641416e+01,4.198235185744251794e+03,1.848970028133281929e+01
1.642164216421642209e+01,4.197993519080120677e+03,1.849246094637441473e+01
1.643164316431643357e+01,4.197752809422283462e+03,1.849521692722720445e+01
1.644164416441644150e+01,4.197513035235055213e+03,1.849796823020601266e+01
1.645164516451645298e+01,4.197274175164956432e+03,1.850071486162212508e+01
1.646164616461646091e+01,4.197036208040715792e+03,1.850345682778328893e+01
1.647164716471647239e+01,4.196799112873268314e+03,1.850619413499371646e+01
1.648164816481648387e+01,4.196562868855757188e+03,1.850892678955407433e+01
1.649164916491649180e+01,4.196327455363530134e+03,1.851165479776148715e+01
1.650165016501650328e+01,4.196092851954143953e+03,1.851437816590954810e+01
1.651165116511651121e+01,4.195859038367362700e+03,1.851709690028830835e+01
1.652165216521652269e+01,4.195625994525154965e+03,1.851981100718427697e+01
1.653165316531653417e+01,4.195393700531698414e+03,1.852252049288042812e+01
1.654165416541654210e+01,4.195162136673377063e+03,1.852522536365619032e+01
1.655165516551655358e+01,4.194931283418781277e+03,1.852792562578745716e+01
1.656165616561656151e+01,4.194701121418709590e+03,1.853062128554658372e+01
1.657165716571657299e+01,4.194471631506165977e+03,1.853331234920238657e+01
1.658165816581658092e+01,4.194242794696363489e+03,1.853599882302013313e+01
1.659165916591659240e+01,4.194014592186719710e+03,1.853868071326156297e+01
1.660166016601660388e+01,4.193787005356860391e+03,1.854135802618487006e+01
1.661166116611661181e+01,4.193560015768618541e+03,1.854403076804471340e+01
1.662166216621662329e+01,4.193333605166034431e+03,1.854669894509220995e+01
1.663166316631663122e+01,4.193107755475352860e+03,1.854936256357493463e+01
1.664166416641664270e+01,4.192882448805029526e+03,1.855202162973692381e+01
1.665166516651665418e+01,4.192657667445722836e+03,1.855467614981868252e+01
1.666166616661666211e+01,4.192433393870301188e+03,1.855732613005716658e+01
1.667166716671667359e+01,4.192209610733839327e+03,1.855997157668579689e+01
1.668166816681668152e+01,4.191986300873617438e+03,1.856261249593445228e+01
1.669166916691669300e+01,4.191763447309125695e+03,1.856524889402947309e+01
1.670167016701670093e+01,4.191541033242056983e+03,1.856788077719366825e+01
1.671167116711671241e+01,4.191319042056315084e+03,1.857050815164629043e+01
1.672167216721672389e+01,4.191097457318009219e+03,1.857313102360307155e+01
1.673167316731673182e+01,4.190876262775454961e+03,1.857574939927618729e+01
1.674167416741674330e+01,4.190655442359175140e+03,1.857836328487428901e+01
1.675167516751675123e+01,4.190434980181899846e+03,1.858097268660247536e+01
1.676167616761676271e+01,4.190214860538566427e+03,1.858357761066231717e+01
1.677167716771677419e+01,4.189995067906318582e+03,1.858617806325183608e+01
1.678167816781678212e+01,4.189775586944508177e+03,1.858877405056551879e+01
1.679167916791679360e+01,4.189556402494691611e+03,1.859136557879432061e+01
1.680168016801680153e+01,4.189337499580634358e+03,1.859395265412563703e+01
1.681168116811681301e+01,4.189118863408308243e+03,1.859653528274334633e+01
1.682168216821682094e+01,4.188900479365892352e+03,1.859911347082777411e+01
1.683168316831683242e+01,4.188682333023771207e+03,1.860168722455570745e+01
1.684168416841684390e+01,4.188464410134538412e+03,1.860425655010040202e+01
1.685168516851685183e+01,4.188246696632993007e+03,1.860682145363156437e+01
1.686168616861686331e+01,4.188029178636142206e+03,1.860938194131536960e+01
1.687168716871687124e+01,4.187811842443198657e+03,1.861193801931444369e+01
1.688168816881688272e+01,4.187594674535584090e+03,1.861448969378788476e+01
1.689168916891689420e+01,4.187377661576923856e+03,1.861703697089124887e+01
1.690169016901690213e+01,4.187160790413054201e+03,1.861957985677653937e+01
1.691169116911691361e+01,4.186944048072015903e+03,1.862211835759224243e+01
1.692169216921692154e+01,4.186727421764057908e+03,1.862465247948328795e+01
1.693169316931693302e+01,4.186510898881633693e+03,1.862718222859107087e+01
1.694169416941694095e+01,4.186294466999406723e+03,1.862970761105344764e+01
1.695169516951695243e+01,4.186078113874245901e+03,1.863222863300473620e+01
1.696169616961696391e+01,4.185861827445226481e+03,1.863474530057571243e+01
1.697169716971697184e+01,4.185645595833633706e+03,1.863725761989361729e+01
1.698169816981698332e+01,4.185429407342955528e+03,1.863976559708214964e+01
1.699169916991699125e+01,4.185213250458889888e+03,1.864226923826146631e+01
1.700170017001700273e+01,4.184997113849340167e+03,1.864476854954818918e+01
1.701170117011701421e+01,4.184780986364417913e+03,1.864726353705539807e+01
1.702170217021702214e+01,4.184564857036440117e+03,1.864975420689263430e+01
1.703170317031703362e+01,4.184348715079932845e+03,1.865224056516590068e+01
1.704170417041704155e+01,4.184132549891626695e+03,1.865472261797765796e+01
1.705170517051705303e+01,4.183916351050460435e+03,1.865720037142682841e+01
1.706170617061706096e+01,4.183700108317580998e+03,1.865967383160879933e+01
1.707170717071707244e+01,4.183483811636338942e+03,1.866214300461540887e+01
1.708170817081708392e+01,4.183267451132295719e+03,1.866460789653497088e+01
1.709170917091709185e+01,4.183051017113217313e+03,1.866706851345224294e+01
1.710171017101710333e+01,4.182834500069076057e+03,1.866952486144845480e+01
1.711171117111711126e+01,4.182617890672054273e+03,1.867197694660128704e+01
1.712171217121712274e+01,4.182401179776537901e+03,1.867442477498489950e+01
1.713171317131713423e+01,4.182184358419121963e+03,1.867686835266988865e+01
1.714171417141714215e+01,4.181967417818607828e+03,1.867930768572332667e+01
1.715171517151715364e+01,4.181750349376004124e+03,1.868174278020874368e+01
1.716171617161716156e+01,4.181533144674524920e+03,1.868417364218612420e+01
1.717171717171717304e+01,4.181315795479593362e+03,1.868660027771192844e+01
1.718171817181718097e+01,4.181098293738838038e+03,1.868902269283906037e+01
1.719171917191719245e+01,4.180880631582095702e+03,1.869144089361688899e+01
1.720172017201720394e+01,4.180662801321408551e+03,1.869385488609125545e+01
1.721172117211721186e+01,4.180444795451027858e+03,1.869626467630444466e+01
1.722172217221722335e+01,4.180226606647408516e+03,1.869867027029521012e+01
1.723172317231723127e+01,4.180008227769217228e+03,1.870107167409877036e+01
1.724172417241724276e+01,4.179789651857322497e+03,1.870346889374679833e+01
1.725172517251725424e+01,4.179570872134802812e+03,1.870586193526742491e+01
1.726172617261726216e+01,4.179351882006943015e+03,1.870825080468525314e+01
1.727172717271727365e+01,4.179132675061236114e+03,1.871063550802133335e+01
1.728172817281728157e+01,4.178913245067378739e+03,1.871301605129318446e+01
1.729172917291729306e+01,4.178693585977277507e+03,1.871539244051478690e+01
1.730173017301730098e+01,4.178473691925045387e+03,1.871776468169657193e+01
1.731173117311731247e+01,4.178253557227001693e+03,1.872013278084544652e+01
1.732173217321732395e+01,4.178033176381673002e+03,1.872249674396476493e+01
1.733173317331733188e+01,4.177812544069792239e+03,1.872485657705434647e+01
1.734173417341734336e+01,4.177591655154300497e+03,1.872721228611047550e+01
1.735173517351735128e+01,4.177370504680345221e+03,1.872956387712588722e+01
1.736173617361736277e+01,4.177149087875280202e+03,1.873191135608979252e+01
1.737173717371737425e+01,4.176927400148667402e+03,1.873425472898784605e+01
1.738173817381738218e+01,4.176705437092274224e+03,1.873659400180217460e+01
1.739173917391739366e+01,4.176483194480076236e+03,1.873892918051135936e+01
1.740174017401740159e+01,4.176260668268256268e+03,1.874126027109044657e+01
1.741174117411741307e+01,4.176037854595202589e+03,1.874358727951094039e+01
1.742174217421742100e+01,4.175814749781511637e+03,1.874591021174080296e+01
1.743174317431743248e+01,4.175591350329987108e+03,1.874822907374446856e+01
1.744174417441744396e+01,4.175367652925638140e+03,1.875054387148281521e+01
1.745174517451745189e+01,4.175143654435681128e+03,1.875285461091319306e+01
1.746174617461746337e+01,4.174919351909541547e+03,1.875516129798941378e+01
1.747174717471747130e+01,4.174694742578849400e+03,1.875746393866173989e+01
1.748174817481748278e+01,4.174469823857442861e+03,1.875976253887690248e+01
1.749174917491749426e+01,4.174244593341366453e+03,1.876205710457809417e+01
1.750175017501750219e+01,4.174019048808871048e+03,1.876434764170496194e+01
1.751175117511751367e+01,4.173793188220416596e+03,1.876663415619361786e+01
1.752175217521752160e+01,4.173567009718669397e+03,1.876891665397663189e+01
1.753175317531753308e+01,4.173340511628500280e+03,1.877119514098303910e+01
1.754175417541754101e+01,4.173113692456989156e+03,1.877346962313832890e+01
1.755175517551755249e+01,4.172886550893423191e+03,1.877574010636445934e+01
1.756175617561756397e+01,4.172659085809295902e+03,1.877800659657983928e+01
1.757175717571757190e+01,4.172431296258307157e+03,1.878026909969934266e+01
1.758175817581758338e+01,4.172203181476364989e+03,1.878252762163430845e+01
1.759175917591759131e+01,4.171974740881582875e+03,1.878478216829253356e+01
1.760176017601760279e+01,4.171745974074283367e+03,1.878703274557826930e+01
1.761176117611761427e+01,4.171516880836993550e+03,1.878927935939223559e+01
1.762176217621762220e+01,4.171287461134448677e+03,1.879152201563160673e+01
1.763176317631763368e+01,4.171057715113591257e+03,1.879376072019002919e+01
1.764176417641764161e+01,4.170827643103571063e+03,1.879599547895758960e+01
1.765176517651765309e+01,4.170597245615743304e+03,1.879822629782085741e+01
1.766176617661766102e+01,4.170366523343671361e+03,1.880045318266284937e+01
1.767176717671767250e+01,4.170135477163124960e+03,1.880267613936304372e+01
1.768176817681768398e+01,4.169904108132082001e+03,1.880489517379738373e+01
1.769176917691769191e+01,4.169672417490724911e+03,1.880711029183827065e+01
1.770177017701770339e+01,4.169440406661445195e+03,1.880932149935456721e+01
1.771177117711771132e+01,4.169208077248841619e+03,1.881152880221159762e+01
1.772177217721772280e+01,4.168975431039717478e+03,1.881373220627114407e+01
1.773177317731773428e+01,4.168742470003084236e+03,1.881593171739145021e+01
1.774177417741774221e+01,4.168509196290162436e+03,1.881812734142721766e+01
1.775177517751775369e+01,4.168275612234377149e+03,1.882031908422962019e+01
1.776177617761776162e+01,4.168041720351359800e+03,1.882250695164627885e+01
1.777177717771777310e+01,4.167807523338950887e+03,1.882469094952127975e+01
1.778177817781778103e+01,4.167573024077197260e+03,1.882687108369517048e+01
1.779177917791779251e+01,4.167338225628351211e+03,1.882904736000496015e+01
1.780178017801780399e+01,4.167103131236874106e+03,1.883121978428411580e+01
1.781178117811781192e+01,4.166867744329432753e+03,1.883338836236256597e+01
1.782178217821782340e+01,4.166632068514902130e+03,1.883555310006670425e+01
1.783178317831783133e+01,4.166396107584362653e+03,1.883771400321937506e+01
1.784178417841784281e+01,4.166159865511103817e+03,1.883987107763989499e+01
1.785178517851785429e+01,4.165923346450619647e+03,1.884202432914403147e+01
1.786178617861786222e+01,4.165686554740613246e+03,1.884417376354401696e+01
1.787178717871787370e+01,4.165449494900992249e+03,1.884631938664854900e+01
1.788178817881788163e+01,4.165212171633874277e+03,1.884846120426277238e+01
1.789178917891789311e+01,4.164974589823582392e+03,1.885059922218830764e+01
1.790179017901790104e+01,4.164736754536645094e+03,1.885273344622322611e+01
1.791179117911791252e+01,4.164498671021800874e+03,1.885486388216206421e+01
1.792179217921792400e+01,4.164260344709992751e+03,1.885699053579581630e+01
1.793179317931793193e+01,4.164021781214371913e+03,1.885911341291194177e+01
1.794179417941794341e+01,4.163782986330295898e+03,1.886123251929435440e+01
1.795179517951795134e+01,4.163543966035329504e+03,1.886334786072343306e+01
1.796179617961796282e+01,4.163304726489244786e+03,1.886545944297601451e+01
1.797179717971797430e+01,4.163065274034020149e+03,1.886756727182540061e+01
1.798179817981798223e+01,4.162825615193841259e+03,1.886967135304134757e+01
1.799179917991799371e+01,4.162585756675101038e+03,1.887177169239007668e+01
1.800180018001800164e+01,4.162345705366397851e+03,1.887386829563426716e+01
1.801180118011801312e+01,4.162105468338540049e+03,1.887596116853306327e+01
1.802180218021802105e+01,4.161865052844539605e+03,1.887805031684206014e+01
1.803180318031803253e+01,4.161624466319617568e+03,1.888013574631332858e+01
1.804180418041804401e+01,4.161383716381201339e+03,1.888221746269538670e+01
1.805180518051805194e+01,4.161142810828925576e+03,1.888429547173322121e+01
1.806180618061806342e+01,4.160901757644630379e+03,1.888636977916826964e+01
1.807180718071807135e+01,4.160660564992364925e+03,1.888844039073844527e+01
1.808180818081808283e+01,4.160419241218383831e+03,1.889050731217810863e+01
1.809180918091809431e+01,4.160177794851149883e+03,1.889257054921808532e+01
1.810181018101810224e+01,4.159936234601332217e+03,1.889463010758566242e+01
1.811181118111811372e+01,4.159694569361806316e+03,1.889668599300458851e+01
1.812181218121812165e+01,4.159452808207655835e+03,1.889873821119507014e+01
1.813181318131813313e+01,4.159210960396169867e+03,1.890078676787377887e+01
1.814181418141814106e+01,4.158969035366845674e+03,1.890283166875384069e+01
1.815181518151815254e+01,4.158727042741387777e+03,1.890487291954484306e+01
1.816181618161816402e+01,4.158484992323707047e+03,1.890691052595284205e+01
1.817181718171817195e+01,4.158242894099919795e+03,1.890894449368034458e+01
1.818181818181818343e+01,4.158000758238352319e+03,1.891097482842631905e+01
1.819181918191819136e+01,4.157758595089536357e+03,1.891300153588620603e+01
1.820182018201820284e+01,4.157516415186209088e+03,1.891502462175189336e+01
1.821182118211821432e+01,4.157274229243317677e+03,1.891704409171173040e+01
1.822182218221822225e+01,4.157032048158013822e+03,1.891905995145053865e+01
1.823182318231823373e+01,4.156789883009657387e+03,1.892107220664958689e+01
1.824182418241824166e+01,4.156547745059815497e+03,1.892308086298661252e+01
1.825182518251825314e+01,4.156305645752259807e+03,1.892508592613581087e+01
1.826182618261826107e+01,4.156063596712972867e+03,1.892708740176783877e+01
1.827182718271827255e+01,4.155821609750140851e+03,1.892908529554981456e+01
1.828182818281828403e+01,4.155579696854158101e+03,1.893107961314531096e+01
1.829182918291829196e+01,4.155337870197625307e+03,1.893307036021436929e+01
1.830183018301830344e+01,4.155096142135352238e+03,1.893505754241348882e+01
1.831183118311831137e+01,4.154854525204353195e+03,1.893704116539562676e+01
1.832183218321832285e+01,4.154613032123850644e+03,1.893902123481020539e+01
1.833183318331833433e+01,4.154371675795272495e+03,1.894099775630310489e+01
1.834183418341834226e+01,4.154130469302256643e+03,1.894297073551666344e+01
1.835183518351835374e+01,4.153889425910645514e+03,1.894494017808968778e+01
1.836183618361836167e+01,4.153648559068487884e+03,1.894690608965743550e+01
1.837183718371837315e+01,4.153407882406041608e+03,1.894886847585163281e+01
1.838183818381838108e+01,4.153167409735771798e+03,1.895082734230046029e+01
1.839183918391839256e+01,4.152927155052346279e+03,1.895278269462856358e+01
1.840184018401840405e+01,4.152687132532645592e+03,1.895473453845704626e+01
1.841184118411841197e+01,4.152447356535753897e+03,1.895668287940347696e+01
1.842184218421842345e+01,4.152207841602961707e+03,1.895862772308187871e+01
1.843184318431843138e+01,4.151968602457768611e+03,1.896056907510273959e+01
1.844184418441844286e+01,4.151729654005879638e+03,1.896250694107300916e+01
1.845184518451845435e+01,4.151491011335208896e+03,1.896444132659608783e+01
1.846184618461846227e+01,4.151252689715874112e+03,1.896637223727185173e+01
1.847184718471847376e+01,4.151014704600202094e+03,1.896829967869662426e+01
1.848184818481848168e+01,4.150777071622726908e+03,1.897022365646319741e+01
1.849184918491849317e+01,4.150539806600188967e+03,1.897214417616082471e+01
1.850185018501850109e+01,4.150302925531535948e+03,1.897406124337521049e+01
1.851185118511851257e+01,4.150066444597920963e+03,1.897597486368853126e+01
1.852185218521852406e+01,4.149830380162705296e+03,1.897788504267941434e+01
1.853185318531853198e+01,4.149594748771458399e+03,1.897979178592295568e+01
1.854185418541854347e+01,4.149359567151955162e+03,1.898169509899070917e+01
1.855185518551855139e+01,4.149124852214176826e+03,1.898359498745069018e+01
1.856185618561856288e+01,4.148890621050313712e+03,1.898549145686736495e+01
1.857185718571857436e+01,4.148656890934760668e+03,1.898738451280167894e+01
1.858185818581858229e+01,4.148423679324120712e+03,1.898927416081102137e+01
1.859185918591859377e+01,4.148191003857205033e+03,1.899116040644925008e+01
1.860186018601860169e+01,4.147958882355030255e+03,1.899304325526668080e+01
1.861186118611861318e+01,4.147727332820818447e+03,1.899492271281009081e+01
1.862186218621862110e+01,4.147496373440002571e+03,1.899679878462272242e+01
1.863186318631863259e+01,4.147266022580220124e+03,1.899867147624427233e+01
1.864186418641864407e+01,4.147036298791314948e+03,1.900054079321089517e+01
1.865186518651865200e+01,4.146807220805339057e+03,1.900240674105521776e+01
1.866186618661866348e+01,4.146578807536551722e+03,1.900426932530631774e+01
1.867186718671867141e+01,4.146351078081417654e+03,1.900612855148973424e+01
1.868186818681868289e+01,4.146124051718609735e+03,1.900798442512747144e+01
1.869186918691869437e+01,4.145897747909007194e+03,1.900983695173798793e+01
1.870187018701870230e+01,4.145672186295697429e+03,1.901168613683621444e+01
1.871187118711871378e+01,4.145447386703973280e+03,1.901353198593352545e+01
1.872187218721872171e+01,4.145223369141334842e+03,1.901537450453777112e+01
1.873187318731873319e+01,4.145000153797489475e+03,1.901721369815325602e+01
1.874187418741874112e+01,4.144777761044352701e+03,1.901904957228074267e+01
1.875187518751875260e+01,4.144556211436044578e+03,1.902088213241745862e+01
1.876187618761876408e+01,4.144335525708893329e+03,1.902271138405708939e+01
1.877187718771877201e+01,4.144115724781434437e+03,1.902453733268978553e+01
1.878187818781878349e+01,4.143896829754410646e+03,1.902635998380214843e+01
1.879187918791879142e+01,4.143678861910770138e+03,1.902817934287725166e+01
1.880188018801880290e+01,4.143461842715668354e+03,1.902999541539462314e+01
1.881188118811881438e+01,4.143245793816469813e+03,1.903180820683025232e+01
1.882188218821882231e+01,4.143030737042743567e+03,1.903361772265659013e+01
1.883188318831883379e+01,4.142816694406267743e+03,1.903542396834254191e+01
1.884188418841884172e+01,4.142603688101024090e+03,1.903722694935348869e+01
1.885188518851885320e+01,4.142391740503205256e+03,1.903902667115125524e+01
1.886188618861886113e+01,4.142180874171207506e+03,1.904082313919413494e+01
1.887188718871887261e+01,4.141971111845637097e+03,1.904261635893688620e+01
1.888188818881888409e+01,4.141762476449304813e+03,1.904440633583071474e+01
1.889188918891889202e+01,4.141554991087228700e+03,1.904619307532330197e+01
1.890189018901890350e+01,4.141348679046635880e+03,1.904797658285878015e+01
1.891189118911891143e+01,4.141143563796958006e+03,1.904975686387774303e+01
1.892189218921892291e+01,4.140939668989834900e+03,1.905153392381724942e+01
1.893189318931893439e+01,4.140737018459112733e+03,1.905330776811081606e+01
1.894189418941894232e+01,4.140535636220845845e+03,1.905507840218842119e+01
1.895189518951895380e+01,4.140335546473293107e+03,1.905684583147650102e+01
1.896189618961896173e+01,4.140136773596922467e+03,1.905861006139795322e+01
1.897189718971897321e+01,4.139939342154409132e+03,1.906037109737214053e+01
1.898189818981898114e+01,4.139743276890632842e+03,1.906212894481488007e+01
1.899189918991899262e+01,4.139548602732682411e+03,1.906388360913845403e+01
1.900190019001900410e+01,4.139355344789853916e+03,1.906563509575160253e+01
1.901190119011901203e+01,4.139163528353647962e+03,1.906738341005952719e+01
1.902190219021902351e+01,4.138973178897774233e+03,1.906912855746389113e+01
1.903190319031903144e+01,4.138784322078149671e+03,1.907087054336281540e+01
1.904190419041904292e+01,4.138596983732895751e+03,1.907260937315088611e+01
1.905190519051905440e+01,4.138411189882343024e+03,1.907434505221914733e+01
1.906190619061906233e+01,4.138226966729029300e+03,1.907607758595510106e+01
1.907190719071907381e+01,4.138044340657696921e+03,1.907780697974271433e+01
1.908190819081908174e+01,4.137863338235298215e+03,1.907953323896241216e+01
1.909190919091909322e+01,4.137683986210989133e+03,1.908125636899108102e+01
1.910191019101910115e+01,4.137506311516135611e+03,1.908297637520207246e+01
1.911191119111911263e+01,4.137330341264309936e+03,1.908469326296518886e+01
1.912191219121912411e+01,4.137156102751288927e+03,1.908640703764670121e+01
1.913191319131913204e+01,4.136983623455059387e+03,1.908811770460933488e+01
1.914191419141914352e+01,4.136812931035814472e+03,1.908982526921228740e+01
1.915191519151915145e+01,4.136644053335951867e+03,1.909152973681120002e+01
1.916191619161916293e+01,4.136477018380079244e+03,1.909323111275818619e+01
1.917191719171917441e+01,4.136311854375010626e+03,1.909492940240182079e+01
1.918191819181918234e+01,4.136148589709764565e+03,1.909662461108713316e+01
1.919191919191919382e+01,4.135987252955569602e+03,1.909831674415561764e+01
1.920192019201920175e+01,4.135827872865860627e+03,1.910000580694522299e+01
1.921192119211921323e+01,4.135670478376277060e+03,1.910169180479037010e+01
1.922192219221922116e+01,4.135515098604668310e+03,1.910337474302192717e+01
1.923192319231923264e+01,4.135361762851089225e+03,1.910505462696723100e+01
1.924192419241924412e+01,4.135210500597802820e+03,1.910673146195007632e+01
1.925192519251925205e+01,4.135061341509276645e+03,1.910840525329072292e+01
1.926192619261926353e+01,4.134914315432187323e+03,1.911007600630588499e+01
1.927192719271927146e+01,4.134769452395418739e+03,1.911174372630874174e+01
1.928192819281928294e+01,4.134626782610059308e+03,1.911340841860892681e+01
1.929192919291929442e+01,4.134486336469406524e+03,1.911507008851254241e+01
1.930193019301930235e+01,4.134348144548965138e+03,1.911672874132214872e+01
1.931193119311931383e+01,4.134212237606444432e+03,1.911838438233676385e+01
1.932193219321932176e+01,4.134078646581762769e+03,1.912003701685187096e+01
1.933193319331933324e+01,4.133947402597045766e+03,1.912168665015940405e+01
1.934193419341934117e+01,4.133818536956623575e+03,1.912333328754777284e+01
1.935193519351935265e+01,4.133692056833466268e+03,1.912497693398923815e+01
1.936193619361936413e+01,4.133567460607829162e+03,1.912661758803705325e+01
1.937193719371937206e+01,4.133444506024757175e+03,1.912825525188662823e+01
1.938193819381938354e+01,4.133323150363619789e+03,1.912988993033444274e+01
1.939193919391939147e+01,4.133203351264863159e+03,1.913152162817203461e+01
1.940194019401940295e+01,4.133085066730003746e+03,1.913315035018597854e+01
1.941194119411941443e+01,4.132968255121631955e+03,1.913477610115790739e+01
1.942194219421942236e+01,4.132852875163412136e+03,1.913639888586449445e+01
1.943194319431943384e+01,4.132738885940080763e+03,1.913801870907747116e+01
1.944194419441944177e+01,4.132626246897446435e+03,1.913963557556360584e+01
1.945194519451945325e+01,4.132514917842394425e+03,1.914124949008472143e+01
1.946194619461946118e+01,4.132404858942879400e+03,1.914286045739769548e+01
1.947194719471947266e+01,4.132296030727930884e+03,1.914446848225444597e+01
1.948194819481948414e+01,4.132188394087652341e+03,1.914607356940193839e+01
1.949194919491949207e+01,4.132081910273217545e+03,1.914767572358219283e+01
1.950195019501950355e+01,4.131976540896876941e+03,1.914927494953227693e+01
1.951195119511951148e+01,4.131872247931952188e+03,1.915087125198430229e+01
1.952195219521952296e+01,4.131768993712837073e+03,1.915246463566543511e+01
1.953195319531953444e+01,4.131666740935001144e+03,1.915405510529788558e+01
1.954195419541954237e+01,4.131565452654984256e+03,1.915564266559891493e+01
1.955195519551955385e+01,4.131465092290402026e+03,1.915722732128083194e+01
1.956195619561956178e+01,4.131365623619941289e+03,1.915880907705098934e+01
1.957195719571957326e+01,4.131267010783363730e+03,1.916038793761180514e+01
1.958195819581958119e+01,4.131169218281502253e+03,1.916196390766072000e+01
1.959195919591959267e+01,4.131072210976263705e+03,1.916353699189025050e+01
1.960196019601960415e+01,4.130975954090628875e+03,1.916510719498793947e+01
1.961196119611961208e+01,4.130880413208649770e+03,1.916667452163639496e+01
1.962196219621962356e+01,4.130785554275454160e+03,1.916823897651325836e+01
1.963196319631963149e+01,4.130691343597241030e+03,1.916980056429123280e+01
1.964196419641964297e+01,4.130597747841283308e+03,1.917135928963806180e+01
1.965196519651965446e+01,4.130504734035926049e+03,1.917291515721654349e+01
1.966196619661966238e+01,4.130412269570589160e+03,1.917446817168452000e+01
1.967196719671967386e+01,4.130320322195762856e+03,1.917601833769488451e+01
1.968196819681968179e+01,4.130228860023014931e+03,1.917756565989557771e+01
1.969196919691969327e+01,4.130137851524980761e+03,1.917911014292958782e+01
1.970197019701970120e+01,4.130047265535374208e+03,1.918065179143495413e+01
1.971197119711971268e+01,4.129957071248979446e+03,1.918219061004475989e+01
1.972197219721972417e+01,4.129867238221652769e+03,1.918372660338714653e+01
1.973197319731973209e+01,4.129777736370327148e+03,1.918525977608529232e+01
1.974197419741974358e+01,4.129688535973004946e+03,1.918679013275743372e+01
1.975197519751975150e+01,4.129599607668763383e+03,1.918831767801685118e+01
1.976197619761976298e+01,4.129510922457753622e+03,1.918984241647187261e+01
1.977197719771977447e+01,4.129422451701198042e+03,1.919136435272587704e+01
1.978197819781978239e+01,4.129334167121393875e+03,1.919288349137729099e+01
1.979197919791979388e+01,4.129246040801711388e+03,1.919439983701958852e+01
1.980198019801980180e+01,4.129158045186592062e+03,1.919591339424129828e+01
1.981198119811981329e+01,4.129070153081552235e+03,1.919742416762598936e+01
1.982198219821982121e+01,4.128982337653182185e+03,1.919893216175228545e+01
1.983198319831983270e+01,4.128894572429142499e+03,1.920043738119385424e+01
1.984198419841984418e+01,4.128806831298168618e+03,1.920193983051941444e+01
1.985198519851985210e+01,4.128719088510070833e+03,1.920343951429273233e+01
1.986198619861986359e+01,4.128631318675728835e+03,1.920493643707262876e+01
1.987198719871987151e+01,4.128543496767098077e+03,1.920643060341296149e+01
1.988198819881988300e+01,4.128455598117207046e+03,1.920792201786264641e+01
1.989198919891989448e+01,4.128367598420155446e+03,1.920941068496564341e+01
1.990199019901990241e+01,4.128279473731118742e+03,1.921089660926096343e+01
1.991199119911991389e+01,4.128191200466343616e+03,1.921237979528266848e+01
1.992199219921992182e+01,4.128102755403150695e+03,1.921386024755986099e+01
1.993199319931993330e+01,4.128014115679932729e+03,1.921533797061670157e+01
1.994199419941994122e+01,4.127925258796158232e+03,1.921681296897238767e+01
1.995199519951995271e+01,4.127836162612366024e+03,1.921828524714117847e+01
1.996199619961996419e+01,4.127746805350167961e+03,1.921975480963237359e+01
1.997199719971997212e+01,4.127657165592252568e+03,1.922122166095032370e+01
1.998199819981998360e+01,4.127567222282377770e+03,1.922268580559442697e+01
1.999199919991999153e+01,4.127476954725375435e+03,1.922414724805913266e+01
2.000200020002000301e+01,4.127386342587151375e+03,1.922560599283393401e+01
2.001200120012001449e+01,4.127295365894685347e+03,1.922706204440337885e+01
2.002200220022002242e+01,4.127204005036028320e+03,1.922851540724705899e+01
2.003200320032003390e+01,4.127112240760305212e+03,1.922996608583961731e+01
2.004200420042004183e+01,4.127020054177713973e+03,1.923141408465074065e+01
2.005200520052005331e+01,4.126927426759526497e+03,1.923285940814517048e+01
2.006200620062006124e+01,4.126834340338086804e+03,1.923430206078269578e+01
2.007200720072007272e+01,4.126740777106811947e+03,1.923574204701815304e+01
2.008200820082008420e+01,4.126646719620192926e+03,1.923717937130142630e+01
2.009200920092009213e+01,4.126552150793792862e+03,1.923861403807744352e+01
2.010201020102010361e+01,4.126457053904249733e+03,1.924004605178619798e+01
2.011201120112011154e+01,4.126361412589273641e+03,1.924147541686270912e+01
2.012201220122012302e+01,4.126265210847645903e+03,1.924290213773706526e+01
2.013201320132013450e+01,4.126168433039225420e+03,1.924432621883438799e+01
2.014201420142014243e+01,4.126071063884939576e+03,1.924574766457485708e+01
2.015201520152015391e+01,4.125973088466791523e+03,1.924716647937369984e+01
2.016201620162016184e+01,4.125874492227857445e+03,1.924858266764118042e+01
2.017201720172017332e+01,4.125775260972285650e+03,1.924999623378263180e+01
2.018201820182018125e+01,4.125675380865298393e+03,1.925140718219842029e+01
2.019201920192019273e+01,4.125574838433190962e+03,1.925281551728396678e+01
2.020202020202020421e+01,4.125473620563331679e+03,1.925422124342973618e+01
2.021202120212021214e+01,4.125371714504160991e+03,1.925562436502124797e+01
2.022202220222022362e+01,4.125269107865194201e+03,1.925702488643906563e+01
2.023202320232023155e+01,4.125165788617019643e+03,1.925842281205880369e+01
2.024202420242024303e+01,4.125061745091296871e+03,1.925981814625112776e+01
2.025202520252025451e+01,4.124956965980759378e+03,1.926121089338174386e+01
2.026202620262026244e+01,4.124851440339216424e+03,1.926260105781141618e+01
2.027202720272027392e+01,4.124745157581546664e+03,1.926398864389594934e+01
2.028202820282028185e+01,4.124638107483702697e+03,1.926537365598620255e+01
2.029202920292029333e+01,4.124530280182712886e+03,1.926675609842807901e+01
2.030203020302030126e+01,4.124421666176675899e+03,1.926813597556253654e+01
2.031203120312031274e+01,4.124312256324764348e+03,1.926951329172557337e+01
2.032203220322032422e+01,4.124202041847224791e+03,1.927088805124824589e+01
2.033203320332033215e+01,4.124091014325375909e+03,1.927226025845665092e+01
2.034203420342034363e+01,4.123979165701609418e+03,1.927362991767193279e+01
2.035203520352035156e+01,4.123866488279390069e+03,1.927499703321029756e+01
2.036203620362036304e+01,4.123752974723258376e+03,1.927636160938298460e+01
2.037203720372037452e+01,4.123638618058824250e+03,1.927772365049629144e+01
2.038203820382038245e+01,4.123523411672773364e+03,1.927908316085155604e+01
2.039203920392039393e+01,4.123407349312861697e+03,1.928044014474517809e+01
2.040204020402040186e+01,4.123290425087922813e+03,1.928179460646858701e+01
2.041204120412041334e+01,4.123172633467859669e+03,1.928314655030828106e+01
2.042204220422042127e+01,4.123053969283648257e+03,1.928449598054579539e+01
2.043204320432043275e+01,4.122934427727341244e+03,1.928584290145770908e+01
2.044204420442044423e+01,4.122814004352060692e+03,1.928718731731566649e+01
2.045204520452045216e+01,4.122692695072003517e+03,1.928852923238634531e+01
2.046204620462046364e+01,4.122570496162439667e+03,1.928986865093147784e+01
2.047204720472047157e+01,4.122447404259712130e+03,1.929120557720784390e+01
2.048204820482048305e+01,4.122323416361236013e+03,1.929254001546727082e+01
2.049204920492049453e+01,4.122198529825502192e+03,1.929387196995664056e+01
2.050205020502050246e+01,4.122072742372071843e+03,1.929520144491787903e+01
2.051205120512051394e+01,4.121946052081581001e+03,1.929652844458795613e+01
2.052205220522052187e+01,4.121818457395737823e+03,1.929785297319889636e+01
2.053205320532053335e+01,4.121689957117324411e+03,1.929917503497777531e+01
2.054205420542054483e+01,4.121560550410194992e+03,1.930049463414671251e+01
2.055205520552055276e+01,4.121430236799278646e+03,1.930181177492287148e+01
2.056205620562056424e+01,4.121299016170575669e+03,1.930312646151847744e+01
2.057205720572057217e+01,4.121166888771161211e+03,1.930443869814079250e+01
2.058205820582058365e+01,4.121033855209181638e+03,1.930574848899213336e+01
2.059205920592059158e+01,4.120899916453858168e+03,1.930705583826986071e+01
2.060206020602060306e+01,4.120765073835484145e+03,1.930836075016639342e+01
2.061206120612061454e+01,4.120629329045426857e+03,1.930966322886918363e+01
2.062206220622062247e+01,4.120492684136125717e+03,1.931096327856074168e+01
2.063206320632063395e+01,4.120355141521094083e+03,1.931226090341863255e+01
2.064206420642064188e+01,4.120216703974918346e+03,1.931355610761545449e+01
2.065206520652065336e+01,4.120077374633257023e+03,1.931484889531887106e+01
2.066206620662066484e+01,4.119937156992844393e+03,1.931613927069157910e+01
2.067206720672067277e+01,4.119796054911485044e+03,1.931742723789133009e+01
2.068206820682068425e+01,4.119654072608057504e+03,1.931871280107093014e+01
2.069206920692069218e+01,4.119511214662514249e+03,1.931999596437822930e+01
2.070207020702070366e+01,4.119367486015879877e+03,1.932127673195611806e+01
2.071207120712071159e+01,4.119222891970252022e+03,1.932255510794255216e+01
2.072207220722072307e+01,4.119077438188804081e+03,1.932383109647052066e+01
2.073207320732073455e+01,4.118931130695778847e+03,1.932510470166806726e+01
2.074207420742074248e+01,4.118783975876493969e+03,1.932637592765829027e+01
2.075207520752075396e+01,4.118635980477340127e+03,1.932764477855932483e+01
2.076207620762076189e+01,4.118487151605781946e+03,1.932891125848436431e+01
2.077207720772077337e+01,4.118337496730356179e+03,1.933017537154164245e+01
2.078207820782078485e+01,4.118187023680673519e+03,1.933143712183445118e+01
2.079207920792079278e+01,4.118035740647415878e+03,1.933269651346112639e+01
2.080208020802080426e+01,4.117883656182340019e+03,1.933395355051504794e+01
2.081208120812081219e+01,4.117730779198276650e+03,1.933520823708465031e+01
2.082208220822082367e+01,4.117577118969126786e+03,1.933646057725341549e+01
2.083208320832083160e+01,4.117422685129868114e+03,1.933771057509986946e+01
2.084208420842084308e+01,4.117267487676547717e+03,1.933895823469759989e+01
2.085208520852085456e+01,4.117111536966289350e+03,1.934020356011522424e+01
2.086208620862086249e+01,4.116954843717287076e+03,1.934144655541642166e+01
2.087208720872087397e+01,4.116797419008809811e+03,1.934268722465991885e+01
2.088208820882088190e+01,4.116639274281198595e+03,1.934392557189948647e+01
2.089208920892089338e+01,4.116480421335868414e+03,1.934516160118394268e+01
2.090209020902090487e+01,4.116320872335307286e+03,1.934639531655716382e+01
2.091209120912091279e+01,4.116160639803076265e+03,1.934762672205806666e+01
2.092209220922092427e+01,4.115999736623808531e+03,1.934885582172061902e+01
2.093209320932093220e+01,4.115838176043211206e+03,1.935008261957383269e+01
2.094209420942094368e+01,4.115675971668066268e+03,1.935130711964177408e+01
2.095209520952095161e+01,4.115513137466225089e+03,1.935252932594355713e+01
2.096209620962096309e+01,4.115349687766615716e+03,1.935374924249334683e+01
2.097209720972097458e+01,4.115185637259237410e+03,1.935496687330034504e+01
2.098209820982098250e+01,4.115021000995163377e+03,1.935618222236881891e+01
2.099209920992099399e+01,4.114855794386538946e+03,1.935739529369807244e+01
2.100210021002100191e+01,4.114690033206583394e+03,1.935860609128246068e+01
2.101210121012101339e+01,4.114523733589589028e+03,1.935981461911139334e+01
2.102210221022102488e+01,4.114356912030922103e+03,1.936102088116931697e+01
2.103210321032103280e+01,4.114189585387020088e+03,1.936222488143573628e+01
2.104210421042104429e+01,4.114021770875395305e+03,1.936342662388520353e+01
2.105210521052105221e+01,4.113853486074632201e+03,1.936462611248731491e+01
2.106210621062106370e+01,4.113684748924388259e+03,1.936582335120672127e+01
2.107210721072107162e+01,4.113515577725395815e+03,1.936701834400311384e+01
2.108210821082108311e+01,4.113345991139458420e+03,1.936821109483124204e+01
2.109210921092109459e+01,4.113176008189453569e+03,1.936940160764089924e+01
2.110211021102110251e+01,4.113005648259330883e+03,1.937058988637692636e+01
2.111211121112111400e+01,4.112834931094115746e+03,1.937177593497921535e+01
2.112211221122112192e+01,4.112663876799903846e+03,1.937295975738270215e+01
2.113211321132113341e+01,4.112492505843864819e+03,1.937414135751737732e+01
2.114211421142114489e+01,4.112320839054242242e+03,1.937532073930827536e+01
2.115211521152115282e+01,4.112148897620351818e+03,1.937649790667548544e+01
2.116211621162116430e+01,4.111976703092583193e+03,1.937767286353413709e+01
2.117211721172117223e+01,4.111804277382399050e+03,1.937884561379441450e+01
2.118211821182118371e+01,4.111631642762335105e+03,1.938001616136154936e+01
2.119211921192119163e+01,4.111458821865999198e+03,1.938118451013581733e+01
2.120212021202120312e+01,4.111285837688074025e+03,1.938235066401254869e+01
2.121212121212121460e+01,4.111112713584313497e+03,1.938351462688212479e+01
2.122212221222122253e+01,4.110939473271547286e+03,1.938467640262996383e+01
2.123212321232123401e+01,4.110766140827675372e+03,1.938583599513654221e+01
2.124212421242124194e+01,4.110592740691673498e+03,1.938699340827738382e+01
2.125212521252125342e+01,4.110419297663587713e+03,1.938814864592306009e+01
2.126212621262126490e+01,4.110245836904539829e+03,1.938930171193918639e+01
2.127212721272127283e+01,4.110072383936722872e+03,1.939045261018643629e+01
2.128212821282128431e+01,4.109898964643403815e+03,1.939160134452052020e+01
2.129212921292129224e+01,4.109725605268923573e+03,1.939274791879221382e+01
2.130213021302130372e+01,4.109552332418694277e+03,1.939389233684732261e+01
2.131213121312131165e+01,4.109379173059202913e+03,1.939503460252671019e+01
2.132213221322132313e+01,4.109206154518009498e+03,1.939617471966629125e+01
2.133213321332133461e+01,4.109033304483745269e+03,1.939731269209702091e+01
2.134213421342134254e+01,4.108860651006117223e+03,1.939844852364491601e+01
2.135213521352135402e+01,4.108688222495903574e+03,1.939958221813102313e+01
2.136213621362136195e+01,4.108516047724957389e+03,1.940071377937145769e+01
2.137213721372137343e+01,4.108344155826202041e+03,1.940184321117736488e+01
2.138213821382138491e+01,4.108172576293637576e+03,1.940297051735495515e+01
2.139213921392139284e+01,4.108001338982334346e+03,1.940409570170547582e+01
2.140214021402140432e+01,4.107830474108436647e+03,1.940521876802522883e+01
2.141214121412141225e+01,4.107660012249163628e+03,1.940633972010556363e+01
2.142214221422142373e+01,4.107489984342805656e+03,1.940745856173287365e+01
2.143214321432143166e+01,4.107320421688726128e+03,1.940857529668860693e+01
2.144214421442144314e+01,4.107151355947362390e+03,1.940968992874925902e+01
2.145214521452145462e+01,4.106982819140223910e+03,1.941080246168637302e+01
2.146214621462146255e+01,4.106814843649895920e+03,1.941191289926653951e+01
2.147214721472147403e+01,4.106647462220033958e+03,1.941302124525140016e+01
2.148214821482148196e+01,4.106480707955367507e+03,1.941412750339764060e+01
2.149214921492149344e+01,4.106314614321699992e+03,1.941523167745700107e+01
2.150215021502150492e+01,4.106149215145906055e+03,1.941633377117626935e+01
2.151215121512151285e+01,4.105984544615936102e+03,1.941743378829727362e+01
2.152215221522152433e+01,4.105820637280812662e+03,1.941853173255690379e+01
2.153215321532153226e+01,4.105657528050629480e+03,1.941962760768709018e+01
2.154215421542154374e+01,4.105495252196556066e+03,1.942072141741481062e+01
2.155215521552155167e+01,4.105333845350834054e+03,1.942181316546209757e+01
2.156215621562156315e+01,4.105173343506777201e+03,1.942290285554602747e+01
2.157215721572157463e+01,4.105013783018775030e+03,1.942399049137872424e+01
2.158215821582158256e+01,4.104855200602287368e+03,1.942507607666736646e+01
2.159215921592159404e+01,4.104697633333848898e+03,1.942615961511417666e+01
2.160216021602160197e+01,4.104541118651067336e+03,1.942724111041642487e+01
2.161216121612161345e+01,4.104385694352621613e+03,1.942832056626643578e+01
2.162216221622162493e+01,4.104231398598266424e+03,1.942939798635157445e+01
2.163216321632163286e+01,4.104078269908828588e+03,1.943047337435425703e+01
2.164216421642164434e+01,4.103926347166207961e+03,1.943154673395195786e+01
2.165216521652165227e+01,4.103775669613377431e+03,1.943261806881718812e+01
2.166216621662166375e+01,4.103626276854382013e+03,1.943368738261750650e+01
2.167216721672167168e+01,4.103478208854342483e+03,1.943475467901553344e+01
2.168216821682168316e+01,4.103331505939449926e+03,1.943581996166892623e+01
2.169216921692169464e+01,4.103186208796971187e+03,1.943688323423039321e+01
2.170217021702170257e+01,4.103042358475244328e+03,1.943794450034769383e+01
2.171217121712171405e+01,4.102899996383681355e+03,1.943900376366363503e+01
2.172217221722172198e+01,4.102759164292766400e+03,1.944006102781607126e+01
2.173217321732173346e+01,4.102619904334058447e+03,1.944111629643790451e+01
2.174217421742174494e+01,4.102482259000187696e+03,1.944216957315709493e+01
2.175217521752175287e+01,4.102346271144860111e+03,1.944322086159663243e+01
2.176217621762176435e+01,4.102211983982851052e+03,1.944427016537457575e+01
2.177217721772177228e+01,4.102079441090013461e+03,1.944531748810402050e+01
2.178217821782178376e+01,4.101948686403269676e+03,1.944636283339310978e+01
2.179217921792179169e+01,4.101819764220615980e+03,1.944740620484504490e+01
2.180218021802180317e+01,4.101692719201124419e+03,1.944844760605806755e+01
2.181218121812181465e+01,4.101567596364936435e+03,1.944948704062546696e+01
2.182218221822182258e+01,4.101444441093268324e+03,1.945052451213559053e+01
2.183218321832183406e+01,4.101323299128410326e+03,1.945156002417182606e+01
2.184218421842184199e+01,4.101204216573725716e+03,1.945259358031260888e+01
2.185218521852185347e+01,4.101087239893648075e+03,1.945362518413142894e+01
2.186218621862186495e+01,4.100972415913687655e+03,1.945465483919682370e+01
2.187218721872187288e+01,4.100859791820425926e+03,1.945568254907237105e+01
2.188218821882188436e+01,4.100749415161519210e+03,1.945670831731671058e+01
2.189218921892189229e+01,4.100641333845694135e+03,1.945773214748352231e+01
2.190219021902190377e+01,4.100535596142752183e+03,1.945875404312153378e+01
2.191219121912191170e+01,4.100432250683568782e+03,1.945977400777452360e+01
2.192219221922192318e+01,4.100331346460091481e+03,1.946079204498132498e+01
2.193219321932193466e+01,4.100232932825340868e+03,1.946180815827580446e+01
2.194219421942194259e+01,4.100137059493410561e+03,1.946282235118689385e+01
2.195219521952195407e+01,4.100043776539468126e+03,1.946383462723856539e+01
2.196219621962196200e+01,4.099953134399753253e+03,1.946484498994983880e+01
2.197219721972197348e+01,4.099865183871579575e+03,1.946585344283478491e+01
2.198219821982198496e+01,4.099779976113333760e+03,1.946685998940252205e+01
2.199219921992199289e+01,4.099697562644474601e+03,1.946786463315721605e+01
2.200220022002200437e+01,4.099617995345535746e+03,1.946886737759808739e+01
2.201220122012201230e+01,4.099541326458122967e+03,1.946986822621940050e+01
2.202220222022202378e+01,4.099467608584915070e+03,1.947086718251046378e+01
2.203220322032203171e+01,4.099396894689663895e+03,1.947186424995564380e+01
2.204220422042204319e+01,4.099329238097194320e+03,1.947285943203434755e+01
2.205220522052205467e+01,4.099264692493406983e+03,1.947385273222103663e+01
2.206220622062206260e+01,4.099203311925271009e+03,1.947484415398522017e+01
2.207220722072207408e+01,4.099145116008932746e+03,1.947583370078979215e+01
2.208220822082208201e+01,4.099089099064060974e+03,1.947682137599370833e+01
2.209220922092209349e+01,4.099034742115404697e+03,1.947780718284094448e+01
2.210221022102210497e+01,4.098981998398084215e+03,1.947879112457269812e+01
2.211221122112211290e+01,4.098930821543991442e+03,1.947977320442619131e+01
2.212221222122212438e+01,4.098881165581791720e+03,1.948075342563466705e+01
2.213221322132213231e+01,4.098832984936920184e+03,1.948173179142741063e+01
2.214221422142214379e+01,4.098786234431586308e+03,1.948270830502972473e+01
2.215221522152215172e+01,4.098740869284770270e+03,1.948368296966294011e+01
2.216221622162216320e+01,4.098696845112226583e+03,1.948465578854442271e+01
2.217221722172217468e+01,4.098654117926478648e+03,1.948562676488755585e+01
2.218221822182218261e+01,4.098612644136825111e+03,1.948659590190176161e+01
2.219221922192219409e+01,4.098572380549335321e+03,1.948756320279248655e+01
2.220222022202220202e+01,4.098533284366851149e+03,1.948852867076119466e+01
2.221222122212221350e+01,4.098495313188986074e+03,1.948949230900539220e+01
2.222222222222222499e+01,4.098458425012127918e+03,1.949045412071860639e+01
2.223222322232223291e+01,4.098422578229432474e+03,1.949141410909039607e+01
2.224222422242224440e+01,4.098387731630832604e+03,1.949237227730634103e+01
2.225222522252225232e+01,4.098353844403030962e+03,1.949332862854805271e+01
2.226222622262226380e+01,4.098320876129500903e+03,1.949428316599317412e+01
2.227222722272227173e+01,4.098288786790491031e+03,1.949523589281536928e+01
2.228222822282228321e+01,4.098257536763019743e+03,1.949618681218433736e+01
2.229222922292229470e+01,4.098227086820879776e+03,1.949713592726579847e+01
2.230223022302230262e+01,4.098197398134633659e+03,1.949808324122150438e+01
2.231223122312231411e+01,4.098168432271619167e+03,1.949902875720923490e+01
2.232223222322232203e+01,4.098140151195942053e+03,1.949997247838279790e+01
2.233223322332233352e+01,4.098112517268484225e+03,1.950091440789202224e+01
2.234223422342234500e+01,4.098085493246898295e+03,1.950185454888277548e+01
2.235223522352235292e+01,4.098059042285608484e+03,1.950279290449694614e+01
2.236223622362236441e+01,4.098033127935811535e+03,1.950372947787245437e+01
2.237223722372237233e+01,4.098007714145476712e+03,1.950466427214324128e+01
2.238223822382238382e+01,4.097982765259345797e+03,1.950559729043928670e+01
2.239223922392239174e+01,4.097958246018931277e+03,1.950652853588658431e+01
2.240224022402240323e+01,4.097934121562519977e+03,1.950745801160717363e+01
2.241224122412241471e+01,4.097910357425169423e+03,1.950838572071910093e+01
2.242224222422242264e+01,4.097886919538708753e+03,1.950931166633646185e+01
2.243224322432243412e+01,4.097863774231742354e+03,1.951023585156936235e+01
2.244224422442244204e+01,4.097840888229642587e+03,1.951115827952394355e+01
2.245224522452245353e+01,4.097818228654557061e+03,1.951207895330237463e+01
2.246224622462246501e+01,4.097795763025404085e+03,1.951299787600285640e+01
2.247224722472247294e+01,4.097773459257875402e+03,1.951391505071960708e+01
2.248224822482248442e+01,4.097751285664434363e+03,1.951483048054288361e+01
2.249224922492249235e+01,4.097729210954315931e+03,1.951574416855896388e+01
2.250225022502250383e+01,4.097707204233527591e+03,1.951665611785015386e+01
2.251225122512251176e+01,4.097685235004849346e+03,1.951756633149479470e+01
2.252225222522252324e+01,4.097663273167833722e+03,1.951847481256724137e+01
2.253225322532253472e+01,4.097641289018803946e+03,1.951938156413789471e+01
2.254225422542254265e+01,4.097619253250856673e+03,1.952028658927316584e+01
2.255225522552255413e+01,4.097597136953861082e+03,1.952118989103550817e+01
2.256225622562256206e+01,4.097574911614457960e+03,1.952209147248339249e+01
2.257225722572257354e+01,4.097552549116059708e+03,1.952299133667132125e+01
2.258225822582258502e+01,4.097530021738851246e+03,1.952388948664982848e+01
2.259225922592259295e+01,4.097507302159790925e+03,1.952478592546546921e+01
2.260226022602260443e+01,4.097484363452607795e+03,1.952568065616083359e+01
2.261226122612261236e+01,4.097461179087804339e+03,1.952657368177453279e+01
2.262226222622262384e+01,4.097437722932652832e+03,1.952746500534120599e+01
2.263226322632263177e+01,4.097413969251200797e+03,1.952835462989152759e+01
2.264226422642264325e+01,4.097389892704265549e+03,1.952924255845219648e+01
2.265226522652265473e+01,4.097365468349438743e+03,1.953012879404593249e+01
2.266226622662266266e+01,4.097340671641081826e+03,1.953101333969149422e+01
2.267226722672267414e+01,4.097315478430331495e+03,1.953189619840365765e+01
2.268226822682268207e+01,4.097289864965093329e+03,1.953277737319323393e+01
2.269226922692269355e+01,4.097263807890046337e+03,1.953365686706706228e+01
2.270227022702270503e+01,4.097237284246643867e+03,1.953453468302800644e+01
2.271227122712271296e+01,4.097210271473108151e+03,1.953541082407495821e+01
2.272227222722272444e+01,4.097182747404434849e+03,1.953628529320283747e+01
2.273227322732273237e+01,4.097154690272393054e+03,1.953715809340258858e+01
2.274227422742274385e+01,4.097126078705522559e+03,1.953802922766119821e+01
2.275227522752275178e+01,4.097096891729136587e+03,1.953889869896165976e+01
2.276227622762276326e+01,4.097067108765318153e+03,1.953976651028300893e+01
2.277227722772277474e+01,4.097036709632924612e+03,1.954063266460030590e+01
2.278227822782278267e+01,4.097005674547585841e+03,1.954149716488463895e+01
2.279227922792279415e+01,4.096973984121703324e+03,1.954236001410312085e+01
2.280228022802280208e+01,4.096941619364448343e+03,1.954322121521889244e+01
2.281228122812281356e+01,4.096908561681769243e+03,1.954408077119113329e+01
2.282228222822282504e+01,4.096874792876381434e+03,1.954493868497503328e+01
2.283228322832283297e+01,4.096840295147776487e+03,1.954579495952182455e+01
2.284228422842284445e+01,4.096805051092216672e+03,1.954664959777875666e+01
2.285228522852285238e+01,4.096769043702734962e+03,1.954750260268911788e+01
2.286228622862286386e+01,4.096732256369138668e+03,1.954835397719221390e+01
2.287228722872287179e+01,4.096694672878007623e+03,1.954920372422338204e+01
2.288228822882288327e+01,4.096656277412690542e+03,1.955005184671399476e+01
2.289228922892289475e+01,4.096617054553313210e+03,1.955089834759143841e+01
2.290229022902290268e+01,4.096576989276768472e+03,1.955174322977913448e+01
2.291229122912291416e+01,4.096536066956726245e+03,1.955258649619653966e+01
2.292229222922292209e+01,4.096494273363624416e+03,1.955342814975912091e+01
2.293229322932293357e+01,4.096451594664675213e+03,1.955426819337839461e+01
2.294229422942294505e+01,4.096408017423864294e+03,1.955510662996188387e+01
2.295229522952295298e+01,4.096363528601945291e+03,1.955594346241315407e+01
2.296229622962296446e+01,4.096318115556449811e+03,1.955677869363179511e+01
2.297229722972297239e+01,4.096271766041675619e+03,1.955761232651342141e+01
2.298229822982298387e+01,4.096224468208698454e+03,1.955844436394967545e+01
2.299229922992299180e+01,4.096176210605361121e+03,1.955927480882823133e+01
2.300230023002300328e+01,4.096126982176281672e+03,1.956010366403278766e+01
2.301230123012301476e+01,4.096076772262849772e+03,1.956093093244307468e+01
2.302230223022302269e+01,4.096025570603226697e+03,1.956175661693484713e+01
2.303230323032303417e+01,4.095973367332346697e+03,1.956258072037988427e+01
2.304230423042304210e+01,4.095920152981916090e+03,1.956340324564600408e+01
2.305230523052305358e+01,4.095865918480412347e+03,1.956422419559704196e+01
2.306230623062306506e+01,4.095810655153086373e+03,1.956504357309286490e+01
2.307230723072307299e+01,4.095754354721961136e+03,1.956586138098937155e+01
2.308230823082308447e+01,4.095697009305830761e+03,1.956667762213847794e+01
2.309230923092309240e+01,4.095638611420262350e+03,1.956749229938813883e+01
2.310231023102310388e+01,4.095579153977595979e+03,1.956830541558232994e+01
2.311231123112311181e+01,4.095518630286941971e+03,1.956911697356106217e+01
2.312231223122312329e+01,4.095457034054184533e+03,1.956992697616036736e+01
2.313231323132313477e+01,4.095394359381979484e+03,1.957073542621230189e+01
2.314231423142314270e+01,4.095330600769754255e+03,1.957154232654496440e+01
2.315231523152315418e+01,4.095265753113709707e+03,1.957234767998246738e+01
2.316231623162316211e+01,4.095199811706817854e+03,1.957315148934495497e+01
2.317231723172317359e+01,4.095132772238823691e+03,1.957395375744860644e+01
2.318231823182318507e+01,4.095064630796243364e+03,1.957475448710561494e+01
2.319231923192319300e+01,4.094995383862365998e+03,1.957555368112421590e+01
2.320232023202320448e+01,4.094925028317253236e+03,1.957635134230866569e+01
2.321232123212321241e+01,4.094853561437737426e+03,1.957714747345924167e+01
2.322232223222322389e+01,4.094780980897425252e+03,1.957794207737226699e+01
2.323232323232323182e+01,4.094707284766693647e+03,1.957873515684007160e+01
2.324232423242324330e+01,4.094632471512692973e+03,1.957952671465103123e+01
2.325232523252325478e+01,4.094556539999344750e+03,1.958031675358953905e+01
2.326232623262326271e+01,4.094479489487344381e+03,1.958110527643601628e+01
2.327232723272327419e+01,4.094401319634157062e+03,1.958189228596691933e+01
2.328232823282328212e+01,4.094322030494022329e+03,1.958267778495472555e+01
2.329232923292329360e+01,4.094241622517950873e+03,1.958346177616794037e+01
2.330233023302330508e+01,4.094160096553725452e+03,1.958424426237110438e+01
2.331233123312331301e+01,4.094077453845902255e+03,1.958502524632477559e+01
2.332233223322332449e+01,4.093993696035807716e+03,1.958580473078554718e+01
2.333233323332333242e+01,4.093908825161541699e+03,1.958658271850603327e+01
2.334233423342334390e+01,4.093822843657976591e+03,1.958735921223489029e+01
2.335233523352335183e+01,4.093735754356755933e+03,1.958813421471678140e+01
2.336233623362336331e+01,4.093647560486296243e+03,1.958890772869241559e+01
2.337233723372337479e+01,4.093558265671786103e+03,1.958967975689852281e+01
2.338233823382338272e+01,4.093467873935185708e+03,1.959045030206785754e+01
2.339233923392339420e+01,4.093376389695227772e+03,1.959121936692920940e+01
2.340234023402340213e+01,4.093283817767417986e+03,1.959198695420738900e+01
2.341234123412341361e+01,4.093190163364032742e+03,1.959275306662323857e+01
2.342234223422342509e+01,4.093095432094122316e+03,1.959351770689362837e+01
2.343234323432343302e+01,4.092999629963507687e+03,1.959428087773145677e+01
2.344234423442344450e+01,4.092902763374782808e+03,1.959504258184564662e+01
2.345234523452345243e+01,4.092804839127313699e+03,1.959580282194114886e+01
2.346234623462346391e+01,4.092705864417237990e+03,1.959656160071894604e+01
2.347234723472347184e+01,4.092605846837467197e+03,1.959731892087604876e+01
2.348234823482348332e+01,4.092504794377682629e+03,1.959807478510548862e+01
2.349234923492349481e+01,4.092402715424339931e+03,1.959882919609633589e+01
2.350235023502350273e+01,4.092299618760665908e+03,1.959958215653367830e+01
2.351235123512351421e+01,4.092195513566659429e+03,1.960033366909863517e+01
2.352235223522352214e+01,4.092090409419091884e+03,1.960108373646835744e+01
2.353235323532353362e+01,4.091984316291506730e+03,1.960183236131602058e+01
2.354235423542354511e+01,4.091877244554219942e+03,1.960257954631082455e+01
2.355235523552355303e+01,4.091769204974319109e+03,1.960332529411800451e+01
2.356235623562356452e+01,4.091660208715664339e+03,1.960406960739881299e+01
2.357235723572357244e+01,4.091550267338888716e+03,1.960481248881054483e+01
2.358235823582358393e+01,4.091439392801395570e+03,1.960555394100651228e+01
2.359235923592359185e+01,4.091327597457362117e+03,1.960629396663605561e+01
2.360236023602360333e+01,4.091214894057737638e+03,1.960703256834454677e+01
2.361236123612361482e+01,4.091101295750242116e+03,1.960776974877338574e+01
2.362236223622362274e+01,4.090986816079369873e+03,1.960850551055999347e+01
2.363236323632363423e+01,4.090871468986386390e+03,1.960923985633782962e+01
2.364236423642364215e+01,4.090755268809328300e+03,1.960997278873637484e+01
2.365236523652365364e+01,4.090638230283006123e+03,1.961070431038113426e+01
2.366236623662366512e+01,4.090520368539001993e+03,1.961143442389365177e+01
2.367236723672367305e+01,4.090401699105670104e+03,1.961216313189148863e+01
2.368236823682368453e+01,4.090282237908136722e+03,1.961289043698824131e+01
2.369236923692369245e+01,4.090162001268300173e+03,1.961361634179352365e+01
2.370237023702370394e+01,4.090041005904831763e+03,1.961434084891299534e+01
2.371237123712371186e+01,4.089919268933174408e+03,1.961506396094832283e+01
2.372237223722372335e+01,4.089796807865543087e+03,1.961578568049721838e+01
2.373237323732373483e+01,4.089673640610924849e+03,1.961650601015340811e+01
2.374237423742374276e+01,4.089549785475080171e+03,1.961722495250665688e+01
2.375237523752375424e+01,4.089425261160540686e+03,1.961794251014275048e+01
2.376237623762376217e+01,4.089300086766609638e+03,1.961865868564350635e+01
2.377237723772377365e+01,4.089174281789363704e+03,1.961937348158676642e+01
2.378237823782378513e+01,4.089047866121650713e+03,1.962008690054640425e+01
2.379237923792379306e+01,4.088920860053092383e+03,1.962079894509231792e+01
2.380238023802380454e+01,4.088793284270080221e+03,1.962150961779043712e+01
2.381238123812381247e+01,4.088665159855779621e+03,1.962221892120271249e+01
2.382238223822382395e+01,4.088536508290127585e+03,1.962292685788712987e+01
2.383238323832383188e+01,4.088407351449834096e+03,1.962363343039769958e+01
2.384238423842384336e+01,4.088277711608379832e+03,1.962433864128446004e+01
2.385238523852385484e+01,4.088147611436018451e+03,1.962504249309347770e+01
2.386238623862386277e+01,4.088017073999776585e+03,1.962574498836685066e+01
2.387238723872387425e+01,4.087886122763452022e+03,1.962644612964269442e+01
2.388238823882388218e+01,4.087754781587615071e+03,1.962714591945516318e+01
2.389238923892389366e+01,4.087623074729607652e+03,1.962784436033443214e+01
2.390239023902390514e+01,4.087491026843545114e+03,1.962854145480671164e+01
2.391239123912391307e+01,4.087358662980314421e+03,1.962923720539422945e+01
2.392239223922392455e+01,4.087226008587573688e+03,1.962993161461525204e+01
2.393239323932393248e+01,4.087093089509755373e+03,1.963062468498406687e+01
2.394239423942394396e+01,4.086959931988061726e+03,1.963131641901098945e+01
2.395239523952395189e+01,4.086826562660469335e+03,1.963200681920236335e+01
2.396239623962396337e+01,4.086693008561725946e+03,1.963269588806056731e+01
2.397239723972397485e+01,4.086559297123350916e+03,1.963338362808399751e+01
2.398239823982398278e+01,4.086425456173637031e+03,1.963407004176708170e+01
2.399239923992399426e+01,4.086291513937648233e+03,1.963475513160027930e+01
2.400240024002400219e+01,4.086157499037221896e+03,1.963543890007007420e+01
2.401240124012401367e+01,4.086023440490966095e+03,1.963612134965897482e+01
2.402240224022402515e+01,4.085889367714261880e+03,1.963680248284552476e+01
2.403240324032403308e+01,4.085755310519262821e+03,1.963748230210428858e+01
2.404240424042404456e+01,4.085621299114894100e+03,1.963816080990586599e+01
2.405240524052405249e+01,4.085487364106853420e+03,1.963883800871687413e+01
2.406240624062406397e+01,4.085353536497610094e+03,1.963951390099996885e+01
2.407240724072407190e+01,4.085219847686406411e+03,1.964018848921383054e+01
2.408240824082408338e+01,4.085086329469256725e+03,1.964086177581316051e+01
2.409240924092409486e+01,4.084953014038947003e+03,1.964153376324869882e+01
2.410241024102410279e+01,4.084819933985035732e+03,1.964220445396720294e+01
2.411241124112411427e+01,4.084687122293853918e+03,1.964287385041146905e+01
2.412241224122412220e+01,4.084554612348504634e+03,1.964354195502031075e+01
2.413241324132413368e+01,4.084422437928862564e+03,1.964420877022857326e+01
2.414241424142414516e+01,4.084290633211575368e+03,1.964487429846713695e+01
2.415241524152415309e+01,4.084159232770061863e+03,1.964553854216289608e+01
2.416241624162416457e+01,4.084028271574514747e+03,1.964620150373878715e+01
2.417241724172417250e+01,4.083897784991897424e+03,1.964686318561376055e+01
2.418241824182418398e+01,4.083767808785945817e+03,1.964752359020280892e+01
2.419241924192419191e+01,4.083638379117168370e+03,1.964818271991693877e+01
2.420242024202420339e+01,4.083509532542845136e+03,1.964884057716319532e+01
2.421242124212421487e+01,4.083381306017029601e+03,1.964949716434464477e+01
2.422242224222422280e+01,4.083253736890546406e+03,1.965015248386038493e+01
2.423242324232423428e+01,4.083126862910991804e+03,1.965080653810554168e+01
2.424242424242424221e+01,4.083000722222735931e+03,1.965145932947126539e+01
2.425242524252425369e+01,4.082875353366919626e+03,1.965211086034473453e+01
2.426242624262426517e+01,4.082750795281457158e+03,1.965276113310916273e+01
2.427242724272427310e+01,4.082627087301033498e+03,1.965341015014378101e+01
2.428242824282428458e+01,4.082504269157107501e+03,1.965405791382385559e+01
2.429242924292429251e+01,4.082382380977908724e+03,1.965470442652067362e+01
2.430243024302430399e+01,4.082261463288440154e+03,1.965534969060156101e+01
2.431243124312431192e+01,4.082141557010475935e+03,1.965599370842986104e+01
2.432243224322432340e+01,4.082022703462562731e+03,1.965663648236495220e+01
2.433243324332433488e+01,4.081904944360019726e+03,1.965727801476223036e+01
2.434243424342434281e+01,4.081788321814938172e+03,1.965791830797313366e+01
2.435243524352435429e+01,4.081672878336181839e+03,1.965855736434511769e+01
2.436243624362436222e+01,4.081558656829385200e+03,1.965919518622166606e+01
2.437243724372437370e+01,4.081445700596957067e+03,1.965983177594230114e+01
2.438243824382438518e+01,4.081334053338076956e+03,1.966046713584255556e+01
2.439243924392439311e+01,4.081223759148696900e+03,1.966110126825400428e+01
2.440244024402440459e+01,4.081114862521540999e+03,1.966173417550424318e+01
2.441244124412441252e+01,4.081007408346106331e+03,1.966236585991690333e+01
2.442244224422442400e+01,4.080901441908661582e+03,1.966299632381162965e+01
2.443244324432443193e+01,4.080797008892247504e+03,1.966362556950410934e+01
2.444244424442444341e+01,4.080694155376676918e+03,1.966425359930605055e+01
2.445244524452445489e+01,4.080592927838535161e+03,1.966488041552518951e+01
2.446244624462446282e+01,4.080493373151180094e+03,1.966550602046529050e+01
2.447244724472447430e+01,4.080395538584741189e+03,1.966613041642614590e+01
2.448244824482448223e+01,4.080299471806120437e+03,1.966675360570357967e+01
2.449244924492449371e+01,4.080205220878991895e+03,1.966737559058943674e+01
2.450245024502450519e+01,4.080112834263801687e+03,1.966799637337159723e+01
2.451245124512451312e+01,4.080022360817768458e+03,1.966861595633395865e+01
2.452245224522452460e+01,4.079933849794882462e+03,1.966923434175645724e+01
2.453245324532453253e+01,4.079847350845906931e+03,1.966985153191505376e+01
2.454245424542454401e+01,4.079762914018376705e+03,1.967046752908173346e+01
2.455245524552455194e+01,4.079680589756599147e+03,1.967108233552451324e+01
2.456245624562456342e+01,4.079600428901653686e+03,1.967169595350743805e+01
2.457245724572457490e+01,4.079522482691391360e+03,1.967230838529057380e+01
2.458245824582458283e+01,4.079446802760437095e+03,1.967291963313002157e+01
2.459245924592459431e+01,4.079373441140186060e+03,1.967352969927791051e+01
2.460246024602460224e+01,4.079302450258806402e+03,1.967413858598239074e+01
2.461246124612461372e+01,4.079233882941239244e+03,1.967474629548765108e+01
2.462246224622462520e+01,4.079167792409195954e+03,1.967535283003389779e+01
2.463246324632463313e+01,4.079104232281162695e+03,1.967595819185736872e+01
2.464246424642464461e+01,4.079043256572395421e+03,1.967656238319033335e+01
2.465246524652465254e+01,4.078984919694923974e+03,1.967716540626107857e+01
2.466246624662466402e+01,4.078929276457548895e+03,1.967776726329393355e+01
2.467246724672467195e+01,4.078876382065844609e+03,1.967836795650924486e+01
2.468246824682468343e+01,4.078826292122156246e+03,1.967896748812339069e+01
2.469246924692469491e+01,4.078779062625601910e+03,1.967956586034877375e+01
2.470247024702470284e+01,4.078734749972071768e+03,1.968016307539382836e+01
2.471247124712471432e+01,4.078693410954228057e+03,1.968075913546301692e+01
2.472247224722472225e+01,4.078655102761505532e+03,1.968135404275682632e+01
2.473247324732473373e+01,4.078619882980110560e+03,1.968194779947177508e+01
2.474247424742474522e+01,4.078587809593022484e+03,1.968254040780040626e+01
2.475247524752475314e+01,4.078558940979991803e+03,1.968313186993129094e+01
2.476247624762476462e+01,4.078533335917542445e+03,1.968372218804903184e+01
2.477247724772477255e+01,4.078511053578969040e+03,1.968431136433425621e+01
2.478247824782478403e+01,4.078492153534340105e+03,1.968489940096361934e+01
2.479247924792479196e+01,4.078476672927791697e+03,1.968548630012099565e+01
2.480248024802480344e+01,4.078463608715894225e+03,1.968607206446047186e+01
2.481248124812481493e+01,4.078452359192328458e+03,1.968665669633113779e+01
2.482248224822482285e+01,4.078442871731974265e+03,1.968724019779171286e+01
2.483248324832483434e+01,4.078435094151430803e+03,1.968782257089810273e+01
2.484248424842484226e+01,4.078428974709016529e+03,1.968840381770342063e+01
2.485248524852485374e+01,4.078424462104769191e+03,1.968898394025798382e+01
2.486248624862486523e+01,4.078421505480445830e+03,1.968956294060930290e+01
2.487248724872487315e+01,4.078420054419522785e+03,1.969014082080209960e+01
2.488248824882488464e+01,4.078420058947196139e+03,1.969071758287828544e+01
2.489248924892489256e+01,4.078421469530380364e+03,1.969129322887698308e+01
2.490249024902490405e+01,4.078424237077710131e+03,1.969186776083450852e+01
2.491249124912491197e+01,4.078428312939538955e+03,1.969244118078438177e+01
2.492249224922492346e+01,4.078433648907939642e+03,1.969301349075732688e+01
2.493249324932493494e+01,4.078440197216704291e+03,1.969358469278126123e+01
2.494249424942494286e+01,4.078447910541345209e+03,1.969415478888130977e+01
2.495249524952495435e+01,4.078456741999092174e+03,1.969472378107979793e+01
2.496249624962496227e+01,4.078466645148896077e+03,1.969529167139625159e+01
2.497249724972497376e+01,4.078477573991426652e+03,1.969585846184739353e+01
2.498249824982498524e+01,4.078489482969071560e+03,1.969642415444715411e+01
2.499249924992499317e+01,4.078502326965940028e+03,1.969698875120666060e+01
2.500250025002500465e+01,4.078516061307859218e+03,1.969755225413423716e+01
2.501250125012501258e+01,4.078530641762375126e+03,1.969811466523542265e+01
2.502250225022502406e+01,4.078546024538754864e+03,1.969867598651294216e+01
2.503250325032503198e+01,4.078562166287983018e+03,1.969923621996672836e+01
2.504250425042504347e+01,4.078579024102764379e+03,1.969979536759391792e+01
2.505250525052505495e+01,4.078596555517523029e+03,1.970035343138884443e+01
2.506250625062506288e+01,4.078614718508401893e+03,1.970091041334303839e+01
2.507250725072507436e+01,4.078633471493264096e+03,1.970146631544524141e+01
2.508250825082508229e+01,4.078652773331691151e+03,1.970202113968138491e+01
2.509250925092509377e+01,4.078672583324984316e+03,1.970257488803461499e+01
2.510251025102510525e+01,4.078692861216164602e+03,1.970312756248526398e+01
2.511251125112511318e+01,4.078713567189970490e+03,1.970367916501087535e+01
2.512251225122512466e+01,4.078734661872862489e+03,1.970422969758618947e+01
2.513251325132513259e+01,4.078756106333018579e+03,1.970477916218315073e+01
2.514251425142514407e+01,4.078777862080336035e+03,1.970532756077089687e+01
2.515251525152515200e+01,4.078799891066432338e+03,1.970587489531578029e+01
2.516251625162516348e+01,4.078822155684643803e+03,1.970642116778133968e+01
2.517251725172517496e+01,4.078844618770026045e+03,1.970696638012832480e+01
2.518251825182518289e+01,4.078867243599354424e+03,1.970751053431468236e+01
2.519251925192519437e+01,4.078889993891122685e+03,1.970805363229556306e+01
2.520252025202520230e+01,4.078912833805544324e+03,1.970859567602331097e+01
2.521252125212521378e+01,4.078935727944553037e+03,1.970913666744747772e+01
2.522252225222522526e+01,4.078958641351799997e+03,1.970967660851481895e+01
2.523252325232523319e+01,4.078981539512657946e+03,1.971021550116928012e+01
2.524252425242524467e+01,4.079004388354216644e+03,1.971075334735202489e+01
2.525252525252525260e+01,4.079027154245286511e+03,1.971129014900139609e+01
2.526252625262526408e+01,4.079049803996397259e+03,1.971182590805295831e+01
2.527252725272527201e+01,4.079072304859797441e+03,1.971236062643946241e+01
2.528252825282528349e+01,4.079094624529455359e+03,1.971289430609087034e+01
2.529252925292529497e+01,4.079116731141058608e+03,1.971342694893433745e+01
2.530253025302530290e+01,4.079138593272013168e+03,1.971395855689422305e+01
2.531253125312531438e+01,4.079160179941445222e+03,1.971448913189209051e+01
2.532253225322532231e+01,4.079181460610200247e+03,1.971501867584669654e+01
2.533253325332533379e+01,4.079202405180843016e+03,1.971554719067400896e+01
2.534253425342534527e+01,4.079222983997657593e+03,1.971607467828718896e+01
2.535253525352535320e+01,4.079243167846646884e+03,1.971660114059659819e+01
2.536253625362536468e+01,4.079262927955533087e+03,1.971712657950980940e+01
2.537253725372537261e+01,4.079282235993758604e+03,1.971765099693158163e+01
2.538253825382538409e+01,4.079301064072484678e+03,1.971817439476388856e+01
2.539253925392539202e+01,4.079319384744591389e+03,1.971869677490589368e+01
2.540254025402540350e+01,4.079337171004679021e+03,1.971921813925397160e+01
2.541254125412541498e+01,4.079354396289066244e+03,1.971973848970168675e+01
2.542254225422542291e+01,4.079371034475791475e+03,1.972025782813981820e+01
2.543254325432543439e+01,4.079387059884612427e+03,1.972077615645633486e+01
2.544254425442544232e+01,4.079402447277006104e+03,1.972129347653640608e+01
2.545254525452545380e+01,4.079417171856169261e+03,1.972180979026241587e+01
2.546254625462546528e+01,4.079431209267017493e+03,1.972232509951393098e+01
2.547254725472547321e+01,4.079444535596185233e+03,1.972283940616773634e+01
2.548254825482548469e+01,4.079457127372027117e+03,1.972335271209779961e+01
2.549254925492549262e+01,4.079468961564616620e+03,1.972386501917531021e+01
2.550255025502550410e+01,4.079480015585746514e+03,1.972437632926864026e+01
2.551255125512551203e+01,4.079490267288929317e+03,1.972488664424337657e+01
2.552255225522552351e+01,4.079499694969395932e+03,1.972539596596229572e+01
2.553255325532553499e+01,4.079508277364097921e+03,1.972590429628538189e+01
2.554255425542554292e+01,4.079515993651705230e+03,1.972641163706981970e+01
2.555255525552555440e+01,4.079522823452606644e+03,1.972691799016999425e+01
2.556255625562556233e+01,4.079528746828911608e+03,1.972742335743748754e+01
2.557255725572557381e+01,4.079533744284447948e+03,1.972792774072109268e+01
2.558255825582558529e+01,4.079537796764763243e+03,1.972843114186679614e+01
2.559255925592559322e+01,4.079540885657123454e+03,1.972893356271778131e+01
2.560256025602560470e+01,4.079542992790515200e+03,1.972943500511444626e+01
2.561256125612561263e+01,4.079544100435643486e+03,1.972993547089437172e+01
2.562256225622562411e+01,4.079544191304933520e+03,1.973043496189236023e+01
2.563256325632563559e+01,4.079543248552527984e+03,1.973093347994039704e+01
2.564256425642564352e+01,4.079541255774291585e+03,1.973143102686768202e+01
2.565256525652565500e+01,4.079538197007805593e+03,1.973192760450060490e+01
2.566256625662566293e+01,4.079534056732372392e+03,1.973242321466276294e+01
2.567256725672567441e+01,4.079528819869013205e+03,1.973291785917495389e+01
2.568256825682568234e+01,4.079522471780468095e+03,1.973341153985517593e+01
2.569256925692569382e+01,4.079514998271197328e+03,1.973390425851862773e+01
2.570257025702570530e+01,4.079506385587379555e+03,1.973439601697770840e+01
2.571257125712571323e+01,4.079496620416913629e+03,1.973488681704202108e+01
2.572257225722572471e+01,4.079485689889416790e+03,1.973537666051836581e+01
2.573257325732573264e+01,4.079473581576226024e+03,1.973586554921074665e+01
2.574257425742574412e+01,4.079460283490398069e+03,1.973635348492036812e+01
2.575257525752575560e+01,4.079445784086708500e+03,1.973684046944563519e+01
2.576257625762576353e+01,4.079430072261651731e+03,1.973732650458215332e+01
2.577257725772577501e+01,4.079413137353441925e+03,1.973781159212272840e+01
2.578257825782578294e+01,4.079394969142013451e+03,1.973829573385736680e+01
2.579257925792579442e+01,4.079375557849019060e+03,1.973877893157328600e+01
2.580258025802580235e+01,4.079354894137829888e+03,1.973926118705488619e+01
2.581258125812581383e+01,4.079332969113538638e+03,1.973974250208378578e+01
2.582258225822582531e+01,4.079309774322955491e+03,1.974022287843879297e+01
2.583258325832583324e+01,4.079285301754610373e+03,1.974070231789592000e+01
2.584258425842584472e+01,4.079259543838753416e+03,1.974118082222838666e+01
2.585258525852585265e+01,4.079232493447352681e+03,1.974165839320659899e+01
2.586258625862586413e+01,4.079204143894095978e+03,1.974213503259818481e+01
2.587258725872587561e+01,4.079174488934391775e+03,1.974261074216795109e+01
2.588258825882588354e+01,4.079143522765365560e+03,1.974308552367792302e+01
2.589258925892589502e+01,4.079111240025863481e+03,1.974355937888731560e+01
2.590259025902590295e+01,4.079077635796451432e+03,1.974403230955254784e+01
2.591259125912591443e+01,4.079042705599413694e+03,1.974450431742724632e+01
2.592259225922592236e+01,4.079006445398753840e+03,1.974497540426223097e+01
2.593259325932593384e+01,4.078968851600195194e+03,1.974544557180552218e+01
2.594259425942594532e+01,4.078929921051180372e+03,1.974591482180234792e+01
2.595259525952595325e+01,4.078889651040871286e+03,1.974638315599513305e+01
2.596259625962596473e+01,4.078848039300148685e+03,1.974685057612349937e+01
2.597259725972597266e+01,4.078805084001613523e+03,1.974731708392428331e+01
2.598259825982598414e+01,4.078760783759584683e+03,1.974778268113150403e+01
2.599259925992599563e+01,4.078715137630102618e+03,1.974824736947639536e+01
2.600260026002600355e+01,4.078668145110924343e+03,1.974871115068738803e+01
2.601260126012601503e+01,4.078619806141527988e+03,1.974917402649010967e+01
2.602260226022602296e+01,4.078570121103110978e+03,1.974963599860739905e+01
2.603260326032603444e+01,4.078519090818588666e+03,1.975009706875928117e+01
2.604260426042604237e+01,4.078466716552597518e+03,1.975055723866299928e+01
2.605260526052605385e+01,4.078413000011491931e+03,1.975101651003298286e+01
2.606260626062606534e+01,4.078357943343346506e+03,1.975147488458086897e+01
2.607260726072607326e+01,4.078301549137954680e+03,1.975193236401549512e+01
2.608260826082608475e+01,4.078243820426828734e+03,1.975238895004290285e+01
2.609260926092609267e+01,4.078184760683201603e+03,1.975284464436633058e+01
2.610261026102610415e+01,4.078124373822024154e+03,1.975329944868621723e+01
2.611261126112611564e+01,4.078062664199967458e+03,1.975375336470020216e+01
2.612261226122612356e+01,4.077999636615421878e+03,1.975420639410313228e+01
2.613261326132613505e+01,4.077935296308496163e+03,1.975465853858705145e+01
2.614261426142614297e+01,4.077869648961018811e+03,1.975510979984120041e+01
2.615261526152615446e+01,4.077802700696538977e+03,1.975556017955202392e+01
2.616261626162616238e+01,4.077734458080322838e+03,1.975600967940317432e+01
2.617261726172617387e+01,4.077664928119357683e+03,1.975645830107549372e+01
2.618261826182618535e+01,4.077594118262349184e+03,1.975690604624703184e+01
2.619261926192619327e+01,4.077522036399722765e+03,1.975735291659304238e+01
2.620262026202620476e+01,4.077448690863622687e+03,1.975779891378597242e+01
2.621262126212621268e+01,4.077374090427912506e+03,1.975824403949547303e+01
2.622262226222622417e+01,4.077298244308176436e+03,1.975868829538839577e+01
2.623262326232623565e+01,4.077221162161716165e+03,1.975913168312879620e+01
2.624262426242624358e+01,4.077142854087553587e+03,1.975957420437793388e+01
2.625262526252625506e+01,4.077063330626429888e+03,1.976001586079425465e+01
2.626262626262626299e+01,4.076982602760805548e+03,1.976045665403342255e+01
2.627262726272627447e+01,4.076900681914860343e+03,1.976089658574829144e+01
2.628262826282628239e+01,4.076817579954492885e+03,1.976133565758892274e+01
2.629262926292629388e+01,4.076733309187321993e+03,1.976177387120257123e+01
2.630263026302630536e+01,4.076647882362684868e+03,1.976221122823370635e+01
2.631263126312631329e+01,4.076561312671638916e+03,1.976264773032398026e+01
2.632263226322632477e+01,4.076473613746960382e+03,1.976308337911226332e+01
2.633263326332633270e+01,4.076384799663144349e+03,1.976351817623461571e+01
2.634263426342634418e+01,4.076294884936406106e+03,1.976395212332430162e+01
2.635263526352635566e+01,4.076203884524679324e+03,1.976438522201178927e+01
2.636263626362636359e+01,4.076111813827618334e+03,1.976481747392474020e+01
2.637263726372637507e+01,4.076018688686595397e+03,1.976524888068803065e+01
2.638263826382638300e+01,4.075924525384702974e+03,1.976567944392372311e+01
2.639263926392639448e+01,4.075829340646751916e+03,1.976610916525108763e+01
2.640264026402640241e+01,4.075733151639273729e+03,1.976653804628659827e+01
2.641264126412641389e+01,4.075635975970517848e+03,1.976696608864392246e+01
2.642264226422642537e+01,4.075537831690453459e+03,1.976739329393393874e+01
2.643264326432643330e+01,4.075438737290770405e+03,1.976781966376471544e+01
2.644264426442644478e+01,4.075338711704875095e+03,1.976824519974153205e+01
2.645264526452645271e+01,4.075237774307896416e+03,1.976866990346686137e+01
2.646264626462646419e+01,4.075135944916679364e+03,1.976909377654038025e+01
2.647264726472647567e+01,4.075033243789790959e+03,1.976951682055896953e+01
2.648264826482648360e+01,4.074929691627516149e+03,1.976993903711670697e+01
2.649264926492649508e+01,4.074825309571859634e+03,1.977036042780487080e+01
2.650265026502650301e+01,4.074720119206544496e+03,1.977078099421193969e+01
2.651265126512651449e+01,4.074614142557014929e+03,1.977120073792360344e+01
2.652265226522652242e+01,4.074507402090432606e+03,1.977161966052273812e+01
2.653265326532653390e+01,4.074399920715679400e+03,1.977203776358943088e+01
2.654265426542654538e+01,4.074291721783356479e+03,1.977245504870096937e+01
2.655265526552655331e+01,4.074182829085784761e+03,1.977287151743183102e+01
2.656265626562656479e+01,4.074073266857003091e+03,1.977328717135371150e+01
2.657265726572657272e+01,4.073963059772770976e+03,1.977370201203549271e+01
2.658265826582658420e+01,4.073852232950566304e+03,1.977411604104326770e+01
2.659265926592659568e+01,4.073740811949587169e+03,1.977452925994032640e+01
2.660266026602660361e+01,4.073628822770750503e+03,1.977494167028715566e+01
2.661266126612661509e+01,4.073516291856692078e+03,1.977535327364145346e+01
2.662266226622662302e+01,4.073403246091767869e+03,1.977576407155811111e+01
2.663266326632663450e+01,4.073289712802052236e+03,1.977617406558922042e+01
2.664266426642664243e+01,4.073175719755340197e+03,1.977658325728407718e+01
2.665266526652665391e+01,4.073061295161144244e+03,1.977699164818917765e+01
2.666266626662666539e+01,4.072946467670697984e+03,1.977739923984822212e+01
2.667266726672667332e+01,4.072831266376952954e+03,1.977780603380210422e+01
2.668266826682668480e+01,4.072715720814580891e+03,1.977821203158892516e+01
2.669266926692669273e+01,4.072599860959972375e+03,1.977861723474398303e+01
2.670267026702670421e+01,4.072483717231237733e+03,1.977902164479978353e+01
2.671267126712671569e+01,4.072367320488205678e+03,1.977942526328602568e+01
2.672267226722672362e+01,4.072250702032425579e+03,1.977982809172961254e+01
2.673267326732673510e+01,4.072133893607164737e+03,1.978023013165465116e+01
2.674267426742674303e+01,4.072016927397410655e+03,1.978063138458244552e+01
2.675267526752675451e+01,4.071899836029870130e+03,1.978103185203150005e+01
2.676267626762676244e+01,4.071782652572968800e+03,1.978143153551752320e+01
2.677267726772677392e+01,4.071665410536852050e+03,1.978183043655342033e+01
2.678267826782678540e+01,4.071548143873384106e+03,1.978222855664930790e+01
2.679267926792679333e+01,4.071430886976148940e+03,1.978262589731248866e+01
2.680268026802680481e+01,4.071313674680449367e+03,1.978302246004748000e+01
2.681268126812681274e+01,4.071196542263308402e+03,1.978341824635598911e+01
2.682268226822682422e+01,4.071079525443467446e+03,1.978381325773693433e+01
2.683268326832683570e+01,4.070962660381387650e+03,1.978420749568642734e+01
2.684268426842684363e+01,4.070845983679249457e+03,1.978460096169778026e+01
2.685268526852685511e+01,4.070729532380952151e+03,1.978499365726151638e+01
2.686268626862686304e+01,4.070613343972115217e+03,1.978538558386534518e+01
2.687268726872687452e+01,4.070497456380076528e+03,1.978577674299419442e+01
2.688268826882688245e+01,4.070381907973893703e+03,1.978616713613017453e+01
2.689268926892689393e+01,4.070266737564344112e+03,1.978655676475261416e+01
2.690269026902690541e+01,4.070151984403923052e+03,1.978694563033802822e+01
2.691269126912691334e+01,4.070037688186847390e+03,1.978733373436013920e+01
2.692269226922692482e+01,4.069923889049050558e+03,1.978772107828987714e+01
2.693269326932693275e+01,4.069810627568187556e+03,1.978810766359535833e+01
2.694269426942694423e+01,4.069697944763631767e+03,1.978849349174191374e+01
2.695269526952695571e+01,4.069585882096475871e+03,1.978887856419206770e+01
2.696269626962696364e+01,4.069474481469531838e+03,1.978926288240554854e+01
2.697269726972697512e+01,4.069363785227330936e+03,1.978964644783928506e+01
2.698269826982698305e+01,4.069253836156124180e+03,1.979002926194740652e+01
2.699269926992699453e+01,4.069144677483881424e+03,1.979041132618124266e+01
2.700270027002700246e+01,4.069036352880292270e+03,1.979079264198932719e+01
2.701270127012701394e+01,4.068928906456764707e+03,1.979117321081738723e+01
2.702270227022702542e+01,4.068822382766426927e+03,1.979155303410836453e+01
2.703270327032703335e+01,4.068716826804126413e+03,1.979193211330238711e+01
2.704270427042704483e+01,4.068612284006429491e+03,1.979231044983679411e+01
2.705270527052705276e+01,4.068508800251621778e+03,1.979268804514611801e+01
2.706270627062706424e+01,4.068406421859709098e+03,1.979306490066210245e+01
2.707270727072707572e+01,4.068305195592415657e+03,1.979344101781368082e+01
2.708270827082708365e+01,4.068205168653184955e+03,1.979381639802699766e+01
2.709270927092709513e+01,4.068106388687180242e+03,1.979419104272539087e+01
2.710271027102710306e+01,4.068008903781284062e+03,1.979456495332939880e+01
2.711271127112711454e+01,4.067912762464098250e+03,1.979493813125677093e+01
2.712271227122712247e+01,4.067818013705943031e+03,1.979531057792244653e+01
2.713271327132713395e+01,4.067724706918859738e+03,1.979568229473856888e+01
2.714271427142714543e+01,4.067632891956607637e+03,1.979605328311448886e+01
2.715271527152715336e+01,4.067542619114665740e+03,1.979642354445675068e+01
2.716271627162716484e+01,4.067453939130232357e+03,1.979679308016910255e+01
2.717271727172717277e+01,4.067366903182224632e+03,1.979716189165248963e+01
2.718271827182718425e+01,4.067281562891279918e+03,1.979752998030506816e+01
2.719271927192719573e+01,4.067197970319753949e+03,1.979789734752218422e+01
2.720272027202720366e+01,4.067116177971722664e+03,1.979826399469639142e+01
2.721272127212721514e+01,4.067036238792980839e+03,1.979862992321744031e+01
2.722272227222722307e+01,4.066958206171042548e+03,1.979899513447228898e+01
2.723272327232723455e+01,4.066882133935141155e+03,1.979935962984508890e+01
2.724272427242724248e+01,4.066808076356229321e+03,1.979972341071719555e+01
2.725272527252725396e+01,4.066736088146979000e+03,1.980008647846716840e+01
2.726272627262726544e+01,4.066666224461781894e+03,1.980044883447076387e+01
2.727272727272727337e+01,4.066598540896748545e+03,1.980081048010093880e+01
2.728272827282728485e+01,4.066533093489708790e+03,1.980117141672785763e+01
2.729272927292729278e+01,4.066469938720212213e+03,1.980153164571887814e+01
2.730273027302730426e+01,4.066409133509526782e+03,1.980189116843856212e+01
2.731273127312731575e+01,4.066350735220641127e+03,1.980224998624867538e+01
2.732273227322732367e+01,4.066294801658262259e+03,1.980260810050818066e+01
2.733273327332733516e+01,4.066241391068816938e+03,1.980296551257324111e+01
2.734273427342734308e+01,4.066190562140450311e+03,1.980332222379722040e+01
2.735273527352735456e+01,4.066142374003027726e+03,1.980367823553069329e+01
2.736273627362736249e+01,4.066096886228133826e+03,1.980403354912142078e+01
2.737273727372737397e+01,4.066054158829072549e+03,1.980438816591437856e+01
2.738273827382738546e+01,4.066014252260866670e+03,1.980474208725172858e+01
2.739273927392739338e+01,4.065977227420259169e+03,1.980509531447284743e+01
2.740274027402740487e+01,4.065943145645710501e+03,1.980544784891430510e+01
2.741274127412741279e+01,4.065912068717402690e+03,1.980579969190987555e+01
2.742274227422742428e+01,4.065884058857236141e+03,1.980615084479052967e+01
2.743274327432743576e+01,4.065859178728829647e+03,1.980650130888444949e+01
2.744274427442744368e+01,4.065837491437522658e+03,1.980685108551700324e+01
2.745274527452745517e+01,4.065819060530373463e+03,1.980720017601077387e+01
2.746274627462746309e+01,4.065803949996159645e+03,1.980754858168553767e+01
2.747274727472747458e+01,4.065792224265377627e+03,1.980789630385827138e+01
2.748274827482748250e+01,4.065783948210244034e+03,1.980824334384315932e+01
2.749274927492749399e+01,4.065779187144694333e+03,1.980858970295158272e+01
2.750275027502750547e+01,4.065778006824382828e+03,1.980893538249211616e+01
2.751275127512751340e+01,4.065780473446684482e+03,1.980928038377055245e+01
2.752275227522752488e+01,4.065786653650691733e+03,1.980962470808987064e+01
2.753275327532753280e+01,4.065796614517217677e+03,1.980996835675025380e+01
2.754275427542754429e+01,4.065810423568794704e+03,1.981031133104909614e+01
2.755275527552755577e+01,4.065827271081617710e+03,1.981065363269892998e+01
2.756275627562756370e+01,4.065845956276354627e+03,1.981099526354516271e+01
2.757275727572757518e+01,4.065866416342286357e+03,1.981133622485751289e+01
2.758275827582758311e+01,4.065888595567567336e+03,1.981167651790053696e+01
2.759275927592759459e+01,4.065912438721611579e+03,1.981201614393686938e+01
2.760276027602760252e+01,4.065937891055093132e+03,1.981235510422722612e+01
2.761276127612761400e+01,4.065964898299945617e+03,1.981269340003039758e+01
2.762276227622762548e+01,4.065993406669363594e+03,1.981303103260325571e+01
2.763276327632763341e+01,4.066023362857800294e+03,1.981336800320075398e+01
2.764276427642764489e+01,4.066054714040969429e+03,1.981370431307592384e+01
2.765276527652765282e+01,4.066087407875844747e+03,1.981403996347986407e+01
2.766276627662766430e+01,4.066121392500659567e+03,1.981437495566176921e+01
2.767276727672767578e+01,4.066156616534907243e+03,1.981470929086890109e+01
2.768276827682768371e+01,4.066193029079340704e+03,1.981504297034660667e+01
2.769276927692769519e+01,4.066230579715973818e+03,1.981537599533830729e+01
2.770277027702770312e+01,4.066269218508079575e+03,1.981570836708550587e+01
2.771277127712771460e+01,4.066308896000190089e+03,1.981604008682777973e+01
2.772277227722772253e+01,4.066349563218098865e+03,1.981637115580278774e+01
2.773277327732773401e+01,4.066391171668858078e+03,1.981670157524627385e+01
2.774277427742774549e+01,4.066433673340781297e+03,1.981703134639204933e+01
2.775277527752775342e+01,4.066477020703439848e+03,1.981736047047201055e+01
2.776277627762776490e+01,4.066521166707666907e+03,1.981768894871613185e+01
2.777277727772777283e+01,4.066566064785554772e+03,1.981801678235246555e+01
2.778277827782778431e+01,4.066611668850455771e+03,1.981834397260714553e+01
2.779277927792779579e+01,4.066657933296981355e+03,1.981867052070437651e+01
2.780278027802780372e+01,4.066704813001003913e+03,1.981899642786645543e+01
2.781278127812781520e+01,4.066752263319655867e+03,1.981932169531374655e+01
2.782278227822782313e+01,4.066800240091327851e+03,1.981964632426469208e+01
2.783278327832783461e+01,4.066848699635672801e+03,1.981997031593582292e+01
2.784278427842784254e+01,4.066897598753600960e+03,1.982029367154174082e+01
2.785278527852785402e+01,4.066946894727285326e+03,1.982061639229513261e+01
2.786278627862786550e+01,4.066996545320156201e+03,1.982093847940675246e+01
2.787278727872787343e+01,4.067046508776905284e+03,1.982125993408544318e+01
2.788278827882788491e+01,4.067096743823483393e+03,1.982158075753812554e+01
2.789278927892789284e+01,4.067147209667102288e+03,1.982190095096979832e+01
2.790279027902790432e+01,4.067197865996232395e+03,1.982222051558353115e+01
2.791279127912791580e+01,4.067248672980604624e+03,1.982253945258048944e+01
2.792279227922792373e+01,4.067299591271209920e+03,1.982285776315989878e+01
2.793279327932793521e+01,4.067350582000298800e+03,1.982317544851907343e+01
2.794279427942794314e+01,4.067401606781381815e+03,1.982349250985340916e+01
2.795279527952795462e+01,4.067452627709229546e+03,1.982380894835636909e+01
2.796279627962796255e+01,4.067503607359872149e+03,1.982412476521950850e+01
2.797279727972797403e+01,4.067554508790599812e+03,1.982443996163245004e+01
2.798279827982798551e+01,4.067605295539963208e+03,1.982475453878290494e+01
2.799279927992799344e+01,4.067655931627772134e+03,1.982506849785665537e+01
2.800280028002800492e+01,4.067706381555096414e+03,1.982538184003756143e+01
2.801280128012801285e+01,4.067756610304265450e+03,1.982569456650757189e+01
2.802280228022802433e+01,4.067806583338870041e+03,1.982600667844670639e+01
2.803280328032803581e+01,4.067856266603758741e+03,1.982631817703306609e+01
2.804280428042804374e+01,4.067905626525041498e+03,1.982662906344282305e+01
2.805280528052805522e+01,4.067954630010087840e+03,1.982693933885024151e+01
2.806280628062806315e+01,4.068003244447527322e+03,1.982724900442765659e+01
2.807280728072807463e+01,4.068051437707248624e+03,1.982755806134548138e+01
2.808280828082808256e+01,4.068099178140400909e+03,1.982786651077221052e+01
2.809280928092809404e+01,4.068146434579393826e+03,1.982817435387441662e+01
2.810281028102810552e+01,4.068193176337895238e+03,1.982848159181675030e+01
2.811281128112811345e+01,4.068239373210834856e+03,1.982878822576194366e+01
2.812281228122812493e+01,4.068284995474401057e+03,1.982909425687079974e+01
2.813281328132813286e+01,4.068330013886042252e+03,1.982939968630221372e+01
2.814281428142814434e+01,4.068374399684467335e+03,1.982970451521314459e+01
2.815281528152815582e+01,4.068418124589644322e+03,1.983000874475863995e+01
2.816281628162816375e+01,4.068461160802801714e+03,1.983031237609182540e+01
2.817281728172817523e+01,4.068503481006427592e+03,1.983061541036390096e+01
2.818281828182818316e+01,4.068545058364270062e+03,1.983091784872414820e+01
2.819281928192819464e+01,4.068585866521336811e+03,1.983121969231992665e+01
2.820282028202820257e+01,4.068625879603896465e+03,1.983152094229667739e+01
2.821282128212821405e+01,4.068665072219475860e+03,1.983182159979791237e+01
2.822282228222822553e+01,4.068703419456863230e+03,1.983212166596523218e+01
2.823282328232823346e+01,4.068740896886106384e+03,1.983242114193831185e+01
2.824282428242824494e+01,4.068777480558512252e+03,1.983272002885490082e+01
2.825282528252825287e+01,4.068813147006648251e+03,1.983301832785083363e+01
2.826282628262826435e+01,4.068847873244341827e+03,1.983331604006002280e+01
2.827282728272827583e+01,4.068881636766680003e+03,1.983361316661445528e+01
2.828282828282828376e+01,4.068914415550009835e+03,1.983390970864419955e+01
2.829282928292829524e+01,4.068946188051938407e+03,1.983420566727740564e+01
2.830283028302830317e+01,4.068976933211332380e+03,1.983450104364029798e+01
2.831283128312831465e+01,4.069006630448318901e+03,1.983479583885717901e+01
2.832283228322832258e+01,4.069035259664283785e+03,1.983509005405043624e+01
2.833283328332833406e+01,4.069062801241874240e+03,1.983538369034052806e+01
2.834283428342834554e+01,4.069089236044996596e+03,1.983567674884599796e+01
2.835283528352835347e+01,4.069114545418817215e+03,1.983596923068346385e+01
2.836283628362836495e+01,4.069138711189761580e+03,1.983626113696762516e+01
2.837283728372837288e+01,4.069161715665517022e+03,1.983655246881125578e+01
2.838283828382838436e+01,4.069183541635028632e+03,1.983684322732521821e+01
2.839283928392839584e+01,4.069204172368502441e+03,1.983713341361844229e+01
2.840284028402840377e+01,4.069223591617404963e+03,1.983742302879793939e+01
2.841284128412841525e+01,4.069241783614460928e+03,1.983771207396880598e+01
2.842284228422842318e+01,4.069258733073656458e+03,1.983800055023421294e+01
2.843284328432843466e+01,4.069274425190237253e+03,1.983828845869540558e+01
2.844284428442844259e+01,4.069288845640708132e+03,1.983857580045171431e+01
2.845284528452845407e+01,4.069301980582834858e+03,1.983886257660054753e+01
2.846284628462846555e+01,4.069313816655642313e+03,1.983914878823739159e+01
2.847284728472847348e+01,4.069324340979415865e+03,1.983943443645580373e+01
2.848284828482848496e+01,4.069333541155700004e+03,1.983971952234743696e+01
2.849284928492849289e+01,4.069341405267300161e+03,1.984000404700200804e+01
2.850285028502850437e+01,4.069347921878280886e+03,1.984028801150731525e+01
2.851285128512851585e+01,4.069353080033966762e+03,1.984057141694924198e+01
2.852285228522852378e+01,4.069356869260942858e+03,1.984085426441174960e+01
2.853285328532853526e+01,4.069359279567052909e+03,1.984113655497686679e+01
2.854285428542854319e+01,4.069360301441401589e+03,1.984141828972471444e+01
2.855285528552855467e+01,4.069359925854353150e+03,1.984169946973348431e+01
2.856285628562856260e+01,4.069358144257531421e+03,1.984198009607944968e+01
2.857285728572857408e+01,4.069354948583821169e+03,1.984226016983696539e+01
2.858285828582858557e+01,4.069350331247365830e+03,1.984253969207846069e+01
2.859285928592859349e+01,4.069344285143569323e+03,1.984281866387444637e+01
2.860286028602860497e+01,4.069336803649095600e+03,1.984309708629350411e+01
2.861286128612861290e+01,4.069327880621868189e+03,1.984337496040230775e+01
2.862286228622862438e+01,4.069317510401070649e+03,1.984365228726559849e+01
2.863286328632863587e+01,4.069305687807146114e+03,1.984392906794620259e+01
2.864286428642864379e+01,4.069292408141798205e+03,1.984420530350502077e+01
2.865286528652865528e+01,4.069277667187989664e+03,1.984448099500103879e+01
2.866286628662866320e+01,4.069261461209944628e+03,1.984475614349131689e+01
2.867286728672867469e+01,4.069243786953145445e+03,1.984503075003098971e+01
2.868286828682868261e+01,4.069224641644334497e+03,1.984530481567327698e+01
2.869286928692869409e+01,4.069204022991516013e+03,1.984557834146947641e+01
2.870287028702870558e+01,4.069181929183951070e+03,1.984585132846896371e+01
2.871287128712871350e+01,4.069158358892163506e+03,1.984612377771919256e+01
2.872287228722872499e+01,4.069133311267935369e+03,1.984639569026569816e+01
2.873287328732873291e+01,4.069106785944309195e+03,1.984666706715208662e+01
2.874287428742874440e+01,4.069078783035587094e+03,1.984693790942005265e+01
2.875287528752875588e+01,4.069049303137331208e+03,1.984720821810936187e+01
2.876287628762876381e+01,4.069018347326363710e+03,1.984747799425786496e+01
2.877287728772877529e+01,4.068985917160766803e+03,1.984774723890149062e+01
2.878287828782878321e+01,4.068952014679882268e+03,1.984801595307423838e+01
2.879287928792879470e+01,4.068916642404311460e+03,1.984828413780820000e+01
2.880288028802880262e+01,4.068879803335916677e+03,1.984855179413352744e+01
2.881288128812881411e+01,4.068841500957818880e+03,1.984881892307847195e+01
2.882288228822882559e+01,4.068801739234399975e+03,1.984908552566935214e+01
2.883288328832883352e+01,4.068760522611301440e+03,1.984935160293056100e+01
2.884288428842884500e+01,4.068717856015424331e+03,1.984961715588458375e+01
2.885288528852885293e+01,4.068673744854929282e+03,1.984988218555197292e+01
2.886288628862886441e+01,4.068628195019238319e+03,1.985014669295136258e+01
2.887288728872887589e+01,4.068581212879031682e+03,1.985041067909946833e+01
2.888288828882888382e+01,4.068532805286251005e+03,1.985067414501108729e+01
2.889288928892889530e+01,4.068482979574095680e+03,1.985093709169908038e+01
2.890289028902890323e+01,4.068431743557027858e+03,1.985119952017440781e+01
2.891289128912891471e+01,4.068379105530766992e+03,1.985146143144609354e+01
2.892289228922892264e+01,4.068325074272293932e+03,1.985172282652124665e+01
2.893289328932893412e+01,4.068269659039849103e+03,1.985198370640505416e+01
2.894289428942894560e+01,4.068212869572932505e+03,1.985224407210078112e+01
2.895289528952895353e+01,4.068154716092304625e+03,1.985250392460976698e+01
2.896289628962896501e+01,4.068095209299985072e+03,1.985276326493143983e+01
2.897289728972897294e+01,4.068034360379253485e+03,1.985302209406329865e+01
2.898289828982898442e+01,4.067972180994650898e+03,1.985328041300092394e+01
2.899289928992899590e+01,4.067908683291975649e+03,1.985353822273797419e+01
2.900290029002900383e+01,4.067843879898288378e+03,1.985379552426618588e+01
2.901290129012901531e+01,4.067777783921907940e+03,1.985405231857538055e+01
2.902290229022902324e+01,4.067710408952413673e+03,1.985430860665344355e+01
2.903290329032903472e+01,4.067641769060645402e+03,1.985456438948635949e+01
2.904290429042904265e+01,4.067571878798702073e+03,1.985481966805817322e+01
2.905290529052905413e+01,4.067500753199943119e+03,1.985507444335101823e+01
2.906290629062906561e+01,4.067428407778986639e+03,1.985532871634510599e+01
2.907290729072907354e+01,4.067354858531712580e+03,1.985558248801872239e+01
2.908290829082908502e+01,4.067280121935258649e+03,1.985583575934823841e+01
2.909290929092909295e+01,4.067204214948024401e+03,1.985608853130809592e+01
2.910291029102910443e+01,4.067127155009668058e+03,1.985634080487082542e+01
2.911291129112911591e+01,4.067048960041108330e+03,1.985659258100702473e+01
2.912291229122912384e+01,4.066969648444523045e+03,1.985684386068538032e+01
2.913291329132913532e+01,4.066889239103350974e+03,1.985709464487264952e+01
2.914291429142914325e+01,4.066807751382290462e+03,1.985734493453367477e+01
2.915291529152915473e+01,4.066725205127298977e+03,1.985759473063137648e+01
2.916291629162916266e+01,4.066641620665594473e+03,1.985784403412674948e+01
2.917291729172917414e+01,4.066557018805655389e+03,1.985809284597887014e+01
2.918291829182918562e+01,4.066471420837218830e+03,1.985834116714489284e+01
2.919291929192919355e+01,4.066384848531282842e+03,1.985858899858004989e+01
2.920292029202920503e+01,4.066297324140105047e+03,1.985883634123765873e+01
2.921292129212921296e+01,4.066208870397202645e+03,1.985908319606910410e+01
2.922292229222922444e+01,4.066119510517353319e+03,1.985932956402385940e+01
2.923292329232923592e+01,4.066029268196593421e+03,1.985957544604947600e+01
2.924292429242924385e+01,4.065938167612221150e+03,1.985982084309157258e+01
2.925292529252925533e+01,4.065846233422792920e+03,1.986006575609386360e+01
2.926292629262926326e+01,4.065753490768126085e+03,1.986031018599813081e+01
2.927292729272927474e+01,4.065659965269296663e+03,1.986055413374423395e+01
2.928292829282928267e+01,4.065565683028642525e+03,1.986079760027012142e+01
2.929292929292929415e+01,4.065470670629759297e+03,1.986104058651180893e+01
2.930293029302930563e+01,4.065374955137503548e+03,1.986128309340339726e+01
2.931293129312931356e+01,4.065278564097992330e+03,1.986152512187706876e+01
2.932293229322932504e+01,4.065181525538601818e+03,1.986176667286307662e+01
2.933293329332933297e+01,4.065083867967967763e+03,1.986200774728975915e+01
2.934293429342934445e+01,4.064985620375986400e+03,1.986224834608352907e+01
2.935293529352935593e+01,4.064886812233813998e+03,1.986248847016888064e+01
2.936293629362936386e+01,4.064787473493865946e+03,1.986272812046838609e+01
2.937293729372937534e+01,4.064687634589818572e+03,1.986296729790269211e+01
2.938293829382938327e+01,4.064587326436607327e+03,1.986320600339053399e+01
2.939293929392939475e+01,4.064486580430427693e+03,1.986344423784872149e+01
2.940294029402940268e+01,4.064385428448735638e+03,1.986368200219213520e+01
2.941294129412941416e+01,4.064283902850245795e+03,1.986391929733374440e+01
2.942294229422942564e+01,4.064182036474933739e+03,1.986415612418459276e+01
2.943294329432943357e+01,4.064079862644035074e+03,1.986439248365380195e+01
2.944294429442944505e+01,4.063977415160044075e+03,1.986462837664857872e+01
2.945294529452945298e+01,4.063874728306716406e+03,1.986486380407420071e+01
2.946294629462946446e+01,4.063771836849066403e+03,1.986509876683402709e+01
2.947294729472947594e+01,4.063668776033368886e+03,1.986533326582949499e+01
2.948294829482948387e+01,4.063565581587159159e+03,1.986556730196012666e+01
2.949294929492949535e+01,4.063462289719231194e+03,1.986580087612351164e+01
2.950295029502950328e+01,4.063358937119638995e+03,1.986603398921532815e+01
2.951295129512951476e+01,4.063255560959697959e+03,1.986626664212932525e+01
2.952295229522952269e+01,4.063152198891981698e+03,1.986649883575734066e+01
2.953295329532953417e+01,4.063048889050324306e+03,1.986673057098927941e+01
2.954295429542954565e+01,4.062945670049819910e+03,1.986696184871313520e+01
2.955295529552955358e+01,4.062842580986822668e+03,1.986719266981497611e+01
2.956295629562956506e+01,4.062739661438946314e+03,1.986742303517894470e+01
2.957295729572957299e+01,4.062636951465064158e+03,1.986765294568726858e+01
2.958295829582958447e+01,4.062534491605309995e+03,1.986788240222025337e+01
2.959295929592959595e+01,4.062432322881077653e+03,1.986811140565628264e+01
2.960296029602960388e+01,4.062330486795020533e+03,1.986833995687181798e+01
2.961296129612961536e+01,4.062229025331051616e+03,1.986856805674139537e+01
2.962296229622962329e+01,4.062127980954344366e+03,1.986879570613763946e+01
2.963296329632963477e+01,4.062027396611331824e+03,1.986902290593124576e+01
2.964296429642964270e+01,4.061927315729707061e+03,1.986924965699099133e+01
2.965296529652965418e+01,4.061827782218422271e+03,1.986947596018373119e+01
2.966296629662966566e+01,4.061728840467691498e+03,1.986970181637440191e+01
2.967296729672967359e+01,4.061630535348986541e+03,1.986992722642601450e+01
2.968296829682968507e+01,4.061532912215040142e+03,1.987015219119966147e+01
2.969296929692969300e+01,4.061436016899844617e+03,1.987037671155451335e+01
2.970297029702970448e+01,4.061339895718652770e+03,1.987060078834781507e+01
2.971297129712971596e+01,4.061244595467976524e+03,1.987082442243490021e+01
2.972297229722972389e+01,4.061150163425588744e+03,1.987104761466917680e+01
2.973297329732973537e+01,4.061056647350520507e+03,1.987127036590212370e+01
2.974297429742974330e+01,4.060964095483064284e+03,1.987149267698330846e+01
2.975297529752975478e+01,4.060872556544772124e+03,1.987171454876037302e+01
2.976297629762976271e+01,4.060782079738455195e+03,1.987193598207904088e+01
2.977297729772977419e+01,4.060692714748185608e+03,1.987215697778310997e+01
2.978297829782978567e+01,4.060604511739295049e+03,1.987237753671445972e+01
2.979297929792979360e+01,4.060517521358374779e+03,1.987259765971305114e+01
2.980298029802980508e+01,4.060431794733275638e+03,1.987281734761691609e+01
2.981298129812981301e+01,4.060347383473109858e+03,1.987303660126217153e+01
2.982298229822982449e+01,4.060264339668247430e+03,1.987325542148301594e+01
2.983298329832983597e+01,4.060182715890320651e+03,1.987347380911171513e+01
2.984298429842984390e+01,4.060102565192219572e+03,1.987369176497862355e+01
2.985298529852985538e+01,4.060023941108095187e+03,1.987390928991217365e+01
2.986298629862986331e+01,4.059946897653358064e+03,1.987412638473886872e+01
2.987298729872987479e+01,4.059871489324679260e+03,1.987434305028330428e+01
2.988298829882988272e+01,4.059797771099989404e+03,1.987455928736813959e+01
2.989298929892989420e+01,4.059725798438478250e+03,1.987477509681412613e+01
2.990299029902990569e+01,4.059655627280596491e+03,1.987499047944008268e+01
2.991299129912991361e+01,4.059587314048054395e+03,1.987520543606291312e+01
2.992299229922992510e+01,4.059520915643821809e+03,1.987541996749759932e+01
2.993299329932993302e+01,4.059456489452129063e+03,1.987563407455720110e+01
2.994299429942994450e+01,4.059394093338465609e+03,1.987584775805285986e+01
2.995299529952995599e+01,4.059333785649581841e+03,1.987606101879378784e+01
2.996299629962996391e+01,4.059275625213487274e+03,1.987627385758728593e+01
2.997299729972997540e+01,4.059219671339450997e+03,1.987648627523872946e+01
2.998299829982998332e+01,4.059165983818003042e+03,1.987669827255156818e+01
2.999299929992999481e+01,4.059114622920932561e+03,1.987690985032734048e+01
3.000300030003000273e+01,4.059065649401289193e+03,1.987712100936565207e+01
3.001300130013001422e+01,4.059019124493381696e+03,1.987733175046419731e+01
3.002300230023002570e+01,4.058975109912778862e+03,1.987754207441874144e+01
3.003300330033003362e+01,4.058933667856310421e+03,1.987775198202313476e+01
3.004300430043004511e+01,4.058894861002064772e+03,1.987796147406930203e+01
3.005300530053005303e+01,4.058858752509390797e+03,1.987817055134724598e+01
3.006300630063006452e+01,4.058825406018896956e+03,1.987837921464505442e+01
3.007300730073007600e+01,4.058794885652452194e+03,1.987858746474888960e+01
3.008300830083008393e+01,4.058767256013185033e+03,1.987879530244298820e+01
3.009300930093009541e+01,4.058742582185483116e+03,1.987900272850967553e+01
3.010301030103010334e+01,4.058720929734995025e+03,1.987920974372934779e+01
3.011301130113011482e+01,4.058702364708629375e+03,1.987941634888048270e+01
3.012301230123012274e+01,4.058686953634553902e+03,1.987962254473963597e+01
3.013301330133013423e+01,4.058674763522195917e+03,1.987982833208144484e+01
3.014301430143014571e+01,4.058665861862244128e+03,1.988003371167861744e+01
3.015301530153015364e+01,4.058660316626646363e+03,1.988023868430195051e+01
3.016301630163016512e+01,4.058658196268609117e+03,1.988044325072031526e+01
3.017301730173017305e+01,4.058659569722601191e+03,1.988064741170066085e+01
3.018301830183018453e+01,4.058664506404349140e+03,1.988085116800801444e+01
3.019301930193019601e+01,4.058673076210840918e+03,1.988105452040548471e+01
3.020302030203020394e+01,4.058685349520323143e+03,1.988125746965425833e+01
3.021302130213021542e+01,4.058701397192302920e+03,1.988146001651359995e+01
3.022302230223022335e+01,4.058721290567547840e+03,1.988166216174085221e+01
3.023302330233023483e+01,4.058745101468084613e+03,1.988186390609143572e+01
3.024302430243024276e+01,4.058772902197199983e+03,1.988206525031885263e+01
3.025302530253025424e+01,4.058804008792381410e+03,1.988226619563509701e+01
3.026302630263026572e+01,4.058836747038766134e+03,1.988246674382628143e+01
3.027302730273027365e+01,4.058871005076704023e+03,1.988266689570312096e+01
3.028302830283028513e+01,4.058906732023407585e+03,1.988286665203779435e+01
3.029302930293029306e+01,4.058943877448275089e+03,1.988306601360117298e+01
3.030303030303030454e+01,4.058982391372891470e+03,1.988326498116282792e+01
3.031303130313031602e+01,4.059022224271027881e+03,1.988346355549102995e+01
3.032303230323032395e+01,4.059063327068642138e+03,1.988366173735274955e+01
3.033303330333033543e+01,4.059105651143877822e+03,1.988385952751364272e+01
3.034303430343034336e+01,4.059149148327065177e+03,1.988405692673807934e+01
3.035303530353035484e+01,4.059193770900720665e+03,1.988425393578911837e+01
3.036303630363036277e+01,4.059239471599547414e+03,1.988445055542851847e+01
3.037303730373037425e+01,4.059286203610434768e+03,1.988464678641673444e+01
3.038303830383038573e+01,4.059333920572457828e+03,1.988484262951292436e+01
3.039303930393039366e+01,4.059382576576878819e+03,1.988503808547493179e+01
3.040304030403040514e+01,4.059432126167145725e+03,1.988523315505931777e+01
3.041304130413041307e+01,4.059482524338893199e+03,1.988542783902132172e+01
3.042304230423042455e+01,4.059533726539942563e+03,1.988562213811489343e+01
3.043304330433043603e+01,4.059585688670300442e+03,1.988581605309267530e+01
3.044304430443044396e+01,4.059638367082160585e+03,1.988600958470600588e+01
3.045304530453045544e+01,4.059691718579902954e+03,1.988620273370493052e+01
3.046304630463046337e+01,4.059745700420093726e+03,1.988639550083818008e+01
3.047304730473047485e+01,4.059800270311485292e+03,1.988658788685319223e+01
3.048304830483048278e+01,4.059855386415017165e+03,1.988677989249610079e+01
3.049304930493049426e+01,4.059911007343814163e+03,1.988697151851173572e+01
3.050305030503050574e+01,4.059967092163187772e+03,1.988716276564362673e+01
3.051305130513051367e+01,4.060023600390636147e+03,1.988735363463399608e+01
3.052305230523052515e+01,4.060080491995843204e+03,1.988754412622377288e+01
3.053305330533053308e+01,4.060137727400679978e+03,1.988773424115257527e+01
3.054305430543054456e+01,4.060195267479203267e+03,1.988792398015872820e+01
3.055305530553055604e+01,4.060253073557656080e+03,1.988811334397924213e+01
3.056305630563056397e+01,4.060311107414468097e+03,1.988830233334983788e+01
3.057305730573057545e+01,4.060369331280255210e+03,1.988849094900492886e+01
3.058305830583058338e+01,4.060427707837819980e+03,1.988867919167762466e+01
3.059305930593059486e+01,4.060486200222150273e+03,1.988886706209973454e+01
3.060306030603060279e+01,4.060544772020421988e+03,1.988905456100176750e+01
3.061306130613061427e+01,4.060603387271995871e+03,1.988924168911292867e+01
3.062306230623062575e+01,4.060662010468419794e+03,1.988942844716111935e+01
3.063306330633063368e+01,4.060720606553426933e+03,1.988961483587294055e+01
3.064306430643064516e+01,4.060779140922938495e+03,1.988980085597368941e+01
3.065306530653065309e+01,4.060837579425060994e+03,1.988998650818736635e+01
3.066306630663066457e+01,4.060895888360086701e+03,1.989017179323666085e+01
3.067306730673067605e+01,4.060954034480495011e+03,1.989035671184296916e+01
3.068306830683068398e+01,4.061011984990952442e+03,1.989054126472637662e+01
3.069306930693069546e+01,4.061069707548309907e+03,1.989072545260567537e+01
3.070307030703070339e+01,4.061127170261605897e+03,1.989090927619835014e+01
3.071307130713071487e+01,4.061184341692065573e+03,1.989109273622058183e+01
3.072307230723072280e+01,4.061241190853099397e+03,1.989127583338725458e+01
3.073307330733073428e+01,4.061297687210304957e+03,1.989145856841194870e+01
3.074307430743074576e+01,4.061353800681465600e+03,1.989164094200694066e+01
3.075307530753075369e+01,4.061409501636551340e+03,1.989182295488320307e+01
3.076307630763076517e+01,4.061464760897718861e+03,1.989200460775040824e+01
3.077307730773077310e+01,4.061519549739310150e+03,1.989218590131693176e+01
3.078307830783078458e+01,4.061573839887854774e+03,1.989236683628983826e+01
3.079307930793079606e+01,4.061627603522067147e+03,1.989254741337489207e+01
3.080308030803080399e+01,4.061680813272850173e+03,1.989272763327656435e+01
3.081308130813081547e+01,4.061733442223290695e+03,1.989290749669801528e+01
3.082308230823082340e+01,4.061785463908664042e+03,1.989308700434109767e+01
3.083308330833083488e+01,4.061836852316429940e+03,1.989326615690637823e+01
3.084308430843084636e+01,4.061887581886235694e+03,1.989344495509310917e+01
3.085308530853085429e+01,4.061937627509914819e+03,1.989362339959924597e+01
3.086308630863086577e+01,4.061986964531486592e+03,1.989380149112143670e+01
3.087308730873087370e+01,4.062035568747157413e+03,1.989397923035503268e+01
3.088308830883088518e+01,4.062083416405319440e+03,1.989415661799408142e+01
3.089308930893089311e+01,4.062130484206551046e+03,1.989433365473132653e+01
3.090309030903090459e+01,4.062176749303617726e+03,1.989451034125821138e+01
3.091309130913091607e+01,4.062222189301470280e+03,1.989468667826487547e+01
3.092309230923092400e+01,4.062266782257246632e+03,1.989486266644016155e+01
3.093309330933093548e+01,4.062310506680270919e+03,1.989503830647160498e+01
3.094309430943094341e+01,4.062353341532053491e+03,1.989521359904543374e+01
3.095309530953095489e+01,4.062395266226290460e+03,1.989538854484658970e+01
3.096309630963096637e+01,4.062436260628865512e+03,1.989556314455869668e+01
3.097309730973097430e+01,4.062476305057847640e+03,1.989573739886408177e+01
3.098309830983098578e+01,4.062515380283492505e+03,1.989591130844377531e+01
3.099309930993099371e+01,4.062553467528242436e+03,1.989608487397750025e+01
3.100310031003100519e+01,4.062590548466725068e+03,1.989625809614367213e+01
3.101310131013101312e+01,4.062626605225755611e+03,1.989643097561941687e+01
3.102310231023102460e+01,4.062661620384335492e+03,1.989660351308054942e+01
3.103310331033103608e+01,4.062695576973650986e+03,1.989677570920158445e+01
3.104310431043104401e+01,4.062728458477076401e+03,1.989694756465573633e+01
3.105310531053105549e+01,4.062760248830171804e+03,1.989711908011491559e+01
3.106310631063106342e+01,4.062790932420683475e+03,1.989729025624972891e+01
3.107310731073107490e+01,4.062820494088544365e+03,1.989746109372948268e+01
3.108310831083108638e+01,4.062848919125872726e+03,1.989763159322218300e+01
3.109310931093109431e+01,4.062876193276974846e+03,1.989780175539453211e+01
3.110311031103110579e+01,4.062902302738341859e+03,1.989797158091193197e+01
3.111311131113111372e+01,4.062927234158651572e+03,1.989814107043847713e+01
3.112311231123112520e+01,4.062950974638768912e+03,1.989831022463696186e+01
3.113311331133113313e+01,4.062973511731744566e+03,1.989847904416888369e+01
3.114311431143114461e+01,4.062994833442815434e+03,1.989864752969443273e+01
3.115311531153115610e+01,4.063014928229404632e+03,1.989881568187250238e+01
3.116311631163116402e+01,4.063033785001121942e+03,1.989898350136067151e+01
3.117311731173117550e+01,4.063051393119763361e+03,1.989915098881522937e+01
3.118311831183118343e+01,4.063067742399312010e+03,1.989931814489116135e+01
3.119311931193119491e+01,4.063082823105935404e+03,1.989948497024214547e+01
3.120312031203120640e+01,4.063096625957989545e+03,1.989965146552056297e+01
3.121312131213121432e+01,4.063109142126015740e+03,1.989981763137748771e+01
3.122312231223122581e+01,4.063120363232741056e+03,1.989998346846269328e+01
3.123312331233123373e+01,4.063130281353080136e+03,1.990014897742465294e+01
3.124312431243124522e+01,4.063138889014133383e+03,1.990031415891053967e+01
3.125312531253125314e+01,4.063146179195186960e+03,1.990047901356621907e+01
3.126312631263126462e+01,4.063152145327714152e+03,1.990064354203625641e+01
3.127312731273127611e+01,4.063156781295374913e+03,1.990080774496391669e+01
3.128312831283128403e+01,4.063160081434014501e+03,1.990097162299115752e+01
3.129312931293129552e+01,4.063162040531664843e+03,1.990113517675864685e+01
3.130313031303130344e+01,4.063162653828544535e+03,1.990129840690573459e+01
3.131313131313131493e+01,4.063161917017058386e+03,1.990146131407047747e+01
3.132313231323132641e+01,4.063159826241797418e+03,1.990162389888962835e+01
3.133313331333133434e+01,4.063156378099538870e+03,1.990178616199863981e+01
3.134313431343134582e+01,4.063151569639246645e+03,1.990194810403166059e+01
3.135313531353135375e+01,4.063145398362070864e+03,1.990210972562153202e+01
3.136313631363136523e+01,4.063137862221348314e+03,1.990227102739980580e+01
3.137313731373137315e+01,4.063128959622600632e+03,1.990243200999672268e+01
3.138313831383138464e+01,4.063118689423537944e+03,1.990259267404121957e+01
3.139313931393139612e+01,4.063107050934055223e+03,1.990275302016093661e+01
3.140314031403140405e+01,4.063094043916234114e+03,1.990291304898220659e+01
3.141314131413141553e+01,4.063079668584343381e+03,1.990307276113006907e+01
3.142314231423142346e+01,4.063063925604836641e+03,1.990323215722825267e+01
3.143314331433143494e+01,4.063046816096355087e+03,1.990339123789918219e+01
3.144314431443144642e+01,4.063028341629725674e+03,1.990355000376399275e+01
3.145314531453145435e+01,4.063008504227961566e+03,1.990370845544250500e+01
3.146314631463146583e+01,4.062987306366263056e+03,1.990386659355324639e+01
3.147314731473147376e+01,4.062964750972016191e+03,1.990402441871342987e+01
3.148314831483148524e+01,4.062940841424793234e+03,1.990418193153897874e+01
3.149314931493149317e+01,4.062915581556352663e+03,1.990433913264451249e+01
3.150315031503150465e+01,4.062888975650640077e+03,1.990449602264334317e+01
3.151315131513151613e+01,4.062861028443786836e+03,1.990465260214747900e+01
3.152315231523152406e+01,4.062831745124110512e+03,1.990480887176763503e+01
3.153315331533153554e+01,4.062801131332115347e+03,1.990496483211321888e+01
3.154315431543154347e+01,4.062769193160491795e+03,1.990512048379233789e+01
3.155315531553155495e+01,4.062735937154116527e+03,1.990527582741178847e+01
3.156315631563156643e+01,4.062701370310052880e+03,1.990543086357708091e+01
3.157315731573157436e+01,4.062665500077549950e+03,1.990558559289241103e+01
3.158315831583158584e+01,4.062628334358043958e+03,1.990574001596067433e+01
3.159315931593159377e+01,4.062589881505156427e+03,1.990589413338346958e+01
3.160316031603160525e+01,4.062550150324696460e+03,1.990604794576108461e+01
3.161316131613161318e+01,4.062509150074658919e+03,1.990620145369251759e+01
3.162316231623162466e+01,4.062466890465223969e+03,1.990635465777545221e+01
3.163316331633163614e+01,4.062423381658760263e+03,1.990650755860627896e+01
3.164316431643164407e+01,4.062378634269820850e+03,1.990666015678007739e+01
3.165316531653165555e+01,4.062332659365145901e+03,1.990681245289063028e+01
3.166316631663166348e+01,4.062285468463662255e+03,1.990696444753042371e+01
3.167316731673167496e+01,4.062237073536482967e+03,1.990711614129062923e+01
3.168316831683168644e+01,4.062187487006905940e+03,1.990726753476112521e+01
3.169316931693169437e+01,4.062136721750418019e+03,1.990741862853048616e+01
3.170317031703170585e+01,4.062084791094690445e+03,1.990756942318598632e+01
3.171317131713171378e+01,4.062031708819581127e+03,1.990771991931358897e+01
3.172317231723172526e+01,4.061977489157135096e+03,1.990787011749796420e+01
3.173317331733173319e+01,4.061922146791582691e+03,1.990802001832247825e+01
3.174317431743174467e+01,4.061865696859340915e+03,1.990816962236919352e+01
3.175317531753175615e+01,4.061808154949013897e+03,1.990831893021887211e+01
3.176317631763176408e+01,4.061749537101391525e+03,1.990846794245097229e+01
3.177317731773177556e+01,4.061689859809448990e+03,1.990861665964364846e+01
3.178317831783178349e+01,4.061629140018349972e+03,1.990876508237375475e+01
3.179317931793179497e+01,4.061567395125442090e+03,1.990891321121684854e+01
3.180318031803180645e+01,4.061504642980261906e+03,1.990906104674717625e+01
3.181318131813181438e+01,4.061440901884529467e+03,1.990920858953768757e+01
3.182318231823182586e+01,4.061376190592153762e+03,1.990935584016002835e+01
3.183318331833183379e+01,4.061310528309228175e+03,1.990950279918454058e+01
3.184318431843184527e+01,4.061243934694033669e+03,1.990964946718026596e+01
3.185318531853185320e+01,4.061176429857036965e+03,1.990979584471494945e+01
3.186318631863186468e+01,4.061108034360891452e+03,1.990994193235502152e+01
3.187318731873187616e+01,4.061038769220436279e+03,1.991008773066561943e+01
3.188318831883188409e+01,4.060968655902697265e+03,1.991023324021057661e+01
3.189318931893189557e+01,4.060897716326886894e+03,1.991037846155242619e+01
3.190319031903190350e+01,4.060825972864403866e+03,1.991052339525239390e+01
3.191319131913191498e+01,4.060753448338832186e+03,1.991066804187040873e+01
3.192319231923192646e+01,4.060680166025943890e+03,1.991081240196509583e+01
3.193319331933193439e+01,4.060606149653696320e+03,1.991095647609377295e+01
3.194319431943194587e+01,4.060531423402233031e+03,1.991110026481246464e+01
3.195319531953195380e+01,4.060456011903884701e+03,1.991124376867588808e+01
3.196319631963196528e+01,4.060379940243167312e+03,1.991138698823746012e+01
3.197319731973197321e+01,4.060303233956783970e+03,1.991152992404929378e+01
3.198319831983198469e+01,4.060225919033623995e+03,1.991167257666219825e+01
3.199319931993199617e+01,4.060148021914762921e+03,1.991181494662568596e+01
3.200320032003200765e+01,4.060069569493462495e+03,1.991195703448796550e+01
3.201320132013201203e+01,4.059990589115171133e+03,1.991209884079593806e+01
3.202320232023202351e+01,4.059911108577523009e+03,1.991224036609521164e+01
3.203320332033203499e+01,4.059831156130338968e+03,1.991238161093008330e+01
3.204320432043204647e+01,4.059750760475626521e+03,1.991252257584355334e+01
3.205320532053205795e+01,4.059669950767579394e+03,1.991266326137731824e+01
3.206320632063206233e+01,4.059588756612577072e+03,1.991280366807177060e+01
3.207320732073207381e+01,4.059507208069186163e+03,1.991294379646600987e+01
3.208320832083208529e+01,4.059425335648158580e+03,1.991308364709781742e+01
3.209320932093209677e+01,4.059343170312433813e+03,1.991322322050368854e+01
3.210321032103210825e+01,4.059260743477137112e+03,1.991336251721880402e+01
3.211321132113211263e+01,4.059178087009579485e+03,1.991350153777705145e+01
3.212321232123212411e+01,4.059095233229259520e+03,1.991364028271101105e+01
3.213321332133213559e+01,4.059012214907860653e+03,1.991377875255196273e+01
3.214321432143214707e+01,4.058929065269254352e+03,1.991391694782988608e+01
3.215321532153215145e+01,4.058845817989496936e+03,1.991405486907344979e+01
3.216321632163216293e+01,4.058762507196831393e+03,1.991419251681003288e+01
3.217321732173217441e+01,4.058679167471687833e+03,1.991432989156570699e+01
3.218321832183218589e+01,4.058595833846682126e+03,1.991446699386523633e+01
3.219321932193219737e+01,4.058512541806616355e+03,1.991460382423208841e+01
3.220322032203220175e+01,4.058429327288479271e+03,1.991474038318843398e+01
3.221322132213221323e+01,4.058346226681445387e+03,1.991487667125512928e+01
3.222322232223222471e+01,4.058263276826876336e+03,1.991501268895173382e+01
3.223322332233223619e+01,4.058180515018319511e+03,1.991514843679651392e+01
3.224322432243224767e+01,4.058097979001508975e+03,1.991528391530641429e+01
3.225322532253225205e+01,4.058015706974365003e+03,1.991541912499710065e+01
3.226322632263226353e+01,4.057933737586994084e+03,1.991555406638291359e+01
3.227322732273227501e+01,4.057852109941688923e+03,1.991568873997691114e+01
3.228322832283228649e+01,4.057770863592929345e+03,1.991582314629083683e+01
3.229322932293229798e+01,4.057690038547380482e+03,1.991595728583513747e+01
3.230323032303230235e+01,4.057609675263894133e+03,1.991609115911895600e+01
3.231323132313231383e+01,4.057529814653509220e+03,1.991622476665013153e+01
3.232323232323232531e+01,4.057450498079449517e+03,1.991635810893520642e+01
3.233323332333233679e+01,4.057371767357126828e+03,1.991649118647941208e+01
3.234323432343234828e+01,4.057293664754137353e+03,1.991662399978669029e+01
3.235323532353235265e+01,4.057216232990266235e+03,1.991675654935966833e+01
3.236323632363236413e+01,4.057139515237481646e+03,1.991688883569968027e+01
3.237323732373237561e+01,4.057063555119941157e+03,1.991702085930674926e+01
3.238323832383238710e+01,4.056988396713987186e+03,1.991715262067960879e+01
3.239323932393239147e+01,4.056914084548148367e+03,1.991728412031567430e+01
3.240324032403240295e+01,4.056840663603139546e+03,1.991741535871107160e+01
3.241324132413241443e+01,4.056768179311863605e+03,1.991754633636062266e+01
3.242324232423242591e+01,4.056696677559407362e+03,1.991767705375784203e+01
3.243324332433243740e+01,4.056626204683045216e+03,1.991780751139494754e+01
3.244324432443244177e+01,4.056556807472238688e+03,1.991793770976284961e+01
3.245324532453245325e+01,4.056488533168633694e+03,1.991806764935115837e+01
3.246324632463246473e+01,4.056421429466064183e+03,1.991819733064818720e+01
3.247324732473247622e+01,4.056355544510549862e+03,1.991832675414094211e+01
3.248324832483248770e+01,4.056290926900296199e+03,1.991845592031512524e+01
3.249324932493249207e+01,4.056227625685695330e+03,1.991858482965513844e+01
3.250325032503250355e+01,4.056165690369326512e+03,1.991871348264408326e+01
3.251325132513251503e+01,4.056105170905954765e+03,1.991884187976376097e+01
3.252325232523252652e+01,4.056046117702530864e+03,1.991897002149466545e+01
3.253325332533253800e+01,4.055988581618192711e+03,1.991909790831598670e+01
3.254325432543254237e+01,4.055932613964264419e+03,1.991922554070562512e+01
3.255325532553255385e+01,4.055878266504255862e+03,1.991935291914016304e+01
3.256325632563256534e+01,4.055825591453864490e+03,1.991948004409489315e+01
3.257325732573257682e+01,4.055774641480972150e+03,1.991960691604379363e+01
3.258325832583258830e+01,4.055725469705649175e+03,1.991973353545955661e+01
3.259325932593259267e+01,4.055678129700150748e+03,1.991985990281355612e+01
3.260326032603260415e+01,4.055632675488919176e+03,1.991998601857587659e+01
3.261326132613261564e+01,4.055589161548582069e+03,1.992011188321529147e+01
3.262326232623262712e+01,4.055547642807955071e+03,1.992023749719927750e+01
3.263326332633263149e+01,4.055508174648038676e+03,1.992036286099400400e+01
3.264326432643264297e+01,4.055470812902020043e+03,1.992048797506434354e+01
3.265326532653265446e+01,4.055435613855273004e+03,1.992061283987386844e+01
3.266326632663266594e+01,4.055402634245357149e+03,1.992073745588483646e+01
3.267326732673267742e+01,4.055371931262020098e+03,1.992086182355821578e+01
3.268326832683268179e+01,4.055343562547192960e+03,1.992098594335367068e+01
3.269326932693269328e+01,4.055317586194995783e+03,1.992110981572955808e+01
3.270327032703270476e+01,4.055294060751733468e+03,1.992123344114293815e+01
3.271327132713271624e+01,4.055273045215898037e+03,1.992135682004956010e+01
3.272327232723272772e+01,4.055254599038167271e+03,1.992147995290388351e+01
3.273327332733273209e+01,4.055238782121405166e+03,1.992160284015905702e+01
3.274327432743274358e+01,4.055225654820662839e+03,1.992172548226693252e+01
3.275327532753275506e+01,4.055215277943177625e+03,1.992184787967805093e+01
3.276327632763276654e+01,4.055207712748372160e+03,1.992197003284166357e+01
3.277327732773277802e+01,4.055203020947856658e+03,1.992209194220570723e+01
3.278327832783278240e+01,4.055201264705426638e+03,1.992221360821682552e+01
3.279327932793279388e+01,4.055202506637065198e+03,1.992233503132035821e+01
3.280328032803280536e+01,4.055206809810940285e+03,1.992245621196034122e+01
3.281328132813281684e+01,4.055214237747406969e+03,1.992257715057950307e+01
3.282328232823282832e+01,4.055224854419007443e+03,1.992269784761928264e+01
3.283328332833283270e+01,4.055238724250468749e+03,1.992281830351980432e+01
3.284328432843284418e+01,4.055255912118705055e+03,1.992293851871989929e+01
3.285328532853285566e+01,4.055276483352816740e+03,1.992305849365709136e+01
3.286328632863286714e+01,4.055300503734090398e+03,1.992317822876760403e+01
3.287328732873287152e+01,4.055328039495998837e+03,1.992329772448636049e+01
3.288328832883288300e+01,4.055359042765375307e+03,1.992341698132747396e+01
3.289328932893289448e+01,4.055391927198315898e+03,1.992353600087469445e+01
3.290329032903290596e+01,4.055426131858537246e+03,1.992365478396756728e+01
3.291329132913291744e+01,4.055461612820123719e+03,1.992377333107892667e+01
3.292329232923292182e+01,4.055498326545193322e+03,1.992389164268073998e+01
3.293329332933293330e+01,4.055536229883896794e+03,1.992400971924411124e+01
3.294329432943294478e+01,4.055575280074420789e+03,1.992412756123925988e+01
3.295329532953295626e+01,4.055615434742984235e+03,1.992424516913554911e+01
3.296329632963296774e+01,4.055656651903841521e+03,1.992436254340145751e+01
3.297329732973297212e+01,4.055698889959280223e+03,1.992447968450460749e+01
3.298329832983298360e+01,4.055742107699621556e+03,1.992459659291174390e+01
3.299329932993299508e+01,4.055786264303221287e+03,1.992471326908873763e+01
3.300330033003300656e+01,4.055831319336469278e+03,1.992482971350059628e+01
3.301330133013301804e+01,4.055877232753789031e+03,1.992494592661144992e+01
3.302330233023302242e+01,4.055923964897638143e+03,1.992506190888456885e+01
3.303330333033303390e+01,4.055971476498508309e+03,1.992517766078233876e+01
3.304330433043304538e+01,4.056019728674925318e+03,1.992529318276628914e+01
3.305330533053305686e+01,4.056068682933448599e+03,1.992540847529706483e+01
3.306330633063306834e+01,4.056118301168671223e+03,1.992552353883445093e+01
3.307330733073307272e+01,4.056168545663221721e+03,1.992563837383736214e+01
3.308330833083308420e+01,4.056219379087760899e+03,1.992575298076383206e+01
3.309330933093309568e+01,4.056270764500984569e+03,1.992586736007103809e+01
3.310331033103310716e+01,4.056322665349621730e+03,1.992598151221527303e+01
3.311331133113311154e+01,4.056375045468436838e+03,1.992609543765196989e+01
3.312331233123312302e+01,4.056427869080227083e+03,1.992620913683569128e+01
3.313331333133313450e+01,4.056481100795823750e+03,1.992632261022011875e+01
3.314331433143314598e+01,4.056534705614092218e+03,1.992643585825807762e+01
3.315331533153315746e+01,4.056588648921932418e+03,1.992654888140150859e+01
3.316331633163316184e+01,4.056642896494277011e+03,1.992666168010148908e+01
3.317331733173317332e+01,4.056697414494094573e+03,1.992677425480823317e+01
3.318331833183318480e+01,4.056752169472385503e+03,1.992688660597106676e+01
3.319331933193319628e+01,4.056807128368185658e+03,1.992699873403846667e+01
3.320332033203320776e+01,4.056862258508564992e+03,1.992711063945801797e+01
3.321332133213321214e+01,4.056917527608625733e+03,1.992722232267645310e+01
3.322332233223322362e+01,4.056972903771506481e+03,1.992733378413962342e+01
3.323332333233323510e+01,4.057028355488377656e+03,1.992744502429250986e+01
3.324332433243324658e+01,4.057083851638445140e+03,1.992755604357923005e+01
3.325332533253325806e+01,4.057139361488948452e+03,1.992766684244302766e+01
3.326332633263326244e+01,4.057194854695160302e+03,1.992777742132627239e+01
3.327332733273327392e+01,4.057250301300388401e+03,1.992788778067046707e+01
3.328332833283328540e+01,4.057305671735974101e+03,1.992799792091624411e+01
3.329332933293329688e+01,4.057360936821292853e+03,1.992810784250336553e+01
3.330333033303330836e+01,4.057416067763753745e+03,1.992821754587071936e+01
3.331333133313331274e+01,4.057471036158800416e+03,1.992832703145633033e+01
3.332333233323332422e+01,4.057525813989909238e+03,1.992843629969734209e+01
3.333333333333333570e+01,4.057580373628592497e+03,1.992854535103003855e+01
3.334333433343334718e+01,4.057634687834395208e+03,1.992865418588982962e+01
3.335333533353335156e+01,4.057688729754896030e+03,1.992876280471124772e+01
3.336333633363336304e+01,4.057742472925709080e+03,1.992887120792796907e+01
3.337333733373337452e+01,4.057795891270480752e+03,1.992897939597278523e+01
3.338333833383338600e+01,4.057848959100892898e+03,1.992908736927762448e+01
3.339333933393339748e+01,4.057901651116660105e+03,1.992919512827354467e+01
3.340334033403340186e+01,4.057953942405531961e+03,1.992930267339073325e+01
3.341334133413341334e+01,4.058005808443291698e+03,1.992941000505850013e+01
3.342334233423342482e+01,4.058057225093756642e+03,1.992951712370529904e+01
3.343334333433343630e+01,4.058108168608777305e+03,1.992962402975869907e+01
3.344334433443344778e+01,4.058158615628239659e+03,1.992973072364540599e+01
3.345334533453345216e+01,4.058208543180061952e+03,1.992983720579125517e+01
3.346334633463346364e+01,4.058257928680197892e+03,1.992994347662120802e+01
3.347334733473347512e+01,4.058306749932634375e+03,1.993004953655936262e+01
3.348334833483348660e+01,4.058354985129392844e+03,1.993015538602893244e+01
3.349334933493349808e+01,4.058402612850527930e+03,1.993026102545227829e+01
3.350335033503350246e+01,4.058449612064128814e+03,1.993036645525087636e+01
3.351335133513351394e+01,4.058495962126318773e+03,1.993047167584533952e+01
3.352335233523352542e+01,4.058541642781254723e+03,1.993057668765541024e+01
3.353335333533353690e+01,4.058586634161127677e+03,1.993068149109995701e+01
3.354335433543354839e+01,4.058630916786162743e+03,1.993078608659697792e+01
3.355335533553355276e+01,4.058674471564618671e+03,1.993089047456360774e+01
3.356335633563356424e+01,4.058717279792788759e+03,1.993099465541610016e+01
3.357335733573357572e+01,4.058759323154999947e+03,1.993109862956984912e+01
3.358335833583358720e+01,4.058800583723613272e+03,1.993120239743936750e+01
3.359335933593359158e+01,4.058841043959023864e+03,1.993130595943830485e+01
3.360336033603360306e+01,4.058880686709660495e+03,1.993140931597944032e+01
3.361336133613361454e+01,4.058919495211985577e+03,1.993151246747467553e+01
3.362336233623362602e+01,4.058957453090496983e+03,1.993161541433505235e+01
3.363336333633363751e+01,4.058994544357725317e+03,1.993171815697073512e+01
3.364336433643364188e+01,4.059030753414235278e+03,1.993182069579101778e+01
3.365336533653365336e+01,4.059066065048625660e+03,1.993192303120432385e+01
3.366336633663366484e+01,4.059100464437529808e+03,1.993202516361821353e+01
3.367336733673367632e+01,4.059133937145614254e+03,1.993212709343936240e+01
3.368336833683368781e+01,4.059166469125580534e+03,1.993222882107359339e+01
3.369336933693369218e+01,4.059198046718162459e+03,1.993233034692584127e+01
3.370337033703370366e+01,4.059228656652129757e+03,1.993243167140018102e+01
3.371337133713371514e+01,4.059258286044284432e+03,1.993253279489982077e+01
3.372337233723372663e+01,4.059286922399464402e+03,1.993263371782708404e+01
3.373337333733373811e+01,4.059314553610539406e+03,1.993273444058343813e+01
3.374337433743374248e+01,4.059341167958414644e+03,1.993283496356946927e+01
3.375337533753375396e+01,4.059366754112029412e+03,1.993293528718490037e+01
3.376337633763376544e+01,4.059391301128355735e+03,1.993303541182858041e+01
3.377337733773377693e+01,4.059414798452401101e+03,1.993313533789848790e+01
3.378337833783378841e+01,4.059437235917205726e+03,1.993323506579173454e+01
3.379337933793379278e+01,4.059458603743844378e+03,1.993333459590455803e+01
3.380338033803380426e+01,4.059478892541425921e+03,1.993343392863232921e+01
3.381338133813381575e+01,4.059498093307093313e+03,1.993353306436953787e+01
3.382338233823382723e+01,4.059516197426023155e+03,1.993363200350981757e+01
3.383338333833383160e+01,4.059533196671425685e+03,1.993373074644592435e+01
3.384338433843384308e+01,4.059549083204546150e+03,1.993382929356974032e+01
3.385338533853385456e+01,4.059563849574662981e+03,1.993392764527228778e+01
3.386338633863386605e+01,4.059577488719088706e+03,1.993402580194370799e+01
3.387338733873387753e+01,4.059589993963170400e+03,1.993412376397327535e+01
3.388338833883388190e+01,4.059601359020288328e+03,1.993422153174939737e+01
3.389338933893389338e+01,4.059611577991857303e+03,1.993431910565960763e+01
3.390339033903390487e+01,4.059620645367326233e+03,1.993441648609056571e+01
3.391339133913391635e+01,4.059628556024177215e+03,1.993451367342806790e+01
3.392339233923392783e+01,4.059635305227926892e+03,1.993461066805704007e+01
3.393339333933393220e+01,4.059640888632126462e+03,1.993470747036152702e+01
3.394339433943394368e+01,4.059645302278359850e+03,1.993480408072471732e+01
3.395339533953395517e+01,4.059648542596245534e+03,1.993490049952891496e+01
3.396339633963396665e+01,4.059650606403436541e+03,1.993499672715556770e+01
3.397339733973397813e+01,4.059651490905619539e+03,1.993509276398524577e+01
3.398339833983398250e+01,4.059651193696514383e+03,1.993518861039764545e+01
3.399339933993399399e+01,4.059649712757875932e+03,1.993528426677159615e+01
3.400340034003400547e+01,4.059647046459493140e+03,1.993537973348505687e+01
3.401340134013401695e+01,4.059643193559187694e+03,1.993547501091511975e+01
3.402340234023402843e+01,4.059638153202816738e+03,1.993557009943799940e+01
3.403340334033403281e+01,4.059631924924270606e+03,1.993566499942904713e+01
3.404340434043404429e+01,4.059624508645473270e+03,1.993575971126273672e+01
3.405340534053405577e+01,4.059615904676384162e+03,1.993585423531267509e+01
3.406340634063406725e+01,4.059606113714994535e+03,1.993594857195160230e+01
3.407340734073407162e+01,4.059595136847331560e+03,1.993604272155138091e+01
3.408340834083408311e+01,4.059582975547455590e+03,1.993613668448300658e+01
3.409340934093409459e+01,4.059569631677461075e+03,1.993623046111660457e+01
3.410341034103410607e+01,4.059555107487476107e+03,1.993632405182142620e+01
3.411341134113411755e+01,4.059539405615663782e+03,1.993641745696586298e+01
3.412341234123412193e+01,4.059522529088219471e+03,1.993651067691742185e+01
3.413341334133413341e+01,4.059504481319374008e+03,1.993660371204274995e+01
3.414341434143414489e+01,4.059485266111391866e+03,1.993669656270761692e+01
3.415341534153415637e+01,4.059464887654571157e+03,1.993678922927692909e+01
3.416341634163416785e+01,4.059443350527244547e+03,1.993688171211471527e+01
3.417341734173417223e+01,4.059420659695777886e+03,1.993697401158413385e+01
3.418341834183418371e+01,4.059396820514572028e+03,1.993706612804748346e+01
3.419341934193419519e+01,4.059371838726060560e+03,1.993715806186617812e+01
3.420342034203420667e+01,4.059345720460712528e+03,1.993724981340076852e+01
3.421342134213421815e+01,4.059318472237029710e+03,1.993734138301093850e+01
3.422342234223422253e+01,4.059290100961548433e+03,1.993743277105549083e+01
3.423342334233423401e+01,4.059260613928839120e+03,1.993752397789236852e+01
3.424342434243424549e+01,4.059230018821505837e+03,1.993761500387864061e+01
3.425342534253425697e+01,4.059198323710187196e+03,1.993770584937050216e+01
3.426342634263426845e+01,4.059165537053554544e+03,1.993779651472327785e+01
3.427342734273427283e+01,4.059131667698315141e+03,1.993788700029143257e+01
3.428342834283428431e+01,4.059096724879208523e+03,1.993797730642854305e+01
3.429342934293429579e+01,4.059060718219008777e+03,1.993806743348733335e+01
3.430343034303430727e+01,4.059023657728524540e+03,1.993815738181964647e+01
3.431343134313431165e+01,4.058985553806597636e+03,1.993824715177645146e+01
3.432343234323432313e+01,4.058946417240104438e+03,1.993833674370786113e+01
3.433343334333433461e+01,4.058906259203954960e+03,1.993842615796310724e+01
3.434343434343434609e+01,4.058865091261093767e+03,1.993851539489055114e+01
3.435343534353435757e+01,4.058822925362497699e+03,1.993860445483768729e+01
3.436343634363436195e+01,4.058779773847180422e+03,1.993869333815113976e+01
3.437343734373437343e+01,4.058735649442186968e+03,1.993878204517665864e+01
3.438343834383438491e+01,4.058690565262597829e+03,1.993887057625912362e+01
3.439343934393439639e+01,4.058644534811527137e+03,1.993895893174255107e+01
3.440344034403440787e+01,4.058597571980122666e+03,1.993904711197008339e+01
3.441344134413441225e+01,4.058549691047566739e+03,1.993913511728398191e+01
3.442344234423442373e+01,4.058500906681074866e+03,1.993922294802565531e+01
3.443344334433443521e+01,4.058451233935898017e+03,1.993931060453563120e+01
3.444344434443444669e+01,4.058400688255319437e+03,1.993939808715356676e+01
3.445344534453445817e+01,4.058349285470657378e+03,1.993948539621824878e+01
3.446344634463446255e+01,4.058297041801263731e+03,1.993957253206760072e+01
3.447344734473447403e+01,4.058243973854524484e+03,1.993965949503866852e+01
3.448344834483448551e+01,4.058190098625859719e+03,1.993974628546762418e+01
3.449344934493449699e+01,4.058135433498723160e+03,1.993983290368978345e+01
3.450345034503450847e+01,4.058079996244603080e+03,1.993991935003957749e+01
3.451345134513451285e+01,4.058023805023021396e+03,1.994000562485057060e+01
3.452345234523452433e+01,4.057966878381533661e+03,1.994009172845546374e+01
3.453345334533453581e+01,4.057909235255729982e+03,1.994017766118607682e+01
3.454345434543454729e+01,4.057850894969234560e+03,1.994026342337336644e+01
3.455345534553455167e+01,4.057791877233704781e+03,1.994034901534741877e+01
3.456345634563456315e+01,4.057732202148832584e+03,1.994043443743744248e+01
3.457345734573457463e+01,4.057671890202344457e+03,1.994051968997178648e+01
3.458345834583458611e+01,4.057610962269999163e+03,1.994060477327791858e+01
3.459345934593459759e+01,4.057549439615591837e+03,1.994068968768244332e+01
3.460346034603460197e+01,4.057487343890949433e+03,1.994077443351109125e+01
3.461346134613461345e+01,4.057424697135933457e+03,1.994085901108872605e+01
3.462346234623462493e+01,4.057361521778440874e+03,1.994094342073934101e+01
3.463346334633463641e+01,4.057297840634400472e+03,1.994102766278604832e+01
3.464346434643464789e+01,4.057233676907776498e+03,1.994111173755110400e+01
3.465346534653465227e+01,4.057169054190566840e+03,1.994119564535588651e+01
3.466346634663466375e+01,4.057103996462803025e+03,1.994127938652090748e+01
3.467346734673467523e+01,4.057038528092550678e+03,1.994136296136580100e+01
3.468346834683468671e+01,4.056972673835909973e+03,1.994144637020933786e+01
3.469346934693469819e+01,4.056906458837013815e+03,1.994152961336941488e+01
3.470347034703470257e+01,4.056839908628031026e+03,1.994161269116305846e+01
3.471347134713471405e+01,4.056773049129162700e+03,1.994169560390642815e+01
3.472347234723472553e+01,4.056705906648644032e+03,1.994177835191480952e+01
3.473347334733473701e+01,4.056638507882745671e+03,1.994186093550261774e+01
3.474347434743474849e+01,4.056570879915771002e+03,1.994194335498339754e+01
3.475347534753475287e+01,4.056503050220057503e+03,1.994202561066982327e+01
3.476347634763476435e+01,4.056435046655976748e+03,1.994210770287370593e+01
3.477347734773477583e+01,4.056366897471934408e+03,1.994218963190597194e+01
3.478347834783478731e+01,4.056298631304370247e+03,1.994227139807668792e+01
3.479347934793479169e+01,4.056230277177758126e+03,1.994235300169504654e+01
3.480348034803480317e+01,4.056161864504605091e+03,1.994243444306937363e+01
3.481348134813481465e+01,4.056093423085453196e+03,1.994251572250711746e+01
3.482348234823482613e+01,4.056024983108877677e+03,1.994259684031486302e+01
3.483348334833483761e+01,4.055956575151488323e+03,1.994267779679831776e+01
3.484348434843484199e+01,4.055888230177928563e+03,1.994275859226232939e+01
3.485348534853485347e+01,4.055819979540875920e+03,1.994283922701086098e+01
3.486348634863486495e+01,4.055751854981042470e+03,1.994291970134701586e+01
3.487348734873487643e+01,4.055683888627173019e+03,1.994300001557302338e+01
3.488348834883488792e+01,4.055616112996046922e+03,1.994308016999024247e+01
3.489348934893489229e+01,4.055548560992478542e+03,1.994316016489916521e+01
3.490349034903490377e+01,4.055481265909314970e+03,1.994324000059940261e+01
3.491349134913491525e+01,4.055414261427437850e+03,1.994331967738970945e+01
3.492349234923492673e+01,4.055347581615762010e+03,1.994339919556795948e+01
3.493349334933493822e+01,4.055281260931237284e+03,1.994347855543116310e+01
3.494349434943494259e+01,4.055215334218847602e+03,1.994355775727544966e+01
3.495349534953495407e+01,4.055149836711609623e+03,1.994363680139609230e+01
3.496349634963496555e+01,4.055084804030575469e+03,1.994371568808748307e+01
3.497349734973497704e+01,4.055020272184829992e+03,1.994379441764314720e+01
3.498349834983498852e+01,4.054956277571492592e+03,1.994387299035574301e+01
3.499349934993499289e+01,4.054892856975717223e+03,1.994395140651704779e+01
3.500350035003500437e+01,4.054830047570690567e+03,1.994402966641797903e+01
3.501350135013501585e+01,4.054767886917634769e+03,1.994410777034858384e+01
3.502350235023502734e+01,4.054706412965804702e+03,1.994418571859802825e+01
3.503350335033503171e+01,4.054645664052489337e+03,1.994426351145461851e+01
3.504350435043504319e+01,4.054585678903012649e+03,1.994434114920578338e+01
3.505350535053505467e+01,4.054526496630731799e+03,1.994441863213808830e+01
3.506350635063506616e+01,4.054468156737038044e+03,1.994449596053722118e+01
3.507350735073507764e+01,4.054410699111356280e+03,1.994457313468800663e+01
3.508350835083508201e+01,4.054354164031146865e+03,1.994465015487439175e+01
3.509350935093509349e+01,4.054298592161901979e+03,1.994472702137945319e+01
3.510351035103510497e+01,4.054244024557149260e+03,1.994480373448540433e+01
3.511351135113511646e+01,4.054190502658449986e+03,1.994488029447358457e+01
3.512351235123512794e+01,4.054138068295399535e+03,1.994495670162445933e+01
3.513351335133513231e+01,4.054086763685626920e+03,1.994503295621762717e+01
3.514351435143514379e+01,4.054036631434795254e+03,1.994510905853181626e+01
3.515351535153515528e+01,4.053987714536602198e+03,1.994518500884488077e+01
3.516351635163516676e+01,4.053940056372778599e+03,1.994526080743381513e+01
3.517351735173517824e+01,4.053893700713089856e+03,1.994533645457472559e+01
3.518351835183518261e+01,4.053848691715335008e+03,1.994541195054286220e+01
3.519351935193519409e+01,4.053805073925347187e+03,1.994548729561260103e+01
3.520352035203520558e+01,4.053762892276993625e+03,1.994556249005744419e+01
3.521352135213521706e+01,4.053722192092175192e+03,1.994563753415002694e+01
3.522352235223522854e+01,4.053683019080827307e+03,1.994571242816211409e+01
3.523352335233523291e+01,4.053645419340919489e+03,1.994578717236459653e+01
3.524352435243524440e+01,4.053609439358453983e+03,1.994586176702749825e+01
3.525352535253525588e+01,4.053575126007468043e+03,1.994593621241997639e+01
3.526352635263526736e+01,4.053542526550033472e+03,1.994601050881030346e+01
3.527352735273527173e+01,4.053511688636254348e+03,1.994608465646589934e+01
3.528352835283528321e+01,4.053482660304270667e+03,1.994615865565329926e+01
3.529352935293529470e+01,4.053455489980255152e+03,1.994623250663817515e+01
3.530353035303530618e+01,4.053430226478414170e+03,1.994630620968533208e+01
3.531353135313531766e+01,4.053406919000989546e+03,1.994637976505869403e+01
3.532353235323532203e+01,4.053385617138256293e+03,1.994645317302132170e+01
3.533353335333533352e+01,4.053366370868523063e+03,1.994652643383540180e+01
3.534353435343534500e+01,4.053349230558133058e+03,1.994659954776225774e+01
3.535353535353535648e+01,4.053334246961463123e+03,1.994667251506233541e+01
3.536353635363536796e+01,4.053321471220924195e+03,1.994674533599520672e+01
3.537353735373537233e+01,4.053310954866961310e+03,1.994681801081958739e+01
3.538353835383538382e+01,4.053302749818053144e+03,1.994689053979330851e+01
3.539353935393539530e+01,4.053296908380713376e+03,1.994696292317333786e+01
3.540354035403540678e+01,4.053293483249488418e+03,1.994703516121576925e+01
3.541354135413541826e+01,4.053292527506958777e+03,1.994710725417583319e+01
3.542354235423542264e+01,4.053294094623740421e+03,1.994717920230787556e+01
3.543354335433543412e+01,4.053298238458481137e+03,1.994725100586538602e+01
3.544354435443544560e+01,4.053305013257864630e+03,1.994732266510098029e+01
3.545354535453545708e+01,4.053314473656606879e+03,1.994739418026639655e+01
3.546354635463546856e+01,4.053326674677459778e+03,1.994746555161250967e+01
3.547354735473547294e+01,4.053341671731207498e+03,1.994753677938932412e+01
3.548354835483548442e+01,4.053359520616669215e+03,1.994760786384597040e+01
3.549354935493549590e+01,4.053380277520697291e+03,1.994767880523070858e+01
3.550355035503550738e+01,4.053403999018179093e+03,1.994774960379093187e+01
3.551355135513551176e+01,4.053430742072035173e+03,1.994782025977315953e+01
3.552355235523552324e+01,4.053460524448835258e+03,1.994789077345251016e+01
3.553355335533553472e+01,4.053492232509562655e+03,1.994796114593918901e+01
3.554355435543554620e+01,4.053525305151760676e+03,1.994803137791421221e+01
3.555355535553555768e+01,4.053559699635385641e+03,1.994810146966962350e+01
3.556355635563556206e+01,4.053595373584699701e+03,1.994817142149685196e+01
3.557355735573557354e+01,4.053632284988272204e+03,1.994824123368672986e+01
3.558355835583558502e+01,4.053670392198977424e+03,1.994831090652947125e+01
3.559355935593559650e+01,4.053709653933996833e+03,1.994838044031468627e+01
3.560356035603560798e+01,4.053750029274818644e+03,1.994844983533138105e+01
3.561356135613561236e+01,4.053791477667235540e+03,1.994851909186795069e+01
3.562356235623562384e+01,4.053833958921347858e+03,1.994858821021218631e+01
3.563356335633563532e+01,4.053877433211561765e+03,1.994865719065126797e+01
3.564356435643564680e+01,4.053921861076590176e+03,1.994872603347176465e+01
3.565356535653565828e+01,4.053967203419451380e+03,1.994879473895964495e+01
3.566356635663566266e+01,4.054013421507469957e+03,1.994886330740026992e+01
3.567356735673567414e+01,4.054060476972277684e+03,1.994893173907838602e+01
3.568356835683568562e+01,4.054108331809811716e+03,1.994900003427813928e+01
3.569356935693569710e+01,4.054156948380315498e+03,1.994906819328306113e+01
3.570357035703570858e+01,4.054206289408339671e+03,1.994913621637608614e+01
3.571357135713571296e+01,4.054256317982739347e+03,1.994920410383952714e+01
3.572357235723572444e+01,4.054306997556677288e+03,1.994927185595510011e+01
3.573357335733573592e+01,4.054358291947622547e+03,1.994933947300390997e+01
3.574357435743574740e+01,4.054410165337349554e+03,1.994940695526645769e+01
3.575357535753575178e+01,4.054462582271939027e+03,1.994947430302262603e+01
3.576357635763576326e+01,4.054515507661779338e+03,1.994954151655170449e+01
3.577357735773577474e+01,4.054568906781563328e+03,1.994960859613236437e+01
3.578357835783578622e+01,4.054622745270290579e+03,1.994967554204267302e+01
3.579357935793579770e+01,4.054676989131267874e+03,1.994974235456009382e+01
3.580358035803580208e+01,4.054731604732106916e+03,1.994980903396147198e+01
3.581358135813581356e+01,4.054786558804726610e+03,1.994987558052305587e+01
3.582358235823582504e+01,4.054841818445351691e+03,1.994994199452048633e+01
3.583358335833583652e+01,4.054897351114512730e+03,1.995000827622878603e+01
3.584358435843584800e+01,4.054953124637047949e+03,1.995007442592238078e+01
3.585358535853585238e+01,4.055009107202099585e+03,1.995014044387508179e+01
3.586358635863586386e+01,4.055065267363118437e+03,1.995020633036009983e+01
3.587358735873587534e+01,4.055121574037859773e+03,1.995027208565003107e+01
3.588358835883588682e+01,4.055177996508386514e+03,1.995033771001686773e+01
3.589358935893589830e+01,4.055234504421066504e+03,1.995040320373199449e+01
3.590359035903590268e+01,4.055291067786574786e+03,1.995046856706618854e+01
3.591359135913591416e+01,4.055347656979892236e+03,1.995053380028961598e+01
3.592359235923592564e+01,4.055404242740306017e+03,1.995059890367183897e+01
3.593359335933593712e+01,4.055460796171409584e+03,1.995066387748181214e+01
3.594359435943594860e+01,4.055517288741102220e+03,1.995072872198788261e+01
3.595359535953595298e+01,4.055573692281590411e+03,1.995079343745778644e+01
3.596359635963596446e+01,4.055629978989386018e+03,1.995085802415865572e+01
3.597359735973597594e+01,4.055686121425307647e+03,1.995092248235701149e+01
3.598359835983598742e+01,4.055742092514479737e+03,1.995098681231877435e+01
3.599359935993599890e+01,4.055797865546333469e+03,1.995105101430925032e+01
3.600360036003600328e+01,4.055853414174605405e+03,1.995111508859313787e+01
3.601360136013601476e+01,4.055908712417338847e+03,1.995117903543453153e+01
3.602360236023602624e+01,4.055963734656884299e+03,1.995124285509691830e+01
3.603360336033603772e+01,4.056018455639896729e+03,1.995130654784317414e+01
3.604360436043604210e+01,4.056072850477338307e+03,1.995137011393557103e+01
3.605360536053605358e+01,4.056126894644477943e+03,1.995143355363576987e+01
3.606360636063606506e+01,4.056180563980889474e+03,1.995149686720483118e+01
3.607360736073607654e+01,4.056233834690453932e+03,1.995156005490319373e+01
3.608360836083608802e+01,4.056286683341358639e+03,1.995162311699070301e+01
3.609360936093609240e+01,4.056339086866096750e+03,1.995168605372658988e+01
3.610361036103610388e+01,4.056391022561467707e+03,1.995174886536948478e+01
3.611361136113611536e+01,4.056442468088577243e+03,1.995181155217739644e+01
3.612361236123612684e+01,4.056493401472837377e+03,1.995187411440774028e+01
3.613361336133613833e+01,4.056543801103966416e+03,1.995193655231731356e+01
3.614361436143614270e+01,4.056593645735988957e+03,1.995199886616231666e+01
3.615361536153615418e+01,4.056642914487234975e+03,1.995206105619833536e+01
3.616361636163616566e+01,4.056691586840342552e+03,1.995212312268034438e+01
3.617361736173617714e+01,4.056739642642254239e+03,1.995218506586272156e+01
3.618361836183618863e+01,4.056787062104219785e+03,1.995224688599922658e+01
3.619361936193619300e+01,4.056833825801794319e+03,1.995230858334302226e+01
3.620362036203620448e+01,4.056879914674840620e+03,1.995237015814664971e+01
3.621362136213621596e+01,4.056925310027525938e+03,1.995243161066205673e+01
3.622362236223622745e+01,4.056969993528325176e+03,1.995249294114057648e+01
3.623362336233623893e+01,4.057013947210019069e+03,1.995255414983293107e+01
3.624362436243624330e+01,4.057057153469694640e+03,1.995261523698924577e+01
3.625362536253625478e+01,4.057099595068744748e+03,1.995267620285902765e+01
3.626362636263626626e+01,4.057141255132868537e+03,1.995273704769117984e+01
3.627362736273627775e+01,4.057182117152071896e+03,1.995279777173400149e+01
3.628362836283628212e+01,4.057222164980666548e+03,1.995285837523518069e+01
3.629362936293629360e+01,4.057261382837270958e+03,1.995291885844179447e+01
3.630363036303630508e+01,4.057299755304808969e+03,1.995297922160032300e+01
3.631363136313631657e+01,4.057337267330511622e+03,1.995303946495662473e+01
3.632363236323632805e+01,4.057373904225915339e+03,1.995309958875596479e+01
3.633363336333633242e+01,4.057409651666863283e+03,1.995315959324299016e+01
3.634363436343634390e+01,4.057444495693504905e+03,1.995321947866174384e+01
3.635363536353635538e+01,4.057478422710295490e+03,1.995327924525566132e+01
3.636363636363636687e+01,4.057511419485997067e+03,1.995333889326757415e+01
3.637363736373637835e+01,4.057543473153677496e+03,1.995339842293969568e+01
3.638363836383638272e+01,4.057574571210711383e+03,1.995345783451364596e+01
3.639363936393639420e+01,4.057604701518778711e+03,1.995351712823043044e+01
3.640364036403640569e+01,4.057633852303866661e+03,1.995357630433043994e+01
3.641364136413641717e+01,4.057662012156268247e+03,1.995363536305346841e+01
3.642364236423642865e+01,4.057689170030581863e+03,1.995369430463869875e+01
3.643364336433643302e+01,4.057715315245714010e+03,1.995375312932470635e+01
3.644364436443644450e+01,4.057740437484876111e+03,1.995381183734945907e+01
3.645364536453645599e+01,4.057764526795585425e+03,1.995387042895031371e+01
3.646364636463646747e+01,4.057787573589667318e+03,1.995392890436402311e+01
3.647364736473647895e+01,4.057809568643251168e+03,1.995398726382673615e+01
3.648364836483648332e+01,4.057830503096774464e+03,1.995404550757398354e+01
3.649364936493649481e+01,4.057850368454979616e+03,1.995410363584069913e+01
3.650365036503650629e+01,4.057869156586915778e+03,1.995416164886120569e+01
3.651365136513651777e+01,4.057886859725938393e+03,1.995421954686921495e+01
3.652365236523652214e+01,4.057903470469709191e+03,1.995427733009783466e+01
3.653365336533653362e+01,4.057918981780196191e+03,1.995433499877956507e+01
3.654365436543654511e+01,4.057933386983673245e+03,1.995439255314629534e+01
3.655365536553655659e+01,4.057946679770720493e+03,1.995444999342931069e+01
3.656365636563656807e+01,4.057958854196225275e+03,1.995450731985928883e+01
3.657365736573657244e+01,4.057969904679379852e+03,1.995456453266629637e+01
3.658365836583658393e+01,4.057979826003683229e+03,1.995462163207979955e+01
3.659365936593659541e+01,4.057988613316941155e+03,1.995467861832864642e+01
3.660366036603660689e+01,4.057996262131264757e+03,1.995473549164108462e+01
3.661366136613661837e+01,4.058002768323072360e+03,1.995479225224475428e+01
3.662366236623662274e+01,4.058008128133087666e+03,1.995484890036668446e+01
3.663366336633663423e+01,4.058012338166340669e+03,1.995490543623330382e+01
3.664366436643664571e+01,4.058015395392168557e+03,1.995496186007041928e+01
3.665366536653665719e+01,4.058017297144213899e+03,1.995501817210324802e+01
3.666366636663666867e+01,4.058018041120425096e+03,1.995507437255638550e+01
3.667366736673667305e+01,4.058017625383058203e+03,1.995513046165382676e+01
3.668366836683668453e+01,4.058016048358673743e+03,1.995518643961895933e+01
3.669366936693669601e+01,4.058013308838140802e+03,1.995524230667455612e+01
3.670367036703670749e+01,4.058009405976632024e+03,1.995529806304279319e+01
3.671367136713671897e+01,4.058004339293628618e+03,1.995535370894523197e+01
3.672367236723672335e+01,4.057998108672916260e+03,1.995540924460282284e+01
3.673367336733673483e+01,4.057990714362588278e+03,1.995546467023591930e+01
3.674367436743674631e+01,4.057982156975043381e+03,1.995551998606426025e+01
3.675367536753675779e+01,4.057972437486986564e+03,1.995557519230697707e+01
3.676367636763676217e+01,4.057961557239429112e+03,1.995563028918259363e+01
3.677367736773677365e+01,4.057949517937689052e+03,1.995568527690902982e+01
3.678367836783678513e+01,4.057936321651390244e+03,1.995574015570359805e+01
3.679367936793679661e+01,4.057921970814462384e+03,1.995579492578299252e+01
3.680368036803680809e+01,4.057906468225142817e+03,1.995584958736331771e+01
3.681368136813681247e+01,4.057889817045972904e+03,1.995590414066005280e+01
3.682368236823682395e+01,4.057872020803802570e+03,1.995595858588808014e+01
3.683368336833683543e+01,4.057853083389786207e+03,1.995601292326167453e+01
3.684368436843684691e+01,4.057833009059385404e+03,1.995606715299449618e+01
3.685368536853685839e+01,4.057811802432368040e+03,1.995612127529960489e+01
3.686368636863686277e+01,4.057789468492807373e+03,1.995617529038944937e+01
3.687368736873687425e+01,4.057766012589083857e+03,1.995622919847586729e+01
3.688368836883688573e+01,4.057741440433883781e+03,1.995628299977009945e+01
3.689368936893689721e+01,4.057715758104199267e+03,1.995633669448276848e+01
3.690369036903690869e+01,4.057688972041329635e+03,1.995639028282389305e+01
3.691369136913691307e+01,4.057661089050879582e+03,1.995644376500288786e+01
3.692369236923692455e+01,4.057632116302760551e+03,1.995649714122855301e+01
3.693369336933693603e+01,4.057602061331190271e+03,1.995655041170908817e+01
3.694369436943694751e+01,4.057570932034691850e+03,1.995660357665207840e+01
3.695369536953695899e+01,4.057538736676095596e+03,1.995665663626450481e+01
3.696369636963696337e+01,4.057505483882537646e+03,1.995670959075274453e+01
3.697369736973697485e+01,4.057471182645460885e+03,1.995676244032256363e+01
3.698369836983698633e+01,4.057435842320613574e+03,1.995681518517911712e+01
3.699369936993699781e+01,4.057399472628051171e+03,1.995686782552695604e+01
3.700370037003700219e+01,4.057362083652134061e+03,1.995692036157002391e+01
3.701370137013701367e+01,4.057323685841530278e+03,1.995697279351166031e+01
3.702370237023702515e+01,4.057284290009213692e+03,1.995702512155459019e+01
3.703370337033703663e+01,4.057243907332463550e+03,1.995707734590093452e+01
3.704370437043704811e+01,4.057202549352866299e+03,1.995712946675220323e+01
3.705370537053705249e+01,4.057160227976314673e+03,1.995718148430930583e+01
3.706370637063706397e+01,4.057116955473006328e+03,1.995723339877254077e+01
3.707370737073707545e+01,4.057072744477447486e+03,1.995728521034159542e+01
3.708370837083708693e+01,4.057027607988448381e+03,1.995733691921555319e+01
3.709370937093709841e+01,4.056981559369126444e+03,1.995738852559288645e+01
3.710371037103710279e+01,4.056934612346905851e+03,1.995744002967147068e+01
3.711371137113711427e+01,4.056886781013515701e+03,1.995749143164855610e+01
3.712371237123712575e+01,4.056838079824992292e+03,1.995754273172080318e+01
3.713371337133713723e+01,4.056788523601678207e+03,1.995759393008425064e+01
3.714371437143714871e+01,4.056738127528221412e+03,1.995764502693434039e+01
3.715371537153715309e+01,4.056686907153577522e+03,1.995769602246589969e+01
3.716371637163716457e+01,4.056634878391007533e+03,1.995774691687314828e+01
3.717371737173717605e+01,4.056582057518077818e+03,1.995779771034970551e+01
3.718371837183718753e+01,4.056528461176662859e+03,1.995784840308857611e+01
3.719371937193719901e+01,4.056474106372941606e+03,1.995789899528216083e+01
3.720372037203720339e+01,4.056419010477401116e+03,1.995794948712224581e+01
3.721372137213721487e+01,4.056363191224832462e+03,1.995799987880002391e+01
3.722372237223722635e+01,4.056306666714334824e+03,1.995805017050606267e+01
3.723372337233723783e+01,4.056249455409313214e+03,1.995810036243033991e+01
3.724372437243724221e+01,4.056191576137477568e+03,1.995815045476221172e+01
3.725372537253725369e+01,4.056133048090846387e+03,1.995820044769043022e+01
3.726372637263726517e+01,4.056073890825741728e+03,1.995825034140314713e+01
3.727372737273727665e+01,4.056014124262794667e+03,1.995830013608789955e+01
3.728372837283728813e+01,4.055953768686940293e+03,1.995834983193161705e+01
3.729372937293729251e+01,4.055892844747420895e+03,1.995839942912062526e+01
3.730373037303730399e+01,4.055831373457785048e+03,1.995844892784063518e+01
3.731373137313731547e+01,4.055769376195887162e+03,1.995849832827676451e+01
3.732373237323732695e+01,4.055706874703888388e+03,1.995854763061350567e+01
3.733373337333733843e+01,4.055643891088255714e+03,1.995859683503475424e+01
3.734373437343734281e+01,4.055580447819762867e+03,1.995864594172379824e+01
3.735373537353735429e+01,4.055516567733488955e+03,1.995869495086331113e+01
3.736373637363736577e+01,4.055452274028820284e+03,1.995874386263536948e+01
3.737373737373737725e+01,4.055387590269448538e+03,1.995879267722143524e+01
3.738373837383738874e+01,4.055322540383372143e+03,1.995884139480235930e+01
3.739373937393739311e+01,4.055257148662895816e+03,1.995889001555839215e+01
3.740374037403740459e+01,4.055191439764630559e+03,1.995893853966917675e+01
3.741374137413741607e+01,4.055125438709493210e+03,1.995898696731374145e+01
3.742374237423742755e+01,4.055059170882706894e+03,1.995903529867051418e+01
3.743374337433743904e+01,4.054992662033801935e+03,1.995908353391730827e+01
3.744374437443744341e+01,4.054925938276613124e+03,1.995913167323134019e+01
3.745374537453745489e+01,4.054859026089282906e+03,1.995917971678920821e+01
3.746374637463746637e+01,4.054791952314259561e+03,1.995922766476691024e+01
3.747374737473747786e+01,4.054724744158297653e+03,1.995927551733982952e+01
3.748374837483748223e+01,4.054657429192457585e+03,1.995932327468274892e+01
3.749374937493749371e+01,4.054590035352106952e+03,1.995937093696983666e+01
3.750375037503750519e+01,4.054522590936918732e+03,1.995941850437466414e+01
3.751375137513751667e+01,4.054455124610872190e+03,1.995946597707018100e+01
3.752375237523752816e+01,4.054387665402253333e+03,1.995951335522874004e+01
3.753375337533753253e+01,4.054320242703654003e+03,1.995956063902208300e+01
3.754375437543754401e+01,4.054252886271972329e+03,1.995960782862134408e+01
3.755375537553755549e+01,4.054185626228412275e+03,1.995965492419705001e+01
3.756375637563756698e+01,4.054118493058485456e+03,1.995970192591911996e+01
3.757375737573757846e+01,4.054051517612008411e+03,1.995974883395686561e+01
3.758375837583758283e+01,4.053984731103104423e+03,1.995979564847899113e+01
3.759375937593759431e+01,4.053918165110202153e+03,1.995984236965358960e+01
3.760376037603760579e+01,4.053851851576038371e+03,1.995988899764815372e+01
3.761376137613761728e+01,4.053785822807653858e+03,1.995993553262956510e+01
3.762376237623762876e+01,4.053720111476397506e+03,1.995998197476409430e+01
3.763376337633763313e+01,4.053654750617923582e+03,1.996002832421741147e+01
3.764376437643764461e+01,4.053589773632192191e+03,1.996007458115456856e+01
3.765376537653765610e+01,4.053525214283470632e+03,1.996012074574002426e+01
3.766376637663766758e+01,4.053461106700332039e+03,1.996016681813761551e+01
3.767376737673767906e+01,4.053397485375655378e+03,1.996021279851058239e+01
3.768376837683768343e+01,4.053334385166626362e+03,1.996025868702155037e+01
3.769376937693769491e+01,4.053271841294736987e+03,1.996030448383254097e+01
3.770377037703770640e+01,4.053209889345785541e+03,1.996035018910496817e+01
3.771377137713771788e+01,4.053148565269875235e+03,1.996039580299963845e+01
3.772377237723772225e+01,4.053087905381417841e+03,1.996044132567674723e+01
3.773377337733773373e+01,4.053027946359129146e+03,1.996048675729588595e+01
3.774377437743774522e+01,4.052968725246033046e+03,1.996053209801603501e+01
3.775377537753775670e+01,4.052910279449457903e+03,1.996057734799557437e+01
3.776377637763776818e+01,4.052852646741040189e+03,1.996062250739226940e+01
3.777377737773777255e+01,4.052795865256720845e+03,1.996066757636327793e+01
3.778377837783778403e+01,4.052739973496748007e+03,1.996071255506515385e+01
3.779377937793779552e+01,4.052685010325675648e+03,1.996075744365384352e+01
3.780378037803780700e+01,4.052631014972364937e+03,1.996080224228468225e+01
3.781378137813781848e+01,4.052578027029982422e+03,1.996084695111240137e+01
3.782378237823782285e+01,4.052526086456000485e+03,1.996089157029112471e+01
3.783378337833783434e+01,4.052475233572198704e+03,1.996093609997436147e+01
3.784378437843784582e+01,4.052425509064662492e+03,1.996098054031502400e+01
3.785378537853785730e+01,4.052376953983783096e+03,1.996102489146541004e+01
3.786378637863786878e+01,4.052329609744258960e+03,1.996106915357720979e+01
3.787378737873787315e+01,4.052283518125094361e+03,1.996111332680150952e+01
3.788378837883788464e+01,4.052238721269598955e+03,1.996115741128878440e+01
3.789378937893789612e+01,4.052195261685389596e+03,1.996120140718890568e+01
3.790379037903790760e+01,4.052153182244389427e+03,1.996124531465113350e+01
3.791379137913791908e+01,4.052112526182827878e+03,1.996128913382412051e+01
3.792379237923792346e+01,4.052073337101239304e+03,1.996133286485591540e+01
3.793379337933793494e+01,4.052035658964466165e+03,1.996137650789395579e+01
3.794379437943794642e+01,4.051999536101655849e+03,1.996142006308507533e+01
3.795379537953795790e+01,4.051965013206262483e+03,1.996146353057549661e+01
3.796379637963796227e+01,4.051932135336046485e+03,1.996150691051083470e+01
3.797379737973797376e+01,4.051900947913074106e+03,1.996155020303609717e+01
3.798379837983798524e+01,4.051871496723718337e+03,1.996159340829568407e+01
3.799379937993799672e+01,4.051843827918658462e+03,1.996163652643339503e+01
3.800380038003800820e+01,4.051817988012879596e+03,1.996167955759241153e+01
3.801380138013801258e+01,4.051794023885673141e+03,1.996172250191531106e+01
3.802380238023802406e+01,4.051771982780636790e+03,1.996176535954406717e+01
3.803380338033803554e+01,4.051751912305674523e+03,1.996180813062004233e+01
3.804380438043804702e+01,4.051733860432997062e+03,1.996185081528398797e+01
3.805380538053805850e+01,4.051717875499120055e+03,1.996189341367605863e+01
3.806380638063806288e+01,4.051704006204867255e+03,1.996193592593579069e+01
3.807380738073807436e+01,4.051692301615366432e+03,1.996197835220211658e+01
3.808380838083808584e+01,4.051682811160053461e+03,1.996202069261336121e+01
3.809380938093809732e+01,4.051675584632670052e+03,1.996206294730724551e+01
3.810381038103810880e+01,4.051670672191263293e+03,1.996210511642087937e+01
3.811381138113811318e+01,4.051668124358187470e+03,1.996214720009076160e+01
3.812381238123812466e+01,4.051667992020102702e+03,1.996218919845278705e+01
3.813381338133813614e+01,4.051670326427974942e+03,1.996223111164225017e+01
3.814381438143814762e+01,4.051675179197077341e+03,1.996227293979382367e+01
3.815381538153815910e+01,4.051682602306988883e+03,1.996231468304157985e+01
3.816381638163816348e+01,4.051692648101594386e+03,1.996235634151899063e+01
3.817381738173817496e+01,4.051705369289084956e+03,1.996239791535890262e+01
3.818381838183818644e+01,4.051720818941958896e+03,1.996243940469357625e+01
3.819381938193819792e+01,4.051739050497019434e+03,1.996248080965464311e+01
3.820382038203820230e+01,4.051760117755376996e+03,1.996252213037314505e+01
3.821382138213821378e+01,4.051784074882447840e+03,1.996256336697950573e+01
3.822382238223822526e+01,4.051810976407954513e+03,1.996260451960354487e+01
3.823382338233823674e+01,4.051840877225925851e+03,1.996264558837447467e+01
3.824382438243824822e+01,4.051873832594696523e+03,1.996268657342089625e+01
3.825382538253825260e+01,4.051909473144486128e+03,1.996272747518172963e+01
3.826382638263826408e+01,4.051946813773102349e+03,1.996276829453702462e+01
3.827382738273827556e+01,4.051985766126235831e+03,1.996280903170238119e+01
3.828382838283828704e+01,4.052026281238789579e+03,1.996284968686423866e+01
3.829382938293829852e+01,4.052068310553904666e+03,1.996289026020854607e+01
3.830383038303830290e+01,4.052111805922957956e+03,1.996293075192076216e+01
3.831383138313831438e+01,4.052156719605562557e+03,1.996297116218585899e+01
3.832383238323832586e+01,4.052203004269568282e+03,1.996301149118831120e+01
3.833383338333833734e+01,4.052250612991060734e+03,1.996305173911211739e+01
3.834383438343834882e+01,4.052299499254362217e+03,1.996309190614077878e+01
3.835383538353835320e+01,4.052349616952031738e+03,1.996313199245730630e+01
3.836383638363836468e+01,4.052400920384864548e+03,1.996317199824423128e+01
3.837383738373837616e+01,4.052453364261892148e+03,1.996321192368358766e+01
3.838383838383838764e+01,4.052506903700382281e+03,1.996325176895692266e+01
3.839383938393839912e+01,4.052561494225839397e+03,1.996329153424529324e+01
3.840384038403840350e+01,4.052617091772004187e+03,1.996333121972927316e+01
3.841384138413841498e+01,4.052673652680853593e+03,1.996337082558893883e+01
3.842384238423842646e+01,4.052731133702601255e+03,1.996341035200388347e+01
3.843384338433843794e+01,4.052789491995697063e+03,1.996344979915321005e+01
3.844384438443844232e+01,4.052848685126826695e+03,1.996348916721553124e+01
3.845384538453845380e+01,4.052908671070913897e+03,1.996352845636897655e+01
3.846384638463846528e+01,4.052969408211116843e+03,1.996356766679117456e+01
3.847384738473847676e+01,4.053030855338830861e+03,1.996360679865927779e+01
3.848384838483848824e+01,4.053092971653688437e+03,1.996364585214994136e+01
3.849384938493849262e+01,4.053155716763556939e+03,1.996368482743933725e+01
3.850385038503850410e+01,4.053219050684541799e+03,1.996372372470314005e+01
3.851385138513851558e+01,4.053282933840983333e+03,1.996376254411654827e+01
3.852385238523852706e+01,4.053347327065459012e+03,1.996380128585425950e+01
3.853385338533853854e+01,4.053412191598782556e+03,1.996383995009048462e+01
3.854385438543854292e+01,4.053477489090003928e+03,1.996387853699895487e+01
3.855385538553855440e+01,4.053543181596410250e+03,1.996391704675290057e+01
3.856385638563856588e+01,4.053609231583523524e+03,1.996395547952506888e+01
3.857385738573857736e+01,4.053675601925103820e+03,1.996399383548771667e+01
3.858385838583858884e+01,4.053742255903146543e+03,1.996403211481261408e+01
3.859385938593859322e+01,4.053809157207883345e+03,1.996407031767104101e+01
3.860386038603860470e+01,4.053876269937783036e+03,1.996410844423378705e+01
3.861386138613861618e+01,4.053943558599550670e+03,1.996414649467115154e+01
3.862386238623862766e+01,4.054010988108126639e+03,1.996418446915295064e+01
3.863386338633863915e+01,4.054078523786689402e+03,1.996422236784850668e+01
3.864386438643864352e+01,4.054146131366652298e+03,1.996426019092665527e+01
3.865386538653865500e+01,4.054213776987666279e+03,1.996429793855574175e+01
3.866386638663866648e+01,4.054281427197617631e+03,1.996433561090362474e+01
3.867386738673867796e+01,4.054349048952629801e+03,1.996437320813766547e+01
3.868386838683868234e+01,4.054416609617062022e+03,1.996441073042475267e+01
3.869386938693869382e+01,4.054484076963510688e+03,1.996444817793127058e+01
3.870387038703870530e+01,4.054551419172807528e+03,1.996448555082312026e+01
3.871387138713871678e+01,4.054618604834021426e+03,1.996452284926571252e+01
3.872387238723872827e+01,4.054685602944457514e+03,1.996456007342397854e+01
3.873387338733873264e+01,4.054752382909657172e+03,1.996459722346234145e+01
3.874387438743874412e+01,4.054818914543398478e+03,1.996463429954475544e+01
3.875387538753875560e+01,4.054885168067695304e+03,1.996467130183467020e+01
3.876387638763876708e+01,4.054951114112798678e+03,1.996470823049505938e+01
3.877387738773877857e+01,4.055016723717195418e+03,1.996474508568839923e+01
3.878387838783878294e+01,4.055081968327609047e+03,1.996478186757667572e+01
3.879387938793879442e+01,4.055146819798998877e+03,1.996481857632139167e+01
3.880388038803880590e+01,4.055211250394561375e+03,1.996485521208356317e+01
3.881388138813881739e+01,4.055275232785729258e+03,1.996489177502370538e+01
3.882388238823882887e+01,4.055338740052171488e+03,1.996492826530185383e+01
3.883388338833883324e+01,4.055401745681793273e+03,1.996496468307755734e+01
3.884388438843884472e+01,4.055464223570736067e+03,1.996500102850987091e+01
3.885388538853885620e+01,4.055526148023378028e+03,1.996503730175735569e+01
3.886388638863886769e+01,4.055587493752334012e+03,1.996507350297809680e+01
3.887388738873887917e+01,4.055648235878454670e+03,1.996510963232967839e+01
3.888388838883888354e+01,4.055708349930827353e+03,1.996514568996920502e+01
3.889388938893889502e+01,4.055767811846775658e+03,1.996518167605328031e+01
3.890389038903890651e+01,4.055826597971859883e+03,1.996521759073803182e+01
3.891389138913891799e+01,4.055884685059875665e+03,1.996525343417909326e+01
3.892389238923892236e+01,4.055942050272856704e+03,1.996528920653160810e+01
3.893389338933893384e+01,4.055998671181071586e+03,1.996532490795022952e+01
3.894389438943894532e+01,4.056054525763026049e+03,1.996536053858912396e+01
3.895389538953895681e+01,4.056109592405462536e+03,1.996539609860197118e+01
3.896389638963896829e+01,4.056163849903358368e+03,1.996543158814195706e+01
3.897389738973897266e+01,4.056217277459929392e+03,1.996546700736178437e+01
3.898389838983898414e+01,4.056269854686626331e+03,1.996550235641365845e+01
3.899389938993899563e+01,4.056321561603136615e+03,1.996553763544930504e+01
3.900390039003900711e+01,4.056372378637383918e+03,1.996557284461995607e+01
3.901390139013901859e+01,4.056422286625528614e+03,1.996560798407635673e+01
3.902390239023902296e+01,4.056471266811967780e+03,1.996564305396875483e+01
3.903390339033903444e+01,4.056519300849334286e+03,1.996567805444692567e+01
3.904390439043904593e+01,4.056566370798497701e+03,1.996571298566014008e+01
3.905390539053905741e+01,4.056612459128563387e+03,1.996574784775718570e+01
3.906390639063906889e+01,4.056657548716874317e+03,1.996578264088636345e+01
3.907390739073907326e+01,4.056701622849008345e+03,1.996581736519548400e+01
3.908390839083908475e+01,4.056744665218780938e+03,1.996585202083186417e+01
3.909390939093909623e+01,4.056786659928242898e+03,1.996588660794234116e+01
3.910391039103910771e+01,4.056827591487683094e+03,1.996592112667325836e+01
3.911391139113911919e+01,4.056867444815624367e+03,1.996595557717046177e+01
3.912391239123912356e+01,4.056906205238828534e+03,1.996598995957932843e+01
3.913391339133913505e+01,4.056943858492291383e+03,1.996602427404472380e+01
3.914391439143914653e+01,4.056980390719246770e+03,1.996605852071104081e+01
3.915391539153915801e+01,4.057015788471164797e+03,1.996609269972217859e+01
3.916391639163916238e+01,4.057050038707750900e+03,1.996612681122154243e+01
3.917391739173917387e+01,4.057083128796947676e+03,1.996616085535205798e+01
3.918391839183918535e+01,4.057115046514934420e+03,1.996619483225614999e+01
3.919391939193919683e+01,4.057145780046125765e+03,1.996622874207576714e+01
3.920392039203920831e+01,4.057175317983173954e+03,1.996626258495236073e+01
3.921392139213921268e+01,4.057203649326966115e+03,1.996629636102689531e+01
3.922392239223922417e+01,4.057230763486627893e+03,1.996633007043984875e+01
3.923392339233923565e+01,4.057256650279519363e+03,1.996636371333120508e+01
3.924392439243924713e+01,4.057281299931237299e+03,1.996639728984046158e+01
3.925392539253925861e+01,4.057304703075616089e+03,1.996643080010662885e+01
3.926392639263926299e+01,4.057326850754725456e+03,1.996646424426822364e+01
3.927392739273927447e+01,4.057347734418871823e+03,1.996649762246328308e+01
3.928392839283928595e+01,4.057367345926597409e+03,1.996653093482934338e+01
3.929392939293929743e+01,4.057385677544681585e+03,1.996656418150346468e+01
3.930393039303930891e+01,4.057402721948140425e+03,1.996659736262220264e+01
3.931393139313931329e+01,4.057418472220224885e+03,1.996663047832163329e+01
3.932393239323932477e+01,4.057432921852423988e+03,1.996666352873734951e+01
3.933393339333933625e+01,4.057446064744462092e+03,1.996669651400444323e+01
3.934393439343934773e+01,4.057457895204300257e+03,1.996672943425752678e+01
3.935393539353935921e+01,4.057468407948135791e+03,1.996676228963071509e+01
3.936393639363936359e+01,4.057477598100402702e+03,1.996679508025763994e+01
3.937393739373937507e+01,4.057485461193771243e+03,1.996682780627144282e+01
3.938393839383938655e+01,4.057491993169148373e+03,1.996686046780477852e+01
3.939393939393939803e+01,4.057497190375675927e+03,1.996689306498980798e+01
3.940394039403940241e+01,4.057501049570734267e+03,1.996692559795820543e+01
3.941394139413941389e+01,4.057503567919939087e+03,1.996695806684116192e+01
3.942394239423942537e+01,4.057504742997142330e+03,1.996699047176936404e+01
3.943394339433943685e+01,4.057504572784432185e+03,1.996702281287302938e+01
3.944394439443944833e+01,4.057503055672133996e+03,1.996705509028187109e+01
3.945394539453945271e+01,4.057500190458808902e+03,1.996708730412512267e+01
3.946394639463946419e+01,4.057495976351255194e+03,1.996711945453152026e+01
3.947394739473947567e+01,4.057490412964506049e+03,1.996715154162932038e+01
3.948394839483948715e+01,4.057483500321832253e+03,1.996718356554628571e+01
3.949394939493949863e+01,4.057475238854740837e+03,1.996721552640968866e+01
3.950395039503950301e+01,4.057465629402975082e+03,1.996724742434631494e+01
3.951395139513951449e+01,4.057454673214514060e+03,1.996727925948245641e+01
3.952395239523952597e+01,4.057442371945574450e+03,1.996731103194392887e+01
3.953395339533953745e+01,4.057428727660608274e+03,1.996734274185604363e+01
3.954395439543954893e+01,4.057413742832304706e+03,1.996737438934363240e+01
3.955395539553955331e+01,4.057397420341588713e+03,1.996740597453103661e+01
3.956395639563956479e+01,4.057379763477621509e+03,1.996743749754210739e+01
3.957395739573957627e+01,4.057360775937801463e+03,1.996746895850020564e+01
3.958395839583958775e+01,4.057340461827762738e+03,1.996750035752820196e+01
3.959395939593959923e+01,4.057318825661375740e+03,1.996753169474849088e+01
3.960396039603960361e+01,4.057295872360748490e+03,1.996756297028295535e+01
3.961396139613961509e+01,4.057271607256223433e+03,1.996759418425301291e+01
3.962396239623962657e+01,4.057246036086381537e+03,1.996762533677957663e+01
3.963396339633963805e+01,4.057219164998037741e+03,1.996765642798307283e+01
3.964396439643964243e+01,4.057191000546245959e+03,1.996768745798344824e+01
3.965396539653965391e+01,4.057161549694294536e+03,1.996771842690014509e+01
3.966396639663966539e+01,4.057130819813708968e+03,1.996774933485212955e+01
3.967396739673967687e+01,4.057098818684251455e+03,1.996778018195787752e+01
3.968396839683968835e+01,4.057065554493919535e+03,1.996781096833537106e+01
3.969396939693969273e+01,4.057031035838948355e+03,1.996784169410210197e+01
3.970397039703970421e+01,4.056995271723808855e+03,1.996787235937507887e+01
3.971397139713971569e+01,4.056958271561208221e+03,1.996790296427081657e+01
3.972397239723972717e+01,4.056920045172089885e+03,1.996793350890535024e+01
3.973397339733973865e+01,4.056880602785634437e+03,1.996796399339421058e+01
3.974397439743974303e+01,4.056839955039258712e+03,1.996799441785245222e+01
3.975397539753975451e+01,4.056798112978614881e+03,1.996802478239463596e+01
3.976397639763976599e+01,4.056755088057592275e+03,1.996805508713483590e+01
3.977397739773977747e+01,4.056710892138317377e+03,1.996808533218663584e+01
3.978397839783978895e+01,4.056665537491151554e+03,1.996811551766312576e+01
3.979397939793979333e+01,4.056619036794693329e+03,1.996814564367691247e+01
3.980398039803980481e+01,4.056571403135777473e+03,1.996817571034011607e+01
3.981398139813981629e+01,4.056522650009475910e+03,1.996820571776435926e+01
3.982398239823982777e+01,4.056472791319095450e+03,1.996823566606078870e+01
3.983398339833983925e+01,4.056421841376180055e+03,1.996826555534004299e+01
3.984398439843984363e+01,4.056369814900510846e+03,1.996829538571229534e+01
3.985398539853985511e+01,4.056316727020104281e+03,1.996832515728720736e+01
3.986398639863986659e+01,4.056262593271213518e+03,1.996835487017396460e+01
3.987398739873987807e+01,4.056207429598327508e+03,1.996838452448126588e+01
3.988398839883988245e+01,4.056151252354173266e+03,1.996841412031731267e+01
3.989398939893989393e+01,4.056094078299712237e+03,1.996844365778981967e+01
3.990399039903990541e+01,4.056035924604143474e+03,1.996847313700601489e+01
3.991399139913991689e+01,4.055976808844902280e+03,1.996850255807263608e+01
3.992399239923992837e+01,4.055916749007659746e+03,1.996853192109593778e+01
3.993399339933993275e+01,4.055855763486324122e+03,1.996856122618167007e+01
3.994399439943994423e+01,4.055793871083038994e+03,1.996859047343511406e+01
3.995399539953995571e+01,4.055731091008186013e+03,1.996861966296104640e+01
3.996399639963996719e+01,4.055667442880381259e+03,1.996864879486376410e+01
3.997399739973997868e+01,4.055602946726478876e+03,1.996867786924706678e+01
3.998399839983998305e+01,4.055537622981567893e+03,1.996870688621427803e+01
3.999399939993999453e+01,4.055471492488975400e+03,1.996873584586821337e+01
4.000400040004000601e+01,4.055404576500263374e+03,1.996876474831121939e+01
4.001400140014001749e+01,4.055336896675230946e+03,1.996879359364514173e+01
4.002400240024002898e+01,4.055268475081913493e+03,1.996882238197134285e+01
4.003400340034003335e+01,4.055199334196582640e+03,1.996885111339068786e+01
4.004400440044004483e+01,4.055129496903746258e+03,1.996887978800356223e+01
4.005400540054005631e+01,4.055058986496149828e+03,1.996890840590985761e+01
4.006400640064006780e+01,4.054987826674773260e+03,1.996893696720897893e+01
4.007400740074007928e+01,4.054916041548834073e+03,1.996896547199983729e+01
4.008400840084008365e+01,4.054843655635786035e+03,1.996899392038086773e+01
4.009400940094009513e+01,4.054770693861319614e+03,1.996902231244999726e+01
4.010401040104010661e+01,4.054697181559360615e+03,1.996905064830468390e+01
4.011401140114011810e+01,4.054623144472071999e+03,1.996907892804187767e+01
4.012401240124012247e+01,4.054548608749852974e+03,1.996910715175805251e+01
4.013401340134013395e+01,4.054473600951339449e+03,1.996913531954918852e+01
4.014401440144014543e+01,4.054398148043403580e+03,1.996916343151078266e+01
4.015401540154015692e+01,4.054322277401152860e+03,1.996919148773783448e+01
4.016401640164016840e+01,4.054246016807932847e+03,1.996921948832485683e+01
4.017401740174017277e+01,4.054169394455324436e+03,1.996924743336587582e+01
4.018401840184018425e+01,4.054092438943145225e+03,1.996927532295443442e+01
4.019401940194019573e+01,4.054015179279449058e+03,1.996930315718357107e+01
4.020402040204020722e+01,4.053937644880526022e+03,1.996933093614584820e+01
4.021402140214021870e+01,4.053859865570903366e+03,1.996935865993333792e+01
4.022402240224022307e+01,4.053781871583344127e+03,1.996938632863761853e+01
4.023402340234023455e+01,4.053703693558847135e+03,1.996941394234978162e+01
4.024402440244024604e+01,4.053625362546648830e+03,1.996944150116043204e+01
4.025402540254025752e+01,4.053546910004220990e+03,1.996946900515968082e+01
4.026402640264026900e+01,4.053468367797272549e+03,1.996949645443715227e+01
4.027402740274027337e+01,4.053389768199748687e+03,1.996952384908198397e+01
4.028402840284028485e+01,4.053311143893830831e+03,1.996955118918282679e+01
4.029402940294029634e+01,4.053232527969936200e+03,1.996957847482783421e+01
4.030403040304030782e+01,4.053153953926719623e+03,1.996960570610467656e+01
4.031403140314031930e+01,4.053075455671071268e+03,1.996963288310053031e+01
4.032403240324032367e+01,4.052997067518118001e+03,1.996966000590209589e+01
4.033403340334033516e+01,4.052918824191223848e+03,1.996968707459556569e+01
4.034403440344034664e+01,4.052840760821987715e+03,1.996971408926665958e+01
4.035403540354035812e+01,4.052762912950246118e+03,1.996974105000060007e+01
4.036403640364036249e+01,4.052685316524071368e+03,1.996976795688211936e+01
4.037403740374037397e+01,4.052608007899772929e+03,1.996979480999547008e+01
4.038403840384038546e+01,4.052531023841895149e+03,1.996982160942440387e+01
4.039403940394039694e+01,4.052454401523220440e+03,1.996984835525219282e+01
4.040404040404040842e+01,4.052378178524766554e+03,1.996987504756161513e+01
4.041404140414041279e+01,4.052302392835787941e+03,1.996990168643496233e+01
4.042404240424042428e+01,4.052227082853775300e+03,1.996992827195403564e+01
4.043404340434043576e+01,4.052152287384456031e+03,1.996995480420014957e+01
4.044404440444044724e+01,4.052078045641793778e+03,1.996998128325412480e+01
4.045404540454045872e+01,4.052004397247988436e+03,1.997000770919629886e+01
4.046404640464046309e+01,4.051931382233476143e+03,1.997003408210651543e+01
4.047404740474047458e+01,4.051859041036929739e+03,1.997006040206413147e+01
4.048404840484048606e+01,4.051787414505258766e+03,1.997008666914801722e+01
4.049404940494049754e+01,4.051716543893608559e+03,1.997011288343655266e+01
4.050405040504050902e+01,4.051646470865360698e+03,1.997013904500762393e+01
4.051405140514051340e+01,4.051577237492133918e+03,1.997016515393863756e+01
4.052405240524052488e+01,4.051508886253782748e+03,1.997019121030649913e+01
4.053405340534053636e+01,4.051441460038397963e+03,1.997021721418763818e+01
4.054405440544054784e+01,4.051375002142307494e+03,1.997024316565798330e+01
4.055405540554055932e+01,4.051309556270074609e+03,1.997026906479298347e+01
4.056405640564056370e+01,4.051245166534500640e+03,1.997029491166759740e+01
4.057405740574057518e+01,4.051181877456620896e+03,1.997032070635628642e+01
4.058405840584058666e+01,4.051119733965709202e+03,1.997034644893303224e+01
4.059405940594059814e+01,4.051058781399274721e+03,1.997037213947132628e+01
4.060406040604060252e+01,4.050999065503063321e+03,1.997039777804416616e+01
4.061406140614061400e+01,4.050940632431057111e+03,1.997042336472406632e+01
4.062406240624062548e+01,4.050883528745474450e+03,1.997044889958304736e+01
4.063406340634063696e+01,4.050827801416770853e+03,1.997047438269264319e+01
4.064406440644064844e+01,4.050773497823636717e+03,1.997049981412389741e+01
4.065406540654065282e+01,4.050720665753000958e+03,1.997052519394737047e+01
4.066406640664066430e+01,4.050669353400026466e+03,1.997055052223312543e+01
4.067406740674067578e+01,4.050619609368114652e+03,1.997057579905074221e+01
4.068406840684068726e+01,4.050571482668901808e+03,1.997060102446930685e+01
4.069406940694069874e+01,4.050525022722261383e+03,1.997062619855742227e+01
4.070407040704070312e+01,4.050480279356303072e+03,1.997065132138320109e+01
4.071407140714071460e+01,4.050437302807372816e+03,1.997067639301425857e+01
4.072407240724072608e+01,4.050396143720053260e+03,1.997070141351773742e+01
4.073407340734073756e+01,4.050356853147163292e+03,1.997072638296027591e+01
4.074407440744074904e+01,4.050319482549757595e+03,1.997075130140802912e+01
4.075407540754075342e+01,4.050284083797128460e+03,1.997077616892666541e+01
4.076407640764076490e+01,4.050250709166803063e+03,1.997080098558136285e+01
4.077407740774077638e+01,4.050219411344546188e+03,1.997082575143680927e+01
4.078407840784078786e+01,4.050190243424358414e+03,1.997085046655720575e+01
4.079407940794079934e+01,4.050163258908477474e+03,1.997087513100625600e+01
4.080408040804080372e+01,4.050138511707375983e+03,1.997089974484719122e+01
4.081408140814081520e+01,4.050116056139764169e+03,1.997092430814273456e+01
4.082408240824082668e+01,4.050095946932588959e+03,1.997094882095514023e+01
4.083408340834083816e+01,4.050078239221032163e+03,1.997097328334615440e+01
4.084408440844084254e+01,4.050062988548512749e+03,1.997099769537704717e+01
4.085408540854085402e+01,4.050050250866687293e+03,1.997102205710859124e+01
4.086408640864086550e+01,4.050040082535446800e+03,1.997104636860107973e+01
4.087408740874087698e+01,4.050032540322919431e+03,1.997107062991431192e+01
4.088408840884088846e+01,4.050027681405470048e+03,1.997109484110759325e+01
4.089408940894089284e+01,4.050025563367699306e+03,1.997111900223974601e+01
4.090409040904090432e+01,4.050026244202445469e+03,1.997114311336910220e+01
4.091409140914091580e+01,4.050029782310781229e+03,1.997116717455351065e+01
4.092409240924092728e+01,4.050036236502017346e+03,1.997119118585031927e+01
4.093409340934093876e+01,4.050045665993700368e+03,1.997121514731639280e+01
4.094409440944094314e+01,4.050058130411613092e+03,1.997123905900811280e+01
4.095409540954095462e+01,4.050073689789774562e+03,1.997126292098136346e+01
4.096409640964096610e+01,4.050092404570441431e+03,1.997128673329154225e+01
4.097409740974097758e+01,4.050114335604104781e+03,1.997131049599355990e+01
4.098409840984098906e+01,4.050139544149493304e+03,1.997133420914183688e+01
4.099409940994099344e+01,4.050168091873571939e+03,1.997135787279030694e+01
4.100410041004100492e+01,4.050200040851542326e+03,1.997138148699241000e+01
4.101410141014101640e+01,4.050235453566841443e+03,1.997140505180109926e+01
4.102410241024102788e+01,4.050274392911143877e+03,1.997142856726884119e+01
4.103410341034103936e+01,4.050316922184360010e+03,1.997145203344761200e+01
4.104410441044104374e+01,4.050362672098845906e+03,1.997147545069690722e+01
4.105410541054105522e+01,4.050410387616023854e+03,1.997149882000149645e+01
4.106410641064106670e+01,4.050459932554858824e+03,1.997152214154533922e+01
4.107410741074107818e+01,4.050511249897630933e+03,1.997154541545581807e+01
4.108410841084108966e+01,4.050564283109021289e+03,1.997156864185985725e+01
4.109410941094109404e+01,4.050618976136111996e+03,1.997159182088393337e+01
4.110411041104110552e+01,4.050675273408385237e+03,1.997161495265405406e+01
4.111411141114111700e+01,4.050733119837723734e+03,1.997163803729578291e+01
4.112411241124112848e+01,4.050792460818411200e+03,1.997166107493422160e+01
4.113411341134113286e+01,4.050853242227132341e+03,1.997168406569402066e+01
4.114411441144114434e+01,4.050915410422971945e+03,1.997170700969936874e+01
4.115411541154115582e+01,4.050978912247415337e+03,1.997172990707399975e+01
4.116411641164116730e+01,4.051043695024349290e+03,1.997175275794119997e+01
4.117411741174117878e+01,4.051109706560060658e+03,1.997177556242378671e+01
4.118411841184118316e+01,4.051176895143236834e+03,1.997179832064413318e+01
4.119411941194119464e+01,4.051245209544965746e+03,1.997182103272414722e+01
4.120412041204120612e+01,4.051314599018737226e+03,1.997184369878528898e+01
4.121412141214121760e+01,4.051385013300440278e+03,1.997186631894855680e+01
4.122412241224122909e+01,4.051456402608364897e+03,1.997188889333449779e+01
4.123412341234123346e+01,4.051528717643202526e+03,1.997191142206319725e+01
4.124412441244124494e+01,4.051601909588044236e+03,1.997193390525428924e+01
4.125412541254125642e+01,4.051675930108382090e+03,1.997195634302694955e+01
4.126412641264126790e+01,4.051750731352110051e+03,1.997197873549990277e+01
4.127412741274127939e+01,4.051826265949520348e+03,1.997200108279141162e+01
4.128412841284128376e+01,4.051902487013307564e+03,1.997202338501928409e+01
4.129412941294129524e+01,4.051979348138566820e+03,1.997204564230087698e+01
4.130413041304130672e+01,4.052056803402793321e+03,1.997206785475308521e+01
4.131413141314131821e+01,4.052134807365883262e+03,1.997209002249235255e+01
4.132413241324132969e+01,4.052213315070133376e+03,1.997211214563466442e+01
4.133413341334133406e+01,4.052292282040241389e+03,1.997213422429555152e+01
4.134413441344134554e+01,4.052371664283305108e+03,1.997215625859008270e+01
4.135413541354135702e+01,4.052451418288822879e+03,1.997217824863288271e+01
4.136413641364136851e+01,4.052531501028695402e+03,1.997220019453811091e+01
4.137413741374137288e+01,4.052611869957221188e+03,1.997222209641947188e+01
4.138413841384138436e+01,4.052692483011102468e+03,1.997224395439021905e+01
4.139413941394139584e+01,4.052773298609439280e+03,1.997226576856314750e+01
4.140414041404140733e+01,4.052854275653734931e+03,1.997228753905059406e+01
4.141414141414141881e+01,4.052935373527890988e+03,1.997230926596444434e+01
4.142414241424142318e+01,4.053016552098211378e+03,1.997233094941612208e+01
4.143414341434143466e+01,4.053097771713400107e+03,1.997235258951659986e+01
4.144414441444144614e+01,4.053178993204561721e+03,1.997237418637639195e+01
4.145414541454145763e+01,4.053260177885201756e+03,1.997239574010555785e+01
4.146414641464146911e+01,4.053341287551225832e+03,1.997241725081370589e+01
4.147414741474147348e+01,4.053422284480941016e+03,1.997243871860997544e+01
4.148414841484148496e+01,4.053503131435054456e+03,1.997246014360306532e+01
4.149414941494149645e+01,4.053583791656673839e+03,1.997248152590120895e+01
4.150415041504150793e+01,4.053664228871307841e+03,1.997250286561218502e+01
4.151415141514151941e+01,4.053744407286866135e+03,1.997252416284332099e+01
4.152415241524152378e+01,4.053824291593658472e+03,1.997254541770148251e+01
4.153415341534153526e+01,4.053903846964395143e+03,1.997256663029308044e+01
4.154415441544154675e+01,4.053983039054187429e+03,1.997258780072407447e+01
4.155415541554155823e+01,4.054061834000547606e+03,1.997260892909996244e+01
4.156415641564156971e+01,4.054140198423388028e+03,1.997263001552579453e+01
4.157415741574157408e+01,4.054218099425021592e+03,1.997265106010615199e+01
4.158415841584158557e+01,4.054295504590162182e+03,1.997267206294517550e+01
4.159415941594159705e+01,4.054372381985925131e+03,1.997269302414653325e+01
4.160416041604160853e+01,4.054448700161824945e+03,1.997271394381345644e+01
4.161416141614161290e+01,4.054524428149777123e+03,1.997273482204870376e+01
4.162416241624162438e+01,4.054599535464099063e+03,1.997275565895458627e+01
4.163416341634163587e+01,4.054673992101506883e+03,1.997277645463295670e+01
4.164416441644164735e+01,4.054747768541119513e+03,1.997279720918521662e+01
4.165416541654165883e+01,4.054820835744454598e+03,1.997281792271230216e+01
4.166416641664166320e+01,4.054893165155431234e+03,1.997283859531470540e+01
4.167416741674167469e+01,4.054964728700369506e+03,1.997285922709244943e+01
4.168416841684168617e+01,4.055035498787990036e+03,1.997287981814511681e+01
4.169416941694169765e+01,4.055105448309413532e+03,1.997290036857181761e+01
4.170417041704170913e+01,4.055174550638161691e+03,1.997292087847122133e+01
4.171417141714171350e+01,4.055242779630157202e+03,1.997294134794152853e+01
4.172417241724172499e+01,4.055310109623722838e+03,1.997296177708049569e+01
4.173417341734173647e+01,4.055376515439582363e+03,1.997298216598541387e+01
4.174417441744174795e+01,4.055441972380860534e+03,1.997300251475311939e+01
4.175417541754175943e+01,4.055506456233081735e+03,1.997302282348000446e+01
4.176417641764176381e+01,4.055569943264172252e+03,1.997304309226198527e+01
4.177417741774177529e+01,4.055632410224457999e+03,1.997306332119454098e+01
4.178417841784178677e+01,4.055693834346665881e+03,1.997308351037268537e+01
4.179417941794179825e+01,4.055754193345923795e+03,1.997310365989097747e+01
4.180418041804180973e+01,4.055813465419760632e+03,1.997312376984351801e+01
4.181418141814181411e+01,4.055871629248104000e+03,1.997314384032396006e+01
4.182418241824182559e+01,4.055928663993284772e+03,1.997316387142549488e+01
4.183418341834183707e+01,4.055984549300032540e+03,1.997318386324085182e+01
4.184418441844184855e+01,4.056039265295478344e+03,1.997320381586231974e+01
4.185418541854185293e+01,4.056092792589153760e+03,1.997322372938171497e+01
4.186418641864186441e+01,4.056145112272990900e+03,1.997324360389041331e+01
4.187418741874187589e+01,4.056196205921323326e+03,1.997326343947932514e+01
4.188418841884188737e+01,4.056246055590883770e+03,1.997328323623890256e+01
4.189418941894189885e+01,4.056294643820807323e+03,1.997330299425915356e+01
4.190419041904190323e+01,4.056341953632627792e+03,1.997332271362961720e+01
4.191419141914191471e+01,4.056387968530281796e+03,1.997334239443938486e+01
4.192419241924192619e+01,4.056432672500104673e+03,1.997336203677708610e+01
4.193419341934193767e+01,4.056476050010833205e+03,1.997338164073090638e+01
4.194419441944194915e+01,4.056518086013605625e+03,1.997340120638856220e+01
4.195419541954195353e+01,4.056558765941959791e+03,1.997342073383731531e+01
4.196419641964196501e+01,4.056598075711834099e+03,1.997344022316398338e+01
4.197419741974197649e+01,4.056636001721568846e+03,1.997345967445491155e+01
4.198419841984198797e+01,4.056672530851903048e+03,1.997347908779600800e+01
4.199419941994199945e+01,4.056707650465978531e+03,1.997349846327270484e+01
4.200420042004200383e+01,4.056741348409336297e+03,1.997351780096999363e+01
4.201420142014201531e+01,4.056773613009917881e+03,1.997353710097240054e+01
4.202420242024202679e+01,4.056804433078067177e+03,1.997355636336400764e+01
4.203420342034203827e+01,4.056833797906526797e+03,1.997357558822842449e+01
4.204420442044204975e+01,4.056861697270440800e+03,1.997359477564882013e+01
4.205420542054205413e+01,4.056888121427354235e+03,1.997361392570789818e+01
4.206420642064206561e+01,4.056913061117212692e+03,1.997363303848791105e+01
4.207420742074207709e+01,4.056936507562361385e+03,1.997365211407064933e+01
4.208420842084208857e+01,4.056958452467547431e+03,1.997367115253745951e+01
4.209420942094209295e+01,4.056978888019918486e+03,1.997369015396921910e+01
4.210421042104210443e+01,4.056997806889022286e+03,1.997370911844635799e+01
4.211421142114211591e+01,4.057015202226807105e+03,1.997372804604884777e+01
4.212421242124212739e+01,4.057031067667622665e+03,1.997374693685620173e+01
4.213421342134213887e+01,4.057045397328219224e+03,1.997376579094748195e+01
4.214421442144214325e+01,4.057058185807747122e+03,1.997378460840129222e+01
4.215421542154215473e+01,4.057069428187757239e+03,1.997380338929578159e+01
4.216421642164216621e+01,4.057079120032201899e+03,1.997382213370863724e+01
4.217421742174217769e+01,4.057087257387433965e+03,1.997384084171709873e+01
4.218421842184218917e+01,4.057093836782205926e+03,1.997385951339794730e+01
4.219421942194219355e+01,4.057098855227672630e+03,1.997387814882750590e+01
4.220422042204220503e+01,4.057102310217388094e+03,1.997389674808164273e+01
4.221422142214221651e+01,4.057104199727307332e+03,1.997391531123577124e+01
4.222422242224222799e+01,4.057104522215786801e+03,1.997393383836485015e+01
4.223422342234223947e+01,4.057103276623582587e+03,1.997395232954337629e+01
4.224422442244224385e+01,4.057100462373851769e+03,1.997397078484539890e+01
4.225422542254225533e+01,4.057096079372152872e+03,1.997398920434450531e+01
4.226422642264226681e+01,4.057090128006443592e+03,1.997400758811382815e+01
4.227422742274227829e+01,4.057082609147083986e+03,1.997402593622604172e+01
4.228422842284228977e+01,4.057073524146833279e+03,1.997404424875337625e+01
4.229422942294229415e+01,4.057062874840851691e+03,1.997406252576758945e+01
4.230423042304230563e+01,4.057050663546700889e+03,1.997408076733999849e+01
4.231423142314231711e+01,4.057036893064342166e+03,1.997409897354144803e+01
4.232423242324232859e+01,4.057021566676138718e+03,1.997411714444234576e+01
4.233423342334233297e+01,4.057004688146852914e+03,1.997413528011262684e+01
4.234423442344234445e+01,4.056986261723649022e+03,1.997415338062177881e+01
4.235423542354235593e+01,4.056966292136090942e+03,1.997417144603883443e+01
4.236423642364236741e+01,4.056944784596144473e+03,1.997418947643236464e+01
4.237423742374237889e+01,4.056921744798174586e+03,1.997420747187049272e+01
4.238423842384238327e+01,4.056897178918947702e+03,1.997422543242088011e+01
4.239423942394239475e+01,4.056871093617631232e+03,1.997424335815072993e+01
4.240424042404240623e+01,4.056843496035793123e+03,1.997426124912679768e+01
4.241424142414241771e+01,4.056814393797400953e+03,1.997427910541537699e+01
4.242424242424242919e+01,4.056783795008824654e+03,1.997429692708230675e+01
4.243424342434243357e+01,4.056751708258832878e+03,1.997431471419297111e+01
4.244424442444244505e+01,4.056718142618596630e+03,1.997433246681229591e+01
4.245424542454245653e+01,4.056683107641686547e+03,1.997435018500475223e+01
4.246424642464246801e+01,4.056646613364074710e+03,1.997436786883436000e+01
4.247424742474247950e+01,4.056608670304132829e+03,1.997438551836467724e+01
4.248424842484248387e+01,4.056569289462634515e+03,1.997440313365880726e+01
4.249424942494249535e+01,4.056528482322753007e+03,1.997442071477939507e+01
4.250425042504250683e+01,4.056486260850062081e+03,1.997443826178863802e+01
4.251425142514251831e+01,4.056442637492537415e+03,1.997445577474827161e+01
4.252425242524252980e+01,4.056397625180554314e+03,1.997447325371957660e+01
4.253425342534253417e+01,4.056351237326889077e+03,1.997449069876337546e+01
4.254425442544254565e+01,4.056303487826718083e+03,1.997450810994003589e+01
4.255425542554255713e+01,4.056254391057619614e+03,1.997452548730947441e+01
4.256425642564256862e+01,4.056203961879571580e+03,1.997454283093114213e+01
4.257425742574257299e+01,4.056152215634952881e+03,1.997456014086404963e+01
4.258425842584258447e+01,4.056099168148542958e+03,1.997457741716673496e+01
4.259425942594259595e+01,4.056044835727521786e+03,1.997459465989728855e+01
4.260426042604260743e+01,4.055989235161470333e+03,1.997461186911334607e+01
4.261426142614261892e+01,4.055932383722370105e+03,1.997462904487208135e+01
4.262426242624262329e+01,4.055874299164603599e+03,1.997464618723022056e+01
4.263426342634263477e+01,4.055814999724952941e+03,1.997466329624402448e+01
4.264426442644264625e+01,4.055754504122602157e+03,1.997468037196930979e+01
4.265426542654265774e+01,4.055692831559135357e+03,1.997469741446142422e+01
4.266426642664266922e+01,4.055630001718536732e+03,1.997471442377526785e+01
4.267426742674267359e+01,4.055566034767191923e+03,1.997473139996528602e+01
4.268426842684268507e+01,4.055500951353887103e+03,1.997474834308546221e+01
4.269426942694269655e+01,4.055434772609809443e+03,1.997476525318932516e+01
4.270427042704270804e+01,4.055367520148545282e+03,1.997478213032995242e+01
4.271427142714271952e+01,4.055299216066083773e+03,1.997479897455996678e+01
4.272427242724272389e+01,4.055229882940813241e+03,1.997481578593152207e+01
4.273427342734273537e+01,4.055159543833522548e+03,1.997483256449633160e+01
4.274427442744274686e+01,4.055088222287402459e+03,1.997484931030564681e+01
4.275427542754275834e+01,4.055015942328042911e+03,1.997486602341025730e+01
4.276427642764276982e+01,4.054942728463435742e+03,1.997488270386050857e+01
4.277427742774277419e+01,4.054868605683973328e+03,1.997489935170628428e+01
4.278427842784278567e+01,4.054793599462447219e+03,1.997491596699700622e+01
4.279427942794279716e+01,4.054717735754051319e+03,1.997493254978165211e+01
4.280428042804280864e+01,4.054641040996380070e+03,1.997494910010873426e+01
4.281428142814281301e+01,4.054563542109427090e+03,1.997496561802631376e+01
4.282428242824282449e+01,4.054485266495588348e+03,1.997498210358199344e+01
4.283428342834283598e+01,4.054406242039659446e+03,1.997499855682292491e+01
4.284428442844284746e+01,4.054326497108836975e+03,1.997501497779580149e+01
4.285428542854285894e+01,4.054246060552718518e+03,1.997503136654685463e+01
4.286428642864286331e+01,4.054164961703301742e+03,1.997504772312186461e+01
4.287428742874287479e+01,4.054083230374984851e+03,1.997506404756616405e+01
4.288428842884288628e+01,4.054000896864567949e+03,1.997508033992461307e+01
4.289428942894289776e+01,4.053917991951249860e+03,1.997509660024162770e+01
4.290429042904290924e+01,4.053834546896631764e+03,1.997511282856116921e+01
4.291429142914291361e+01,4.053750593444714468e+03,1.997512902492673348e+01
4.292429242924292510e+01,4.053666163821900227e+03,1.997514518938136874e+01
4.293429342934293658e+01,4.053581290736990923e+03,1.997516132196766137e+01
4.294429442944294806e+01,4.053496007381190338e+03,1.997517742272775010e+01
4.295429542954295954e+01,4.053410347428101886e+03,1.997519349170330827e+01
4.296429642964296391e+01,4.053324345033730424e+03,1.997520952893555801e+01
4.297429742974297540e+01,4.053238034836480892e+03,1.997522553446526672e+01
4.298429842984298688e+01,4.053151451957158315e+03,1.997524150833274703e+01
4.299429942994299836e+01,4.053064631998970526e+03,1.997525745057784974e+01
4.300430043004300984e+01,4.052977611047523169e+03,1.997527336123997088e+01
4.301430143014301422e+01,4.052890425670825152e+03,1.997528924035805886e+01
4.302430243024302570e+01,4.052803112919284104e+03,1.997530508797059667e+01
4.303430343034303718e+01,4.052715710325709551e+03,1.997532090411561612e+01
4.304430443044304866e+01,4.052628255905311107e+03,1.997533668883069069e+01
4.305430543054305303e+01,4.052540788155698920e+03,1.997535244215294270e+01
4.306430643064306452e+01,4.052453346056884129e+03,1.997536816411902905e+01
4.307430743074307600e+01,4.052365969071278414e+03,1.997538385476516609e+01
4.308430843084308748e+01,4.052278697143694444e+03,1.997539951412709414e+01
4.309430943094309896e+01,4.052191570701344517e+03,1.997541514224012005e+01
4.310431043104310334e+01,4.052104630653842833e+03,1.997543073913907463e+01
4.311431143114311482e+01,4.052017918393203672e+03,1.997544630485834460e+01
4.312431243124312630e+01,4.051931475793841855e+03,1.997546183943185838e+01
4.313431343134313778e+01,4.051845345212572738e+03,1.997547734289308607e+01
4.314431443144314926e+01,4.051759569488613124e+03,1.997549281527504661e+01
4.315431543154315364e+01,4.051674191943579444e+03,1.997550825661030061e+01
4.316431643164316512e+01,4.051589256381490031e+03,1.997552366693094683e+01
4.317431743174317660e+01,4.051504807088761936e+03,1.997553904626863996e+01
4.318431843184318808e+01,4.051420888834215475e+03,1.997555439465456928e+01
4.319431943194319956e+01,4.051337546869069229e+03,1.997556971211947285e+01
4.320432043204320394e+01,4.051254826926943679e+03,1.997558499869363047e+01
4.321432143214321542e+01,4.051172775223859389e+03,1.997560025440686715e+01
4.322432243224322690e+01,4.051091438458238372e+03,1.997561547928854964e+01
4.323432343234323838e+01,4.051010863810902720e+03,1.997563067336759701e+01
4.324432443244324986e+01,4.050931098945075519e+03,1.997564583667246296e+01
4.325432543254325424e+01,4.050852192006379482e+03,1.997566096923114642e+01
4.326432643264326572e+01,4.050774191622839680e+03,1.997567607107119869e+01
4.327432743274327720e+01,4.050697146904879901e+03,1.997569114221970565e+01
4.328432843284328868e+01,4.050621107445326743e+03,1.997570618270330201e+01
4.329432943294329306e+01,4.050546123319405524e+03,1.997572119254816414e+01
4.330433043304330454e+01,4.050472245084743008e+03,1.997573617178001726e+01
4.331433143314331602e+01,4.050399523781367407e+03,1.997575112042412471e+01
4.332433243324332750e+01,4.050328010931705649e+03,1.997576603850529864e+01
4.333433343334333898e+01,4.050257758540587474e+03,1.997578092604788935e+01
4.334433443344334336e+01,4.050188819095242252e+03,1.997579578307580306e+01
4.335433543354335484e+01,4.050121245565299432e+03,1.997581060961247346e+01
4.336433643364336632e+01,4.050055091402790367e+03,1.997582540568089726e+01
4.337433743374337780e+01,4.049990410542145582e+03,1.997584017130359513e+01
4.338433843384338928e+01,4.049927257400197959e+03,1.997585490650264717e+01
4.339433943394339366e+01,4.049865686876180007e+03,1.997586961129967520e+01
4.340434043404340514e+01,4.049805754351724772e+03,1.997588428571583563e+01
4.341434143414341662e+01,4.049747515690866294e+03,1.997589892977184078e+01
4.342434243424342810e+01,4.049691027240039602e+03,1.997591354348794113e+01
4.343434343434343958e+01,4.049636345828079811e+03,1.997592812688393238e+01
4.344434443444344396e+01,4.049583528766222571e+03,1.997594267997915551e+01
4.345434543454345544e+01,4.049532633848104979e+03,1.997595720279249321e+01
4.346434643464346692e+01,4.049483719349764215e+03,1.997597169534236983e+01
4.347434743474347840e+01,4.049436844029637996e+03,1.997598615764676211e+01
4.348434843484348988e+01,4.049392067128565031e+03,1.997600058972318493e+01
4.349434943494349426e+01,4.049349448369785023e+03,1.997601499158869842e+01
4.350435043504350574e+01,4.049309047958936844e+03,1.997602936325990797e+01
4.351435143514351722e+01,4.049270926584062181e+03,1.997604370475296420e+01
4.352435243524352870e+01,4.049235145415601437e+03,1.997605801608355236e+01
4.353435343534353308e+01,4.049201766106396917e+03,1.997607229726691713e+01
4.354435443544354456e+01,4.049170850791691009e+03,1.997608654831783426e+01
4.355435543554355604e+01,4.049142462089127093e+03,1.997610076925063183e+01
4.356435643564356752e+01,4.049116663098749086e+03,1.997611496007917964e+01
4.357435743574357900e+01,4.049093517403000988e+03,1.997612912081688918e+01
4.358435843584358338e+01,4.049073089066728244e+03,1.997614325147671721e+01
4.359435943594359486e+01,4.049055442637176839e+03,1.997615735207116572e+01
4.360436043604360634e+01,4.049040643143992838e+03,1.997617142261228196e+01
4.361436143614361782e+01,4.049028756099224211e+03,1.997618546311165488e+01
4.362436243624362930e+01,4.049019847497317642e+03,1.997619947358041870e+01
4.363436343634363368e+01,4.049013983815122174e+03,1.997621345402924931e+01
4.364436443644364516e+01,4.049011232011886932e+03,1.997622740446837497e+01
4.365436543654365664e+01,4.049011659529261578e+03,1.997624132490755500e+01
4.366436643664366812e+01,4.049015334291296767e+03,1.997625521535610105e+01
4.367436743674367960e+01,4.049022324704443236e+03,1.997626907582287004e+01
4.368436843684368398e+01,4.049032699657552712e+03,1.997628290631626058e+01
4.369436943694369546e+01,4.049046528521877462e+03,1.997629670684421654e+01
4.370437043704370694e+01,4.049063881151071200e+03,1.997631047741421995e+01
4.371437143714371842e+01,4.049084827881187266e+03,1.997632421803330871e+01
4.372437243724372991e+01,4.049109439530679538e+03,1.997633792870805181e+01
4.373437343734373428e+01,4.049137787400403340e+03,1.997635160944457056e+01
4.374437443744374576e+01,4.049169943273614535e+03,1.997636526024852799e+01
4.375437543754375724e+01,4.049205979415969523e+03,1.997637888112513238e+01
4.376437643764376872e+01,4.049245968575525239e+03,1.997639247207913726e+01
4.377437743774377310e+01,4.049289983982738704e+03,1.997640603311483432e+01
4.378437843784378458e+01,4.049338099350468838e+03,1.997641956423606757e+01
4.379437943794379606e+01,4.049390077366696914e+03,1.997643306566759591e+01
4.380438043804380754e+01,4.049444061736385720e+03,1.997644653878257870e+01
4.381438143814381903e+01,4.049499686438006393e+03,1.997645998389182864e+01
4.382438243824382340e+01,4.049556896292193869e+03,1.997647340108495939e+01
4.383438343834383488e+01,4.049615636606377848e+03,1.997648679045117248e+01
4.384438443844384636e+01,4.049675853174785516e+03,1.997650015207925378e+01
4.385438543854385784e+01,4.049737492278440186e+03,1.997651348605758415e+01
4.386438643864386933e+01,4.049800500685161751e+03,1.997652679247411811e+01
4.387438743874387370e+01,4.049864825649566683e+03,1.997654007141640875e+01
4.388438843884388518e+01,4.049930414913067580e+03,1.997655332297159347e+01
4.389438943894389666e+01,4.049997216703873164e+03,1.997656654722639402e+01
4.390439043904390815e+01,4.050065179736989649e+03,1.997657974426711647e+01
4.391439143914391963e+01,4.050134253214218461e+03,1.997659291417966188e+01
4.392439243924392400e+01,4.050204386824158519e+03,1.997660605704951209e+01
4.393439343934393548e+01,4.050275530742204410e+03,1.997661917296174039e+01
4.394439443944394696e+01,4.050347635630547757e+03,1.997663226200100439e+01
4.395439543954395845e+01,4.050420652638175852e+03,1.997664532425154960e+01
4.396439643964396993e+01,4.050494533400873024e+03,1.997665835979720583e+01
4.397439743974397430e+01,4.050569230041219726e+03,1.997667136872139437e+01
4.398439843984398578e+01,4.050644695168593444e+03,1.997668435110712082e+01
4.399439943994399727e+01,4.050720881879167337e+03,1.997669730703697866e+01
4.400440044004400875e+01,4.050797743755911597e+03,1.997671023659314571e+01
4.401440144014401312e+01,4.050875234868592088e+03,1.997672313985739123e+01
4.402440244024402460e+01,4.050953309773772162e+03,1.997673601691107237e+01
4.403440344034403608e+01,4.051031923514810842e+03,1.997674886783512704e+01
4.404440444044404757e+01,4.051111031621863276e+03,1.997676169271008106e+01
4.405440544054405905e+01,4.051190590111882557e+03,1.997677449161605523e+01
4.406440644064406342e+01,4.051270555488616083e+03,1.997678726463274756e+01
4.407440744074407490e+01,4.051350884742609651e+03,1.997680001183945109e+01
4.408440844084408639e+01,4.051431535351204275e+03,1.997681273331503959e+01
4.409440944094409787e+01,4.051512465278538002e+03,1.997682542913797832e+01
4.410441044104410935e+01,4.051593632975545006e+03,1.997683809938631683e+01
4.411441144114411372e+01,4.051674997379955585e+03,1.997685074413769257e+01
4.412441244124412520e+01,4.051756517916297526e+03,1.997686336346933089e+01
4.413441344134413669e+01,4.051838154495894287e+03,1.997687595745804146e+01
4.414441444144414817e+01,4.051919867516865452e+03,1.997688852618022537e+01
4.415441544154415965e+01,4.052001617864127638e+03,1.997690106971186452e+01
4.416441644164416402e+01,4.052083366909393590e+03,1.997691358812853579e+01
4.417441744174417551e+01,4.052165076511173083e+03,1.997692608150539684e+01
4.418441844184418699e+01,4.052246709014771568e+03,1.997693854991719320e+01
4.419441944194419847e+01,4.052328227252291526e+03,1.997695099343825831e+01
4.420442044204420995e+01,4.052409594542630657e+03,1.997696341214251703e+01
4.421442144214421432e+01,4.052490774691485058e+03,1.997697580610347146e+01
4.422442244224422581e+01,4.052571731991345587e+03,1.997698817539421867e+01
4.423442344234423729e+01,4.052652431221500592e+03,1.997700052008744365e+01
4.424442444244424877e+01,4.052732837648034092e+03,1.997701284025541213e+01
4.425442544254425314e+01,4.052812917023826685e+03,1.997702513596997775e+01
4.426442644264426463e+01,4.052892635588556004e+03,1.997703740730258914e+01
4.427442744274427611e+01,4.052971960068695353e+03,1.997704965432427215e+01
4.428442844284428759e+01,4.053050857677515523e+03,1.997706187710564052e+01
4.429442944294429907e+01,4.053129296115082070e+03,1.997707407571690652e+01
4.430443044304430344e+01,4.053207243568258946e+03,1.997708625022785256e+01
4.431443144314431493e+01,4.053284668710704409e+03,1.997709840070786314e+01
4.432443244324432641e+01,4.053361540702875573e+03,1.997711052722589997e+01
4.433443344334433789e+01,4.053437829192023401e+03,1.997712262985051623e+01
4.434443444344434937e+01,4.053513504312197711e+03,1.997713470864984941e+01
4.435443544354435375e+01,4.053588536684242627e+03,1.997714676369162845e+01
4.436443644364436523e+01,4.053662897415800671e+03,1.997715879504316305e+01
4.437443744374437671e+01,4.053736558101309129e+03,1.997717080277135437e+01
4.438443844384438819e+01,4.053809490822002772e+03,1.997718278694269145e+01
4.439443944394439967e+01,4.053881668145912954e+03,1.997719474762324410e+01
4.440444044404440405e+01,4.053953063127865789e+03,1.997720668487868068e+01
4.441444144414441553e+01,4.054023649309485791e+03,1.997721859877423967e+01
4.442444244424442701e+01,4.054093400719193141e+03,1.997723048937476520e+01
4.443444344434443849e+01,4.054162291872204150e+03,1.997724235674467508e+01
4.444444444444444997e+01,4.054230297770532616e+03,1.997725420094797855e+01
4.445444544454445435e+01,4.054297393902986641e+03,1.997726602204827628e+01
4.446444644464446583e+01,4.054363556245173640e+03,1.997727782010874265e+01
4.447444744474447731e+01,4.054428761259494877e+03,1.997728959519215763e+01
4.448444844484448879e+01,4.054492985895149559e+03,1.997730134736087138e+01
4.449444944494449317e+01,4.054556207588133020e+03,1.997731307667683254e+01
4.450445044504450465e+01,4.054618404261236719e+03,1.997732478320157057e+01
4.451445144514451613e+01,4.054679554324048695e+03,1.997733646699620635e+01
4.452445244524452761e+01,4.054739636672953566e+03,1.997734812812144156e+01
4.453445344534453909e+01,4.054798630691132530e+03,1.997735976663756929e+01
4.454445444544454347e+01,4.054856516248562457e+03,1.997737138260447409e+01
4.455445544554455495e+01,4.054913273702017705e+03,1.997738297608161417e+01
4.456445644564456643e+01,4.054968883895067847e+03,1.997739454712804985e+01
4.457445744574457791e+01,4.055023328158080403e+03,1.997740609580241866e+01
4.458445844584458939e+01,4.055076588308218106e+03,1.997741762216294958e+01
4.459445944594459377e+01,4.055128646649440725e+03,1.997742912626745593e+01
4.460446044604460525e+01,4.055179485972503699e+03,1.997744060817334244e+01
4.461446144614461673e+01,4.055229089554960410e+03,1.997745206793759110e+01
4.462446244624462821e+01,4.055277441161158549e+03,1.997746350561678241e+01
4.463446344634463969e+01,4.055324525042244659e+03,1.997747492126708124e+01
4.464446444644464407e+01,4.055370325936159134e+03,1.997748631494423321e+01
4.465446544654465555e+01,4.055414829067641676e+03,1.997749768670357540e+01
4.466446644664466703e+01,4.055458020148225387e+03,1.997750903660003274e+01
4.467446744674467851e+01,4.055499885376242673e+03,1.997752036468811454e+01
4.468446844684468999e+01,4.055540411436819795e+03,1.997753167102192151e+01
4.469446944694469437e+01,4.055579585501881866e+03,1.997754295565513516e+01
4.470447044704470585e+01,4.055617395230148304e+03,1.997755421864103198e+01
4.471447144714471733e+01,4.055653828767136019e+03,1.997756546003246569e+01
4.472447244724472881e+01,4.055688874745158500e+03,1.997757667988188501e+01
4.473447344734473319e+01,4.055722522283325361e+03,1.997758787824131943e+01
4.474447444744474467e+01,4.055754760987542795e+03,1.997759905516239698e+01
4.475447544754475615e+01,4.055785580950513122e+03,1.997761021069631582e+01
4.476447644764476763e+01,4.055814972751735240e+03,1.997762134489387265e+01
4.477447744774477911e+01,4.055842927457504629e+03,1.997763245780544850e+01
4.478447844784478349e+01,4.055869436620913348e+03,1.997764354948101584e+01
4.479447944794479497e+01,4.055894492281849580e+03,1.997765461997012437e+01
4.480448044804480645e+01,4.055918086966997635e+03,1.997766566932191878e+01
4.481448144814481793e+01,4.055940213689838856e+03,1.997767669758512454e+01
4.482448244824482941e+01,4.055960865950651169e+03,1.997768770480806211e+01
4.483448344834483379e+01,4.055980037736508166e+03,1.997769869103863272e+01
4.484448444844484527e+01,4.055997723521280477e+03,1.997770965632432905e+01
4.485448544854485675e+01,4.056013918265634402e+03,1.997772060071222455e+01
4.486448644864486823e+01,4.056028617417034184e+03,1.997773152424898413e+01
4.487448744874487971e+01,4.056041816909739282e+03,1.997774242698086056e+01
4.488448844884488409e+01,4.056053513164805281e+03,1.997775330895369450e+01
4.489448944894489557e+01,4.056063703090085255e+03,1.997776417021290385e+01
4.490449044904490705e+01,4.056072384080228403e+03,1.997777501080350859e+01
4.491449144914491853e+01,4.056079554016680049e+03,1.997778583077010239e+01
4.492449244924493001e+01,4.056085211267682098e+03,1.997779663015687390e+01
4.493449344934493439e+01,4.056089354688272579e+03,1.997780740900759966e+01
4.494449444944494587e+01,4.056091983620287010e+03,1.997781816736563343e+01
4.495449544954495735e+01,4.056093097892356127e+03,1.997782890527392752e+01
4.496449644964496883e+01,4.056092697819907244e+03,1.997783962277501502e+01
4.497449744974497321e+01,4.056090784205165164e+03,1.997785031991102045e+01
4.498449844984498469e+01,4.056087358337149908e+03,1.997786099672364557e+01
4.499449944994499617e+01,4.056082421991678530e+03,1.997787165325419068e+01
4.500450045004500765e+01,4.056075977431364663e+03,1.997788228954354040e+01
4.501450145014501913e+01,4.056068027405618068e+03,1.997789290563215658e+01
4.502450245024502351e+01,4.056058575150644629e+03,1.997790350156010319e+01
4.503450345034503499e+01,4.056047624389447719e+03,1.997791407736702141e+01
4.504450445044504647e+01,4.056035179331825930e+03,1.997792463309214384e+01
4.505450545054505795e+01,4.056021244674374884e+03,1.997793516877428033e+01
4.506450645064506944e+01,4.056005825600486787e+03,1.997794568445184638e+01
4.507450745074507381e+01,4.055988927780349968e+03,1.997795618016282759e+01
4.508450845084508529e+01,4.055970557370949336e+03,1.997796665594480103e+01
4.509450945094509677e+01,4.055950721016065927e+03,1.997797711183493519e+01
4.510451045104510825e+01,4.055929425846277809e+03,1.997798754786998643e+01
4.511451145114511974e+01,4.055906679478959177e+03,1.997799796408628836e+01
4.512451245124512411e+01,4.055882490018280805e+03,1.997800836051976958e+01
4.513451345134513559e+01,4.055856866055209139e+03,1.997801873720594656e+01
4.514451445144514707e+01,4.055829816667507657e+03,1.997802909417991657e+01
4.515451545154515856e+01,4.055801351419737330e+03,1.997803943147637185e+01
4.516451645164517004e+01,4.055771480363253431e+03,1.997804974912958187e+01
4.517451745174517441e+01,4.055740214036209181e+03,1.997806004717341466e+01
4.518451845184518589e+01,4.055707563463553470e+03,1.997807032564131546e+01
4.519451945194519737e+01,4.055673540157032221e+03,1.997808058456631741e+01
4.520452045204520886e+01,4.055638156115187485e+03,1.997809082398104863e+01
4.521452145214521323e+01,4.055601423823358346e+03,1.997810104391771802e+01
4.522452245224522471e+01,4.055563356253678648e+03,1.997811124440812236e+01
4.523452345234523619e+01,4.055523966865080638e+03,1.997812142548364633e+01
4.524452445244524768e+01,4.055483269603291774e+03,1.997813158717525894e+01
4.525452545254525916e+01,4.055441278900836096e+03,1.997814172951351708e+01
4.526452645264526353e+01,4.055398009677035134e+03,1.997815185252857262e+01
4.527452745274527501e+01,4.055353477338005177e+03,1.997816195625015112e+01
4.528452845284528649e+01,4.055307697776660461e+03,1.997817204070757313e+01
4.529452945294529798e+01,4.055260687372709981e+03,1.997818210592974708e+01
4.530453045304530946e+01,4.055212462992661585e+03,1.997819215194516573e+01
4.531453145314531383e+01,4.055163041989816975e+03,1.997820217878190974e+01
4.532453245324532531e+01,4.055112442204275794e+03,1.997821218646764052e+01
4.533453345334533680e+01,4.055060681962934268e+03,1.997822217502962161e+01
4.534453445344534828e+01,4.055007780079483837e+03,1.997823214449469020e+01
4.535453545354535976e+01,4.054953755854413430e+03,1.997824209488927139e+01
4.536453645364536413e+01,4.054898629075008103e+03,1.997825202623938523e+01
4.537453745374537561e+01,4.054842420015349489e+03,1.997826193857063259e+01
4.538453845384538710e+01,4.054785149436315351e+03,1.997827183190820222e+01
4.539453945394539858e+01,4.054726838585580026e+03,1.997828170627687072e+01
4.540454045404541006e+01,4.054667509197614436e+03,1.997829156170100262e+01
4.541454145414541443e+01,4.054607183493685170e+03,1.997830139820454676e+01
4.542454245424542592e+01,4.054545884181856763e+03,1.997831121581104341e+01
4.543454345434543740e+01,4.054483634456988966e+03,1.997832101454361364e+01
4.544454445444544888e+01,4.054420458000738563e+03,1.997833079442497350e+01
4.545454545454545325e+01,4.054356378981557555e+03,1.997834055547741627e+01
4.546454645464546473e+01,4.054291422054696341e+03,1.997835029772283022e+01
4.547454745474547622e+01,4.054225612362200536e+03,1.997836002118268794e+01
4.548454845484548770e+01,4.054158975532912336e+03,1.997836972587804993e+01
4.549454945494549918e+01,4.054091537682470062e+03,1.997837941182956456e+01
4.550455045504550355e+01,4.054023325413309067e+03,1.997838907905745742e+01
4.551455145514551504e+01,4.053954365814661287e+03,1.997839872758155977e+01
4.552455245524552652e+01,4.053884686462554328e+03,1.997840835742127297e+01
4.553455345534553800e+01,4.053814315419812829e+03,1.997841796859559338e+01
4.554455445544554948e+01,4.053743281236057555e+03,1.997842756112310170e+01
4.555455545554555385e+01,4.053671612947705853e+03,1.997843713502196650e+01
4.556455645564556534e+01,4.053599340077971647e+03,1.997844669030994780e+01
4.557455745574557682e+01,4.053526492636864532e+03,1.997845622700438284e+01
4.558455845584558830e+01,4.053453101121192049e+03,1.997846574512220741e+01
4.559455945594559978e+01,4.053379196514556043e+03,1.997847524467993452e+01
4.560456045604560416e+01,4.053304810287357213e+03,1.997848472569366862e+01
4.561456145614561564e+01,4.053229974396790567e+03,1.997849418817909850e+01
4.562456245624562712e+01,4.053154721286849053e+03,1.997850363215150793e+01
4.563456345634563860e+01,4.053079083888320838e+03,1.997851305762575436e+01
4.564456445644565008e+01,4.053003095618791576e+03,1.997852246461629733e+01
4.565456545654565446e+01,4.052926790382643048e+03,1.997853185313717361e+01
4.566456645664566594e+01,4.052850202571053160e+03,1.997854122320200787e+01
4.567456745674567742e+01,4.052773367061996396e+03,1.997855057482401264e+01
4.568456845684568890e+01,4.052696319220243367e+03,1.997855990801598836e+01
4.569456945694569328e+01,4.052619094897362629e+03,1.997856922279032332e+01
4.570457045704570476e+01,4.052541730431716587e+03,1.997857851915899019e+01
4.571457145714571624e+01,4.052464262648466047e+03,1.997858779713355304e+01
4.572457245724572772e+01,4.052386728859568393e+03,1.997859705672515673e+01
4.573457345734573920e+01,4.052309166863775772e+03,1.997860629794454113e+01
4.574457445744574358e+01,4.052231614946638274e+03,1.997861552080202330e+01
4.575457545754575506e+01,4.052154111880501659e+03,1.997862472530751177e+01
4.576457645764576654e+01,4.052076696924508269e+03,1.997863391147051004e+01
4.577457745774577802e+01,4.051999409824597478e+03,1.997864307930009531e+01
4.578457845784578950e+01,4.051922290813504333e+03,1.997865222880493974e+01
4.579457945794579388e+01,4.051845380610760458e+03,1.997866135999330339e+01
4.580458045804580536e+01,4.051768720422694059e+03,1.997867047287302356e+01
4.581458145814581684e+01,4.051692351942429923e+03,1.997867956745153961e+01
4.582458245824582832e+01,4.051616317349888504e+03,1.997868864373586462e+01
4.583458345834583980e+01,4.051540659311788204e+03,1.997869770173260662e+01
4.584458445844584418e+01,4.051465420981642637e+03,1.997870674144795800e+01
4.585458545854585566e+01,4.051390645999761546e+03,1.997871576288769901e+01
4.586458645864586714e+01,4.051316378493252159e+03,1.997872476605719427e+01
4.587458745874587862e+01,4.051242663076018289e+03,1.997873375096139625e+01
4.588458845884589010e+01,4.051169544848758505e+03,1.997874271760484888e+01
4.589458945894589448e+01,4.051097069398969325e+03,1.997875166599167684e+01
4.590459045904590596e+01,4.051025282800943842e+03,1.997876059612559629e+01
4.591459145914591744e+01,4.050954231615769913e+03,1.997876950800991125e+01
4.592459245924592892e+01,4.050883962891333795e+03,1.997877840164750651e+01
4.593459345934593330e+01,4.050814524162317412e+03,1.997878727704085833e+01
4.594459445944594478e+01,4.050745963450198360e+03,1.997879613419203082e+01
4.595459545954595626e+01,4.050678329263251271e+03,1.997880497310267245e+01
4.596459645964596774e+01,4.050611670596548265e+03,1.997881379377402311e+01
4.597459745974597922e+01,4.050546036931955769e+03,1.997882259620690348e+01
4.598459845984598360e+01,4.050481478238138607e+03,1.997883138040172213e+01
4.599459945994599508e+01,4.050418044970556821e+03,1.997884014635848260e+01
4.600460046004600656e+01,4.050355788071467487e+03,1.997884889407676923e+01
4.601460146014601804e+01,4.050294758969923805e+03,1.997885762355575068e+01
4.602460246024602952e+01,4.050235009581775557e+03,1.997886633479418350e+01
4.603460346034603390e+01,4.050176592309669104e+03,1.997887502779041924e+01
4.604460446044604538e+01,4.050119560043046476e+03,1.997888370254239021e+01
4.605460546054605686e+01,4.050063966158147196e+03,1.997889235904761307e+01
4.606460646064606834e+01,4.050009864518006452e+03,1.997890099730319946e+01
4.607460746074607982e+01,4.049957309472456473e+03,1.997890961730583825e+01
4.608460846084608420e+01,4.049906355858125607e+03,1.997891821905181331e+01
4.609460946094609568e+01,4.049857058998438333e+03,1.997892680253699282e+01
4.610461046104610716e+01,4.049809474703615706e+03,1.997893536775682932e+01
4.611461146114611864e+01,4.049763659270676271e+03,1.997894391470637032e+01
4.612461246124613012e+01,4.049719669483433336e+03,1.997895244338024057e+01
4.613461346134613450e+01,4.049677562612497695e+03,1.997896095377265624e+01
4.614461446144614598e+01,4.049637396415276271e+03,1.997896944587742141e+01
4.615461546154615746e+01,4.049599229135972109e+03,1.997897791968792802e+01
4.616461646164616894e+01,4.049563119505585746e+03,1.997898637519715237e+01
4.617461746174618042e+01,4.049529126741912933e+03,1.997899481239765507e+01
4.618461846184618480e+01,4.049497310549546910e+03,1.997900323128159172e+01
4.619461946194619628e+01,4.049467731119875680e+03,1.997901163184070228e+01
4.620462046204620776e+01,4.049440449131086098e+03,1.997902001406630745e+01
4.621462146214621924e+01,4.049415525748159325e+03,1.997902837794931941e+01
4.622462246224622362e+01,4.049393022622874014e+03,1.997903672348024173e+01
4.623462346234623510e+01,4.049373001893805395e+03,1.997904505064915881e+01
4.624462446244624658e+01,4.049355526186324369e+03,1.997905335944574290e+01
4.625462546254625806e+01,4.049340658612598872e+03,1.997906164985925415e+01
4.626462646264626954e+01,4.049328462771592967e+03,1.997906992187854414e+01
4.627462746274627392e+01,4.049319002749066840e+03,1.997907817549204168e+01
4.628462846284628540e+01,4.049312343117578621e+03,1.997908641068777413e+01
4.629462946294629688e+01,4.049308548936480747e+03,1.997909462745334253e+01
4.630463046304630836e+01,4.049307685751923600e+03,1.997910282577594998e+01
4.631463146314631985e+01,4.049309819596853686e+03,1.997911100564237685e+01
4.632463246324632422e+01,4.049315016991013181e+03,1.997911916703899138e+01
4.633463346334633570e+01,4.049323344940942206e+03,1.997912730995174968e+01
4.634463446344634718e+01,4.049334870939975644e+03,1.997913543436619932e+01
4.635463546354635866e+01,4.049349662968245866e+03,1.997914354026746508e+01
4.636463646364637015e+01,4.049367789492681368e+03,1.997915162764027031e+01
4.637463746374637452e+01,4.049389319467007226e+03,1.997915969646891554e+01
4.638463846384638600e+01,4.049414322331744643e+03,1.997916774673729634e+01
4.639463946394639748e+01,4.049442868014211399e+03,1.997917577842888548e+01
4.640464046404640897e+01,4.049475026928522311e+03,1.997918379152675428e+01
4.641464146414642045e+01,4.049510869975586957e+03,1.997919178601355483e+01
4.642464246424642482e+01,4.049550468543113766e+03,1.997919976187152713e+01
4.643464346434643630e+01,4.049593894505605476e+03,1.997920771908249549e+01
4.644464446444644778e+01,4.049640616288515503e+03,1.997921565806159805e+01
4.645464546454645927e+01,4.049688794922702527e+03,1.997922358016107225e+01
4.646464646464646364e+01,4.049738256619854383e+03,1.997923148553534034e+01
4.647464746474647512e+01,4.049788956189255259e+03,1.997923937424636875e+01
4.648464846484648660e+01,4.049840848847349662e+03,1.997924724635580063e+01
4.649464946494649809e+01,4.049893890217739227e+03,1.997925510192493803e+01
4.650465046504650957e+01,4.049948036331186813e+03,1.997926294101475975e+01
4.651465146514651394e+01,4.050003243625612868e+03,1.997927076368591770e+01
4.652465246524652542e+01,4.050059468946096786e+03,1.997927856999872276e+01
4.653465346534653690e+01,4.050116669544878278e+03,1.997928636001316605e+01
4.654465446544654839e+01,4.050174803081354639e+03,1.997929413378890118e+01
4.655465546554655987e+01,4.050233827622083027e+03,1.997930189138525492e+01
4.656465646564656424e+01,4.050293701640779545e+03,1.997930963286122363e+01
4.657465746574657572e+01,4.050354384018318797e+03,1.997931735827547328e+01
4.658465846584658721e+01,4.050415834042735241e+03,1.997932506768633942e+01
4.659465946594659869e+01,4.050478011409222290e+03,1.997933276115182721e+01
4.660466046604661017e+01,4.050540876220131395e+03,1.997934043872961496e+01
4.661466146614661454e+01,4.050604388984973866e+03,1.997934810047703991e+01
4.662466246624662602e+01,4.050668510620420420e+03,1.997935574645112311e+01
4.663466346634663751e+01,4.050733202450299814e+03,1.997936337670854456e+01
4.664466446644664899e+01,4.050798426205600208e+03,1.997937099130566452e+01
4.665466546654666047e+01,4.050864144024469624e+03,1.997937859029849861e+01
4.666466646664666484e+01,4.050930318452213669e+03,1.997938617374274628e+01
4.667466746674667633e+01,4.050996912441297809e+03,1.997939374169376947e+01
4.668466846684668781e+01,4.051063889351346916e+03,1.997940129420659972e+01
4.669466946694669929e+01,4.051131212949144356e+03,1.997940883133593815e+01
4.670467046704670366e+01,4.051198847408631991e+03,1.997941635313616260e+01
4.671467146714671514e+01,4.051266757310911999e+03,1.997942385966131340e+01
4.672467246724672663e+01,4.051334907644245050e+03,1.997943135096510048e+01
4.673467346734673811e+01,4.051403263804050312e+03,1.997943882710090691e+01
4.674467446744674959e+01,4.051471791592906357e+03,1.997944628812178181e+01
4.675467546754675396e+01,4.051540457220550707e+03,1.997945373408045100e+01
4.676467646764676545e+01,4.051609227303880743e+03,1.997946116502930280e+01
4.677467746774677693e+01,4.051678068866951890e+03,1.997946858102039869e+01
4.678467846784678841e+01,4.051746949340978972e+03,1.997947598210546971e+01
4.679467946794679989e+01,4.051815836564335768e+03,1.997948336833591654e+01
4.680468046804680426e+01,4.051884698782554551e+03,1.997949073976280587e+01
4.681468146814681575e+01,4.051953504648328362e+03,1.997949809643688113e+01
4.682468246824682723e+01,4.052022223221506920e+03,1.997950543840854820e+01
4.683468346834683871e+01,4.052090823969100711e+03,1.997951276572789325e+01
4.684468446844685019e+01,4.052159276765279174e+03,1.997952007844465783e+01
4.685468546854685457e+01,4.052227551891369330e+03,1.997952737660826372e+01
4.686468646864686605e+01,4.052295620035858974e+03,1.997953466026779878e+01
4.687468746874687753e+01,4.052363452294394392e+03,1.997954192947202046e+01
4.688468846884688901e+01,4.052431020169779913e+03,1.997954918426936288e+01
4.689468946894690049e+01,4.052498295571980179e+03,1.997955642470791560e+01
4.690469046904690487e+01,4.052565250818118329e+03,1.997956365083545194e+01
4.691469146914691635e+01,4.052631858632476451e+03,1.997957086269940419e+01
4.692469246924692783e+01,4.052698092146496037e+03,1.997957806034688488e+01
4.693469346934693931e+01,4.052763924898777077e+03,1.997958524382466550e+01
4.694469446944694369e+01,4.052829330835079418e+03,1.997959241317919776e+01
4.695469546954695517e+01,4.052894284308320948e+03,1.997959956845659235e+01
4.696469646964696665e+01,4.052958760078579417e+03,1.997960670970264019e+01
4.697469746974697813e+01,4.053022733313091067e+03,1.997961383696279469e+01
4.698469846984698961e+01,4.053086179586251546e+03,1.997962095028218243e+01
4.699469946994699399e+01,4.053149074879615000e+03,1.997962804970559958e+01
4.700470047004700547e+01,4.053211395581895431e+03,1.997963513527750834e+01
4.701470147014701695e+01,4.053273118488964883e+03,1.997964220704204763e+01
4.702470247024702843e+01,4.053334220803855715e+03,1.997964926504301530e+01
4.703470347034703991e+01,4.053394680136757870e+03,1.997965630932389303e+01
4.704470447044704429e+01,4.053454474505021608e+03,1.997966333992781784e+01
4.705470547054705577e+01,4.053513582333155227e+03,1.997967035689761062e+01
4.706470647064706725e+01,4.053571982452826887e+03,1.997967736027575114e+01
4.707470747074707873e+01,4.053629654102863242e+03,1.997968435010439237e+01
4.708470847084709021e+01,4.053686576929249895e+03,1.997969132642535683e+01
4.709470947094709459e+01,4.053742730985131857e+03,1.997969828928014024e+01
4.710471047104710607e+01,4.053798096730813086e+03,1.997970523870990434e+01
4.711471147114711755e+01,4.053852655033756037e+03,1.997971217475548045e+01
4.712471247124712903e+01,4.053906387168583478e+03,1.997971909745736951e+01
4.713471347134714051e+01,4.053959274817076221e+03,1.997972600685574562e+01
4.714471447144714489e+01,4.054011300068174023e+03,1.997973290299044891e+01
4.715471547154715637e+01,4.054062445417976051e+03,1.997973978590099264e+01
4.716471647164716785e+01,4.054112693769740872e+03,1.997974665562655616e+01
4.717471747174717933e+01,4.054162028433884643e+03,1.997975351220598839e+01
4.718471847184718371e+01,4.054210433127984288e+03,1.997976035567781139e+01
4.719471947194719519e+01,4.054257891976775227e+03,1.997976718608022040e+01
4.720472047204720667e+01,4.054304389512150919e+03,1.997977400345106602e+01
4.721472147214721815e+01,4.054349910673165596e+03,1.997978080782788624e+01
4.722472247224722963e+01,4.054394440806030616e+03,1.997978759924787795e+01
4.723472347234723401e+01,4.054437965664118110e+03,1.997979437774791123e+01
4.724472447244724549e+01,4.054480471407958248e+03,1.997980114336452218e+01
4.725472547254725697e+01,4.054521944605240606e+03,1.997980789613392005e+01
4.726472647264726845e+01,4.054562372230813253e+03,1.997981463609198727e+01
4.727472747274727993e+01,4.054601741666683665e+03,1.997982136327426872e+01
4.728472847284728431e+01,4.054640040702018723e+03,1.997982807771598601e+01
4.729472947294729579e+01,4.054677257533144257e+03,1.997983477945201969e+01
4.730473047304730727e+01,4.054713380763544137e+03,1.997984146851693765e+01
4.731473147314731875e+01,4.054748399403862550e+03,1.997984814494495609e+01
4.732473247324733023e+01,4.054782302871901720e+03,1.997985480876998210e+01
4.733473347334733461e+01,4.054815080992624189e+03,1.997986146002557462e+01
4.734473447344734609e+01,4.054846723998150082e+03,1.997986809874497638e+01
4.735473547354735757e+01,4.054877222527758931e+03,1.997987472496108907e+01
4.736473647364736905e+01,4.054906567627890126e+03,1.997988133870649463e+01
4.737473747374738053e+01,4.054934750752141554e+03,1.997988794001343038e+01
4.738473847384738491e+01,4.054961763761269594e+03,1.997989452891381745e+01
4.739473947394739639e+01,4.054987598923190490e+03,1.997990110543924303e+01
4.740474047404740787e+01,4.055012248912979430e+03,1.997990766962095677e+01
4.741474147414741935e+01,4.055035706812870103e+03,1.997991422148988505e+01
4.742474247424742373e+01,4.055057966112255599e+03,1.997992076107662740e+01
4.743474347434743521e+01,4.055079020707687960e+03,1.997992728841144228e+01
4.744474447444744669e+01,4.055098864902878177e+03,1.997993380352426485e+01
4.745474547454745817e+01,4.055117493408696646e+03,1.997994030644469987e+01
4.746474647464746965e+01,4.055134901343172260e+03,1.997994679720202171e+01
4.747474747474747403e+01,4.055151084231493769e+03,1.997995327582517433e+01
4.748474847484748551e+01,4.055166038006007966e+03,1.997995974234276773e+01
4.749474947494749699e+01,4.055179759006221047e+03,1.997996619678308505e+01
4.750475047504750847e+01,4.055192243978799070e+03,1.997997263917408262e+01
4.751475147514751995e+01,4.055203490077565220e+03,1.997997906954337921e+01
4.752475247524752433e+01,4.055213494863503911e+03,1.997998548791827034e+01
4.753475347534753581e+01,4.055222256304756684e+03,1.997999189432571399e+01
4.754475447544754729e+01,4.055229772776625850e+03,1.997999828879234130e+01
4.755475547554755877e+01,4.055236043061571763e+03,1.998000467134446012e+01
4.756475647564757026e+01,4.055241066349213270e+03,1.998001104200803368e+01
4.757475747574757463e+01,4.055244842236329532e+03,1.998001740080870903e+01
4.758475847584758611e+01,4.055247370726858207e+03,1.998002374777179213e+01
4.759475947594759759e+01,4.055248652231895448e+03,1.998003008292226568e+01
4.760476047604760907e+01,4.055248687569697267e+03,1.998003640628477839e+01
4.761476147614762056e+01,4.055247477965678627e+03,1.998004271788365216e+01
4.762476247624762493e+01,4.055245025052412529e+03,1.998004901774287490e+01
4.763476347634763641e+01,4.055241330869632748e+03,1.998005530588610767e+01
4.764476447644764789e+01,4.055236397864230184e+03,1.998006158233667762e+01
4.765476547654765938e+01,4.055230228890256058e+03,1.998006784711758499e+01
4.766476647664766375e+01,4.055222827208920080e+03,1.998007410025149611e+01
4.767476747674767523e+01,4.055214196488591369e+03,1.998008034176075398e+01
4.768476847684768671e+01,4.055204340804797994e+03,1.998008657166736057e+01
4.769476947694769819e+01,4.055193264640226971e+03,1.998009278999299809e+01
4.770477047704770968e+01,4.055180972884723815e+03,1.998009899675901480e+01
4.771477147714771405e+01,4.055167470835294353e+03,1.998010519198642498e+01
4.772477247724772553e+01,4.055152764196101998e+03,1.998011137569591611e+01
4.773477347734773701e+01,4.055136859078470025e+03,1.998011754790784522e+01
4.774477447744774850e+01,4.055119762000880655e+03,1.998012370864224252e+01
4.775477547754775998e+01,4.055101479888975518e+03,1.998012985791880070e+01
4.776477647764776435e+01,4.055082020075554283e+03,1.998013599575688559e+01
4.777477747774777583e+01,4.055061390300576477e+03,1.998014212217553265e+01
4.778477847784778731e+01,4.055039598711160124e+03,1.998014823719345046e+01
4.779477947794779880e+01,4.055016653861583109e+03,1.998015434082901365e+01
4.780478047804781028e+01,4.054992564713281354e+03,1.998016043310026646e+01
4.781478147814781465e+01,4.054967340634850189e+03,1.998016651402492627e+01
4.782478247824782613e+01,4.054940991402044801e+03,1.998017258362036941e+01
4.783478347834783762e+01,4.054913527197777967e+03,1.998017864190365955e+01
4.784478447844784910e+01,4.054884958612122318e+03,1.998018468889151933e+01
4.785478547854786058e+01,4.054855296642309440e+03,1.998019072460033740e+01
4.786478647864786495e+01,4.054824552692730322e+03,1.998019674904618270e+01
4.787478747874787643e+01,4.054792738574933992e+03,1.998020276224478664e+01
4.788478847884788792e+01,4.054759866507629340e+03,1.998020876421155023e+01
4.789478947894789940e+01,4.054725949116684660e+03,1.998021475496155119e+01
4.790479047904790377e+01,4.054690999435125377e+03,1.998022073450952618e+01
4.791479147914791525e+01,4.054655030903138595e+03,1.998022670286989211e+01
4.792479247924792674e+01,4.054618057368068548e+03,1.998023266005672838e+01
4.793479347934793822e+01,4.054580093084418877e+03,1.998023860608379110e+01
4.794479447944794970e+01,4.054541152713852625e+03,1.998024454096449887e+01
4.795479547954795407e+01,4.054501251325191788e+03,1.998025046471193988e+01
4.796479647964796555e+01,4.054460404394416855e+03,1.998025637733888260e+01
4.797479747974797704e+01,4.054418627804668631e+03,1.998026227885775086e+01
4.798479847984798852e+01,4.054375937846245961e+03,1.998026816928064875e+01
4.799479947994800000e+01,4.054332351216606185e+03,1.998027404861934642e+01
4.800480048004800437e+01,4.054287885020366957e+03,1.998027991688528360e+01
4.801480148014801586e+01,4.054242556769304429e+03,1.998028577408957318e+01
4.802480248024802734e+01,4.054196384382353699e+03,1.998029162024298699e+01
4.803480348034803882e+01,4.054149386185608819e+03,1.998029745535598423e+01
4.804480448044805030e+01,4.054101580912322788e+03,1.998030327943867590e+01
4.805480548054805467e+01,4.054052987702908467e+03,1.998030909250085685e+01
4.806480648064806616e+01,4.054003626104936757e+03,1.998031489455198084e+01
4.807480748074807764e+01,4.053953516073138417e+03,1.998032068560117835e+01
4.808480848084808912e+01,4.053902677969401793e+03,1.998032646565724946e+01
4.809480948094810060e+01,4.053851132562776456e+03,1.998033223472865672e+01
4.810481048104810498e+01,4.053798901029469562e+03,1.998033799282354650e+01
4.811481148114811646e+01,4.053746004952847215e+03,1.998034373994971702e+01
4.812481248124812794e+01,4.053692466323434928e+03,1.998034947611465029e+01
4.813481348134813942e+01,4.053638307538917616e+03,1.998035520132549436e+01
4.814481448144814379e+01,4.053583551404138689e+03,1.998036091558905980e+01
4.815481548154815528e+01,4.053528221131100963e+03,1.998036661891184096e+01
4.816481648164816676e+01,4.053472340338965751e+03,1.998037231129998759e+01
4.817481748174817824e+01,4.053415933054053767e+03,1.998037799275932969e+01
4.818481848184818972e+01,4.053359023709844678e+03,1.998038366329535975e+01
4.819481948194819410e+01,4.053301637146978010e+03,1.998038932291324343e+01
4.820482048204820558e+01,4.053243798613250419e+03,1.998039497161781952e+01
4.821482148214821706e+01,4.053185533763619333e+03,1.998040060941358931e+01
4.822482248224822854e+01,4.053126868660200671e+03,1.998040623630473078e+01
4.823482348234824002e+01,4.053067829772269306e+03,1.998041185229508443e+01
4.824482448244824440e+01,4.053008443976259059e+03,1.998041745738816388e+01
4.825482548254825588e+01,4.052948738555763157e+03,1.998042305158715948e+01
4.826482648264826736e+01,4.052888741201533321e+03,1.998042863489491694e+01
4.827482748274827884e+01,4.052828480011480224e+03,1.998043420731396580e+01
4.828482848284829032e+01,4.052767983490674851e+03,1.998043976884649808e+01
4.829482948294829470e+01,4.052707280551345775e+03,1.998044531949437186e+01
4.830483048304830618e+01,4.052646400512880973e+03,1.998045085925912545e+01
4.831483148314831766e+01,4.052585373101828282e+03,1.998045638814195968e+01
4.832483248324832914e+01,4.052524228451893123e+03,1.998046190614374495e+01
4.833483348334834062e+01,4.052462997103941234e+03,1.998046741326502840e+01
4.834483448344834500e+01,4.052401710005996847e+03,1.998047290950601251e+01
4.835483548354835648e+01,4.052340398513243599e+03,1.998047839486658717e+01
4.836483648364836796e+01,4.052279094388023168e+03,1.998048386934629761e+01
4.837483748374837944e+01,4.052217829799837091e+03,1.998048933294436935e+01
4.838483848384838382e+01,4.052156637325346310e+03,1.998049478565969039e+01
4.839483948394839530e+01,4.052095549948369808e+03,1.998050022749082189e+01
4.840484048404840678e+01,4.052034601059886427e+03,1.998050565843599458e+01
4.841484148414841826e+01,4.051973824458033505e+03,1.998051107849310526e+01
4.842484248424842974e+01,4.051913254348107330e+03,1.998051648765973098e+01
4.843484348434843412e+01,4.051852925342564504e+03,1.998052188593310063e+01
4.844484448444844560e+01,4.051792872461018305e+03,1.998052727331013401e+01
4.845484548454845708e+01,4.051733131130243692e+03,1.998053264978740273e+01
4.846484648464846856e+01,4.051673737184172296e+03,1.998053801536115870e+01
4.847484748474848004e+01,4.051614726863896522e+03,1.998054337002731629e+01
4.848484848484848442e+01,4.051556136817667266e+03,1.998054871378147013e+01
4.849484948494849590e+01,4.051498004100893468e+03,1.998055404661887380e+01
4.850485048504850738e+01,4.051440366176145290e+03,1.998055936853445402e+01
4.851485148514851886e+01,4.051383260913149570e+03,1.998056467952281423e+01
4.852485248524853034e+01,4.051326726588793463e+03,1.998056997957821679e+01
4.853485348534853472e+01,4.051270801887123525e+03,1.998057526869459721e+01
4.854485448544854620e+01,4.051215525899343902e+03,1.998058054686556417e+01
4.855485548554855768e+01,4.051160938123819051e+03,1.998058581408439593e+01
4.856485648564856916e+01,4.051107078466071926e+03,1.998059107034403681e+01
4.857485748574858064e+01,4.051053987238784885e+03,1.998059631563710070e+01
4.858485848584858502e+01,4.051001705161798782e+03,1.998060154995587823e+01
4.859485948594859650e+01,4.050950273362113876e+03,1.998060677329232249e+01
4.860486048604860798e+01,4.050899733373889831e+03,1.998061198563805618e+01
4.861486148614861946e+01,4.050850127138443895e+03,1.998061718698437517e+01
4.862486248624862384e+01,4.050801497004254088e+03,1.998062237732224844e+01
4.863486348634863532e+01,4.050753885726956923e+03,1.998062755664230750e+01
4.864486448644864680e+01,4.050707336469346956e+03,1.998063272493485343e+01
4.865486548654865828e+01,4.050661892801379054e+03,1.998063788218986403e+01
4.866486648664866976e+01,4.050617598700166582e+03,1.998064302839698314e+01
4.867486748674867414e+01,4.050574498549982309e+03,1.998064816354552065e+01
4.868486848684868562e+01,4.050532637142257045e+03,1.998065328762446669e+01
4.869486948694869710e+01,4.050492059675581913e+03,1.998065840062246679e+01
4.870487048704870858e+01,4.050452811755706080e+03,1.998066350252784318e+01
4.871487148714872006e+01,4.050414939395538568e+03,1.998066859332859480e+01
4.872487248724872444e+01,4.050378489015146442e+03,1.998067367301238306e+01
4.873487348734873592e+01,4.050343507441757083e+03,1.998067874156653545e+01
4.874487448744874740e+01,4.050310041909755455e+03,1.998068379897805613e+01
4.875487548754875888e+01,4.050278140060686837e+03,1.998068884523361533e+01
4.876487648764877036e+01,4.050247849943254550e+03,1.998069388031955285e+01
4.877487748774877474e+01,4.050219220013322229e+03,1.998069890422188521e+01
4.878487848784878622e+01,4.050192299133910637e+03,1.998070391692628789e+01
4.879487948794879770e+01,4.050167136575201312e+03,1.998070891841811303e+01
4.880488048804880918e+01,4.050143782014534281e+03,1.998071390868238240e+01
4.881488148814882067e+01,4.050122285536408071e+03,1.998071888770378379e+01
4.882488248824882504e+01,4.050102697632481068e+03,1.998072385546667817e+01
4.883488348834883652e+01,4.050085069201569695e+03,1.998072881195509254e+01
4.884488448844884800e+01,4.050069451549650694e+03,1.998073375715273059e+01
4.885488548854885948e+01,4.050055896389858844e+03,1.998073869104295852e+01
4.886488648864886386e+01,4.050044455842488333e+03,1.998074361360881213e+01
4.887488748874887534e+01,4.050035182434991839e+03,1.998074852483300390e+01
4.888488848884888682e+01,4.050028129101982813e+03,1.998075342469791238e+01
4.889488948894889830e+01,4.050023349185230927e+03,1.998075831318558571e+01
4.890489048904890979e+01,4.050020896433667531e+03,1.998076319027773806e+01
4.891489148914891416e+01,4.050020825003382015e+03,1.998076805595575678e+01
4.892489248924892564e+01,4.050023189457621811e+03,1.998077291020070234e+01
4.893489348934893712e+01,4.050028044766795119e+03,1.998077775299330128e+01
4.894489448944894860e+01,4.050035446308467726e+03,1.998078258431394971e+01
4.895489548954896009e+01,4.050045449867365733e+03,1.998078740414271692e+01
4.896489648964896446e+01,4.050058111635372825e+03,1.998079221245933113e+01
4.897489748974897594e+01,4.050073488211533459e+03,1.998079700924320434e+01
4.898489848984898742e+01,4.050091636602049221e+03,1.998080179447341465e+01
4.899489948994899891e+01,4.050112614220282921e+03,1.998080656812869904e+01
4.900490049004901039e+01,4.050136478886754048e+03,1.998081133018748190e+01
4.901490149014901476e+01,4.050163288829142402e+03,1.998081608062784298e+01
4.902490249024902624e+01,4.050193102682287190e+03,1.998082081942753874e+01
4.903490349034903772e+01,4.050225979488186113e+03,1.998082554656399168e+01
4.904490449044904921e+01,4.050261962080866397e+03,1.998083026202639090e+01
4.905490549054906069e+01,4.050299920802243832e+03,1.998083496665656611e+01
4.906490649064906506e+01,4.050339112481222401e+03,1.998083966101280851e+01
4.907490749074907654e+01,4.050379496955140439e+03,1.998084434514129271e+01
4.908490849084908803e+01,4.050421034409555887e+03,1.998084901908791622e+01
4.909490949094909951e+01,4.050463685378249011e+03,1.998085368289831010e+01
4.910491049104910388e+01,4.050507410743217861e+03,1.998085833661782829e+01
4.911491149114911536e+01,4.050552171734681906e+03,1.998086298029156538e+01
4.912491249124912684e+01,4.050597929931081580e+03,1.998086761396433531e+01
4.913491349134913833e+01,4.050644647259076464e+03,1.998087223768067844e+01
4.914491449144914981e+01,4.050692285993547557e+03,1.998087685148487580e+01
4.915491549154915418e+01,4.050740808757594095e+03,1.998088145542092775e+01
4.916491649164916566e+01,4.050790178522538554e+03,1.998088604953256819e+01
4.917491749174917715e+01,4.050840358607921189e+03,1.998089063386325748e+01
4.918491849184918863e+01,4.050891312681503678e+03,1.998089520845618594e+01
4.919491949194920011e+01,4.050943004759268206e+03,1.998089977335427037e+01
4.920492049204920448e+01,4.050995399205416561e+03,1.998090432860016108e+01
4.921492149214921596e+01,4.051048460732370586e+03,1.998090887423623485e+01
4.922492249224922745e+01,4.051102154400773998e+03,1.998091341030459489e+01
4.923492349234923893e+01,4.051156445619489205e+03,1.998091793684708151e+01
4.924492449244925041e+01,4.051211300145599125e+03,1.998092245390525434e+01
4.925492549254925478e+01,4.051266684084408098e+03,1.998092696152041015e+01
4.926492649264926627e+01,4.051322563889439152e+03,1.998093145973356499e+01
4.927492749274927775e+01,4.051378906362436737e+03,1.998093594858547206e+01
4.928492849284928923e+01,4.051435678653365812e+03,1.998094042811661453e+01
4.929492949294930071e+01,4.051492848260410028e+03,1.998094489836719490e+01
4.930493049304930508e+01,4.051550383029974910e+03,1.998094935937715633e+01
4.931493149314931657e+01,4.051608251156686038e+03,1.998095381118616132e+01
4.932493249324932805e+01,4.051666421183388593e+03,1.998095825383360946e+01
4.933493349334933953e+01,4.051724862001148267e+03,1.998096268735861969e+01
4.934493449344934390e+01,4.051783542849251717e+03,1.998096711180004803e+01
4.935493549354935539e+01,4.051842433315205199e+03,1.998097152719648051e+01
4.936493649364936687e+01,4.051901503334735480e+03,1.998097593358622248e+01
4.937493749374937835e+01,4.051960723191789384e+03,1.998098033100731641e+01
4.938493849384938983e+01,4.052020063518534243e+03,1.998098471949753119e+01
4.939493949394939420e+01,4.052079495295357447e+03,1.998098909909436571e+01
4.940494049404940569e+01,4.052138989850867802e+03,1.998099346983504532e+01
4.941494149414941717e+01,4.052198518861892808e+03,1.998099783175652888e+01
4.942494249424942865e+01,4.052258054353480929e+03,1.998100218489550173e+01
4.943494349434944013e+01,4.052317568698901141e+03,1.998100652928837206e+01
4.944494449444944451e+01,4.052377034619642473e+03,1.998101086497128875e+01
4.945494549454945599e+01,4.052436425185414009e+03,1.998101519198012355e+01
4.946494649464946747e+01,4.052495713814145802e+03,1.998101951035047108e+01
4.947494749474947895e+01,4.052554874271987501e+03,1.998102382011766665e+01
4.948494849484949043e+01,4.052613880673309268e+03,1.998102812131676842e+01
4.949494949494949481e+01,4.052672707480702229e+03,1.998103241398256102e+01
4.950495049504950629e+01,4.052731329504976202e+03,1.998103669814956262e+01
4.951495149514951777e+01,4.052789721905163333e+03,1.998104097385202138e+01
4.952495249524952925e+01,4.052847860188514005e+03,1.998104524112390834e+01
4.953495349534954073e+01,4.052905720210500931e+03,1.998104949999892810e+01
4.954495449544954511e+01,4.052963278174815059e+03,1.998105375051051524e+01
4.955495549554955659e+01,4.053020510633369668e+03,1.998105799269182725e+01
4.956495649564956807e+01,4.053077394486296271e+03,1.998106222657575515e+01
4.957495749574957955e+01,4.053133906981948257e+03,1.998106645219491639e+01
4.958495849584958393e+01,4.053190025716899072e+03,1.998107066958166556e+01
4.959495949594959541e+01,4.053245728635941759e+03,1.998107487876807653e+01
4.960496049604960689e+01,4.053300994032089875e+03,1.998107907978595321e+01
4.961496149614961837e+01,4.053355800546577484e+03,1.998108327266683304e+01
4.962496249624962985e+01,4.053410127168859162e+03,1.998108745744197634e+01
4.963496349634963423e+01,4.053463953236609541e+03,1.998109163414238054e+01
4.964496449644964571e+01,4.053517258435722852e+03,1.998109580279876951e+01
4.965496549654965719e+01,4.053570022800315201e+03,1.998109996344158645e+01
4.966496649664966867e+01,4.053622226712720931e+03,1.998110411610101522e+01
4.967496749674968015e+01,4.053673850903497168e+03,1.998110826080696611e+01
4.968496849684968453e+01,4.053724876451418822e+03,1.998111239758907232e+01
4.969496949694969601e+01,4.053775284783482221e+03,1.998111652647670766e+01
4.970497049704970749e+01,4.053825057674905111e+03,1.998112064749896177e+01
4.971497149714971897e+01,4.053874177249123022e+03,1.998112476068465782e+01
4.972497249724973045e+01,4.053922625977794269e+03,1.998112886606235605e+01
4.973497349734973483e+01,4.053970386680795400e+03,1.998113296366033254e+01
4.974497449744974631e+01,4.054017442526225295e+03,1.998113705350660396e+01
4.975497549754975779e+01,4.054063777030401070e+03,1.998114113562890637e+01
4.976497649764976927e+01,4.054109374057861260e+03,1.998114521005470934e+01
4.977497749774978075e+01,4.054154217821364909e+03,1.998114927681121600e+01
4.978497849784978513e+01,4.054198292881890666e+03,1.998115333592534881e+01
4.979497949794979661e+01,4.054241584148638140e+03,1.998115738742376379e+01
4.980498049804980809e+01,4.054284076879026088e+03,1.998116143133284694e+01
4.981498149814981957e+01,4.054325756678695143e+03,1.998116546767871426e+01
4.982498249824982395e+01,4.054366609501505081e+03,1.998116949648720464e+01
4.983498349834983543e+01,4.054406621649536191e+03,1.998117351778389406e+01
4.984498449844984691e+01,4.054445779773089271e+03,1.998117753159408139e+01
4.985498549854985839e+01,4.054484070870685628e+03,1.998118153794279905e+01
4.986498649864986987e+01,4.054521482289065716e+03,1.998118553685480236e+01
4.987498749874987425e+01,4.054558001723192319e+03,1.998118952835458018e+01
4.988498849884988573e+01,4.054593617216246002e+03,1.998119351246634778e+01
4.989498949894989721e+01,4.054628317159629660e+03,1.998119748921405403e+01
4.990499049904990869e+01,4.054662090292965331e+03,1.998120145862137420e+01
4.991499149914992017e+01,4.054694925704096477e+03,1.998120542071170647e+01
4.992499249924992455e+01,4.054726812829085247e+03,1.998120937550818965e+01
4.993499349934993603e+01,4.054757741452215669e+03,1.998121332303367836e+01
4.994499449944994751e+01,4.054787701705990457e+03,1.998121726331077141e+01
4.995499549954995899e+01,4.054816684071134659e+03,1.998122119636177985e+01
4.996499649964997047e+01,4.054844679376591557e+03,1.998122512220875535e+01
4.997499749974997485e+01,4.054871678799525853e+03,1.998122904087347607e+01
4.998499849984998633e+01,4.054897673865322304e+03,1.998123295237745012e+01
4.999499949994999781e+01,4.054922656447586178e+03,1.998123685674190853e+01
5.000500050005000929e+01,4.054946618768142343e+03,1.998124075398781585e+01
5.001500150015002077e+01,4.054969553397037089e+03,1.998124464413586665e+01
5.002500250025002515e+01,4.054991453252535848e+03,1.998124852720648192e+01
5.003500350035003663e+01,4.055012311601125020e+03,1.998125240321981622e+01
5.004500450045004811e+01,4.055032122057511060e+03,1.998125627219574341e+01
5.005500550055005959e+01,4.055050878584620932e+03,1.998126013415387803e+01
5.006500650065006397e+01,4.055068575493601656e+03,1.998126398911355039e+01
5.007500750075007545e+01,4.055085207443820309e+03,1.998126783709383858e+01
5.008500850085008693e+01,4.055100769442864930e+03,1.998127167811352578e+01
5.009500950095009841e+01,4.055115256846543616e+03,1.998127551219114650e+01
5.010501050105010989e+01,4.055128665358884064e+03,1.998127933934495104e+01
5.011501150115011427e+01,4.055140991032134934e+03,1.998128315959291967e+01
5.012501250125012575e+01,4.055152230266765400e+03,1.998128697295276623e+01
5.013501350135013723e+01,4.055162379811464234e+03,1.998129077944193099e+01
5.014501450145014871e+01,4.055171436763141628e+03,1.998129457907758422e+01
5.015501550155016020e+01,4.055179398566926011e+03,1.998129837187662261e+01
5.016501650165016457e+01,4.055186263016168596e+03,1.998130215785567287e+01
5.017501750175017605e+01,4.055192028252438831e+03,1.998130593703109170e+01
5.018501850185018753e+01,4.055196692765527587e+03,1.998130970941896578e+01
5.019501950195019901e+01,4.055200255393445786e+03,1.998131347503511179e+01
5.020502050205021050e+01,4.055202715322424410e+03,1.998131723389506575e+01
5.021502150215021487e+01,4.055204072086915403e+03,1.998132098601410434e+01
5.022502250225022635e+01,4.055204325569589855e+03,1.998132473140723064e+01
5.023502350235023783e+01,4.055203476001340277e+03,1.998132847008916713e+01
5.024502450245024932e+01,4.055201523961278781e+03,1.998133220207438043e+01
5.025502550255026080e+01,4.055198470376737987e+03,1.998133592737705655e+01
5.026502650265026517e+01,4.055194316523271027e+03,1.998133964601110790e+01
5.027502750275027665e+01,4.055189064024650634e+03,1.998134335799018402e+01
5.028502850285028813e+01,4.055182714852870504e+03,1.998134706332766086e+01
5.029502950295029962e+01,4.055175271328144390e+03,1.998135076203664084e+01
5.030503050305030399e+01,4.055166736118906556e+03,1.998135445412995637e+01
5.031503150315031547e+01,4.055157112241811319e+03,1.998135813962016627e+01
5.032503250325032695e+01,4.055146403061733508e+03,1.998136181851956650e+01
5.033503350335033844e+01,4.055134612291767553e+03,1.998136549084017233e+01
5.034503450345034992e+01,4.055121743993228847e+03,1.998136915659373258e+01
5.035503550355035429e+01,4.055107802575652840e+03,1.998137281579172608e+01
5.036503650365036577e+01,4.055092792796795948e+03,1.998137646844535809e+01
5.037503750375037725e+01,4.055076719762633275e+03,1.998138011456556740e+01
5.038503850385038874e+01,4.055059588927362256e+03,1.998138375416301216e+01
5.039503950395040022e+01,4.055041406093398564e+03,1.998138738724809116e+01
5.040504050405040459e+01,4.055022177411380198e+03,1.998139101383092253e+01
5.041504150415041607e+01,4.055001909380163852e+03,1.998139463392135795e+01
5.042504250425042756e+01,4.054980608846826726e+03,1.998139824752897908e+01
5.043504350435043904e+01,4.054958283006667443e+03,1.998140185466309404e+01
5.044504450445045052e+01,4.054934939403203771e+03,1.998140545533274093e+01
5.045504550455045489e+01,4.054910585928173987e+03,1.998140904954668784e+01
5.046504650465046637e+01,4.054885230821537334e+03,1.998141263731342931e+01
5.047504750475047786e+01,4.054858882671472202e+03,1.998141621864118989e+01
5.048504850485048934e+01,4.054831550414378398e+03,1.998141979353792408e+01
5.049504950495050082e+01,4.054803243334874878e+03,1.998142336201131641e+01
5.050505050505050519e+01,4.054773971065802016e+03,1.998142692406877075e+01
5.051505150515051668e+01,4.054743743588220241e+03,1.998143047971743869e+01
5.052505250525052816e+01,4.054712571231409129e+03,1.998143402896418053e+01
5.053505350535053964e+01,4.054680464672870585e+03,1.998143757181560076e+01
5.054505450545054401e+01,4.054647434938324750e+03,1.998144110827802322e+01
5.055505550555055549e+01,4.054613493401713185e+03,1.998144463835750528e+01
5.056505650565056698e+01,4.054578651785197508e+03,1.998144816205983432e+01
5.057505750575057846e+01,4.054542922159159843e+03,1.998145167939052413e+01
5.058505850585058994e+01,4.054506316942202375e+03,1.998145519035481499e+01
5.059505950595059431e+01,4.054468848901147339e+03,1.998145869495768068e+01
5.060506050605060580e+01,4.054430531151037485e+03,1.998146219320382500e+01
5.061506150615061728e+01,4.054391377155136524e+03,1.998146568509767462e+01
5.062506250625062876e+01,4.054351400724927316e+03,1.998146917064338979e+01
5.063506350635064024e+01,4.054310616020113230e+03,1.998147264984485716e+01
5.064506450645064461e+01,4.054269037548619053e+03,1.998147612270569340e+01
5.065506550655065610e+01,4.054226680166588267e+03,1.998147958922924872e+01
5.066506650665066758e+01,4.054183559078385770e+03,1.998148304941859621e+01
5.067506750675067906e+01,4.054139689836596517e+03,1.998148650327653542e+01
5.068506850685069054e+01,4.054095088342025065e+03,1.998148995080560653e+01
5.069506950695069492e+01,4.054049770843697388e+03,1.998149339200806551e+01
5.070507050705070640e+01,4.054003753938859063e+03,1.998149682688590190e+01
5.071507150715071788e+01,4.053957054572976176e+03,1.998150025544083874e+01
5.072507250725072936e+01,4.053909690039734414e+03,1.998150367767432556e+01
5.073507350735074084e+01,4.053861677981040884e+03,1.998150709358753829e+01
5.074507450745074522e+01,4.053813036387022294e+03,1.998151050318138289e+01
5.075507550755075670e+01,4.053763783596026315e+03,1.998151390645649528e+01
5.076507650765076818e+01,4.053713938294619311e+03,1.998151730341323784e+01
5.077507750775077966e+01,4.053663519517589975e+03,1.998152069405171005e+01
5.078507850785078404e+01,4.053612546647945692e+03,1.998152407837172717e+01
5.079507950795079552e+01,4.053561039416915264e+03,1.998152745637284156e+01
5.080508050805080700e+01,4.053509017903946642e+03,1.998153082805433556e+01
5.081508150815081848e+01,4.053456502536709650e+03,1.998153419341522152e+01
5.082508250825082996e+01,4.053403514091092802e+03,1.998153755245422758e+01
5.083508350835083434e+01,4.053350073691205580e+03,1.998154090516983317e+01
5.084508450845084582e+01,4.053296202809377974e+03,1.998154425156022285e+01
5.085508550855085730e+01,4.053241923266160484e+03,1.998154759162332894e+01
5.086508650865086878e+01,4.053187257230322302e+03,1.998155092535680311e+01
5.087508750875088026e+01,4.053132227218855405e+03,1.998155425275802699e+01
5.088508850885088464e+01,4.053076856096969550e+03,1.998155757382411224e+01
5.089508950895089612e+01,4.053021167078096823e+03,1.998156088855190404e+01
5.090509050905090760e+01,4.052965183723888003e+03,1.998156419693796693e+01
5.091509150915091908e+01,4.052908929944215288e+03,1.998156749897860252e+01
5.092509250925093056e+01,4.052852429997170930e+03,1.998157079466983532e+01
5.093509350935093494e+01,4.052795708489067238e+03,1.998157408400742341e+01
5.094509450945094642e+01,4.052738790374436576e+03,1.998157736698685483e+01
5.095509550955095790e+01,4.052681700956032273e+03,1.998158064360334052e+01
5.096509650965096938e+01,4.052624465884827714e+03,1.998158391385182853e+01
5.097509750975098086e+01,4.052567111160015429e+03,1.998158717772698267e+01
5.098509850985098524e+01,4.052509663129010733e+03,1.998159043522321099e+01
5.099509950995099672e+01,4.052452148487446721e+03,1.998159368633464439e+01
5.100510051005100820e+01,4.052394594279177909e+03,1.998159693105513668e+01
5.101510151015101968e+01,4.052337027896279778e+03,1.998160016937828232e+01
5.102510251025102406e+01,4.052279477079046046e+03,1.998160340129739154e+01
5.103510351035103554e+01,4.052221969915993213e+03,1.998160662680551880e+01
5.104510451045104702e+01,4.052164534843856472e+03,1.998160984589543077e+01
5.105510551055105850e+01,4.052107200647591071e+03,1.998161305855963477e+01
5.106510651065106998e+01,4.052049996460374132e+03,1.998161626479036457e+01
5.107510751075107436e+01,4.051992951763601468e+03,1.998161946457958038e+01
5.108510851085108584e+01,4.051936096386890313e+03,1.998162265791897596e+01
5.109510951095109732e+01,4.051879460508077045e+03,1.998162584479996795e+01
5.110511051105110880e+01,4.051823074653219919e+03,1.998162902521370299e+01
5.111511151115112028e+01,4.051766969696595424e+03,1.998163219915106481e+01
5.112511251125112466e+01,4.051711176860702381e+03,1.998163536660265649e+01
5.113511351135113614e+01,4.051655727716258752e+03,1.998163852755881464e+01
5.114511451145114762e+01,4.051600654182202561e+03,1.998164168200960233e+01
5.115511551155115910e+01,4.051545988525693247e+03,1.998164482994481261e+01
5.116511651165117058e+01,4.051491763362109850e+03,1.998164797135397208e+01
5.117511751175117496e+01,4.051438011655051014e+03,1.998165110622632668e+01
5.118511851185118644e+01,4.051384766716337253e+03,1.998165423455085943e+01
5.119511951195119792e+01,4.051332062206007777e+03,1.998165735631627982e+01
5.120512051205120940e+01,4.051279932132323665e+03,1.998166047151102731e+01
5.121512151215122088e+01,4.051228410851764238e+03,1.998166358012326427e+01
5.122512251225122526e+01,4.051177533069031597e+03,1.998166668214089015e+01
5.123512351235123674e+01,4.051127333837046081e+03,1.998166977755153084e+01
5.124512451245124822e+01,4.051077848556949448e+03,1.998167286634253870e+01
5.125512551255125970e+01,4.051029112978103058e+03,1.998167594850099604e+01
5.126512651265127118e+01,4.050981163198089234e+03,1.998167902401371521e+01
5.127512751275127556e+01,4.050934035662709903e+03,1.998168209286723851e+01
5.128512851285128704e+01,4.050887767165987952e+03,1.998168515504783471e+01
5.129512951295129852e+01,4.050842394850165874e+03,1.998168821054150257e+01
5.130513051305131000e+01,4.050797956205707123e+03,1.998169125933397083e+01
5.131513151315131438e+01,4.050754489071294756e+03,1.998169430141069469e+01
5.132513251325132586e+01,4.050712031633833249e+03,1.998169733675686288e+01
5.133513351335133734e+01,4.050670622428445768e+03,1.998170036535738348e+01
5.134513451345134882e+01,4.050630300338477355e+03,1.998170338719690520e+01
5.135513551355136030e+01,4.050591104595491743e+03,1.998170640225979966e+01
5.136513651365136468e+01,4.050553074779274539e+03,1.998170941053016847e+01
5.137513751375137616e+01,4.050516250817830951e+03,1.998171241199183967e+01
5.138513851385138764e+01,4.050480672987385788e+03,1.998171540662837486e+01
5.139513951395139912e+01,4.050446381912385732e+03,1.998171839442306208e+01
5.140514051405141061e+01,4.050413418565495704e+03,1.998172137535891935e+01
5.141514151415141498e+01,4.050381824267603406e+03,1.998172434941868758e+01
5.142514251425142646e+01,4.050351640687813870e+03,1.998172731658484835e+01
5.143514351435143794e+01,4.050322909843455363e+03,1.998173027683960612e+01
5.144514451445144942e+01,4.050295674100074848e+03,1.998173323016488823e+01
5.145514551455146091e+01,4.050269976171439339e+03,1.998173617654235912e+01
5.146514651465146528e+01,4.050245859119536817e+03,1.998173911595340968e+01
5.147514751475147676e+01,4.050223366354575319e+03,1.998174204837916079e+01
5.148514851485148824e+01,4.050202541634983390e+03,1.998174497380045977e+01
5.149514951495149973e+01,4.050183429067409634e+03,1.998174789219788750e+01
5.150515051505151121e+01,4.050166073106723161e+03,1.998175080355174771e+01
5.151515151515151558e+01,4.050150518556013139e+03,1.998175370784207416e+01
5.152515251525152706e+01,4.050136810566588792e+03,1.998175660504863771e+01
5.153515351535153854e+01,4.050124994637980308e+03,1.998175949515092498e+01
5.154515451545155003e+01,4.050115116617937929e+03,1.998176237812816680e+01
5.155515551555155440e+01,4.050107222702431500e+03,1.998176525395930625e+01
5.156515651565156588e+01,4.050101359435652284e+03,1.998176812262302704e+01
5.157515751575157736e+01,4.050097573710011147e+03,1.998177098409773933e+01
5.158515851585158885e+01,4.050095912766139008e+03,1.998177383836157972e+01
5.159515951595160033e+01,4.050096424192887753e+03,1.998177668539241836e+01
5.160516051605160470e+01,4.050099155927329321e+03,1.998177952516784828e+01
5.161516151615161618e+01,4.050104156254755708e+03,1.998178235766519606e+01
5.162516251625162766e+01,4.050111473808679875e+03,1.998178518286151828e+01
5.163516351635163915e+01,4.050121157570833475e+03,1.998178800073359440e+01
5.164516451645165063e+01,4.050133256871170488e+03,1.998179081125793743e+01
5.165516551655165500e+01,4.050147821387863587e+03,1.998179361441078683e+01
5.166516651665166648e+01,4.050164901147306864e+03,1.998179641016811559e+01
5.167516751675167797e+01,4.050184546524114467e+03,1.998179919850561959e+01
5.168516851685168945e+01,4.050206808241119688e+03,1.998180197939873182e+01
5.169516951695170093e+01,4.050231737369377697e+03,1.998180475282260460e+01
5.170517051705170530e+01,4.050259385328162807e+03,1.998180751875212025e+01
5.171517151715171678e+01,4.050289803884970752e+03,1.998181027716190172e+01
5.172517251725172827e+01,4.050323045155516411e+03,1.998181302802628778e+01
5.173517351735173975e+01,4.050358746727956714e+03,1.998181577162499778e+01
5.174517451745175123e+01,4.050395994338641231e+03,1.998181850864222753e+01
5.175517551755175560e+01,4.050434710862631619e+03,1.998182123914365249e+01
5.176517651765176709e+01,4.050474851670530825e+03,1.998182396317096021e+01
5.177517751775177857e+01,4.050516372503974253e+03,1.998182668076557178e+01
5.178517851785179005e+01,4.050559229475632037e+03,1.998182939196863472e+01
5.179517951795179442e+01,4.050603379069206312e+03,1.998183209682101591e+01
5.180518051805180590e+01,4.050648778139433489e+03,1.998183479536330509e+01
5.181518151815181739e+01,4.050695383912081525e+03,1.998183748763582557e+01
5.182518251825182887e+01,4.050743153983953562e+03,1.998184017367861287e+01
5.183518351835184035e+01,4.050792046322884289e+03,1.998184285353143963e+01
5.184518451845184472e+01,4.050842019267742216e+03,1.998184552723379426e+01
5.185518551855185621e+01,4.050893031528429674e+03,1.998184819482489516e+01
5.186518651865186769e+01,4.050945042185880993e+03,1.998185085634368008e+01
5.187518751875187917e+01,4.050998010692064781e+03,1.998185351182881320e+01
5.188518851885189065e+01,4.051051896869981647e+03,1.998185616131868514e+01
5.189518951895189502e+01,4.051106660913666929e+03,1.998185880485141652e+01
5.190519051905190651e+01,4.051162263388187966e+03,1.998186144246483664e+01
5.191519151915191799e+01,4.051218665229645921e+03,1.998186407419651189e+01
5.192519251925192947e+01,4.051275827745174411e+03,1.998186670008373511e+01
5.193519351935194095e+01,4.051333712612941326e+03,1.998186932016351491e+01
5.194519451945194533e+01,4.051392281882146563e+03,1.998187193447258636e+01
5.195519551955195681e+01,4.051451497973023834e+03,1.998187454304741806e+01
5.196519651965196829e+01,4.051511323676840675e+03,1.998187714592418729e+01
5.197519751975197977e+01,4.051571722155896623e+03,1.998187974313881554e+01
5.198519851985199125e+01,4.051632656943525490e+03,1.998188233472692943e+01
5.199519951995199563e+01,4.051694091944093088e+03,1.998188492072389266e+01
5.200520052005200711e+01,4.051755991432999508e+03,1.998188750116479184e+01
5.201520152015201859e+01,4.051818320056677294e+03,1.998189007608443291e+01
5.202520252025203007e+01,4.051881042832592811e+03,1.998189264551735178e+01
5.203520352035203445e+01,4.051944125149244883e+03,1.998189520949780373e+01
5.204520452045204593e+01,4.052007532766166605e+03,1.998189776805977758e+01
5.205520552055205741e+01,4.052071231813923532e+03,1.998190032123697790e+01
5.206520652065206889e+01,4.052135188794113674e+03,1.998190286906283575e+01
5.207520752075208037e+01,4.052199370579370225e+03,1.998190541157051214e+01
5.208520852085208475e+01,4.052263744413357472e+03,1.998190794879288390e+01
5.209520952095209623e+01,4.052328277910774432e+03,1.998191048076255782e+01
5.210521052105210771e+01,4.052392939057352578e+03,1.998191300751186716e+01
5.211521152115211919e+01,4.052457696209856749e+03,1.998191552907286450e+01
5.212521252125213067e+01,4.052522518096084696e+03,1.998191804547733241e+01
5.213521352135213505e+01,4.052587373814867988e+03,1.998192055675677281e+01
5.214521452145214653e+01,4.052652232836070652e+03,1.998192306294241405e+01
5.215521552155215801e+01,4.052717065000590537e+03,1.998192556406521092e+01
5.216521652165216949e+01,4.052781840520358855e+03,1.998192806015584466e+01
5.217521752175218097e+01,4.052846529978338822e+03,1.998193055124471229e+01
5.218521852185218535e+01,4.052911104328527927e+03,1.998193303736194437e+01
5.219521952195219683e+01,4.052975534895956571e+03,1.998193551853739436e+01
5.220522052205220831e+01,4.053039793376688067e+03,1.998193799480063149e+01
5.221522152215221979e+01,4.053103851837820002e+03,1.998194046618096564e+01
5.222522252225223127e+01,4.053167682717481512e+03,1.998194293270741895e+01
5.223522352235223565e+01,4.053231258824836004e+03,1.998194539440874351e+01
5.224522452245224713e+01,4.053294553340080256e+03,1.998194785131341078e+01
5.225522552255225861e+01,4.053357539814443044e+03,1.998195030344961864e+01
5.226522652265227009e+01,4.053420192170187875e+03,1.998195275084529854e+01
5.227522752275227447e+01,4.053482484700610257e+03,1.998195519352809058e+01
5.228522852285228595e+01,4.053544392070039066e+03,1.998195763152537552e+01
5.229522952295229743e+01,4.053605889313837451e+03,1.998196006486424636e+01
5.230523052305230891e+01,4.053666951838400564e+03,1.998196249357152610e+01
5.231523152315232039e+01,4.053727555421156922e+03,1.998196491767376060e+01
5.232523252325232477e+01,4.053787676210568407e+03,1.998196733719722573e+01
5.233523352335233625e+01,4.053847290726130723e+03,1.998196975216791671e+01
5.234523452345234773e+01,4.053906375858371575e+03,1.998197216261154807e+01
5.235523552355235921e+01,4.053964908868852490e+03,1.998197456855357501e+01
5.236523652365237069e+01,4.054022867390168358e+03,1.998197697001915785e+01
5.237523752375237507e+01,4.054080229425947437e+03,1.998197936703319755e+01
5.238523852385238655e+01,4.054136973350850440e+03,1.998198175962030732e+01
5.239523952395239803e+01,4.054193077910571446e+03,1.998198414780483745e+01
5.240524052405240951e+01,4.054248522221838357e+03,1.998198653161085403e+01
5.241524152415242099e+01,4.054303285772411982e+03,1.998198891106214603e+01
5.242524252425242537e+01,4.054357348421085590e+03,1.998199128618223241e+01
5.243524352435243685e+01,4.054410690397686267e+03,1.998199365699436214e+01
5.244524452445244833e+01,4.054463292303074923e+03,1.998199602352149284e+01
5.245524552455245981e+01,4.054515135109144921e+03,1.998199838578631926e+01
5.246524652465247129e+01,4.054566200158822539e+03,1.998200074381125546e+01
5.247524752475247567e+01,4.054616469166067418e+03,1.998200309761844551e+01
5.248524852485248715e+01,4.054665924215873474e+03,1.998200544722974925e+01
5.249524952495249863e+01,4.054714547764266172e+03,1.998200779266676008e+01
5.250525052505251011e+01,4.054762322638305250e+03,1.998201013395079073e+01
5.251525152515251449e+01,4.054809232036083358e+03,1.998201247110288392e+01
5.252525252525252597e+01,4.054855259526726513e+03,1.998201480414379461e+01
5.253525352535253745e+01,4.054900389050393642e+03,1.998201713309401839e+01
5.254525452545254893e+01,4.054944604918276582e+03,1.998201945797376311e+01
5.255525552555256041e+01,4.054987891812600992e+03,1.998202177880296659e+01
5.256525652565256479e+01,4.055030234786625442e+03,1.998202409560128956e+01
5.257525752575257627e+01,4.055071619264641868e+03,1.998202640838812272e+01
5.258525852585258775e+01,4.055112031041975570e+03,1.998202871718257256e+01
5.259525952595259923e+01,4.055151456284984306e+03,1.998203102200347558e+01
5.260526052605261071e+01,4.055189881531059200e+03,1.998203332286939471e+01
5.261526152615261509e+01,4.055227293688625650e+03,1.998203561979860865e+01
5.262526252625262657e+01,4.055263680037140603e+03,1.998203791280913322e+01
5.263526352635263805e+01,4.055299028227095732e+03,1.998204020191869645e+01
5.264526452645264953e+01,4.055333326280015172e+03,1.998204248714475639e+01
5.265526552655266102e+01,4.055366562588455508e+03,1.998204476850450106e+01
5.266526652665266539e+01,4.055398725916008061e+03,1.998204704601483428e+01
5.267526752675267687e+01,4.055429805397296604e+03,1.998204931969238984e+01
5.268526852685268835e+01,4.055459790537977824e+03,1.998205158955352445e+01
5.269526952695269983e+01,4.055488671214741771e+03,1.998205385561431768e+01
5.270527052705271132e+01,4.055516437675312318e+03,1.998205611789057912e+01
5.271527152715271569e+01,4.055543080538445338e+03,1.998205837639783411e+01
5.272527252725272717e+01,4.055568590793930980e+03,1.998206063115133801e+01
5.273527352735273865e+01,4.055592959802591849e+03,1.998206288216607618e+01
5.274527452745275014e+01,4.055616179296284827e+03,1.998206512945674618e+01
5.275527552755275451e+01,4.055638241377898339e+03,1.998206737303777913e+01
5.276527652765276599e+01,4.055659138521355544e+03,1.998206961292333261e+01
5.277527752775277747e+01,4.055678863571612055e+03,1.998207184912727641e+01
5.278527852785278895e+01,4.055697409744656397e+03,1.998207408166322097e+01
5.279527952795280044e+01,4.055714770627510916e+03,1.998207631054448896e+01
5.280528052805280481e+01,4.055730940178230867e+03,1.998207853578413307e+01
5.281528152815281629e+01,4.055745912725904873e+03,1.998208075739492884e+01
5.282528252825282777e+01,4.055759682970654922e+03,1.998208297538937828e+01
5.283528352835283926e+01,4.055772245983635003e+03,1.998208518977970982e+01
5.284528452845285074e+01,4.055783597207034290e+03,1.998208740057786770e+01
5.285528552855285511e+01,4.055793732454073506e+03,1.998208960779552612e+01
5.286528652865286659e+01,4.055802647909006737e+03,1.998209181144409285e+01
5.287528752875287807e+01,4.055810340127122345e+03,1.998209401153468079e+01
5.288528852885288956e+01,4.055816806034740694e+03,1.998209620807814701e+01
5.289528952895290104e+01,4.055822042929216423e+03,1.998209840108506086e+01
5.290529052905290541e+01,4.055826048478936627e+03,1.998210059056572163e+01
5.291529152915291689e+01,4.055828820723321314e+03,1.998210277653014799e+01
5.292529252925292838e+01,4.055830358072824311e+03,1.998210495898808858e+01
5.293529352935293986e+01,4.055830659308932809e+03,1.998210713794901849e+01
5.294529452945295134e+01,4.055829723584166459e+03,1.998210931342212504e+01
5.295529552955295571e+01,4.055827550422078275e+03,1.998211148541633975e+01
5.296529652965296719e+01,4.055824139717255548e+03,1.998211365394029926e+01
5.297529752975297868e+01,4.055819491735317570e+03,1.998211581900237377e+01
5.298529852985299016e+01,4.055813607112916543e+03,1.998211798061065991e+01
5.299529952995299453e+01,4.055806486857738946e+03,1.998212013877298077e+01
5.300530053005300601e+01,4.055798132348504623e+03,1.998212229349687163e+01
5.301530153015301750e+01,4.055788545334964510e+03,1.998212444478960492e+01
5.302530253025302898e+01,4.055777727937905638e+03,1.998212659265817237e+01
5.303530353035304046e+01,4.055765682649146129e+03,1.998212873710929216e+01
5.304530453045304483e+01,4.055752412331537926e+03,1.998213087814940536e+01
5.305530553055305631e+01,4.055737920218966792e+03,1.998213301578467949e+01
5.306530653065306780e+01,4.055722209916350494e+03,1.998213515002100138e+01
5.307530753075307928e+01,4.055705285399640616e+03,1.998213728086399144e+01
5.308530853085309076e+01,4.055687151015822110e+03,1.998213940831898938e+01
5.309530953095309513e+01,4.055667811482913294e+03,1.998214153239105784e+01
5.310531053105310662e+01,4.055647271889964486e+03,1.998214365308498586e+01
5.311531153115311810e+01,4.055625537697061191e+03,1.998214577040528894e+01
5.312531253125312958e+01,4.055602614735320003e+03,1.998214788435620548e+01
5.313531353135314106e+01,4.055578509206892249e+03,1.998214999494169675e+01
5.314531453145314543e+01,4.055553227684961712e+03,1.998215210216545401e+01
5.315531553155315692e+01,4.055526777113745084e+03,1.998215420603088788e+01
5.316531653165316840e+01,4.055499164808493333e+03,1.998215630654113184e+01
5.317531753175317988e+01,4.055470398455489885e+03,1.998215840369904939e+01
5.318531853185319136e+01,4.055440486112051076e+03,1.998216049750723045e+01
5.319531953195319574e+01,4.055409436206527516e+03,1.998216258796798073e+01
5.320532053205320722e+01,4.055377257538301819e+03,1.998216467508333949e+01
5.321532153215321870e+01,4.055343959277790418e+03,1.998216675885506177e+01
5.322532253225323018e+01,4.055309550966442657e+03,1.998216883928463261e+01
5.323532353235323455e+01,4.055274042516741247e+03,1.998217091637326703e+01
5.324532453245324604e+01,4.055237444212202718e+03,1.998217299012189230e+01
5.325532553255325752e+01,4.055199766707375602e+03,1.998217506053116921e+01
5.326532653265326900e+01,4.055161021027842253e+03,1.998217712760147791e+01
5.327532753275328048e+01,4.055121218570217934e+03,1.998217919133292853e+01
5.328532853285328486e+01,4.055080371102151730e+03,1.998218125172535053e+01
5.329532953295329634e+01,4.055038490762325637e+03,1.998218330877830340e+01
5.330533053305330782e+01,4.054995590060454560e+03,1.998218536249106947e+01
5.331533153315331930e+01,4.054951681877286319e+03,1.998218741286264688e+01
5.332533253325333078e+01,4.054906779464603005e+03,1.998218945989177442e+01
5.333533353335333516e+01,4.054860896445219169e+03,1.998219150357689955e+01
5.334533453345334664e+01,4.054814046812982269e+03,1.998219354391620683e+01
5.335533553355335812e+01,4.054766244932773589e+03,1.998219558090760017e+01
5.336533653365336960e+01,4.054717505540507773e+03,1.998219761454870635e+01
5.337533753375338108e+01,4.054667843743131471e+03,1.998219964483687860e+01
5.338533853385338546e+01,4.054617275018626060e+03,1.998220167176919304e+01
5.339533953395339694e+01,4.054565815216005376e+03,1.998220369534245577e+01
5.340534053405340842e+01,4.054513480555315709e+03,1.998220571555318870e+01
5.341534153415341990e+01,4.054460287627638081e+03,1.998220773239765080e+01
5.342534253425343138e+01,4.054406253395085514e+03,1.998220974587181331e+01
5.343534353435343576e+01,4.054351395190804396e+03,1.998221175597137389e+01
5.344534453445344724e+01,4.054295730718974937e+03,1.998221376269176375e+01
5.345534553455345872e+01,4.054239278054810256e+03,1.998221576602813343e+01
5.346534653465347020e+01,4.054182055644556385e+03,1.998221776597534927e+01
5.347534753475347458e+01,4.054124082305492266e+03,1.998221976252801824e+01
5.348534853485348606e+01,4.054065377225931115e+03,1.998222175568046310e+01
5.349534953495349754e+01,4.054005959965218608e+03,1.998222374542672597e+01
5.350535053505350902e+01,4.053945850453733783e+03,1.998222573176058603e+01
5.351535153515352050e+01,4.053885068992888591e+03,1.998222771467553827e+01
5.352535253525352488e+01,4.053823636255128349e+03,1.998222969416480765e+01
5.353535353535353636e+01,4.053761573283931739e+03,1.998223167022133495e+01
5.354535453545354784e+01,4.053698901493810808e+03,1.998223364283779446e+01
5.355535553555355932e+01,4.053635642670310062e+03,1.998223561200658338e+01
5.356535653565357080e+01,4.053571818970007826e+03,1.998223757771981823e+01
5.357535753575357518e+01,4.053507452920515789e+03,1.998223953996934910e+01
5.358535853585358666e+01,4.053442567420478099e+03,1.998224149874674183e+01
5.359535953595359814e+01,4.053377185739572724e+03,1.998224345404328872e+01
5.360536053605360962e+01,4.053311331518510087e+03,1.998224540585001208e+01
5.361536153615362110e+01,4.053245028769035343e+03,1.998224735415765707e+01
5.362536253625362548e+01,4.053178301873924738e+03,1.998224929895668467e+01
5.363536353635363696e+01,4.053111175586989702e+03,1.998225124023729293e+01
5.364536453645364844e+01,4.053043675033073214e+03,1.998225317798939926e+01
5.365536553655365992e+01,4.052975825708052525e+03,1.998225511220264039e+01
5.366536653665367140e+01,4.052907653478837801e+03,1.998225704286638660e+01
5.367536753675367578e+01,4.052839184583372116e+03,1.998225896996972750e+01
5.368536853685368726e+01,4.052770445630632366e+03,1.998226089350147916e+01
5.369536953695369874e+01,4.052701463600627903e+03,1.998226281345017696e+01
5.370537053705371022e+01,4.052632265844401900e+03,1.998226472980409341e+01
5.371537153715371460e+01,4.052562880084030439e+03,1.998226664255120966e+01
5.372537253725372608e+01,4.052493334412622517e+03,1.998226855167924754e+01
5.373537353735373756e+01,4.052423657294320492e+03,1.998227045717563755e+01
5.374537453745374904e+01,4.052353877564300547e+03,1.998227235902755083e+01
5.375537553755376052e+01,4.052284024428771318e+03,1.998227425722186368e+01
5.376537653765376490e+01,4.052214127464974808e+03,1.998227615174520011e+01
5.377537753775377638e+01,4.052144216621186388e+03,1.998227804258388929e+01
5.378537853785378786e+01,4.052074322216714336e+03,1.998227992972399392e+01
5.379537953795379934e+01,4.052004474941900753e+03,1.998228181315129959e+01
5.380538053805381082e+01,4.051934705858119742e+03,1.998228369285132189e+01
5.381538153815381520e+01,4.051865046397780134e+03,1.998228556880928863e+01
5.382538253825382668e+01,4.051795528364322763e+03,1.998228744101016119e+01
5.383538353835383816e+01,4.051726183932221829e+03,1.998228930943862380e+01
5.384538453845384964e+01,4.051657045646985807e+03,1.998229117407909072e+01
5.385538553855386112e+01,4.051588146425154264e+03,1.998229303491568842e+01
5.386538653865386550e+01,4.051519519554302406e+03,1.998229489193227693e+01
5.387538753875387698e+01,4.051451198693036986e+03,1.998229674511243914e+01
5.388538853885388846e+01,4.051383217870998578e+03,1.998229859443948087e+01
5.389538953895389994e+01,4.051315611488860213e+03,1.998230043989643789e+01
5.390539053905391143e+01,4.051248414318329196e+03,1.998230228146606180e+01
5.391539153915391580e+01,4.051181661502145289e+03,1.998230411913083415e+01
5.392539253925392728e+01,4.051115388554082074e+03,1.998230595287296296e+01
5.393539353935393876e+01,4.051049631358945589e+03,1.998230778267437913e+01
5.394539453945395024e+01,4.050984426172575695e+03,1.998230960851673288e+01
5.395539553955395462e+01,4.050919809621845161e+03,1.998231143038140800e+01
5.396539653965396610e+01,4.050855818704659214e+03,1.998231324824950406e+01
5.397539753975397758e+01,4.050792490789957810e+03,1.998231506210185060e+01
5.398539853985398906e+01,4.050729863617713363e+03,1.998231687191900008e+01
5.399539953995400055e+01,4.050667975298931196e+03,1.998231867768123493e+01
5.400540054005400492e+01,4.050606864315650000e+03,1.998232047936855338e+01
5.401540154015401640e+01,4.050546569520941830e+03,1.998232227696068009e+01
5.402540254025402788e+01,4.050487130138911652e+03,1.998232407043706971e+01
5.403540354035403936e+01,4.050428585764697800e+03,1.998232585977689624e+01
5.404540454045405085e+01,4.050370976364472426e+03,1.998232764495906366e+01
5.405540554055405522e+01,4.050314342275439685e+03,1.998232942596219530e+01
5.406540654065406670e+01,4.050258724205837552e+03,1.998233120276463737e+01
5.407540754075407818e+01,4.050204163234937369e+03,1.998233297534446962e+01
5.408540854085408967e+01,4.050150700813042931e+03,1.998233474367948403e+01
5.409540954095410115e+01,4.050098378761492313e+03,1.998233650774721326e+01
5.410541054105410552e+01,4.050047239272656498e+03,1.998233826752489861e+01
5.411541154115411700e+01,4.049997324909938470e+03,1.998234002298951140e+01
5.412541254125412848e+01,4.049948678607775946e+03,1.998234177411775647e+01
5.413541354135413997e+01,4.049901343671639097e+03,1.998234352088604737e+01
5.414541454145415145e+01,4.049855363778031915e+03,1.998234526327053828e+01
5.415541554155415582e+01,4.049810782974489939e+03,1.998234700124709207e+01
5.416541654165416730e+01,4.049767645679583893e+03,1.998234873479130869e+01
5.417541754175417879e+01,4.049725996682916957e+03,1.998235046387851099e+01
5.418541854185419027e+01,4.049685881145124767e+03,1.998235218848373762e+01
5.419541954195419464e+01,4.049647344597877236e+03,1.998235390858176075e+01
5.420542054205420612e+01,4.049610432943877186e+03,1.998235562414707545e+01
5.421542154215421760e+01,4.049575192456859895e+03,1.998235733515389967e+01
5.422542254225422909e+01,4.049541669781594919e+03,1.998235904157617426e+01
5.423542354235424057e+01,4.049509911933884723e+03,1.998236074338757007e+01
5.424542454245424494e+01,4.049479966300564229e+03,1.998236244056147726e+01
5.425542554255425642e+01,4.049451880639501724e+03,1.998236413307101245e+01
5.426542654265426791e+01,4.049425703079600225e+03,1.998236582088901869e+01
5.427542754275427939e+01,4.049401482120793844e+03,1.998236750398806194e+01
5.428542854285429087e+01,4.049379266634050964e+03,1.998236918234043102e+01
5.429542954295429524e+01,4.049359105861373337e+03,1.998237085591814122e+01
5.430543054305430672e+01,4.049341049415795624e+03,1.998237252469293423e+01
5.431543154315431821e+01,4.049325147281384943e+03,1.998237418863627113e+01
5.432543254325432969e+01,4.049311449813242689e+03,1.998237584771934650e+01
5.433543354335434117e+01,4.049300007737503620e+03,1.998237750191307072e+01
5.434543454345434554e+01,4.049290872151334497e+03,1.998237915118807706e+01
5.435543554355435703e+01,4.049284094522935902e+03,1.998238079551473589e+01
5.436543654365436851e+01,4.049279726691541782e+03,1.998238243486313337e+01
5.437543754375437999e+01,4.049277820867419450e+03,1.998238406920307852e+01
5.438543854385439147e+01,4.049278429631868676e+03,1.998238569850410684e+01
5.439543954395439584e+01,4.049281605937223048e+03,1.998238732273548024e+01
5.440544054405440733e+01,4.049287403106848615e+03,1.998238894186618708e+01
5.441544154415441881e+01,4.049295874835146151e+03,1.998239055586493862e+01
5.442544254425443029e+01,4.049307075187547525e+03,1.998239216470016544e+01
5.443544354435443466e+01,4.049321058600519791e+03,1.998239376834002456e+01
5.444544454445444615e+01,4.049337879881562003e+03,1.998239536675241013e+01
5.445544554455445763e+01,4.049357594209206582e+03,1.998239695990492137e+01
5.446544654465446911e+01,4.049380257133019313e+03,1.998239854776489466e+01
5.447544754475448059e+01,4.049405924573599350e+03,1.998240013029938567e+01
5.448544854485448496e+01,4.049434652822578300e+03,1.998240170747518007e+01
5.449544954495449645e+01,4.049466498542622048e+03,1.998240327925878645e+01
5.450545054505450793e+01,4.049501518767428934e+03,1.998240484561642916e+01
5.451545154515451941e+01,4.049539770901730662e+03,1.998240640651406963e+01
5.452545254525453089e+01,4.049581312721292306e+03,1.998240796191738866e+01
5.453545354535453527e+01,4.049625695236473803e+03,1.998240951216687478e+01
5.454545454545454675e+01,4.049672019443778936e+03,1.998241105793308847e+01
5.455545554555455823e+01,4.049720212244848881e+03,1.998241259927365121e+01
5.456545654565456971e+01,4.049770217233071435e+03,1.998241413623384588e+01
5.457545754575458119e+01,4.049821978469260102e+03,1.998241566885860010e+01
5.458545854585458557e+01,4.049875440481650912e+03,1.998241719719251819e+01
5.459545954595459705e+01,4.049930548265905145e+03,1.998241872127987051e+01
5.460546054605460853e+01,4.049987247285107514e+03,1.998242024116457927e+01
5.461546154615462001e+01,4.050045483469767532e+03,1.998242175689024691e+01
5.462546254625463149e+01,4.050105203217818143e+03,1.998242326850012773e+01
5.463546354635463587e+01,4.050166353394616635e+03,1.998242477603714917e+01
5.464546454645464735e+01,4.050228881332943729e+03,1.998242627954389405e+01
5.465546554655465883e+01,4.050292734833005397e+03,1.998242777906261836e+01
5.466546654665467031e+01,4.050357862162431047e+03,1.998242927463523699e+01
5.467546754675467469e+01,4.050424212056273973e+03,1.998243076630333448e+01
5.468546854685468617e+01,4.050491733717011812e+03,1.998243225410815072e+01
5.469546954695469765e+01,4.050560376814546089e+03,1.998243373809059875e+01
5.470547054705470913e+01,4.050630091486203128e+03,1.998243521829125413e+01
5.471547154715472061e+01,4.050700828336732684e+03,1.998243669475035489e+01
5.472547254725472499e+01,4.050772538438307947e+03,1.998243816750780155e+01
5.473547354735473647e+01,4.050845173330527814e+03,1.998243963660316425e+01
5.474547454745474795e+01,4.050918685020414159e+03,1.998244110207567559e+01
5.475547554755475943e+01,4.050993025982413201e+03,1.998244256396423069e+01
5.476547654765477091e+01,4.051068149158395045e+03,1.998244402230738714e+01
5.477547754775477529e+01,4.051144007957653685e+03,1.998244547714337571e+01
5.478547854785478677e+01,4.051220556256908367e+03,1.998244692851007898e+01
5.479547954795479825e+01,4.051297748400300861e+03,1.998244837644505978e+01
5.480548054805480973e+01,4.051375539199398190e+03,1.998244982098552924e+01
5.481548154815482121e+01,4.051453883933190809e+03,1.998245126216837164e+01
5.482548254825482559e+01,4.051532738348093972e+03,1.998245270003013729e+01
5.483548354835483707e+01,4.051612058657945454e+03,1.998245413460703190e+01
5.484548454845484855e+01,4.051691801544009195e+03,1.998245556593493788e+01
5.485548554855486003e+01,4.051771924154972112e+03,1.998245699404938946e+01
5.486548654865487151e+01,4.051852384106944555e+03,1.998245841898559760e+01
5.487548754875487589e+01,4.051933139483462583e+03,1.998245984077842508e+01
5.488548854885488737e+01,4.052014148835484320e+03,1.998246125946240781e+01
5.489548954895489885e+01,4.052095371181394512e+03,1.998246267507174778e+01
5.490549054905491033e+01,4.052176766006999060e+03,1.998246408764029880e+01
5.491549154915491471e+01,4.052258293265530483e+03,1.998246549720159493e+01
5.492549254925492619e+01,4.052339913377644280e+03,1.998246690378882562e+01
5.493549354935493767e+01,4.052421587231419835e+03,1.998246830743484281e+01
5.494549454945494915e+01,4.052503276182360878e+03,1.998246970817217161e+01
5.495549554955496063e+01,4.052584942053395025e+03,1.998247110603299248e+01
5.496549654965496501e+01,4.052666547134874691e+03,1.998247250104915196e+01
5.497549754975497649e+01,4.052748054184575267e+03,1.998247389325216972e+01
5.498549854985498797e+01,4.052829426427697399e+03,1.998247528267322082e+01
5.499549954995499945e+01,4.052910627556864711e+03,1.998247666934314282e+01
5.500550055005501093e+01,4.052991621732125623e+03,1.998247805329244997e+01
5.501550155015501531e+01,4.053072373580952899e+03,1.998247943455130482e+01
5.502550255025502679e+01,4.053152848198241827e+03,1.998248081314954661e+01
5.503550355035503827e+01,4.053233011146313856e+03,1.998248218911667351e+01
5.504550455045504975e+01,4.053312828454912960e+03,1.998248356248184976e+01
5.505550555055506123e+01,4.053392266621208364e+03,1.998248493327390207e+01
5.506550655065506561e+01,4.053471292609792272e+03,1.998248630152132677e+01
5.507550755075507709e+01,4.053549873852681230e+03,1.998248766725227910e+01
5.508550855085508857e+01,4.053627978249316584e+03,1.998248903049458036e+01
5.509550955095510005e+01,4.053705574166563565e+03,1.998249039127571791e+01
5.510551055105511153e+01,4.053782630438710385e+03,1.998249174962283803e+01
5.511551155115511591e+01,4.053859116367470506e+03,1.998249310556276015e+01
5.512551255125512739e+01,4.053935001721981735e+03,1.998249445912195910e+01
5.513551355135513887e+01,4.054010256738804401e+03,1.998249581032657929e+01
5.514551455145515035e+01,4.054084852121924087e+03,1.998249715920243119e+01
5.515551555155515473e+01,4.054158759042750717e+03,1.998249850577498421e+01
5.516551655165516621e+01,4.054231949140117194e+03,1.998249985006937735e+01
5.517551755175517769e+01,4.054304394520281676e+03,1.998250119211040854e+01
5.518551855185518917e+01,4.054376067756925750e+03,1.998250253192254533e+01
5.519551955195520065e+01,4.054446941891154438e+03,1.998250386952991775e+01
5.520552055205520503e+01,4.054516990431498471e+03,1.998250520495631832e+01
5.521552155215521651e+01,4.054586187353911555e+03,1.998250653822520917e+01
5.522552255225522799e+01,4.054654507101771287e+03,1.998250786935971135e+01
5.523552355235523947e+01,4.054721924585880515e+03,1.998250919838260842e+01
5.524552455245525096e+01,4.054788415184464611e+03,1.998251052531635708e+01
5.525552555255525533e+01,4.054853954743174199e+03,1.998251185018307297e+01
5.526552655265526681e+01,4.054918519575083792e+03,1.998251317300453778e+01
5.527552755275527829e+01,4.054982086460691335e+03,1.998251449380219213e+01
5.528552855285528977e+01,4.055044632647919570e+03,1.998251581259714627e+01
5.529552955295530126e+01,4.055106135852115131e+03,1.998251712941017999e+01
5.530553055305530563e+01,4.055166574256048989e+03,1.998251844426172497e+01
5.531553155315531711e+01,4.055225926509915098e+03,1.998251975717188600e+01
5.532553255325532859e+01,4.055284171731332663e+03,1.998252106816043039e+01
5.533553355335534008e+01,4.055341289505344776e+03,1.998252237724678793e+01
5.534553455345535156e+01,4.055397259884418418e+03,1.998252368445005800e+01
5.535553555355535593e+01,4.055452063388444003e+03,1.998252498978899894e+01
5.536553655365536741e+01,4.055505681004737653e+03,1.998252629328203156e+01
5.537553755375537889e+01,4.055558094188038012e+03,1.998252759494724984e+01
5.538553855385539038e+01,4.055609284860508069e+03,1.998252889480240668e+01
5.539553955395539475e+01,4.055659235411736063e+03,1.998253019286492105e+01
5.540554055405540623e+01,4.055707928698732758e+03,1.998253148915186728e+01
5.541554155415541771e+01,4.055755348045934170e+03,1.998253278368000352e+01
5.542554255425542920e+01,4.055801477245199749e+03,1.998253407646573265e+01
5.543554355435544068e+01,4.055846300555812832e+03,1.998253536752513071e+01
5.544554455445544505e+01,4.055889802704482008e+03,1.998253665687393976e+01
5.545554555455545653e+01,4.055931968885338392e+03,1.998253794452756438e+01
5.546554655465546801e+01,4.055972784759938349e+03,1.998253923050107161e+01
5.547554755475547950e+01,4.056012236457261679e+03,1.998254051480919458e+01
5.548554855485549098e+01,4.056050310573712977e+03,1.998254179746632886e+01
5.549554955495549535e+01,4.056086994173119820e+03,1.998254307848653966e+01
5.550555055505550683e+01,4.056122274786735034e+03,1.998254435788355465e+01
5.551555155515551832e+01,4.056156140413234425e+03,1.998254563567076048e+01
5.552555255525552980e+01,4.056188579518719052e+03,1.998254691186120979e+01
5.553555355535554128e+01,4.056219581036712952e+03,1.998254818646762843e+01
5.554555455545554565e+01,4.056249134368164960e+03,1.998254945950239758e+01
5.555555555555555713e+01,4.056277229381447796e+03,1.998255073097756451e+01
5.556555655565556862e+01,4.056303856412358073e+03,1.998255200090484252e+01
5.557555755575558010e+01,4.056329006264116742e+03,1.998255326929560738e+01
5.558555855585559158e+01,4.056352670207368647e+03,1.998255453616090094e+01
5.559555955595559595e+01,4.056374839980182969e+03,1.998255580151143107e+01
5.560556055605560744e+01,4.056395507788052782e+03,1.998255706535756460e+01
5.561556155615561892e+01,4.056414666303895046e+03,1.998255832770933793e+01
5.562556255625563040e+01,4.056432308668051519e+03,1.998255958857645354e+01
5.563556355635563477e+01,4.056448428488286481e+03,1.998256084796826570e+01
5.564556455645564625e+01,4.056463019839790832e+03,1.998256210589381254e+01
5.565556555655565774e+01,4.056476077265176627e+03,1.998256336236177688e+01
5.566556655665566922e+01,4.056487595774482543e+03,1.998256461738052181e+01
5.567556755675568070e+01,4.056497570845169776e+03,1.998256587095806580e+01
5.568556855685568507e+01,4.056505998422123866e+03,1.998256712310209693e+01
5.569556955695569656e+01,4.056512874917655154e+03,1.998256837381995865e+01
5.570557055705570804e+01,4.056518197211496954e+03,1.998256962311867113e+01
5.571557155715571952e+01,4.056521962650807836e+03,1.998257087100490992e+01
5.572557255725573100e+01,4.056524169050169803e+03,1.998257211748502016e+01
5.573557355735573537e+01,4.056524814691588290e+03,1.998257336256500594e+01
5.574557455745574686e+01,4.056523898324494439e+03,1.998257460625054449e+01
5.575557555755575834e+01,4.056521419165741918e+03,1.998257584854696489e+01
5.576557655765576982e+01,4.056517376899609644e+03,1.998257708945927291e+01
5.577557755775578130e+01,4.056511771677799970e+03,1.998257832899212971e+01
5.578557855785578568e+01,4.056504604119439136e+03,1.998257956714986960e+01
5.579557955795579716e+01,4.056495875311077725e+03,1.998258080393647873e+01
5.580558055805580864e+01,4.056485586806691117e+03,1.998258203935562349e+01
5.581558155815582012e+01,4.056473740627677671e+03,1.998258327341062213e+01
5.582558255825583160e+01,4.056460339262860089e+03,1.998258450610446246e+01
5.583558355835583598e+01,4.056445385668485414e+03,1.998258573743979838e+01
5.584558455845584746e+01,4.056428883268225036e+03,1.998258696741893914e+01
5.585558555855585894e+01,4.056410835953174228e+03,1.998258819604386716e+01
5.586558655865587042e+01,4.056391248081851245e+03,1.998258942331623089e+01
5.587558755875587480e+01,4.056370124480200502e+03,1.998259064923733774e+01
5.588558855885588628e+01,4.056347470441588484e+03,1.998259187380815760e+01
5.589558955895589776e+01,4.056323291726806929e+03,1.998259309702933351e+01
5.590559055905590924e+01,4.056297594564071460e+03,1.998259431890116389e+01
5.591559155915592072e+01,4.056270385649022046e+03,1.998259553942361322e+01
5.592559255925592510e+01,4.056241672144721633e+03,1.998259675859631912e+01
5.593559355935593658e+01,4.056211461681658875e+03,1.998259797641856750e+01
5.594559455945594806e+01,4.056179762357744494e+03,1.998259919288932807e+01
5.595559555955595954e+01,4.056146582738315374e+03,1.998260040800721882e+01
5.596559655965597102e+01,4.056111931856131378e+03,1.998260162177053090e+01
5.597559755975597540e+01,4.056075819211376711e+03,1.998260283417721794e+01
5.598559855985598688e+01,4.056038254771658558e+03,1.998260404522489253e+01
5.599559955995599836e+01,4.055999248972010719e+03,1.998260525491084039e+01
5.600560056005600984e+01,4.055958812714888154e+03,1.998260646323200618e+01
5.601560156015602132e+01,4.055916957370172440e+03,1.998260767018500061e+01
5.602560256025602570e+01,4.055873694775167223e+03,1.998260887576609690e+01
5.603560356035603718e+01,4.055829037234601401e+03,1.998261007997124139e+01
5.604560456045604866e+01,4.055782997520627760e+03,1.998261128279602872e+01
5.605560556055606014e+01,4.055735588872822973e+03,1.998261248423573022e+01
5.606560656065607162e+01,4.055686824998187603e+03,1.998261368428527973e+01
5.607560756075607600e+01,4.055636720071147010e+03,1.998261488293927712e+01
5.608560856085608748e+01,4.055585288733550442e+03,1.998261608019197411e+01
5.609560956095609896e+01,4.055532546094670124e+03,1.998261727603730620e+01
5.610561056105611044e+01,4.055478507731203536e+03,1.998261847046885720e+01
5.611561156115611482e+01,4.055423189687272043e+03,1.998261966347988761e+01
5.612561256125612630e+01,4.055366608474421355e+03,1.998262085506330976e+01
5.613561356135613778e+01,4.055308781071620160e+03,1.998262204521170915e+01
5.614561456145614926e+01,4.055249724925261944e+03,1.998262323391733730e+01
5.615561556155616074e+01,4.055189457949164989e+03,1.998262442117209758e+01
5.616561656165616512e+01,4.055127998524570557e+03,1.998262560696757717e+01
5.617561756175617660e+01,4.055065365500144253e+03,1.998262679129500796e+01
5.618561856185618808e+01,4.055001578191976023e+03,1.998262797414530212e+01
5.619561956195619956e+01,4.054936656383579248e+03,1.998262915550902363e+01
5.620562056205621104e+01,4.054870620325893015e+03,1.998263033537641320e+01
5.621562156215621542e+01,4.054803490737278480e+03,1.998263151373735980e+01
5.622562256225622690e+01,4.054735288803522053e+03,1.998263269058143621e+01
5.623562356235623838e+01,4.054666036177834030e+03,1.998263386589786350e+01
5.624562456245624986e+01,4.054595754980848596e+03,1.998263503967553234e+01
5.625562556255626134e+01,4.054524467800623825e+03,1.998263621190300654e+01
5.626562656265626572e+01,4.054452197692643040e+03,1.998263738256849820e+01
5.627562756275627720e+01,4.054378968179812091e+03,1.998263855165989611e+01
5.628562856285628868e+01,4.054304803252461625e+03,1.998263971916474802e+01
5.629562956295630016e+01,4.054229727368346175e+03,1.998264088507027125e+01
5.630563056305631164e+01,4.054153765452645075e+03,1.998264204936333854e+01
5.631563156315631602e+01,4.054076942897961089e+03,1.998264321203049576e+01
5.632563256325632750e+01,4.053999285564321326e+03,1.998264437305794772e+01
5.633563356335633898e+01,4.053920819779175872e+03,1.998264553243156527e+01
5.634563456345635046e+01,4.053841572337400976e+03,1.998264669013688888e+01
5.635563556355636194e+01,4.053761570501294955e+03,1.998264784615911438e+01
5.636563656365636632e+01,4.053680842000581833e+03,1.998264900048310722e+01
5.637563756375637780e+01,4.053599415032408160e+03,1.998265015309339532e+01
5.638563856385638928e+01,4.053517318261346190e+03,1.998265130397417266e+01
5.639563956395640076e+01,4.053434580819390703e+03,1.998265245310929927e+01
5.640564056405640514e+01,4.053351232305962185e+03,1.998265360048229411e+01
5.641564156415641662e+01,4.053267302787903645e+03,1.998265474607634218e+01
5.642564256425642810e+01,4.053182822799482437e+03,1.998265588987429808e+01
5.643564356435643958e+01,4.053097823342391621e+03,1.998265703185867537e+01
5.644564456445645106e+01,4.053012335885745870e+03,1.998265817201165362e+01
5.645564556455645544e+01,4.052926392366086475e+03,1.998265931031507492e+01
5.646564656465646692e+01,4.052840025187376341e+03,1.998266044675045450e+01
5.647564756475647840e+01,4.052753267221004080e+03,1.998266158129895587e+01
5.648564856485648988e+01,4.052666151805782192e+03,1.998266271394142279e+01
5.649564956495650137e+01,4.052578712747946611e+03,1.998266384465835444e+01
5.650565056505650574e+01,4.052490984321158066e+03,1.998266497342991954e+01
5.651565156515651722e+01,4.052403001266500723e+03,1.998266610023594225e+01
5.652565256525652870e+01,4.052314798792483543e+03,1.998266722505592341e+01
5.653565356535654018e+01,4.052226412575038921e+03,1.998266834786902280e+01
5.654565456545655167e+01,4.052137878757523595e+03,1.998266946865405913e+01
5.655565556555655604e+01,4.052049233950718644e+03,1.998267058738952429e+01
5.656565656565656752e+01,4.051960515232828584e+03,1.998267170405356552e+01
5.657565756575657900e+01,4.051871760149482725e+03,1.998267281862400679e+01
5.658565856585659049e+01,4.051783006713734267e+03,1.998267393107832390e+01
5.659565956595660197e+01,4.051694293406059387e+03,1.998267504139366579e+01
5.660566056605660634e+01,4.051605659174360426e+03,1.998267614954684035e+01
5.661566156615661782e+01,4.051517143433962246e+03,1.998267725551432150e+01
5.662566256625662930e+01,4.051428786067614510e+03,1.998267835927225278e+01
5.663566356635664079e+01,4.051340627425489856e+03,1.998267946079642954e+01
5.664566456645664516e+01,4.051252708325187086e+03,1.998268056006232740e+01
5.665566556655665664e+01,4.051165070051726616e+03,1.998268165704507382e+01
5.666566656665666812e+01,4.051077754357555023e+03,1.998268275171946229e+01
5.667566756675667961e+01,4.050990803462541407e+03,1.998268384405996301e+01
5.668566856685669109e+01,4.050904260053980124e+03,1.998268493404069091e+01
5.669566956695669546e+01,4.050818167286589414e+03,1.998268602163544116e+01
5.670567056705670694e+01,4.050732568782510498e+03,1.998268710681766791e+01
5.671567156715671842e+01,4.050647508631310302e+03,1.998268818956048776e+01
5.672567256725672991e+01,4.050563031389978278e+03,1.998268926983668337e+01
5.673567356735674139e+01,4.050479182082929128e+03,1.998269034761870344e+01
5.674567456745674576e+01,4.050396006202001445e+03,1.998269142287865918e+01
5.675567556755675724e+01,4.050313549706457252e+03,1.998269249558832428e+01
5.676567656765676873e+01,4.050231859022982917e+03,1.998269356571914557e+01
5.677567756775678021e+01,4.050150981045689605e+03,1.998269463324221817e+01
5.678567856785679169e+01,4.050070963136111914e+03,1.998269569812831747e+01
5.679567956795679606e+01,4.049991853123208330e+03,1.998269676034787778e+01
5.680568056805680754e+01,4.049913699303361682e+03,1.998269781987099236e+01
5.681568156815681903e+01,4.049836550440379142e+03,1.998269887666743116e+01
5.682568256825683051e+01,4.049760455765491315e+03,1.998269993070661243e+01
5.683568356835684199e+01,4.049685464977354059e+03,1.998270098195763111e+01
5.684568456845684636e+01,4.049611628242045754e+03,1.998270203038924464e+01
5.685568556855685785e+01,4.049538996193070034e+03,1.998270307596986939e+01
5.686568656865686933e+01,4.049467619931354420e+03,1.998270411866759133e+01
5.687568756875688081e+01,4.049397551025249868e+03,1.998270515845015893e+01
5.688568856885688518e+01,4.049328841510532584e+03,1.998270619528498671e+01
5.689568956895689666e+01,4.049261543890401299e+03,1.998270722913915165e+01
5.690569056905690815e+01,4.049195711135479996e+03,1.998270825997939681e+01
5.691569156915691963e+01,4.049131396683816547e+03,1.998270928777212418e+01
5.692569256925693111e+01,4.049068654440883165e+03,1.998271031248340890e+01
5.693569356935693548e+01,4.049007538779575043e+03,1.998271133407898503e+01
5.694569456945694697e+01,4.048948104540212171e+03,1.998271235252424916e+01
5.695569556955695845e+01,4.048890407030539336e+03,1.998271336778427099e+01
5.696569656965696993e+01,4.048834502025723850e+03,1.998271437982377208e+01
5.697569756975698141e+01,4.048780445768358732e+03,1.998271538860715069e+01
5.698569856985698578e+01,4.048728294968459522e+03,1.998271639409846401e+01
5.699569956995699727e+01,4.048678106803467017e+03,1.998271739626142818e+01
5.700570057005700875e+01,4.048629938918245898e+03,1.998271839505943603e+01
5.701570157015702023e+01,4.048583849425084736e+03,1.998271939045553225e+01
5.702570257025703171e+01,4.048539896903695535e+03,1.998272038241243109e+01
5.703570357035703609e+01,4.048498140401215551e+03,1.998272137089251999e+01
5.704570457045704757e+01,4.048458639432205473e+03,1.998272235585783463e+01
5.705570557055705905e+01,4.048421453978650334e+03,1.998272333727008387e+01
5.706570657065707053e+01,4.048386644489958599e+03,1.998272431509064262e+01
5.707570757075708201e+01,4.048354271882963985e+03,1.998272528928054470e+01
5.708570857085708639e+01,4.048324397541922735e+03,1.998272625980049355e+01
5.709570957095709787e+01,4.048297083318517252e+03,1.998272722661085510e+01
5.710571057105710935e+01,4.048272391531852008e+03,1.998272818967165776e+01
5.711571157115712083e+01,4.048250384968456274e+03,1.998272914894259600e+01
5.712571257125712521e+01,4.048231126882284116e+03,1.998273010438302677e+01
5.713571357135713669e+01,4.048214680994712580e+03,1.998273105595197663e+01
5.714571457145714817e+01,4.048201111494543511e+03,1.998273200360813462e+01
5.715571557155715965e+01,4.048190483038002185e+03,1.998273294730984517e+01
5.716571657165717113e+01,4.048182860748739131e+03,1.998273388701513298e+01
5.717571757175717551e+01,4.048178310217827857e+03,1.998273482268167101e+01
5.718571857185718699e+01,4.048176897503765758e+03,1.998273575426681248e+01
5.719571957195719847e+01,4.048178689132475938e+03,1.998273668172755890e+01
5.720572057205720995e+01,4.048183752097303568e+03,1.998273760502058849e+01
5.721572157215722143e+01,4.048192153859019072e+03,1.998273852410224194e+01
5.722572257225722581e+01,4.048203962345816763e+03,1.998273943892851889e+01
5.723572357235723729e+01,4.048219245953315294e+03,1.998274034945508504e+01
5.724572457245724877e+01,4.048238073544556755e+03,1.998274125563727210e+01
5.725572557255726025e+01,4.048260514450008031e+03,1.998274215743007787e+01
5.726572657265727173e+01,4.048286638467558987e+03,1.998274305478816260e+01
5.727572757275727611e+01,4.048316515862524739e+03,1.998274394766585260e+01
5.728572857285728759e+01,4.048350217367644291e+03,1.998274483601713314e+01
5.729572957295729907e+01,4.048387814183080081e+03,1.998274571979565906e+01
5.730573057305731055e+01,4.048429377976419346e+03,1.998274659895474770e+01
5.731573157315732203e+01,4.048474980882672753e+03,1.998274747344738600e+01
5.732573257325732641e+01,4.048524695504275314e+03,1.998274834322621274e+01
5.733573357335733789e+01,4.048578587180476461e+03,1.998274920824914247e+01
5.734573457345734937e+01,4.048635378922704604e+03,1.998275006944491494e+01
5.735573557355736085e+01,4.048694058243786912e+03,1.998275092754866478e+01
5.736573657365736523e+01,4.048754564100191146e+03,1.998275178260648133e+01
5.737573757375737671e+01,4.048816835976617767e+03,1.998275263466407026e+01
5.738573857385738819e+01,4.048880813885998123e+03,1.998275348376676774e+01
5.739573957395739967e+01,4.048946438369496718e+03,1.998275432995953338e+01
5.740574057405741115e+01,4.049013650496511218e+03,1.998275517328695017e+01
5.741574157415741553e+01,4.049082391864669717e+03,1.998275601379322808e+01
5.742574257425742701e+01,4.049152604599834831e+03,1.998275685152218983e+01
5.743574357435743849e+01,4.049224231356100063e+03,1.998275768651729223e+01
5.744574457445744997e+01,4.049297215315791618e+03,1.998275851882161902e+01
5.745574557455746145e+01,4.049371500189468406e+03,1.998275934847786672e+01
5.746574657465746583e+01,4.049447030215920677e+03,1.998276017552836592e+01
5.747574757475747731e+01,4.049523750162172291e+03,1.998276100001506705e+01
5.748574857485748879e+01,4.049601605323478452e+03,1.998276182197954043e+01
5.749574957495750027e+01,4.049680541523327520e+03,1.998276264146298686e+01
5.750575057505751175e+01,4.049760505113439649e+03,1.998276345850622704e+01
5.751575157515751613e+01,4.049841442973767698e+03,1.998276427314971215e+01
5.752575257525752761e+01,4.049923302512496321e+03,1.998276508543350616e+01
5.753575357535753909e+01,4.050006031666042873e+03,1.998276589539731063e+01
5.754575457545755057e+01,4.050089578899057415e+03,1.998276670308043634e+01
5.755575557555756205e+01,4.050173893204421347e+03,1.998276750852183170e+01
5.756575657565756643e+01,4.050258924103249683e+03,1.998276831176005786e+01
5.757575757575757791e+01,4.050344621644888775e+03,1.998276911283330648e+01
5.758575857585758939e+01,4.050430936406918136e+03,1.998276991177939266e+01
5.759575957595760087e+01,4.050517819495148615e+03,1.998277070863575489e+01
5.760576057605760525e+01,4.050605222543624222e+03,1.998277150343945507e+01
5.761576157615761673e+01,4.050693097714620762e+03,1.998277229622718210e+01
5.762576257625762821e+01,4.050781397698647197e+03,1.998277308703523758e+01
5.763576357635763969e+01,4.050870075714443828e+03,1.998277387589956433e+01
5.764576457645765117e+01,4.050959085508984117e+03,1.998277466285571435e+01
5.765576557655765555e+01,4.051048381357473318e+03,1.998277544793887373e+01
5.766576657665766703e+01,4.051137918063349389e+03,1.998277623118384838e+01
5.767576757675767851e+01,4.051227650958282538e+03,1.998277701262506412e+01
5.768576857685768999e+01,4.051317535902175223e+03,1.998277779229657725e+01
5.769576957695770147e+01,4.051407529283162148e+03,1.998277857023206749e+01
5.770577057705770585e+01,4.051497588017610269e+03,1.998277934646483445e+01
5.771577157715771733e+01,4.051587669550119699e+03,1.998278012102780465e+01
5.772577257725772881e+01,4.051677731853521891e+03,1.998278089395352808e+01
5.773577357735774029e+01,4.051767733428881456e+03,1.998278166527417810e+01
5.774577457745775178e+01,4.051857633305494801e+03,1.998278243502155505e+01
5.775577557755775615e+01,4.051947391040890125e+03,1.998278320322707557e+01
5.776577657765776763e+01,4.052036966720829696e+03,1.998278396992178685e+01
5.777577757775777911e+01,4.052126320959307122e+03,1.998278473513636300e+01
5.778577857785779059e+01,4.052215414898547351e+03,1.998278549890109090e+01
5.779577957795780208e+01,4.052304210209009398e+03,1.998278626124589508e+01
5.780578057805780645e+01,4.052392669089384071e+03,1.998278702220031278e+01
5.781578157815781793e+01,4.052480754266593522e+03,1.998278778179351178e+01
5.782578257825782941e+01,4.052568428995793965e+03,1.998278854005427974e+01
5.783578357835784090e+01,4.052655657060372505e+03,1.998278929701103124e+01
5.784578457845784527e+01,4.052742402771949401e+03,1.998279005269180431e+01
5.785578557855785675e+01,4.052828630970376707e+03,1.998279080712425682e+01
5.786578657865786823e+01,4.052914307023739184e+03,1.998279156033568071e+01
5.787578757875787971e+01,4.052999396828354293e+03,1.998279231235297715e+01
5.788578857885789120e+01,4.053083866808771290e+03,1.998279306320268844e+01
5.789578957895789557e+01,4.053167683917771228e+03,1.998279381291096612e+01
5.790579057905790705e+01,4.053250815636368770e+03,1.998279456150359579e+01
5.791579157915791853e+01,4.053333229973810376e+03,1.998279530900597578e+01
5.792579257925793002e+01,4.053414895467574752e+03,1.998279605544314208e+01
5.793579357935794150e+01,4.053495781183372401e+03,1.998279680083974696e+01
5.794579457945794587e+01,4.053575856715147438e+03,1.998279754522006613e+01
5.795579557955795735e+01,4.053655092185075773e+03,1.998279828860799867e+01
5.796579657965796883e+01,4.053733458243565110e+03,1.998279903102707422e+01
5.797579757975798032e+01,4.053810926069255856e+03,1.998279977250044226e+01
5.798579857985799180e+01,4.053887467369021124e+03,1.998280051305087213e+01
5.799579957995799617e+01,4.053963054377965818e+03,1.998280125270076013e+01
5.800580058005800765e+01,4.054037659859427549e+03,1.998280199147213310e+01
5.801580158015801914e+01,4.054111257104976630e+03,1.998280272938663060e+01
5.802580258025803062e+01,4.054183819934414259e+03,1.998280346646552630e+01
5.803580358035804210e+01,4.054255322695776158e+03,1.998280420272970659e+01
5.804580458045804647e+01,4.054325740265328022e+03,1.998280493819969905e+01
5.805580558055805795e+01,4.054395048047570072e+03,1.998280567289563336e+01
5.806580658065806944e+01,4.054463221975232955e+03,1.998280640683728038e+01
5.807580758075808092e+01,4.054530238509281389e+03,1.998280714004403080e+01
5.808580858085808529e+01,4.054596074638911432e+03,1.998280787253489521e+01
5.809580958095809677e+01,4.054660707881551389e+03,1.998280860432850758e+01
5.810581058105810826e+01,4.054724116282862269e+03,1.998280933544313243e+01
5.811581158115811974e+01,4.054786278416737332e+03,1.998281006589665409e+01
5.812581258125813122e+01,4.054847173385302995e+03,1.998281079570658036e+01
5.813581358135813559e+01,4.054906780818916104e+03,1.998281152489004597e+01
5.814581458145814707e+01,4.054965080876167576e+03,1.998281225346380552e+01
5.815581558155815856e+01,4.055022054243879666e+03,1.998281298144424056e+01
5.816581658165817004e+01,4.055077682137107786e+03,1.998281370884735608e+01
5.817581758175818152e+01,4.055131946299139599e+03,1.998281443568878046e+01
5.818581858185818589e+01,4.055184829001494109e+03,1.998281516198376551e+01
5.819581958195819738e+01,4.055236313043923474e+03,1.998281588774718998e+01
5.820582058205820886e+01,4.055286381754412105e+03,1.998281661299355250e+01
5.821582158215822034e+01,4.055335018989177115e+03,1.998281733773697866e+01
5.822582258225823182e+01,4.055382209132667413e+03,1.998281806199121746e+01
5.823582358235823619e+01,4.055427937097564154e+03,1.998281878576964132e+01
5.824582458245824768e+01,4.055472188324781200e+03,1.998281950908524607e+01
5.825582558255825916e+01,4.055514948783464661e+03,1.998282023195065094e+01
5.826582658265827064e+01,4.055556204970993349e+03,1.998282095437810213e+01
5.827582758275828212e+01,4.055595943912977418e+03,1.998282167637946927e+01
5.828582858285828650e+01,4.055634153163260180e+03,1.998282239796624538e+01
5.829582958295829798e+01,4.055670820803917650e+03,1.998282311914953979e+01
5.830583058305830946e+01,4.055705935445257182e+03,1.998282383994010303e+01
5.831583158315832094e+01,4.055739486225818837e+03,1.998282456034829124e+01
5.832583258325832531e+01,4.055771462812374921e+03,1.998282528038409822e+01
5.833583358335833680e+01,4.055801855399931355e+03,1.998282600005713050e+01
5.834583458345834828e+01,4.055830654711724037e+03,1.998282671937663224e+01
5.835583558355835976e+01,4.055857851999223385e+03,1.998282743835145681e+01
5.836583658365837124e+01,4.055883439042131158e+03,1.998282815699008808e+01
5.837583758375837562e+01,4.055907408148380910e+03,1.998282887530064045e+01
5.838583858385838710e+01,4.055929752154140260e+03,1.998282959329084463e+01
5.839583958395839858e+01,4.055950464423807261e+03,1.998283031096805118e+01
5.840584058405841006e+01,4.055969538850014033e+03,1.998283102833924474e+01
5.841584158415842154e+01,4.055986969853623123e+03,1.998283174541102980e+01
5.842584258425842592e+01,4.056002752383731149e+03,1.998283246218963072e+01
5.843584358435843740e+01,4.056016881917666069e+03,1.998283317868090236e+01
5.844584458445844888e+01,4.056029354460988998e+03,1.998283389489032302e+01
5.845584558455846036e+01,4.056040166547492390e+03,1.998283461082298729e+01
5.846584658465847184e+01,4.056049315239202315e+03,1.998283532648362382e+01
5.847584758475847622e+01,4.056056798126375270e+03,1.998283604187658113e+01
5.848584858485848770e+01,4.056062613327502277e+03,1.998283675700582407e+01
5.849584958495849918e+01,4.056066759489305241e+03,1.998283747187495507e+01
5.850585058505851066e+01,4.056069235786739227e+03,1.998283818648719290e+01
5.851585158515852214e+01,4.056070041922990640e+03,1.998283890084537973e+01
5.852585258525852652e+01,4.056069178129479496e+03,1.998283961495198469e+01
5.853585358535853800e+01,4.056066645165857153e+03,1.998284032880909677e+01
5.854585458545854948e+01,4.056062444320007671e+03,1.998284104241843906e+01
5.855585558555856096e+01,4.056056577408047815e+03,1.998284175578134025e+01
5.856585658565856534e+01,4.056049046774326143e+03,1.998284246889877380e+01
5.857585758575857682e+01,4.056039855291423919e+03,1.998284318177132590e+01
5.858585858585858830e+01,4.056029006360154199e+03,1.998284389439920261e+01
5.859585958595859978e+01,4.056016503909562744e+03,1.998284460678224406e+01
5.860586058605861126e+01,4.056002352396928018e+03,1.998284531891991023e+01
5.861586158615861564e+01,4.055986556807760735e+03,1.998284603081128452e+01
5.862586258625862712e+01,4.055969122655803403e+03,1.998284674245507020e+01
5.863586358635863860e+01,4.055950055983030779e+03,1.998284745384960459e+01
5.864586458645865008e+01,4.055929363359651234e+03,1.998284816499283778e+01
5.865586558655866156e+01,4.055907051884104021e+03,1.998284887588235748e+01
5.866586658665866594e+01,4.055883129183061556e+03,1.998284958651535703e+01
5.867586758675867742e+01,4.055857603411428045e+03,1.998285029688867098e+01
5.868586858685868890e+01,4.055830483252340855e+03,1.998285100699874661e+01
5.869586958695870038e+01,4.055801777917169147e+03,1.998285171684166528e+01
5.870587058705871186e+01,4.055771497145514331e+03,1.998285242641311754e+01
5.871587158715871624e+01,4.055739651205210521e+03,1.998285313570843513e+01
5.872587258725872772e+01,4.055706250892323624e+03,1.998285384472255899e+01
5.873587358735873920e+01,4.055671307531152706e+03,1.998285455345006412e+01
5.874587458745875068e+01,4.055634832974228175e+03,1.998285526188514893e+01
5.875587558755876216e+01,4.055596839602313594e+03,1.998285597002162461e+01
5.876587658765876654e+01,4.055557340324404777e+03,1.998285667785293995e+01
5.877587758775877802e+01,4.055516348577729786e+03,1.998285738537216005e+01
5.878587858785878950e+01,4.055473878327748480e+03,1.998285809257197698e+01
5.879587958795880098e+01,4.055429944068153873e+03,1.998285879944470267e+01
5.880588058805880536e+01,4.055384560820870774e+03,1.998285950598228311e+01
5.881588158815881684e+01,4.055337744136056699e+03,1.998286021217627706e+01
5.882588258825882832e+01,4.055289510092100954e+03,1.998286091801787023e+01
5.883588358835883980e+01,4.055239875295626462e+03,1.998286162349787887e+01
5.884588458845885128e+01,4.055188856881487027e+03,1.998286232860673195e+01
5.885588558855885566e+01,4.055136472512769160e+03,1.998286303333449254e+01
5.886588658865886714e+01,4.055082740380792075e+03,1.998286373767084001e+01
5.887588758875887862e+01,4.055027679205107688e+03,1.998286444160508779e+01
5.888588858885889010e+01,4.054971308233499258e+03,1.998286514512615852e+01
5.889588958895890158e+01,4.054913647241983199e+03,1.998286584822261247e+01
5.890589058905890596e+01,4.054854716534807721e+03,1.998286655088262975e+01
5.891589158915891744e+01,4.054794536944453739e+03,1.998286725309400680e+01
5.892589258925892892e+01,4.054733129831634415e+03,1.998286795484417766e+01
5.893589358935894040e+01,4.054670517085295160e+03,1.998286865612018914e+01
5.894589458945895188e+01,4.054606721122614090e+03,1.998286935690871502e+01
5.895589558955895626e+01,4.054541764889000660e+03,1.998287005719605602e+01
5.896589658965896774e+01,4.054475671858097940e+03,1.998287075696813631e+01
5.897589758975897922e+01,4.054408466031780790e+03,1.998287145621049987e+01
5.898589858985899070e+01,4.054340171940156324e+03,1.998287215490832125e+01
5.899589958995900218e+01,4.054270814641564357e+03,1.998287285304638772e+01
5.900590059005900656e+01,4.054200419722576044e+03,1.998287355060912773e+01
5.901590159015901804e+01,4.054129013297996607e+03,1.998287424758057540e+01
5.902590259025902952e+01,4.054056622010861702e+03,1.998287494394440245e+01
5.903590359035904100e+01,4.053983273032440593e+03,1.998287563968389335e+01
5.904590459045904538e+01,4.053908994062234797e+03,1.998287633478197023e+01
5.905590559055905686e+01,4.053833813327978078e+03,1.998287702922116793e+01
5.906590659065906834e+01,4.053757759585635540e+03,1.998287772298365184e+01
5.907590759075907982e+01,4.053680862119405901e+03,1.998287841605120363e+01
5.908590859085909130e+01,4.053603150741720583e+03,1.998287910840523551e+01
5.909590959095909568e+01,4.053524655793241436e+03,1.998287980002678310e+01
5.910591059105910716e+01,4.053445408142864380e+03,1.998288049089650187e+01
5.911591159115911864e+01,4.053365439187716674e+03,1.998288118099467781e+01
5.912591259125913012e+01,4.053284780853158736e+03,1.998288187030121676e+01
5.913591359135914161e+01,4.053203465592782777e+03,1.998288255879564801e+01
5.914591459145914598e+01,4.053121526388413713e+03,1.998288324645712777e+01
5.915591559155915746e+01,4.053038996750108709e+03,1.998288393326442858e+01
5.916591659165916894e+01,4.052955910716156268e+03,1.998288461919596060e+01
5.917591759175918043e+01,4.052872302853078963e+03,1.998288530422974318e+01
5.918591859185919191e+01,4.052788208255630707e+03,1.998288598834342977e+01
5.919591959195919628e+01,4.052703662546798114e+03,1.998288667151429365e+01
5.920592059205920776e+01,4.052618701877799140e+03,1.998288735371923508e+01
5.921592159215921924e+01,4.052533362928085808e+03,1.998288803493477417e+01
5.922592259225923073e+01,4.052447682905341026e+03,1.998288871513705445e+01
5.923592359235924221e+01,4.052361699545480860e+03,1.998288939430185351e+01
5.924592459245924658e+01,4.052275451112653627e+03,1.998289007240455817e+01
5.925592559255925806e+01,4.052188976399239436e+03,1.998289074942018928e+01
5.926592659265926955e+01,4.052102314725851102e+03,1.998289142532339113e+01
5.927592759275928103e+01,4.052015505941334141e+03,1.998289210008842431e+01
5.928592859285928540e+01,4.051928590422765865e+03,1.998289277368918349e+01
5.929592959295929688e+01,4.051841609075456290e+03,1.998289344609917961e+01
5.930593059305930836e+01,4.051754603332947681e+03,1.998289411729155063e+01
5.931593159315931985e+01,4.051667615157014097e+03,1.998289478723906143e+01
5.932593259325933133e+01,4.051580687037662756e+03,1.998289545591409322e+01
5.933593359335933570e+01,4.051493861993132668e+03,1.998289612328866127e+01
5.934593459345934718e+01,4.051407183569896006e+03,1.998289678933439717e+01
5.935593559355935867e+01,4.051320695842656278e+03,1.998289745402255591e+01
5.936593659365937015e+01,4.051234443414349698e+03,1.998289811732402299e+01
5.937593759375938163e+01,4.051148471416145185e+03,1.998289877920930380e+01
5.938593859385938600e+01,4.051062825507443449e+03,1.998289943964852355e+01
5.939593959395939748e+01,4.050977551875877452e+03,1.998290009861144156e+01
5.940594059405940897e+01,4.050892697237313769e+03,1.998290075606743343e+01
5.941594159415942045e+01,4.050808308835849857e+03,1.998290141198549819e+01
5.942594259425943193e+01,4.050724434443815426e+03,1.998290206633426536e+01
5.943594359435943630e+01,4.050641122361774705e+03,1.998290271908198434e+01
5.944594459445944779e+01,4.050558421418520993e+03,1.998290337019652441e+01
5.945594559455945927e+01,4.050476380971083017e+03,1.998290401964538532e+01
5.946594659465947075e+01,4.050395050904719483e+03,1.998290466739569382e+01
5.947594759475948223e+01,4.050314481632923162e+03,1.998290531341418585e+01
5.948594859485948660e+01,4.050234724097418166e+03,1.998290595766723854e+01
5.949594959495949809e+01,4.050155829768161311e+03,1.998290660012084174e+01
5.950595059505950957e+01,4.050077850643341662e+03,1.998290724074061231e+01
5.951595159515952105e+01,4.050000839249380533e+03,1.998290787949179403e+01
5.952595259525952542e+01,4.049924848640931486e+03,1.998290851633925058e+01
5.953595359535953691e+01,4.049849932400881244e+03,1.998290915124747258e+01
5.954595459545954839e+01,4.049776144640347866e+03,1.998290978418057406e+01
5.955595559555955987e+01,4.049703539998682572e+03,1.998291041510228894e+01
5.956595659565957135e+01,4.049632173643467922e+03,1.998291104397598161e+01
5.957595759575957572e+01,4.049562101270519634e+03,1.998291167076463282e+01
5.958595859585958721e+01,4.049493379103885673e+03,1.998291229543085734e+01
5.959595959595959869e+01,4.049426063895845800e+03,1.998291291793688629e+01
5.960596059605961017e+01,4.049360212926913391e+03,1.998291353824457772e+01
5.961596159615962165e+01,4.049295884005832249e+03,1.998291415631540957e+01
5.962596259625962603e+01,4.049233135469580702e+03,1.998291477211049028e+01
5.963596359635963751e+01,4.049172026183367507e+03,1.998291538559054459e+01
5.964596459645964899e+01,4.049112615540634579e+03,1.998291599671593133e+01
5.965596559655966047e+01,4.049054963463056538e+03,1.998291660544662562e+01
5.966596659665967195e+01,4.048999130400539798e+03,1.998291721174222602e+01
5.967596759675967633e+01,4.048945177331223476e+03,1.998291781556195801e+01
5.968596859685968781e+01,4.048893165761478485e+03,1.998291841686467052e+01
5.969596959695969929e+01,4.048843157725908441e+03,1.998291901560883943e+01
5.970597059705971077e+01,4.048795215787349662e+03,1.998291961175256048e+01
5.971597159715972225e+01,4.048749403036870262e+03,1.998292020525355284e+01
5.972597259725972663e+01,4.048705783093771061e+03,1.998292079606916616e+01
5.973597359735973811e+01,4.048664420105585123e+03,1.998292138415635932e+01
5.974597459745974959e+01,4.048625378748077310e+03,1.998292196947173593e+01
5.975597559755976107e+01,4.048588724225245642e+03,1.998292255197150524e+01
5.976597659765976545e+01,4.048554522269319932e+03,1.998292313161151057e+01
5.977597759775977693e+01,4.048522839140762699e+03,1.998292370834721865e+01
5.978597859785978841e+01,4.048493741628268708e+03,1.998292428213371608e+01
5.979597959795979989e+01,4.048467297048764976e+03,1.998292485292571641e+01
5.980598059805981137e+01,4.048443573247410768e+03,1.998292542067755662e+01
5.981598159815981575e+01,4.048422638597598052e+03,1.998292598534319353e+01
5.982598259825982723e+01,4.048404562000951046e+03,1.998292654687621805e+01
5.983598359835983871e+01,4.048389412887325761e+03,1.998292710522983384e+01
5.984598459845985019e+01,4.048377261214810915e+03,1.998292766035687507e+01
5.985598559855986167e+01,4.048368177469728380e+03,1.998292821220979576e+01
5.986598659865986605e+01,4.048362232666630916e+03,1.998292876074068403e+01
5.987598759875987753e+01,4.048359498348304442e+03,1.998292930590123717e+01
5.988598859885988901e+01,4.048360046585767122e+03,1.998292984764278302e+01
5.989598959895990049e+01,4.048363949978269829e+03,1.998293038591627990e+01
5.990599059905991197e+01,4.048371281653294773e+03,1.998293092067229892e+01
5.991599159915991635e+01,4.048382115266557776e+03,1.998293145186104525e+01
5.992599259925992783e+01,4.048396525002006001e+03,1.998293197943233679e+01
5.993599359935993931e+01,4.048414585571819316e+03,1.998293250333562909e+01
5.994599459945995079e+01,4.048436372216410291e+03,1.998293302351999046e+01
5.995599559955996227e+01,4.048461960704422836e+03,1.998293353993411614e+01
5.996599659965996665e+01,4.048491427332734474e+03,1.998293405252632837e+01
5.997599759975997813e+01,4.048524848926454069e+03,1.998293456124457279e+01
5.998599859985998961e+01,4.048562302838923188e+03,1.998293506603641490e+01
5.999599959996000109e+01,4.048603866951716554e+03,1.998293556684904715e+01
6.000600060006000547e+01,4.048649619674639325e+03,1.998293606362928543e+01
6.001600160016001695e+01,4.048699639945730723e+03,1.998293655632357257e+01
6.002600260026002843e+01,4.048753394633555217e+03,1.998293704531769777e+01
6.003600360036003991e+01,4.048808748633081450e+03,1.998293753214659674e+01
6.004600460046005139e+01,4.048865467265331972e+03,1.998293801698016381e+01
6.005600560056005577e+01,4.048923501196462439e+03,1.998293849985522286e+01
6.006600660066006725e+01,4.048982801542727884e+03,1.998293898080827447e+01
6.007600760076007873e+01,4.049043319870484538e+03,1.998293945987548881e+01
6.008600860086009021e+01,4.049105008196187555e+03,1.998293993709272343e+01
6.009600960096010169e+01,4.049167818986393740e+03,1.998294041249551256e+01
6.010601060106010607e+01,4.049231705157759734e+03,1.998294088611906361e+01
6.011601160116011755e+01,4.049296620077042462e+03,1.998294135799826776e+01
6.012601260126012903e+01,4.049362517561099139e+03,1.998294182816768938e+01
6.013601360136014051e+01,4.049429351876887267e+03,1.998294229666157307e+01
6.014601460146015199e+01,4.049497077741464636e+03,1.998294276351384369e+01
6.015601560156015637e+01,4.049565650321989324e+03,1.998294322875809570e+01
6.016601660166016785e+01,4.049635025235719240e+03,1.998294369242761448e+01
6.017601760176017933e+01,4.049705158550013948e+03,1.998294415455534789e+01
6.018601860186019081e+01,4.049776006782331933e+03,1.998294461517393827e+01
6.019601960196020229e+01,4.049847526900232879e+03,1.998294507431569400e+01
6.020602060206020667e+01,4.049919676321375391e+03,1.998294553201260371e+01
6.021602160216021815e+01,4.049992412913520639e+03,1.998294598829633983e+01
6.022602260226022963e+01,4.050065694994527803e+03,1.998294644319824442e+01
6.023602360236024111e+01,4.050139481332357263e+03,1.998294689674934332e+01
6.024602460246024549e+01,4.050213731145070597e+03,1.998294734898033909e+01
6.025602560256025697e+01,4.050288404100828302e+03,1.998294779992160741e+01
6.026602660266026845e+01,4.050363460317891622e+03,1.998294824960321492e+01
6.027602760276027993e+01,4.050438860364622542e+03,1.998294869805488716e+01
6.028602860286029141e+01,4.050514565259482879e+03,1.998294914530604771e+01
6.029602960296029579e+01,4.050590536471034738e+03,1.998294959138578264e+01
6.030603060306030727e+01,4.050666735917940514e+03,1.998295003632286182e+01
6.031603160316031875e+01,4.050743125968963795e+03,1.998295048014573894e+01
6.032603260326033023e+01,4.050819669442966642e+03,1.998295092288253016e+01
6.033603360336034171e+01,4.050896329608912765e+03,1.998295136456104615e+01
6.034603460346034609e+01,4.050973070185866163e+03,1.998295180520877068e+01
6.035603560356035757e+01,4.051049855342991123e+03,1.998295224485285715e+01
6.036603660366036905e+01,4.051126649699550853e+03,1.998295268352014631e+01
6.037603760376038053e+01,4.051203418324911127e+03,1.998295312123715206e+01
6.038603860386039202e+01,4.051280126738535728e+03,1.998295355803007212e+01
6.039603960396039639e+01,4.051356740909990549e+03,1.998295399392477378e+01
6.040604060406040787e+01,4.051433227258940860e+03,1.998295442894680818e+01
6.041604160416041935e+01,4.051509552655152675e+03,1.998295486312140667e+01
6.042604260426043083e+01,4.051585684418491837e+03,1.998295529647347024e+01
6.043604360436044232e+01,4.051661590318924482e+03,1.998295572902758011e+01
6.044604460446044669e+01,4.051737238576517484e+03,1.998295616080800485e+01
6.045604560456045817e+01,4.051812597861437553e+03,1.998295659183867912e+01
6.046604660466046965e+01,4.051887637293952594e+03,1.998295702214322489e+01
6.047604760476048114e+01,4.051962326444429436e+03,1.998295745174493021e+01
6.048604860486048551e+01,4.052036635333336108e+03,1.998295788066677403e+01
6.049604960496049699e+01,4.052110534431240467e+03,1.998295830893140845e+01
6.050605060506050847e+01,4.052183994658811571e+03,1.998295873656115873e+01
6.051605160516051996e+01,4.052256987386817855e+03,1.998295916357803392e+01
6.052605260526053144e+01,4.052329484436128041e+03,1.998295959000371980e+01
6.053605360536053581e+01,4.052401458077711595e+03,1.998296001585958237e+01
6.054605460546054729e+01,4.052472881032638270e+03,1.998296044116665726e+01
6.055605560556055877e+01,4.052543726472078106e+03,1.998296086594566745e+01
6.056605660566057026e+01,4.052613968017300976e+03,1.998296129021700906e+01
6.057605760576058174e+01,4.052683579739677043e+03,1.998296171400075849e+01
6.058605860586058611e+01,4.052752536160677664e+03,1.998296213731666882e+01
6.059605960596059759e+01,4.052820812251873576e+03,1.998296256018416983e+01
6.060606060606060908e+01,4.052888383434936713e+03,1.998296298262236803e+01
6.061606160616062056e+01,4.052955225581637933e+03,1.998296340465005727e+01
6.062606260626063204e+01,4.053021315013849289e+03,1.998296382628569745e+01
6.063606360636063641e+01,4.053086628503543579e+03,1.998296424754743228e+01
6.064606460646064789e+01,4.053151143272793433e+03,1.998296466845308572e+01
6.065606560656065938e+01,4.053214836993770859e+03,1.998296508902015489e+01
6.066606660666067086e+01,4.053277687788749517e+03,1.998296550926581361e+01
6.067606760676068234e+01,4.053339674230102901e+03,1.998296592920692305e+01
6.068606860686068671e+01,4.053400775340304335e+03,1.998296634886001044e+01
6.069606960696069820e+01,4.053460970591928344e+03,1.998296676824129037e+01
6.070607060706070968e+01,4.053520239907648829e+03,1.998296718736665056e+01
6.071607160716072116e+01,4.053578563660240889e+03,1.998296760625165547e+01
6.072607260726072553e+01,4.053635922672578999e+03,1.998296802491155333e+01
6.073607360736073701e+01,4.053692298217638381e+03,1.998296844336126554e+01
6.074607460746074850e+01,4.053747672018494541e+03,1.998296886161539376e+01
6.075607560756075998e+01,4.053802026248323727e+03,1.998296927968821635e+01
6.076607660766077146e+01,4.053855343530401115e+03,1.998296969759368835e+01
6.077607760776077583e+01,4.053907606938103982e+03,1.998297011534544509e+01
6.078607860786078732e+01,4.053958799994908532e+03,1.998297053295680215e+01
6.079607960796079880e+01,4.054008906674392165e+03,1.998297095044074823e+01
6.080608060806081028e+01,4.054057911400231205e+03,1.998297136780994876e+01
6.081608160816082176e+01,4.054105799046204538e+03,1.998297178507675653e+01
6.082608260826082613e+01,4.054152554936188608e+03,1.998297220225319037e+01
6.083608360836083762e+01,4.054198164844162875e+03,1.998297261935095648e+01
6.084608460846084910e+01,4.054242614994204814e+03,1.998297303638143418e+01
6.085608560856086058e+01,4.054285892060493552e+03,1.998297345335567954e+01
6.086608660866087206e+01,4.054327983167308048e+03,1.998297387028443239e+01
6.087608760876087644e+01,4.054368875889028004e+03,1.998297428717810931e+01
6.088608860886088792e+01,4.054408558250132046e+03,1.998297470404679643e+01
6.089608960896089940e+01,4.054447018725201360e+03,1.998297512090026729e+01
6.090609060906091088e+01,4.054484246238915603e+03,1.998297553774797208e+01
6.091609160916092236e+01,4.054520230166054716e+03,1.998297595459903420e+01
6.092609260926092674e+01,4.054554960331500297e+03,1.998297637146225725e+01
6.093609360936093822e+01,4.054588427010233318e+03,1.998297678834612512e+01
6.094609460946094970e+01,4.054620620927335040e+03,1.998297720525880194e+01
6.095609560956096118e+01,4.054651533257986557e+03,1.998297762220811791e+01
6.096609660966096556e+01,4.054681155627471071e+03,1.998297803920159765e+01
6.097609760976097704e+01,4.054709480111169796e+03,1.998297845624642832e+01
6.098609860986098852e+01,4.054736499234566054e+03,1.998297887334948442e+01
6.099609960996100000e+01,4.054762205973242089e+03,1.998297929051731714e+01
6.100610061006101148e+01,4.054786593752881799e+03,1.998297970775615440e+01
6.101610161016101586e+01,4.054809656449267550e+03,1.998298012507190435e+01
6.102610261026102734e+01,4.054831388388284267e+03,1.998298054247014477e+01
6.103610361036103882e+01,4.054851784345915348e+03,1.998298095995614432e+01
6.104610461046105030e+01,4.054870839548245385e+03,1.998298137753483772e+01
6.105610561056106178e+01,4.054888549671458350e+03,1.998298179521084705e+01
6.106610661066106616e+01,4.054904910841840319e+03,1.998298221298846755e+01
6.107610761076107764e+01,4.054919919635775386e+03,1.998298263087167115e+01
6.108610861086108912e+01,4.054933573079750204e+03,1.998298304886411003e+01
6.109610961096110060e+01,4.054945868650349439e+03,1.998298346696911665e+01
6.110611061106111208e+01,4.054956804274259866e+03,1.998298388518969659e+01
6.111611161116111646e+01,4.054966378328268092e+03,1.998298430352853572e+01
6.112611261126112794e+01,4.054974589639260103e+03,1.998298472198799658e+01
6.113611361136113942e+01,4.054981437484223534e+03,1.998298514057012554e+01
6.114611461146115090e+01,4.054986921590245402e+03,1.998298555927663500e+01
6.115611561156116238e+01,4.054991042134513464e+03,1.998298597810893185e+01
6.116611661166116676e+01,4.054993799744314856e+03,1.998298639706808544e+01
6.117611761176117824e+01,4.054995195497038821e+03,1.998298681615484895e+01
6.118611861186118972e+01,4.054995230920173526e+03,1.998298723536965937e+01
6.119611961196120120e+01,4.054993907991307424e+03,1.998298765471262328e+01
6.120612061206120558e+01,4.054991229138129711e+03,1.998298807418352396e+01
6.121612161216121706e+01,4.054987197238429417e+03,1.998298849378183561e+01
6.122612261226122854e+01,4.054981815620096768e+03,1.998298891350669493e+01
6.123612361236124002e+01,4.054975088061121824e+03,1.998298933335692595e+01
6.124612461246125150e+01,4.054967018789594022e+03,1.998298975333102945e+01
6.125612561256125588e+01,4.054957612483704452e+03,1.998299017342717931e+01
6.126612661266126736e+01,4.054946874271744036e+03,1.998299059364323327e+01
6.127612761276127884e+01,4.054934809732103531e+03,1.998299101397672572e+01
6.128612861286129032e+01,4.054921424893274434e+03,1.998299143442486780e+01
6.129612961296130180e+01,4.054906726233848985e+03,1.998299185498454378e+01
6.130613061306130618e+01,4.054890720682518349e+03,1.998299227565232883e+01
6.131613161316131766e+01,4.054873415618075342e+03,1.998299269642446419e+01
6.132613261326132914e+01,4.054854818869412611e+03,1.998299311729687133e+01
6.133613361336134062e+01,4.054834938715522640e+03,1.998299353826515556e+01
6.134613461346135210e+01,4.054813783885499106e+03,1.998299395932459532e+01
6.135613561356135648e+01,4.054791363558535068e+03,1.998299438047014576e+01
6.136613661366136796e+01,4.054767687363924779e+03,1.998299480169644227e+01
6.137613761376137944e+01,4.054742765381061872e+03,1.998299522299780051e+01
6.138613861386139092e+01,4.054716608139440723e+03,1.998299564436820930e+01
6.139613961396140240e+01,4.054689226618656448e+03,1.998299606580133769e+01
6.140614061406140678e+01,4.054660632248403545e+03,1.998299648729053501e+01
6.141614161416141826e+01,4.054630836908477704e+03,1.998299690882882373e+01
6.142614261426142974e+01,4.054599852928773998e+03,1.998299733040890658e+01
6.143614361436144122e+01,4.054567693089288696e+03,1.998299775202316653e+01
6.144614461446144560e+01,4.054534370620117443e+03,1.998299817366366327e+01
6.145614561456145708e+01,4.054499899201457083e+03,1.998299859532213318e+01
6.146614661466146856e+01,4.054464292963604294e+03,1.998299901698998937e+01
6.147614761476148004e+01,4.054427566486955584e+03,1.998299943865832518e+01
6.148614861486149152e+01,4.054389734802009116e+03,1.998299986031791420e+01
6.149614961496149590e+01,4.054350813389361974e+03,1.998300028195919964e+01
6.150615061506150738e+01,4.054310818179711987e+03,1.998300070357231562e+01
6.151615161516151886e+01,4.054269765553858178e+03,1.998300112514706228e+01
6.152615261526153034e+01,4.054227672342697588e+03,1.998300154667292361e+01
6.153615361536154182e+01,4.054184555827230270e+03,1.998300196813905671e+01
6.154615461546154620e+01,4.054140433738555203e+03,1.998300238953430963e+01
6.155615561556155768e+01,4.054095324257870743e+03,1.998300281084718932e+01
6.156615661566156916e+01,4.054049246016477809e+03,1.998300323206589368e+01
6.157615761576158064e+01,4.054002218095775788e+03,1.998300365317829730e+01
6.158615861586159212e+01,4.053954260027264809e+03,1.998300407417195146e+01
6.159615961596159650e+01,4.053905391792545743e+03,1.998300449503408061e+01
6.160616061606160798e+01,4.053855633823319295e+03,1.998300491575159299e+01
6.161616161616161946e+01,4.053805007001386457e+03,1.998300533631107356e+01
6.162616261626163094e+01,4.053753532658648965e+03,1.998300575669878754e+01
6.163616361636164243e+01,4.053701232577108840e+03,1.998300617690066971e+01
6.164616461646164680e+01,4.053648128988867484e+03,1.998300659690234582e+01
6.165616561656165828e+01,4.053594244576127494e+03,1.998300701668910406e+01
6.166616661666166976e+01,4.053539602471191301e+03,1.998300743624592712e+01
6.167616761676168124e+01,4.053484226256462080e+03,1.998300785555746018e+01
6.168616861686169273e+01,4.053428139964442835e+03,1.998300827460803575e+01
6.169616961696169710e+01,4.053371368077737770e+03,1.998300869338166663e+01
6.170617061706170858e+01,4.053313935529049559e+03,1.998300911186203521e+01
6.171617161716172006e+01,4.053255867701183433e+03,1.998300953003250413e+01
6.172617261726173155e+01,4.053197190427042642e+03,1.998300994787611629e+01
6.173617361736173592e+01,4.053137929989632994e+03,1.998301036537559838e+01
6.174617461746174740e+01,4.053078113122058767e+03,1.998301078251333962e+01
6.175617561756175888e+01,4.053017767007525435e+03,1.998301119927142366e+01
6.176617661766177036e+01,4.052956919279338308e+03,1.998301161563159667e+01
6.177617761776178185e+01,4.052895598020903890e+03,1.998301203157529926e+01
6.178617861786178622e+01,4.052833831765728064e+03,1.998301244708363811e+01
6.179617961796179770e+01,4.052771649497417002e+03,1.998301286213739658e+01
6.180618061806180918e+01,4.052709080649677617e+03,1.998301327671704897e+01
6.181618161816182067e+01,4.052646155106316655e+03,1.998301369080273560e+01
6.182618261826183215e+01,4.052582903201242516e+03,1.998301410437427705e+01
6.183618361836183652e+01,4.052519355718461611e+03,1.998301451741117418e+01
6.184618461846184800e+01,4.052455543892082460e+03,1.998301492989260453e+01
6.185618561856185948e+01,4.052391499406313415e+03,1.998301534179742589e+01
6.186618661866187097e+01,4.052327254395462660e+03,1.998301575310417277e+01
6.187618761876188245e+01,4.052262841443939578e+03,1.998301616379105283e+01
6.188618861886188682e+01,4.052198293586252476e+03,1.998301657383595753e+01
6.189618961896189830e+01,4.052133644307011309e+03,1.998301698321645858e+01
6.190619061906190979e+01,4.052068927540925415e+03,1.998301739190979731e+01
6.191619161916192127e+01,4.052004177672805326e+03,1.998301779989290239e+01
6.192619261926193275e+01,4.051939429537560500e+03,1.998301820714236854e+01
6.193619361936193712e+01,4.051874718420202498e+03,1.998301861363448140e+01
6.194619461946194861e+01,4.051810080055841809e+03,1.998301901934519620e+01
6.195619561956196009e+01,4.051745550629689205e+03,1.998301942425014843e+01
6.196619661966197157e+01,4.051681166777057115e+03,1.998301982832465029e+01
6.197619761976197594e+01,4.051616965583355977e+03,1.998302023154369778e+01
6.198619861986198742e+01,4.051552984584099249e+03,1.998302063388196004e+01
6.199619961996199891e+01,4.051489261764897947e+03,1.998302103531377938e+01
6.200620062006201039e+01,4.051425835561466101e+03,1.998302143581318546e+01
6.201620162016202187e+01,4.051362744859615304e+03,1.998302183535388110e+01
6.202620262026202624e+01,4.051300028995260163e+03,1.998302223390924937e+01
6.203620362036203773e+01,4.051237727754412845e+03,1.998302263145234647e+01
6.204620462046204921e+01,4.051175881373188076e+03,1.998302302795591245e+01
6.205620562056206069e+01,4.051114530537799965e+03,1.998302342339236404e+01
6.206620662066207217e+01,4.051053716384562449e+03,1.998302381773379111e+01
6.207620762076207654e+01,4.050993480499890666e+03,1.998302421095196379e+01
6.208620862086208803e+01,4.050933864920299584e+03,1.998302460301833605e+01
6.209620962096209951e+01,4.050874912132404006e+03,1.998302499390403497e+01
6.210621062106211099e+01,4.050816665072920387e+03,1.998302538357986080e+01
6.211621162116212247e+01,4.050759167128664103e+03,1.998302577201630115e+01
6.212621262126212685e+01,4.050702462136551276e+03,1.998302615918351677e+01
6.213621362136213833e+01,4.050646594383598313e+03,1.998302654505134868e+01
6.214621462146214981e+01,4.050591608606922819e+03,1.998302692958931104e+01
6.215621562156216129e+01,4.050537549993740868e+03,1.998302731276659827e+01
6.216621662166217277e+01,4.050484464181370186e+03,1.998302769455208505e+01
6.217621762176217715e+01,4.050432397257228786e+03,1.998302807491432276e+01
6.218621862186218863e+01,4.050381395758834060e+03,1.998302845382153947e+01
6.219621962196220011e+01,4.050331506673804597e+03,1.998302883124164353e+01
6.220622062206221159e+01,4.050282777439858819e+03,1.998302920714221997e+01
6.221622162216221597e+01,4.050235255944815890e+03,1.998302958149053410e+01
6.222622262226222745e+01,4.050188990526594807e+03,1.998302995425352080e+01
6.223622362236223893e+01,4.050144029973214401e+03,1.998303032539780233e+01
6.224622462246225041e+01,4.050100423522795154e+03,1.998303069488967765e+01
6.225622562256226189e+01,4.050058220863556926e+03,1.998303106269511886e+01
6.226622662266226627e+01,4.050017472133820320e+03,1.998303142877978189e+01
6.227622762276227775e+01,4.049978227922004862e+03,1.998303179310899225e+01
6.228622862286228923e+01,4.049940539266632641e+03,1.998303215564776281e+01
6.229622962296230071e+01,4.049904457656324212e+03,1.998303251636077960e+01
6.230623062306231219e+01,4.049870035029801784e+03,1.998303287521240890e+01
6.231623162316231657e+01,4.049837323775886034e+03,1.998303323216669014e+01
6.232623262326232805e+01,4.049806376733499746e+03,1.998303358718734657e+01
6.233623362336233953e+01,4.049777247191665538e+03,1.998303394023777813e+01
6.234623462346235101e+01,4.049749988889505858e+03,1.998303429128105790e+01
6.235623562356236249e+01,4.049724656016242989e+03,1.998303464027994281e+01
6.236623662366236687e+01,4.049701303211201321e+03,1.998303498719686644e+01
6.237623762376237835e+01,4.049679985563803712e+03,1.998303533199393556e+01
6.238623862386238983e+01,4.049660758613574671e+03,1.998303567463294428e+01
6.239623962396240131e+01,4.049643678350137179e+03,1.998303601507535276e+01
6.240624062406241279e+01,4.049628801213216775e+03,1.998303635328231209e+01
6.241624162416241717e+01,4.049616184092637923e+03,1.998303668921463938e+01
6.242624262426242865e+01,4.049605884328325828e+03,1.998303702283283911e+01
6.243624362436244013e+01,4.049597959710305076e+03,1.998303735409708537e+01
6.244624462446245161e+01,4.049592468478701903e+03,1.998303768296723959e+01
6.245624562456245599e+01,4.049589469323742378e+03,1.998303800940283281e+01
6.246624662466246747e+01,4.049589021385752403e+03,1.998303833336307989e+01
6.247624762476247895e+01,4.049591184255158169e+03,1.998303865480686881e+01
6.248624862486249043e+01,4.049596017972487516e+03,1.998303897369276783e+01
6.249624962496250191e+01,4.049603583028366302e+03,1.998303928997902545e+01
6.250625062506250629e+01,4.049613940363522943e+03,1.998303960362356335e+01
6.251625162516251777e+01,4.049627151368784780e+03,1.998303991458398698e+01
6.252625262526252925e+01,4.049643277885079442e+03,1.998304022281757497e+01
6.253625362536254073e+01,4.049662382203435754e+03,1.998304052828128619e+01
6.254625462546255221e+01,4.049684527064981921e+03,1.998304083093175265e+01
6.255625562556255659e+01,4.049709775660946889e+03,1.998304113072529375e+01
6.256625662566256807e+01,4.049738191632659891e+03,1.998304142761790203e+01
6.257625762576257955e+01,4.049769839071550905e+03,1.998304172156524317e+01
6.258625862586259103e+01,4.049804782519148375e+03,1.998304201252266665e+01
6.259625962596260251e+01,4.049843086967083764e+03,1.998304230044519869e+01
6.260626062606260689e+01,4.049883675187286826e+03,1.998304258611473117e+01
6.261626162616261837e+01,4.049925397559966768e+03,1.998304287036454596e+01
6.262626262626262985e+01,4.049968215184753262e+03,1.998304315322338809e+01
6.263626362636264133e+01,4.050012089508105419e+03,1.998304343471973965e+01
6.264626462646265281e+01,4.050056982322900240e+03,1.998304371488183762e+01
6.265626562656265719e+01,4.050102855768430345e+03,1.998304399373767737e+01
6.266626662666266867e+01,4.050149672330404883e+03,1.998304427131500205e+01
6.267626762676268015e+01,4.050197394840949073e+03,1.998304454764130611e+01
6.268626862686269163e+01,4.050245986478605118e+03,1.998304482274383886e+01
6.269626962696269601e+01,4.050295410768330839e+03,1.998304509664960094e+01
6.270627062706270749e+01,4.050345631581501493e+03,1.998304536938534071e+01
6.271627162716271897e+01,4.050396613135907046e+03,1.998304564097756852e+01
6.272627262726273045e+01,4.050448319995755810e+03,1.998304591145253539e+01
6.273627362736274193e+01,4.050500717071670351e+03,1.998304618083625073e+01
6.274627462746274631e+01,4.050553769620692037e+03,1.998304644915447881e+01
6.275627562756275779e+01,4.050607443246276034e+03,1.998304671643273167e+01
6.276627662766276927e+01,4.050661703898295855e+03,1.998304698269627266e+01
6.277627762776278075e+01,4.050716517873040175e+03,1.998304724797012000e+01
6.278627862786279223e+01,4.050771851813214653e+03,1.998304751227904319e+01
6.279627962796279661e+01,4.050827672707941474e+03,1.998304777564756307e+01
6.280628062806280809e+01,4.050883947892758442e+03,1.998304803809995533e+01
6.281628162816281957e+01,4.050940645049620343e+03,1.998304829966024698e+01
6.282628262826283105e+01,4.050997732206897581e+03,1.998304856035220922e+01
6.283628362836284253e+01,4.051055177739378450e+03,1.998304882019938233e+01
6.284628462846284691e+01,4.051112950368265956e+03,1.998304907922504015e+01
6.285628562856285839e+01,4.051171019161180084e+03,1.998304933745222201e+01
6.286628662866286987e+01,4.051229353532157347e+03,1.998304959490371147e+01
6.287628762876288135e+01,4.051287923241650788e+03,1.998304985160205405e+01
6.288628862886289284e+01,4.051346698396529064e+03,1.998305010756953237e+01
6.289628962896289721e+01,4.051405649450077817e+03,1.998305036282819103e+01
6.290629062906290869e+01,4.051464747201999216e+03,1.998305061739983302e+01
6.291629162916292017e+01,4.051523962798411048e+03,1.998305087130599844e+01
6.292629262926293165e+01,4.051583267731848537e+03,1.998305112456798582e+01
6.293629362936293603e+01,4.051642633841261613e+03,1.998305137720685565e+01
6.294629462946294751e+01,4.051702033312018557e+03,1.998305162924340195e+01
6.295629562956295899e+01,4.051761438675902809e+03,1.998305188069818783e+01
6.296629662966297047e+01,4.051820822811113885e+03,1.998305213159151705e+01
6.297629762976298196e+01,4.051880158942268736e+03,1.998305238194345179e+01
6.298629862986298633e+01,4.051939420640399931e+03,1.998305263177380908e+01
6.299629962996299781e+01,4.051998581822956567e+03,1.998305288110214661e+01
6.300630063006300929e+01,4.052057616753803813e+03,1.998305312994778404e+01
6.301630163016302077e+01,4.052116500043224278e+03,1.998305337832978879e+01
6.302630263026303226e+01,4.052175206647915729e+03,1.998305362626698667e+01
6.303630363036303663e+01,4.052233711870992920e+03,1.998305387377794773e+01
6.304630463046304811e+01,4.052291991361986675e+03,1.998305412088100042e+01
6.305630563056305959e+01,4.052350021116843891e+03,1.998305436759421738e+01
6.306630663066307108e+01,4.052407777477928903e+03,1.998305461393542970e+01
6.307630763076308256e+01,4.052465237134021663e+03,1.998305485992222330e+01
6.308630863086308693e+01,4.052522377120318652e+03,1.998305510557193188e+01
6.309630963096309841e+01,4.052579174818431966e+03,1.998305535090163687e+01
6.310631063106310989e+01,4.052635607956391596e+03,1.998305559592817815e+01
6.311631163116312138e+01,4.052691654608642239e+03,1.998305584066815044e+01
6.312631263126313286e+01,4.052747293196046485e+03,1.998305608513789267e+01
6.313631363136313723e+01,4.052802502485882087e+03,1.998305632935350218e+01
6.314631463146314871e+01,4.052857261591843780e+03,1.998305657333082408e+01
6.315631563156316020e+01,4.052911549974042373e+03,1.998305681708545833e+01
6.316631663166317168e+01,4.052965347439005654e+03,1.998305706063275622e+01
6.317631763176317605e+01,4.053018634139676578e+03,1.998305730398782387e+01
6.318631863186318753e+01,4.053071390575415535e+03,1.998305754716551164e+01
6.319631963196319901e+01,4.053123597591999442e+03,1.998305779018043182e+01
6.320632063206321050e+01,4.053175236381619925e+03,1.998305803304694095e+01
6.321632163216322198e+01,4.053226288482887412e+03,1.998305827577915394e+01
6.322632263226322635e+01,4.053276735780826584e+03,1.998305851839093705e+01
6.323632363236323783e+01,4.053326560506879105e+03,1.998305876089590072e+01
6.324632463246324932e+01,4.053375745238904074e+03,1.998305900330742091e+01
6.325632563256326080e+01,4.053424272901175300e+03,1.998305924563861069e+01
6.326632663266327228e+01,4.053472126764384484e+03,1.998305948790234865e+01
6.327632763276327665e+01,4.053519290445638035e+03,1.998305973011125758e+01
6.328632863286328814e+01,4.053565747908460253e+03,1.998305997227771513e+01
6.329632963296329962e+01,4.053611483462791057e+03,1.998306021441385028e+01
6.330633063306331110e+01,4.053656481764986438e+03,1.998306045653154683e+01
6.331633163316332258e+01,4.053700727817820280e+03,1.998306069864243639e+01
6.332633263326332695e+01,4.053744206970480263e+03,1.998306094075790540e+01
6.333633363336333844e+01,4.053786904918573327e+03,1.998306118288909161e+01
6.334633463346334992e+01,4.053828807704120209e+03,1.998306142504688410e+01
6.335633563356336140e+01,4.053869901715559536e+03,1.998306166724193034e+01
6.336633663366337288e+01,4.053910173687746010e+03,1.998306190948461847e+01
6.337633763376337726e+01,4.053949610701950405e+03,1.998306215178509504e+01
6.338633863386338874e+01,4.053988200185860478e+03,1.998306239415326502e+01
6.339633963396340022e+01,4.054025929913579148e+03,1.998306263659877402e+01
6.340634063406341170e+01,4.054062788005627226e+03,1.998306287913102963e+01
6.341634163416341607e+01,4.054098762928940687e+03,1.998306312175918364e+01
6.342634263426342756e+01,4.054133843496872487e+03,1.998306336449214271e+01
6.343634363436343904e+01,4.054168018869191656e+03,1.998306360733856835e+01
6.344634463446345052e+01,4.054201278552083295e+03,1.998306385030687338e+01
6.345634563456346200e+01,4.054233612398150399e+03,1.998306409340522194e+01
6.346634663466346638e+01,4.054265010606410215e+03,1.998306433664152593e+01
6.347634763476347786e+01,4.054295463722297427e+03,1.998306458002345565e+01
6.348634863486348934e+01,4.054324962637663248e+03,1.998306482355843272e+01
6.349634963496350082e+01,4.054353498590775416e+03,1.998306506725363008e+01
6.350635063506351230e+01,4.054381063166316835e+03,1.998306531111597195e+01
6.351635163516351668e+01,4.054407648295387844e+03,1.998306555515213390e+01
6.352635263526352816e+01,4.054433246255504855e+03,1.998306579936854632e+01
6.353635363536353964e+01,4.054457849670600808e+03,1.998306604377138740e+01
6.354635463546355112e+01,4.054481451511024716e+03,1.998306628836659371e+01
6.355635563556356260e+01,4.054504045093542118e+03,1.998306653315984960e+01
6.356635663566356698e+01,4.054525624081334627e+03,1.998306677815659427e+01
6.357635763576357846e+01,4.054546182484000838e+03,1.998306702336201468e+01
6.358635863586358994e+01,4.054565714657555418e+03,1.998306726878105266e+01
6.359635963596360142e+01,4.054584215304429108e+03,1.998306751441840490e+01
6.360636063606361290e+01,4.054601679473469176e+03,1.998306776027851583e+01
6.361636163616361728e+01,4.054618102559939416e+03,1.998306800636558478e+01
6.362636263626362876e+01,4.054633480305519697e+03,1.998306825268356235e+01
6.363636363636364024e+01,4.054647808798306869e+03,1.998306849923615047e+01
6.364636463646365172e+01,4.054661084472813400e+03,1.998306874602680594e+01
6.365636563656365610e+01,4.054673304109968285e+03,1.998306899305873330e+01
6.366636663666366758e+01,4.054684464837117048e+03,1.998306924033489196e+01
6.367636763676367906e+01,4.054694564128022193e+03,1.998306948785799264e+01
6.368636863686369054e+01,4.054703599802861390e+03,1.998306973563050093e+01
6.369636963696370202e+01,4.054711570028229289e+03,1.998306998365463372e+01
6.370637063706370640e+01,4.054718473317137068e+03,1.998307023193235565e+01
6.371637163716371788e+01,4.054724308529011978e+03,1.998307048046538625e+01
6.372637263726372936e+01,4.054729074869697342e+03,1.998307072925519989e+01
6.373637363736374084e+01,4.054732771891453922e+03,1.998307097830302226e+01
6.374637463746375232e+01,4.054735399492957640e+03,1.998307122760982679e+01
6.375637563756375670e+01,4.054736957919300949e+03,1.998307147717634180e+01
6.376637663766376818e+01,4.054737447761993735e+03,1.998307172700304690e+01
6.377637763776377966e+01,4.054736869958961506e+03,1.998307197709018013e+01
6.378637863786379114e+01,4.054735225794545386e+03,1.998307222743772371e+01
6.379637963796380262e+01,4.054732516899504390e+03,1.998307247804541120e+01
6.380638063806380700e+01,4.054728745251012697e+03,1.998307272891273811e+01
6.381638163816381848e+01,4.054723913172661469e+03,1.998307298003894417e+01
6.382638263826382996e+01,4.054718023334457939e+03,1.998307323142302039e+01
6.383638363836384144e+01,4.054711078752825870e+03,1.998307348306371622e+01
6.384638463846385292e+01,4.054703082790605094e+03,1.998307373495952532e+01
6.385638563856385730e+01,4.054694039157051975e+03,1.998307398710869975e+01
6.386638663866386878e+01,4.054683951907839855e+03,1.998307423950924289e+01
6.387638763876388026e+01,4.054672825445057697e+03,1.998307449215890941e+01
6.388638863886389174e+01,4.054660664517210535e+03,1.998307474505520531e+01
6.389638963896389612e+01,4.054647474219220840e+03,1.998307499819538791e+01
6.390639063906390760e+01,4.054633259992426702e+03,1.998307525157646936e+01
6.391639163916391908e+01,4.054618027624582737e+03,1.998307550519521314e+01
6.392639263926393056e+01,4.054601783249859182e+03,1.998307575904813405e+01
6.393639363936394204e+01,4.054584533348844616e+03,1.998307601313149817e+01
6.394639463946394642e+01,4.054566284748541875e+03,1.998307626744132648e+01
6.395639563956395790e+01,4.054547044622371232e+03,1.998307652197339124e+01
6.396639663966396938e+01,4.054526820490169484e+03,1.998307677672321248e+01
6.397639763976398086e+01,4.054505620218189051e+03,1.998307703168607219e+01
6.398639863986399234e+01,4.054483452019098877e+03,1.998307728685699658e+01
6.399639963996399672e+01,4.054460324451984889e+03,1.998307754223076316e+01
6.400640064006401531e+01,4.054436246422348631e+03,1.998307779780190430e+01
6.401640164016401968e+01,4.054411227182108632e+03,1.998307805356470723e+01
6.402640264026402406e+01,4.054385276329599492e+03,1.998307830951320696e+01
6.403640364036404264e+01,4.054358403809572337e+03,1.998307856564119689e+01
6.404640464046404702e+01,4.054330619913193914e+03,1.998307882194221108e+01
6.405640564056406561e+01,4.054301935278048404e+03,1.998307907840954556e+01
6.406640664066406998e+01,4.054272360888135609e+03,1.998307933503625122e+01
6.407640764076407436e+01,4.054241908073872310e+03,1.998307959181511606e+01
6.408640864086409294e+01,4.054210588512090908e+03,1.998307984873869358e+01
6.409640964096409732e+01,4.054178414226040786e+03,1.998308010579928862e+01
6.410641064106411591e+01,4.054145397585387400e+03,1.998308036298895374e+01
6.411641164116412028e+01,4.054111551306212732e+03,1.998308062029949284e+01
6.412641264126412466e+01,4.054076888451015293e+03,1.998308087772246822e+01
6.413641364136414325e+01,4.054041422428708756e+03,1.998308113524918639e+01
6.414641464146414762e+01,4.054005166994625142e+03,1.998308139287071228e+01
6.415641564156416621e+01,4.053968136250511179e+03,1.998308165057785857e+01
6.416641664166417058e+01,4.053930344644530578e+03,1.998308190836119280e+01
6.417641764176417496e+01,4.053891806971263577e+03,1.998308216621103739e+01
6.418641864186419355e+01,4.053852538371706942e+03,1.998308242411745894e+01
6.419641964196419792e+01,4.053812554333273056e+03,1.998308268207028249e+01
6.420642064206421651e+01,4.053771870689790831e+03,1.998308294005908792e+01
6.421642164216422088e+01,4.053730503621506614e+03,1.998308319807319577e+01
6.422642264226422526e+01,4.053688469655081462e+03,1.998308345610168857e+01
6.423642364236424385e+01,4.053645785663593870e+03,1.998308371413340012e+01
6.424642464246424822e+01,4.053602468866538857e+03,1.998308397215691556e+01
6.425642564256425260e+01,4.053558536829826608e+03,1.998308423016056778e+01
6.426642664266427118e+01,4.053514007465785198e+03,1.998308448813244453e+01
6.427642764276427556e+01,4.053468899033158323e+03,1.998308474606039198e+01
6.428642864286429415e+01,4.053423230137105747e+03,1.998308500393199694e+01
6.429642964296429852e+01,4.053377019729203766e+03,1.998308526173460820e+01
6.430643064306430290e+01,4.053330287107445201e+03,1.998308551945532230e+01
6.431643164316432149e+01,4.053283051916239856e+03,1.998308577708098710e+01
6.432643264326432586e+01,4.053235334146412697e+03,1.998308603459820176e+01
6.433643364336434445e+01,4.053187154135205674e+03,1.998308629199332742e+01
6.434643464346434882e+01,4.053138532566276808e+03,1.998308654925246231e+01
6.435643564356435320e+01,4.053089490469701559e+03,1.998308680636147017e+01
6.436643664366437179e+01,4.053040049221970094e+03,1.998308706330595541e+01
6.437643764376437616e+01,4.052990230545989562e+03,1.998308732007128441e+01
6.438643864386439475e+01,4.052940056511084549e+03,1.998308757664257129e+01
6.439643964396439912e+01,4.052889549532994806e+03,1.998308783300468150e+01
6.440644064406440350e+01,4.052838732373876610e+03,1.998308808914223178e+01
6.441644164416442209e+01,4.052787628142302765e+03,1.998308834503959375e+01
6.442644264426442646e+01,4.052736260293262603e+03,1.998308860068089388e+01
6.443644364436444505e+01,4.052684652628161530e+03,1.998308885605000640e+01
6.444644464446444942e+01,4.052632829294821022e+03,1.998308911113055331e+01
6.445644564456445380e+01,4.052580814787480449e+03,1.998308936590591856e+01
6.446644664466447239e+01,4.052528633946793434e+03,1.998308962035923386e+01
6.447644764476447676e+01,4.052476311959831037e+03,1.998308987447338225e+01
6.448644864486449535e+01,4.052423874360081300e+03,1.998309012823100161e+01
6.449644964496449973e+01,4.052371347027446973e+03,1.998309038161447404e+01
6.450645064506450410e+01,4.052318756188249154e+03,1.998309063460594714e+01
6.451645164516452269e+01,4.052266128415223648e+03,1.998309088718730919e+01
6.452645264526452706e+01,4.052213490627523242e+03,1.998309113934020331e+01
6.453645364536454565e+01,4.052160870090717253e+03,1.998309139104602750e+01
6.454645464546455003e+01,4.052108294416791523e+03,1.998309164228593460e+01
6.455645564556455440e+01,4.052055791564147512e+03,1.998309189304082167e+01
6.456645664566457299e+01,4.052003389837603208e+03,1.998309214329134065e+01
6.457645764576457736e+01,4.051951117888394037e+03,1.998309239301790186e+01
6.458645864586459595e+01,4.051899004714170587e+03,1.998309264220065629e+01
6.459645964596460033e+01,4.051847079658999974e+03,1.998309289081952045e+01
6.460646064606460470e+01,4.051795372413366294e+03,1.998309313885415150e+01
6.461646164616462329e+01,4.051743913014169721e+03,1.998309338628396148e+01
6.462646264626462767e+01,4.051692731844726040e+03,1.998309363308812436e+01
6.463646364636464625e+01,4.051641859634768934e+03,1.998309387924555125e+01
6.464646464646465063e+01,4.051591327460446792e+03,1.998309412473491165e+01
6.465646564656465500e+01,4.051541166744325437e+03,1.998309436953463702e+01
6.466646664666467359e+01,4.051491409255387225e+03,1.998309461362289241e+01
6.467646764676467797e+01,4.051442087109029671e+03,1.998309485697760834e+01
6.468646864686469655e+01,4.051393232767067730e+03,1.998309509957646668e+01
6.469646964696470093e+01,4.051344879037732426e+03,1.998309534139689703e+01
6.470647064706470530e+01,4.051297059075671314e+03,1.998309558241608030e+01
6.471647164716472389e+01,4.051249806381947565e+03,1.998309582261095230e+01
6.472647264726472827e+01,4.051203154804041787e+03,1.998309606195820365e+01
6.473647364736473264e+01,4.051157138535850208e+03,1.998309630043426921e+01
6.474647464746475123e+01,4.051111792117685582e+03,1.998309653801534580e+01
6.475647564756475560e+01,4.051067150436277188e+03,1.998309677467737799e+01
6.476647664766477419e+01,4.051023248724770383e+03,1.998309701039605812e+01
6.477647764776477857e+01,4.050980122562727502e+03,1.998309724514683694e+01
6.478647864786478294e+01,4.050937807876126499e+03,1.998309747890491295e+01
6.479647964796480153e+01,4.050896340937361856e+03,1.998309771164523951e+01
6.480648064806480591e+01,4.050855758365244583e+03,1.998309794334252487e+01
6.481648164816482449e+01,4.050816097125002671e+03,1.998309817397122146e+01
6.482648264826482887e+01,4.050777394528278819e+03,1.998309840350554367e+01
6.483648364836483324e+01,4.050739688233134075e+03,1.998309863191944658e+01
6.484648464846485183e+01,4.050703016244044193e+03,1.998309885918665074e+01
6.485648564856485621e+01,4.050667416911902819e+03,1.998309908528061385e+01
6.486648664866487479e+01,4.050632928934017855e+03,1.998309931017455909e+01
6.487648764876487917e+01,4.050599591354116001e+03,1.998309953384145743e+01
6.488648864886488354e+01,4.050567443562338667e+03,1.998309975625402757e+01
6.489648964896490213e+01,4.050536525295244246e+03,1.998309997738474308e+01
6.490649064906490651e+01,4.050506876635807203e+03,1.998310019720583597e+01
6.491649164916492509e+01,4.050478538013418529e+03,1.998310041568927886e+01
6.492649264926492947e+01,4.050451550203886200e+03,1.998310063280680282e+01
6.493649364936493384e+01,4.050425954329432898e+03,1.998310084852989732e+01
6.494649464946495243e+01,4.050401791858699653e+03,1.998310106282978893e+01
6.495649564956495681e+01,4.050379104606742203e+03,1.998310127567746974e+01
6.496649664966497539e+01,4.050357934735033723e+03,1.998310148704367961e+01
6.497649764976497977e+01,4.050338324751463460e+03,1.998310169689890969e+01
6.498649864986498415e+01,4.050320317510336736e+03,1.998310190521339891e+01
6.499649964996500273e+01,4.050303956212375851e+03,1.998310211195715169e+01
6.500650065006500711e+01,4.050289284404718728e+03,1.998310231709990603e+01
6.501650165016502569e+01,4.050276345980919814e+03,1.998310252061117254e+01
6.502650265026503007e+01,4.050265185180950539e+03,1.998310272246019537e+01
6.503650365036503445e+01,4.050255846591197951e+03,1.998310292261598065e+01
6.504650465046505303e+01,4.050248375144466081e+03,1.998310312104728936e+01
6.505650565056505741e+01,4.050242816119974577e+03,1.998310331772262316e+01
6.506650665066507599e+01,4.050239215143360525e+03,1.998310351261024920e+01
6.507650765076508037e+01,4.050237618186676173e+03,1.998310370567817884e+01
6.508650865086508475e+01,4.050238071568391206e+03,1.998310389689417832e+01
6.509650965096510333e+01,4.050240621953390473e+03,1.998310408622576162e+01
6.510651065106510771e+01,4.050245316352976715e+03,1.998310427364019759e+01
6.511651165116512630e+01,4.050252202124867381e+03,1.998310445910451350e+01
6.512651265126513067e+01,4.050261326973197811e+03,1.998310464258548080e+01
6.513651365136513505e+01,4.050272738948518963e+03,1.998310482404962229e+01
6.514651465146515363e+01,4.050286486447797415e+03,1.998310500346322272e+01
6.515651565156515801e+01,4.050302618214417635e+03,1.998310518079230746e+01
6.516651665166517660e+01,4.050321183338179708e+03,1.998310535600265681e+01
6.517651765176518097e+01,4.050342231255299794e+03,1.998310552905981297e+01
6.518651865186518535e+01,4.050365811748411033e+03,1.998310569992905528e+01
6.519651965196520393e+01,4.050391974946562186e+03,1.998310586857542503e+01
6.520652065206520831e+01,4.050420771325218993e+03,1.998310603496371840e+01
6.521652165216521269e+01,4.050452246365000974e+03,1.998310619906238728e+01
6.522652265226523127e+01,4.050485629228339349e+03,1.998310636143807173e+01
6.523652365236523565e+01,4.050520315978325016e+03,1.998310652253352160e+01
6.524652465246525423e+01,4.050556266948619395e+03,1.998310668237740018e+01
6.525652565256525861e+01,4.050593442803784001e+03,1.998310684099812562e+01
6.526652665266526299e+01,4.050631804539279528e+03,1.998310699842388871e+01
6.527652765276528157e+01,4.050671313481466768e+03,1.998310715468264220e+01
6.528652865286528595e+01,4.050711931287606149e+03,1.998310730980210437e+01
6.529652965296530454e+01,4.050753619945857736e+03,1.998310746380976255e+01
6.530653065306530891e+01,4.050796341775282144e+03,1.998310761673286251e+01
6.531653165316531329e+01,4.050840059425838717e+03,1.998310776859841909e+01
6.532653265326533187e+01,4.050884735878387346e+03,1.998310791943321263e+01
6.533653365336533625e+01,4.050930334444688015e+03,1.998310806926378191e+01
6.534653465346535484e+01,4.050976818767398981e+03,1.998310821811644189e+01
6.535653565356535921e+01,4.051024152820080417e+03,1.998310836601726592e+01
6.536653665366536359e+01,4.051072300907190765e+03,1.998310851299208579e+01
6.537653765376538217e+01,4.051121227664088565e+03,1.998310865906651657e+01
6.538653865386538655e+01,4.051170898057032446e+03,1.998310880426591751e+01
6.539653965396540514e+01,4.051221277383180677e+03,1.998310894861542764e+01
6.540654065406540951e+01,4.051272331270591167e+03,1.998310909213994435e+01
6.541654165416541389e+01,4.051324025678221915e+03,1.998310923486413415e+01
6.542654265426543247e+01,4.051376326895931015e+03,1.998310937681242194e+01
6.543654365436543685e+01,4.051429201544475291e+03,1.998310951800900526e+01
6.544654465446545544e+01,4.051482616575512566e+03,1.998310965847784360e+01
6.545654565456545981e+01,4.051536539271599395e+03,1.998310979824265488e+01
6.546654665466546419e+01,4.051590937246193334e+03,1.998310993732693674e+01
6.547654765476548278e+01,4.051645778443650215e+03,1.998311007575393816e+01
6.548654865486548715e+01,4.051701031139227325e+03,1.998311021354668071e+01
6.549654965496550574e+01,4.051756663939080681e+03,1.998311035072794439e+01
6.550655065506551011e+01,4.051812645780265939e+03,1.998311048732028183e+01
6.551655165516551449e+01,4.051868945930739301e+03,1.998311062334600763e+01
6.552655265526553308e+01,4.051925533989356609e+03,1.998311075882720189e+01
6.553655365536553745e+01,4.051982379885872888e+03,1.998311089378570315e+01
6.554655465546555604e+01,4.052039453880944166e+03,1.998311102824312613e+01
6.555655565556556041e+01,4.052096726566124744e+03,1.998311116222084394e+01
6.556655665566556479e+01,4.052154168863869472e+03,1.998311129573999523e+01
6.557655765576558338e+01,4.052211752027533748e+03,1.998311142882148417e+01
6.558655865586558775e+01,4.052269447641371244e+03,1.998311156148598045e+01
6.559655965596560634e+01,4.052327227620536632e+03,1.998311169375391927e+01
6.560656065606561071e+01,4.052385064211083773e+03,1.998311182564550137e+01
6.561656165616561509e+01,4.052442929989966615e+03,1.998311195718068589e+01
6.562656265626563368e+01,4.052500797865039203e+03,1.998311208837920461e+01
6.563656365636563805e+01,4.052558641075054311e+03,1.998311221926055126e+01
6.564656465646565664e+01,4.052616433189665713e+03,1.998311234984398865e+01
6.565656565656566102e+01,4.052674148109426369e+03,1.998311248014853803e+01
6.566656665666566539e+01,4.052731760065788876e+03,1.998311261019299323e+01
6.567656765676568398e+01,4.052789243621105925e+03,1.998311273999590298e+01
6.568656865686568835e+01,4.052846573668630299e+03,1.998311286957558863e+01
6.569656965696569273e+01,4.052903725432513966e+03,1.998311299895013349e+01
6.570657065706571132e+01,4.052960674467808985e+03,1.998311312813739349e+01
6.571657165716571569e+01,4.053017396660467057e+03,1.998311325715497588e+01
6.572657265726573428e+01,4.053073868227340427e+03,1.998311338602026055e+01
6.573657365736573865e+01,4.053130065716180070e+03,1.998311351475039643e+01
6.574657465746574303e+01,4.053185966005637056e+03,1.998311364336229090e+01
6.575657565756576162e+01,4.053241546305263000e+03,1.998311377187262039e+01
6.576657665766576599e+01,4.053296784155507794e+03,1.998311390029781975e+01
6.577657765776578458e+01,4.053351657427723239e+03,1.998311402865410003e+01
6.578657865786578895e+01,4.053406144324158959e+03,1.998311415695742710e+01
6.579657965796579333e+01,4.053460223377965576e+03,1.998311428522353239e+01
6.580658065806581192e+01,4.053513873453192900e+03,1.998311441346792350e+01
6.581658165816581629e+01,4.053567073744791287e+03,1.998311454170585932e+01
6.582658265826583488e+01,4.053619803778609366e+03,1.998311466995236785e+01
6.583658365836583926e+01,4.053672043411397681e+03,1.998311479822225323e+01
6.584658465846584363e+01,4.053723772830804592e+03,1.998311492653006383e+01
6.585658565856586222e+01,4.053774972555379463e+03,1.998311505489013129e+01
6.586658665866586659e+01,4.053825623434570844e+03,1.998311518331654568e+01
6.587658765876588518e+01,4.053875706648728283e+03,1.998311531182315903e+01
6.588658865886588956e+01,4.053925203709099151e+03,1.998311544042359245e+01
6.589658965896589393e+01,4.053974096457832275e+03,1.998311556913122899e+01
6.590659065906591252e+01,4.054022367067975210e+03,1.998311569795922082e+01
6.591659165916591689e+01,4.054069998043476062e+03,1.998311582692048205e+01
6.592659265926593548e+01,4.054116972219183026e+03,1.998311595602769231e+01
6.593659365936593986e+01,4.054163272760842119e+03,1.998311608529329320e+01
6.594659465946594423e+01,4.054208883165101724e+03,1.998311621472950250e+01
6.595659565956596282e+01,4.054253787259508499e+03,1.998311634434828932e+01
6.596659665966596719e+01,4.054297969202509648e+03,1.998311647416139536e+01
6.597659765976598578e+01,4.054341413483451106e+03,1.998311660418032432e+01
6.598659865986599016e+01,4.054384104922579354e+03,1.998311673441634895e+01
6.599659965996599453e+01,4.054426028671040967e+03,1.998311686488050043e+01
6.600660066006601312e+01,4.054467170210881704e+03,1.998311699558358256e+01
6.601660166016601750e+01,4.054507515355047872e+03,1.998311712653615757e+01
6.602660266026603608e+01,4.054547050247384504e+03,1.998311725774855674e+01
6.603660366036604046e+01,4.054585761362636731e+03,1.998311738923087333e+01
6.604660466046604483e+01,4.054623635506450682e+03,1.998311752099296967e+01
6.605660566056606342e+01,4.054660659815370764e+03,1.998311765304447007e+01
6.606660666066606780e+01,4.054696821756841928e+03,1.998311778539476791e+01
6.607660766076608638e+01,4.054732109129208766e+03,1.998311791805301141e+01
6.608660866086609076e+01,4.054766510061715962e+03,1.998311805102812855e+01
6.609660966096609513e+01,4.054800013014506931e+03,1.998311818432879861e+01
6.610661066106611372e+01,4.054832606778626541e+03,1.998311831796347349e+01
6.611661166116611810e+01,4.054864280476017939e+03,1.998311845194036707e+01
6.612661266126613668e+01,4.054895023559525271e+03,1.998311858626746229e+01
6.613661366136614106e+01,4.054924825812891413e+03,1.998311872095250408e+01
6.614661466146614544e+01,4.054953677350759790e+03,1.998311885600299931e+01
6.615661566156616402e+01,4.054981568618673464e+03,1.998311899142622750e+01
6.616661666166616840e+01,4.055008490393075135e+03,1.998311912722922656e+01
6.617661766176617277e+01,4.055034433781307143e+03,1.998311926341880351e+01
6.618661866186619136e+01,4.055059390221612375e+03,1.998311940000152731e+01
6.619661966196619574e+01,4.055083351483132901e+03,1.998311953698373600e+01
6.620662066206621432e+01,4.055106309665910430e+03,1.998311967437152248e+01
6.621662166216621870e+01,4.055128257200886765e+03,1.998311981217075939e+01
6.622662266226622307e+01,4.055149186849903799e+03,1.998311995038707778e+01
6.623662366236624166e+01,4.055169091705702613e+03,1.998312008902586712e+01
6.624662466246624604e+01,4.055187965191924377e+03,1.998312022809228949e+01
6.625662566256626462e+01,4.055205801063110812e+03,1.998312036759127608e+01
6.626662666266626900e+01,4.055222593404701456e+03,1.998312050752750935e+01
6.627662766276627337e+01,4.055238336633037761e+03,1.998312064790544795e+01
6.628662866286629196e+01,4.055253025495359907e+03,1.998312078872931608e+01
6.629662966296629634e+01,4.055266655069807712e+03,1.998312093000309630e+01
6.630663066306631492e+01,4.055279220765421542e+03,1.998312107173053676e+01
6.631663166316631930e+01,4.055290718322141402e+03,1.998312121391515461e+01
6.632663266326632368e+01,4.055301143810806025e+03,1.998312135656023258e+01
6.633663366336634226e+01,4.055310493633155602e+03,1.998312149966881179e+01
6.634663466346634664e+01,4.055318764521829053e+03,1.998312164324370954e+01
6.635663566356636522e+01,4.055325953540364935e+03,1.998312178728749444e+01
6.636663666366636960e+01,4.055332058083202355e+03,1.998312193180251128e+01
6.637663766376637398e+01,4.055337075875680057e+03,1.998312207679086328e+01
6.638663866386639256e+01,4.055341004974036423e+03,1.998312222225442625e+01
6.639663966396639694e+01,4.055343843765409019e+03,1.998312236819482735e+01
6.640664066406641552e+01,4.055345590967835960e+03,1.998312251461347344e+01
6.641664166416641990e+01,4.055346245630255908e+03,1.998312266151152983e+01
6.642664266426642428e+01,4.055345807132505342e+03,1.998312280888992731e+01
6.643664366436644286e+01,4.055344275185321749e+03,1.998312295674935868e+01
6.644664466446644724e+01,4.055341649830343158e+03,1.998312310509028578e+01
6.645664566456646583e+01,4.055337931440105422e+03,1.998312325391293953e+01
6.646664666466647020e+01,4.055333120718045848e+03,1.998312340321730218e+01
6.647664766476647458e+01,4.055327218698501383e+03,1.998312355300313214e+01
6.648664866486649316e+01,4.055320226746707249e+03,1.998312370326995691e+01
6.649664966496649754e+01,4.055312146558800578e+03,1.998312385401705171e+01
6.650665066506651613e+01,4.055302980161817231e+03,1.998312400524347865e+01
6.651665166516652050e+01,4.055292729913692256e+03,1.998312415694804400e+01
6.652665266526652488e+01,4.055281398503261698e+03,1.998312430912933380e+01
6.653665366536654346e+01,4.055268988950261246e+03,1.998312446178569246e+01
6.654665466546654784e+01,4.055255504605325314e+03,1.998312461491522996e+01
6.655665566556656643e+01,4.055240949149989319e+03,1.998312476851582531e+01
6.656665666566657080e+01,4.055225326596687864e+03,1.998312492258511597e+01
6.657665766576657518e+01,4.055208641288755189e+03,1.998312507712050845e+01
6.658665866586659376e+01,4.055190897900426080e+03,1.998312523211917835e+01
6.659665966596659814e+01,4.055172101436834510e+03,1.998312538757805612e+01
6.660666066606661673e+01,4.055152257234014542e+03,1.998312554349384484e+01
6.661666166616662110e+01,4.055131370958899879e+03,1.998312569986300957e+01
6.662666266626662548e+01,4.055109448609323408e+03,1.998312585668178443e+01
6.663666366636664407e+01,4.055086496514019473e+03,1.998312601394616195e+01
6.664666466646664844e+01,4.055062521332620690e+03,1.998312617165190375e+01
6.665666566656666703e+01,4.055037530055659772e+03,1.998312632979453696e+01
6.666666666666667140e+01,4.055011530004569977e+03,1.998312648836935423e+01
6.667666766676667578e+01,4.054984528831683747e+03,1.998312664737141020e+01
6.668666866686669437e+01,4.054956534520232708e+03,1.998312680679552500e+01
6.669666966696669874e+01,4.054927555384349944e+03,1.998312696663628429e+01
6.670667066706670312e+01,4.054897600069066357e+03,1.998312712688804282e+01
6.671667166716672170e+01,4.054866677550314762e+03,1.998312728754491374e+01
6.672667266726672608e+01,4.054834797134925793e+03,1.998312744860077927e+01
6.673667366736674467e+01,4.054801968460631088e+03,1.998312761004928717e+01
6.674667466746674904e+01,4.054768201496061920e+03,1.998312777188384715e+01
6.675667566756675342e+01,4.054733506540749204e+03,1.998312793409763444e+01
6.676667666766677200e+01,4.054697894225123491e+03,1.998312809668358980e+01
6.677667766776677638e+01,4.054661375510515427e+03,1.998312825963442307e+01
6.678667866786679497e+01,4.054623961689154839e+03,1.998312842294260250e+01
6.679667966796679934e+01,4.054585664384172560e+03,1.998312858660036540e+01
6.680668066806680372e+01,4.054546495549597694e+03,1.998312875059971461e+01
6.681668166816682231e+01,4.054506467470360803e+03,1.998312891493241494e+01
6.682668266826682668e+01,4.054465592762291180e+03,1.998312907958999673e+01
6.683668366836684527e+01,4.054423884372117300e+03,1.998312924456375939e+01
6.684668466846684964e+01,4.054381355577469549e+03,1.998312940984476072e+01
6.685668566856685402e+01,4.054338019986875679e+03,1.998312957542383117e+01
6.686668666866687261e+01,4.054293891539765355e+03,1.998312974129155961e+01
6.687668766876687698e+01,4.054248984506466513e+03,1.998312990743830042e+01
6.688668866886689557e+01,4.054203313488207186e+03,1.998313007385418061e+01
6.689668966896689994e+01,4.054156893417116407e+03,1.998313024052908560e+01
6.690669066906690432e+01,4.054109739556221029e+03,1.998313040745266278e+01
6.691669166916692291e+01,4.054061867499449363e+03,1.998313057461432862e+01
6.692669266926692728e+01,4.054013293171628902e+03,1.998313074200326867e+01
6.693669366936694587e+01,4.053964032828486779e+03,1.998313090960843041e+01
6.694669466946695024e+01,4.053914103056650220e+03,1.998313107741851979e+01
6.695669566956695462e+01,4.053863520773645632e+03,1.998313124542201891e+01
6.696669666966697321e+01,4.053812303227900429e+03,1.998313141360716827e+01
6.697669766976697758e+01,4.053760467998740296e+03,1.998313158196197037e+01
6.698669866986699617e+01,4.053708032996392376e+03,1.998313175047420032e+01
6.699669966996700055e+01,4.053655016461982086e+03,1.998313191913139519e+01
6.700670067006700492e+01,4.053601436967535847e+03,1.998313208792085405e+01
6.701670167016702351e+01,4.053547313415978806e+03,1.998313225682964855e+01
6.702670267026702788e+01,4.053492665041136661e+03,1.998313242584460525e+01
6.703670367036704647e+01,4.053437511407735201e+03,1.998313259495232330e+01
6.704670467046705085e+01,4.053381872411398490e+03,1.998313276413916384e+01
6.705670567056705522e+01,4.053325768278652049e+03,1.998313293339125352e+01
6.706670667066707381e+01,4.053269219566920583e+03,1.998313310269448451e+01
6.707670767076707818e+01,4.053212247164528435e+03,1.998313327203451450e+01
6.708670867086709677e+01,4.053154872290699586e+03,1.998313344139676317e+01
6.709670967096710115e+01,4.053097116495558566e+03,1.998313361076641925e+01
6.710671067106710552e+01,4.053039001660129088e+03,1.998313378012843700e+01
6.711671167116712411e+01,4.052980549996334958e+03,1.998313394946752553e+01
6.712671267126712848e+01,4.052921784046999164e+03,1.998313411876817369e+01
6.713671367136714707e+01,4.052862726685845701e+03,1.998313428801462521e+01
6.714671467146715145e+01,4.052803401117496833e+03,1.998313445719089643e+01
6.715671567156715582e+01,4.052743830877475830e+03,1.998313462628075854e+01
6.716671667166717441e+01,4.052684039832205599e+03,1.998313479526775538e+01
6.717671767176717879e+01,4.052624052179008231e+03,1.998313496413519275e+01
6.718671867186718316e+01,4.052563892446106365e+03,1.998313513286614906e+01
6.719671967196720175e+01,4.052503585492621369e+03,1.998313530144345052e+01
6.720672067206720612e+01,4.052443156508575612e+03,1.998313546984971012e+01
6.721672167216722471e+01,4.052382631014890649e+03,1.998313563806728865e+01
6.722672267226722909e+01,4.052322034863388126e+03,1.998313580607831952e+01
6.723672367236723346e+01,4.052261394236788874e+03,1.998313597386469809e+01
6.724672467246725205e+01,4.052200735648714272e+03,1.998313614140809236e+01
6.725672567256725642e+01,4.052140085943685335e+03,1.998313630868992163e+01
6.726672667266727501e+01,4.052079472297122265e+03,1.998313647569138141e+01
6.727672767276727939e+01,4.052018922215345810e+03,1.998313664239343268e+01
6.728672867286728376e+01,4.051958463535575902e+03,1.998313680877679133e+01
6.729672967296730235e+01,4.051898124425933020e+03,1.998313697482194584e+01
6.730673067306730672e+01,4.051837933385436827e+03,1.998313714050915380e+01
6.731673167316732531e+01,4.051777919244006625e+03,1.998313730581842407e+01
6.732673267326732969e+01,4.051718111162462719e+03,1.998313747072954882e+01
6.733673367336733406e+01,4.051658538632523232e+03,1.998313763522206443e+01
6.734673467346735265e+01,4.051599231476808200e+03,1.998313779927529055e+01
6.735673567356735703e+01,4.051540219848835477e+03,1.998313796286830524e+01
6.736673667366737561e+01,4.051481534233024831e+03,1.998313812597994499e+01
6.737673767376737999e+01,4.051423205444693849e+03,1.998313828858881891e+01
6.738673867386738436e+01,4.051365264630061120e+03,1.998313845067330163e+01
6.739673967396740295e+01,4.051307743266244415e+03,1.998313861221152976e+01
6.740674067406740733e+01,4.051250673161262057e+03,1.998313877318140541e+01
6.741674167416742591e+01,4.051194086454031094e+03,1.998313893356059623e+01
6.742674267426743029e+01,4.051138015614369124e+03,1.998313909332653537e+01
6.743674367436743466e+01,4.051082493442993837e+03,1.998313925245641798e+01
6.744674467446745325e+01,4.051027553071521652e+03,1.998313941092720469e+01
6.745674567456745763e+01,4.050973227962469537e+03,1.998313956871562880e+01
6.746674667466747621e+01,4.050919551909254096e+03,1.998313972579818198e+01
6.747674767476748059e+01,4.050866559036192484e+03,1.998313988215111436e+01
6.748674867486748497e+01,4.050814283798499673e+03,1.998314003775045933e+01
6.749674967496750355e+01,4.050762760982293003e+03,1.998314019257199448e+01
6.750675067506750793e+01,4.050712025704587177e+03,1.998314034659128069e+01
6.751675167516752651e+01,4.050662113413298357e+03,1.998314049978362661e+01
6.752675267526753089e+01,4.050613059887241434e+03,1.998314065212412416e+01
6.753675367536753527e+01,4.050564901236132755e+03,1.998314080358761302e+01
6.754675467546755385e+01,4.050517673900586033e+03,1.998314095414870906e+01
6.755675567556755823e+01,4.050471414652116891e+03,1.998314110378179365e+01
6.756675667566757681e+01,4.050426160593139684e+03,1.998314125246100303e+01
6.757675767576758119e+01,4.050381949156969313e+03,1.998314140016024965e+01
6.758675867586758557e+01,4.050338818107818952e+03,1.998314154685320077e+01
6.759675967596760415e+01,4.050296805540803234e+03,1.998314169251329986e+01
6.760676067606760853e+01,4.050255949881936431e+03,1.998314183711374881e+01
6.761676167616762712e+01,4.050216289888131087e+03,1.998314198062751146e+01
6.762676267626763149e+01,4.050177864647201204e+03,1.998314212302732429e+01
6.763676367636763587e+01,4.050140713577860424e+03,1.998314226428568219e+01
6.764676467646765445e+01,4.050104876429720662e+03,1.998314240437484912e+01
6.765676567656765883e+01,4.050070393283295743e+03,1.998314254326685457e+01
6.766676667666766321e+01,4.050037304549997771e+03,1.998314268093349000e+01
6.767676767676768179e+01,4.050005650972138938e+03,1.998314281734631237e+01
6.768676867686768617e+01,4.049975473622931986e+03,1.998314295247664418e+01
6.769676967696770475e+01,4.049946813906488387e+03,1.998314308629557701e+01
6.770677067706770913e+01,4.049919713557820614e+03,1.998314321877395727e+01
6.771677167716771351e+01,4.049894214642839415e+03,1.998314334988241114e+01
6.772677267726773209e+01,4.049870359558356995e+03,1.998314347959131254e+01
6.773677367736773647e+01,4.049848191032083832e+03,1.998314360787081867e+01
6.774677467746775505e+01,4.049827752122631409e+03,1.998314373469083449e+01
6.775677567756775943e+01,4.049809086219510391e+03,1.998314386002104115e+01
6.776677667766776381e+01,4.049792237043131081e+03,1.998314398383088175e+01
6.777677767776778239e+01,4.049777248644804331e+03,1.998314410608956493e+01
6.778677867786778677e+01,4.049764165406739721e+03,1.998314422676606483e+01
6.779677967796780536e+01,4.049753032042047835e+03,1.998314434582911403e+01
6.780678067806780973e+01,4.049743893594738438e+03,1.998314446324722127e+01
6.781678167816781411e+01,4.049736795439720481e+03,1.998314457898865371e+01
6.782678267826783269e+01,4.049731783282803917e+03,1.998314469302144047e+01
6.783678367836783707e+01,4.049728903160697882e+03,1.998314480531338333e+01
6.784678467846785566e+01,4.049728201441011151e+03,1.998314491583204244e+01
6.785678567856786003e+01,4.049729724822252592e+03,1.998314502454475061e+01
6.786678667866786441e+01,4.049733520333830711e+03,1.998314513141859905e+01
6.787678767876788299e+01,4.049739635336054107e+03,1.998314523642044094e+01
6.788678867886788737e+01,4.049748117520130563e+03,1.998314533951690564e+01
6.789678967896790596e+01,4.049759014908168410e+03,1.998314544067438092e+01
6.790679067906791033e+01,4.049772375853175163e+03,1.998314553985901654e+01
6.791679167916791471e+01,4.049788249039058428e+03,1.998314563703673485e+01
6.792679267926793329e+01,4.049806683480625907e+03,1.998314573217321310e+01
6.793679367936793767e+01,4.049827728523584483e+03,1.998314582523390470e+01
6.794679467946795626e+01,4.049851433844541134e+03,1.998314591618402503e+01
6.795679567956796063e+01,4.049877849451002476e+03,1.998314600498854432e+01
6.796679667966796501e+01,4.049907025681375217e+03,1.998314609161221256e+01
6.797679767976798360e+01,4.049939013204965704e+03,1.998314617601953458e+01
6.798679867986798797e+01,4.049973863021979923e+03,1.998314625817478429e+01
6.799679967996800656e+01,4.050011541318512172e+03,1.998314633810597130e+01
6.800680068006801093e+01,4.050051281105009366e+03,1.998314641639027656e+01
6.801680168016801531e+01,4.050092845389050581e+03,1.998314649320364467e+01
6.802680268026803390e+01,4.050136181455237420e+03,1.998314656858327965e+01
6.803680368036803827e+01,4.050181237014157432e+03,1.998314664256609419e+01
6.804680468046805686e+01,4.050227960202386839e+03,1.998314671518870256e+01
6.805680568056806123e+01,4.050276299582489173e+03,1.998314678648741705e+01
6.806680668066806561e+01,4.050326204143014820e+03,1.998314685649824796e+01
6.807680768076808420e+01,4.050377623298503295e+03,1.998314692525691072e+01
6.808680868086808857e+01,4.050430506889479602e+03,1.998314699279882234e+01
6.809680968096810716e+01,4.050484805182458331e+03,1.998314705915910139e+01
6.810681068106811153e+01,4.050540468869940014e+03,1.998314712437255736e+01
6.811681168116811591e+01,4.050597449070413404e+03,1.998314718847370841e+01
6.812681268126813450e+01,4.050655697328355018e+03,1.998314725149677784e+01
6.813681368136813887e+01,4.050715165614228681e+03,1.998314731347567985e+01
6.814681468146814325e+01,4.050775806324485984e+03,1.998314737444403733e+01
6.815681568156816184e+01,4.050837572281565372e+03,1.998314743443516406e+01
6.816681668166816621e+01,4.050900416733893962e+03,1.998314749348208608e+01
6.817681768176818480e+01,4.050964293355884820e+03,1.998314755161752743e+01
6.818681868186818917e+01,4.051029156247940591e+03,1.998314760887390307e+01
6.819681968196819355e+01,4.051094959936449868e+03,1.998314766528334019e+01
6.820682068206821214e+01,4.051161659373789917e+03,1.998314772087766045e+01
6.821682168216821651e+01,4.051229209938323947e+03,1.998314777568839062e+01
6.822682268226823510e+01,4.051297567434404755e+03,1.998314782974675552e+01
6.823682368236823947e+01,4.051366688092371078e+03,1.998314788308367795e+01
6.824682468246824385e+01,4.051436528568550330e+03,1.998314793572978942e+01
6.825682568256826244e+01,4.051507045945256777e+03,1.998314798771541234e+01
6.826682668266826681e+01,4.051578197730792454e+03,1.998314803907057779e+01
6.827682768276828540e+01,4.051649941859446699e+03,1.998314808982501489e+01
6.828682868286828977e+01,4.051722236691496619e+03,1.998314814000815076e+01
6.829682968296829415e+01,4.051795041013207538e+03,1.998314818964911765e+01
6.830683068306831274e+01,4.051868314036830725e+03,1.998314823877674584e+01
6.831683168316831711e+01,4.051942015400607033e+03,1.998314828741956717e+01
6.832683268326833570e+01,4.052016105168762806e+03,1.998314833560581150e+01
6.833683368336834008e+01,4.052090543831513514e+03,1.998314838336341737e+01
6.834683468346834445e+01,4.052165292305061485e+03,1.998314843072001423e+01
6.835683568356836304e+01,4.052240311931596807e+03,1.998314847770293667e+01
6.836683668366836741e+01,4.052315564479296427e+03,1.998314852433922084e+01
6.837683768376838600e+01,4.052391012142326417e+03,1.998314857065560446e+01
6.838683868386839038e+01,4.052466617540838797e+03,1.998314861667852327e+01
6.839683968396839475e+01,4.052542343720973349e+03,1.998314866243411103e+01
6.840684068406841334e+01,4.052618154154858985e+03,1.998314870794821019e+01
6.841684168416841771e+01,4.052694012740610106e+03,1.998314875324636120e+01
6.842684268426843630e+01,4.052769883802329787e+03,1.998314879835379898e+01
6.843684368436844068e+01,4.052845732090108413e+03,1.998314884329546715e+01
6.844684468446844505e+01,4.052921522780024134e+03,1.998314888809600376e+01
6.845684568456846364e+01,4.052997221474142862e+03,1.998314893277975202e+01
6.846684668466846801e+01,4.053072794200516455e+03,1.998314897737075668e+01
6.847684768476848660e+01,4.053148207413186356e+03,1.998314902189275699e+01
6.848684868486849098e+01,4.053223427992180859e+03,1.998314906636920085e+01
6.849684968496849535e+01,4.053298423243515117e+03,1.998314911082323064e+01
6.850685068506851394e+01,4.053373160899192953e+03,1.998314915527769031e+01
6.851685168516851832e+01,4.053447609117205047e+03,1.998314919975513249e+01
6.852685268526853690e+01,4.053521736481529388e+03,1.998314924427779715e+01
6.853685368536854128e+01,4.053595512002132637e+03,1.998314928886763298e+01
6.854685468546854565e+01,4.053668905114967401e+03,1.998314933354629019e+01
6.855685568556856424e+01,4.053741885681975418e+03,1.998314937833511706e+01
6.856685668566856862e+01,4.053814423991085278e+03,1.998314942325516341e+01
6.857685768576858720e+01,4.053886490756212879e+03,1.998314946832718064e+01
6.858685868586859158e+01,4.053958057117261433e+03,1.998314951357161817e+01
6.859685968596859595e+01,4.054029094640122821e+03,1.998314955900862699e+01
6.860686068606861454e+01,4.054099575316676237e+03,1.998314960465806678e+01
6.861686168616861892e+01,4.054169471564786818e+03,1.998314965053948100e+01
6.862686268626862329e+01,4.054238756228309740e+03,1.998314969667212893e+01
6.863686368636864188e+01,4.054307402577085668e+03,1.998314974307496783e+01
6.864686468646864625e+01,4.054375384306943488e+03,1.998314978976664591e+01
6.865686568656866484e+01,4.054442675539700303e+03,1.998314983676552714e+01
6.866686668666866922e+01,4.054509250823160073e+03,1.998314988408966641e+01
6.867686768676867359e+01,4.054575085131114520e+03,1.998314993175681664e+01
6.868686868686869218e+01,4.054640153863342675e+03,1.998314997978444296e+01
6.869686968696869656e+01,4.054704432845610881e+03,1.998315002818970143e+01
6.870687068706871514e+01,4.054767898329674608e+03,1.998315007698944967e+01
6.871687168716871952e+01,4.054830526993274816e+03,1.998315012620025044e+01
6.872687268726872389e+01,4.054892295940141139e+03,1.998315017583836806e+01
6.873687368736874248e+01,4.054953182699990975e+03,1.998315022591976131e+01
6.874687468746874686e+01,4.055013165228528123e+03,1.998315027646009057e+01
6.875687568756876544e+01,4.055072221907445055e+03,1.998315032747472486e+01
6.876687668766876982e+01,4.055130331544421551e+03,1.998315037897872415e+01
6.877687768776877419e+01,4.055187473373124703e+03,1.998315043098685706e+01
6.878687868786879278e+01,4.055243627053208911e+03,1.998315048351358669e+01
6.879687968796879716e+01,4.055298772670317248e+03,1.998315053657308127e+01
6.880688068806881574e+01,4.055352890736078734e+03,1.998315059017920348e+01
6.881688168816882012e+01,4.055405962188111062e+03,1.998315064434552468e+01
6.882688268826882450e+01,4.055457968390019232e+03,1.998315069908531783e+01
6.883688368836884308e+01,4.055508891131396012e+03,1.998315075441154320e+01
6.884688468846884746e+01,4.055558712627821023e+03,1.998315081033687690e+01
6.885688568856886604e+01,4.055607415520862105e+03,1.998315086687368591e+01
6.886688668866887042e+01,4.055654982878074406e+03,1.998315092403404591e+01
6.887688768876887480e+01,4.055701398193000387e+03,1.998315098182972704e+01
6.888688868886889338e+01,4.055746645385170723e+03,1.998315104027220102e+01
6.889688968896889776e+01,4.055790708800102948e+03,1.998315109937264467e+01
6.890689068906891634e+01,4.055833573209302358e+03,1.998315115914192575e+01
6.891689168916892072e+01,4.055875223810262014e+03,1.998315121959062779e+01
6.892689268926892510e+01,4.055915646226462741e+03,1.998315128072902169e+01
6.893689368936894368e+01,4.055954826507371763e+03,1.998315134256708703e+01
6.894689468946894806e+01,4.055992751128445434e+03,1.998315140511449783e+01
6.895689568956896665e+01,4.056029406991126507e+03,1.998315146838063328e+01
6.896689668966897102e+01,4.056064781422845954e+03,1.998315153237457054e+01
6.897689768976897540e+01,4.056098862177021601e+03,1.998315159710509192e+01
6.898689868986899398e+01,4.056131637433059495e+03,1.998315166258067777e+01
6.899689968996899836e+01,4.056163095796352991e+03,1.998315172880950641e+01
6.900690069006901695e+01,4.056193226298282752e+03,1.998315179579946133e+01
6.901690169016902132e+01,4.056222018396217663e+03,1.998315186355812401e+01
6.902690269026902570e+01,4.056249461973513007e+03,1.998315193209277751e+01
6.903690369036904428e+01,4.056275547339513196e+03,1.998315200141040293e+01
6.904690469046904866e+01,4.056300265229548586e+03,1.998315207151769002e+01
6.905690569056906725e+01,4.056323606804938208e+03,1.998315214242102300e+01
6.906690669066907162e+01,4.056345563652988403e+03,1.998315221412648413e+01
6.907690769076907600e+01,4.056366127786992820e+03,1.998315228663986431e+01
6.908690869086909458e+01,4.056385291646232417e+03,1.998315235996664896e+01
6.909690969096909896e+01,4.056403048095976374e+03,1.998315243411202502e+01
6.910691069106910334e+01,4.056419390427481176e+03,1.998315250908088458e+01
6.911691169116912192e+01,4.056434312357991075e+03,1.998315258487781421e+01
6.912691269126912630e+01,4.056447808030736724e+03,1.998315266150710556e+01
6.913691369136914489e+01,4.056459872014937901e+03,1.998315273897274835e+01
6.914691469146914926e+01,4.056470499305800786e+03,1.998315281727843740e+01
6.915691569156915364e+01,4.056479685324519778e+03,1.998315289642756198e+01
6.916691669166917222e+01,4.056487425918277040e+03,1.998315297642321653e+01
6.917691769176917660e+01,4.056493717360241135e+03,1.998315305726819346e+01
6.918691869186919519e+01,4.056498556349569299e+03,1.998315313896499035e+01
6.919691969196919956e+01,4.056501940011406077e+03,1.998315322151579920e+01
6.920692069206920394e+01,4.056503865896882871e+03,1.998315330492252073e+01
6.921692169216922252e+01,4.056504331983119300e+03,1.998315338918674655e+01
6.922692269226922690e+01,4.056503336673222748e+03,1.998315347430978051e+01
6.923692369236924549e+01,4.056500878796287907e+03,1.998315356029261380e+01
6.924692469246924986e+01,4.056496957607396325e+03,1.998315364713594988e+01
6.925692569256925424e+01,4.056491572787618225e+03,1.998315373484018664e+01
6.926692669266927282e+01,4.056484724444010681e+03,1.998315382340542357e+01
6.927692769276927720e+01,4.056476413109618534e+03,1.998315391283146525e+01
6.928692869286929579e+01,4.056466639743473934e+03,1.998315400311781431e+01
6.929692969296930016e+01,4.056455405730597249e+03,1.998315409426366784e+01
6.930693069306930454e+01,4.056442712881995249e+03,1.998315418626793161e+01
6.931693169316932313e+01,4.056428563434663829e+03,1.998315427912920939e+01
6.932693269326932750e+01,4.056412960051584832e+03,1.998315437284581009e+01
6.933693369336934609e+01,4.056395905821728775e+03,1.998315446741573354e+01
6.934693469346935046e+01,4.056377404260053027e+03,1.998315456283668823e+01
6.935693569356935484e+01,4.056357459307503177e+03,1.998315465910608069e+01
6.936693669366937343e+01,4.056336075331012125e+03,1.998315475622102255e+01
6.937693769376937780e+01,4.056313257123499170e+03,1.998315485417831638e+01
6.938693869386939639e+01,4.056289009903873648e+03,1.998315495297447342e+01
6.939693969396940076e+01,4.056263339317029931e+03,1.998315505260570291e+01
6.940694069406940514e+01,4.056236251433851521e+03,1.998315515306791923e+01
6.941694169416942373e+01,4.056207752751208318e+03,1.998315525435672768e+01
6.942694269426942810e+01,4.056177850191959351e+03,1.998315535646744578e+01
6.943694369436944669e+01,4.056146551104949594e+03,1.998315545939508198e+01
6.944694469446945106e+01,4.056113863265012697e+03,1.998315556313435337e+01
6.945694569456945544e+01,4.056079794872969160e+03,1.998315566767967155e+01
6.946694669466947403e+01,4.056044354555627251e+03,1.998315577302515322e+01
6.947694769476947840e+01,4.056007551365782547e+03,1.998315587916461311e+01
6.948694869486949699e+01,4.055969394782219297e+03,1.998315598609156751e+01
6.949694969496950137e+01,4.055929894709707696e+03,1.998315609379923075e+01
6.950695069506950574e+01,4.055889061479006159e+03,1.998315620228052580e+01
6.951695169516952433e+01,4.055846905846861773e+03,1.998315631152807015e+01
6.952695269526952870e+01,4.055803438996007117e+03,1.998315642153418281e+01
6.953695369536954729e+01,4.055758672535163441e+03,1.998315653229087729e+01
6.954695469546955167e+01,4.055712618499040218e+03,1.998315664378988643e+01
6.955695569556955604e+01,4.055665289348333317e+03,1.998315675602261976e+01
6.956695669566957463e+01,4.055616697969725919e+03,1.998315686898020616e+01
6.957695769576957900e+01,4.055566857675890788e+03,1.998315698265346896e+01
6.958695869586958338e+01,4.055515782205485266e+03,1.998315709703292953e+01
6.959695969596960197e+01,4.055463485723157191e+03,1.998315721210881080e+01
6.960696069606960634e+01,4.055409982819539891e+03,1.998315732787104082e+01
6.961696169616962493e+01,4.055355288511254912e+03,1.998315744430924568e+01
6.962696269626962930e+01,4.055299418240911564e+03,1.998315756141274591e+01
6.963696369636963368e+01,4.055242387877106921e+03,1.998315767917057784e+01
6.964696469646965227e+01,4.055184213714424459e+03,1.998315779757146160e+01
6.965696569656965664e+01,4.055124912473436780e+03,1.998315791660382956e+01
6.966696669666967523e+01,4.055064501300702432e+03,1.998315803625581211e+01
6.967696769676967961e+01,4.055002997768769092e+03,1.998315815651523764e+01
6.968696869686968398e+01,4.054940419876170836e+03,1.998315827736963612e+01
6.969696969696970257e+01,4.054876786047429505e+03,1.998315839880624267e+01
6.970697069706970694e+01,4.054812115133054704e+03,1.998315852081198329e+01
6.971697169716972553e+01,4.054746426409543801e+03,1.998315864337349623e+01
6.972697269726972991e+01,4.054679739579381476e+03,1.998315876647711775e+01
6.973697369736973428e+01,4.054612074771039715e+03,1.998315889010887503e+01
6.974697469746975287e+01,4.054543452538978272e+03,1.998315901425450747e+01
6.975697569756975724e+01,4.054473893863644662e+03,1.998315913889944895e+01
6.976697669766977583e+01,4.054403420151473711e+03,1.998315926402883846e+01
6.977697769776978021e+01,4.054332053234887553e+03,1.998315938962751304e+01
6.978697869786978458e+01,4.054259815372296998e+03,1.998315951568000770e+01
6.979697969796980317e+01,4.054186729248098345e+03,1.998315964217056617e+01
6.980698069806980754e+01,4.054112817972677931e+03,1.998315976908312308e+01
6.981698169816982613e+01,4.054038105082407128e+03,1.998315989640132173e+01
6.982698269826983051e+01,4.053962614539647348e+03,1.998316002410850345e+01
6.983698369836983488e+01,4.053886370732745490e+03,1.998316015218770758e+01
6.984698469846985347e+01,4.053809398476037131e+03,1.998316028062167860e+01
6.985698569856985785e+01,4.053731723009845609e+03,1.998316040939285898e+01
6.986698669866987643e+01,4.053653370000480209e+03,1.998316053848339280e+01
6.987698769876988081e+01,4.053574365540239796e+03,1.998316066787512568e+01
6.988698869886988518e+01,4.053494736147409640e+03,1.998316079754960128e+01
6.989698969896990377e+01,4.053414508766262315e+03,1.998316092748806483e+01
6.990699069906990815e+01,4.053333710767059074e+03,1.998316105767146311e+01
6.991699169916992673e+01,4.053252369946048020e+03,1.998316118808044806e+01
6.992699269926993111e+01,4.053170514525464569e+03,1.998316131869536250e+01
6.993699369936993548e+01,4.053088173153532352e+03,1.998316144949625794e+01
6.994699469946995407e+01,4.053005374904461405e+03,1.998316158046288393e+01
6.995699569956995845e+01,4.052922149278451343e+03,1.998316171157469157e+01
6.996699669966997703e+01,4.052838526201686818e+03,1.998316184281082997e+01
6.997699769976998141e+01,4.052754536026342066e+03,1.998316197415015338e+01
6.998699869986998578e+01,4.052670209530577722e+03,1.998316210557121053e+01
6.999699969997000437e+01,4.052585577918542640e+03,1.998316223705225880e+01
7.000700070007000875e+01,4.052500672820373438e+03,1.998316236857125361e+01
7.001700170017002733e+01,4.052415526292192681e+03,1.998316250010584127e+01
7.002700270027003171e+01,4.052330170816112059e+03,1.998316263163338746e+01
7.003700370037003609e+01,4.052244639300230574e+03,1.998316276313094164e+01
7.004700470047005467e+01,4.052158965078634537e+03,1.998316289457526196e+01
7.005700570057005905e+01,4.052073181911397569e+03,1.998316302594280813e+01
7.006700670067006342e+01,4.051987323984581508e+03,1.998316315720973790e+01
7.007700770077008201e+01,4.051901425910235048e+03,1.998316328835191058e+01
7.008700870087008639e+01,4.051815522726395102e+03,1.998316341934488349e+01
7.009700970097010497e+01,4.051729649897084983e+03,1.998316355016391910e+01
7.010701070107010935e+01,4.051643843312317131e+03,1.998316368078397787e+01
7.011701170117011372e+01,4.051558139288090842e+03,1.998316381117972185e+01
7.012701270127013231e+01,4.051472574566391813e+03,1.998316394132551466e+01
7.013701370137013669e+01,4.051387186315195777e+03,1.998316407119542149e+01
7.014701470147015527e+01,4.051302012128463048e+03,1.998316420076320199e+01
7.015701570157015965e+01,4.051217090026144433e+03,1.998316433000232450e+01
7.016701670167016403e+01,4.051132458454176231e+03,1.998316445888595183e+01
7.017701770177018261e+01,4.051048156284483412e+03,1.998316458738695189e+01
7.018701870187018699e+01,4.050964222814977347e+03,1.998316471547789419e+01
7.019701970197020557e+01,4.050880697769558083e+03,1.998316484313104269e+01
7.020702070207020995e+01,4.050797621298112517e+03,1.998316497031836647e+01
7.021702170217021433e+01,4.050715033976516224e+03,1.998316509701153620e+01
7.022702270227023291e+01,4.050632976806630268e+03,1.998316522318192057e+01
7.023702370237023729e+01,4.050551491216305294e+03,1.998316534880059336e+01
7.024702470247025587e+01,4.050470619059378350e+03,1.998316547383832287e+01
7.025702570257026025e+01,4.050390402615674702e+03,1.998316559826557892e+01
7.026702670267026463e+01,4.050310884591006925e+03,1.998316572205254005e+01
7.027702770277028321e+01,4.050232108117174448e+03,1.998316584516907923e+01
7.028702870287028759e+01,4.050154116751964921e+03,1.998316596758476393e+01
7.029702970297030618e+01,4.050076954479154210e+03,1.998316608926887739e+01
7.030703070307031055e+01,4.050000665708504584e+03,1.998316621019039019e+01
7.031703170317031493e+01,4.049925295275766075e+03,1.998316633031798162e+01
7.032703270327033351e+01,4.049850888442676933e+03,1.998316644962002542e+01
7.033703370337033789e+01,4.049777490896961808e+03,1.998316656806460401e+01
7.034703470347035648e+01,4.049705148752334480e+03,1.998316668561949072e+01
7.035703570357036085e+01,4.049633908548495128e+03,1.998316680225217112e+01
7.036703670367036523e+01,4.049563817251131695e+03,1.998316691792982169e+01
7.037703770377038381e+01,4.049494922251919434e+03,1.998316703261932403e+01
7.038703870387038819e+01,4.049427271368522270e+03,1.998316714628725776e+01
7.039703970397040678e+01,4.049360912844589620e+03,1.998316725889990764e+01
7.040704070407041115e+01,4.049295895349760940e+03,1.998316737042325641e+01
7.041704170417041553e+01,4.049232267979661628e+03,1.998316748082298488e+01
7.042704270427043411e+01,4.049170080255904850e+03,1.998316759006448251e+01
7.043704370437043849e+01,4.049109382126091077e+03,1.998316769811282967e+01
7.044704470447045708e+01,4.049050223963809913e+03,1.998316780493281541e+01
7.045704570457046145e+01,4.048992656568635994e+03,1.998316791048892327e+01
7.046704670467046583e+01,4.048936731166133995e+03,1.998316801474534543e+01
7.047704770477048442e+01,4.048882499407854084e+03,1.998316811766596501e+01
7.048704870487048879e+01,4.048830013371336008e+03,1.998316821921437381e+01
7.049704970497050738e+01,4.048779325560104553e+03,1.998316831935385807e+01
7.050705070507051175e+01,4.048730488903674996e+03,1.998316841804741273e+01
7.051705170517051613e+01,4.048683556757547194e+03,1.998316851525772719e+01
7.052705270527053472e+01,4.048638582903211045e+03,1.998316861094718888e+01
7.053705370537053909e+01,4.048595621548142390e+03,1.998316870507789744e+01
7.054705470547054347e+01,4.048554727325805288e+03,1.998316879761163989e+01
7.055705570557056205e+01,4.048515955295651565e+03,1.998316888850991191e+01
7.056705670567056643e+01,4.048479360943119900e+03,1.998316897773390721e+01
7.057705770577058502e+01,4.048445000179637191e+03,1.998316906524452463e+01
7.058705870587058939e+01,4.048412929342617645e+03,1.998316915100235747e+01
7.059705970597059377e+01,4.048383205195462779e+03,1.998316923496770059e+01
7.060706070607061235e+01,4.048355884927561419e+03,1.998316931710055400e+01
7.061706170617061673e+01,4.048331026154291521e+03,1.998316939736061926e+01
7.062706270627063532e+01,4.048308686917016530e+03,1.998316947570728885e+01
7.063706370637063969e+01,4.048288925683088564e+03,1.998316955209966395e+01
7.064706470647064407e+01,4.048271801345847052e+03,1.998316962649655082e+01
7.065706570657066266e+01,4.048257373224619641e+03,1.998316969885644312e+01
7.066706670667066703e+01,4.048245701064720379e+03,1.998316976913754317e+01
7.067706770677068562e+01,4.048236845037451076e+03,1.998316983729775842e+01
7.068706870687068999e+01,4.048230865740102217e+03,1.998316990329468723e+01
7.069706970697069437e+01,4.048227824195950689e+03,1.998316996708564020e+01
7.070707070707071296e+01,4.048227781854261139e+03,1.998317002862761527e+01
7.071707170717071733e+01,4.048230800590285980e+03,1.998317008787731908e+01
7.072707270727073592e+01,4.048236942705264937e+03,1.998317014479115983e+01
7.073707370737074029e+01,4.048246270926425950e+03,1.998317019932524374e+01
7.074707470747074467e+01,4.048258848406983816e+03,1.998317025143537506e+01
7.075707570757076326e+01,4.048274738726141095e+03,1.998317030107707026e+01
7.076707670767076763e+01,4.048294005889087657e+03,1.998317034820552962e+01
7.077707770777078622e+01,4.048316714327001591e+03,1.998317039277566920e+01
7.078707870787079059e+01,4.048342928897047841e+03,1.998317043474209598e+01
7.079707970797079497e+01,4.048372714882379114e+03,1.998317047405912206e+01
7.080708070807081356e+01,4.048406137992135882e+03,1.998317051068075756e+01
7.081708170817081793e+01,4.048443264361445927e+03,1.998317054456072128e+01
7.082708270827083652e+01,4.048484160551424793e+03,1.998317057565241939e+01
7.083708370837084090e+01,4.048528893549175336e+03,1.998317060390897026e+01
7.084708470847084527e+01,4.048577530767788176e+03,1.998317062928318677e+01
7.085708570857086386e+01,4.048630139971898188e+03,1.998317065172764018e+01
7.086708670867086823e+01,4.048685847213183479e+03,1.998317067188692064e+01
7.087708770877088682e+01,4.048743721134904263e+03,1.998317069044460226e+01
7.088708870887089120e+01,4.048803695338919169e+03,1.998317070744710122e+01
7.089708970897089557e+01,4.048865703984904030e+03,1.998317072294044294e+01
7.090709070907091416e+01,4.048929681790354607e+03,1.998317073697026913e+01
7.091709170917091853e+01,4.048995564030582500e+03,1.998317074958182715e+01
7.092709270927093712e+01,4.049063286538719240e+03,1.998317076081997001e+01
7.093709370937094150e+01,4.049132785705714014e+03,1.998317077072916348e+01
7.094709470947094587e+01,4.049203998480333667e+03,1.998317077935348252e+01
7.095709570957096446e+01,4.049276862369163609e+03,1.998317078673661484e+01
7.096709670967096883e+01,4.049351315436607820e+03,1.998317079292185383e+01
7.097709770977098742e+01,4.049427296304887022e+03,1.998317079795210205e+01
7.098709870987099180e+01,4.049504744154041873e+03,1.998317080186987127e+01
7.099709970997099617e+01,4.049583598721929775e+03,1.998317080471728957e+01
7.100710071007101476e+01,4.049663800304226697e+03,1.998317080653608002e+01
7.101710171017101914e+01,4.049745289754427176e+03,1.998317080736759266e+01
7.102710271027102351e+01,4.049828008483842950e+03,1.998317080725277251e+01
7.103710371037104210e+01,4.049911898461604778e+03,1.998317080623218445e+01
7.104710471047104647e+01,4.049996902214661532e+03,1.998317080434599546e+01
7.105710571057106506e+01,4.050082962827779738e+03,1.998317080163398529e+01
7.106710671067106944e+01,4.050170023943544038e+03,1.998317079813554642e+01
7.107710771077107381e+01,4.050258029762357182e+03,1.998317079388967343e+01
7.108710871087109240e+01,4.050346925042440944e+03,1.998317078893497012e+01
7.109710971097109677e+01,4.050436655099834297e+03,1.998317078330966368e+01
7.110711071107111536e+01,4.050527165808394784e+03,1.998317077705157274e+01
7.111711171117111974e+01,4.050618403599797603e+03,1.998317077019813581e+01
7.112711271127112411e+01,4.050710315463536517e+03,1.998317076278640059e+01
7.113711371137114270e+01,4.050802848946923859e+03,1.998317075485302041e+01
7.114711471147114707e+01,4.050895952155088708e+03,1.998317074643426139e+01
7.115711571157116566e+01,4.050989573750980071e+03,1.998317073756599527e+01
7.116711671167117004e+01,4.051083662955363252e+03,1.998317072828370655e+01
7.117711771177117441e+01,4.051178169546823028e+03,1.998317071862248895e+01
7.118711871187119300e+01,4.051273043861762289e+03,1.998317070861704181e+01
7.119711971197119738e+01,4.051368236794401128e+03,1.998317069830168080e+01
7.120712071207121596e+01,4.051463699796778656e+03,1.998317068771032723e+01
7.121712171217122034e+01,4.051559384878751189e+03,1.998317067687650805e+01
7.122712271227122471e+01,4.051655244607994518e+03,1.998317066583337009e+01
7.123712371237124330e+01,4.051751232110001183e+03,1.998317065461365516e+01
7.124712471247124768e+01,4.051847301068083198e+03,1.998317064324972847e+01
7.125712571257126626e+01,4.051943405723369779e+03,1.998317063177355735e+01
7.126712671267127064e+01,4.052039500874808255e+03,1.998317062021671831e+01
7.127712771277127501e+01,4.052135541879164066e+03,1.998317060861040417e+01
7.128712871287129360e+01,4.052231484651022129e+03,1.998317059698540632e+01
7.129712971297129798e+01,4.052327285662783197e+03,1.998317058537213242e+01
7.130713071307131656e+01,4.052422901944668865e+03,1.998317057380059936e+01
7.131713171317132094e+01,4.052518291084715656e+03,1.998317056230043320e+01
7.132713271327132531e+01,4.052613411228781388e+03,1.998317055090086569e+01
7.133713371337134390e+01,4.052708221080540625e+03,1.998317053963074841e+01
7.134713471347134828e+01,4.052802679901484680e+03,1.998317052851852793e+01
7.135713571357136686e+01,4.052896747510926161e+03,1.998317051759227070e+01
7.136713671367137124e+01,4.052990384285992604e+03,1.998317050687965235e+01
7.137713771377137562e+01,4.053083551161631476e+03,1.998317049640795062e+01
7.138713871387139420e+01,4.053176209630608810e+03,1.998317048620405956e+01
7.139713971397139858e+01,4.053268321743506931e+03,1.998317047629448240e+01
7.140714071407141716e+01,4.053359850108728097e+03,1.998317046670532449e+01
7.141714171417142154e+01,4.053450757892491310e+03,1.998317045746231102e+01
7.142714271427142592e+01,4.053541008818835053e+03,1.998317044859076930e+01
7.143714371437144450e+01,4.053630567169615006e+03,1.998317044011563581e+01
7.144714471447144888e+01,4.053719397784504508e+03,1.998317043206146693e+01
7.145714571457146747e+01,4.053807466060996830e+03,1.998317042445241398e+01
7.146714671467147184e+01,4.053894737954401990e+03,1.998317041731224819e+01
7.147714771477147622e+01,4.053981179977848115e+03,1.998317041066434285e+01
7.148714871487149480e+01,4.054066759202282356e+03,1.998317040453168758e+01
7.149714971497149918e+01,4.054151443256468610e+03,1.998317039893687763e+01
7.150715071507150356e+01,4.054235200326990707e+03,1.998317039390211747e+01
7.151715171517152214e+01,4.054317999158249222e+03,1.998317038944922430e+01
7.152715271527152652e+01,4.054399809052462842e+03,1.998317038559962100e+01
7.153715371537154510e+01,4.054480599869670186e+03,1.998317038237434318e+01
7.154715471547154948e+01,4.054560342027725255e+03,1.998317037979402855e+01
7.155715571557155386e+01,4.054639006502302436e+03,1.998317037787893469e+01
7.156715671567157244e+01,4.054716564826893318e+03,1.998317037664892482e+01
7.157715771577157682e+01,4.054792989092807602e+03,1.998317037612346780e+01
7.158715871587159540e+01,4.054868251949173555e+03,1.998317037632164528e+01
7.159715971597159978e+01,4.054942326602936646e+03,1.998317037726214807e+01
7.160716071607160416e+01,4.055015186818861821e+03,1.998317037896327619e+01
7.161716171617162274e+01,4.055086806919531227e+03,1.998317038144293889e+01
7.162716271627162712e+01,4.055157161785345579e+03,1.998317038471865459e+01
7.163716371637164571e+01,4.055226226854523247e+03,1.998317038880755803e+01
7.164716471647165008e+01,4.055293978123100715e+03,1.998317039372637893e+01
7.165716571657165446e+01,4.055360392144933940e+03,1.998317039949146690e+01
7.166716671667167304e+01,4.055425446031695174e+03,1.998317040611878426e+01
7.167716771677167742e+01,4.055489117452875689e+03,1.998317041362388835e+01
7.168716871687169601e+01,4.055551384635785325e+03,1.998317042202196347e+01
7.169716971697170038e+01,4.055612226365551123e+03,1.998317043132778892e+01
7.170717071707170476e+01,4.055671621985118691e+03,1.998317044155576028e+01
7.171717171717172334e+01,4.055729551395252201e+03,1.998317045271988590e+01
7.172717271727172772e+01,4.055785995054533487e+03,1.998317046483377979e+01
7.173717371737174631e+01,4.055840933979362489e+03,1.998317047791065804e+01
7.174717471747175068e+01,4.055894349743956809e+03,1.998317049196335660e+01
7.175717571757175506e+01,4.055946224480353521e+03,1.998317050700432063e+01
7.176717671767177364e+01,4.055996540878406904e+03,1.998317052304560093e+01
7.177717771777177802e+01,4.056045282185789347e+03,1.998317054009885751e+01
7.178717871787179661e+01,4.056092432207991806e+03,1.998317055817535604e+01
7.179717971797180098e+01,4.056137975308322893e+03,1.998317057728598556e+01
7.180718071807180536e+01,4.056181896407909790e+03,1.998317059744123014e+01
7.181718171817182395e+01,4.056224180985697785e+03,1.998317061865119015e+01
7.182718271827182832e+01,4.056264815078449828e+03,1.998317064092557160e+01
7.183718371837184691e+01,4.056303785280747434e+03,1.998317066427369326e+01
7.184718471847185128e+01,4.056341078744990227e+03,1.998317068870448665e+01
7.185718571857185566e+01,4.056376683181395947e+03,1.998317071422648539e+01
7.186718671867187425e+01,4.056410586857999988e+03,1.998317074084783584e+01
7.187718771877187862e+01,4.056442778600656766e+03,1.998317076857629004e+01
7.188718871887189721e+01,4.056473247793038809e+03,1.998317079741921987e+01
7.189718971897190158e+01,4.056501984376634937e+03,1.998317082738359574e+01
7.190719071907190596e+01,4.056528978850754811e+03,1.998317085847600438e+01
7.191719171917192455e+01,4.056554222272524385e+03,1.998317089070263819e+01
7.192719271927192892e+01,4.056577706256888632e+03,1.998317092406929874e+01
7.193719371937194751e+01,4.056599422976610185e+03,1.998317095858140036e+01
7.194719471947195188e+01,4.056619365162269787e+03,1.998317099424396304e+01
7.195719571957195626e+01,4.056637526102266293e+03,1.998317103106162307e+01
7.196719671967197485e+01,4.056653899642817578e+03,1.998317106903861529e+01
7.197719771977197922e+01,4.056668480187958266e+03,1.998317110817879438e+01
7.198719871987199781e+01,4.056681262699542458e+03,1.998317114848562071e+01
7.199719971997200219e+01,4.056692242697241454e+03,1.998317118996216024e+01
7.200720072007200656e+01,4.056701416258545123e+03,1.998317123261109174e+01
7.201720172017202515e+01,4.056708780018760990e+03,1.998317127643470670e+01
7.202720272027202952e+01,4.056714331171015601e+03,1.998317132143490227e+01
7.203720372037203390e+01,4.056718067466252705e+03,1.998317136761318125e+01
7.204720472047205249e+01,4.056719987213234617e+03,1.998317141497066629e+01
7.205720572057205686e+01,4.056720089278542218e+03,1.998317146350808216e+01
7.206720672067207545e+01,4.056718373086573138e+03,1.998317151322575924e+01
7.207720772077207982e+01,4.056714838619545390e+03,1.998317156412365136e+01
7.208720872087208420e+01,4.056709486417492371e+03,1.998317161620130733e+01
7.209720972097210279e+01,4.056702317578268321e+03,1.998317166945788870e+01
7.210721072107210716e+01,4.056693333757543314e+03,1.998317172389217689e+01
7.211721172117212575e+01,4.056682537168807812e+03,1.998317177950254830e+01
7.212721272127213012e+01,4.056669930583367659e+03,1.998317183628699922e+01
7.213721372137213450e+01,4.056655517330349994e+03,1.998317189424312801e+01
7.214721472147215309e+01,4.056639301296697340e+03,1.998317195336814933e+01
7.215721572157215746e+01,4.056621286927171695e+03,1.998317201365888351e+01
7.216721672167217605e+01,4.056601479224353170e+03,1.998317207511175653e+01
7.217721772177218043e+01,4.056579883748639986e+03,1.998317213772281420e+01
7.218721872187218480e+01,4.056556506618248022e+03,1.998317220148770446e+01
7.219721972197220339e+01,4.056531354509212179e+03,1.998317226640168087e+01
7.220722072207220776e+01,4.056504434655384102e+03,1.998317233245962043e+01
7.221722172217222635e+01,4.056475754848435372e+03,1.998317239965599157e+01
7.222722272227223073e+01,4.056445323437853858e+03,1.998317246798488611e+01
7.223722372237223510e+01,4.056413149330946908e+03,1.998317253744000155e+01
7.224722472247225369e+01,4.056379241992839525e+03,1.998317260801464457e+01
7.225722572257225806e+01,4.056343611446474824e+03,1.998317267970172750e+01
7.226722672267227665e+01,4.056306268272614489e+03,1.998317275249377545e+01
7.227722772277228103e+01,4.056267223609836947e+03,1.998317282638292269e+01
7.228722872287228540e+01,4.056226489154541014e+03,1.998317290136091628e+01
7.229722972297230399e+01,4.056184077160941797e+03,1.998317297741910892e+01
7.230723072307230836e+01,4.056140000441072971e+03,1.998317305454845894e+01
7.231723172317232695e+01,4.056094272364786775e+03,1.998317313273954454e+01
7.232723272327233133e+01,4.056046906859753562e+03,1.998317321198254248e+01
7.233723372337233570e+01,4.055997918411461342e+03,1.998317329226724937e+01
7.234723472347235429e+01,4.055947322063216234e+03,1.998317337358306389e+01
7.235723572357235867e+01,4.055895133416143381e+03,1.998317345591899397e+01
7.236723672367237725e+01,4.055841368629185126e+03,1.998317353926366025e+01
7.237723772377238163e+01,4.055786044419102382e+03,1.998317362360529259e+01
7.238723872387238600e+01,4.055729178060474169e+03,1.998317370893172651e+01
7.239723972397240459e+01,4.055670787385697167e+03,1.998317379523041737e+01
7.240724072407240897e+01,4.055610890784987077e+03,1.998317388248841553e+01
7.241724172417242755e+01,4.055549507206377257e+03,1.998317397069239121e+01
7.242724272427243193e+01,4.055486656155718720e+03,1.998317405982862383e+01
7.243724372437243630e+01,4.055422357696681502e+03,1.998317414988299134e+01
7.244724472447245489e+01,4.055356632450753295e+03,1.998317424084099514e+01
7.245724572457245927e+01,4.055289501597240360e+03,1.998317433268773868e+01
7.246724672467247785e+01,4.055220986873266156e+03,1.998317442540793820e+01
7.247724772477248223e+01,4.055151110573773167e+03,1.998317451898591202e+01
7.248724872487248660e+01,4.055079895551521531e+03,1.998317461340559831e+01
7.249724972497250519e+01,4.055007365217089955e+03,1.998317470865054091e+01
7.250725072507250957e+01,4.054933543538875256e+03,1.998317480470388574e+01
7.251725172517251394e+01,4.054858455043091453e+03,1.998317490154840215e+01
7.252725272527253253e+01,4.054782124813772043e+03,1.998317499916645446e+01
7.253725372537253691e+01,4.054704578492767723e+03,1.998317509754002685e+01
7.254725472547255549e+01,4.054625842279747758e+03,1.998317519665070918e+01
7.255725572557255987e+01,4.054545942932199523e+03,1.998317529647970403e+01
7.256725672567256424e+01,4.054464907765428507e+03,1.998317539700781253e+01
7.257725772577258283e+01,4.054382764652557853e+03,1.998317549821545924e+01
7.258725872587258721e+01,4.054299542024529273e+03,1.998317560008267080e+01
7.259725972597260579e+01,4.054215268870103046e+03,1.998317570258908304e+01
7.260726072607261017e+01,4.054129974735857104e+03,1.998317580571394458e+01
7.261726172617261454e+01,4.054043689726187495e+03,1.998317590943611322e+01
7.262726272627263313e+01,4.053956444503307921e+03,1.998317601373405239e+01
7.263726372637263751e+01,4.053868270287251562e+03,1.998317611858583831e+01
7.264726472647265609e+01,4.053779198855868344e+03,1.998317622396915283e+01
7.265726572657266047e+01,4.053689262544827216e+03,1.998317632986129411e+01
7.266726672667266484e+01,4.053598494247614781e+03,1.998317643623916595e+01
7.267726772677268343e+01,4.053506927415536211e+03,1.998317654307927782e+01
7.268726872687268781e+01,4.053414596057714789e+03,1.998317665035775548e+01
7.269726972697270639e+01,4.053321534741091000e+03,1.998317675805033389e+01
7.270727072707271077e+01,4.053227778590424805e+03,1.998317686613234656e+01
7.271727172717271515e+01,4.053133363288293367e+03,1.998317697457875042e+01
7.272727272727273373e+01,4.053038325075092416e+03,1.998317708336410092e+01
7.273727372737273811e+01,4.052942700749035794e+03,1.998317719246257695e+01
7.274727472747275669e+01,4.052846527666154998e+03,1.998317730184794883e+01
7.275727572757276107e+01,4.052749843740300548e+03,1.998317741149361026e+01
7.276727672767276545e+01,4.052652687443140621e+03,1.998317752137255709e+01
7.277727772777278403e+01,4.052555097804161051e+03,1.998317763145740145e+01
7.278727872787278841e+01,4.052457114410666236e+03,1.998317774172035755e+01
7.279727972797280700e+01,4.052358777407779598e+03,1.998317785213324882e+01
7.280728072807281137e+01,4.052260127498440852e+03,1.998317796266751856e+01
7.281728172817281575e+01,4.052161205943409641e+03,1.998317807329420859e+01
7.282728272827283433e+01,4.052062054561262812e+03,1.998317818398397350e+01
7.283728372837283871e+01,4.051962715728394869e+03,1.998317829470707707e+01
7.284728472847285730e+01,4.051863232379019792e+03,1.998317840543339940e+01
7.285728572857286167e+01,4.051763648005168307e+03,1.998317851613241913e+01
7.286728672867286605e+01,4.051664006656690617e+03,1.998317862677322765e+01
7.287728772877288463e+01,4.051564352941254128e+03,1.998317873732453265e+01
7.288728872887288901e+01,4.051464732024344812e+03,1.998317884775464037e+01
7.289728972897290760e+01,4.051365189629265842e+03,1.998317895803147692e+01
7.290729072907291197e+01,4.051265772037140323e+03,1.998317906812257405e+01
7.291729172917291635e+01,4.051166526086908107e+03,1.998317917799506560e+01
7.292729272927293493e+01,4.051067499175327612e+03,1.998317928761570883e+01
7.293729372937293931e+01,4.050968739256974914e+03,1.998317939695085954e+01
7.294729472947295790e+01,4.050870294844245109e+03,1.998317950596648629e+01
7.295729572957296227e+01,4.050772215007350951e+03,1.998317961462816683e+01
7.296729672967296665e+01,4.050674549374323306e+03,1.998317972290109168e+01
7.297729772977298524e+01,4.050577348131010694e+03,1.998317983075005344e+01
7.298729872987298961e+01,4.050480662021081116e+03,1.998317993813946458e+01
7.299729972997299399e+01,4.050384542346019316e+03,1.998318004503333611e+01
7.300730073007301257e+01,4.050289040965129061e+03,1.998318015139529891e+01
7.301730173017301695e+01,4.050194210295531775e+03,1.998318025718858237e+01
7.302730273027303554e+01,4.050100103312167448e+03,1.998318036237603579e+01
7.303730373037303991e+01,4.050006773547793728e+03,1.998318046692010697e+01
7.304730473047304429e+01,4.049914275092986372e+03,1.998318057078286714e+01
7.305730573057306287e+01,4.049822662596140162e+03,1.998318067392598252e+01
7.306730673067306725e+01,4.049731991263466625e+03,1.998318077631074274e+01
7.307730773077308584e+01,4.049642316858996764e+03,1.998318087789803243e+01
7.308730873087309021e+01,4.049553695704578786e+03,1.998318097864835607e+01
7.309730973097309459e+01,4.049466184679879916e+03,1.998318107852182379e+01
7.310731073107311317e+01,4.049379841222384130e+03,1.998318117747815847e+01
7.311731173117311755e+01,4.049294723327395332e+03,1.998318127547668865e+01
7.312731273127313614e+01,4.049210889548033720e+03,1.998318137247634851e+01
7.313731373137314051e+01,4.049128398995239422e+03,1.998318146843569565e+01
7.314731473147314489e+01,4.049047311337769315e+03,1.998318156331287909e+01
7.315731573157316348e+01,4.048967686802198386e+03,1.998318165706567484e+01
7.316731673167316785e+01,4.048889586172921554e+03,1.998318174965145388e+01
7.317731773177318644e+01,4.048813070792149574e+03,1.998318184102720707e+01
7.318731873187319081e+01,4.048738202559912679e+03,1.998318193114952734e+01
7.319731973197319519e+01,4.048665043934059213e+03,1.998318201997462040e+01
7.320732073207321378e+01,4.048593657930254722e+03,1.998318210745830115e+01
7.321732173217321815e+01,4.048524108121984227e+03,1.998318219355599368e+01
7.322732273227323674e+01,4.048456458640549954e+03,1.998318227822273840e+01
7.323732373237324111e+01,4.048390774175072693e+03,1.998318236141316717e+01
7.324732473247324549e+01,4.048327119972490891e+03,1.998318244308154235e+01
7.325732573257326408e+01,4.048265561837561108e+03,1.998318252318172128e+01
7.326732673267326845e+01,4.048206166132859380e+03,1.998318260166718119e+01
7.327732773277328704e+01,4.048148999778778034e+03,1.998318267849099428e+01
7.328732873287329141e+01,4.048094130253528419e+03,1.998318275360585972e+01
7.329732973297329579e+01,4.048041625593140452e+03,1.998318282696407167e+01
7.330733073307331438e+01,4.047991554391461250e+03,1.998318289851754415e+01
7.331733173317331875e+01,4.047943985800156952e+03,1.998318296821779683e+01
7.332733273327333734e+01,4.047898989528710899e+03,1.998318303601595147e+01
7.333733373337334172e+01,4.047856635844425455e+03,1.998318310186275326e+01
7.334733473347334609e+01,4.047816995572420637e+03,1.998318316570854591e+01
7.335733573357336468e+01,4.047780140095634124e+03,1.998318322750328946e+01
7.336733673367336905e+01,4.047746141354823521e+03,1.998318328719654957e+01
7.337733773377338764e+01,4.047715071848562275e+03,1.998318334473749758e+01
7.338733873387339202e+01,4.047687004633243760e+03,1.998318340007492466e+01
7.339733973397339639e+01,4.047662013323078554e+03,1.998318345315722055e+01
7.340734073407341498e+01,4.047640172090095348e+03,1.998318350393239484e+01
7.341734173417341935e+01,4.047621555664141397e+03,1.998318355234805921e+01
7.342734273427343794e+01,4.047606239332882069e+03,1.998318359835143454e+01
7.343734373437344232e+01,4.047594298941800389e+03,1.998318364188935803e+01
7.344734473447344669e+01,4.047585810894198403e+03,1.998318368290826541e+01
7.345734573457346528e+01,4.047580852151195359e+03,1.998318372135421583e+01
7.346734673467346965e+01,4.047579500231728616e+03,1.998318375717286699e+01
7.347734773477347403e+01,4.047581833212555011e+03,1.998318379030948577e+01
7.348734873487349262e+01,4.047587929728247673e+03,1.998318382070895893e+01
7.349734973497349699e+01,4.047597868971199205e+03,1.998318384831577177e+01
7.350735073507351558e+01,4.047611730691620323e+03,1.998318387307402588e+01
7.351735173517351996e+01,4.047629595197538947e+03,1.998318389492742853e+01
7.352735273527352433e+01,4.047651543354801561e+03,1.998318391381929615e+01
7.353735373537354292e+01,4.047677656587073216e+03,1.998318392969255797e+01
7.354735473547354729e+01,4.047708016875836620e+03,1.998318394248974883e+01
7.355735573557356588e+01,4.047742706760393048e+03,1.998318395215301990e+01
7.356735673567357026e+01,4.047781809337860977e+03,1.998318395862412089e+01
7.357735773577357463e+01,4.047825408263178360e+03,1.998318396184441781e+01
7.358735873587359322e+01,4.047873587749100352e+03,1.998318396175489298e+01
7.359735973597359759e+01,4.047926432566200674e+03,1.998318395829612015e+01
7.360736073607361618e+01,4.047984028042870705e+03,1.998318395140830006e+01
7.361736173617362056e+01,4.048045929593706660e+03,1.998318394141084653e+01
7.362736273627362493e+01,4.048109762553974633e+03,1.998318393000364424e+01
7.363736373637364352e+01,4.048175180335215828e+03,1.998318391743422140e+01
7.364736473647364789e+01,4.048242125742460757e+03,1.998318390374295817e+01
7.365736573657366648e+01,4.048310542102698037e+03,1.998318388896986519e+01
7.366736673667367086e+01,4.048380373264874379e+03,1.998318387315459077e+01
7.367736773677367523e+01,4.048451563599894143e+03,1.998318385633641014e+01
7.368736873687369382e+01,4.048524058000620244e+03,1.998318383855421843e+01
7.369736973697369820e+01,4.048597801881874148e+03,1.998318381984655900e+01
7.370737073707371678e+01,4.048672741180434969e+03,1.998318380025159513e+01
7.371737173717372116e+01,4.048748822355039010e+03,1.998318377980712057e+01
7.372737273727372553e+01,4.048825992386382040e+03,1.998318375855056317e+01
7.373737373737374412e+01,4.048904198777117472e+03,1.998318373651897772e+01
7.374737473747374850e+01,4.048983389551856817e+03,1.998318371374905311e+01
7.375737573757376708e+01,4.049063513257169689e+03,1.998318369027710872e+01
7.376737673767377146e+01,4.049144518961583799e+03,1.998318366613908736e+01
7.377737773777377583e+01,4.049226356255584506e+03,1.998318364137057301e+01
7.378737873787379442e+01,4.049308975251615720e+03,1.998318361600677306e+01
7.379737973797379880e+01,4.049392326584080365e+03,1.998318359008252543e+01
7.380738073807381738e+01,4.049476361409337187e+03,1.998318356363230208e+01
7.381738173817382176e+01,4.049561031405705307e+03,1.998318353669020198e+01
7.382738273827382613e+01,4.049646288773461038e+03,1.998318350928995457e+01
7.383738373837384472e+01,4.049732086234838334e+03,1.998318348146492696e+01
7.384738473847384910e+01,4.049818377034029709e+03,1.998318345324810608e+01
7.385738573857386768e+01,4.049905114937186227e+03,1.998318342467211295e+01
7.386738673867387206e+01,4.049992254232416144e+03,1.998318339576920621e+01
7.387738773877387644e+01,4.050079749729786272e+03,1.998318336657126792e+01
7.388738873887389502e+01,4.050167556761321976e+03,1.998318333710980710e+01
7.389738973897389940e+01,4.050255631181006265e+03,1.998318330741597393e+01
7.390739073907391798e+01,4.050343929364779797e+03,1.998318327752053847e+01
7.391739173917392236e+01,4.050432408210541780e+03,1.998318324745390839e+01
7.392739273927392674e+01,4.050521025138149980e+03,1.998318321724611835e+01
7.393739373937394532e+01,4.050609738089419807e+03,1.998318318692683704e+01
7.394739473947394970e+01,4.050698505528124315e+03,1.998318315652535659e+01
7.395739573957395407e+01,4.050787286439995569e+03,1.998318312607060676e+01
7.396739673967397266e+01,4.050876040332723278e+03,1.998318309559114780e+01
7.397739773977397704e+01,4.050964727235955252e+03,1.998318306511516695e+01
7.398739873987399562e+01,4.051053307701297399e+03,1.998318303467047841e+01
7.399739973997400000e+01,4.051141742802313729e+03,1.998318300428453398e+01
7.400740074007400437e+01,4.051229994134526351e+03,1.998318297398441246e+01
7.401740174017402296e+01,4.051318023815415927e+03,1.998318294379682669e+01
7.402740274027402734e+01,4.051405794484420312e+03,1.998318291374811295e+01
7.403740374037404592e+01,4.051493269302936369e+03,1.998318288386424513e+01
7.404740474047405030e+01,4.051580411954318606e+03,1.998318285417082407e+01
7.405740574057405468e+01,4.051667186643879631e+03,1.998318282469308116e+01
7.406740674067407326e+01,4.051753558098889698e+03,1.998318279545587828e+01
7.407740774077407764e+01,4.051839491568578524e+03,1.998318276648371139e+01
7.408740874087409622e+01,4.051924952824133015e+03,1.998318273780069987e+01
7.409740974097410060e+01,4.052009908158697726e+03,1.998318270943060071e+01
7.410741074107410498e+01,4.052094324387375764e+03,1.998318268139679788e+01
7.411741174117412356e+01,4.052178168847229244e+03,1.998318265372230229e+01
7.412741274127412794e+01,4.052261409397277021e+03,1.998318262642976251e+01
7.413741374137414653e+01,4.052344014418496954e+03,1.998318259954145404e+01
7.414741474147415090e+01,4.052425952813824097e+03,1.998318257307928292e+01
7.415741574157415528e+01,4.052507194008152055e+03,1.998318254706478569e+01
7.416741674167417386e+01,4.052587707948333446e+03,1.998318252151912944e+01
7.417741774177417824e+01,4.052667465103178074e+03,1.998318249646311173e+01
7.418741874187419683e+01,4.052746436463452937e+03,1.998318247191716068e+01
7.419741974197420120e+01,4.052824593541885406e+03,1.998318244790133491e+01
7.420742074207420558e+01,4.052901908373158676e+03,1.998318242443532711e+01
7.421742174217422416e+01,4.052978353513916318e+03,1.998318240153844982e+01
7.422742274227422854e+01,4.053053902042757272e+03,1.998318237922965679e+01
7.423742374237424713e+01,4.053128527560241309e+03,1.998318235752752869e+01
7.424742474247425150e+01,4.053202204188884025e+03,1.998318233645027320e+01
7.425742574257425588e+01,4.053274906573160933e+03,1.998318231601573913e+01
7.426742674267427446e+01,4.053346609879505195e+03,1.998318229624139164e+01
7.427742774277427884e+01,4.053417289796306704e+03,1.998318227714433704e+01
7.428742874287429743e+01,4.053486922533914822e+03,1.998318225874130505e+01
7.429742974297430180e+01,4.053555484824637006e+03,1.998318224104865948e+01
7.430743074307430618e+01,4.053622953922738816e+03,1.998318222408239819e+01
7.431743174317432477e+01,4.053689307604443002e+03,1.998318220785814248e+01
7.432743274327432914e+01,4.053754524167930867e+03,1.998318219239114413e+01
7.433743374337434773e+01,4.053818582433342726e+03,1.998318217769629257e+01
7.434743474347435210e+01,4.053881461742776082e+03,1.998318216378810419e+01
7.435743574357435648e+01,4.053943141960286084e+03,1.998318215068072234e+01
7.436743674367437507e+01,4.054003603471887345e+03,1.998318213838792445e+01
7.437743774377437944e+01,4.054062827185551214e+03,1.998318212692311846e+01
7.438743874387439803e+01,4.054120794531208503e+03,1.998318211629933927e+01
7.439743974397440240e+01,4.054177487460746306e+03,1.998318210652925941e+01
7.440744074407440678e+01,4.054232888448012091e+03,1.998318209762517483e+01
7.441744174417442537e+01,4.054286980488809604e+03,1.998318208959901909e+01
7.442744274427442974e+01,4.054339747100901604e+03,1.998318208246234207e+01
7.443744374437443412e+01,4.054391172324008494e+03,1.998318207622634191e+01
7.444744474447445270e+01,4.054441240719809230e+03,1.998318207090183662e+01
7.445744574457445708e+01,4.054489937371940414e+03,1.998318206649927831e+01
7.446744674467447567e+01,4.054537247885996749e+03,1.998318206302874600e+01
7.447744774477448004e+01,4.054583158389531491e+03,1.998318206049995283e+01
7.448744874487448442e+01,4.054627655532055996e+03,1.998318205892224242e+01
7.449744974497450301e+01,4.054670726485039268e+03,1.998318205830458538e+01
7.450745074507450738e+01,4.054712358941908406e+03,1.998318205865558639e+01
7.451745174517452597e+01,4.054752541118049066e+03,1.998318205998348063e+01
7.452745274527453034e+01,4.054791261750805006e+03,1.998318206229613025e+01
7.453745374537453472e+01,4.054828510099477171e+03,1.998318206560103150e+01
7.454745474547455331e+01,4.054864275945326426e+03,1.998318206990530754e+01
7.455745574557455768e+01,4.054898549591569463e+03,1.998318207521571566e+01
7.456745674567457627e+01,4.054931321863382436e+03,1.998318208153864362e+01
7.457745774577458064e+01,4.054962584107900057e+03,1.998318208888010261e+01
7.458745874587458502e+01,4.054992328194213769e+03,1.998318209724574857e+01
7.459745974597460361e+01,4.055020546513374484e+03,1.998318210664085015e+01
7.460746074607460798e+01,4.055047231978389846e+03,1.998318211707032077e+01
7.461746174617462657e+01,4.055072378024226964e+03,1.998318212853869724e+01
7.462746274627463094e+01,4.055095978607810139e+03,1.998318214105015045e+01
7.463746374637463532e+01,4.055118028208021769e+03,1.998318215460847824e+01
7.464746474647465391e+01,4.055138521825702810e+03,1.998318216921710899e+01
7.465746574657465828e+01,4.055157454983652315e+03,1.998318218487910869e+01
7.466746674667467687e+01,4.055174823726626983e+03,1.998318220159716319e+01
7.467746774677468125e+01,4.055190624621342067e+03,1.998318221937359596e+01
7.468746874687468562e+01,4.055204854756470468e+03,1.998318223821035744e+01
7.469746974697470421e+01,4.055217511742644092e+03,1.998318225810903215e+01
7.470747074707470858e+01,4.055228593712452039e+03,1.998318227907083156e+01
7.471747174717472717e+01,4.055238099320441506e+03,1.998318230109659766e+01
7.472747274727473155e+01,4.055246027743118248e+03,1.998318232418681006e+01
7.473747374737473592e+01,4.055252378678946116e+03,1.998318234834156470e+01
7.474747474747475451e+01,4.055257152348347063e+03,1.998318237356060578e+01
7.475747574757475888e+01,4.055260349493700232e+03,1.998318239984329026e+01
7.476747674767477747e+01,4.055261971379344686e+03,1.998318242718861626e+01
7.477747774777478185e+01,4.055262019791575312e+03,1.998318245559521245e+01
7.478747874787478622e+01,4.055260497038647827e+03,1.998318248506133443e+01
7.479747974797480481e+01,4.055257405950773318e+03,1.998318251558486836e+01
7.480748074807480918e+01,4.055252749880122337e+03,1.998318254716333442e+01
7.481748174817482777e+01,4.055246532700823991e+03,1.998318257979387624e+01
7.482748274827483215e+01,4.055238758808964576e+03,1.998318261347327507e+01
7.483748374837483652e+01,4.055229433122588944e+03,1.998318264819794265e+01
7.484748474847485511e+01,4.055218561081700045e+03,1.998318268396391417e+01
7.485748574857485949e+01,4.055206148648258477e+03,1.998318272076685886e+01
7.486748674867487807e+01,4.055192202306183390e+03,1.998318275860208360e+01
7.487748774877488245e+01,4.055176729061351580e+03,1.998318279746451154e+01
7.488748874887488682e+01,4.055159736441599307e+03,1.998318283734871059e+01
7.489748974897490541e+01,4.055141232496719113e+03,1.998318287824886852e+01
7.490749074907490979e+01,4.055121225798462547e+03,1.998318292015881070e+01
7.491749174917491416e+01,4.055099725440539260e+03,1.998318296307198949e+01
7.492749274927493275e+01,4.055076741038617001e+03,1.998318300698148775e+01
7.493749374937493712e+01,4.055052282730321167e+03,1.998318305188001531e+01
7.494749474947495571e+01,4.055026361175236161e+03,1.998318309775992319e+01
7.495749574957496009e+01,4.054998987554903579e+03,1.998318314461318224e+01
7.496749674967496446e+01,4.054970173572824024e+03,1.998318319243139740e+01
7.497749774977498305e+01,4.054939931454454836e+03,1.998318324120580769e+01
7.498749874987498742e+01,4.054908273947212820e+03,1.998318329092727907e+01
7.499749974997500601e+01,4.054875214320472423e+03,1.998318334158630094e+01
7.500750075007501039e+01,4.054840766365565742e+03,1.998318339317301096e+01
7.501750175017501476e+01,4.054804944395783878e+03,1.998318344567715954e+01
7.502750275027503335e+01,4.054767763246375125e+03,1.998318349908813829e+01
7.503750375037503773e+01,4.054729238274546333e+03,1.998318355339496222e+01
7.504750475047505631e+01,4.054689385359462449e+03,1.998318360858628395e+01
7.505750575057506069e+01,4.054648220902246521e+03,1.998318366465038309e+01
7.506750675067506506e+01,4.054605761825979698e+03,1.998318372157516976e+01
7.507750775077508365e+01,4.054562025575701227e+03,1.998318377934818102e+01
7.508750875087508803e+01,4.054517030118408456e+03,1.998318383795658804e+01
7.509750975097510661e+01,4.054470793943056378e+03,1.998318389738719958e+01
7.510751075107511099e+01,4.054423336060558995e+03,1.998318395762643718e+01
7.511751175117511536e+01,4.054374676003787954e+03,1.998318401866037064e+01
7.512751275127513395e+01,4.054324833827572547e+03,1.998318408047468964e+01
7.513751375137513833e+01,4.054273830108700622e+03,1.998318414305472146e+01
7.514751475147515691e+01,4.054221685945918580e+03,1.998318420638541326e+01
7.515751575157516129e+01,4.054168422959930467e+03,1.998318427045135337e+01
7.516751675167516566e+01,4.054114063293397976e+03,1.998318433523676063e+01
7.517751775177518425e+01,4.054058629610941352e+03,1.998318440072547020e+01
7.518751875187518863e+01,4.054002145099139398e+03,1.998318446690096550e+01
7.519751975197520721e+01,4.053944633466528103e+03,1.998318453374635340e+01
7.520752075207521159e+01,4.053886118943602014e+03,1.998318460124436768e+01
7.521752175217521597e+01,4.053826626282814232e+03,1.998318466937737270e+01
7.522752275227523455e+01,4.053766180758575501e+03,1.998318473812737039e+01
7.523752375237523893e+01,4.053704808167254214e+03,1.998318480747598969e+01
7.524752475247525751e+01,4.053642534827177769e+03,1.998318487740448646e+01
7.525752575257526189e+01,4.053579387578630758e+03,1.998318494789375066e+01
7.526752675267526627e+01,4.053515393783857235e+03,1.998318501892429921e+01
7.527752775277528485e+01,4.053450581327057080e+03,1.998318509047629021e+01
7.528752875287528923e+01,4.053384978614391002e+03,1.998318516252949451e+01
7.529752975297530782e+01,4.053318614573975992e+03,1.998318523506332767e+01
7.530753075307531219e+01,4.053251518655887594e+03,1.998318530805683224e+01
7.531753175317531657e+01,4.053183720832159452e+03,1.998318538148867773e+01
7.532753275327533515e+01,4.053115251596783310e+03,1.998318545533716772e+01
7.533753375337533953e+01,4.053046141965709012e+03,1.998318552958023631e+01
7.534753475347535812e+01,4.052976423476844957e+03,1.998318560419544454e+01
7.535753575357536249e+01,4.052906128190057188e+03,1.998318567915998756e+01
7.536753675367536687e+01,4.052835288687169850e+03,1.998318575445068745e+01
7.537753775377538545e+01,4.052763938071964731e+03,1.998318583004400395e+01
7.538753875387538983e+01,4.052692109970183083e+03,1.998318590591601662e+01
7.539753975397539421e+01,4.052619838529522440e+03,1.998318598204244623e+01
7.540754075407541279e+01,4.052547158419640255e+03,1.998318605839863693e+01
7.541754175417541717e+01,4.052474104832151170e+03,1.998318613495956342e+01
7.542754275427543575e+01,4.052400713480627473e+03,1.998318621169983444e+01
7.543754375437544013e+01,4.052327020600600918e+03,1.998318628859368928e+01
7.544754475447544451e+01,4.052253062949559535e+03,1.998318636561499417e+01
7.545754575457546309e+01,4.052178877806951277e+03,1.998318644273724942e+01
7.546754675467546747e+01,4.052104502974181287e+03,1.998318651993357875e+01
7.547754775477548606e+01,4.052029976774612351e+03,1.998318659717675061e+01
7.548754875487549043e+01,4.051955338053566265e+03,1.998318667443914975e+01
7.549754975497549481e+01,4.051880626178322927e+03,1.998318675169279501e+01
7.550755075507551339e+01,4.051805881038119423e+03,1.998318682890933928e+01
7.551755175517551777e+01,4.051731143044151850e+03,1.998318690606006598e+01
7.552755275527553636e+01,4.051656453129573492e+03,1.998318698311588548e+01
7.553755375537554073e+01,4.051581852749497102e+03,1.998318706004734224e+01
7.554755475547554511e+01,4.051507383880992620e+03,1.998318713682460412e+01
7.555755575557556369e+01,4.051433089023087632e+03,1.998318721341747661e+01
7.556755675567556807e+01,4.051359011196769188e+03,1.998318728979539927e+01
7.557755775577558666e+01,4.051285193944981074e+03,1.998318736592742795e+01
7.558755875587559103e+01,4.051211681332626085e+03,1.998318744178225970e+01
7.559755975597559541e+01,4.051138517946564662e+03,1.998318751732822562e+01
7.560756075607561399e+01,4.051065748895615343e+03,1.998318759253327315e+01
7.561756175617561837e+01,4.050993419810555224e+03,1.998318766736499441e+01
7.562756275627563696e+01,4.050921576844119045e+03,1.998318774179060497e+01
7.563756375637564133e+01,4.050850266670999645e+03,1.998318781577694736e+01
7.564756475647564571e+01,4.050779536487848418e+03,1.998318788929050882e+01
7.565756575657566430e+01,4.050709434013274404e+03,1.998318796229738581e+01
7.566756675667566867e+01,4.050640007487844741e+03,1.998318803476332661e+01
7.567756775677568726e+01,4.050571305674085579e+03,1.998318810665369583e+01
7.568756875687569163e+01,4.050503377856479347e+03,1.998318817793349567e+01
7.569756975697569601e+01,4.050436273841468392e+03,1.998318824856735176e+01
7.570757075707571460e+01,4.050370043957452253e+03,1.998318831851952737e+01
7.571757175717571897e+01,4.050304739054789025e+03,1.998318838775391271e+01
7.572757275727573756e+01,4.050240410505793989e+03,1.998318845623403206e+01
7.573757375737574193e+01,4.050177110204741894e+03,1.998318852392303313e+01
7.574757475747574631e+01,4.050114890567864222e+03,1.998318859078370124e+01
7.575757575757576490e+01,4.050053804533351467e+03,1.998318865677844869e+01
7.576757675767576927e+01,4.049993905561352221e+03,1.998318872186931827e+01
7.577757775777578786e+01,4.049935247633972267e+03,1.998318878601798332e+01
7.578757875787579223e+01,4.049877885255276851e+03,1.998318884918575122e+01
7.579757975797579661e+01,4.049821873451288411e+03,1.998318891133355280e+01
7.580758075807581520e+01,4.049767267769987939e+03,1.998318897242195646e+01
7.581758175817581957e+01,4.049714124281313616e+03,1.998318903241115407e+01
7.582758275827583816e+01,4.049662499577162635e+03,1.998318909126097509e+01
7.583758375837584254e+01,4.049612450771390286e+03,1.998318914893087594e+01
7.584758475847584691e+01,4.049564035499809961e+03,1.998318920537994714e+01
7.585758575857586550e+01,4.049517311920192242e+03,1.998318926056689904e+01
7.586758675867586987e+01,4.049472338712267174e+03,1.998318931445008317e+01
7.587758775877587425e+01,4.049429175077721993e+03,1.998318936698747805e+01
7.588758875887589284e+01,4.049387880740202036e+03,1.998318941813669625e+01
7.589758975897589721e+01,4.049348515945311192e+03,1.998318946785497019e+01
7.590759075907591580e+01,4.049311141460610997e+03,1.998318951609917704e+01
7.591759175917592017e+01,4.049275818575621997e+03,1.998318956282581382e+01
7.592759275927592455e+01,4.049242609101821472e+03,1.998318960799101163e+01
7.593759375937594314e+01,4.049211575372645711e+03,1.998318965155052851e+01
7.594759475947594751e+01,4.049182780243489105e+03,1.998318969345976370e+01
7.595759575957596610e+01,4.049156287091703689e+03,1.998318973367373630e+01
7.596759675967597047e+01,4.049132159816600051e+03,1.998318977214709946e+01
7.597759775977597485e+01,4.049110462839446882e+03,1.998318980883413332e+01
7.598759875987599344e+01,4.049091261103470515e+03,1.998318984368875917e+01
7.599759975997599781e+01,4.049074620073855385e+03,1.998318987666451108e+01
7.600760076007601640e+01,4.049060605737744936e+03,1.998318990771457493e+01
7.601760176017602078e+01,4.049049284604239801e+03,1.998318993679174582e+01
7.602760276027602515e+01,4.049040723704399170e+03,1.998318996384846713e+01
7.603760376037604374e+01,4.049034990591239875e+03,1.998318998883680209e+01
7.604760476047604811e+01,4.049032153339736851e+03,1.998319001170844800e+01
7.605760576057606670e+01,4.049032280546824495e+03,1.998319003241472913e+01
7.606760676067607108e+01,4.049035441331393031e+03,1.998319005090660738e+01
7.607760776077607545e+01,4.049041705334293056e+03,1.998319006713466806e+01
7.608760876087609404e+01,4.049051142718331448e+03,1.998319008104913408e+01
7.609760976097609841e+01,4.049063824168274095e+03,1.998319009259984824e+01
7.610761076107611700e+01,4.049079820890845440e+03,1.998319010173629451e+01
7.611761176117612138e+01,4.049099204614726659e+03,1.998319010840758025e+01
7.612761276127612575e+01,4.049122047590558395e+03,1.998319011256244693e+01
7.613761376137614434e+01,4.049148422590938026e+03,1.998319011414927004e+01
7.614761476147614871e+01,4.049178402910422847e+03,1.998319011311604498e+01
7.615761576157616730e+01,4.049212062365526435e+03,1.998319010941040474e+01
7.616761676167617168e+01,4.049249475294721833e+03,1.998319010297961285e+01
7.617761776177617605e+01,4.049290716558438817e+03,1.998319009377056332e+01
7.618761876187619464e+01,4.049335775778143670e+03,1.998319008179159439e+01
7.619761976197619902e+01,4.049382746872789994e+03,1.998319006841717993e+01
7.620762076207621760e+01,4.049430789578038912e+03,1.998319005425273787e+01
7.621762176217622198e+01,4.049479864049105799e+03,1.998319003932662241e+01
7.622762276227622635e+01,4.049529930809545931e+03,1.998319002366691777e+01
7.623762376237624494e+01,4.049580950751249929e+03,1.998319000730145234e+01
7.624762476247624932e+01,4.049632885134447406e+03,1.998318999025779519e+01
7.625762576257626790e+01,4.049685695587704231e+03,1.998318997256324536e+01
7.626762676267627228e+01,4.049739344107924808e+03,1.998318995424483902e+01
7.627762776277627665e+01,4.049793793060350254e+03,1.998318993532935295e+01
7.628762876287629524e+01,4.049849005178560219e+03,1.998318991584330817e+01
7.629762976297629962e+01,4.049904943564470614e+03,1.998318989581294858e+01
7.630763076307631820e+01,4.049961571688334971e+03,1.998318987526426938e+01
7.631763176317632258e+01,4.050018853388745811e+03,1.998318985422299221e+01
7.632763276327632695e+01,4.050076752872631459e+03,1.998318983271458649e+01
7.633763376337634554e+01,4.050135234715258775e+03,1.998318981076424805e+01
7.634763476347634992e+01,4.050194263860230876e+03,1.998318978839692051e+01
7.635763576357635429e+01,4.050253805619490322e+03,1.998318976563728100e+01
7.636763676367637288e+01,4.050313825673315023e+03,1.998318974250973667e+01
7.637763776377637726e+01,4.050374290070322331e+03,1.998318971903844599e+01
7.638763876387639584e+01,4.050435165227465859e+03,1.998318969524729738e+01
7.639763976397640022e+01,4.050496417930036841e+03,1.998318967115991285e+01
7.640764076407640459e+01,4.050558015331664137e+03,1.998318964679965859e+01
7.641764176417642318e+01,4.050619924954314683e+03,1.998318962218963790e+01
7.642764276427642756e+01,4.050682114688292131e+03,1.998318959735269118e+01
7.643764376437644614e+01,4.050744552792238210e+03,1.998318957231138882e+01
7.644764476447645052e+01,4.050807207893131363e+03,1.998318954708804895e+01
7.645764576457645489e+01,4.050870048986288111e+03,1.998318952170471974e+01
7.646764676467647348e+01,4.050933045435363056e+03,1.998318949618319351e+01
7.647764776477647786e+01,4.050996166972346600e+03,1.998318947054499617e+01
7.648764876487649644e+01,4.051059383697568137e+03,1.998318944481139070e+01
7.649764976497650082e+01,4.051122666079694682e+03,1.998318941900337720e+01
7.650765076507650519e+01,4.051185984955729054e+03,1.998318939314169640e+01
7.651765176517652378e+01,4.051249311531013518e+03,1.998318936724682260e+01
7.652765276527652816e+01,4.051312617379226594e+03,1.998318934133897073e+01
7.653765376537654674e+01,4.051375874442384884e+03,1.998318931543808930e+01
7.654765476547655112e+01,4.051439055030842155e+03,1.998318928956387097e+01
7.655765576557655550e+01,4.051502131823289801e+03,1.998318926373574200e+01
7.656765676567657408e+01,4.051565077866757292e+03,1.998318923797286217e+01
7.657765776577657846e+01,4.051627866576609904e+03,1.998318921229413547e+01
7.658765876587659704e+01,4.051690471736552809e+03,1.998318918671819944e+01
7.659765976597660142e+01,4.051752867498626074e+03,1.998318916126342870e+01
7.660766076607660580e+01,4.051815028383209665e+03,1.998318913594794211e+01
7.661766176617662438e+01,4.051876929279019805e+03,1.998318911078958493e+01
7.662766276627662876e+01,4.051938545443109888e+03,1.998318908580594666e+01
7.663766376637664735e+01,4.051999852500871839e+03,1.998318906101435388e+01
7.664766476647665172e+01,4.052060826446034298e+03,1.998318903643187028e+01
7.665766576657665610e+01,4.052121443640663983e+03,1.998318901207530018e+01
7.666766676667667468e+01,4.052181680815163872e+03,1.998318898796117438e+01
7.667766776677667906e+01,4.052241515068276385e+03,1.998318896410577494e+01
7.668766876687669765e+01,4.052300923867079746e+03,1.998318894052511396e+01
7.669766976697670202e+01,4.052359885046990712e+03,1.998318891723494062e+01
7.670767076707670640e+01,4.052418376811763210e+03,1.998318889425074474e+01
7.671767176717672498e+01,4.052476377733487880e+03,1.998318887158775325e+01
7.672767276727672936e+01,4.052533866752594349e+03,1.998318884926092309e+01
7.673767376737674795e+01,4.052590823177848961e+03,1.998318882728496249e+01
7.674767476747675232e+01,4.052647226686355225e+03,1.998318880567430611e+01
7.675767576757675670e+01,4.052703057323554731e+03,1.998318878444313285e+01
7.676767676767677528e+01,4.052758295503226236e+03,1.998318876360534802e+01
7.677767776777677966e+01,4.052812922007486122e+03,1.998318874317461180e+01
7.678767876787679825e+01,4.052866917986788394e+03,1.998318872316430728e+01
7.679767976797680262e+01,4.052920264959923770e+03,1.998318870358755817e+01
7.680768076807680700e+01,4.052972944814021957e+03,1.998318868445723240e+01
7.681768176817682559e+01,4.053024939804548922e+03,1.998318866578592790e+01
7.682768276827682996e+01,4.053076232555308707e+03,1.998318864758598323e+01
7.683768376837684855e+01,4.053126806058442526e+03,1.998318862986947764e+01
7.684768476847685292e+01,4.053176643674428760e+03,1.998318861264821322e+01
7.685768576857685730e+01,4.053225729132084325e+03,1.998318859593375407e+01
7.686768676867687589e+01,4.053274046528563304e+03,1.998318857973737650e+01
7.687768776877688026e+01,4.053321580329356038e+03,1.998318856407011523e+01
7.688768876887688464e+01,4.053368315368292315e+03,1.998318854894272434e+01
7.689768976897690322e+01,4.053414236847538177e+03,1.998318853436571274e+01
7.690769076907690760e+01,4.053459330337597294e+03,1.998318852034931226e+01
7.691769176917692619e+01,4.053503581777310956e+03,1.998318850690350246e+01
7.692769276927693056e+01,4.053546977473858078e+03,1.998318849403799291e+01
7.693769376937693494e+01,4.053589504102755200e+03,1.998318848176223383e+01
7.694769476947695352e+01,4.053631148707856028e+03,1.998318847008541610e+01
7.695769576957695790e+01,4.053671898701351438e+03,1.998318845901646057e+01
7.696769676967697649e+01,4.053711741863770840e+03,1.998318844856403587e+01
7.697769776977698086e+01,4.053750666343980356e+03,1.998318843873653705e+01
7.698769876987698524e+01,4.053788660659183734e+03,1.998318842954210339e+01
7.699769976997700383e+01,4.053825713694922342e+03,1.998318842098861126e+01
7.700770077007700820e+01,4.053861814705074721e+03,1.998318841308367055e+01
7.701770177017702679e+01,4.053896953311857942e+03,1.998318840583463540e+01
7.702770277027703116e+01,4.053931119505824881e+03,1.998318839924858992e+01
7.703770377037703554e+01,4.053964303645867403e+03,1.998318839333235886e+01
7.704770477047705413e+01,4.053996496459214086e+03,1.998318838809250764e+01
7.705770577057705850e+01,4.054027689041431131e+03,1.998318838353533522e+01
7.706770677067707709e+01,4.054057872856422364e+03,1.998318837966688122e+01
7.707770777077708146e+01,4.054087039736429233e+03,1.998318837649291524e+01
7.708770877087708584e+01,4.054115181882030811e+03,1.998318837401895109e+01
7.709770977097710443e+01,4.054142291862142883e+03,1.998318837225024325e+01
7.710771077107710880e+01,4.054168362614019316e+03,1.998318837119177616e+01
7.711771177117712739e+01,4.054193387443251140e+03,1.998318837084827493e+01
7.712771277127713176e+01,4.054217360023767924e+03,1.998318837122420177e+01
7.713771377137713614e+01,4.054240274397835037e+03,1.998318837232375245e+01
7.714771477147715473e+01,4.054262124976057294e+03,1.998318837415087401e+01
7.715771577157715910e+01,4.054282906537374856e+03,1.998318837670923287e+01
7.716771677167717769e+01,4.054302614229067331e+03,1.998318838000224673e+01
7.717771777177718207e+01,4.054321243566750127e+03,1.998318838403305975e+01
7.718771877187718644e+01,4.054338790434378097e+03,1.998318838880456383e+01
7.719771977197720503e+01,4.054355251084241445e+03,1.998318839431938088e+01
7.720772077207720940e+01,4.054370622136969814e+03,1.998318840057987344e+01
7.721772177217722799e+01,4.054384900581529109e+03,1.998318840758814474e+01
7.722772277227723237e+01,4.054398083775222858e+03,1.998318841534602797e+01
7.723772377237723674e+01,4.054410169443692212e+03,1.998318842385510052e+01
7.724772477247725533e+01,4.054421155680916399e+03,1.998318843311666981e+01
7.725772577257725970e+01,4.054431040949211820e+03,1.998318844313179099e+01
7.726772677267727829e+01,4.054439824079231585e+03,1.998318845390124920e+01
7.727772777277728267e+01,4.054447504269967339e+03,1.998318846542556670e+01
7.728772877287728704e+01,4.054454081088747444e+03,1.998318847770500994e+01
7.729772977297730563e+01,4.054459554471238334e+03,1.998318849073957182e+01
7.730773077307731000e+01,4.054463924721444073e+03,1.998318850452899653e+01
7.731773177317732859e+01,4.054467192511705889e+03,1.998318851907275473e+01
7.732773277327733297e+01,4.054469358882701727e+03,1.998318853437005771e+01
7.733773377337733734e+01,4.054470425243448517e+03,1.998318855041985742e+01
7.734773477347735593e+01,4.054470393371299906e+03,1.998318856722083936e+01
7.735773577357736031e+01,4.054469265411947163e+03,1.998318858477142967e+01
7.736773677367736468e+01,4.054467043879418270e+03,1.998318860306978806e+01
7.737773777377738327e+01,4.054463731656080654e+03,1.998318862211381131e+01
7.738773877387738764e+01,4.054459331992637090e+03,1.998318864190114041e+01
7.739773977397740623e+01,4.054453848508129340e+03,1.998318866242914993e+01
7.740774077407741061e+01,4.054447285189935883e+03,1.998318868369495149e+01
7.741774177417741498e+01,4.054439646393772819e+03,1.998318870569539030e+01
7.742774277427743357e+01,4.054430936843693871e+03,1.998318872842705574e+01
7.743774377437743794e+01,4.054421161632090843e+03,1.998318875188627430e+01
7.744774477447745653e+01,4.054410326219691342e+03,1.998318877606910604e+01
7.745774577457746091e+01,4.054398436435562417e+03,1.998318880097134809e+01
7.746774677467746528e+01,4.054385498477107831e+03,1.998318882658853823e+01
7.747774777477748387e+01,4.054371518910068062e+03,1.998318885291594782e+01
7.748774877487748824e+01,4.054356504668522575e+03,1.998318887994859594e+01
7.749774977497750683e+01,4.054340463054887095e+03,1.998318890768122458e+01
7.750775077507751121e+01,4.054323401739914971e+03,1.998318893610832703e+01
7.751775177517751558e+01,4.054305328762698537e+03,1.998318896522411947e+01
7.752775277527753417e+01,4.054286252530665479e+03,1.998318899502256585e+01
7.753775377537753855e+01,4.054266181819582016e+03,1.998318902549737075e+01
7.754775477547755713e+01,4.054245125773552445e+03,1.998318905664196166e+01
7.755775577557756151e+01,4.054223093905017322e+03,1.998318908844952091e+01
7.756775677567756588e+01,4.054200096094755736e+03,1.998318912091295374e+01
7.757775777577758447e+01,4.054176142591883945e+03,1.998318915402491314e+01
7.758775877587758885e+01,4.054151244013854921e+03,1.998318918777778563e+01
7.759775977597760743e+01,4.054125411346460623e+03,1.998318922216368776e+01
7.760776077607761181e+01,4.054098655943829272e+03,1.998318925717449090e+01
7.761776177617761618e+01,4.054070989528427162e+03,1.998318929280178580e+01
7.762776277627763477e+01,4.054042424191058217e+03,1.998318932903691447e+01
7.763776377637763915e+01,4.054012972390863069e+03,1.998318936587094896e+01
7.764776477647765773e+01,4.053982646955320433e+03,1.998318940329469839e+01
7.765776577657766211e+01,4.053951461080247100e+03,1.998318944129871255e+01
7.766776677667766648e+01,4.053919428329795664e+03,1.998318947987328187e+01
7.767776777677768507e+01,4.053886562636458621e+03,1.998318951900842322e+01
7.768776877687768945e+01,4.053852878301063356e+03,1.998318955869390123e+01
7.769776977697770803e+01,4.053818389992776702e+03,1.998318959891921409e+01
7.770777077707771241e+01,4.053783112749102202e+03,1.998318963967359707e+01
7.771777177717771679e+01,4.053747061975881024e+03,1.998318968094602255e+01
7.772777277727773537e+01,4.053710253447291507e+03,1.998318972272520710e+01
7.773777377737773975e+01,4.053672703305850064e+03,1.998318976499959376e+01
7.774777477747775833e+01,4.053634428062410279e+03,1.998318980775737330e+01
7.775777577757776271e+01,4.053595444596163361e+03,1.998318985098646294e+01
7.776777677767776709e+01,4.053555770154637685e+03,1.998318989467453122e+01
7.777777777777778567e+01,4.053515422353699705e+03,1.998318993880896954e+01
7.778777877787779005e+01,4.053474419177552591e+03,1.998318998337691710e+01
7.779777977797780864e+01,4.053432778978738042e+03,1.998319002836524660e+01
7.780778077807781301e+01,4.053390520478134476e+03,1.998319007376057144e+01
7.781778177817781739e+01,4.053347662764957477e+03,1.998319011954923852e+01
7.782778277827783597e+01,4.053304225296761615e+03,1.998319016571732831e+01
7.783778377837784035e+01,4.053260227899437268e+03,1.998319021225067260e+01
7.784778477847784472e+01,4.053215690767213346e+03,1.998319025913482960e+01
7.785778577857786331e+01,4.053170634462655471e+03,1.998319030635509463e+01
7.786778677867786769e+01,4.053125079916668255e+03,1.998319035389650367e+01
7.787778777877788627e+01,4.053079048428491660e+03,1.998319040174383332e+01
7.788778877887789065e+01,4.053032561665705089e+03,1.998319044988159021e+01
7.789778977897789503e+01,4.052985641664224204e+03,1.998319049829402871e+01
7.790779077907791361e+01,4.052938310828303202e+03,1.998319054696512964e+01
7.791779177917791799e+01,4.052890591930532537e+03,1.998319059587861446e+01
7.792779277927793657e+01,4.052842508111840743e+03,1.998319064501794884e+01
7.793779377937794095e+01,4.052794082881494433e+03,1.998319069436632844e+01
7.794779477947794533e+01,4.052745340117096930e+03,1.998319074390668604e+01
7.795779577957796391e+01,4.052696304064589185e+03,1.998319079362170214e+01
7.796779677967796829e+01,4.052646999338250225e+03,1.998319084349378016e+01
7.797779777977798688e+01,4.052597450920695337e+03,1.998319089350506772e+01
7.798779877987799125e+01,4.052547684162879250e+03,1.998319094363745663e+01
7.799779977997799563e+01,4.052497724784092043e+03,1.998319099387256514e+01
7.800780078007801421e+01,4.052447598871962327e+03,1.998319104419175574e+01
7.801780178017801859e+01,4.052397332882456794e+03,1.998319109457612797e+01
7.802780278027803718e+01,4.052346953639878848e+03,1.998319114500651139e+01
7.803780378037804155e+01,4.052296488336869061e+03,1.998319119546348333e+01
7.804780478047804593e+01,4.052245964534406539e+03,1.998319124592735108e+01
7.805780578057806451e+01,4.052195410161806649e+03,1.998319129637816971e+01
7.806780678067806889e+01,4.052144853516724197e+03,1.998319134679571363e+01
7.807780778077808748e+01,4.052094323265148887e+03,1.998319139715951565e+01
7.808780878087809185e+01,4.052043848441410319e+03,1.998319144744882792e+01
7.809780978097809623e+01,4.051993458448173442e+03,1.998319149764265390e+01
7.810781078107811481e+01,4.051943183056443104e+03,1.998319154771972705e+01
7.811781178117811919e+01,4.051893052405559501e+03,1.998319159765852149e+01
7.812781278127813778e+01,4.051843097003201365e+03,1.998319164743724485e+01
7.813781378137814215e+01,4.051793347725384592e+03,1.998319169703384546e+01
7.814781478147814653e+01,4.051743835816462706e+03,1.998319174642600871e+01
7.815781578157816512e+01,4.051694592889127307e+03,1.998319179559115710e+01
7.816781678167816949e+01,4.051645650924406709e+03,1.998319184450645025e+01
7.817781778177818808e+01,4.051597042271666396e+03,1.998319189314878841e+01
7.818781878187819245e+01,4.051548799648610384e+03,1.998319194149480182e+01
7.819781978197819683e+01,4.051500956141279403e+03,1.998319198952086850e+01
7.820782078207821542e+01,4.051453545204052261e+03,1.998319203720309645e+01
7.821782178217821979e+01,4.051406600659644937e+03,1.998319208451733076e+01
7.822782278227823838e+01,4.051360156699111030e+03,1.998319213143915718e+01
7.823782378237824275e+01,4.051314247881841311e+03,1.998319217794389857e+01
7.824782478247824713e+01,4.051268909135564627e+03,1.998319222400661843e+01
7.825782578257826572e+01,4.051224175756346540e+03,1.998319226960211026e+01
7.826782678267827009e+01,4.051180083408591145e+03,1.998319231470490820e+01
7.827782778277828868e+01,4.051136668125038796e+03,1.998319235928928705e+01
7.828782878287829305e+01,4.051093966306768380e+03,1.998319240332925517e+01
7.829782978297829743e+01,4.051052014723195953e+03,1.998319244679856155e+01
7.830783078307831602e+01,4.051010850512074740e+03,1.998319248967068873e+01
7.831783178317832039e+01,4.050970511179496043e+03,1.998319253191885991e+01
7.832783278327832477e+01,4.050931034599888335e+03,1.998319257351603540e+01
7.833783378337834336e+01,4.050892459016017256e+03,1.998319261443491257e+01
7.834783478347834773e+01,4.050854823038986524e+03,1.998319265464792593e+01
7.835783578357836632e+01,4.050818165648237027e+03,1.998319269412724708e+01
7.836783678367837069e+01,4.050782526191547731e+03,1.998319273284478470e+01
7.837783778377837507e+01,4.050747944385034316e+03,1.998319277077218814e+01
7.838783878387839366e+01,4.050714460313150084e+03,1.998319280788084029e+01
7.839783978397839803e+01,4.050682114428685964e+03,1.998319284414186470e+01
7.840784078407841662e+01,4.050650947552770958e+03,1.998319287952611845e+01
7.841784178417842099e+01,4.050621000874870333e+03,1.998319291400420283e+01
7.842784278427842537e+01,4.050592315952788340e+03,1.998319294754644915e+01
7.843784378437844396e+01,4.050564934712665490e+03,1.998319298012292933e+01
7.844784478447844833e+01,4.050538899448979919e+03,1.998319301170345597e+01
7.845784578457846692e+01,4.050514252824548294e+03,1.998319304225757165e+01
7.846784678467847129e+01,4.050491037870523996e+03,1.998319307175456316e+01
7.847784778477847567e+01,4.050469297986397123e+03,1.998319310016345085e+01
7.848784878487849426e+01,4.050449076939997212e+03,1.998319312745299570e+01
7.849784978497849863e+01,4.050430418867490062e+03,1.998319315359169579e+01
7.850785078507851722e+01,4.050413368273378182e+03,1.998319317854778276e+01
7.851785178517852160e+01,4.050397970030503984e+03,1.998319320228922891e+01
7.852785278527852597e+01,4.050384269380044771e+03,1.998319322478374716e+01
7.853785378537854456e+01,4.050372311931516833e+03,1.998319324599878044e+01
7.854785478547854893e+01,4.050362143662773633e+03,1.998319326590151235e+01
7.855785578557856752e+01,4.050353810920005799e+03,1.998319328445886711e+01
7.856785678567857190e+01,4.050347360417742493e+03,1.998319330163750251e+01
7.857785778577857627e+01,4.050342839238849137e+03,1.998319331740381344e+01
7.858785878587859486e+01,4.050340294834529686e+03,1.998319333172393897e+01
7.859785978597859923e+01,4.050339775024324354e+03,1.998319334456374818e+01
7.860786078607861782e+01,4.050341327996111886e+03,1.998319335588885082e+01
7.861786178617862220e+01,4.050345002306108199e+03,1.998319336566459370e+01
7.862786278627862657e+01,4.050350846878866832e+03,1.998319337385605721e+01
7.863786378637864516e+01,4.050358911007278493e+03,1.998319338042806592e+01
7.864786478647864953e+01,4.050369244352571968e+03,1.998319338534518153e+01
7.865786578657866812e+01,4.050381896944312757e+03,1.998319338857169569e+01
7.866786678667867250e+01,4.050396919180404439e+03,1.998319339007164430e+01
7.867786778677867687e+01,4.050414361827088214e+03,1.998319338980880033e+01
7.868786878687869546e+01,4.050434276018942001e+03,1.998319338774667031e+01
7.869786978697869984e+01,4.050456713258882246e+03,1.998319338384850141e+01
7.870787078707871842e+01,4.050481725418161659e+03,1.998319337807727791e+01
7.871787178717872280e+01,4.050509364736371936e+03,1.998319337039572119e+01
7.872787278727872717e+01,4.050539678357131834e+03,1.998319336077027586e+01
7.873787378737874576e+01,4.050571778765401177e+03,1.998319334984901019e+01
7.874787478747875014e+01,4.050604968443147754e+03,1.998319333814033527e+01
7.875787578757876872e+01,4.050639212639482139e+03,1.998319332566888562e+01
7.876787678767877310e+01,4.050674476901217531e+03,1.998319331245908970e+01
7.877787778777877747e+01,4.050710727072870213e+03,1.998319329853516990e+01
7.878787878787879606e+01,4.050747929296660459e+03,1.998319328392113192e+01
7.879787978797880044e+01,4.050786050012510259e+03,1.998319326864076828e+01
7.880788078807880481e+01,4.050825055958045141e+03,1.998319325271766189e+01
7.881788178817882340e+01,4.050864914168592804e+03,1.998319323617518606e+01
7.882788278827882777e+01,4.050905591977184940e+03,1.998319321903650092e+01
7.883788378837884636e+01,4.050947057014555412e+03,1.998319320132455346e+01
7.884788478847885074e+01,4.050989277209141164e+03,1.998319318306208459e+01
7.885788578857885511e+01,4.051032220787081769e+03,1.998319316427161851e+01
7.886788678867887370e+01,4.051075856272220790e+03,1.998319314497546983e+01
7.887788778877887808e+01,4.051120152486103507e+03,1.998319312519574353e+01
7.888788878887889666e+01,4.051165078547978737e+03,1.998319310495433143e+01
7.889788978897890104e+01,4.051210603874798380e+03,1.998319308427291219e+01
7.890789078907890541e+01,4.051256698181216052e+03,1.998319306317295130e+01
7.891789178917892400e+01,4.051303331479589815e+03,1.998319304167571531e+01
7.892789278927892838e+01,4.051350474079980359e+03,1.998319301980224694e+01
7.893789378937894696e+01,4.051398096590150089e+03,1.998319299757337575e+01
7.894789478947895134e+01,4.051446169915565861e+03,1.998319297500973235e+01
7.895789578957895571e+01,4.051494665259396243e+03,1.998319295213172353e+01
7.896789678967897430e+01,4.051543554122514252e+03,1.998319292895955357e+01
7.897789778977897868e+01,4.051592808303493712e+03,1.998319290551321004e+01
7.898789878987899726e+01,4.051642399898613348e+03,1.998319288181246733e+01
7.899789978997900164e+01,4.051692301301853149e+03,1.998319285787689736e+01
7.900790079007900601e+01,4.051742485204897548e+03,1.998319283372585176e+01
7.901790179017902460e+01,4.051792924597133151e+03,1.998319280937847608e+01
7.902790279027902898e+01,4.051843592765649191e+03,1.998319278485369921e+01
7.903790379037904756e+01,4.051894463295237983e+03,1.998319276017024393e+01
7.904790479047905194e+01,4.051945510068395379e+03,1.998319273534661988e+01
7.905790579057905632e+01,4.051996707265319401e+03,1.998319271040112355e+01
7.906790679067907490e+01,4.052048029363911610e+03,1.998319268535184179e+01
7.907790779077907928e+01,4.052099451139776193e+03,1.998319266021664831e+01
7.908790879087909786e+01,4.052150947666219963e+03,1.998319263501320719e+01
7.909790979097910224e+01,4.052202494314252817e+03,1.998319260975896938e+01
7.910791079107910662e+01,4.052254066752587732e+03,1.998319258447117974e+01
7.911791179117912520e+01,4.052305640947640768e+03,1.998319255916686288e+01
7.912791279127912958e+01,4.052357193163530610e+03,1.998319253386283734e+01
7.913791379137914817e+01,4.052408699962079027e+03,1.998319250857571205e+01
7.914791479147915254e+01,4.052460138202810867e+03,1.998319248332188280e+01
7.915791579157915692e+01,4.052511485042952700e+03,1.998319245811752509e+01
7.916791679167917550e+01,4.052562717937435991e+03,1.998319243297861902e+01
7.917791779177917988e+01,4.052613814638893928e+03,1.998319240792092444e+01
7.918791879187919847e+01,4.052664753197662321e+03,1.998319238295998801e+01
7.919791979197920284e+01,4.052715511961780976e+03,1.998319235811115036e+01
7.920792079207920722e+01,4.052766069576991413e+03,1.998319233338953183e+01
7.921792179217922580e+01,4.052816404986739144e+03,1.998319230881005382e+01
7.922792279227923018e+01,4.052866497432171855e+03,1.998319228438741746e+01
7.923792379237924877e+01,4.052916326452141220e+03,1.998319226013611782e+01
7.924792479247925314e+01,4.052965871883199725e+03,1.998319223607042971e+01
7.925792579257925752e+01,4.053015113859605208e+03,1.998319221220442543e+01
7.926792679267927610e+01,4.053064032813316771e+03,1.998319218855196411e+01
7.927792779277928048e+01,4.053112609473997509e+03,1.998319216512669172e+01
7.928792879287928486e+01,4.053160824869012231e+03,1.998319214194204108e+01
7.929792979297930344e+01,4.053208660323429740e+03,1.998319211901123893e+01
7.930793079307930782e+01,4.053256097460021465e+03,1.998319209634729532e+01
7.931793179317932641e+01,4.053303118199261917e+03,1.998319207396301422e+01
7.932793279327933078e+01,4.053349704759327324e+03,1.998319205187097936e+01
7.933793379337933516e+01,4.053395839656098815e+03,1.998319203008357192e+01
7.934793479347935374e+01,4.053441505703158782e+03,1.998319200861295997e+01
7.935793579357935812e+01,4.053486686011793154e+03,1.998319198747109837e+01
7.936793679367937671e+01,4.053531363990991395e+03,1.998319196666972530e+01
7.937793779377938108e+01,4.053575523347444687e+03,1.998319194622037998e+01
7.938793879387938546e+01,4.053619148085548204e+03,1.998319192613437778e+01
7.939793979397940404e+01,4.053662222507399292e+03,1.998319190642283161e+01
7.940794079407940842e+01,4.053704731212798379e+03,1.998319188709663763e+01
7.941794179417942701e+01,4.053746659099249428e+03,1.998319186816648596e+01
7.942794279427943138e+01,4.053787991361958120e+03,1.998319184964284645e+01
7.943794379437943576e+01,4.053828713493834584e+03,1.998319183153598644e+01
7.944794479447945434e+01,4.053868811285490665e+03,1.998319181385595655e+01
7.945794579457945872e+01,4.053908270825241289e+03,1.998319179661259781e+01
7.946794679467947731e+01,4.053947078499104464e+03,1.998319177981554162e+01
7.947794779477948168e+01,4.053985220990801736e+03,1.998319176347420267e+01
7.948794879487948606e+01,4.054022685281756821e+03,1.998319174759778960e+01
7.949794979497950465e+01,4.054059458651096065e+03,1.998319173219529787e+01
7.950795079507950902e+01,4.054095528675650257e+03,1.998319171727550980e+01
7.951795179517952761e+01,4.054130883229950996e+03,1.998319170284699808e+01
7.952795279527953198e+01,4.054165510486234325e+03,1.998319168891812581e+01
7.953795379537953636e+01,4.054199398914438916e+03,1.998319167549703934e+01
7.954795479547955495e+01,4.054232537282206067e+03,1.998319166259167901e+01
7.955795579557955932e+01,4.054264914654880158e+03,1.998319165020977195e+01
7.956795679567957791e+01,4.054296520395508651e+03,1.998319163835883217e+01
7.957795779577958228e+01,4.054327344164841179e+03,1.998319162704616048e+01
7.958795879587958666e+01,4.054357375921331368e+03,1.998319161627885521e+01
7.959795979597960525e+01,4.054386605921135015e+03,1.998319160606379086e+01
7.960796079607960962e+01,4.054415024718111454e+03,1.998319159640764298e+01
7.961796179617962821e+01,4.054442623163822191e+03,1.998319158731686684e+01
7.962796279627963258e+01,4.054469392407532268e+03,1.998319157879770813e+01
7.963796379637963696e+01,4.054495323896209356e+03,1.998319157085620645e+01
7.964796479647965555e+01,4.054520409374523751e+03,1.998319156349817760e+01
7.965796579657965992e+01,4.054544640884849741e+03,1.998319155672924197e+01
7.966796679667967851e+01,4.054568010767263331e+03,1.998319155055479968e+01
7.967796779677968289e+01,4.054590511659543608e+03,1.998319154498003414e+01
7.968796879687968726e+01,4.054612136497173651e+03,1.998319154000992981e+01
7.969796979697970585e+01,4.054632878513338255e+03,1.998319153564925088e+01
7.970797079707971022e+01,4.054652731238925753e+03,1.998319153190255548e+01
7.971797179717972881e+01,4.054671688502527104e+03,1.998319152877418148e+01
7.972797279727973319e+01,4.054689744430436349e+03,1.998319152626826778e+01
7.973797379737973756e+01,4.054706893446650611e+03,1.998319152438872948e+01
7.974797479747975615e+01,4.054723130272869639e+03,1.998319152313928271e+01
7.975797579757976052e+01,4.054738449928496266e+03,1.998319152252341979e+01
7.976797679767976490e+01,4.054752847730635949e+03,1.998319152254443054e+01
7.977797779777978349e+01,4.054766319294097229e+03,1.998319152320539160e+01
7.978797879787978786e+01,4.054778860531392183e+03,1.998319152450916292e+01
7.979797979797980645e+01,4.054790467652735060e+03,1.998319152645840191e+01
7.980798079807981082e+01,4.054801137166042736e+03,1.998319152905554574e+01
7.981798179817981520e+01,4.054810865876936532e+03,1.998319153230282552e+01
7.982798279827983379e+01,4.054819650888738579e+03,1.998319153620225919e+01
7.983798379837983816e+01,4.054827489602475453e+03,1.998319154075565152e+01
7.984798479847985675e+01,4.054834379716876811e+03,1.998319154596460479e+01
7.985798579857986113e+01,4.054840319228373573e+03,1.998319155183049389e+01
7.986798679867986550e+01,4.054845306431101562e+03,1.998319155835449834e+01
7.987798779877988409e+01,4.054849339916897861e+03,1.998319156553757736e+01
7.988798879887988846e+01,4.054852418575303545e+03,1.998319157338048058e+01
7.989798979897990705e+01,4.054854541593562317e+03,1.998319158188374445e+01
7.990799079907991143e+01,4.054855708456620960e+03,1.998319159104769938e+01
7.991799179917991580e+01,4.054855918947128885e+03,1.998319160087245550e+01
7.992799279927993439e+01,4.054855173145438130e+03,1.998319161135792399e+01
7.993799379937993876e+01,4.054853471429604269e+03,1.998319162250378866e+01
7.994799479947995735e+01,4.054850814475385960e+03,1.998319163430954148e+01
7.995799579957996173e+01,4.054847203256244029e+03,1.998319164677444348e+01
7.996799679967996610e+01,4.054842639043342388e+03,1.998319165989755675e+01
7.997799779977998469e+01,4.054837123405548027e+03,1.998319167367772664e+01
7.998799879987998906e+01,4.054830658209431931e+03,1.998319168811358892e+01
7.999799979998000765e+01,4.054823245619265435e+03,1.998319170320356974e+01
8.000800080008001203e+01,4.054814888097025687e+03,1.998319171894587853e+01
8.001800180018001640e+01,4.054805588402390640e+03,1.998319173533852222e+01
8.002800280028003499e+01,4.054795349592742241e+03,1.998319175237928391e+01
8.003800380038003937e+01,4.054784175023164607e+03,1.998319177006574421e+01
8.004800480048005795e+01,4.054772068346445849e+03,1.998319178839527055e+01
8.005800580058006233e+01,4.054759033513075792e+03,1.998319180736502076e+01
8.006800680068006670e+01,4.054745074771248255e+03,1.998319182697193597e+01
8.007800780078008529e+01,4.054730196666859229e+03,1.998319184721274766e+01
8.008800880088008967e+01,4.054714404043507784e+03,1.998319186808398484e+01
8.009800980098010825e+01,4.054697702042496076e+03,1.998319188958194559e+01
8.010801080108011263e+01,4.054680096102829339e+03,1.998319191170273967e+01
8.011801180118011700e+01,4.054661591961215436e+03,1.998319193444224595e+01
8.012801280128013559e+01,4.054642195652064856e+03,1.998319195779614432e+01
8.013801380138013997e+01,4.054621913507491172e+03,1.998319198175989797e+01
8.014801480148015855e+01,4.054600752157311945e+03,1.998319200632876047e+01
8.015801580158016293e+01,4.054578718529046455e+03,1.998319203149776868e+01
8.016801680168016730e+01,4.054555819847917064e+03,1.998319205726176051e+01
8.017801780178018589e+01,4.054532063636848761e+03,1.998319208361534649e+01
8.018801880188019027e+01,4.054507457716470981e+03,1.998319211055293820e+01
8.019801980198020885e+01,4.054482010205113966e+03,1.998319213806873407e+01
8.020802080208021323e+01,4.054455729518812859e+03,1.998319216615670868e+01
8.021802180218021761e+01,4.054428624371304068e+03,1.998319219481064479e+01
8.022802280228023619e+01,4.054400703774027988e+03,1.998319222402409778e+01
8.023802380238024057e+01,4.054371977036127191e+03,1.998319225379042052e+01
8.024802480248024494e+01,4.054342453764448237e+03,1.998319228410275272e+01
8.025802580258026353e+01,4.054312143863539404e+03,1.998319231495401738e+01
8.026802680268026791e+01,4.054281057535652963e+03,1.998319234633693142e+01
8.027802780278028649e+01,4.054249205280742899e+03,1.998319237824400219e+01
8.028802880288029087e+01,4.054216597896467192e+03,1.998319241066751673e+01
8.029802980298029524e+01,4.054183246478186447e+03,1.998319244359956315e+01
8.030803080308031383e+01,4.054149162418963897e+03,1.998319247703200929e+01
8.031803180318031821e+01,4.054114357409565400e+03,1.998319251095650984e+01
8.032803280328033679e+01,4.054078843438461263e+03,1.998319254536451695e+01
8.033803380338034117e+01,4.054042632791822598e+03,1.998319258024726608e+01
8.034803480348034554e+01,4.054005738053525420e+03,1.998319261559577598e+01
8.035803580358036413e+01,4.053968172105147005e+03,1.998319265140086642e+01
8.036803680368036851e+01,4.053929948125969077e+03,1.998319268765313694e+01
8.037803780378038709e+01,4.053891079592974620e+03,1.998319272434297389e+01
8.038803880388039147e+01,4.053851580280851067e+03,1.998319276146056112e+01
8.039803980398039585e+01,4.053811464261988021e+03,1.998319279899586220e+01
8.040804080408041443e+01,4.053770745906477714e+03,1.998319283693863468e+01
8.041804180418041881e+01,4.053729439882115912e+03,1.998319287527841936e+01
8.042804280428043739e+01,4.053687561154401465e+03,1.998319291400455811e+01
8.043804380438044177e+01,4.053645124986535393e+03,1.998319295310616184e+01
8.044804480448044615e+01,4.053602146939421800e+03,1.998319299257214610e+01
8.045804580458046473e+01,4.053558642871668326e+03,1.998319303239121325e+01
8.046804680468046911e+01,4.053514628939584782e+03,1.998319307255184185e+01
8.047804780478048770e+01,4.053470121597184516e+03,1.998319311304231505e+01
8.048804880488049207e+01,4.053425137596183504e+03,1.998319315385069217e+01
8.049804980498049645e+01,4.053379693986000802e+03,1.998319319496483004e+01
8.050805080508051503e+01,4.053333808113757641e+03,1.998319323637236877e+01
8.051805180518051941e+01,4.053287497624279240e+03,1.998319327806073531e+01
8.052805280528053800e+01,4.053240780460092992e+03,1.998319332001715409e+01
8.053805380538054237e+01,4.053193674861429827e+03,1.998319336222863285e+01
8.054805480548054675e+01,4.053146199366223300e+03,1.998319340468195904e+01
8.055805580558056533e+01,4.053098372810109595e+03,1.998319344736372827e+01
8.056805680568056971e+01,4.053050214326427977e+03,1.998319349026030523e+01
8.057805780578058830e+01,4.053001743346221247e+03,1.998319353335785209e+01
8.058805880588059267e+01,4.052952979598233924e+03,1.998319357664232498e+01
8.059805980598059705e+01,4.052903943108914518e+03,1.998319362009945621e+01
8.060806080608061563e+01,4.052854654202413712e+03,1.998319366371477912e+01
8.061806180618062001e+01,4.052805133500586180e+03,1.998319370747360324e+01
8.062806280628063860e+01,4.052755401922988312e+03,1.998319375136103915e+01
8.063806380638064297e+01,4.052705480686879582e+03,1.998319379536197360e+01
8.064806480648064735e+01,4.052655391307223454e+03,1.998319383946109440e+01
8.065806580658066594e+01,4.052605155596685108e+03,1.998319388364286908e+01
8.066806680668067031e+01,4.052554795665633719e+03,1.998319392789155557e+01
8.067806780678068890e+01,4.052504333922139722e+03,1.998319397219120575e+01
8.068806880688069327e+01,4.052453793071977998e+03,1.998319401652564764e+01
8.069806980698069765e+01,4.052403196118626511e+03,1.998319406087851391e+01
8.070807080708071624e+01,4.052352566363264486e+03,1.998319410523321338e+01
8.071807180718072061e+01,4.052301927404775597e+03,1.998319414957294526e+01
8.072807280728072499e+01,4.052251303139746142e+03,1.998319419388070628e+01
8.073807380738074357e+01,4.052200717762464592e+03,1.998319423813927287e+01
8.074807480748074795e+01,4.052150195764923410e+03,1.998319428233121187e+01
8.075807580758076654e+01,4.052099761936817231e+03,1.998319432643888049e+01
8.076807680768077091e+01,4.052049441365543771e+03,1.998319437044441926e+01
8.077807780778077529e+01,4.051999259436203829e+03,1.998319441432976618e+01
8.078807880788079387e+01,4.051949241831600830e+03,1.998319445807663897e+01
8.079807980798079825e+01,4.051899414532241281e+03,1.998319450166655287e+01
8.080808080808081684e+01,4.051849803816335225e+03,1.998319454508080284e+01
8.081808180818082121e+01,4.051800436259793969e+03,1.998319458830047779e+01
8.082808280828082559e+01,4.051751338736234175e+03,1.998319463130645346e+01
8.083808380838084418e+01,4.051702538416972857e+03,1.998319467407939598e+01
8.084808480848084855e+01,4.051654062771031931e+03,1.998319471659975832e+01
8.085808580858086714e+01,4.051605939565134577e+03,1.998319475884778029e+01
8.086808680868087151e+01,4.051558196863708872e+03,1.998319480080349209e+01
8.087808780878087589e+01,4.051510863028884160e+03,1.998319484244671784e+01
8.088808880888089448e+01,4.051463966720492863e+03,1.998319488375705788e+01
8.089808980898089885e+01,4.051417536896071852e+03,1.998319492471391357e+01
8.090809080908091744e+01,4.051371602810858349e+03,1.998319496529646599e+01
8.091809180918092181e+01,4.051326194017795387e+03,1.998319500548369376e+01
8.092809280928092619e+01,4.051281340367526354e+03,1.998319504525435164e+01
8.093809380938094478e+01,4.051237072008399082e+03,1.998319508458699545e+01
8.094809480948094915e+01,4.051193419386464029e+03,1.998319512345996429e+01
8.095809580958096774e+01,4.051150413245474283e+03,1.998319516185138056e+01
8.096809680968097211e+01,4.051108084626886011e+03,1.998319519973916414e+01
8.097809780978097649e+01,4.051066464869858919e+03,1.998319523710102175e+01
8.098809880988099508e+01,4.051025585611253973e+03,1.998319527391444339e+01
8.099809980998099945e+01,4.050985478785637042e+03,1.998319531015671302e+01
8.100810081008101804e+01,4.050946176625275257e+03,1.998319534580490142e+01
8.101810181018102242e+01,4.050907711660140194e+03,1.998319538083586622e+01
8.102810281028102679e+01,4.050870116717905148e+03,1.998319541522625187e+01
8.103810381038104538e+01,4.050833424923946495e+03,1.998319544895250388e+01
8.104810481048104975e+01,4.050797669701344148e+03,1.998319548199083684e+01
8.105810581058106834e+01,4.050762884770880646e+03,1.998319551431726993e+01
8.106810681068107272e+01,4.050729104151040701e+03,1.998319554590760561e+01
8.107810781078107709e+01,4.050696362158013926e+03,1.998319557673742963e+01
8.108810881088109568e+01,4.050664693405690286e+03,1.998319560678212525e+01
8.109810981098110005e+01,4.050634132805664649e+03,1.998319563601685900e+01
8.110811081108111864e+01,4.050604715567233598e+03,1.998319566441658779e+01
8.111811181118112302e+01,4.050576477197397708e+03,1.998319569195605894e+01
8.112811281128112739e+01,4.050549453500859727e+03,1.998319571860979948e+01
8.113811381138114598e+01,4.050523680580025029e+03,1.998319574435213397e+01
8.114811481148115035e+01,4.050499194835002982e+03,1.998319576915717732e+01
8.115811581158116894e+01,4.050476032963604666e+03,1.998319579299882420e+01
8.116811681168117332e+01,4.050454231961345613e+03,1.998319581585076321e+01
8.117811781178117769e+01,4.050433829121442159e+03,1.998319583768646979e+01
8.118811881188119628e+01,4.050414862034815542e+03,1.998319585847920976e+01
8.119811981198120066e+01,4.050397368590089172e+03,1.998319587820203935e+01
8.120812081208120503e+01,4.050381386973589088e+03,1.998319589682779451e+01
8.121812181218122362e+01,4.050366955669344406e+03,1.998319591432911224e+01
8.122812281228122799e+01,4.050354113459087330e+03,1.998319593067840927e+01
8.123812381238124658e+01,4.050342899422252685e+03,1.998319594584789272e+01
8.124812481248125096e+01,4.050333352935978837e+03,1.998319595980956009e+01
8.125812581258125533e+01,4.050325513675106777e+03,1.998319597253519575e+01
8.126812681268127392e+01,4.050319421612180122e+03,1.998319598399637087e+01
8.127812781278127829e+01,4.050315117017445118e+03,1.998319599416445413e+01
8.128812881288129688e+01,4.050312640458852002e+03,1.998319600301058685e+01
8.129812981298130126e+01,4.050312032802053182e+03,1.998319601050571848e+01
8.130813081308130563e+01,4.050313335210404148e+03,1.998319601662056755e+01
8.131813181318132422e+01,4.050316589144963473e+03,1.998319602132565720e+01
8.132813281328132859e+01,4.050321836364492356e+03,1.998319602459129030e+01
8.133813381338134718e+01,4.050329118925455077e+03,1.998319602638756010e+01
8.134813481348135156e+01,4.050338479182018546e+03,1.998319602668435024e+01
8.135813581358135593e+01,4.050349959786053205e+03,1.998319602545132767e+01
8.136813681368137452e+01,4.050363603687132127e+03,1.998319602265795325e+01
8.137813781378137890e+01,4.050379454132530554e+03,1.998319601827347824e+01
8.138813881388139748e+01,4.050397554667228178e+03,1.998319601226693720e+01
8.139813981398140186e+01,4.050417949133906859e+03,1.998319600460715151e+01
8.140814081408140623e+01,4.050440681672950177e+03,1.998319599526274004e+01
8.141814181418142482e+01,4.050465796722447067e+03,1.998319598420210497e+01
8.142814281428142920e+01,4.050493339018187271e+03,1.998319597139343173e+01
8.143814381438144778e+01,4.050523353593664524e+03,1.998319595680470329e+01
8.144814481448145216e+01,4.050555544337434185e+03,1.998319594066073535e+01
8.145814581458145653e+01,4.050589368234104768e+03,1.998319592336970274e+01
8.146814681468147512e+01,4.050624773499904677e+03,1.998319590496825526e+01
8.147814781478147950e+01,4.050661714884961384e+03,1.998319588548811510e+01
8.148814881488149808e+01,4.050700147501690935e+03,1.998319586496076283e+01
8.149814981498150246e+01,4.050740026824796132e+03,1.998319584341741972e+01
8.150815081508150683e+01,4.050781308691270624e+03,1.998319582088904411e+01
8.151815181518152542e+01,4.050823949300394816e+03,1.998319579740635632e+01
8.152815281528152980e+01,4.050867905213737686e+03,1.998319577299980310e+01
8.153815381538154838e+01,4.050913133355157242e+03,1.998319574769959317e+01
8.154815481548155276e+01,4.050959591010799613e+03,1.998319572153566881e+01
8.155815581558155714e+01,4.051007235829099500e+03,1.998319569453772360e+01
8.156815681568157572e+01,4.051056025820779269e+03,1.998319566673519532e+01
8.157815781578158010e+01,4.051105919358850770e+03,1.998319563815725886e+01
8.158815881588159868e+01,4.051156875178613518e+03,1.998319560883285106e+01
8.159815981598160306e+01,4.051208852377655603e+03,1.998319557879063879e+01
8.160816081608160744e+01,4.051261810415853688e+03,1.998319554805904019e+01
8.161816181618162602e+01,4.051315709115373011e+03,1.998319551666621763e+01
8.162816281628163040e+01,4.051370508660666474e+03,1.998319548464008122e+01
8.163816381638164899e+01,4.051426169598476463e+03,1.998319545200828173e+01
8.164816481648165336e+01,4.051482652837833029e+03,1.998319541879821770e+01
8.165816581658165774e+01,4.051539919650054344e+03,1.998319538503703541e+01
8.166816681668167632e+01,4.051597931668748515e+03,1.998319535075161824e+01
8.167816781678168070e+01,4.051656650889809953e+03,1.998319531596860799e+01
8.168816881688168507e+01,4.051716039671423005e+03,1.998319528071437645e+01
8.169816981698170366e+01,4.051776060734060138e+03,1.998319524501505029e+01
8.170817081708170804e+01,4.051836677160481941e+03,1.998319520889650036e+01
8.171817181718172662e+01,4.051897852395737573e+03,1.998319517238434173e+01
8.172817281728173100e+01,4.051959550247164771e+03,1.998319513550393012e+01
8.173817381738173538e+01,4.052021734884388934e+03,1.998319509828037610e+01
8.174817481748175396e+01,4.052084370839324947e+03,1.998319506073852381e+01
8.175817581758175834e+01,4.052147423006175359e+03,1.998319502290297578e+01
8.176817681768177692e+01,4.052210856641431747e+03,1.998319498479806811e+01
8.177817781778178130e+01,4.052274637363872898e+03,1.998319494644788819e+01
8.178817881788178568e+01,4.052338731154567995e+03,1.998319490787626407e+01
8.179817981798180426e+01,4.052403104356872518e+03,1.998319486910677512e+01
8.180818081808180864e+01,4.052467723676431888e+03,1.998319483016274489e+01
8.181818181818182723e+01,4.052532556181179189e+03,1.998319479106723406e+01
8.182818281828183160e+01,4.052597569301336080e+03,1.998319475184305816e+01
8.183818381838183598e+01,4.052662730829412794e+03,1.998319471251277690e+01
8.184818481848185456e+01,4.052728008920208140e+03,1.998319467309868713e+01
8.185818581858185894e+01,4.052793372090808134e+03,1.998319463362283699e+01
8.186818681868187753e+01,4.052858789220589188e+03,1.998319459410702237e+01
8.187818781878188190e+01,4.052924229551214012e+03,1.998319455457277627e+01
8.188818881888188628e+01,4.052989662686635711e+03,1.998319451504138655e+01
8.189818981898190486e+01,4.053055058593094600e+03,1.998319447553387818e+01
8.190819081908190924e+01,4.053120387599119567e+03,1.998319443607102741e+01
8.191819181918192783e+01,4.053185620395528076e+03,1.998319439667335118e+01
8.192819281928193220e+01,4.053250728035425709e+03,1.998319435736111416e+01
8.193819381938193658e+01,4.053315681934207078e+03,1.998319431815432168e+01
8.194819481948195516e+01,4.053380453869554458e+03,1.998319427907273038e+01
8.195819581958195954e+01,4.053445015981439610e+03,1.998319424013584467e+01
8.196819681968197813e+01,4.053509340772121504e+03,1.998319420136289892e+01
8.197819781978198250e+01,4.053573401106147685e+03,1.998319416277288951e+01
8.198819881988198688e+01,4.053637170210355634e+03,1.998319412438455345e+01
8.199819981998200547e+01,4.053700621673868682e+03,1.998319408621636484e+01
8.200820082008200984e+01,4.053763729448101003e+03,1.998319404828654910e+01
8.201820182018202843e+01,4.053826467846753985e+03,1.998319401061308298e+01
8.202820282028203280e+01,4.053888811545817134e+03,1.998319397321367674e+01
8.203820382038203718e+01,4.053950735583569440e+03,1.998319393610579553e+01
8.204820482048205577e+01,4.054012215360577102e+03,1.998319389930664158e+01
8.205820582058206014e+01,4.054073226639695804e+03,1.998319386283316490e+01
8.206820682068207873e+01,4.054133745546069349e+03,1.998319382670206679e+01
8.207820782078208310e+01,4.054193748567129205e+03,1.998319379092978920e+01
8.208820882088208748e+01,4.054253212552595869e+03,1.998319375553251120e+01
8.209820982098210607e+01,4.054312114714478412e+03,1.998319372052617382e+01
8.210821082108211044e+01,4.054370432627074479e+03,1.998319368592645162e+01
8.211821182118212903e+01,4.054428144226968925e+03,1.998319365174876339e+01
8.212821282128213340e+01,4.054485227813036545e+03,1.998319361800828275e+01
8.213821382138213778e+01,4.054541662046439797e+03,1.998319358471991691e+01
8.214821482148215637e+01,4.054597425950629713e+03,1.998319355189832791e+01
8.215821582158216074e+01,4.054652498911344992e+03,1.998319351955791490e+01
8.216821682168217933e+01,4.054706860676614269e+03,1.998319348771283188e+01
8.217821782178218371e+01,4.054760491356752937e+03,1.998319345637696642e+01
8.218821882188218808e+01,4.054813371424366323e+03,1.998319342556396094e+01
8.219821982198220667e+01,4.054865481714346970e+03,1.998319339528720207e+01
8.220822082208221104e+01,4.054916803423876445e+03,1.998319336555981351e+01
8.221822182218221542e+01,4.054967318112424437e+03,1.998319333639467033e+01
8.222822282228223401e+01,4.055017007701749208e+03,1.998319330780439529e+01
8.223822382238223838e+01,4.055065854475897595e+03,1.998319327980135185e+01
8.224822482248225697e+01,4.055113841081205010e+03,1.998319325239765121e+01
8.225822582258226134e+01,4.055160950526294528e+03,1.998319322560514522e+01
8.226822682268226572e+01,4.055207166182077799e+03,1.998319319943543704e+01
8.227822782278228431e+01,4.055252471781755503e+03,1.998319317389987049e+01
8.228822882288228868e+01,4.055296851420816438e+03,1.998319314900953714e+01
8.229822982298230727e+01,4.055340289557037977e+03,1.998319312477527276e+01
8.230823082308231164e+01,4.055382771010484703e+03,1.998319310120765735e+01
8.231823182318231602e+01,4.055424280963512047e+03,1.998319307831702218e+01
8.232823282328233461e+01,4.055464804960760830e+03,1.998319305611343211e+01
8.233823382338233898e+01,4.055504328909163178e+03,1.998319303460671037e+01
8.234823482348235757e+01,4.055542839077937515e+03,1.998319301380641377e+01
8.235823582358236195e+01,4.055580322098592205e+03,1.998319299372185043e+01
8.236823682368236632e+01,4.055616764964922368e+03,1.998319297436207265e+01
8.237823782378238491e+01,4.055652155033013059e+03,1.998319295573588050e+01
8.238823882388238928e+01,4.055686480021237003e+03,1.998319293785181472e+01
8.239823982398240787e+01,4.055719728010255949e+03,1.998319292071816022e+01
8.240824082408241225e+01,4.055751887443018859e+03,1.998319290434295681e+01
8.241824182418241662e+01,4.055782947124764178e+03,1.998319288873397781e+01
8.242824282428243521e+01,4.055812896223018470e+03,1.998319287389874788e+01
8.243824382438243958e+01,4.055841724267596419e+03,1.998319285984453586e+01
8.244824482448245817e+01,4.055869421150602193e+03,1.998319284657835482e+01
8.245824582458246255e+01,4.055895977126426715e+03,1.998319283410696556e+01
8.246824682468246692e+01,4.055921382811750391e+03,1.998319282243686956e+01
8.247824782478248551e+01,4.055945629185541748e+03,1.998319281157432314e+01
8.248824882488248988e+01,4.055968707589058340e+03,1.998319280152530908e+01
8.249824982498250847e+01,4.055990609725845388e+03,1.998319279229557921e+01
8.250825082508251285e+01,4.056011327661736232e+03,1.998319278389061182e+01
8.251825182518251722e+01,4.056030853824853693e+03,1.998319277631563651e+01
8.252825282528253581e+01,4.056049181005607807e+03,1.998319276957563417e+01
8.253825382538254019e+01,4.056066302356698543e+03,1.998319276367531927e+01
8.254825482548255877e+01,4.056082211393113084e+03,1.998319275861916111e+01
8.255825582558256315e+01,4.056096901992126732e+03,1.998319275441137322e+01
8.256825682568256752e+01,4.056110368393304725e+03,1.998319275105590620e+01
8.257825782578258611e+01,4.056122605198499059e+03,1.998319274855646199e+01
8.258825882588259049e+01,4.056133607371851667e+03,1.998319274691649028e+01
8.259825982598260907e+01,4.056143370239791238e+03,1.998319274613918139e+01
8.260826082608261345e+01,4.056151889491036400e+03,1.998319274622747344e+01
8.261826182618261782e+01,4.056159161176593443e+03,1.998319274718404870e+01
8.262826282628263641e+01,4.056165181709757235e+03,1.998319274901133014e+01
8.263826382638264079e+01,4.056169947866110761e+03,1.998319275171149556e+01
8.264826482648265937e+01,4.056173456783525580e+03,1.998319275528645989e+01
8.265826582658266375e+01,4.056175705962162283e+03,1.998319275973788933e+01
8.266826682668266812e+01,4.056176693264468668e+03,1.998319276506718722e+01
8.267826782678268671e+01,4.056176416915182017e+03,1.998319277127550819e+01
8.268826882688269109e+01,4.056174875501327733e+03,1.998319277836375463e+01
8.269826982698269546e+01,4.056172067972219338e+03,1.998319278633256602e+01
8.270827082708271405e+01,4.056167993639459382e+03,1.998319279518233316e+01
8.271827182718271843e+01,4.056162652176937627e+03,1.998319280491319105e+01
8.272827282728273701e+01,4.056156043620833316e+03,1.998319281552501536e+01
8.273827382738274139e+01,4.056148168369614268e+03,1.998319282701743660e+01
8.274827482748274576e+01,4.056139027184035967e+03,1.998319283938981528e+01
8.275827582758276435e+01,4.056128621187142471e+03,1.998319285264127743e+01
8.276827682768276873e+01,4.056116951864266412e+03,1.998319286677067197e+01
8.277827782778278731e+01,4.056104021063028995e+03,1.998319288177661335e+01
8.278827882788279169e+01,4.056089830993339547e+03,1.998319289765744955e+01
8.279827982798279606e+01,4.056074384227395967e+03,1.998319291441127277e+01
8.280828082808281465e+01,4.056057683699684276e+03,1.998319293203592650e+01
8.281828182818281903e+01,4.056039732706979521e+03,1.998319295052899491e+01
8.282828282828283761e+01,4.056020534908344871e+03,1.998319296988781346e+01
8.283828382838284199e+01,4.056000094325131613e+03,1.998319299010945471e+01
8.284828482848284636e+01,4.055978415340979609e+03,1.998319301119073899e+01
8.285828582858286495e+01,4.055955502701817295e+03,1.998319303312824147e+01
8.286828682868286933e+01,4.055931361515861681e+03,1.998319305591826378e+01
8.287828782878288791e+01,4.055905997253617443e+03,1.998319307955686952e+01
8.288828882888289229e+01,4.055879415747878284e+03,1.998319310403985583e+01
8.289828982898289667e+01,4.055851623193726482e+03,1.998319312936277825e+01
8.290829082908291525e+01,4.055822626148531981e+03,1.998319315552092235e+01
8.291829182918291963e+01,4.055792431531954207e+03,1.998319318250932852e+01
8.292829282928293821e+01,4.055761046625940253e+03,1.998319321032278140e+01
8.293829382938294259e+01,4.055728479074725328e+03,1.998319323895580979e+01
8.294829482948294697e+01,4.055694736884833674e+03,1.998319326840268317e+01
8.295829582958296555e+01,4.055659828425078103e+03,1.998319329865742588e+01
8.296829682968296993e+01,4.055623762426559097e+03,1.998319332971379580e+01
8.297829782978298852e+01,4.055586547982666161e+03,1.998319336156530568e+01
8.298829882988299289e+01,4.055548194549077380e+03,1.998319339420520890e+01
8.299829982998299727e+01,4.055508711943758044e+03,1.998319342762650663e+01
8.300830083008301585e+01,4.055468110346963385e+03,1.998319346182194067e+01
8.301830183018302023e+01,4.055426400301235844e+03,1.998319349678400414e+01
8.302830283028303882e+01,4.055383592711407800e+03,1.998319353250493080e+01
8.303830383038304319e+01,4.055339698844597933e+03,1.998319356897670218e+01
8.304830483048304757e+01,4.055294730330214861e+03,1.998319360619104046e+01
8.305830583058306615e+01,4.055248699159954867e+03,1.998319364413941557e+01
8.306830683068307053e+01,4.055201617687803719e+03,1.998319368281305231e+01
8.307830783078308912e+01,4.055153498630034846e+03,1.998319372220290191e+01
8.308830883088309349e+01,4.055104355065209347e+03,1.998319376229967403e+01
8.309830983098309787e+01,4.055054200434177801e+03,1.998319380309382254e+01
8.310831083108311645e+01,4.055003048540078908e+03,1.998319384457554193e+01
8.311831183118312083e+01,4.054950913548340395e+03,1.998319388673477093e+01
8.312831283128313942e+01,4.054897809986676748e+03,1.998319392956120311e+01
8.313831383138314379e+01,4.054843752745092388e+03,1.998319397304426914e+01
8.314831483148314817e+01,4.054788757075880312e+03,1.998319401717314037e+01
8.315831583158316676e+01,4.054732838593619817e+03,1.998319406193674652e+01
8.316831683168317113e+01,4.054676013275181504e+03,1.998319410732375445e+01
8.317831783178317551e+01,4.054618297459722271e+03,1.998319415332257165e+01
8.318831883188319409e+01,4.054559707848688049e+03,1.998319419992136403e+01
8.319831983198319847e+01,4.054500261505813342e+03,1.998319424710803105e+01
8.320832083208321706e+01,4.054439975857121226e+03,1.998319429487021992e+01
8.321832183218322143e+01,4.054378868690922445e+03,1.998319434319532562e+01
8.322832283228322581e+01,4.054316958157817226e+03,1.998319439207049086e+01
8.323832383238324439e+01,4.054254262770693458e+03,1.998319444148259194e+01
8.324832483248324877e+01,4.054190801404727608e+03,1.998319449141826709e+01
8.325832583258326736e+01,4.054126593297384261e+03,1.998319454186388455e+01
8.326832683268327173e+01,4.054061658048417485e+03,1.998319459280556742e+01
8.327832783278327611e+01,4.053996015619868103e+03,1.998319464422917946e+01
8.328832883288329469e+01,4.053929686336066879e+03,1.998319469612033217e+01
8.329832983298329907e+01,4.053862690883632240e+03,1.998319474846437771e+01
8.330833083308331766e+01,4.053795050311471186e+03,1.998319480124641956e+01
8.331833183318332203e+01,4.053726786030778840e+03,1.998319485445130184e+01
8.332833283328332641e+01,4.053657919815039349e+03,1.998319490806361642e+01
8.333833383338334500e+01,4.053588473800024531e+03,1.998319496206770296e+01
8.334833483348334937e+01,4.053518470483795227e+03,1.998319501644763463e+01
8.335833583358336796e+01,4.053447932726700856e+03,1.998319507118724303e+01
8.336833683368337233e+01,4.053376883751378045e+03,1.998319512627010042e+01
8.337833783378337671e+01,4.053305347142753362e+03,1.998319518167952324e+01
8.338833883388339530e+01,4.053233346848041037e+03,1.998319523739857217e+01
8.339833983398339967e+01,4.053160907176743422e+03,1.998319529341005563e+01
8.340834083408341826e+01,4.053088052800651440e+03,1.998319534969652622e+01
8.341834183418342263e+01,4.053014808753845500e+03,1.998319540624027724e+01
8.342834283428342701e+01,4.052941200432692767e+03,1.998319546302336036e+01
8.343834383438344560e+01,4.052867253595849888e+03,1.998319552002755728e+01
8.344834483448344997e+01,4.052792994364261631e+03,1.998319557723440454e+01
8.345834583458346856e+01,4.052718449221161336e+03,1.998319563462517579e+01
8.346834683468347293e+01,4.052643645012070010e+03,1.998319569218089953e+01
8.347834783478347731e+01,4.052568608944798598e+03,1.998319574988234493e+01
8.348834883488349590e+01,4.052493368589444344e+03,1.998319580771002180e+01
8.349834983498350027e+01,4.052417951878394888e+03,1.998319586564419126e+01
8.350835083508351886e+01,4.052342387106325532e+03,1.998319592366485864e+01
8.351835183518352324e+01,4.052266702930199699e+03,1.998319598175177347e+01
8.352835283528352761e+01,4.052190928369269386e+03,1.998319603988443305e+01
8.353835383538354620e+01,4.052115092805075165e+03,1.998319609804207175e+01
8.354835483548355057e+01,4.052039225981446180e+03,1.998319615620367529e+01
8.355835583558356916e+01,4.051963358004499241e+03,1.998319621434798066e+01
8.356835683568357354e+01,4.051887519342640644e+03,1.998319627245345842e+01
8.357835783578357791e+01,4.051811740826564346e+03,1.998319633049832689e+01
8.358835883588359650e+01,4.051736053649252426e+03,1.998319638846055923e+01
8.359835983598360087e+01,4.051660489365976446e+03,1.998319644631786218e+01
8.360836083608361946e+01,4.051585079894295632e+03,1.998319650404769021e+01
8.361836183618362384e+01,4.051509857514058240e+03,1.998319656162724911e+01
8.362836283628362821e+01,4.051434854867399736e+03,1.998319661903348532e+01
8.363836383638364680e+01,4.051360104958745069e+03,1.998319667624308948e+01
8.364836483648365117e+01,4.051285641154807308e+03,1.998319673323249646e+01
8.365836583658365555e+01,4.051211497184588097e+03,1.998319678997789239e+01
8.366836683668367414e+01,4.051137707139376744e+03,1.998319684645520411e+01
8.367836783678367851e+01,4.051064305472752039e+03,1.998319690264010262e+01
8.368836883688369710e+01,4.050991327000580441e+03,1.998319695850800670e+01
8.369836983698370148e+01,4.050918806901017433e+03,1.998319701403407933e+01
8.370837083708370585e+01,4.050846780714506622e+03,1.998319706919322769e+01
8.371837183718372444e+01,4.050775284343778821e+03,1.998319712396011028e+01
8.372837283728372881e+01,4.050704354053855695e+03,1.998319717830911912e+01
8.373837383738374740e+01,4.050634026472045662e+03,1.998319723221440469e+01
8.374837483748375178e+01,4.050564338587945713e+03,1.998319728564985098e+01
8.375837583758375615e+01,4.050495327753441416e+03,1.998319733858909331e+01
8.376837683768377474e+01,4.050427031682706456e+03,1.998319739100551118e+01
8.377837783778377911e+01,4.050359488452204459e+03,1.998319744287223187e+01
8.378837883788379770e+01,4.050292736500684896e+03,1.998319749416212332e+01
8.379837983798380208e+01,4.050226814629188084e+03,1.998319754484780120e+01
8.380838083808380645e+01,4.050161762001041097e+03,1.998319759490162184e+01
8.381838183818382504e+01,4.050097618141860039e+03,1.998319764429569645e+01
8.382838283828382941e+01,4.050034422939549586e+03,1.998319769300187332e+01
8.383838383838384800e+01,4.049972216644302989e+03,1.998319774099174850e+01
8.384838483848385238e+01,4.049911039868600710e+03,1.998319778823666226e+01
8.385838583858385675e+01,4.049850933587213149e+03,1.998319783470770261e+01
8.386838683868387534e+01,4.049791939137198369e+03,1.998319788037569822e+01
8.387838783878387972e+01,4.049734098217903011e+03,1.998319792521122906e+01
8.388838883888389830e+01,4.049677452890961831e+03,1.998319796918461577e+01
8.389838983898390268e+01,4.049622045580298163e+03,1.998319801226592318e+01
8.390839083908390705e+01,4.049567919072124369e+03,1.998319805442496389e+01
8.391839183918392564e+01,4.049515116514939564e+03,1.998319809563129823e+01
8.392839283928393002e+01,4.049463681419533714e+03,1.998319813585422722e+01
8.393839383938394860e+01,4.049413657658983084e+03,1.998319817506279961e+01
8.394839483948395298e+01,4.049365089468653423e+03,1.998319821322580481e+01
8.395839583958395735e+01,4.049318021446198600e+03,1.998319825031178354e+01
8.396839683968397594e+01,4.049272498551561057e+03,1.998319828628902073e+01
8.397839783978398032e+01,4.049228566106970902e+03,1.998319832112554550e+01
8.398839883988399890e+01,4.049186269796947727e+03,1.998319835478912410e+01
8.399839983998400328e+01,4.049145655668298787e+03,1.998319838724728470e+01
8.400840084008400765e+01,4.049106770130120822e+03,1.998319841846728906e+01
8.401840184018402624e+01,4.049069659953797327e+03,1.998319844841614312e+01
8.402840284028403062e+01,4.049034372273001281e+03,1.998319847706060060e+01
8.403840384038404920e+01,4.049000954583693783e+03,1.998319850436717005e+01
8.404840484048405358e+01,4.048969454744124960e+03,1.998319853030208648e+01
8.405840584058405796e+01,4.048939920974832603e+03,1.998319855483134333e+01
8.406840684068407654e+01,4.048912401858643079e+03,1.998319857792067822e+01
8.407840784078408092e+01,4.048886946340670875e+03,1.998319859953556943e+01
8.408840884088409950e+01,4.048863603728319958e+03,1.998319861964124655e+01
8.409840984098410388e+01,4.048842423691281510e+03,1.998319863820267273e+01
8.410841084108410826e+01,4.048823456261535739e+03,1.998319865518456950e+01
8.411841184118412684e+01,4.048806751833351427e+03,1.998319867055139909e+01
8.412841284128413122e+01,4.048792361163285022e+03,1.998319868426736434e+01
8.413841384138413559e+01,4.048780335370182001e+03,1.998319869629641943e+01
8.414841484148415418e+01,4.048770725935176415e+03,1.998319870660225916e+01
8.415841584158415856e+01,4.048763584701690434e+03,1.998319871514832613e+01
8.416841684168417714e+01,4.048758963875434347e+03,1.998319872189781066e+01
8.417841784178418152e+01,4.048756916024407019e+03,1.998319872681364373e+01
8.418841884188418589e+01,4.048757494078895888e+03,1.998319872985850054e+01
8.419841984198420448e+01,4.048760751331477422e+03,1.998319873099480404e+01
8.420842084208420886e+01,4.048766741437015298e+03,1.998319873018472848e+01
8.421842184218422744e+01,4.048775518412662223e+03,1.998319872739017811e+01
8.422842284228423182e+01,4.048787136637859021e+03,1.998319872257281560e+01
8.423842384238423620e+01,4.048801650854335549e+03,1.998319871569404782e+01
8.424842484248425478e+01,4.048819116166109779e+03,1.998319870671501874e+01
8.425842584258425916e+01,4.048839588039487808e+03,1.998319869559662365e+01
8.426842684268427774e+01,4.048863122303064301e+03,1.998319868229950202e+01
8.427842784278428212e+01,4.048889775147722503e+03,1.998319866678404111e+01
8.428842884288428650e+01,4.048919603126634229e+03,1.998319864901036524e+01
8.429842984298430508e+01,4.048952663155258961e+03,1.998319862893835008e+01
8.430843084308430946e+01,4.048989012511344754e+03,1.998319860652761903e+01
8.431843184318432805e+01,4.049028708834929603e+03,1.998319858173753616e+01
8.432843284328433242e+01,4.049071810128337802e+03,1.998319855452720972e+01
8.433843384338433680e+01,4.049118374756182675e+03,1.998319852485549930e+01
8.434843484348435538e+01,4.049167983864860162e+03,1.998319849304621343e+01
8.435843584358435976e+01,4.049219975939824053e+03,1.998319845960354613e+01
8.436843684368437835e+01,4.049274279571139687e+03,1.998319842457721407e+01
8.437843784378438272e+01,4.049330827160627905e+03,1.998319838801404202e+01
8.438843884388438710e+01,4.049389551659710833e+03,1.998319834996048527e+01
8.439843984398440568e+01,4.049450386569412785e+03,1.998319831046260475e+01
8.440844084408441006e+01,4.049513265940357542e+03,1.998319826956608836e+01
8.441844184418442865e+01,4.049578124372771526e+03,1.998319822731622963e+01
8.442844284428443302e+01,4.049644897016482901e+03,1.998319818375794910e+01
8.443844384438443740e+01,4.049713519570919289e+03,1.998319813893578001e+01
8.444844484448445598e+01,4.049783928285111415e+03,1.998319809289387550e+01
8.445844584458446036e+01,4.049856059957690377e+03,1.998319804567600144e+01
8.446844684468447895e+01,4.049929851936888554e+03,1.998319799732555069e+01
8.447844784478448332e+01,4.050005242120540515e+03,1.998319794788552173e+01
8.448844884488448770e+01,4.050082168956081205e+03,1.998319789739853647e+01
8.449844984498450629e+01,4.050160571440546846e+03,1.998319784590683312e+01
8.450845084508451066e+01,4.050240389120575401e+03,1.998319779345226621e+01
8.451845184518452925e+01,4.050321562092406111e+03,1.998319774007631011e+01
8.452845284528453362e+01,4.050404031001879048e+03,1.998319768582005551e+01
8.453845384538453800e+01,4.050487737044436471e+03,1.998319763072420585e+01
8.454845484548455659e+01,4.050572621965121016e+03,1.998319757482909154e+01
8.455845584558456096e+01,4.050658628058576596e+03,1.998319751817464862e+01
8.456845684568457955e+01,4.050745698169049774e+03,1.998319746080043657e+01
8.457845784578458392e+01,4.050833775690387029e+03,1.998319740274563827e+01
8.458845884588458830e+01,4.050922804566036120e+03,1.998319734404903869e+01
8.459845984598460689e+01,4.051012729289047456e+03,1.998319728474905332e+01
8.460846084608461126e+01,4.051103494902070906e+03,1.998319722488371397e+01
8.461846184618461564e+01,4.051195046997358986e+03,1.998319716449065808e+01
8.462846284628463422e+01,4.051287331716765038e+03,1.998319710360715362e+01
8.463846384638463860e+01,4.051380295751744143e+03,1.998319704227007776e+01
8.464846484648465719e+01,4.051473886343351296e+03,1.998319698051593107e+01
8.465846584658466156e+01,4.051568051282245051e+03,1.998319691838082690e+01
8.466846684668466594e+01,4.051662738908682968e+03,1.998319685590049488e+01
8.467846784678468453e+01,4.051757898112525709e+03,1.998319679311028452e+01
8.468846884688468890e+01,4.051853478333233852e+03,1.998319673004516517e+01
8.469846984698470749e+01,4.051949429559870168e+03,1.998319666673971895e+01
8.470847084708471186e+01,4.052045702331098255e+03,1.998319660322814784e+01
8.471847184718471624e+01,4.052142247735183446e+03,1.998319653954427011e+01
8.472847284728473483e+01,4.052239017409991902e+03,1.998319647572151680e+01
8.473847384738473920e+01,4.052335963542991522e+03,1.998319641179294592e+01
8.474847484748475779e+01,4.052433038871251483e+03,1.998319634779122467e+01
8.475847584758476216e+01,4.052530196681441339e+03,1.998319628374864010e+01
8.476847684768476654e+01,4.052627390809832832e+03,1.998319621969709914e+01
8.477847784778478513e+01,4.052724575642299442e+03,1.998319615566812502e+01
8.478847884788478950e+01,4.052821706114315020e+03,1.998319609169285371e+01
8.479847984798480809e+01,4.052918737710955156e+03,1.998319602780204107e+01
8.480848084808481246e+01,4.053015626466896265e+03,1.998319596402605924e+01
8.481848184818481684e+01,4.053112328966416499e+03,1.998319590039490734e+01
8.482848284828483543e+01,4.053208802343395291e+03,1.998319583693818657e+01
8.483848384838483980e+01,4.053305004281313359e+03,1.998319577368512157e+01
8.484848484848485839e+01,4.053400893013252698e+03,1.998319571066456035e+01
8.485848584858486277e+01,4.053496427321896590e+03,1.998319564790496372e+01
8.486848684868486714e+01,4.053591566539529595e+03,1.998319558543440166e+01
8.487848784878488573e+01,4.053686270548037555e+03,1.998319552328057469e+01
8.488848884888489010e+01,4.053780499778907142e+03,1.998319546147079251e+01
8.489848984898490869e+01,4.053874215213227671e+03,1.998319540003198469e+01
8.490849084908491307e+01,4.053967378381688377e+03,1.998319533899069711e+01
8.491849184918491744e+01,4.054059951364580229e+03,1.998319527837309550e+01
8.492849284928493603e+01,4.054151896791795934e+03,1.998319521820495837e+01
8.493849384938494040e+01,4.054243177842829027e+03,1.998319515851168759e+01
8.494849484948495899e+01,4.054333758246774323e+03,1.998319509931829430e+01
8.495849584958496337e+01,4.054423602282327920e+03,1.998319504064941654e+01
8.496849684968496774e+01,4.054512674777787652e+03,1.998319498252929804e+01
8.497849784978498633e+01,4.054600941111052180e+03,1.998319492498181305e+01
8.498849884988499070e+01,4.054688367209621902e+03,1.998319486803044143e+01
8.499849984998500929e+01,4.054774919550598042e+03,1.998319481169828649e+01
8.500850085008501367e+01,4.054860565160683564e+03,1.998319475600806783e+01
8.501850185018501804e+01,4.054945271616182254e+03,1.998319470098212136e+01
8.502850285028503663e+01,4.055029007042999638e+03,1.998319464664239931e+01
8.503850385038504101e+01,4.055111740116641613e+03,1.998319459301047729e+01
8.504850485048505959e+01,4.055193440062217633e+03,1.998319454010754015e+01
8.505850585058506397e+01,4.055274076654435248e+03,1.998319448795439257e+01
8.506850685068506834e+01,4.055353620217606476e+03,1.998319443657146266e+01
8.507850785078508693e+01,4.055432041625641887e+03,1.998319438597878417e+01
8.508850885088509131e+01,4.055509312302055605e+03,1.998319433619601782e+01
8.509850985098509568e+01,4.055585404219961219e+03,1.998319428724244062e+01
8.510851085108511427e+01,4.055660289902075419e+03,1.998319423913693882e+01
8.511851185118511864e+01,4.055733942420713902e+03,1.998319419189802559e+01
8.512851285128513723e+01,4.055806335397796374e+03,1.998319414554382689e+01
8.513851385138514161e+01,4.055877443004841552e+03,1.998319410009208852e+01
8.514851485148514598e+01,4.055947239962970343e+03,1.998319405556016548e+01
8.515851585158516457e+01,4.056015701542905845e+03,1.998319401196504330e+01
8.516851685168516894e+01,4.056082803564970618e+03,1.998319396932331315e+01
8.517851785178518753e+01,4.056148522399089870e+03,1.998319392765118963e+01
8.518851885188519191e+01,4.056212834964789636e+03,1.998319388696450360e+01
8.519851985198519628e+01,4.056275718731197230e+03,1.998319384727869874e+01
8.520852085208521487e+01,4.056337151717041706e+03,1.998319380860884564e+01
8.521852185218521925e+01,4.056397112490652944e+03,1.998319377096962057e+01
8.522852285228523783e+01,4.056455580169962104e+03,1.998319373437532676e+01
8.523852385238524221e+01,4.056512534422501631e+03,1.998319369883988017e+01
8.524852485248524658e+01,4.056567955465405703e+03,1.998319366437681310e+01
8.525852585258526517e+01,4.056621824065409783e+03,1.998319363099927770e+01
8.526852685268526955e+01,4.056674121538849704e+03,1.998319359872004242e+01
8.527852785278528813e+01,4.056724829751663492e+03,1.998319356755149556e+01
8.528852885288529251e+01,4.056773931119390909e+03,1.998319353750563465e+01
8.529852985298529688e+01,4.056821408607171179e+03,1.998319350859408061e+01
8.530853085308531547e+01,4.056867245729747083e+03,1.998319348082807778e+01
8.531853185318531985e+01,4.056911426551460863e+03,1.998319345421847260e+01
8.532853285328533843e+01,4.056953935686256955e+03,1.998319342877574201e+01
8.533853385338534281e+01,4.056994758297681528e+03,1.998319340450997572e+01
8.534853485348534718e+01,4.057033880098880672e+03,1.998319338143087620e+01
8.535853585358536577e+01,4.057071287352603122e+03,1.998319335954777287e+01
8.536853685368537015e+01,4.057106966871197983e+03,1.998319333886960081e+01
8.537853785378538873e+01,4.057140906016616100e+03,1.998319331940492205e+01
8.538853885388539311e+01,4.057173092700410052e+03,1.998319330116191495e+01
8.539853985398539749e+01,4.057203515383732338e+03,1.998319328414836704e+01
8.540854085408541607e+01,4.057232163077338555e+03,1.998319326837168930e+01
8.541854185418542045e+01,4.057259025341584220e+03,1.998319325383891609e+01
8.542854285428543903e+01,4.057284092286426585e+03,1.998319324055668389e+01
8.543854385438544341e+01,4.057307354571424185e+03,1.998319322853125612e+01
8.544854485448544779e+01,4.057328803405737290e+03,1.998319321776851609e+01
8.545854585458546637e+01,4.057348430548126544e+03,1.998319320827395984e+01
8.546854685468547075e+01,4.057366228306954326e+03,1.998319320005269972e+01
8.547854785478548933e+01,4.057382189540185209e+03,1.998319319310946440e+01
8.548854885488549371e+01,4.057396307655383680e+03,1.998319318744860595e+01
8.549854985498549809e+01,4.057408576609715965e+03,1.998319318307409276e+01
8.550855085508551667e+01,4.057418990909950480e+03,1.998319317998950240e+01
8.551855185518552105e+01,4.057427545612455106e+03,1.998319317819803587e+01
8.552855285528553964e+01,4.057434236323200821e+03,1.998319317770251402e+01
8.553855385538554401e+01,4.057439059197758979e+03,1.998319317850536692e+01
8.554855485548554839e+01,4.057442010941302669e+03,1.998319318060865157e+01
8.555855585558556697e+01,4.057443088808605808e+03,1.998319318401403422e+01
8.556855685568557135e+01,4.057442290604043592e+03,1.998319318872280448e+01
8.557855785578557573e+01,4.057439614681593412e+03,1.998319319473586475e+01
8.558855885588559431e+01,4.057435059944833029e+03,1.998319320205373728e+01
8.559855985598559869e+01,4.057428625846941486e+03,1.998319321067655707e+01
8.560856085608561727e+01,4.057420312390700019e+03,1.998319322060408254e+01
8.561856185618562165e+01,4.057410120128489780e+03,1.998319323183568841e+01
8.562856285628562603e+01,4.057398050162295021e+03,1.998319324437036215e+01
8.563856385638564461e+01,4.057384104143699460e+03,1.998319325820671111e+01
8.564856485648564899e+01,4.057368284273889003e+03,1.998319327334296247e+01
8.565856585658566758e+01,4.057350593303651294e+03,1.998319328977695974e+01
8.566856685668567195e+01,4.057331034533374350e+03,1.998319330750615919e+01
8.567856785678567633e+01,4.057309611813048377e+03,1.998319332652763691e+01
8.568856885688569491e+01,4.057286329542263502e+03,1.998319334683808890e+01
8.569856985698569929e+01,4.057261192670213404e+03,1.998319336843382743e+01
8.570857085708571788e+01,4.057234206695690318e+03,1.998319339131077754e+01
8.571857185718572225e+01,4.057205377667090033e+03,1.998319341546448769e+01
8.572857285728572663e+01,4.057174712182408712e+03,1.998319344089012262e+01
8.573857385738574521e+01,4.057142217389243342e+03,1.998319346758245629e+01
8.574857485748574959e+01,4.057107900984793559e+03,1.998319349553589319e+01
8.575857585758576818e+01,4.057071771215858917e+03,1.998319352474444699e+01
8.576857685768577255e+01,4.057033836878840702e+03,1.998319355520174767e+01
8.577857785778577693e+01,4.056994107319742398e+03,1.998319358690104863e+01
8.578857885788579551e+01,4.056952592434166945e+03,1.998319361983520892e+01
8.579857985798579989e+01,4.056909302667320844e+03,1.998319365399672165e+01
8.580858085808581848e+01,4.056864249014009602e+03,1.998319368937768203e+01
8.581858185818582285e+01,4.056817443018642280e+03,1.998319372596980870e+01
8.582858285828582723e+01,4.056768896775226949e+03,1.998319376376444012e+01
8.583858385838584582e+01,4.056718622927374781e+03,1.998319380275253110e+01
8.584858485848585019e+01,4.056666634668297775e+03,1.998319384292464918e+01
8.585858585858586878e+01,4.056612945740808300e+03,1.998319388427098175e+01
8.586858685868587315e+01,4.056557570437321374e+03,1.998319392678133610e+01
8.587858785878587753e+01,4.056500523599852841e+03,1.998319397044513224e+01
8.588858885888589612e+01,4.056441820620018916e+03,1.998319401525141004e+01
8.589858985898590049e+01,4.056381477439038463e+03,1.998319406118882569e+01
8.590859085908591908e+01,4.056319510547731170e+03,1.998319410824565523e+01
8.591859185918592345e+01,4.056255936986517554e+03,1.998319415640979102e+01
8.592859285928592783e+01,4.056190774345419868e+03,1.998319420566873816e+01
8.593859385938594642e+01,4.056124040764062102e+03,1.998319425600962163e+01
8.594859485948595079e+01,4.056055754931668616e+03,1.998319430741918978e+01
8.595859585958596938e+01,4.055985936087065511e+03,1.998319435988380377e+01
8.596859685968597375e+01,4.055914604018680620e+03,1.998319441338943392e+01
8.597859785978597813e+01,4.055841779064541697e+03,1.998319446792168108e+01
8.598859885988599672e+01,4.055767482112279595e+03,1.998319452346575531e+01
8.599859985998600109e+01,4.055691734599125539e+03,1.998319458000648652e+01
8.600860086008601968e+01,4.055614558511911582e+03,1.998319463752832092e+01
8.601860186018602406e+01,4.055535976387072424e+03,1.998319469601532461e+01
8.602860286028602843e+01,4.055456011310642225e+03,1.998319475545117996e+01
8.603860386038604702e+01,4.055374686918258249e+03,1.998319481581918211e+01
8.604860486048605139e+01,4.055292027395158129e+03,1.998319487710224962e+01
8.605860586058605577e+01,4.055208057476180329e+03,1.998319493928291024e+01
8.606860686068607436e+01,4.055122802445766411e+03,1.998319500234332224e+01
8.607860786078607873e+01,4.055036288137956944e+03,1.998319506626524955e+01
8.608860886088609732e+01,4.054948540936395602e+03,1.998319513103007949e+01
8.609860986098610169e+01,4.054859587774325973e+03,1.998319519661881216e+01
8.610861086108610607e+01,4.054769456134594748e+03,1.998319526301206395e+01
8.611861186118612466e+01,4.054678174049647623e+03,1.998319533019007821e+01
8.612861286128612903e+01,4.054585770101533399e+03,1.998319539813270751e+01
8.613861386138614762e+01,4.054492273421901245e+03,1.998319546681942072e+01
8.614861486148615199e+01,4.054397713692002071e+03,1.998319553622930655e+01
8.615861586158615637e+01,4.054302121142688065e+03,1.998319560634107361e+01
8.616861686168617496e+01,4.054205526554412700e+03,1.998319567713304679e+01
8.617861786178617933e+01,4.054107961257230272e+03,1.998319574858316017e+01
8.618861886188619792e+01,4.054009457130796363e+03,1.998319582066897482e+01
8.619861986198620230e+01,4.053910046604369654e+03,1.998319589336766811e+01
8.620862086208620667e+01,4.053809762656807379e+03,1.998319596665603015e+01
8.621862186218622526e+01,4.053708638816569419e+03,1.998319604051047094e+01
8.622862286228622963e+01,4.053606709161717845e+03,1.998319611490701675e+01
8.623862386238624822e+01,4.053504008319914192e+03,1.998319618982131018e+01
8.624862486248625260e+01,4.053400571468423095e+03,1.998319626522861725e+01
8.625862586258625697e+01,4.053296434334108653e+03,1.998319634110381671e+01
8.626862686268627556e+01,4.053191633193438065e+03,1.998319641742140007e+01
8.627862786278627993e+01,4.053086204872478447e+03,1.998319649415548227e+01
8.628862886288629852e+01,4.052980186746898653e+03,1.998319657127979454e+01
8.629862986298630290e+01,4.052873616741969272e+03,1.998319664876768442e+01
8.630863086308630727e+01,4.052766533332561721e+03,1.998319672659211932e+01
8.631863186318632586e+01,4.052658975543149154e+03,1.998319680472567939e+01
8.632863286328633023e+01,4.052550982947805096e+03,1.998319688314056108e+01
8.633863386338634882e+01,4.052442595670205264e+03,1.998319696180858784e+01
8.634863486348635320e+01,4.052333854383626658e+03,1.998319704070119229e+01
8.635863586358635757e+01,4.052224800310947103e+03,1.998319711978942337e+01
8.636863686368637616e+01,4.052115475224645706e+03,1.998319719904394987e+01
8.637863786378638054e+01,4.052005921446803313e+03,1.998319727843505689e+01
8.638863886388639912e+01,4.051896181849102049e+03,1.998319735793265295e+01
8.639863986398640350e+01,4.051786299852824868e+03,1.998319743750625577e+01
8.640864086408640787e+01,4.051676319428856459e+03,1.998319751712500292e+01
8.641864186418642646e+01,4.051566285097681885e+03,1.998319759675764828e+01
8.642864286428643084e+01,4.051456241929389762e+03,1.998319767637256916e+01
8.643864386438644942e+01,4.051346235543667262e+03,1.998319775593774850e+01
8.644864486448645380e+01,4.051236312109804658e+03,1.998319783542079975e+01
8.645864586458645817e+01,4.051126518346693047e+03,1.998319791478894203e+01
8.646864686468647676e+01,4.051016901522824355e+03,1.998319799400901786e+01
8.647864786478648114e+01,4.050907509456292246e+03,1.998319807304748963e+01
8.648864886488649972e+01,4.050798390514791663e+03,1.998319815187042892e+01
8.649864986498650410e+01,4.050689593615619287e+03,1.998319823044353427e+01
8.650865086508650847e+01,4.050581168225672172e+03,1.998319830873210989e+01
8.651865186518652706e+01,4.050473164361449562e+03,1.998319838670108695e+01
8.652865286528653144e+01,4.050365632589050620e+03,1.998319846431501290e+01
8.653865386538653581e+01,4.050258624024178062e+03,1.998319854153804798e+01
8.654865486548655440e+01,4.050152190332133159e+03,1.998319861833397226e+01
8.655865586558655878e+01,4.050046383727821194e+03,1.998319869466618215e+01
8.656865686568657736e+01,4.049941256975746455e+03,1.998319877049769389e+01
8.657865786578658174e+01,4.049836863390016788e+03,1.998319884579113292e+01
8.658865886588658611e+01,4.049733256834338590e+03,1.998319892050875879e+01
8.659865986598660470e+01,4.049630491722022271e+03,1.998319899461242599e+01
8.660866086608660908e+01,4.049528623015977701e+03,1.998319906806362667e+01
8.661866186618662766e+01,4.049427706228716488e+03,1.998319914082345861e+01
8.662866286628663204e+01,4.049327797422352432e+03,1.998319921285263945e+01
8.663866386638663641e+01,4.049228953208599705e+03,1.998319928411150670e+01
8.664866486648665500e+01,4.049131230748773760e+03,1.998319935456000707e+01
8.665866586658665938e+01,4.049034687753791331e+03,1.998319942415771422e+01
8.666866686668667796e+01,4.048939382484171347e+03,1.998319949286381814e+01
8.667866786678668234e+01,4.048845373750033104e+03,1.998319956063711800e+01
8.668866886688668671e+01,4.048752720911097640e+03,1.998319962743603639e+01
8.669866986698670530e+01,4.048661483876686361e+03,1.998319969321861578e+01
8.670867086708670968e+01,4.048571723105723777e+03,1.998319975794251135e+01
8.671867186718672826e+01,4.048483499606734313e+03,1.998319982156499108e+01
8.672867286728673264e+01,4.048396874937844132e+03,1.998319988404295344e+01
8.673867386738673702e+01,4.048311911206780223e+03,1.998319994533289901e+01
8.674867486748675560e+01,4.048228671070871769e+03,1.998320000539095886e+01
8.675867586758675998e+01,4.048147217737048322e+03,1.998320006417287331e+01
8.676867686768677856e+01,4.048067614961841173e+03,1.998320012163400250e+01
8.677867786778678294e+01,4.047989927051383347e+03,1.998320017772932289e+01
8.678867886788678732e+01,4.047914218861408244e+03,1.998320023241343080e+01
8.679867986798680590e+01,4.047840555797251000e+03,1.998320028564053530e+01
8.680868086808681028e+01,4.047769003813848485e+03,1.998320033736446888e+01
8.681868186818682886e+01,4.047699629415738400e+03,1.998320038753867323e+01
8.682868286828683324e+01,4.047632499657059270e+03,1.998320043611621344e+01
8.683868386838683762e+01,4.047567682141552268e+03,1.998320048304977092e+01
8.684868486848685620e+01,4.047505245022558483e+03,1.998320052829164695e+01
8.685868586858686058e+01,4.047445257003021197e+03,1.998320057179374842e+01
8.686868686868687917e+01,4.047387787335484063e+03,1.998320061350761634e+01
8.687868786878688354e+01,4.047332905822093380e+03,1.998320065338439733e+01
8.688868886888688792e+01,4.047280682814595821e+03,1.998320069137485788e+01
8.689868986898690650e+01,4.047231189214339338e+03,1.998320072742938436e+01
8.690869086908691088e+01,4.047184496472273167e+03,1.998320076149797586e+01
8.691869186918692947e+01,4.047140676588948736e+03,1.998320079353025136e+01
8.692869286928693384e+01,4.047099802114517388e+03,1.998320082347544968e+01
8.693869386938693822e+01,4.047061946148733114e+03,1.998320085128242596e+01
8.694869486948695680e+01,4.047027182340949821e+03,1.998320087689964453e+01
8.695869586958696118e+01,4.046995584890124519e+03,1.998320090027519669e+01
8.696869686968697977e+01,4.046967228544813224e+03,1.998320092135679005e+01
8.697869786978698414e+01,4.046942188603175055e+03,1.998320094009174497e+01
8.698869886988698852e+01,4.046920540912970409e+03,1.998320095642700167e+01
8.699869986998700711e+01,4.046902361871559151e+03,1.998320097030911668e+01
8.700870087008701148e+01,4.046887728425905152e+03,1.998320098168426640e+01
8.701870187018701586e+01,4.046876718072570839e+03,1.998320099049824350e+01
8.702870287028703444e+01,4.046869408857722192e+03,1.998320099669644989e+01
8.703870387038703882e+01,4.046865879377125111e+03,1.998320100022392154e+01
8.704870487048705741e+01,4.046866208776146777e+03,1.998320100102529651e+01
8.705870587058706178e+01,4.046870476749757472e+03,1.998320099904483271e+01
8.706870687068706616e+01,4.046878763542526031e+03,1.998320099422641505e+01
8.707870787078708474e+01,4.046891149948624843e+03,1.998320098651353760e+01
8.708870887088708912e+01,4.046907717311826218e+03,1.998320097584930721e+01
8.709870987098710771e+01,4.046928547525504655e+03,1.998320096217646125e+01
8.710871087108711208e+01,4.046953723032635480e+03,1.998320094543734271e+01
8.711871187118711646e+01,4.046983326825794848e+03,1.998320092557391447e+01
8.712871287128713504e+01,4.047017442447162011e+03,1.998320090252776282e+01
8.713871387138713942e+01,4.047056153988514779e+03,1.998320087624008679e+01
8.714871487148715801e+01,4.047099546091234970e+03,1.998320084665169816e+01
8.715871587158716238e+01,4.047147703946304318e+03,1.998320081370303569e+01
8.716871687168716676e+01,4.047200713294305388e+03,1.998320077733414735e+01
8.717871787178718535e+01,4.047258660425423386e+03,1.998320073748469738e+01
8.718871887188718972e+01,4.047321632179443441e+03,1.998320069409398059e+01
8.719871987198720831e+01,4.047389664322724002e+03,1.998320064713792377e+01
8.720872087208721268e+01,4.047460811537093377e+03,1.998320059801284643e+01
8.721872187218721706e+01,4.047533996549822859e+03,1.998320054749051167e+01
8.722872287228723565e+01,4.047609149670992338e+03,1.998320049561961653e+01
8.723872387238724002e+01,4.047686201831906601e+03,1.998320044244843174e+01
8.724872487248725861e+01,4.047765084585094428e+03,1.998320038802477328e+01
8.725872587258726298e+01,4.047845730104307677e+03,1.998320033239603433e+01
8.726872687268726736e+01,4.047928071184523105e+03,1.998320027560916401e+01
8.727872787278728595e+01,4.048012041241942370e+03,1.998320021771067800e+01
8.728872887288729032e+01,4.048097574313989298e+03,1.998320015874665856e+01
8.729872987298730891e+01,4.048184605059313526e+03,1.998320009876274028e+01
8.730873087308731328e+01,4.048273068757787314e+03,1.998320003780413501e+01
8.731873187318731766e+01,4.048362901310508732e+03,1.998319997591560337e+01
8.732873287328733625e+01,4.048454039239798021e+03,1.998319991314147970e+01
8.733873387338734062e+01,4.048546419689200775e+03,1.998319984952565775e+01
8.734873487348735921e+01,4.048639980423486577e+03,1.998319978511159434e+01
8.735873587358736359e+01,4.048734659828648546e+03,1.998319971994231281e+01
8.736873687368736796e+01,4.048830396911904700e+03,1.998319965406039245e+01
8.737873787378738655e+01,4.048927131301695681e+03,1.998319958750798619e+01
8.738873887388739092e+01,4.049024803247687942e+03,1.998319952032679936e+01
8.739873987398740951e+01,4.049123353620771468e+03,1.998319945255810381e+01
8.740874087408741389e+01,4.049222723913059326e+03,1.998319938424274156e+01
8.741874187418741826e+01,4.049322856237889482e+03,1.998319931542111050e+01
8.742874287428743685e+01,4.049423693329824800e+03,1.998319924613317511e+01
8.743874387438744122e+01,4.049525178544650771e+03,1.998319917641845578e+01
8.744874487448745981e+01,4.049627255859377783e+03,1.998319910631605012e+01
8.745874587458746419e+01,4.049729869872239760e+03,1.998319903586460455e+01
8.746874687468746856e+01,4.049832965802695526e+03,1.998319896510233562e+01
8.747874787478748715e+01,4.049936489491427437e+03,1.998319889406702643e+01
8.748874887488749152e+01,4.050040387400341842e+03,1.998319882279601245e+01
8.749874987498751011e+01,4.050144606612569078e+03,1.998319875132620638e+01
8.750875087508751449e+01,4.050249094832464380e+03,1.998319867969407682e+01
8.751875187518751886e+01,4.050353800385606519e+03,1.998319860793564828e+01
8.752875287528753745e+01,4.050458672218797801e+03,1.998319853608652252e+01
8.753875387538754183e+01,4.050563659900065886e+03,1.998319846418185719e+01
8.754875487548754620e+01,4.050668713618661059e+03,1.998319839225636940e+01
8.755875587558756479e+01,4.050773784185058958e+03,1.998319832034434995e+01
8.756875687568756916e+01,4.050878823030958756e+03,1.998319824847964554e+01
8.757875787578758775e+01,4.050983782209283618e+03,1.998319817669566234e+01
8.758875887588759213e+01,4.051088614394180695e+03,1.998319810502538019e+01
8.759875987598759650e+01,4.051193272881022040e+03,1.998319803350133128e+01
8.760876087608761509e+01,4.051297711586402784e+03,1.998319796215562150e+01
8.761876187618761946e+01,4.051401885048142503e+03,1.998319789101991617e+01
8.762876287628763805e+01,4.051505748425285219e+03,1.998319782012543655e+01
8.763876387638764243e+01,4.051609257498098032e+03,1.998319774950297756e+01
8.764876487648764680e+01,4.051712368668073395e+03,1.998319767918289003e+01
8.765876587658766539e+01,4.051815038957927300e+03,1.998319760919509491e+01
8.766876687668766976e+01,4.051917226011599723e+03,1.998319753956906553e+01
8.767876787678768835e+01,4.052018888094254635e+03,1.998319747033385241e+01
8.768876887688769273e+01,4.052119984092280447e+03,1.998319740151805490e+01
8.769876987698769710e+01,4.052220473513289107e+03,1.998319733314984958e+01
8.770877087708771569e+01,4.052320316486117918e+03,1.998319726525696893e+01
8.771877187718772007e+01,4.052419473760825895e+03,1.998319719786670134e+01
8.772877287728773865e+01,4.052517906708698774e+03,1.998319713100591599e+01
8.773877387738774303e+01,4.052615577322244462e+03,1.998319706470102730e+01
8.774877487748774740e+01,4.052712448215196218e+03,1.998319699897802337e+01
8.775877587758776599e+01,4.052808482622510837e+03,1.998319693386245888e+01
8.776877687768777037e+01,4.052903644400368648e+03,1.998319686937943729e+01
8.777877787778778895e+01,4.052997898026174880e+03,1.998319680555363931e+01
8.778877887788779333e+01,4.053091208598558751e+03,1.998319674240930155e+01
8.779877987798779770e+01,4.053183541837373468e+03,1.998319667997022719e+01
8.780878087808781629e+01,4.053274864083696229e+03,1.998319661825978244e+01
8.781878187818782067e+01,4.053365142299828221e+03,1.998319655730089295e+01
8.782878287828783925e+01,4.053454344069294621e+03,1.998319649711604740e+01
8.783878387838784363e+01,4.053542437596845502e+03,1.998319643772730814e+01
8.784878487848784800e+01,4.053629391708453568e+03,1.998319637915628277e+01
8.785878587858786659e+01,4.053715175851317326e+03,1.998319632142416324e+01
8.786878687868787097e+01,4.053799760093858367e+03,1.998319626455168674e+01
8.787878787878788955e+01,4.053883115125721815e+03,1.998319620855916412e+01
8.788878887888789393e+01,4.053965212257778148e+03,1.998319615346646216e+01
8.789878987898789831e+01,4.054046023422121380e+03,1.998319609929302132e+01
8.790879087908791689e+01,4.054125521172069512e+03,1.998319604605783084e+01
8.791879187918792127e+01,4.054203678682164536e+03,1.998319599377945366e+01
8.792879287928793985e+01,4.054280469748172891e+03,1.998319594247601927e+01
8.793879387938794423e+01,4.054355868787084546e+03,1.998319589216520598e+01
8.794879487948794861e+01,4.054429850837114373e+03,1.998319584286426931e+01
8.795879587958796719e+01,4.054502391557700776e+03,1.998319579459001716e+01
8.796879687968797157e+01,4.054573467229506150e+03,1.998319574735883108e+01
8.797879787978799015e+01,4.054643054754417335e+03,1.998319570118664856e+01
8.798879887988799453e+01,4.054711131655544705e+03,1.998319565608897364e+01
8.799879987998799891e+01,4.054777676077223077e+03,1.998319561208086981e+01
8.800880088008801749e+01,4.054842666785012170e+03,1.998319556917696715e+01
8.801880188018802187e+01,4.054906083165694326e+03,1.998319552739145522e+01
8.802880288028802624e+01,4.054967905227276333e+03,1.998319548673809720e+01
8.803880388038804483e+01,4.055028113598990331e+03,1.998319544723020513e+01
8.804880488048804921e+01,4.055086689531290631e+03,1.998319540888066470e+01
8.805880588058806779e+01,4.055143614895857354e+03,1.998319537170192106e+01
8.806880688068807217e+01,4.055198872185593245e+03,1.998319533570597883e+01
8.807880788078807655e+01,4.055252444514625950e+03,1.998319530090441276e+01
8.808880888088809513e+01,4.055304315618307555e+03,1.998319526730835705e+01
8.809880988098809951e+01,4.055354469853213232e+03,1.998319523492850891e+01
8.810881088108811809e+01,4.055402892197142592e+03,1.998319520377513214e+01
8.811881188118812247e+01,4.055449568249120148e+03,1.998319517385805000e+01
8.812881288128812685e+01,4.055494484229393038e+03,1.998319514518664519e+01
8.813881388138814543e+01,4.055537626979433753e+03,1.998319511776987767e+01
8.814881488148814981e+01,4.055578983961938775e+03,1.998319509161625618e+01
8.815881588158816839e+01,4.055618543260827209e+03,1.998319506673385959e+01
8.816881688168817277e+01,4.055656293581244427e+03,1.998319504313032624e+01
8.817881788178817715e+01,4.055692224249557967e+03,1.998319502081286103e+01
8.818881888188819573e+01,4.055726325213360724e+03,1.998319499978823188e+01
8.819881988198820011e+01,4.055758587041468672e+03,1.998319498006276973e+01
8.820882088208821870e+01,4.055789000923923140e+03,1.998319496164236497e+01
8.821882188218822307e+01,4.055817558671988536e+03,1.998319494453247458e+01
8.822882288228822745e+01,4.055844252718153257e+03,1.998319492873811853e+01
8.823882388238824603e+01,4.055869076116130600e+03,1.998319491426388339e+01
8.824882488248825041e+01,4.055892022540857397e+03,1.998319490111391161e+01
8.825882588258826900e+01,4.055913086288494924e+03,1.998319488929191579e+01
8.826882688268827337e+01,4.055932262276427991e+03,1.998319487880116441e+01
8.827882788278827775e+01,4.055949546043265400e+03,1.998319486964449254e+01
8.828882888288829633e+01,4.055964933748840849e+03,1.998319486182430538e+01
8.829882988298830071e+01,4.055978422174212028e+03,1.998319485534256046e+01
8.830883088308831930e+01,4.055990008721659706e+03,1.998319485020078545e+01
8.831883188318832367e+01,4.055999691414690005e+03,1.998319484640006749e+01
8.832883288328832805e+01,4.056007468898032130e+03,1.998319484394106027e+01
8.833883388338834664e+01,4.056013340437640181e+03,1.998319484282397340e+01
8.834883488348835101e+01,4.056017305920691342e+03,1.998319484304859373e+01
8.835883588358836960e+01,4.056019365855588148e+03,1.998319484461425688e+01
8.836883688368837397e+01,4.056019521371956216e+03,1.998319484751986863e+01
8.837883788378837835e+01,4.056017774220645151e+03,1.998319485176389776e+01
8.838883888388839694e+01,4.056014126773729913e+03,1.998319485734437606e+01
8.839883988398840131e+01,4.056008582024508087e+03,1.998319486425889480e+01
8.840884088408841990e+01,4.056001143587502611e+03,1.998319487250461179e+01
8.841884188418842427e+01,4.055991815698459050e+03,1.998319488207825145e+01
8.842884288428842865e+01,4.055980603214348321e+03,1.998319489297609763e+01
8.843884388438844724e+01,4.055967511613364877e+03,1.998319490519399366e+01
8.844884488448845161e+01,4.055952546994927616e+03,1.998319491872735298e+01
8.845884588458847020e+01,4.055935716079678514e+03,1.998319493357114496e+01
8.846884688468847457e+01,4.055917026209485357e+03,1.998319494971991261e+01
8.847884788478847895e+01,4.055896485347438102e+03,1.998319496716775134e+01
8.848884888488849754e+01,4.055874102077852058e+03,1.998319498590832666e+01
8.849884988498850191e+01,4.055849885606266525e+03,1.998319500593486353e+01
8.850885088508850629e+01,4.055823845759444794e+03,1.998319502724015351e+01
8.851885188518852488e+01,4.055795992985373232e+03,1.998319504981654404e+01
8.852885288528852925e+01,4.055766338353264018e+03,1.998319507365595982e+01
8.853885388538854784e+01,4.055734893553551956e+03,1.998319509874987432e+01
8.854885488548855221e+01,4.055701670897896747e+03,1.998319512508933116e+01
8.855885588558855659e+01,4.055666683319181629e+03,1.998319515266493340e+01
8.856885688568857518e+01,4.055629944371514739e+03,1.998319518146685425e+01
8.857885788578857955e+01,4.055591468230227747e+03,1.998319521148482636e+01
8.858885888588859814e+01,4.055551269691876314e+03,1.998319524270813830e+01
8.859885988598860251e+01,4.055509364174240091e+03,1.998319527512565585e+01
8.860886088608860689e+01,4.055465767716323626e+03,1.998319530872579719e+01
8.861886188618862548e+01,4.055420496978354549e+03,1.998319534349655058e+01
8.862886288628862985e+01,4.055373569241784935e+03,1.998319537942546020e+01
8.863886388638864844e+01,4.055325002409291301e+03,1.998319541649963682e+01
8.864886488648865281e+01,4.055274815004773700e+03,1.998319545470575775e+01
8.865886588658865719e+01,4.055223026173357084e+03,1.998319549403005979e+01
8.866886688668867578e+01,4.055169655681389031e+03,1.998319553445834629e+01
8.867886788678868015e+01,4.055114723916442927e+03,1.998319557597597651e+01
8.868886888688869874e+01,4.055058251887314782e+03,1.998319561856788340e+01
8.869886988698870312e+01,4.055000261224025962e+03,1.998319566221855226e+01
8.870887088708870749e+01,4.054940774177820458e+03,1.998319570691203850e+01
8.871887188718872608e+01,4.054879813621168068e+03,1.998319575263196057e+01
8.872887288728873045e+01,4.054817403047761672e+03,1.998319579936149992e+01
8.873887388738874904e+01,4.054753566572517684e+03,1.998319584708339747e+01
8.874887488748875342e+01,4.054688328931577416e+03,1.998319589577996069e+01
8.875887588758875779e+01,4.054621715482307081e+03,1.998319594543305655e+01
8.876887688768877638e+01,4.054553752203294607e+03,1.998319599602412566e+01
8.877887788778878075e+01,4.054484465694354185e+03,1.998319604753415746e+01
8.878887888788879934e+01,4.054413883176523541e+03,1.998319609994371149e+01
8.879887988798880372e+01,4.054342032492063481e+03,1.998319615323291387e+01
8.880888088808880809e+01,4.054268942104460621e+03,1.998319620738145019e+01
8.881888188818882668e+01,4.054194641098423745e+03,1.998319626236856550e+01
8.882888288828883105e+01,4.054119159179886992e+03,1.998319631817307851e+01
8.883888388838884964e+01,4.054042526676008492e+03,1.998319637477336030e+01
8.884888488848885402e+01,4.053964774535170363e+03,1.998319643214734853e+01
8.885888588858885839e+01,4.053885934326978713e+03,1.998319649027254741e+01
8.886888688868887698e+01,4.053806038242263185e+03,1.998319654912602417e+01
8.887888788878888136e+01,4.053725119093078320e+03,1.998319660868440550e+01
8.888888888888889994e+01,4.053643210312702195e+03,1.998319666892387758e+01
8.889888988898890432e+01,4.053560345955638240e+03,1.998319672982020379e+01
8.890889088908890869e+01,4.053476560697611603e+03,1.998319679134869631e+01
8.891889188918892728e+01,4.053391889835573693e+03,1.998319685348424102e+01
8.892889288928893166e+01,4.053306369287698999e+03,1.998319691620127969e+01
8.893889388938895024e+01,4.053220035593386456e+03,1.998319697947381712e+01
8.894889488948895462e+01,4.053132925913258532e+03,1.998319704327542823e+01
8.895889588958895899e+01,4.053045078029162596e+03,1.998319710757924383e+01
8.896889688968897758e+01,4.052956530344169096e+03,1.998319717235796489e+01
8.897889788978898196e+01,4.052867321882573833e+03,1.998319723758385180e+01
8.898889888988898633e+01,4.052777492289895690e+03,1.998319730322872445e+01
8.899889988998900492e+01,4.052687081832877539e+03,1.998319736926396928e+01
8.900890089008900929e+01,4.052596131399487149e+03,1.998319743566054285e+01
8.901890189018902788e+01,4.052504682498915372e+03,1.998319750238895054e+01
8.902890289028903226e+01,4.052412777261578867e+03,1.998319756941927494e+01
8.903890389038903663e+01,4.052320458439116464e+03,1.998319763672115457e+01
8.904890489048905522e+01,4.052227769404391893e+03,1.998319770426379094e+01
8.905890589058905960e+01,4.052134754151493325e+03,1.998319777201594860e+01
8.906890689068907818e+01,4.052041457295732016e+03,1.998319783994595866e+01
8.907890789078908256e+01,4.051947924073644117e+03,1.998319790802171525e+01
8.908890889088908693e+01,4.051854200342989770e+03,1.998319797621067195e+01
8.909890989098910552e+01,4.051760332582753108e+03,1.998319804447984893e+01
8.910891089108910990e+01,4.051666367893142251e+03,1.998319811279582936e+01
8.911891189118912848e+01,4.051572353995589310e+03,1.998319818112475588e+01
8.912891289128913286e+01,4.051478339232751296e+03,1.998319824943233769e+01
8.913891389138913723e+01,4.051384372568508297e+03,1.998319831768384702e+01
8.914891489148915582e+01,4.051290503587963940e+03,1.998319838584411912e+01
8.915891589158916020e+01,4.051196782497448567e+03,1.998319845387755578e+01
8.916891689168917878e+01,4.051103260124513326e+03,1.998319852174811118e+01
8.917891789178918316e+01,4.051009987917935632e+03,1.998319858941931315e+01
8.918891889188918753e+01,4.050917017947716886e+03,1.998319865685425256e+01
8.919891989198920612e+01,4.050824402905081115e+03,1.998319872401557618e+01
8.920892089208921050e+01,4.050732196102477701e+03,1.998319879086550088e+01
8.921892189218922908e+01,4.050640451473580015e+03,1.998319885736579948e+01
8.922892289228923346e+01,4.050549223573284962e+03,1.998319892347782201e+01
8.923892389238923784e+01,4.050458567577714348e+03,1.998319898916246373e+01
8.924892489248925642e+01,4.050368539284212602e+03,1.998319905438019362e+01
8.925892589258926080e+01,4.050279195111349964e+03,1.998319911909104363e+01
8.926892689268927938e+01,4.050190592098919751e+03,1.998319918325460876e+01
8.927892789278928376e+01,4.050102787907939728e+03,1.998319924683004345e+01
8.928892889288928814e+01,4.050015840820651192e+03,1.998319930977606518e+01
8.929892989298930672e+01,4.049929809740520341e+03,1.998319937205096508e+01
8.930893089308931110e+01,4.049844754192236906e+03,1.998319943361257955e+01
8.931893189318932968e+01,4.049760734321715063e+03,1.998319949441832577e+01
8.932893289328933406e+01,4.049677810896092524e+03,1.998319955442516971e+01
8.933893389338933844e+01,4.049596045303731898e+03,1.998319961358965458e+01
8.934893489348935702e+01,4.049515499554218877e+03,1.998319967186787594e+01
8.935893589358936140e+01,4.049436236278364049e+03,1.998319972921549592e+01
8.936893689368937999e+01,4.049358318728201539e+03,1.998319978558773968e+01
8.937893789378938436e+01,4.049281810776989914e+03,1.998319984093939894e+01
8.938893889388938874e+01,4.049206776919212189e+03,1.998319989522482132e+01
8.939893989398940732e+01,4.049133282270574455e+03,1.998319994839792457e+01
8.940894089408941170e+01,4.049061392568007705e+03,1.998320000041218947e+01
8.941894189418943029e+01,4.048991174169666920e+03,1.998320005122065623e+01
8.942894289428943466e+01,4.048922694054930162e+03,1.998320010077592457e+01
8.943894389438943904e+01,4.048856019824401756e+03,1.998320014903017139e+01
8.944894489448945762e+01,4.048791219699907288e+03,1.998320019593511887e+01
8.945894589458946200e+01,4.048728362524499062e+03,1.998320024144206997e+01
8.946894689468946638e+01,4.048667517762452007e+03,1.998320028550187644e+01
8.947894789478948496e+01,4.048608755499265044e+03,1.998320032806496016e+01
8.948894889488948934e+01,4.048552146441661989e+03,1.998320036908130604e+01
8.949894989498950792e+01,4.048497761917590196e+03,1.998320040850046198e+01
8.950895089508951230e+01,4.048445673876221008e+03,1.998320044627153891e+01
8.951895189518951668e+01,4.048395954887950666e+03,1.998320048234321078e+01
8.952895289528953526e+01,4.048348678144398036e+03,1.998320051666371100e+01
8.953895389538953964e+01,4.048303917458407795e+03,1.998320054918084665e+01
8.954895489548955823e+01,4.048261747264047699e+03,1.998320057984197362e+01
8.955895589558956260e+01,4.048222242616609492e+03,1.998320060859402147e+01
8.956895689568956698e+01,4.048185479192608909e+03,1.998320063538347924e+01
8.957895789578958556e+01,4.048151533289786585e+03,1.998320066015640251e+01
8.958895889588958994e+01,4.048120481827107142e+03,1.998320068285840279e+01
8.959895989598960853e+01,4.048092402344757829e+03,1.998320070343466526e+01
8.960896089608961290e+01,4.048067373004152159e+03,1.998320072182993101e+01
8.961896189618961728e+01,4.048045472587925815e+03,1.998320073798850061e+01
8.962896289628963586e+01,4.048026780499940287e+03,1.998320075185425182e+01
8.963896389638964024e+01,4.048011376765279238e+03,1.998320076337060769e+01
8.964896489648965883e+01,4.047999342030251682e+03,1.998320077248056847e+01
8.965896589658966320e+01,4.047990757562391082e+03,1.998320077912669390e+01
8.966896689668966758e+01,4.047985705250453520e+03,1.998320078325110671e+01
8.967896789678968616e+01,4.047984267604420893e+03,1.998320078479548556e+01
8.968896889688969054e+01,4.047986527755497264e+03,1.998320078370108632e+01
8.969896989698970913e+01,4.047992569456112506e+03,1.998320077990871724e+01
8.970897089708971350e+01,4.048002477079919572e+03,1.998320077335874956e+01
8.971897189718971788e+01,4.048016335621796316e+03,1.998320076399112821e+01
8.972897289728973647e+01,4.048034230697843668e+03,1.998320075174534693e+01
8.973897389738974084e+01,4.048056248545387007e+03,1.998320073656047668e+01
8.974897489748975943e+01,4.048082476022976152e+03,1.998320071837514078e+01
8.975897589758976380e+01,4.048113000610384915e+03,1.998320069712752911e+01
8.976897689768976818e+01,4.048147910408611096e+03,1.998320067275540168e+01
8.977897789778978677e+01,4.048187294139876485e+03,1.998320064519607087e+01
8.978897889788979114e+01,4.048231241147626861e+03,1.998320061438641559e+01
8.979897989798980973e+01,4.048279841396531992e+03,1.998320058026288493e+01
8.980898089808981410e+01,4.048333185472486548e+03,1.998320054276148028e+01
8.981898189818981848e+01,4.048390763636156407e+03,1.998320050224787536e+01
8.982898289828983707e+01,4.048449832736433564e+03,1.998320046068576872e+01
8.983898389838984144e+01,4.048510003735277223e+03,1.998320041835339467e+01
8.984898489848986003e+01,4.048571231872510452e+03,1.998320037528255000e+01
8.985898589858986441e+01,4.048633472817303300e+03,1.998320033150472952e+01
8.986898689868986878e+01,4.048696682668171889e+03,1.998320028705111895e+01
8.987898789878988737e+01,4.048760817952979323e+03,1.998320024195260203e+01
8.988898889888989174e+01,4.048825835628933419e+03,1.998320019623974630e+01
8.989898989898991033e+01,4.048891693082589427e+03,1.998320014994282801e+01
8.990899089908991471e+01,4.048958348129849128e+03,1.998320010309180006e+01
8.991899189918991908e+01,4.049025759015959466e+03,1.998320005571632052e+01
8.992899289928993767e+01,4.049093884415514822e+03,1.998320000784573836e+01
8.993899389938994204e+01,4.049162683432455196e+03,1.998319995950909345e+01
8.994899489948994642e+01,4.049232115600066663e+03,1.998319991073512369e+01
8.995899589958996501e+01,4.049302140880982734e+03,1.998319986155225791e+01
8.996899689968996938e+01,4.049372719667181627e+03,1.998319981198861583e+01
8.997899789978998797e+01,4.049443812779989457e+03,1.998319976207201520e+01
8.998899889988999234e+01,4.049515381470077045e+03,1.998319971182996468e+01
8.999899989998999672e+01,4.049587387417462651e+03,1.998319966128967096e+01
9.000900090009001531e+01,4.049659792731510606e+03,1.998319961047802806e+01
9.001900190019001968e+01,4.049732559950930863e+03,1.998319955942162807e+01
9.002900290029003827e+01,4.049805652043780810e+03,1.998319950814675394e+01
9.003900390039004265e+01,4.049879032407463001e+03,1.998319945667938313e+01
9.004900490049004702e+01,4.049952664868726970e+03,1.998319940504518755e+01
9.005900590059006561e+01,4.050026513683668327e+03,1.998319935326953356e+01
9.006900690069006998e+01,4.050100543537728754e+03,1.998319930137747491e+01
9.007900790079008857e+01,4.050174719545696462e+03,1.998319924939377046e+01
9.008900890089009295e+01,4.050249007251706189e+03,1.998319919734286287e+01
9.009900990099009732e+01,4.050323372629238293e+03,1.998319914524888929e+01
9.010901090109011591e+01,4.050397782081120113e+03,1.998319909313568488e+01
9.011901190119012028e+01,4.050472202439524608e+03,1.998319904102677569e+01
9.012901290129013887e+01,4.050546600965972175e+03,1.998319898894538227e+01
9.013901390139014325e+01,4.050620945351327464e+03,1.998319893691441607e+01
9.014901490149014762e+01,4.050695203715803927e+03,1.998319888495648655e+01
9.015901590159016621e+01,4.050769344608959273e+03,1.998319883309389411e+01
9.016901690169017058e+01,4.050843337009698644e+03,1.998319878134863359e+01
9.017901790179018917e+01,4.050917150326272804e+03,1.998319872974239075e+01
9.018901890189019355e+01,4.050990754396278589e+03,1.998319867829654584e+01
9.019901990199019792e+01,4.051064119486660729e+03,1.998319862703218064e+01
9.020902090209021651e+01,4.051137216293708661e+03,1.998319857597006077e+01
9.021902190219022089e+01,4.051210015943058352e+03,1.998319852513064276e+01
9.022902290229023947e+01,4.051282489989692294e+03,1.998319847453409182e+01
9.023902390239024385e+01,4.051354610417939057e+03,1.998319842420024983e+01
9.024902490249024822e+01,4.051426349641474189e+03,1.998319837414866740e+01
9.025902590259026681e+01,4.051497680503318861e+03,1.998319832439857535e+01
9.026902690269027119e+01,4.051568576275840769e+03,1.998319827496890255e+01
9.027902790279028977e+01,4.051639010660753684e+03,1.998319822587827943e+01
9.028902890289029415e+01,4.051708957789117449e+03,1.998319817714502022e+01
9.029902990299029852e+01,4.051778392221338891e+03,1.998319812878713364e+01
9.030903090309031711e+01,4.051847288947170910e+03,1.998319808082232640e+01
9.031903190319032149e+01,4.051915623385712479e+03,1.998319803326799615e+01
9.032903290329034007e+01,4.051983371385409100e+03,1.998319798614123499e+01
9.033903390339034445e+01,4.052050509224051439e+03,1.998319793945883305e+01
9.034903490349034882e+01,4.052117013608778507e+03,1.998319789323726070e+01
9.035903590359036741e+01,4.052182861676074026e+03,1.998319784749269346e+01
9.036903690369037179e+01,4.052248030991768701e+03,1.998319780224100128e+01
9.037903790379039037e+01,4.052312499551038854e+03,1.998319775749774152e+01
9.038903890389039475e+01,4.052376245778407792e+03,1.998319771327816596e+01
9.039903990399039913e+01,4.052439248527745349e+03,1.998319766959722443e+01
9.040904090409041771e+01,4.052501487082266522e+03,1.998319762646955411e+01
9.041904190419042209e+01,4.052562941154532837e+03,1.998319758390949374e+01
9.042904290429042646e+01,4.052623590886453712e+03,1.998319754193106590e+01
9.043904390439044505e+01,4.052683416849282821e+03,1.998319750054799471e+01
9.044904490449044943e+01,4.052742400043620819e+03,1.998319745977369521e+01
9.045904590459046801e+01,4.052800521899414889e+03,1.998319741962127338e+01
9.046904690469047239e+01,4.052857764275958743e+03,1.998319738010353319e+01
9.047904790479047676e+01,4.052914109461891712e+03,1.998319734123297309e+01
9.048904890489049535e+01,4.052969540175200109e+03,1.998319730302177533e+01
9.049904990499049973e+01,4.053024039563215410e+03,1.998319726548183084e+01
9.050905090509051831e+01,4.053077591202616532e+03,1.998319722862471082e+01
9.051905190519052269e+01,4.053130179099428460e+03,1.998319719246168447e+01
9.052905290529052706e+01,4.053181787689021803e+03,1.998319715700371901e+01
9.053905390539054565e+01,4.053232401836113695e+03,1.998319712226146905e+01
9.054905490549055003e+01,4.053282006834768708e+03,1.998319708824528718e+01
9.055905590559056861e+01,4.053330588408396125e+03,1.998319705496521692e+01
9.056905690569057299e+01,4.053378132709752208e+03,1.998319702243099627e+01
9.057905790579057737e+01,4.053424626320939751e+03,1.998319699065205768e+01
9.058905890589059595e+01,4.053470056253407165e+03,1.998319695963752096e+01
9.059905990599060033e+01,4.053514409947949389e+03,1.998319692939621461e+01
9.060906090609061891e+01,4.053557675274708345e+03,1.998319689993664028e+01
9.061906190619062329e+01,4.053599840533171118e+03,1.998319687126701538e+01
9.062906290629062767e+01,4.053640894452171779e+03,1.998319684339522695e+01
9.063906390639064625e+01,4.053680826189890922e+03,1.998319681632887779e+01
9.064906490649065063e+01,4.053719625333854310e+03,1.998319679007525096e+01
9.065906590659066921e+01,4.053757281900935595e+03,1.998319676464132399e+01
9.066906690669067359e+01,4.053793786337353140e+03,1.998319674003377600e+01
9.067906790679067797e+01,4.053829129518672744e+03,1.998319671625896987e+01
9.068906890689069655e+01,4.053863302749805825e+03,1.998319669332297011e+01
9.069906990699070093e+01,4.053896297765010331e+03,1.998319667123153209e+01
9.070907090709071952e+01,4.053928106727890736e+03,1.998319664999009859e+01
9.071907190719072389e+01,4.053958722231397132e+03,1.998319662960381393e+01
9.072907290729072827e+01,4.053988137297826597e+03,1.998319661007751691e+01
9.073907390739074685e+01,4.054016345378822280e+03,1.998319659141573368e+01
9.074907490749075123e+01,4.054043340355372948e+03,1.998319657362268487e+01
9.075907590759076982e+01,4.054069116537814807e+03,1.998319655670228912e+01
9.076907690769077419e+01,4.054093668665829682e+03,1.998319654065815598e+01
9.077907790779077857e+01,4.054116991908445925e+03,1.998319652549358949e+01
9.078907890789079715e+01,4.054139081864037962e+03,1.998319651121158458e+01
9.079907990799080153e+01,4.054159934560326292e+03,1.998319649781483065e+01
9.080908090809082012e+01,4.054179546454378396e+03,1.998319648530571868e+01
9.081908190819082449e+01,4.054197914432607377e+03,1.998319647368631635e+01
9.082908290829082887e+01,4.054215035810772861e+03,1.998319646295840357e+01
9.083908390839084745e+01,4.054230908333981006e+03,1.998319645312344051e+01
9.084908490849085183e+01,4.054245530176683587e+03,1.998319644418258534e+01
9.085908590859087042e+01,4.054258899942679818e+03,1.998319643613669427e+01
9.086908690869087479e+01,4.054271016665114075e+03,1.998319642898630732e+01
9.087908790879087917e+01,4.054281879806477264e+03,1.998319642273166963e+01
9.088908890889089776e+01,4.054291489258607271e+03,1.998319641737271013e+01
9.089908990899090213e+01,4.054299845342687604e+03,1.998319641290905579e+01
9.090909090909090651e+01,4.054306948809247842e+03,1.998319640934002805e+01
9.091909190919092509e+01,4.054312800838164549e+03,1.998319640666463570e+01
9.092909290929092947e+01,4.054317403038659904e+03,1.998319640488159266e+01
9.093909390939094806e+01,4.054320757449303528e+03,1.998319640398929664e+01
9.094909490949095243e+01,4.054322866538009293e+03,1.998319640398583985e+01
9.095909590959095681e+01,4.054323733202039421e+03,1.998319640486901605e+01
9.096909690969097539e+01,4.054323360768001294e+03,1.998319640663629926e+01
9.097909790979097977e+01,4.054321752991849280e+03,1.998319640928486862e+01
9.098909890989099836e+01,4.054318914058882910e+03,1.998319641281159420e+01
9.099909990999100273e+01,4.054314848583749153e+03,1.998319641721303697e+01
9.100910091009100711e+01,4.054309561610441051e+03,1.998319642248544881e+01
9.101910191019102569e+01,4.054303058612296809e+03,1.998319642862478673e+01
9.102910291029103007e+01,4.054295345492002525e+03,1.998319643562668801e+01
9.103910391039104866e+01,4.054286428581589917e+03,1.998319644348649149e+01
9.104910491049105303e+01,4.054276314642436773e+03,1.998319645219922691e+01
9.105910591059105741e+01,4.054265010865266959e+03,1.998319646175961850e+01
9.106910691069107600e+01,4.054252524870151319e+03,1.998319647216208494e+01
9.107910791079108037e+01,4.054238864706507229e+03,1.998319648340073229e+01
9.108910891089109896e+01,4.054224038853096772e+03,1.998319649546937171e+01
9.109910991099110333e+01,4.054208056218029924e+03,1.998319650836149819e+01
9.110911091109110771e+01,4.054190926138761824e+03,1.998319652207030117e+01
9.111911191119112630e+01,4.054172658382095506e+03,1.998319653658866812e+01
9.112911291129113067e+01,4.054153263144178254e+03,1.998319655190918098e+01
9.113911391139114926e+01,4.054132751050504794e+03,1.998319656802410904e+01
9.114911491149115363e+01,4.054111133155915923e+03,1.998319658492541606e+01
9.115911591159115801e+01,4.054088420944598965e+03,1.998319660260476738e+01
9.116911691169117660e+01,4.054064626330087322e+03,1.998319662105351213e+01
9.117911791179118097e+01,4.054039761655260463e+03,1.998319664026270104e+01
9.118911891189119956e+01,4.054013839692344391e+03,1.998319666022306862e+01
9.119911991199120394e+01,4.053986873642911178e+03,1.998319668092505452e+01
9.120912091209120831e+01,4.053958877137879881e+03,1.998319670235878576e+01
9.121912191219122690e+01,4.053929864237515176e+03,1.998319672451408024e+01
9.122912291229123127e+01,4.053899849431427810e+03,1.998319674738045393e+01
9.123912391239124986e+01,4.053868847638575062e+03,1.998319677094711722e+01
9.124912491249125424e+01,4.053836874207261189e+03,1.998319679520297143e+01
9.125912591259125861e+01,4.053803944915136071e+03,1.998319682013661236e+01
9.126912691269127720e+01,4.053770075969195659e+03,1.998319684573632671e+01
9.127912791279128157e+01,4.053735284005782432e+03,1.998319687199009920e+01
9.128912891289130016e+01,4.053699586090585854e+03,1.998319689888560902e+01
9.129912991299130454e+01,4.053662999718640094e+03,1.998319692641021916e+01
9.130913091309130891e+01,4.053625542814327218e+03,1.998319695455100131e+01
9.131913191319132750e+01,4.053587233731374909e+03,1.998319698329470384e+01
9.132913291329133187e+01,4.053548091252856466e+03,1.998319701262778736e+01
9.133913391339135046e+01,4.053508134591193084e+03,1.998319704253638562e+01
9.134913491349135484e+01,4.053467383388150665e+03,1.998319707300634818e+01
9.135913591359135921e+01,4.053425857714842550e+03,1.998319710402319416e+01
9.136913691369137780e+01,4.053383578071727243e+03,1.998319713557215849e+01
9.137913791379138218e+01,4.053340565388610685e+03,1.998319716763815634e+01
9.138913891389138655e+01,4.053296841024643982e+03,1.998319720020579737e+01
9.139913991399140514e+01,4.053252426768325677e+03,1.998319723325939279e+01
9.140914091409140951e+01,4.053207344837499932e+03,1.998319726678293762e+01
9.141914191419142810e+01,4.053161617879356982e+03,1.998319730076012490e+01
9.142914291429143248e+01,4.053115268970434045e+03,1.998319733517434216e+01
9.143914391439143685e+01,4.053068321616613957e+03,1.998319737000867491e+01
9.144914491449145544e+01,4.053020799753126084e+03,1.998319740524588894e+01
9.145914591459145981e+01,4.052972727744546319e+03,1.998319744086845517e+01
9.146914691469147840e+01,4.052924130384796626e+03,1.998319747685853187e+01
9.147914791479148278e+01,4.052875032897145047e+03,1.998319751319797888e+01
9.148914891489148715e+01,4.052825460934206603e+03,1.998319754986834340e+01
9.149914991499150574e+01,4.052775440577941481e+03,1.998319758685086356e+01
9.150915091509151011e+01,4.052724998339657759e+03,1.998319762412647549e+01
9.151915191519152870e+01,4.052674161160007770e+03,1.998319766167580980e+01
9.152915291529153308e+01,4.052622956408991740e+03,1.998319769947918800e+01
9.153915391539153745e+01,4.052571411885955968e+03,1.998319773751662609e+01
9.154915491549155604e+01,4.052519555819591915e+03,1.998319777576783451e+01
9.155915591559156042e+01,4.052467416867938937e+03,1.998319781421221819e+01
9.156915691569157900e+01,4.052415024118381552e+03,1.998319785282886940e+01
9.157915791579158338e+01,4.052362407087650809e+03,1.998319789159658200e+01
9.158915891589158775e+01,4.052309595721823825e+03,1.998319793049383719e+01
9.159915991599160634e+01,4.052256620396325161e+03,1.998319796949881777e+01
9.160916091609161072e+01,4.052203511915924082e+03,1.998319800858939033e+01
9.161916191619162930e+01,4.052150301514737293e+03,1.998319804774312303e+01
9.162916291629163368e+01,4.052097020856227118e+03,1.998319808693727140e+01
9.163916391639163805e+01,4.052043702033202408e+03,1.998319812614878543e+01
9.164916491649165664e+01,4.051990377567818086e+03,1.998319816535431670e+01
9.165916591659166102e+01,4.051937080411576062e+03,1.998319820453020412e+01
9.166916691669167960e+01,4.051883843945323861e+03,1.998319824365247399e+01
9.167916791679168398e+01,4.051830701979255537e+03,1.998319828269685772e+01
9.168916891689168835e+01,4.051777688752911217e+03,1.998319832163877408e+01
9.169916991699170694e+01,4.051724838935177104e+03,1.998319836045333631e+01
9.170917091709171132e+01,4.051672187624286835e+03,1.998319839911534856e+01
9.171917191719172990e+01,4.051619770347819212e+03,1.998319843759932013e+01
9.172917291729173428e+01,4.051567623062699568e+03,1.998319847587943698e+01
9.173917391739173866e+01,4.051515782155199759e+03,1.998319851392959023e+01
9.174917491749175724e+01,4.051464284440937263e+03,1.998319855172336190e+01
9.175917591759176162e+01,4.051413167164876995e+03,1.998319858923402492e+01
9.176917691769178020e+01,4.051362468001329489e+03,1.998319862643455025e+01
9.177917791779178458e+01,4.051312225053951352e+03,1.998319866329759620e+01
9.178917891789178896e+01,4.051262476855746172e+03,1.998319869979552621e+01
9.179917991799180754e+01,4.051213262369062704e+03,1.998319873590038043e+01
9.180918091809181192e+01,4.051164620985597139e+03,1.998319877158391122e+01
9.181918191819183050e+01,4.051116592526390832e+03,1.998319880681754768e+01
9.182918291829183488e+01,4.051069217241833030e+03,1.998319884157242043e+01
9.183918391839183926e+01,4.051022535811657690e+03,1.998319887581935816e+01
9.184918491849185784e+01,4.050976589344946206e+03,1.998319890952887690e+01
9.185918591859186222e+01,4.050931419380125135e+03,1.998319894267118357e+01
9.186918691869186659e+01,4.050887067884968019e+03,1.998319897521619026e+01
9.187918791879188518e+01,4.050843577256594472e+03,1.998319900713348574e+01
9.188918891889188956e+01,4.050800990321471090e+03,1.998319903839236744e+01
9.189918991899190814e+01,4.050759350335409636e+03,1.998319906896182019e+01
9.190919091909191252e+01,4.050718700983568851e+03,1.998319909881051970e+01
9.191919191919191690e+01,4.050679086380454009e+03,1.998319912790684327e+01
9.192919291929193548e+01,4.050640551069915546e+03,1.998319915621885556e+01
9.193919391939193986e+01,4.050603140025151333e+03,1.998319918371431569e+01
9.194919491949195844e+01,4.050566898648704409e+03,1.998319921036067370e+01
9.195919591959196282e+01,4.050531872772466158e+03,1.998319923612508120e+01
9.196919691969196720e+01,4.050498108657671764e+03,1.998319926097437715e+01
9.197919791979198578e+01,4.050465652994903849e+03,1.998319928487509500e+01
9.198919891989199016e+01,4.050434552904092016e+03,1.998319930779346265e+01
9.199919991999200874e+01,4.050404855934511033e+03,1.998319932969540247e+01
9.200920092009201312e+01,4.050376610064781744e+03,1.998319935054652419e+01
9.201920192019201750e+01,4.050349863702872881e+03,1.998319937031214266e+01
9.202920292029203608e+01,4.050324665686097887e+03,1.998319938895725656e+01
9.203920392039204046e+01,4.050301065281117189e+03,1.998319940644656612e+01
9.204920492049205905e+01,4.050279112183937286e+03,1.998319942274445182e+01
9.205920592059206342e+01,4.050258856519911205e+03,1.998319943781500285e+01
9.206920692069206780e+01,4.050240348843738047e+03,1.998319945162199218e+01
9.207920792079208638e+01,4.050223640139462987e+03,1.998319946412889436e+01
9.208920892089209076e+01,4.050208781820478634e+03,1.998319947529886775e+01
9.209920992099210935e+01,4.050195825729521857e+03,1.998319948509477229e+01
9.210921092109211372e+01,4.050184824138677868e+03,1.998319949347915525e+01
9.211921192119211810e+01,4.050175829749376589e+03,1.998319950041426907e+01
9.212921292129213668e+01,4.050168895692395381e+03,1.998319950586204286e+01
9.213921392139214106e+01,4.050164075527857221e+03,1.998319950978411086e+01
9.214921492149215965e+01,4.050161423245231617e+03,1.998319951214179824e+01
9.215921592159216402e+01,4.050160993263334149e+03,1.998319951289612817e+01
9.216921692169216840e+01,4.050162840430327378e+03,1.998319951200780409e+01
9.217921792179218698e+01,4.050167020023719033e+03,1.998319950943723811e+01
9.218921892189219136e+01,4.050173587750363822e+03,1.998319950514452970e+01
9.219921992199220995e+01,4.050182599746462529e+03,1.998319949908946924e+01
9.220922092209221432e+01,4.050194112577562464e+03,1.998319949123154160e+01
9.221922192219221870e+01,4.050208183238557467e+03,1.998319948152993319e+01
9.222922292229223729e+01,4.050224869153686996e+03,1.998319946994351071e+01
9.223922392239224166e+01,4.050244228176536581e+03,1.998319945643084594e+01
9.224922492249226025e+01,4.050266318590039646e+03,1.998319944095020162e+01
9.225922592259226462e+01,4.050291199106473414e+03,1.998319942345952782e+01
9.226922692269226900e+01,4.050318928867463910e+03,1.998319940391647265e+01
9.227922792279228759e+01,4.050349567443981869e+03,1.998319938227838222e+01
9.228922892289229196e+01,4.050382887694524470e+03,1.998319935871107589e+01
9.229922992299231055e+01,4.050417354564052403e+03,1.998319933433095130e+01
9.230923092309231492e+01,4.050452705399162824e+03,1.998319930932851918e+01
9.231923192319231930e+01,4.050488908881549378e+03,1.998319928372604082e+01
9.232923292329233789e+01,4.050525933975463886e+03,1.998319925754557147e+01
9.233923392339234226e+01,4.050563749927718618e+03,1.998319923080897098e+01
9.234923492349236085e+01,4.050602326267683566e+03,1.998319920353789314e+01
9.235923592359236522e+01,4.050641632807288715e+03,1.998319917575379634e+01
9.236923692369236960e+01,4.050681639641022230e+03,1.998319914747793291e+01
9.237923792379238819e+01,4.050722317145932720e+03,1.998319911873135268e+01
9.238923892389239256e+01,4.050763635981626066e+03,1.998319908953490653e+01
9.239923992399239694e+01,4.050805567090268596e+03,1.998319905990924283e+01
9.240924092409241553e+01,4.050848081696584359e+03,1.998319902987480745e+01
9.241924192419241990e+01,4.050891151307858308e+03,1.998319899945185085e+01
9.242924292429243849e+01,4.050934747713932211e+03,1.998319896866041034e+01
9.243924392439244286e+01,4.050978842987208736e+03,1.998319893752033849e+01
9.244924492449244724e+01,4.051023409482648731e+03,1.998319890605126758e+01
9.245924592459246583e+01,4.051068419837771671e+03,1.998319887427264518e+01
9.246924692469247020e+01,4.051113846972657029e+03,1.998319884220370213e+01
9.247924792479248879e+01,4.051159664089942908e+03,1.998319880986348451e+01
9.248924892489249316e+01,4.051205844674826039e+03,1.998319877727082172e+01
9.249924992499249754e+01,4.051252362495063153e+03,1.998319874444435129e+01
9.250925092509251613e+01,4.051299191600968697e+03,1.998319871140250470e+01
9.251925192519252050e+01,4.051346306325417572e+03,1.998319867816351092e+01
9.252925292529253909e+01,4.051393681283842398e+03,1.998319864474540708e+01
9.253925392539254347e+01,4.051441291374235789e+03,1.998319861116601359e+01
9.254925492549254784e+01,4.051489111777148992e+03,1.998319857744296257e+01
9.255925592559256643e+01,4.051537117955692338e+03,1.998319854359368009e+01
9.256925692569257080e+01,4.051585285655535245e+03,1.998319850963538968e+01
9.257925792579258939e+01,4.051633590904906214e+03,1.998319847558511242e+01
9.258925892589259377e+01,4.051682010014592379e+03,1.998319844145967039e+01
9.259925992599259814e+01,4.051730519577940868e+03,1.998319840727568675e+01
9.260926092609261673e+01,4.051779096470856530e+03,1.998319837304957503e+01
9.261926192619262110e+01,4.051827717851804664e+03,1.998319833879755336e+01
9.262926292629263969e+01,4.051876361161808290e+03,1.998319830453564094e+01
9.263926392639264407e+01,4.051925004124449970e+03,1.998319827027965090e+01
9.264926492649264844e+01,4.051973624745871803e+03,1.998319823604519030e+01
9.265926592659266703e+01,4.052022201314774520e+03,1.998319820184767792e+01
9.266926692669267140e+01,4.052070712402417485e+03,1.998319816770232293e+01
9.267926792679268999e+01,4.052119136862620053e+03,1.998319813362412845e+01
9.268926892689269437e+01,4.052167453831759303e+03,1.998319809962790572e+01
9.269926992699269874e+01,4.052215642728772764e+03,1.998319806572825996e+01
9.270927092709271733e+01,4.052263683255156138e+03,1.998319803193959387e+01
9.271927192719272171e+01,4.052311555394964216e+03,1.998319799827611121e+01
9.272927292729274029e+01,4.052359239414811327e+03,1.998319796475181320e+01
9.273927392739274467e+01,4.052406715863869977e+03,1.998319793138049860e+01
9.274927492749274904e+01,4.052453965573872665e+03,1.998319789817576364e+01
9.275927592759276763e+01,4.052500969659110069e+03,1.998319786515101271e+01
9.276927692769277201e+01,4.052547709516432860e+03,1.998319783231943703e+01
9.277927792779279059e+01,4.052594166825249886e+03,1.998319779969402887e+01
9.278927892789279497e+01,4.052640323547529078e+03,1.998319776728758157e+01
9.279927992799279934e+01,4.052686161927797912e+03,1.998319773511268593e+01
9.280928092809281793e+01,4.052731664493142944e+03,1.998319770318173738e+01
9.281928192819282231e+01,4.052776814053208909e+03,1.998319767150691462e+01
9.282928292829284089e+01,4.052821593700200538e+03,1.998319764010021515e+01
9.283928392839284527e+01,4.052865986808881189e+03,1.998319760897341624e+01
9.284928492849284964e+01,4.052909977036573309e+03,1.998319757813810327e+01
9.285928592859286823e+01,4.052953548323157975e+03,1.998319754760566269e+01
9.286928692869287261e+01,4.052996684891076256e+03,1.998319751738727135e+01
9.287928792879287698e+01,4.053039371245326947e+03,1.998319748749391067e+01
9.288928892889289557e+01,4.053081592173469744e+03,1.998319745793635960e+01
9.289928992899289995e+01,4.053123332745621155e+03,1.998319742872519100e+01
9.290929092909291853e+01,4.053164578314458140e+03,1.998319739987078592e+01
9.291929192919292291e+01,4.053205314515216742e+03,1.998319737138331575e+01
9.292929292929292728e+01,4.053245527265691180e+03,1.998319734327275299e+01
9.293929392939294587e+01,4.053285202766235216e+03,1.998319731554886758e+01
9.294929492949295025e+01,4.053324327499762148e+03,1.998319728822123054e+01
9.295929592959296883e+01,4.053362888231743455e+03,1.998319726129921037e+01
9.296929692969297321e+01,4.053400872010209696e+03,1.998319723479197307e+01
9.297929792979297758e+01,4.053438266165751429e+03,1.998319720870848215e+01
9.298929892989299617e+01,4.053475058311516932e+03,1.998319718305750570e+01
9.299929992999300055e+01,4.053511236343214932e+03,1.998319715784760220e+01
9.300930093009301913e+01,4.053546788439111879e+03,1.998319713308713119e+01
9.301930193019302351e+01,4.053581703060033760e+03,1.998319710878426037e+01
9.302930293029302788e+01,4.053615968949365651e+03,1.998319708494693714e+01
9.303930393039304647e+01,4.053649575133051712e+03,1.998319706158292774e+01
9.304930493049305085e+01,4.053682510919595643e+03,1.998319703869977815e+01
9.305930593059306943e+01,4.053714765900058865e+03,1.998319701630485312e+01
9.306930693069307381e+01,4.053746329948063249e+03,1.998319699440529362e+01
9.307930793079307819e+01,4.053777193219788387e+03,1.998319697300805942e+01
9.308930893089309677e+01,4.053807346153974322e+03,1.998319695211989355e+01
9.309930993099310115e+01,4.053836779471918817e+03,1.998319693174734724e+01
9.310931093109311973e+01,4.053865484177479630e+03,1.998319691189676561e+01
9.311931193119312411e+01,4.053893451557072694e+03,1.998319689257429843e+01
9.312931293129312849e+01,4.053920673179673486e+03,1.998319687378588227e+01
9.313931393139314707e+01,4.053947140896817018e+03,1.998319685553726544e+01
9.314931493149315145e+01,4.053972846842596937e+03,1.998319683783398304e+01
9.315931593159317003e+01,4.053997783433664608e+03,1.998319682068137837e+01
9.316931693169317441e+01,4.054021943369232758e+03,1.998319680408458865e+01
9.317931793179317879e+01,4.054045319631071834e+03,1.998319678804855215e+01
9.318931893189319737e+01,4.054067905483510913e+03,1.998319677257800109e+01
9.319931993199320175e+01,4.054089694473439522e+03,1.998319675767746872e+01
9.320932093209322034e+01,4.054110680430304910e+03,1.998319674335128937e+01
9.321932193219322471e+01,4.054130857466113866e+03,1.998319672960359128e+01
9.322932293229322909e+01,4.054150219975431810e+03,1.998319671643830731e+01
9.323932393239324767e+01,4.054168762635384610e+03,1.998319670385916069e+01
9.324932493249325205e+01,4.054186480405655402e+03,1.998319669186968284e+01
9.325932593259327064e+01,4.054203368528487317e+03,1.998319668047319553e+01
9.326932693269327501e+01,4.054219422528682117e+03,1.998319666967282160e+01
9.327932793279327939e+01,4.054234638213601102e+03,1.998319665947148849e+01
9.328932893289329797e+01,4.054249011673164205e+03,1.998319664987191047e+01
9.329932993299330235e+01,4.054262539279850444e+03,1.998319664087660996e+01
9.330933093309332094e+01,4.054275217688697921e+03,1.998319663248790334e+01
9.331933193319332531e+01,4.054287043837303827e+03,1.998319662470790448e+01
9.332933293329332969e+01,4.054298014945823979e+03,1.998319661753853538e+01
9.333933393339334827e+01,4.054308128516974193e+03,1.998319661098150490e+01
9.334933493349335265e+01,4.054317382336028459e+03,1.998319660503832651e+01
9.335933593359335703e+01,4.054325774470820306e+03,1.998319659971030759e+01
9.336933693369337561e+01,4.054333303271741443e+03,1.998319659499856016e+01
9.337933793379337999e+01,4.054339967371744024e+03,1.998319659090399369e+01
9.338933893389339858e+01,4.054345765686337472e+03,1.998319658742730809e+01
9.339933993399340295e+01,4.054350697413592115e+03,1.998319658456901493e+01
9.340934093409340733e+01,4.054354762034136002e+03,1.998319658232941620e+01
9.341934193419342591e+01,4.054357959311156719e+03,1.998319658070861138e+01
9.342934293429343029e+01,4.054360289290400942e+03,1.998319657970650098e+01
9.343934393439344888e+01,4.054361752300173976e+03,1.998319657932278304e+01
9.344934493449345325e+01,4.054362348951340664e+03,1.998319657955696016e+01
9.345934593459345763e+01,4.054362080137324483e+03,1.998319658040832536e+01
9.346934693469347621e+01,4.054360947034108449e+03,1.998319658187597625e+01
9.347934793479348059e+01,4.054358951100234208e+03,1.998319658395880083e+01
9.348934893489349918e+01,4.054356094076802037e+03,1.998319658665549170e+01
9.349934993499350355e+01,4.054352377987472209e+03,1.998319658996454606e+01
9.350935093509350793e+01,4.054347805138463627e+03,1.998319659388424441e+01
9.351935193519352651e+01,4.054342378118553825e+03,1.998319659841267892e+01
9.352935293529353089e+01,4.054336099799079875e+03,1.998319660354773575e+01
9.353935393539354948e+01,4.054328973333937938e+03,1.998319660928709851e+01
9.354935493549355385e+01,4.054321002159582804e+03,1.998319661562824834e+01
9.355935593559355823e+01,4.054312189995028348e+03,1.998319662256847096e+01
9.356935693569357682e+01,4.054302540841847986e+03,1.998319663010484604e+01
9.357935793579358119e+01,4.054292058984173309e+03,1.998319663823424719e+01
9.358935893589359978e+01,4.054280748988695905e+03,1.998319664695335973e+01
9.359935993599360415e+01,4.054268615704665535e+03,1.998319665625865582e+01
9.360936093609360853e+01,4.054255664263891958e+03,1.998319666614640866e+01
9.361936193619362712e+01,4.054241900080743108e+03,1.998319667661269250e+01
9.362936293629363149e+01,4.054227328852146456e+03,1.998319668765338264e+01
9.363936393639365008e+01,4.054211956557587655e+03,1.998319669926414477e+01
9.364936493649365445e+01,4.054195789459112802e+03,1.998319671144044918e+01
9.365936593659365883e+01,4.054178834101326174e+03,1.998319672417756365e+01
9.366936693669367742e+01,4.054161097311390677e+03,1.998319673747054992e+01
9.367936793679368179e+01,4.054142586199029665e+03,1.998319675131428141e+01
9.368936893689370038e+01,4.054123308156523763e+03,1.998319676570341485e+01
9.369936993699370475e+01,4.054103270858714041e+03,1.998319678063241156e+01
9.370937093709370913e+01,4.054082482262999747e+03,1.998319679609553390e+01
9.371937193719372772e+01,4.054060950609339670e+03,1.998319681208684173e+01
9.372937293729373209e+01,4.054038684420251229e+03,1.998319682860018887e+01
9.373937393739375068e+01,4.054015692500811838e+03,1.998319684562923371e+01
9.374937493749375506e+01,4.053991983938656176e+03,1.998319686316742860e+01
9.375937593759375943e+01,4.053967568103979829e+03,1.998319688120802695e+01
9.376937693769377802e+01,4.053942454649536103e+03,1.998319689974408320e+01
9.377937793779378239e+01,4.053916653510638298e+03,1.998319691876844573e+01
9.378937893789380098e+01,4.053890174905157892e+03,1.998319693827376398e+01
9.379937993799380536e+01,4.053863029333525901e+03,1.998319695825248488e+01
9.380938093809380973e+01,4.053835227578731974e+03,1.998319697869684930e+01
9.381938193819382832e+01,4.053806780706325299e+03,1.998319699959890983e+01
9.382938293829383269e+01,4.053777700064414603e+03,1.998319702095050232e+01
9.383938393839383707e+01,4.053747997283665882e+03,1.998319704274327435e+01
9.384938493849385566e+01,4.053717684277305580e+03,1.998319706496866033e+01
9.385938593859386003e+01,4.053686773241118772e+03,1.998319708761790281e+01
9.386938693869387862e+01,4.053655276653450073e+03,1.998319711068203830e+01
9.387938793879388300e+01,4.053623207275201821e+03,1.998319713415190080e+01
9.388938893889388737e+01,4.053590578149837256e+03,1.998319715801812535e+01
9.389938993899390596e+01,4.053557402603376886e+03,1.998319718227114805e+01
9.390939093909391033e+01,4.053523694244401213e+03,1.998319720690119539e+01
9.391939193919392892e+01,4.053489466964049825e+03,1.998319723189829844e+01
9.392939293929393330e+01,4.053454734936020941e+03,1.998319725725228579e+01
9.393939393939393767e+01,4.053419512616572320e+03,1.998319728295278708e+01
9.394939493949395626e+01,4.053383814744519441e+03,1.998319730898922586e+01
9.395939593959396063e+01,4.053347656341238689e+03,1.998319733535082676e+01
9.396939693969397922e+01,4.053311052710664171e+03,1.998319736202661190e+01
9.397939793979398360e+01,4.053274019439289987e+03,1.998319738900540443e+01
9.398939893989398797e+01,4.053236572396167958e+03,1.998319741627582147e+01
9.399939993999400656e+01,4.053198727732910356e+03,1.998319744382628471e+01
9.400940094009401093e+01,4.053160501883687630e+03,1.998319747164500626e+01
9.401940194019402952e+01,4.053121911565229311e+03,1.998319749972000636e+01
9.402940294029403390e+01,4.053082973776824474e+03,1.998319752803909921e+01
9.403940394039403827e+01,4.053043705800320822e+03,1.998319755658989649e+01
9.404940494049405686e+01,4.053004125200124690e+03,1.998319758535980739e+01
9.405940594059406124e+01,4.052964249823202863e+03,1.998319761433604214e+01
9.406940694069407982e+01,4.052924097799079391e+03,1.998319764350561201e+01
9.407940794079408420e+01,4.052883687539838775e+03,1.998319767285531867e+01
9.408940894089408857e+01,4.052843037740123236e+03,1.998319770237177551e+01
9.409940994099410716e+01,4.052802167377135902e+03,1.998319773204137917e+01
9.410941094109411154e+01,4.052761095710636710e+03,1.998319776185033447e+01
9.411941194119413012e+01,4.052719842282946502e+03,1.998319779178464728e+01
9.412941294129413450e+01,4.052678426918944297e+03,1.998319782183011029e+01
9.413941394139413887e+01,4.052636869726067744e+03,1.998319785197232434e+01
9.414941494149415746e+01,4.052595191094314487e+03,1.998319788219668780e+01
9.415941594159416184e+01,4.052553411696240801e+03,1.998319791248839650e+01
9.416941694169418042e+01,4.052511552486961591e+03,1.998319794283244377e+01
9.417941794179418480e+01,4.052469634704151304e+03,1.998319797321361690e+01
9.418941894189418917e+01,4.052427679868043469e+03,1.998319800361651488e+01
9.419941994199420776e+01,4.052385709781430251e+03,1.998319803402552353e+01
9.420942094209421214e+01,4.052343746529663349e+03,1.998319806442483326e+01
9.421942194219423072e+01,4.052301812480652643e+03,1.998319809479842490e+01
9.422942294229423510e+01,4.052259930284868005e+03,1.998319812513009097e+01
9.423942394239423948e+01,4.052218122875337940e+03,1.998319815540341082e+01
9.424942494249425806e+01,4.052176413467649581e+03,1.998319818560177197e+01
9.425942594259426244e+01,4.052134825559950514e+03,1.998319821570834876e+01
9.426942694269428102e+01,4.052093382932945133e+03,1.998319824570612369e+01
9.427942794279428540e+01,4.052052109649899194e+03,1.998319827557787676e+01
9.428942894289428978e+01,4.052011030056635718e+03,1.998319830530618191e+01
9.429942994299430836e+01,4.051970168781537723e+03,1.998319833487341768e+01
9.430943094309431274e+01,4.051929550735546854e+03,1.998319836426175300e+01
9.431943194319431711e+01,4.051889201112163846e+03,1.998319839345316495e+01
9.432943294329433570e+01,4.051849145387448971e+03,1.998319842242942102e+01
9.433943394339434008e+01,4.051809409320020677e+03,1.998319845117209326e+01
9.434943494349435866e+01,4.051770018951056954e+03,1.998319847966255125e+01
9.435943594359436304e+01,4.051731000604295332e+03,1.998319850788195495e+01
9.436943694369436741e+01,4.051692380886031060e+03,1.998319853581127603e+01
9.437943794379438600e+01,4.051654186685118930e+03,1.998319856343127654e+01
9.438943894389439038e+01,4.051616445172974181e+03,1.998319859072251603e+01
9.439943994399440896e+01,4.051579183803568867e+03,1.998319861766535865e+01
9.440944094409441334e+01,4.051542430313435489e+03,1.998319864423996250e+01
9.441944194419441772e+01,4.051506212721665634e+03,1.998319867042628672e+01
9.442944294429443630e+01,4.051470559329909065e+03,1.998319869620408440e+01
9.443944394439444068e+01,4.051435498722374632e+03,1.998319872155291677e+01
9.444944494449445926e+01,4.051401059765831633e+03,1.998319874645213190e+01
9.445944594459446364e+01,4.051367271609606632e+03,1.998319877088088248e+01
9.446944694469446802e+01,4.051334163685586191e+03,1.998319879481812222e+01
9.447944794479448660e+01,4.051301765708215953e+03,1.998319881824260236e+01
9.448944894489449098e+01,4.051270107674500196e+03,1.998319884113286449e+01
9.449944994499450956e+01,4.051239219864001825e+03,1.998319886346725838e+01
9.450945094509451394e+01,4.051209132838844653e+03,1.998319888522392773e+01
9.451945194519451832e+01,4.051179877443708847e+03,1.998319890638081731e+01
9.452945294529453690e+01,4.051151484805835480e+03,1.998319892691566935e+01
9.453945394539454128e+01,4.051123986335024711e+03,1.998319894680602715e+01
9.454945494549455987e+01,4.051097413723634872e+03,1.998319896602922441e+01
9.455945594559456424e+01,4.051071798946582931e+03,1.998319898456240296e+01
9.456945694569456862e+01,4.051047174261346754e+03,1.998319900238249858e+01
9.457945794579458720e+01,4.051023572207961479e+03,1.998319901946624455e+01
9.458945894589459158e+01,4.051001025609021781e+03,1.998319903579017520e+01
9.459945994599461017e+01,4.050979567569681876e+03,1.998319905133062591e+01
9.460946094609461454e+01,4.050959231477654612e+03,1.998319906606372243e+01
9.461946194619461892e+01,4.050940051003211920e+03,1.998319907996539513e+01
9.462946294629463750e+01,4.050922060099184364e+03,1.998319909301137187e+01
9.463946394639464188e+01,4.050905293000962502e+03,1.998319910517718156e+01
9.464946494649466047e+01,4.050889784226494612e+03,1.998319911643814706e+01
9.465946594659466484e+01,4.050875568576289425e+03,1.998319912676939225e+01
9.466946694669466922e+01,4.050862681133413844e+03,1.998319913614583854e+01
9.467946794679468780e+01,4.050851157263494315e+03,1.998319914454220481e+01
9.468946894689469218e+01,4.050841032614715004e+03,1.998319915193301455e+01
9.469946994699471077e+01,4.050832343117820983e+03,1.998319915829258164e+01
9.470947094709471514e+01,4.050825124986115497e+03,1.998319916359502457e+01
9.471947194719471952e+01,4.050819414715460425e+03,1.998319916781425576e+01
9.472947294729473811e+01,4.050815249084277639e+03,1.998319917092399223e+01
9.473947394739474248e+01,4.050812665153546732e+03,1.998319917289774139e+01
9.474947494749476107e+01,4.050811700266807748e+03,1.998319917370881882e+01
9.475947594759476544e+01,4.050812392050158451e+03,1.998319917333033047e+01
9.476947694769476982e+01,4.050814778412257056e+03,1.998319917173518334e+01
9.477947794779478841e+01,4.050818897544319498e+03,1.998319916889608550e+01
9.478947894789479278e+01,4.050824787920121707e+03,1.998319916478553893e+01
9.479947994799479716e+01,4.050832488295998246e+03,1.998319915937585023e+01
9.480948094809481574e+01,4.050842037710842305e+03,1.998319915263911994e+01
9.481948194819482012e+01,4.050853475486107072e+03,1.998319914454724611e+01
9.482948294829483871e+01,4.050866841225803910e+03,1.998319913507193135e+01
9.483948394839484308e+01,4.050882174816503266e+03,1.998319912418467226e+01
9.484948494849484746e+01,4.050899516427335584e+03,1.998319911185676645e+01
9.485948594859486604e+01,4.050918906509989483e+03,1.998319909805930195e+01
9.486948694869487042e+01,4.050940385798712214e+03,1.998319908276318202e+01
9.487948794879488901e+01,4.050963995310311020e+03,1.998319906593908968e+01
9.488948894889489338e+01,4.050989717415537143e+03,1.998319904760137433e+01
9.489948994899489776e+01,4.051016922405010973e+03,1.998319902821911498e+01
9.490949094909491635e+01,4.051045400710366721e+03,1.998319900794700033e+01
9.491949194919492072e+01,4.051075115909050510e+03,1.998319898681069873e+01
9.492949294929493931e+01,4.051106031870623610e+03,1.998319896483566183e+01
9.493949394939494368e+01,4.051138112756764258e+03,1.998319894204714231e+01
9.494949494949494806e+01,4.051171323021265835e+03,1.998319891847018326e+01
9.495949594959496665e+01,4.051205627410038687e+03,1.998319889412961814e+01
9.496949694969497102e+01,4.051240990961108309e+03,1.998319886905008147e+01
9.497949794979498961e+01,4.051277379004616250e+03,1.998319884325599460e+01
9.498949894989499398e+01,4.051314757162820570e+03,1.998319881677157284e+01
9.499949994999499836e+01,4.051353091350094928e+03,1.998319878962082896e+01
9.500950095009501695e+01,4.051392347772929497e+03,1.998319876182756616e+01
9.501950195019502132e+01,4.051432492929929595e+03,1.998319873341538155e+01
9.502950295029503991e+01,4.051473493611817503e+03,1.998319870440767332e+01
9.503950395039504428e+01,4.051515316901430651e+03,1.998319867482761580e+01
9.504950495049504866e+01,4.051557930173723435e+03,1.998319864469819862e+01
9.505950595059506725e+01,4.051601301095764939e+03,1.998319861404218400e+01
9.506950695069507162e+01,4.051645397626741214e+03,1.998319858288214235e+01
9.507950795079509021e+01,4.051690188017954370e+03,1.998319855124043443e+01
9.508950895089509459e+01,4.051735640812822112e+03,1.998319851913921141e+01
9.509950995099509896e+01,4.051781724846877751e+03,1.998319848660042197e+01
9.510951095109511755e+01,4.051828409247772015e+03,1.998319845364580161e+01
9.511951195119512192e+01,4.051875663435270326e+03,1.998319842029688687e+01
9.512951295129514051e+01,4.051923457121254614e+03,1.998319838657500469e+01
9.513951395139514489e+01,4.051971760309722868e+03,1.998319835250127596e+01
9.514951495149514926e+01,4.052020543296788219e+03,1.998319831809661196e+01
9.515951595159516785e+01,4.052069776670681222e+03,1.998319828338172499e+01
9.516951695169517222e+01,4.052119431311747576e+03,1.998319824837711423e+01
9.517951795179519081e+01,4.052169478392449037e+03,1.998319821310307631e+01
9.518951895189519519e+01,4.052219889377363415e+03,1.998319817757969474e+01
9.519951995199519956e+01,4.052270636023184579e+03,1.998319814182685761e+01
9.520952095209521815e+01,4.052321690378722906e+03,1.998319810586423984e+01
9.521952195219522253e+01,4.052373024784903464e+03,1.998319806971130674e+01
9.522952295229524111e+01,4.052424611874769198e+03,1.998319803338732470e+01
9.523952395239524549e+01,4.052476424573476379e+03,1.998319799691135046e+01
9.524952495249524986e+01,4.052528436098300517e+03,1.998319796030223117e+01
9.525952595259526845e+01,4.052580619958630450e+03,1.998319792357861147e+01
9.526952695269527283e+01,4.052632949955972435e+03,1.998319788675892994e+01
9.527952795279527720e+01,4.052685400183948786e+03,1.998319784986141556e+01
9.528952895289529579e+01,4.052737945028296508e+03,1.998319781290409480e+01
9.529952995299530016e+01,4.052790559166870025e+03,1.998319777590478097e+01
9.530953095309531875e+01,4.052843217569639364e+03,1.998319773888108841e+01
9.531953195319532313e+01,4.052895895498689697e+03,1.998319770185042543e+01
9.532953295329532750e+01,4.052948568508223616e+03,1.998319766482998361e+01
9.533953395339534609e+01,4.053001212444559314e+03,1.998319762783675912e+01
9.534953495349535046e+01,4.053053803446129677e+03,1.998319759088753855e+01
9.535953595359536905e+01,4.053106317943485465e+03,1.998319755399889885e+01
9.536953695369537343e+01,4.053158732659292127e+03,1.998319751718721093e+01
9.537953795379537780e+01,4.053211024608332082e+03,1.998319748046864675e+01
9.538953895389539639e+01,4.053263171097502891e+03,1.998319744385916152e+01
9.539953995399540077e+01,4.053315149725818173e+03,1.998319740737451156e+01
9.540954095409541935e+01,4.053366938384408513e+03,1.998319737103023996e+01
9.541954195419542373e+01,4.053418515256519186e+03,1.998319733484169092e+01
9.542954295429542810e+01,4.053469858817512886e+03,1.998319729882399898e+01
9.543954395439544669e+01,4.053520947834867002e+03,1.998319726299209265e+01
9.544954495449545107e+01,4.053571761368175430e+03,1.998319722736068726e+01
9.545954595459546965e+01,4.053622278769148579e+03,1.998319719194430633e+01
9.546954695469547403e+01,4.053672479681611549e+03,1.998319715675724950e+01
9.547954795479547840e+01,4.053722344041507313e+03,1.998319712181362462e+01
9.548954895489549699e+01,4.053771852076893083e+03,1.998319708712732634e+01
9.549954995499550137e+01,4.053820984307943490e+03,1.998319705271204327e+01
9.550955095509551995e+01,4.053869721546947858e+03,1.998319701858125796e+01
9.551955195519552433e+01,4.053918044898312019e+03,1.998319698474824690e+01
9.552955295529552870e+01,4.053965935758558771e+03,1.998319695122607698e+01
9.553955395539554729e+01,4.054013375816325606e+03,1.998319691802761611e+01
9.554955495549555167e+01,4.054060347052366069e+03,1.998319688516552262e+01
9.555955595559557025e+01,4.054106831739551126e+03,1.998319685265224166e+01
9.556955695569557463e+01,4.054152812442865525e+03,1.998319682050001944e+01
9.557955795579557901e+01,4.054198272019412343e+03,1.998319678872089611e+01
9.558955895589559759e+01,4.054243193618408895e+03,1.998319675732669864e+01
9.559955995599560197e+01,4.054287560681189461e+03,1.998319672632905508e+01
9.560956095609562055e+01,4.054331356941203921e+03,1.998319669573938384e+01
9.561956195619562493e+01,4.054374566424018212e+03,1.998319666556889729e+01
9.562956295629562931e+01,4.054417173447314781e+03,1.998319663582859818e+01
9.563956395639564789e+01,4.054459162620890766e+03,1.998319660652928675e+01
9.564956495649565227e+01,4.054500518846660725e+03,1.998319657768155366e+01
9.565956595659567085e+01,4.054541227318654819e+03,1.998319654929579059e+01
9.566956695669567523e+01,4.054581273523018808e+03,1.998319652138217606e+01
9.567956795679567961e+01,4.054620643238014509e+03,1.998319649395067898e+01
9.568956895689569819e+01,4.054659322534020248e+03,1.998319646701106933e+01
9.569956995699570257e+01,4.054697297773529954e+03,1.998319644057290745e+01
9.570957095709572116e+01,4.054734555611153610e+03,1.998319641464554763e+01
9.571957195719572553e+01,4.054771082993617256e+03,1.998319638923813812e+01
9.572957295729572991e+01,4.054806867159762987e+03,1.998319636435961755e+01
9.573957395739574849e+01,4.054841895640548501e+03,1.998319634001872203e+01
9.574957495749575287e+01,4.054876156259048003e+03,1.998319631622398163e+01
9.575957595759575725e+01,4.054909637130451756e+03,1.998319629298371680e+01
9.576957695769577583e+01,4.054942326662065625e+03,1.998319627030604195e+01
9.577957795779578021e+01,4.054974213553311529e+03,1.998319624819886897e+01
9.578957895789579879e+01,4.055005286795727898e+03,1.998319622666990014e+01
9.579957995799580317e+01,4.055035535672968308e+03,1.998319620572662814e+01
9.580958095809580755e+01,4.055064949760803302e+03,1.998319618537634668e+01
9.581958195819582613e+01,4.055093518927118112e+03,1.998319616562613632e+01
9.582958295829583051e+01,4.055121233331915391e+03,1.998319614648287512e+01
9.583958395839584909e+01,4.055148083427313395e+03,1.998319612795323152e+01
9.584958495849585347e+01,4.055174059957545978e+03,1.998319611004367502e+01
9.585958595859585785e+01,4.055199153958963052e+03,1.998319609276045838e+01
9.586958695869587643e+01,4.055223356760030583e+03,1.998319607610963189e+01
9.587958795879588081e+01,4.055246659981330595e+03,1.998319606009704685e+01
9.588958895889589940e+01,4.055269055535561620e+03,1.998319604472833433e+01
9.589958995899590377e+01,4.055290535627537793e+03,1.998319603000892997e+01
9.590959095909590815e+01,4.055311092754188394e+03,1.998319601594405981e+01
9.591959195919592673e+01,4.055330719704560124e+03,1.998319600253874029e+01
9.592959295929593111e+01,4.055349409559814831e+03,1.998319598979778178e+01
9.593959395939594970e+01,4.055367155693230870e+03,1.998319597772579925e+01
9.594959495949595407e+01,4.055383951770202202e+03,1.998319596632718387e+01
9.595959595959595845e+01,4.055399791748238840e+03,1.998319595560613138e+01
9.596959695969597703e+01,4.055414669876966855e+03,1.998319594556663148e+01
9.597959795979598141e+01,4.055428580698128371e+03,1.998319593621246071e+01
9.598959895989600000e+01,4.055441519045581572e+03,1.998319592754719665e+01
9.599959995999600437e+01,4.055453480045300239e+03,1.998319591957420371e+01
9.600960096009600875e+01,4.055464459115375121e+03,1.998319591229664383e+01
9.601960196019602733e+01,4.055474451966011657e+03,1.998319590571747284e+01
9.602960296029603171e+01,4.055483454599532251e+03,1.998319589983944056e+01
9.603960396039605030e+01,4.055491463310375366e+03,1.998319589466508361e+01
9.604960496049605467e+01,4.055498474685094607e+03,1.998319589019673970e+01
9.605960596059605905e+01,4.055504485602360091e+03,1.998319588643654043e+01
9.606960696069607764e+01,4.055509493232958448e+03,1.998319588338640429e+01
9.607960796079608201e+01,4.055513495039790996e+03,1.998319588104805078e+01
9.608960896089610060e+01,4.055516488777876475e+03,1.998319587942298625e+01
9.609960996099610497e+01,4.055518472494349226e+03,1.998319587851251811e+01
9.610961096109610935e+01,4.055519444528458735e+03,1.998319587831774058e+01
9.611961196119612794e+01,4.055519403511571454e+03,1.998319587883954540e+01
9.612961296129613231e+01,4.055518348367169438e+03,1.998319588007861469e+01
9.613961396139615090e+01,4.055516278310851249e+03,1.998319588203542452e+01
9.614961496149615527e+01,4.055513192850330597e+03,1.998319588471024844e+01
9.615961596159615965e+01,4.055509091785437249e+03,1.998319588810315395e+01
9.616961696169617824e+01,4.055503975208118391e+03,1.998319589221399539e+01
9.617961796179618261e+01,4.055497843502435444e+03,1.998319589704242105e+01
9.618961896189620120e+01,4.055490697344566797e+03,1.998319590258788381e+01
9.619961996199620557e+01,4.055482537702806439e+03,1.998319590884961983e+01
9.620962096209620995e+01,4.055473365837564415e+03,1.998319591582666277e+01
9.621962196219622854e+01,4.055463183301367735e+03,1.998319592351783314e+01
9.622962296229623291e+01,4.055451991938857645e+03,1.998319593192175603e+01
9.623962396239623729e+01,4.055439793886792359e+03,1.998319594103684338e+01
9.624962496249625588e+01,4.055426591574046597e+03,1.998319595086130107e+01
9.625962596259626025e+01,4.055412387721610685e+03,1.998319596139312893e+01
9.626962696269627884e+01,4.055397185342590092e+03,1.998319597263012071e+01
9.627962796279628321e+01,4.055380987742207253e+03,1.998319598456986768e+01
9.628962896289628759e+01,4.055363798517800205e+03,1.998319599720974793e+01
9.629962996299630618e+01,4.055345621558823495e+03,1.998319601054693351e+01
9.630963096309631055e+01,4.055326461046847271e+03,1.998319602457839750e+01
9.631963196319632914e+01,4.055306321455557736e+03,1.998319603930089983e+01
9.632963296329633351e+01,4.055285207550757150e+03,1.998319605471099436e+01
9.633963396339633789e+01,4.055263124390363373e+03,1.998319607080503246e+01
9.634963496349635648e+01,4.055240077324410322e+03,1.998319608757915233e+01
9.635963596359636085e+01,4.055216071995049333e+03,1.998319610502929677e+01
9.636963696369637944e+01,4.055191114336545525e+03,1.998319612315118832e+01
9.637963796379638381e+01,4.055165210575281890e+03,1.998319614194035410e+01
9.638963896389638819e+01,4.055138367229756113e+03,1.998319616139210808e+01
9.639963996399640678e+01,4.055110591110582845e+03,1.998319618150156529e+01
9.640964096409641115e+01,4.055081889320491882e+03,1.998319620226362403e+01
9.641964196419642974e+01,4.055052269254329985e+03,1.998319622367298365e+01
9.642964296429643412e+01,4.055021738599058608e+03,1.998319624572413744e+01
9.643964396439643849e+01,4.054990305333756623e+03,1.998319626841136909e+01
9.644964496449645708e+01,4.054957977729618051e+03,1.998319629172875267e+01
9.645964596459646145e+01,4.054924764349953421e+03,1.998319631567016685e+01
9.646964696469648004e+01,4.054890674050188409e+03,1.998319634022927005e+01
9.647964796479648442e+01,4.054855715977865657e+03,1.998319636539952526e+01
9.648964896489648879e+01,4.054819899572642953e+03,1.998319639117418234e+01
9.649964996499650738e+01,4.054783234566295505e+03,1.998319641754628861e+01
9.650965096509651175e+01,4.054745730982712757e+03,1.998319644450868537e+01
9.651965196519653034e+01,4.054707399137901120e+03,1.998319647205400429e+01
9.652965296529653472e+01,4.054668249639983060e+03,1.998319650017467097e+01
9.653965396539653909e+01,4.054628293389196187e+03,1.998319652886290498e+01
9.654965496549655768e+01,4.054587541577895990e+03,1.998319655811071982e+01
9.655965596559656205e+01,4.054546005690551738e+03,1.998319658790992648e+01
9.656965696569658064e+01,4.054503697503749663e+03,1.998319661825212634e+01
9.657965796579658502e+01,4.054460629086192966e+03,1.998319664912870763e+01
9.658965896589658939e+01,4.054416812798699084e+03,1.998319668053086318e+01
9.659965996599660798e+01,4.054372261294202417e+03,1.998319671244957263e+01
9.660966096609661236e+01,4.054326987517753423e+03,1.998319674487561315e+01
9.661966196619663094e+01,4.054281004706518161e+03,1.998319677779955228e+01
9.662966296629663532e+01,4.054234326389779653e+03,1.998319681121175506e+01
9.663966396639663969e+01,4.054186966388935161e+03,1.998319684510236982e+01
9.664966496649665828e+01,4.054138938817499820e+03,1.998319687946135303e+01
9.665966596659666266e+01,4.054090258081103457e+03,1.998319691427844802e+01
9.666966696669668124e+01,4.054040938877491953e+03,1.998319694954318848e+01
9.667966796679668562e+01,4.053990996196529068e+03,1.998319698524490207e+01
9.668966896689668999e+01,4.053940445320191429e+03,1.998319702137271747e+01
9.669966996699670858e+01,4.053889301822574453e+03,1.998319705791555023e+01
9.670967096709671296e+01,4.053837581569888243e+03,1.998319709486211337e+01
9.671967196719671733e+01,4.053785300720458508e+03,1.998319713220090676e+01
9.672967296729673592e+01,4.053732475724728374e+03,1.998319716992023132e+01
9.673967396739674030e+01,4.053679123325256114e+03,1.998319720800817834e+01
9.674967496749675888e+01,4.053625260556715148e+03,1.998319724645263307e+01
9.675967596759676326e+01,4.053570904745896769e+03,1.998319728524127115e+01
9.676967696769676763e+01,4.053516073511706963e+03,1.998319732436156926e+01
9.677967796779678622e+01,4.053460784765168228e+03,1.998319736380079448e+01
9.678967896789679060e+01,4.053405056709418659e+03,1.998319740354600071e+01
9.679967996799680918e+01,4.053348907839712410e+03,1.998319744358404293e+01
9.680968096809681356e+01,4.053292356943420145e+03,1.998319748390156647e+01
9.681968196819681793e+01,4.053235423100028584e+03,1.998319752448501774e+01
9.682968296829683652e+01,4.053178125681139136e+03,1.998319756532062286e+01
9.683968396839684090e+01,4.053120484350471088e+03,1.998319760639441256e+01
9.684968496849685948e+01,4.053062519063857962e+03,1.998319764769220797e+01
9.685968596859686386e+01,4.053004250069251157e+03,1.998319768919962414e+01
9.686968696869686823e+01,4.052945697906715850e+03,1.998319773090206652e+01
9.687968796879688682e+01,4.052886883408435096e+03,1.998319777278473452e+01
9.688968896889689120e+01,4.052827827698707097e+03,1.998319781483263213e+01
9.689968996899690978e+01,4.052768552193946562e+03,1.998319785703053952e+01
9.690969096909691416e+01,4.052709078602683348e+03,1.998319789936304147e+01
9.691969196919691854e+01,4.052649428925563825e+03,1.998319794181451314e+01
9.692969296929693712e+01,4.052589625455350870e+03,1.998319798436912720e+01
9.693969396939694150e+01,4.052529690776922507e+03,1.998319802701084313e+01
9.694969496949696008e+01,4.052469647767273273e+03,1.998319806972341794e+01
9.695969596959696446e+01,4.052409519595513757e+03,1.998319811249040256e+01
9.696969696969696884e+01,4.052349329722869697e+03,1.998319815529514187e+01
9.697969796979698742e+01,4.052289101902683797e+03,1.998319819812077114e+01
9.698969896989699180e+01,4.052228860180414813e+03,1.998319824095021957e+01
9.699969996999701038e+01,4.052168628893636651e+03,1.998319828376621388e+01
9.700970097009701476e+01,4.052108432672040180e+03,1.998319832655127470e+01
9.701970197019701914e+01,4.052048296437431418e+03,1.998319836928770599e+01
9.702970297029703772e+01,4.051988245403732435e+03,1.998319841195761981e+01
9.703970397039704210e+01,4.051928305076982724e+03,1.998319845454291155e+01
9.704970497049706069e+01,4.051868501255336014e+03,1.998319849702527407e+01
9.705970597059706506e+01,4.051808860029062544e+03,1.998319853938619062e+01
9.706970697069706944e+01,4.051749407780549063e+03,1.998319858160694551e+01
9.707970797079708802e+01,4.051690171184297924e+03,1.998319862366860988e+01
9.708970897089709240e+01,4.051631177206927532e+03,1.998319866555204882e+01
9.709970997099711099e+01,4.051572453107172805e+03,1.998319870723792135e+01
9.710971097109711536e+01,4.051514026435883352e+03,1.998319874870668400e+01
9.711971197119711974e+01,4.051455925036025747e+03,1.998319878993858012e+01
9.712971297129713832e+01,4.051398177042682619e+03,1.998319883091365412e+01
9.713971397139714270e+01,4.051340810883052654e+03,1.998319887161174080e+01
9.714971497149716129e+01,4.051283855276450140e+03,1.998319891201246534e+01
9.715971597159716566e+01,4.051227339234305418e+03,1.998319895209524688e+01
9.716971697169717004e+01,4.051171292060164888e+03,1.998319899183930914e+01
9.717971797179718862e+01,4.051115743349691456e+03,1.998319903122365204e+01
9.718971897189719300e+01,4.051060722990662725e+03,1.998319907022708009e+01
9.719971997199719738e+01,4.051006261162974170e+03,1.998319910882818817e+01
9.720972097209721596e+01,4.050952388338635046e+03,1.998319914700536870e+01
9.721972197219722034e+01,4.050899135281772942e+03,1.998319918473680445e+01
9.722972297229723893e+01,4.050846533048630135e+03,1.998319922200046861e+01
9.723972397239724330e+01,4.050794612987564506e+03,1.998319925877413183e+01
9.724972497249724768e+01,4.050743406739050897e+03,1.998319929503536230e+01
9.725972597259726626e+01,4.050692946235679756e+03,1.998319933076150789e+01
9.726972697269727064e+01,4.050643263702157583e+03,1.998319936592972823e+01
9.727972797279728923e+01,4.050594391655306936e+03,1.998319940051696264e+01
9.728972897289729360e+01,4.050546362904065973e+03,1.998319943449995151e+01
9.729972997299729798e+01,4.050499210549489817e+03,1.998319946785522561e+01
9.730973097309731656e+01,4.050452967984748284e+03,1.998319950055910965e+01
9.731973197319732094e+01,4.050407668895128154e+03,1.998319953258771875e+01
9.732973297329733953e+01,4.050363347258032263e+03,1.998319956391696905e+01
9.733973397339734390e+01,4.050320037342978594e+03,1.998319959452256711e+01
9.734973497349734828e+01,4.050277773711601640e+03,1.998319962438000985e+01
9.735973597359736686e+01,4.050236591217652403e+03,1.998319965346458815e+01
9.736973697369737124e+01,4.050196525006996580e+03,1.998319968175139394e+01
9.737973797379738983e+01,4.050157610517617741e+03,1.998319970921529887e+01
9.738973897389739420e+01,4.050119883479613691e+03,1.998319973583098630e+01
9.739973997399739858e+01,4.050083379915199203e+03,1.998319976157291578e+01
9.740974097409741717e+01,4.050048136138704194e+03,1.998319978641535144e+01
9.741974197419742154e+01,4.050014188756576459e+03,1.998319981033234782e+01
9.742974297429744013e+01,4.049981574667377117e+03,1.998319983329774985e+01
9.743974397439744450e+01,4.049950331061785619e+03,1.998319985528519993e+01
9.744974497449744888e+01,4.049920495422596559e+03,1.998319987626813443e+01
9.745974597459746747e+01,4.049892105524719682e+03,1.998319989621978010e+01
9.746974697469747184e+01,4.049865199435182149e+03,1.998319991511316118e+01
9.747974797479749043e+01,4.049839815513126268e+03,1.998319993292108876e+01
9.748974897489749480e+01,4.049815992409810860e+03,1.998319994961617851e+01
9.749974997499749918e+01,4.049793769068610345e+03,1.998319996517082586e+01
9.750975097509751777e+01,4.049773184725015199e+03,1.998319997955723437e+01
9.751975197519752214e+01,4.049754278906631498e+03,1.998319999274738734e+01
9.752975297529754073e+01,4.049737091433182741e+03,1.998320000471307267e+01
9.753975397539754510e+01,4.049721662416507115e+03,1.998320001542586866e+01
9.754975497549754948e+01,4.049708032260558866e+03,1.998320002485714042e+01
9.755975597559756807e+01,4.049696241661408749e+03,1.998320003297805414e+01
9.756975697569757244e+01,4.049686331607243574e+03,1.998320003975956993e+01
9.757975797579759103e+01,4.049678343378365753e+03,1.998320004517243831e+01
9.758975897589759541e+01,4.049672318547193754e+03,1.998320004918720016e+01
9.759975997599759978e+01,4.049668298978262101e+03,1.998320005177420100e+01
9.760976097609761837e+01,4.049666326828221372e+03,1.998320005290356605e+01
9.761976197619762274e+01,4.049666444545838658e+03,1.998320005254522158e+01
9.762976297629764133e+01,4.049668694871996195e+03,1.998320005066889138e+01
9.763976397639764571e+01,4.049673120839692274e+03,1.998320004724408605e+01
9.764976497649765008e+01,4.049679765774042153e+03,1.998320004224011015e+01
9.765976597659766867e+01,4.049688673292275780e+03,1.998320003562606573e+01
9.766976697669767304e+01,4.049699887303739615e+03,1.998320002737084167e+01
9.767976797679769163e+01,4.049713452009897537e+03,1.998320001744313146e+01
9.768976897689769601e+01,4.049729411904326753e+03,1.998320000581141187e+01
9.769976997699770038e+01,4.049747811772722343e+03,1.998319999244395717e+01
9.770977097709771897e+01,4.049768696692894991e+03,1.998319997730883557e+01
9.771977197719772334e+01,4.049792112034771435e+03,1.998319996037390567e+01
9.772977297729772772e+01,4.049818103460394013e+03,1.998319994160682711e+01
9.773977397739774631e+01,4.049846716923921576e+03,1.998319992097504638e+01
9.774977497749775068e+01,4.049877998671629030e+03,1.998319989844580391e+01
9.775977597759776927e+01,4.049911995241905970e+03,1.998319987398613407e+01
9.776977697769777365e+01,4.049948753465259870e+03,1.998319984756287226e+01
9.777977797779777802e+01,4.049987364014912600e+03,1.998319981982232818e+01
9.778977897789779661e+01,4.050026295937172563e+03,1.998319979185263762e+01
9.779977997799780098e+01,4.050065509580442267e+03,1.998319976368217610e+01
9.780978097809781957e+01,4.050104985976526677e+03,1.998319973532461802e+01
9.781978197819782395e+01,4.050144706366939317e+03,1.998319970679348856e+01
9.782978297829782832e+01,4.050184652202902271e+03,1.998319967810216369e+01
9.783978397839784691e+01,4.050224805145348455e+03,1.998319964926385950e+01
9.784978497849785128e+01,4.050265147064918892e+03,1.998319962029165353e+01
9.785978597859786987e+01,4.050305660041964074e+03,1.998319959119845990e+01
9.786978697869787425e+01,4.050346326366543963e+03,1.998319956199704706e+01
9.787978797879787862e+01,4.050387128538427078e+03,1.998319953270003069e+01
9.788978897889789721e+01,4.050428049267092319e+03,1.998319950331987727e+01
9.789978997899790158e+01,4.050469071471726693e+03,1.998319947386889339e+01
9.790979097909792017e+01,4.050510178281227127e+03,1.998319944435924356e+01
9.791979197919792455e+01,4.050551353034199565e+03,1.998319941480293949e+01
9.792979297929792892e+01,4.050592579278958965e+03,1.998319938521183303e+01
9.793979397939794751e+01,4.050633840773530210e+03,1.998319935559763749e+01
9.794979497949795189e+01,4.050675121485646287e+03,1.998319932597190629e+01
9.795979597959797047e+01,4.050716405592750561e+03,1.998319929634603653e+01
9.796979697969797485e+01,4.050757677481994961e+03,1.998319926673128677e+01
9.797979797979797922e+01,4.050798921750240424e+03,1.998319923713875212e+01
9.798979897989799781e+01,4.050840123204058273e+03,1.998319920757938917e+01
9.799979997999800219e+01,4.050881266859727930e+03,1.998319917806398394e+01
9.800980098009802077e+01,4.050922337943238290e+03,1.998319914860319102e+01
9.801980198019802515e+01,4.050963321890288171e+03,1.998319911920750158e+01
9.802980298029802952e+01,4.051004204346284496e+03,1.998319908988725757e+01
9.803980398039804811e+01,4.051044971166344112e+03,1.998319906065265172e+01
9.804980498049805249e+01,4.051085608415292882e+03,1.998319903151371690e+01
9.805980598059807107e+01,4.051126102367666135e+03,1.998319900248035097e+01
9.806980698069807545e+01,4.051166439507708674e+03,1.998319897356228481e+01
9.807980798079807983e+01,4.051206606529373403e+03,1.998319894476910008e+01
9.808980898089809841e+01,4.051246590336324061e+03,1.998319891611023635e+01
9.809980998099810279e+01,4.051286378041932039e+03,1.998319888759497331e+01
9.810981098109812137e+01,4.051325956969279105e+03,1.998319885923243788e+01
9.811981198119812575e+01,4.051365314651155586e+03,1.998319883103161487e+01
9.812981298129813013e+01,4.051404438830061736e+03,1.998319880300132567e+01
9.813981398139814871e+01,4.051443317458206366e+03,1.998319877515024601e+01
9.814981498149815309e+01,4.051481938697507303e+03,1.998319874748690594e+01
9.815981598159817167e+01,4.051520290919592753e+03,1.998319872001966857e+01
9.816981698169817605e+01,4.051558362705799482e+03,1.998319869275676552e+01
9.817981798179818043e+01,4.051596142847172814e+03,1.998319866570625791e+01
9.818981898189819901e+01,4.051633620344468454e+03,1.998319863887606473e+01
9.819981998199820339e+01,4.051670784408151121e+03,1.998319861227395577e+01
9.820982098209820776e+01,4.051707624458393639e+03,1.998319858590754095e+01
9.821982198219822635e+01,4.051744130125079664e+03,1.998319855978428805e+01
9.822982298229823073e+01,4.051780291247800960e+03,1.998319853391150858e+01
9.823982398239824931e+01,4.051816097875859214e+03,1.998319850829635769e+01
9.824982498249825369e+01,4.051851540268265126e+03,1.998319848294584844e+01
9.825982598259825807e+01,4.051886608893737957e+03,1.998319845786683757e+01
9.826982698269827665e+01,4.051921294430707349e+03,1.998319843306602905e+01
9.827982798279828103e+01,4.051955587767311044e+03,1.998319840854997764e+01
9.828982898289829961e+01,4.051989480001397624e+03,1.998319838432508533e+01
9.829982998299830399e+01,4.052022962440522406e+03,1.998319836039760133e+01
9.830983098309830837e+01,4.052056026601952908e+03,1.998319833677362922e+01
9.831983198319832695e+01,4.052088664212662934e+03,1.998319831345911268e+01
9.832983298329833133e+01,4.052120867209338030e+03,1.998319829045984974e+01
9.833983398339834991e+01,4.052152627738371848e+03,1.998319826778148567e+01
9.834983498349835429e+01,4.052183938155866599e+03,1.998319824542951295e+01
9.835983598359835867e+01,4.052214791027635329e+03,1.998319822340927132e+01
9.836983698369837725e+01,4.052245179129198732e+03,1.998319820172595485e+01
9.837983798379838163e+01,4.052275095445787429e+03,1.998319818038459772e+01
9.838983898389840022e+01,4.052304533172341962e+03,1.998319815939009203e+01
9.839983998399840459e+01,4.052333485713510981e+03,1.998319813874716644e+01
9.840984098409840897e+01,4.052361946683652604e+03,1.998319811846041105e+01
9.841984198419842755e+01,4.052389909906835328e+03,1.998319809853425255e+01
9.842984298429843193e+01,4.052417369416834845e+03,1.998319807897297551e+01
9.843984398439845052e+01,4.052444319457137681e+03,1.998319805978071173e+01
9.844984498449845489e+01,4.052470754480938922e+03,1.998319804096143315e+01
9.845984598459845927e+01,4.052496669151143578e+03,1.998319802251896959e+01
9.846984698469847785e+01,4.052522058340365220e+03,1.998319800445699101e+01
9.847984798479848223e+01,4.052546917130925976e+03,1.998319798677902881e+01
9.848984898489850082e+01,4.052571240814859266e+03,1.998319796948844740e+01
9.849984998499850519e+01,4.052595024893905702e+03,1.998319795258846909e+01
9.850985098509850957e+01,4.052618265079516277e+03,1.998319793608216344e+01
9.851985198519852815e+01,4.052640957292850544e+03,1.998319791997244721e+01
9.852985298529853253e+01,4.052663097664778434e+03,1.998319790426208087e+01
9.853985398539855112e+01,4.052684682535877073e+03,1.998319788895368632e+01
9.854985498549855549e+01,4.052705708456435332e+03,1.998319787404971848e+01
9.855985598559855987e+01,4.052726172186449276e+03,1.998319785955249372e+01
9.856985698569857846e+01,4.052746070695624894e+03,1.998319784546416855e+01
9.857985798579858283e+01,4.052765401163378101e+03,1.998319783178675380e+01
9.858985898589860142e+01,4.052784160978832460e+03,1.998319781852209687e+01
9.859985998599860579e+01,4.052802347740822825e+03,1.998319780567191373e+01
9.860986098609861017e+01,4.052819959257891696e+03,1.998319779323774981e+01
9.861986198619862876e+01,4.052836993548291048e+03,1.998319778122100843e+01
9.862986298629863313e+01,4.052853448839982320e+03,1.998319776962294014e+01
9.863986398639865172e+01,4.052869323570636880e+03,1.998319775844464274e+01
9.864986498649865609e+01,4.052884616387633741e+03,1.998319774768706125e+01
9.865986598659866047e+01,4.052899326148062755e+03,1.998319773735099858e+01
9.866986698669867906e+01,4.052913451918722330e+03,1.998319772743709066e+01
9.867986798679868343e+01,4.052926992976119436e+03,1.998319771794583133e+01
9.868986898689868781e+01,4.052939948806471421e+03,1.998319770887756164e+01
9.869986998699870639e+01,4.052952319105704191e+03,1.998319770023246988e+01
9.870987098709871077e+01,4.052964103779453126e+03,1.998319769201059870e+01
9.871987198719872936e+01,4.052975302943062616e+03,1.998319768421182729e+01
9.872987298729873373e+01,4.052985916921586977e+03,1.998319767683589632e+01
9.873987398739873811e+01,4.052995946249788631e+03,1.998319766988238655e+01
9.874987498749875670e+01,4.053005391672139922e+03,1.998319766335072600e+01
9.875987598759876107e+01,4.053014254142822210e+03,1.998319765724019703e+01
9.876987698769877966e+01,4.053022534825726780e+03,1.998319765154992922e+01
9.877987798779878403e+01,4.053030235094453019e+03,1.998319764627889938e+01
9.878987898789878841e+01,4.053037356532310696e+03,1.998319764142592803e+01
9.879987998799880700e+01,4.053043900932317229e+03,1.998319763698969709e+01
9.880988098809881137e+01,4.053049870297201323e+03,1.998319763296872154e+01
9.881988198819882996e+01,4.053055266839398882e+03,1.998319762936137778e+01
9.882988298829883433e+01,4.053060092981057096e+03,1.998319762616587880e+01
9.883988398839883871e+01,4.053064351354030350e+03,1.998319762338029548e+01
9.884988498849885730e+01,4.053068044799883864e+03,1.998319762100254593e+01
9.885988598859886167e+01,4.053071176369890509e+03,1.998319761903038838e+01
9.886988698869888026e+01,4.053073749325034441e+03,1.998319761746144252e+01
9.887988798879888463e+01,4.053075767136007471e+03,1.998319761629316815e+01
9.888988898889888901e+01,4.053077233483211330e+03,1.998319761552287233e+01
9.889988998899890760e+01,4.053078152256755857e+03,1.998319761514771642e+01
9.890989098909891197e+01,4.053078527556462177e+03,1.998319761516470194e+01
9.891989198919893056e+01,4.053078363691859067e+03,1.998319761557069185e+01
9.892989298929893494e+01,4.053077665182184319e+03,1.998319761636238212e+01
9.893989398939893931e+01,4.053076436756386556e+03,1.998319761753633372e+01
9.894989498949895790e+01,4.053074683353122055e+03,1.998319761908893710e+01
9.895989598959896227e+01,4.053072410120757468e+03,1.998319762101644770e+01
9.896989698969898086e+01,4.053069622417367555e+03,1.998319762331496463e+01
9.897989798979898524e+01,4.053066325810737453e+03,1.998319762598042715e+01
9.898989898989898961e+01,4.053062526078360406e+03,1.998319762900863594e+01
9.899989998999900820e+01,4.053058229207440036e+03,1.998319763239522828e+01
9.900990099009901257e+01,4.053053441394888523e+03,1.998319763613570288e+01
9.901990199019903116e+01,4.053048169047327065e+03,1.998319764022539147e+01
9.902990299029903554e+01,4.053042418781086781e+03,1.998319764465948722e+01
9.903990399039903991e+01,4.053036197422207351e+03,1.998319764943302701e+01
9.904990499049905850e+01,4.053029512006438381e+03,1.998319765454089136e+01
9.905990599059906287e+01,4.053022369779237579e+03,1.998319765997782227e+01
9.906990699069908146e+01,4.053014778195773488e+03,1.998319766573839473e+01
9.907990799079908584e+01,4.053006744920922756e+03,1.998319767181703810e+01
9.908990899089909021e+01,4.052998277829271501e+03,1.998319767820803605e+01
9.909990999099910880e+01,4.052989385005115309e+03,1.998319768490551596e+01
9.910991099109911318e+01,4.052980074742458328e+03,1.998319769190345241e+01
9.911991199119913176e+01,4.052970355545014627e+03,1.998319769919567079e+01
9.912991299129913614e+01,4.052960236126207292e+03,1.998319770677584017e+01
9.913991399139914051e+01,4.052949725409168423e+03,1.998319771463748751e+01
9.914991499149915910e+01,4.052938832526740043e+03,1.998319772277397632e+01
9.915991599159916348e+01,4.052927566821472738e+03,1.998319773117853160e+01
9.916991699169916785e+01,4.052915937845626559e+03,1.998319773984421488e+01
9.917991799179918644e+01,4.052903955361170574e+03,1.998319774876394206e+01
9.918991899189919081e+01,4.052891629339783321e+03,1.998319775793047626e+01
9.919991999199920940e+01,4.052878969962852807e+03,1.998319776733643138e+01
9.920992099209921378e+01,4.052865987621475597e+03,1.998319777697426858e+01
9.921992199219921815e+01,4.052852692916457727e+03,1.998319778683629622e+01
9.922992299229923674e+01,4.052839096658315157e+03,1.998319779691466991e+01
9.923992399239924111e+01,4.052825209867271951e+03,1.998319780720139605e+01
9.924992499249925970e+01,4.052811043773262554e+03,1.998319781768833181e+01
9.925992599259926408e+01,4.052796609815929969e+03,1.998319782836717451e+01
9.926992699269926845e+01,4.052781919644626214e+03,1.998319783922947934e+01
9.927992799279928704e+01,4.052766985118412777e+03,1.998319785026664874e+01
9.928992899289929142e+01,4.052751818306061068e+03,1.998319786146992172e+01
9.929992999299931000e+01,4.052736431486050606e+03,1.998319787283040583e+01
9.930993099309931438e+01,4.052720837146570830e+03,1.998319788433903810e+01
9.931993199319931875e+01,4.052705047985519741e+03,1.998319789598661345e+01
9.932993299329933734e+01,4.052689076910506174e+03,1.998319790776377758e+01
9.933993399339934172e+01,4.052672937038846158e+03,1.998319791966101633e+01
9.934993499349936030e+01,4.052656641697566556e+03,1.998319793166867342e+01
9.935993599359936468e+01,4.052640204423402338e+03,1.998319794377692915e+01
9.936993699369936905e+01,4.052623638962797941e+03,1.998319795597582882e+01
9.937993799379938764e+01,4.052606959271908181e+03,1.998319796825524719e+01
9.938993899389939202e+01,4.052590179516595072e+03,1.998319798060492403e+01
9.939993999399941060e+01,4.052573314072431913e+03,1.998319799301443567e+01
9.940994099409941498e+01,4.052556377524699656e+03,1.998319800547321634e+01
9.941994199419941936e+01,4.052539384668389630e+03,1.998319801797054041e+01
9.942994299429943794e+01,4.052522350508201725e+03,1.998319803049553656e+01
9.943994399439944232e+01,4.052505290258544846e+03,1.998319804303718072e+01
9.944994499449946090e+01,4.052488219343537821e+03,1.998319805558429252e+01
9.945994599459946528e+01,4.052471153397008948e+03,1.998319806812554589e+01
9.946994699469946966e+01,4.052454108262494174e+03,1.998319808064946201e+01
9.947994799479948824e+01,4.052437099993240281e+03,1.998319809314440931e+01
9.948994899489949262e+01,4.052420144852203066e+03,1.998319810559860343e+01
9.949994999499951120e+01,4.052403259312046430e+03,1.998319811800011081e+01
9.950995099509951558e+01,4.052386460055145108e+03,1.998319813033684866e+01
9.951995199519951996e+01,4.052369763973581485e+03,1.998319814259657790e+01
9.952995299529953854e+01,4.052353188169148325e+03,1.998319815476690664e+01
9.953995399539954292e+01,4.052336749953347407e+03,1.998319816683529737e+01
9.954995499549956151e+01,4.052320466847389525e+03,1.998319817878905980e+01
9.955995599559956588e+01,4.052304356582194487e+03,1.998319819061534730e+01
9.956995699569957026e+01,4.052288437098392023e+03,1.998319820230116406e+01
9.957995799579958884e+01,4.052272726546320428e+03,1.998319821383336858e+01
9.958995899589959322e+01,4.052257243286027006e+03,1.998319822519865951e+01
9.959995999599961181e+01,4.052242005887269897e+03,1.998319823638358272e+01
9.960996099609961618e+01,4.052227033129514439e+03,1.998319824737454553e+01
9.961996199619962056e+01,4.052212344001936344e+03,1.998319825815778827e+01
9.962996299629963914e+01,4.052197957703420343e+03,1.998319826871941274e+01
9.963996399639964352e+01,4.052183893642560633e+03,1.998319827904535728e+01
9.964996499649964790e+01,4.052170171437659974e+03,1.998319828912141816e+01
9.965996599659966648e+01,4.052156810916731047e+03,1.998319829893323529e+01
9.966996699669967086e+01,4.052143832117495549e+03,1.998319830846629941e+01
9.967996799679968944e+01,4.052131255287384192e+03,1.998319831770594490e+01
9.968996899689969382e+01,4.052119100883536703e+03,1.998319832663736406e+01
9.969996999699969820e+01,4.052107389572803186e+03,1.998319833524558575e+01
9.970997099709971678e+01,4.052096142231741851e+03,1.998319834351549673e+01
9.971997199719972116e+01,4.052085379946620833e+03,1.998319835143182743e+01
9.972997299729973975e+01,4.052075124013416371e+03,1.998319835897915908e+01
9.973997399739974412e+01,4.052065395937815538e+03,1.998319836614192013e+01
9.974997499749974850e+01,4.052056217435213512e+03,1.998319837290438983e+01
9.975997599759976708e+01,4.052047610430714940e+03,1.998319837925069109e+01
9.976997699769977146e+01,4.052039597059133939e+03,1.998319838516479763e+01
9.977997799779979005e+01,4.052032199664993641e+03,1.998319839063053038e+01
9.978997899789979442e+01,4.052025440802526646e+03,1.998319839563156819e+01
9.979997999799979880e+01,4.052019343235674114e+03,1.998319840015142290e+01
9.980998099809981738e+01,4.052013929938088040e+03,1.998319840417346427e+01
9.981998199819982176e+01,4.052009224093127159e+03,1.998319840768091282e+01
9.982998299829984035e+01,4.052005249093861948e+03,1.998319841065682567e+01
9.983998399839984472e+01,4.052002028543070082e+03,1.998319841308412492e+01
9.984998499849984910e+01,4.051999586253240523e+03,1.998319841494556570e+01
9.985998599859986768e+01,4.051997946246569427e+03,1.998319841622376103e+01
9.986998699869987206e+01,4.051997132754962877e+03,1.998319841690116760e+01
9.987998799879989065e+01,4.051997170220037333e+03,1.998319841696009291e+01
9.988998899889989502e+01,4.051998083293117361e+03,1.998319841638269878e+01
9.989998999899989940e+01,4.051999896835236086e+03,1.998319841515098005e+01
9.990999099909991799e+01,4.052002635917137923e+03,1.998319841324679302e+01
9.991999199919992236e+01,4.052006325819274480e+03,1.998319841065184121e+01
9.992999299929994095e+01,4.052010992031807746e+03,1.998319840734767183e+01
9.993999399939994532e+01,4.052016660254608723e+03,1.998319840331567931e+01
9.994999499949994970e+01,4.052023356397256975e+03,1.998319839853711599e+01
9.995999599959996829e+01,4.052031106579042898e+03,1.998319839299307432e+01
9.996999699969997266e+01,4.052039937128964539e+03,1.998319838666449755e+01
9.997999799979999125e+01,4.052049874585729867e+03,1.998319837953217615e+01
9.998999899989999562e+01,4.052060945697755415e+03,1.998319837157675138e+01
1.000000000000000000e+02,4.052073177423168545e+03,1.998319836277871175e+01
