# t, x, y
0.000000000000000000e+00,1.000000000000000000e+01,2.000000000000000000e+01
5.000500050005000745e-03,9.997182530593377692e+00,1.988879205911473491e+01
1.000100010001000149e-02,9.994756263239946037e+00,1.977828552152056218e+01
1.500150015001500137e-02,9.992720383402463824e+00,1.966847913307480766e+01
2.000200020002000298e-02,9.991074088003610854e+00,1.955937159580405549e+01
2.500250025002500459e-02,9.989816585425993267e+00,1.945096156790415876e+01
3.000300030003000273e-02,9.988947095512141772e+00,1.934324766374021110e+01
3.500350035003500782e-02,9.988464849564509862e+00,1.923622845384658575e+01
4.000400040004000596e-02,9.988369090345477375e+00,1.912990246492689650e+01
4.500450045004500410e-02,9.988659072077350487e+00,1.902426817985402252e+01
5.000500050005000918e-02,9.989334060442358165e+00,1.891932403767010840e+01
5.500550055005500732e-02,9.990393332582652164e+00,1.881506843358654990e+01
6.000600060006000547e-02,9.991836177100314131e+00,1.871149971898399755e+01
6.500650065006501055e-02,9.993661894057346728e+00,1.860861620141237083e+01
7.000700070007001563e-02,9.995869794975677181e+00,1.850641614459084039e+01
7.500750075007500683e-02,9.998459202837159054e+00,1.840489776840784231e+01
8.000800080008001192e-02,1.000142945208357226e+01,1.830405924892105674e+01
8.500850085008501700e-02,1.000477988861661593e+01,1.820389871835744344e+01
9.000900090009000820e-02,1.000850986979791912e+01,1.810441426511320628e+01
9.500950095009501328e-02,1.001261652080564879e+01,1.800560684144572932e+01
1.000100010001000184e-01,1.001708765559385483e+01,1.790748927330330886e+01
1.050105010501050096e-01,1.002192168167844066e+01,1.781006040433286230e+01
1.100110011001100146e-01,1.002711876773525823e+01,1.771331678107791063e+01
1.150115011501150197e-01,1.003267907812976034e+01,1.761725495686490817e+01
1.200120012001200109e-01,1.003860277291701131e+01,1.752187149180323900e+01
1.250125012501250299e-01,1.004489000784167274e+01,1.742716295278522765e+01
1.300130013001300211e-01,1.005154093433801421e+01,1.733312591348612841e+01
1.350135013501350123e-01,1.005855569952990614e+01,1.723975695436412892e+01
1.400140014001400313e-01,1.006593444623082156e+01,1.714705266266034656e+01
1.450145014501450225e-01,1.007367731294384328e+01,1.705500963239884271e+01
1.500150015001500137e-01,1.008178443386165313e+01,1.696362446438659788e+01
1.550155015501550326e-01,1.009025593886653560e+01,1.687289376621354009e+01
1.600160016001600238e-01,1.009909195353038491e+01,1.678281415225252360e+01
1.650165016501650150e-01,1.010829259911469080e+01,1.669338224365933243e+01
1.700170017001700340e-01,1.011785799257055452e+01,1.660459466837269105e+01
1.750175017501750252e-01,1.012778824653867460e+01,1.651644806111425723e+01
1.800180018001800164e-01,1.013808346934935933e+01,1.642893906338861854e+01
1.850185018501850354e-01,1.014874376502251785e+01,1.634206432348329585e+01
1.900190019001900266e-01,1.015976923326766190e+01,1.625582049646874694e+01
1.950195019501950178e-01,1.017115996948390944e+01,1.617020424419836289e+01
2.000200020002000367e-01,1.018291606475997924e+01,1.608521223530846100e+01
2.050205020502050279e-01,1.019503760587419627e+01,1.600084114521830259e+01
2.100210021002100191e-01,1.020752467529448992e+01,1.591708765613007337e+01
2.150215021502150381e-01,1.022037735117839219e+01,1.583394845702889953e+01
2.200220022002200293e-01,1.023359570737303592e+01,1.575142024368283877e+01
2.250225022502250205e-01,1.024717981341516371e+01,1.566949971864287683e+01
2.300230023002300395e-01,1.026112973453111721e+01,1.558818359124294162e+01
2.350235023502350307e-01,1.027544553163684427e+01,1.550746857759988906e+01
2.400240024002400219e-01,1.029012726133789535e+01,1.542735140061350663e+01
2.450245024502450408e-01,1.030517497592942355e+01,1.534782878996652222e+01
2.500250025002500598e-01,1.032058872339618993e+01,1.526889748212459352e+01
2.550255025502550232e-01,1.033636854741255284e+01,1.519055422033630798e+01
2.600260026002600422e-01,1.035251448734248214e+01,1.511279575463319169e+01
2.650265026502650612e-01,1.036902657823954499e+01,1.503561884182970232e+01
2.700270027002700246e-01,1.038590485084691650e+01,1.495902024552323439e+01
2.750275027502750436e-01,1.040314933159737087e+01,1.488299673609410689e+01
2.800280028002800625e-01,1.042076004261329381e+01,1.480754509070558278e+01
2.850285028502850260e-01,1.043873700170666474e+01,1.473266209330385124e+01
2.900290029002900449e-01,1.045708022237907642e+01,1.465834453461803832e+01
2.950295029502950639e-01,1.047578971382171886e+01,1.458458921216020165e+01
3.000300030003000273e-01,1.049486548091538829e+01,1.451139293022533572e+01
3.050305030503050463e-01,1.051430752423048531e+01,1.443875249989136478e+01
3.100310031003100653e-01,1.053411584002701495e+01,1.436666473901914642e+01
3.150315031503150287e-01,1.055429042025458131e+01,1.429512647225247512e+01
3.200320032003200477e-01,1.057483125255239642e+01,1.422413453101807690e+01
3.250325032503250666e-01,1.059573832024927675e+01,1.415368575352560931e+01
3.300330033003300301e-01,1.061701160236364139e+01,1.408377698476766682e+01
3.350335033503350490e-01,1.063865107360351026e+01,1.401440507651977541e+01
3.400340034003400680e-01,1.066065670436651125e+01,1.394556688734039085e+01
3.450345034503450314e-01,1.068302846073987489e+01,1.387725928257091468e+01
3.500350035003500504e-01,1.070576630450043254e+01,1.380947913433567109e+01
3.550355035503550694e-01,1.072887019311462531e+01,1.374222332154191406e+01
3.600360036003600328e-01,1.075234007973849160e+01,1.367548872987984510e+01
3.650365036503650518e-01,1.077617591321767776e+01,1.360927225182258482e+01
3.700370037003700707e-01,1.080037763808743456e+01,1.354357078662619962e+01
3.750375037503750342e-01,1.082494519457261006e+01,1.347838124032968210e+01
3.800380038003800531e-01,1.084987851858766561e+01,1.341370052575495464e+01
3.850385038503850721e-01,1.087517754173665807e+01,1.334952556250688360e+01
3.900390039003900355e-01,1.090084219131325405e+01,1.328585327697326335e+01
3.950395039503950545e-01,1.092687239030071922e+01,1.322268060232481979e+01
4.000400040004000735e-01,1.095326805737192544e+01,1.316000447851521393e+01
4.050405040504050369e-01,1.098002910688934897e+01,1.309782185228104368e+01
4.100410041004100559e-01,1.100715544890506870e+01,1.303612967714183313e+01
4.150415041504150748e-01,1.103464698916076792e+01,1.297492491340004861e+01
4.200420042004200383e-01,1.106250362908773255e+01,1.291420452814108089e+01
4.250425042504250572e-01,1.109072526580685114e+01,1.285396549523326293e+01
4.300430043004300762e-01,1.111931179212862197e+01,1.279420479532785393e+01
4.350435043504350396e-01,1.114826309655314063e+01,1.273491941585904996e+01
4.400440044004400586e-01,1.117757906327010886e+01,1.267610635104398042e+01
4.450445044504450776e-01,1.120725957215883284e+01,1.261776260188270982e+01
4.500450045004500410e-01,1.123730449878822135e+01,1.255988517615823064e+01
4.550455045504550600e-01,1.126771371441678937e+01,1.250247108843647226e+01
4.600460046004600789e-01,1.129848708599264917e+01,1.244551736006630094e+01
4.650465046504650424e-01,1.132962447615352630e+01,1.238902101917951448e+01
4.700470047004700613e-01,1.136112574322674362e+01,1.233297910069083692e+01
4.750475047504750803e-01,1.139299074122922839e+01,1.227738864629793270e+01
4.800480048004800437e-01,1.142521931986751227e+01,1.222224670448140671e+01
4.850485048504850627e-01,1.145781132453773310e+01,1.216755033050477763e+01
4.900490049004900817e-01,1.149076659632562958e+01,1.211329658641451701e+01
4.950495049504951006e-01,1.152408497200654480e+01,1.205948254104001904e+01
5.000500050005001196e-01,1.155776628404542450e+01,1.200610526999361483e+01
5.050505050505050830e-01,1.159181036059682057e+01,1.195316185567056877e+01
5.100510051005100465e-01,1.162621702550488756e+01,1.190064938724907861e+01
5.150515051505151209e-01,1.166098609830338440e+01,1.184856496069027187e+01
5.200520052005200844e-01,1.169611739421567265e+01,1.179690567873822005e+01
5.250525052505250478e-01,1.173161072415472006e+01,1.174566865091991730e+01
5.300530053005301223e-01,1.176746589472309346e+01,1.169485099354529467e+01
5.350535053505350858e-01,1.180368270821296761e+01,1.164444982970721654e+01
5.400540054005400492e-01,1.184026096260611993e+01,1.159446228928148415e+01
5.450545054505451237e-01,1.187720045157393045e+01,1.154488550892682674e+01
5.500550055005500871e-01,1.191450096447738538e+01,1.149571663208491046e+01
5.550555055505550506e-01,1.195216228636707356e+01,1.144695280898033474e+01
5.600560056005601250e-01,1.199018419798318646e+01,1.139859119662062525e+01
5.650565056505650885e-01,1.202856647575551996e+01,1.135062895879626055e+01
5.700570057005700519e-01,1.206730889180347432e+01,1.130306326608063117e+01
5.750575057505751264e-01,1.210641121393605246e+01,1.125589129583007164e+01
5.800580058005800899e-01,1.214587320565186346e+01,1.120911023218384450e+01
5.850585058505850533e-01,1.218569462613911902e+01,1.116271726606415626e+01
5.900590059005901278e-01,1.222587523027563172e+01,1.111670959517613611e+01
5.950595059505950912e-01,1.226641476862882030e+01,1.107108442400784654e+01
6.000600060006000547e-01,1.230731298745570967e+01,1.102583896383029582e+01
6.050605060506051291e-01,1.234856962870292563e+01,1.098097043269741135e+01
6.100610061006100926e-01,1.239018443000669656e+01,1.093647605544606449e+01
6.150615061506150560e-01,1.243215712469285705e+01,1.089235306369604928e+01
6.200620062006201305e-01,1.247448744177684787e+01,1.084859869585010017e+01
6.250625062506250940e-01,1.251717510596370531e+01,1.080521019709389563e+01
6.300630063006300574e-01,1.256021983764807715e+01,1.076218481939602256e+01
6.350635063506351319e-01,1.260362135291421382e+01,1.071951982150802074e+01
6.400640064006400953e-01,1.264737936353596659e+01,1.067721246896435972e+01
6.450645064506450588e-01,1.269149357697679115e+01,1.063526003408243881e+01
6.500650065006501332e-01,1.273596369638974934e+01,1.059365979596258889e+01
6.550655065506550967e-01,1.278078942061750212e+01,1.055240904048808481e+01
6.600660066006600601e-01,1.282597044419232191e+01,1.051150506032512588e+01
6.650665066506651346e-01,1.287150645733607846e+01,1.047094515492284472e+01
6.700670067006700981e-01,1.291739714596024591e+01,1.043072663051331261e+01
6.750675067506750615e-01,1.296364219166590459e+01,1.039084680011152528e+01
6.800680068006801360e-01,1.301024127174373746e+01,1.035130298351542777e+01
6.850685068506850994e-01,1.305719405917403186e+01,1.031209250730588067e+01
6.900690069006900629e-01,1.310450022262667602e+01,1.027321270484669036e+01
6.950695069506951373e-01,1.315215942646116787e+01,1.023466091628459296e+01
7.000700070007001008e-01,1.320017133072660265e+01,1.019643448854925438e+01
7.050705070507050642e-01,1.324853559116168178e+01,1.015853077535328275e+01
7.100710071007101387e-01,1.329725185919471464e+01,1.012094713719220707e+01
7.150715071507151022e-01,1.334631978194360613e+01,1.008368094134450388e+01
7.200720072007200656e-01,1.339573900221587088e+01,1.004672956187157240e+01
7.250725072507251401e-01,1.344550915850862793e+01,1.001009037961774872e+01
7.300730073007301035e-01,1.349562988500859362e+01,9.973760782210305820e+00
7.350735073507350670e-01,1.354610081159209756e+01,9.937738164059444657e+00
7.400740074007401414e-01,1.359692156382506667e+01,9.902019926358301305e+00
7.450745074507451049e-01,1.364809176296302873e+01,9.866603477082946938e+00
7.500750075007500683e-01,1.369961102595112479e+01,9.831486230992389608e+00
7.550755075507551428e-01,1.375147896542409320e+01,9.796665609628563587e+00
7.600760076007601063e-01,1.380369518970627496e+01,9.762139041316336474e+00
7.650765076507650697e-01,1.385625930281161722e+01,9.727903961163518076e+00
7.700770077007701442e-01,1.390917090444367510e+01,9.693957811060840868e+00
7.750775077507751076e-01,1.396242958999560102e+01,9.660298039681981308e+00
7.800780078007800711e-01,1.401603495055015003e+01,9.626922102483538524e+00
7.850785078507851455e-01,1.406998657287968868e+01,9.593827461705057402e+00
7.900790079007901090e-01,1.412428403944618438e+01,9.561011586369001947e+00
7.950795079507950724e-01,1.417892692840120006e+01,9.528471952280783697e+00
8.000800080008001469e-01,1.423391481358591726e+01,9.496206042028735084e+00
8.050805080508051104e-01,1.428924726453110594e+01,9.464211344984132523e+00
8.100810081008100738e-01,1.434492384645715291e+01,9.432485357301180429e+00
8.150815081508151483e-01,1.440094412027404047e+01,9.401025581917016538e+00
8.200820082008201117e-01,1.445730764258135714e+01,9.369829528551717246e+00
8.250825082508250752e-01,1.451401396566829760e+01,9.338894713708281614e+00
8.300830083008301497e-01,1.457106263751365560e+01,9.308218660672654465e+00
8.350835083508351131e-01,1.462845320178583108e+01,9.277798899513708619e+00
8.400840084008400765e-01,1.468618519784282839e+01,9.247632967083246669e+00
8.450845084508451510e-01,1.474425816073225803e+01,9.217718407016006310e+00
8.500850085008501145e-01,1.480267162119132607e+01,9.188052769729670999e+00
8.550855085508550779e-01,1.486142510564685182e+01,9.158633612424834425e+00
8.600860086008601524e-01,1.492051813621525014e+01,9.129458499085046697e+00
8.650865086508651158e-01,1.497995023070254739e+01,9.100525000476775261e+00
8.700870087008700793e-01,1.503972090260436900e+01,9.071830694149429775e+00
8.750875087508751538e-01,1.509982966110594482e+01,9.043373164435354994e+00
8.800880088008801172e-01,1.516027601108210732e+01,9.015150002449818345e+00
8.850885088508850806e-01,1.522105945309729691e+01,8.987158806091025909e+00
8.900890089008901551e-01,1.528217948340555488e+01,8.959397180040118869e+00
8.950895089508951186e-01,1.534363559395052334e+01,8.931862735761182392e+00
9.000900090009000820e-01,1.540542727236545417e+01,8.904553091501211881e+00
9.050905090509051565e-01,1.546755400197320185e+01,8.877465872290153825e+00
9.100910091009101199e-01,1.553001526178621816e+01,8.850598709940884490e+00
9.150915091509150834e-01,1.559281052650656463e+01,8.823949243049206359e+00
9.200920092009201579e-01,1.565593926652591072e+01,8.797515116993864126e+00
9.250925092509251213e-01,1.571940094792551790e+01,8.771293983936534033e+00
9.300930093009300847e-01,1.578319503247626088e+01,8.745283502821825650e+00
9.350935093509351592e-01,1.584732097763861347e+01,8.719481339377274765e+00
9.400940094009401227e-01,1.591177823656265744e+01,8.693885166113364704e+00
9.450945094509450861e-01,1.597656991613151334e+01,8.668493080776931592e+00
9.500950095009501606e-01,1.604170536860854313e+01,8.643304302634088998e+00
9.550955095509551240e-01,1.610718412431538482e+01,8.618317342435959816e+00
9.600960096009600875e-01,1.617300509874020165e+01,8.593530660620427142e+00
9.650965096509651620e-01,1.623916719467142045e+01,8.568942724939468292e+00
9.700970097009701254e-01,1.630566930219772104e+01,8.544552010459145919e+00
9.750975097509751999e-01,1.637251029870803976e+01,8.520356999559615119e+00
9.800980098009801633e-01,1.643968904889156946e+01,8.496356181935121654e+00
9.850985098509851268e-01,1.650720440473777373e+01,8.472548054593996625e+00
9.900990099009902012e-01,1.657505520553636202e+01,8.448931121858667126e+00
9.950995099509951647e-01,1.664324027787730031e+01,8.425503895365645590e+00
1.000100010001000239e+00,1.671175843565082175e+01,8.402264894065538670e+00
1.005100510051005092e+00,1.678060848004740890e+01,8.379212644223038353e+00
1.010101010101010166e+00,1.684978919955781151e+01,8.356345679416930849e+00
1.015101510151015241e+00,1.691929936997303230e+01,8.333662540540087704e+00
1.020102010201020093e+00,1.698913775438432339e+01,8.311161775799476459e+00
1.025102510251025167e+00,1.705930310318321474e+01,8.288841940716146439e+00
1.030103010301030242e+00,1.712979415406147510e+01,8.266701598125246520e+00
1.035103510351035094e+00,1.720060963201114035e+01,8.244739318176009135e+00
1.040104010401040169e+00,1.727174824932451003e+01,8.222953678331755611e+00
1.045104510451045243e+00,1.734320870559412597e+01,8.201343263369903269e+00
1.050105010501050096e+00,1.741498968771280076e+01,8.179906665381956543e+00
1.055105510551055170e+00,1.748708986987360348e+01,8.158642483773505205e+00
1.060106010601060245e+00,1.755950791356985263e+01,8.137549325264236799e+00
1.065106510651065097e+00,1.763224246759513747e+01,8.116625803887924206e+00
1.070107010701070172e+00,1.770529216804329309e+01,8.095870540992429198e+00
1.075107510751075246e+00,1.777865563830842532e+01,8.075282165239709542e+00
1.080108010801080098e+00,1.785233148908488232e+01,8.054859312605804789e+00
1.085108510851085173e+00,1.792631831836729006e+01,8.034600626380850485e+00
1.090109010901090247e+00,1.800061471145050973e+01,8.014504757169069293e+00
1.095109510951095100e+00,1.807521924092967680e+01,7.994570362888777204e+00
1.100110011001100174e+00,1.815013046670018326e+01,7.974796108772375547e+00
1.105110511051105249e+00,1.822534693595767408e+01,7.955180667366357206e+00
1.110111011101110101e+00,1.830086718319805072e+01,7.935722718531309283e+00
1.115111511151115176e+00,1.837668973021748187e+01,7.916420949441899779e+00
1.120112011201120250e+00,1.845281308611238558e+01,7.897274054586896241e+00
1.125112511251125103e+00,1.852923574727943645e+01,7.878280735769151555e+00
1.130113011301130177e+00,1.860595619741557982e+01,7.859439702105607495e+00
1.135113511351135251e+00,1.868297290751801043e+01,7.840749670027298279e+00
1.140114011401140104e+00,1.876028433588416888e+01,7.822209363279347016e+00
1.145114511451145178e+00,1.883788892811178073e+01,7.803817512920966593e+00
1.150115011501150253e+00,1.891578511709880672e+01,7.785572857325460561e+00
1.155115511551155105e+00,1.899397132304347480e+01,7.767474142180222252e+00
1.160116011601160180e+00,1.907244595344427651e+01,7.749520120486733887e+00
1.165116511651165254e+00,1.915120740309994574e+01,7.731709552560569243e+00
1.170117011701170107e+00,1.923025405410948707e+01,7.714041206031391873e+00
1.175117511751175181e+00,1.930958427587216519e+01,7.696513855842953333e+00
1.180118011801180256e+00,1.938919642508749064e+01,7.679126284253096735e+00
1.185118511851185108e+00,1.946908884575523402e+01,7.661877280833756743e+00
1.190119011901190182e+00,1.954925986917544023e+01,7.644765642470954248e+00
1.195119511951195257e+00,1.962970781394839648e+01,7.627790173364803472e+00
1.200120012001200109e+00,1.971043098597464649e+01,7.610949685029506639e+00
1.205120512051205184e+00,1.979142767845500472e+01,7.594242996293354864e+00
1.210121012101210258e+00,1.987269617189053150e+01,7.577668933298734366e+00
1.215121512151215111e+00,1.995423473408254722e+01,7.561226329502114929e+00
1.220122012201220185e+00,2.003604162013264300e+01,7.544914025674060554e+00
1.225122512251225260e+00,2.011811507244264874e+01,7.528730869899222355e+00
1.230123012301230112e+00,2.020045332071466504e+01,7.512675717576345669e+00
1.235123512351235187e+00,2.028305458195105260e+01,7.496747431418260277e+00
1.240124012401240261e+00,2.036591706045441441e+01,7.480944881451890183e+00
1.245124512451245113e+00,2.044903894782763132e+01,7.465266945018248279e+00
1.250125012501250188e+00,2.053241842297382647e+01,7.449712506772434573e+00
1.255125512551255262e+00,2.061605365209638663e+01,7.434280458683643289e+00
1.260126012601260115e+00,2.069994278869895865e+01,7.418969700035157544e+00
1.265126512651265189e+00,2.078408397358544946e+01,7.403779137424347567e+00
1.270127012701270264e+00,2.086847533486001893e+01,7.388707684762676919e+00
1.275127512751275116e+00,2.095311498792708349e+01,7.373754263275698051e+00
1.280128012801280191e+00,2.103800103549132317e+01,7.358917801503052303e+00
1.285128512851285265e+00,2.112313156755767096e+01,7.344197235298472570e+00
1.290129012901290118e+00,2.120850466143131996e+01,7.329591507829780639e+00
1.295129512951295192e+00,2.129411838171772686e+01,7.315099569578888961e+00
1.300130013001300266e+00,2.137997078032260134e+01,7.300720378341797989e+00
1.305130513051305119e+00,2.146605989645189894e+01,7.286452899228602398e+00
1.310131013101310193e+00,2.155238375661185657e+01,7.272296104663482197e+00
1.315131513151315268e+00,2.163894037460895703e+01,7.258248974384708951e+00
1.320132013201320120e+00,2.172572775154993252e+01,7.244310495444647557e+00
1.325132513251325195e+00,2.181274387584179664e+01,7.230479662209745584e+00
1.330133013301330269e+00,2.189998672319179462e+01,7.216755476360548371e+00
1.335133513351335122e+00,2.198745425660744957e+01,7.203136946891686598e+00
1.340134013401340196e+00,2.207514442639653396e+01,7.189623090111881609e+00
1.345134513451345271e+00,2.216305517016707682e+01,7.176212929643945415e+00
1.350135013501350123e+00,2.225118441282736725e+01,7.162905496424779805e+00
1.355135513551355197e+00,2.233953006658595442e+01,7.149699828705375459e+00
1.360136013601360272e+00,2.242809003095164755e+01,7.136594972050815500e+00
1.365136513651365124e+00,2.251686219273350176e+01,7.123589979340270162e+00
1.370137013701370199e+00,2.260584442604084643e+01,7.110683910767002125e+00
1.375137513751375273e+00,2.269503459228326037e+01,7.097875833838362070e+00
1.380138013801380126e+00,2.278443054017057179e+01,7.085164823375793119e+00
1.385138513851385200e+00,2.287403010571289030e+01,7.072549961514823735e+00
1.390139013901390275e+00,2.296383111222056428e+01,7.060030337705077486e+00
1.395139513951395127e+00,2.305383137030419860e+01,7.047605048710265940e+00
1.400140014001400202e+00,2.314402867787467244e+01,7.035273198608188672e+00
1.405140514051405276e+00,2.323442082014311083e+01,7.023033898790737695e+00
1.410141014101410128e+00,2.332500556962089533e+01,7.010886267963894802e+00
1.415141514151415203e+00,2.341578068611967467e+01,6.998829432147730678e+00
1.420142014201420277e+00,2.350674391675135055e+01,6.986862524676405783e+00
1.425142514251425130e+00,2.359789299592807765e+01,6.974984686198174799e+00
1.430143014301430204e+00,2.368922564536227782e+01,6.963195064675374191e+00
1.435143514351435279e+00,2.378073957406662942e+01,6.951492815384436419e+00
1.440144014401440131e+00,2.387243247835405668e+01,6.939877100915883723e+00
1.445144514451445206e+00,2.396430204183776524e+01,6.928347091174327232e+00
1.450145014501450280e+00,2.405634593543119593e+01,6.916901963378466078e+00
1.455145514551455133e+00,2.414856181734805318e+01,6.905540902061091835e+00
1.460146014601460207e+00,2.424094733310231931e+01,6.894263099069085854e+00
1.465146514651465282e+00,2.433350011550820113e+01,6.883067753563419267e+00
1.470147014701470134e+00,2.442621778468018334e+01,6.871954072019152093e+00
1.475147514751475208e+00,2.451909794803301068e+01,6.860921268225435909e+00
1.480148014801480283e+00,2.461213820028168087e+01,6.849968563285509404e+00
1.485148514851485135e+00,2.470533612344144458e+01,6.839095185616706374e+00
1.490149014901490210e+00,2.479868928682782325e+01,6.828300370950444176e+00
1.495149514951495284e+00,2.489219524705658770e+01,6.817583362332236163e+00
1.500150015001500137e+00,2.498585154804375819e+01,6.806943410121681914e+00
1.505150515051505211e+00,2.507965572100563634e+01,6.796379771992471674e+00
1.510151015101510286e+00,2.517360528445875900e+01,6.785891712932385467e+00
1.515151515151515138e+00,2.526769774421993375e+01,6.775478505243294869e+00
1.520152015201520213e+00,2.536193059340622824e+01,6.765139428541159461e+00
1.525152515251525287e+00,2.545630131243494532e+01,6.754873769756030377e+00
1.530153015301530139e+00,2.555080736902367988e+01,6.744680823132047642e+00
1.535153515351535214e+00,2.564544621819026204e+01,6.734559890227441059e+00
1.540154015401540288e+00,2.574021530225278553e+01,6.724510279914531985e+00
1.545154515451545141e+00,2.583511205082960061e+01,6.714531308379729779e+00
1.550155015501550215e+00,2.593013388083932824e+01,6.704622299123533580e+00
1.555155515551555290e+00,2.602527819650082108e+01,6.694782582960536743e+00
1.560156015601560142e+00,2.612054238933321315e+01,6.685011498019417076e+00
1.565156515651565217e+00,2.621592383815588789e+01,6.675308389742944826e+00
1.570157015701570291e+00,2.631141990908849237e+01,6.665672610887980021e+00
1.575157515751575144e+00,2.640702795555091598e+01,6.656103521525473354e+00
1.580158015801580218e+00,2.650274531826332591e+01,6.646600489040464410e+00
1.585158515851585292e+00,2.659856932524613882e+01,6.637162888132082550e+00
1.590159015901590145e+00,2.669449729182001718e+01,6.627790100813548690e+00
1.595159515951595219e+00,2.679052652060590844e+01,6.618481516412172638e+00
1.600160016001600294e+00,2.688665430152499525e+01,6.609236531569353090e+00
1.605160516051605146e+00,2.698287791179872741e+01,6.600054550240580298e+00
1.610161016101610221e+00,2.707919461594880772e+01,6.590934983695435179e+00
1.615161516151615295e+00,2.717560166579720971e+01,6.581877250517586653e+00
1.620162016201620148e+00,2.727209630046614208e+01,6.572880776604794306e+00
1.625162516251625222e+00,2.736867574637809497e+01,6.563944995168906615e+00
1.630163016301630297e+00,2.746533721725581145e+01,6.555069346735866276e+00
1.635163516351635149e+00,2.756207791412226982e+01,6.546253279145699544e+00
1.640164016401640223e+00,2.765889502530074395e+01,6.537496247552527784e+00
1.645164516451645298e+00,2.775578572641473585e+01,6.528797714424559473e+00
1.650165016501650150e+00,2.785274718038801467e+01,6.520157149544095532e+00
1.655165516551655225e+00,2.794977653744461321e+01,6.511574030007523994e+00
1.660166016601660299e+00,2.804687093510882079e+01,6.503047840225324450e+00
1.665166516651665152e+00,2.814402749820516902e+01,6.494578071922067153e+00
1.670167016701670226e+00,2.824124333885848159e+01,6.486164224136411249e+00
1.675167516751675301e+00,2.833851555649380316e+01,6.477805803221103886e+00
1.680168016801680153e+00,2.843584123783644912e+01,6.469502322842988207e+00
1.685168516851685228e+00,2.853321745691200562e+01,6.461253303982989138e+00
1.690169016901690302e+00,2.863064127504630818e+01,6.453058274936129379e+00
1.695169516951695154e+00,2.872810974086544178e+01,6.444916771311515191e+00
1.700170017001700229e+00,2.882561989029576921e+01,6.436828336032347941e+00
1.705170517051705303e+00,2.892316874656388137e+01,6.428792519335915223e+00
1.710171017101710156e+00,2.902075332019665410e+01,6.420808878773597073e+00
1.715171517151715230e+00,2.911837060902121621e+01,6.412876979210862416e+00
1.720172017201720305e+00,2.921601759816494592e+01,6.404996392827268181e+00
1.725172517251725157e+00,2.931369126005547798e+01,6.397166699116466404e+00
1.730173017301730232e+00,2.941138855442072497e+01,6.389387484886194457e+00
1.735173517351735306e+00,2.950910642828883113e+01,6.381658344258279492e+00
1.740174017401740159e+00,2.960684181598821496e+01,6.373978878668642878e+00
1.745174517451745233e+00,2.970459163914755152e+01,6.366348696867293100e+00
1.750175017501750308e+00,2.980235280669577236e+01,6.358767414918327532e+00
1.755175517551755160e+00,2.990012221486205846e+01,6.351234656199935991e+00
1.760176017601760234e+00,2.999789674717587218e+01,6.343750051404394519e+00
1.765176517651765309e+00,3.009567327446689688e+01,6.336313238538076043e+00
1.770177017701770161e+00,3.019344865486510798e+01,6.328923862921436161e+00
1.775177517751775236e+00,3.029121973380073030e+01,6.321581577189024692e+00
1.780178017801780310e+00,3.038898334400423806e+01,6.314286041289477680e+00
1.785178517851785163e+00,3.048673630550636204e+01,6.307036922485528052e+00
1.790179017901790237e+00,3.058447542563810373e+01,6.299833895353990521e+00
1.795179517951795312e+00,3.068219749903071403e+01,6.292676641785774905e+00
1.800180018001800164e+00,3.077989930761570037e+01,6.285564850985879026e+00
1.805180518051805238e+00,3.087757762062484090e+01,6.278498219473391373e+00
1.810181018101810313e+00,3.097522919459015611e+01,6.271476451081490211e+00
1.815181518151815165e+00,3.107285077334393009e+01,6.264499256957444473e+00
1.820182018201820240e+00,3.117043908801871055e+01,6.257566355562611093e+00
1.825182518251825314e+00,3.126799085704728753e+01,6.250677472672438562e+00
1.830183018301830167e+00,3.136550278616273602e+01,6.243832341376466033e+00
1.835183518351835241e+00,3.146297156839835907e+01,6.237030702078319777e+00
1.840184018401840316e+00,3.156039388408774471e+01,6.230272302495720282e+00
1.845184518451845168e+00,3.165776640086470906e+01,6.223556897660474263e+00
1.850185018501850243e+00,3.175508577366336027e+01,6.216884249918478211e+00
1.855185518551855317e+00,3.185234864471803462e+01,6.210254128929721951e+00
1.860186018601860169e+00,3.194955164356334620e+01,6.203666311668283306e+00
1.865186518651865244e+00,3.204669138703415854e+01,6.197120582422329882e+00
1.870187018701870318e+00,3.214376447926559877e+01,6.190616732794119059e+00
1.875187518751875171e+00,3.224076751169302923e+01,6.184154561699998887e+00
1.880188018801880245e+00,3.233769706305211145e+01,6.177733875370408079e+00
1.885188518851885320e+00,3.243454969937874210e+01,6.171354487349871576e+00
1.890189018901890172e+00,3.253132197400905312e+01,6.165016218497011202e+00
1.895189518951895247e+00,3.262801042757948977e+01,6.158718896984531455e+00
1.900190019001900321e+00,3.272461158802668990e+01,6.152462358299229273e+00
1.905190519051905174e+00,3.282112197058760472e+01,6.146246445241994927e+00
1.910191019101910248e+00,3.291753807779942065e+01,6.140071007927804914e+00
1.915191519151915323e+00,3.301385639949957351e+01,6.133935903785726396e+00
1.920192019201920175e+00,3.311007341282576988e+01,6.127840997558918090e+00
1.925192519251925249e+00,3.320618558221597283e+01,6.121786161304624940e+00
1.930193019301930324e+00,3.330218935940840908e+01,6.115771274394186108e+00
1.935193519351935398e+00,3.339808118344154053e+01,6.109796223513027869e+00
1.940194019401940251e+00,3.349385748065410695e+01,6.103860902660669829e+00
1.945194519451945325e+00,3.358951466468510461e+01,6.097965213150716046e+00
1.950195019501950400e+00,3.368504913647379340e+01,6.092109063610866571e+00
1.955195519551955252e+00,3.378045728425966132e+01,6.086292369982906791e+00
1.960196019601960327e+00,3.387573548358248843e+01,6.080515055522715429e+00
1.965196519651965401e+00,3.397088009728230418e+01,6.074777050800257427e+00
1.970197019701970254e+00,3.406588079366359523e+01,6.069075677175696626e+00
1.975197519751975328e+00,3.416072747520043151e+01,6.063407739554284248e+00
1.980198019801980402e+00,3.425541851243511360e+01,6.057773013383735083e+00
1.985198519851985255e+00,3.434995229777620551e+01,6.052171279008036642e+00
1.990199019901990329e+00,3.444432723467584623e+01,6.046602317658359205e+00
1.995199519951995404e+00,3.453854173762972124e+01,6.041065911453053161e+00
2.000200020002000478e+00,3.463259423217704125e+01,6.035561843397652559e+00
2.005200520052005331e+00,3.472648315490059900e+01,6.030089897384870667e+00
2.010201020102010183e+00,3.482020695342670535e+01,6.024649858194602636e+00
2.015201520152015480e+00,3.491376408642524609e+01,6.019241511493926389e+00
2.020202020202020332e+00,3.500715302360963221e+01,6.013864643837099955e+00
2.025202520252025185e+00,3.510037224573683545e+01,6.008519042665562360e+00
2.030203020302030481e+00,3.519342024460738827e+01,6.003204496307936289e+00
2.035203520352035333e+00,3.528629552306534833e+01,5.997920793980023646e+00
2.040204020402040186e+00,3.537899659499832694e+01,5.992667725784809107e+00
2.045204520452045482e+00,3.547152198533751744e+01,5.987445082712457456e+00
2.050205020502050335e+00,3.556387023005760284e+01,5.982252656640316246e+00
2.055205520552055187e+00,3.565603987617685533e+01,5.977090240332914917e+00
2.060206020602060484e+00,3.574802948175710782e+01,5.971957627441961236e+00
2.065206520652065336e+00,3.583983761590369710e+01,5.966854612506348410e+00
2.070207020702070189e+00,3.593146285876554202e+01,5.961780990952148862e+00
2.075207520752075485e+00,3.602290380153510796e+01,5.956736559092616012e+00
2.080208020802080338e+00,3.611415904644839259e+01,5.951721114128186940e+00
2.085208520852085190e+00,3.620522720678495432e+01,5.946734454146477944e+00
2.090209020902090487e+00,3.629610690686790520e+01,5.941776378122287205e+00
2.095209520952095339e+00,3.638679678206388957e+01,5.936846685917596567e+00
2.100210021002100191e+00,3.647729547878311962e+01,5.931945178281565312e+00
2.105210521052105488e+00,3.656760165447934696e+01,5.927071656850537273e+00
2.110211021102110340e+00,3.665771397764986261e+01,5.922225924148037279e+00
2.115211521152115193e+00,3.674763112783552543e+01,5.917407783584770264e+00
2.120212021202120489e+00,3.683735179562073370e+01,5.912617039458623047e+00
2.125212521252125342e+00,3.692687468263341799e+01,5.907853496954666106e+00
2.130213021302130194e+00,3.701619850154509095e+01,5.903116962145149138e+00
2.135213521352135491e+00,3.710532197607080462e+01,5.898407241989501948e+00
2.140214021402140343e+00,3.719424384096912206e+01,5.893724144334338888e+00
2.145214521452145195e+00,3.728296284204221678e+01,5.889067477913454418e+00
2.150215021502150492e+00,3.737147773613576618e+01,5.884437052347823993e+00
2.155215521552155344e+00,3.745978729113900130e+01,5.879832678145605840e+00
2.160216021602160197e+00,3.754789028598472100e+01,5.875254166702137404e+00
2.165216521652165493e+00,3.763578551064927069e+01,5.870701330299938903e+00
2.170217021702170346e+00,3.772347176615251385e+01,5.866173982108713325e+00
2.175217521752175198e+00,3.781094786455790313e+01,5.861671936185342879e+00
2.180218021802180495e+00,3.789821262897242349e+01,5.857195007473891657e+00
2.185218521852185347e+00,3.798526489354659219e+01,5.852743011805607409e+00
2.190219021902190200e+00,3.807210350347450145e+01,5.848315765898915330e+00
2.195219521952195496e+00,3.815872731499379000e+01,5.843913087359425163e+00
2.200220022002200349e+00,3.824513519538561468e+01,5.839534794679927643e+00
2.205220522052205201e+00,3.833132602297470726e+01,5.835180707240394504e+00
2.210221022102210497e+00,3.841729868712936735e+01,5.830850645307977587e+00
2.215221522152215350e+00,3.850305208826139847e+01,5.826544430037012390e+00
2.220222022202220202e+00,3.858858513782617194e+01,5.822261883469016297e+00
2.225222522252225499e+00,3.867389675832262697e+01,5.818002828532684134e+00
2.230223022302230351e+00,3.875898588329322791e+01,5.813767089043897052e+00
2.235223522352235204e+00,3.884385145732398570e+01,5.809554489705714531e+00
2.240224022402240500e+00,3.892849243604448617e+01,5.805364856108377936e+00
2.245224522452245353e+00,3.901290778612783328e+01,5.801198014729311403e+00
2.250225022502250205e+00,3.909709648529070591e+01,5.797053792933120064e+00
2.255225522552255502e+00,3.918105752229331529e+01,5.792932018971588271e+00
2.260226022602260354e+00,3.926478989693941202e+01,5.788832521983684920e+00
2.265226522652265206e+00,3.934829262007632167e+01,5.784755131995558131e+00
2.270227022702270503e+00,3.943156471359491633e+01,5.780699679920539680e+00
2.275227522752275355e+00,3.951460521042958618e+01,5.776665997559140564e+00
2.280228022802280208e+00,3.959741315455830346e+01,5.772653917599053663e+00
2.285228522852285504e+00,3.967998760100257982e+01,5.768663273615154630e+00
2.290229022902290357e+00,3.976232761582745212e+01,5.764693900069500110e+00
2.295229522952295209e+00,3.984443227614154637e+01,5.760745632311326858e+00
2.300230023002300506e+00,3.992630067009702088e+01,5.756818306577053512e+00
2.305230523052305358e+00,4.000793189688955209e+01,5.752911759990281482e+00
2.310231023102310211e+00,4.008932506675841978e+01,5.749025830561793171e+00
2.315231523152315507e+00,4.017047930098641473e+01,5.745160357189551092e+00
2.320232023202320359e+00,4.025139373189988135e+01,5.741315179658700529e+00
2.325232523252325212e+00,4.033206750286872477e+01,5.737490138641567761e+00
2.330233023302330508e+00,4.041249976830639667e+01,5.733685075697660061e+00
2.335233523352335361e+00,4.049268969366988102e+01,5.729899833273668364e+00
2.340234023402340213e+00,4.057263645545972963e+01,5.726134254703461046e+00
2.345234523452345510e+00,4.065233924122004794e+01,5.722388184208091033e+00
2.350235023502350362e+00,4.073179724953845238e+01,5.718661466895792245e+00
2.355235523552355215e+00,4.081100969004615564e+01,5.714953948761978708e+00
2.360236023602360511e+00,4.088997578341789563e+01,5.711265476689248111e+00
2.365236523652365364e+00,4.096869476137194965e+01,5.707595898447377358e+00
2.370237023702370216e+00,4.104716586667016287e+01,5.703945062693327017e+00
2.375237523752375512e+00,4.112538835311793406e+01,5.700312818971235096e+00
2.380238023802380365e+00,4.120336148556417299e+01,5.696699017712426816e+00
2.385238523852385217e+00,4.128108453990137861e+01,5.693103510235403952e+00
2.390239023902390514e+00,4.135855680306558924e+01,5.689526148745851053e+00
2.395239523952395366e+00,4.143577757303637554e+01,5.685966786336637213e+00
2.400240024002400219e+00,4.151274615883687602e+01,5.682425276987807194e+00
2.405240524052405515e+00,4.158946188053376858e+01,5.678901475566592971e+00
2.410241024102410368e+00,4.166592406923727054e+01,5.675395237827403960e+00
2.415241524152415220e+00,4.174213206710116708e+01,5.671906420411832350e+00
2.420242024202420517e+00,4.181808522732279698e+01,5.668434880848652213e+00
2.425242524252425369e+00,4.189378291414301714e+01,5.664980477553819505e+00
2.430243024302430221e+00,4.196922450284625228e+01,5.661543069830469399e+00
2.435243524352435518e+00,4.204440937976048787e+01,5.658122517868919843e+00
2.440244024402440370e+00,4.211933694225722036e+01,5.654718682746671554e+00
2.445244524452445223e+00,4.219400659875154247e+01,5.651331426428404470e+00
2.450245024502450519e+00,4.226841776870207212e+01,5.647960611765981298e+00
2.455245524552455372e+00,4.234256988261095955e+01,5.644606102498445743e+00
2.460246024602460224e+00,4.241646238202392993e+01,5.641267763252023393e+00
2.465246524652465521e+00,4.249009471953026207e+01,5.637945459540119941e+00
2.470247024702470373e+00,4.256346635876273865e+01,5.634639057763324743e+00
2.475247524752475226e+00,4.263657677439775284e+01,5.631348425209406372e+00
2.480248024802480522e+00,4.270942545215520170e+01,5.628073430053315285e+00
2.485248524852485374e+00,4.278201188879853589e+01,5.624813941357185598e+00
2.490249024902490227e+00,4.285433559213478105e+01,5.621569829070329760e+00
2.495249524952495523e+00,4.292639608101449511e+01,5.618340964029243878e+00
2.500250025002500376e+00,4.299819288533177541e+01,5.615127217957605055e+00
2.505250525052505228e+00,4.306972554602427294e+01,5.611928463466270500e+00
2.510251025102510525e+00,4.314099361507320651e+01,5.608744574053279308e+00
2.515251525152515377e+00,4.321199665550331304e+01,5.605575424103854232e+00
2.520252025202520230e+00,4.328273424138290437e+01,5.602420888890397244e+00
2.525252525252525526e+00,4.335320595782383890e+01,5.599280844572491311e+00
2.530253025302530379e+00,4.342341140098149310e+01,5.596155168196902174e+00
2.535253525352535231e+00,4.349335017805483261e+01,5.593043737697578344e+00
2.540254025402540528e+00,4.356302190728635537e+01,5.589946431895645773e+00
2.545254525452545380e+00,4.363242621796209164e+01,5.586863130499414964e+00
2.550255025502550232e+00,4.370156275041164662e+01,5.583793714104378303e+00
2.555255525552555529e+00,4.377043115600817202e+01,5.580738064193206505e+00
2.560256025602560381e+00,4.383903109716833058e+01,5.577696063135754834e+00
2.565256525652565234e+00,4.390736224735239546e+01,5.574667594189058661e+00
2.570257025702570530e+00,4.397542429106414374e+01,5.571652541497333466e+00
2.575257525752575383e+00,4.404321692385091325e+01,5.568650790091980163e+00
2.580258025802580235e+00,4.411073985230358119e+01,5.565662225891576220e+00
2.585258525852585532e+00,4.417799279405660684e+01,5.562686735701884544e+00
2.590259025902590384e+00,4.424497547778795337e+01,5.559724207215846370e+00
2.595259525952595236e+00,4.431168764321915887e+01,5.556774529013587482e+00
2.600260026002600533e+00,4.437812904111532220e+01,5.553837590562411108e+00
2.605260526052605385e+00,4.444429943328505317e+01,5.550913282216806799e+00
2.610261026102610238e+00,4.451019859258053657e+01,5.548001495218441548e+00
2.615261526152615534e+00,4.457582630289751080e+01,5.545102121696165121e+00
2.620262026202620387e+00,4.464118235917523947e+01,5.542215054666009166e+00
2.625262526252625239e+00,4.470626656739655402e+01,5.539340188031187218e+00
2.630263026302630536e+00,4.477107874458784664e+01,5.536477416582092914e+00
2.635263526352635388e+00,4.483561871881901340e+01,5.533626635996300891e+00
2.640264026402640241e+00,4.489988632920354661e+01,5.530787742838569443e+00
2.645264526452645537e+00,4.496388142589846382e+01,5.527960634560836972e+00
2.650265026502650390e+00,4.502760387010432908e+01,5.525145209502223764e+00
2.655265526552655242e+00,4.509105353406526007e+01,5.522341366889030212e+00
2.660266026602660538e+00,4.515423030106893520e+01,5.519549006834739480e+00
2.665266526652665391e+00,4.521713406544656522e+01,5.516768030340016615e+00
2.670267026702670243e+00,4.527976473257291445e+01,5.513998339292706774e+00
2.675267526752675540e+00,4.534212221886630800e+01,5.511239836467836994e+00
2.680268026802680392e+00,4.540420645178858194e+01,5.508492425527615310e+00
2.685268526852685245e+00,4.546601736984517572e+01,5.505756011021434304e+00
2.690269026902690541e+00,4.552755492258504688e+01,5.503030498385862224e+00
2.695269526952695394e+00,4.558881907060068528e+01,5.500315793944654530e+00
2.700270027002700246e+00,4.564980978552816282e+01,5.497611804908744126e+00
2.705270527052705543e+00,4.571052705004709082e+01,5.494918439376246688e+00
2.710271027102710395e+00,4.577097085788062003e+01,5.492235606332460662e+00
2.715271527152715247e+00,4.583114121379545480e+01,5.489563215649864603e+00
2.720272027202720544e+00,4.589103813360185313e+01,5.486901178088117170e+00
2.725272527252725396e+00,4.595066164415359822e+01,5.484249405294061575e+00
2.730273027302730249e+00,4.601001178334806241e+01,5.481607809801721132e+00
2.735273527352735545e+00,4.606908860012614326e+01,5.478976305032298377e+00
2.740274027402740398e+00,4.612789215447227775e+01,5.476354805294180395e+00
2.745274527452745250e+00,4.618642251741447069e+01,5.473743225782934374e+00
2.750275027502750547e+00,4.624467977102427341e+01,5.471141482581309390e+00
2.755275527552755399e+00,4.630266400841676955e+01,5.468549492659236400e+00
2.760276027602760252e+00,4.636037533375061059e+01,5.465967173873824692e+00
2.765276527652765548e+00,4.641781386222798744e+01,5.463394444969368990e+00
2.770277027702770400e+00,4.647497972009463751e+01,5.460831225577344128e+00
2.775277527752775253e+00,4.653187304463985186e+01,5.458277436216405931e+00
2.780278027802780549e+00,4.658849398419647514e+01,5.455732998292391223e+00
2.785278527852785402e+00,4.664484269814089146e+01,5.453197834098318708e+00
2.790279027902790254e+00,4.670091935689303853e+01,5.450671866814389865e+00
2.795279527952795551e+00,4.675672414191640058e+01,5.448155020507985391e+00
2.800280028002800403e+00,4.681225724571800839e+01,5.445647220133669641e+00
2.805280528052805256e+00,4.686751887184844634e+01,5.443148391533186192e+00
2.810281028102810552e+00,4.692250923490185244e+01,5.440658461435460502e+00
2.815281528152815405e+00,4.697722856051590412e+01,5.438177357456601690e+00
2.820282028202820257e+00,4.703167708537182534e+01,5.435705008099898095e+00
2.825282528252825553e+00,4.708585505719439368e+01,5.433241342755820824e+00
2.830283028302830406e+00,4.713976273475195455e+01,5.430786291702020208e+00
2.835283528352835258e+00,4.719340038785635727e+01,5.428339786103330233e+00
2.840284028402840555e+00,4.724676829736304740e+01,5.425901758011765885e+00
2.845284528452845407e+00,4.729986675517098149e+01,5.423472140366523142e+00
2.850285028502850260e+00,4.735269606422268396e+01,5.421050866993979866e+00
2.855285528552855556e+00,4.740525653850423993e+01,5.418637872607694028e+00
2.860286028602860409e+00,4.745754850304525974e+01,5.416233092808408145e+00
2.865286528652865261e+00,4.750957229391890735e+01,5.413836464084042177e+00
2.870287028702870558e+00,4.756132825824190746e+01,5.411447923809699745e+00
2.875287528752875410e+00,4.761281675417452419e+01,5.409067410247667240e+00
2.880288028802880262e+00,4.766403815092056817e+01,5.406694862547410274e+00
2.885288528852885559e+00,4.771499282872741077e+01,5.404330220745574564e+00
2.890289028902890411e+00,4.776568117888595566e+01,5.401973425765992154e+00
2.895289528952895264e+00,4.781610360373066726e+01,5.399624419419671639e+00
2.900290029002900560e+00,4.786626051663956360e+01,5.397283144404806166e+00
2.905290529052905413e+00,4.791615234203418794e+01,5.394949544306768097e+00
2.910291029102910265e+00,4.796577951537966555e+01,5.392623563598114345e+00
2.915291529152915562e+00,4.801514248318463274e+01,5.390305147638578376e+00
2.920292029202920414e+00,4.806424170300131493e+01,5.387994242675079981e+00
2.925292529252925267e+00,4.811307764342544857e+01,5.385690795841718170e+00
2.930293029302930563e+00,4.816165078409634503e+01,5.383394755159772949e+00
2.935293529352935415e+00,4.820996161569685512e+01,5.381106069537707093e+00
2.940294029402940268e+00,4.825801063995338325e+01,5.378824688771163487e+00
2.945294529452945564e+00,4.830579836963587326e+01,5.376550563542966898e+00
2.950295029502950417e+00,4.835332532855782262e+01,5.374283645423125755e+00
2.955295529552955269e+00,4.840059205157627531e+01,5.372023886868825926e+00
2.960296029602960566e+00,4.844759908459184317e+01,5.369771241224436942e+00
2.965296529652965418e+00,4.849434698454864900e+01,5.367525662721510216e+00
2.970297029702970271e+00,4.854083631943439059e+01,5.365287106478777268e+00
2.975297529752975567e+00,4.858706766828032642e+01,5.363055528502152391e+00
2.980298029802980420e+00,4.863304162116122598e+01,5.360830885684730873e+00
2.985298529852985272e+00,4.867875877919544081e+01,5.358613135806788108e+00
2.990299029902990569e+00,4.872421975454486187e+01,5.356402237535782263e+00
2.995299529952995421e+00,4.876942517041491953e+01,5.354198150426354275e+00
3.000300030003000273e+00,4.881437566105459069e+01,5.352000834920323413e+00
3.005300530053005570e+00,4.885907187175643429e+01,5.349810252346691719e+00
3.010301030103010422e+00,4.890351445885650605e+01,5.347626364921644004e+00
3.015301530153015275e+00,4.894770408973445797e+01,5.345449135748545189e+00
3.020302030203020571e+00,4.899164144281346722e+01,5.343278528817941186e+00
3.025302530253025424e+00,4.903532720756025753e+01,5.341114509007560684e+00
3.030303030303030276e+00,4.907876208448511335e+01,5.338957042082313365e+00
3.035303530353035573e+00,4.912194678514186563e+01,5.336806094694289904e+00
3.040304030403040425e+00,4.916488203212787766e+01,5.334661634382762863e+00
3.045304530453045277e+00,4.920756855908408056e+01,5.332523629574184909e+00
3.050305030503050574e+00,4.925000711069495196e+01,5.330392049582192371e+00
3.055305530553055426e+00,4.929219844268850892e+01,5.328266864607601683e+00
3.060306030603060279e+00,4.933414332183632922e+01,5.326148045738412051e+00
3.065306530653065575e+00,4.937584252595353007e+01,5.324035564949801014e+00
3.070307030703070428e+00,4.941729684389877519e+01,5.321929395104130656e+00
3.075307530753075280e+00,4.945850707557428905e+01,5.319829509950943169e+00
3.080308030803080577e+00,4.949947403192584261e+01,5.317735884126962631e+00
3.085308530853085429e+00,4.954019853494273917e+01,5.315648493156095000e+00
3.090309030903090282e+00,4.958068141765784276e+01,5.313567313449425455e+00
3.095309530953095578e+00,4.962092352414758523e+01,5.311492322305223723e+00
3.100310031003100431e+00,4.966092570953190233e+01,5.309423497908938749e+00
3.105310531053105283e+00,4.970068883997431897e+01,5.307360819333201363e+00
3.110311031103110579e+00,4.974021379268189946e+01,5.305304266537826052e+00
3.115311531153115432e+00,4.977950145590524045e+01,5.303253820369803861e+00
3.120312031203120284e+00,4.981855272893850639e+01,5.301209462563312158e+00
3.125312531253125581e+00,4.985736852211940118e+01,5.299171175739706641e+00
3.130313031303130433e+00,4.989594975682917521e+01,5.297138943407526668e+00
3.135313531353135286e+00,4.993429736549263254e+01,5.295112749962491705e+00
3.140314031403140582e+00,4.997241229157813791e+01,5.293092580687503101e+00
3.145314531453145435e+00,5.001029548959756710e+01,5.291078421752642313e+00
3.150315031503150287e+00,5.004794792510639212e+01,5.289070260215175345e+00
3.155315531553155584e+00,5.008537057470360310e+01,5.287068084019545644e+00
3.160316031603160436e+00,5.012256442603175799e+01,5.285071881997381205e+00
3.165316531653165288e+00,5.015953047777693286e+01,5.283081643867491017e+00
3.170317031703170585e+00,5.019626973966877870e+01,5.281097360235863292e+00
3.175317531753175437e+00,5.023278323248050015e+01,5.279119022595670785e+00
3.180318031803180290e+00,5.026907198802882704e+01,5.277146623327266362e+00
3.185318531853185586e+00,5.030513704917406415e+01,5.275180155698182105e+00
3.190319031903190439e+00,5.034097946982004146e+01,5.273219613863135535e+00
3.195319531953195291e+00,5.037660031491414259e+01,5.271264992864023391e+00
3.200320032003200588e+00,5.041200066044732608e+01,5.269316288629923406e+00
3.205320532053205440e+00,5.044718159345404729e+01,5.267373497977096974e+00
3.210321032103210293e+00,5.048214421201237201e+01,5.265436618608983821e+00
3.215321532153215589e+00,5.051688962524386284e+01,5.263505649116207330e+00
3.220322032203220441e+00,5.055141895331367152e+01,5.261580588976571882e+00
3.225322532253225294e+00,5.058573332743045370e+01,5.259661438555063739e+00
3.230323032303230590e+00,5.061983388984646837e+01,5.257748199103847497e+00
3.235323532353235443e+00,5.065372179385747131e+01,5.255840872762274962e+00
3.240324032403240295e+00,5.068739820380280037e+01,5.253939462556874496e+00
3.245324532453245592e+00,5.072086429506533989e+01,5.252043972401358118e+00
3.250325032503250444e+00,5.075412125407150654e+01,5.250154407096617959e+00
3.255325532553255297e+00,5.078717027829127062e+01,5.248270772330728917e+00
3.260326032603260593e+00,5.082001257623816315e+01,5.246393074678946888e+00
3.265326532653265446e+00,5.085264936746925457e+01,5.244521321603708763e+00
3.270327032703270298e+00,5.088508188258516896e+01,5.242655521454633316e+00
3.275327532753275595e+00,5.091731408605088660e+01,5.240795515268637850e+00
3.280328032803280447e+00,5.094936693274319595e+01,5.238940070882158295e+00
3.285328532853285299e+00,5.098124496434517283e+01,5.237088927903182700e+00
3.290329032903290596e+00,5.101294866687128859e+01,5.235242073012975617e+00
3.295329532953295448e+00,5.104447852861358115e+01,5.233399492852388590e+00
3.300330033003300301e+00,5.107583504014170472e+01,5.231561174021856608e+00
3.305330533053305597e+00,5.110701869430288724e+01,5.229727103081401651e+00
3.310331033103310450e+00,5.113802998622193741e+01,5.227897266550630029e+00
3.315331533153315302e+00,5.116886941330128025e+01,5.226071650908734156e+00
3.320332033203320599e+00,5.119953747522090026e+01,5.224250242594490778e+00
3.325332533253325451e+00,5.123003467393839117e+01,5.222433028006263633e+00
3.330333033303330303e+00,5.126036151368891325e+01,5.220619993502000789e+00
3.335333533353335600e+00,5.129051850098524312e+01,5.218811125399235529e+00
3.340334033403340452e+00,5.132050614461771687e+01,5.217006409975088133e+00
3.345334533453345305e+00,5.135032495565428690e+01,5.215205833466261431e+00
3.350335033503350601e+00,5.137997544744047218e+01,5.213409382069045250e+00
3.355335533553355454e+00,5.140945813559939381e+01,5.211617041939316408e+00
3.360336033603360306e+00,5.143877353803175367e+01,5.209828799192535165e+00
3.365336533653365603e+00,5.146792217491584864e+01,5.208044639903746997e+00
3.370337033703370455e+00,5.149690456870754929e+01,5.206264550107582600e+00
3.375337533753375308e+00,5.152572124414034249e+01,5.204488515798260551e+00
3.380338033803380604e+00,5.155437272822528172e+01,5.202716522929581977e+00
3.385338533853385456e+00,5.158285955025101543e+01,5.200948557414935003e+00
3.390339033903390309e+00,5.161118224178377289e+01,5.199184605127292080e+00
3.395339533953395605e+00,5.163934133666738546e+01,5.197424651899211767e+00
3.400340034003400458e+00,5.166733737102326529e+01,5.195668683522838727e+00
3.405340534053405310e+00,5.169517088325041243e+01,5.193916685749901063e+00
3.410341034103410607e+00,5.172284241402542193e+01,5.192168644291712987e+00
3.415341534153415459e+00,5.175035250630246964e+01,5.190424544819176589e+00
3.420342034203420312e+00,5.177770170531332639e+01,5.188684372962775626e+00
3.425342534253425608e+00,5.180489055856735092e+01,5.186948114312580849e+00
3.430343034303430461e+00,5.183191961585147567e+01,5.185215754418249112e+00
3.435343534353435313e+00,5.185878942923024226e+01,5.183487278789021602e+00
3.440344034403440610e+00,5.188550055304578024e+01,5.181762672893725608e+00
3.445344534453445462e+00,5.191205354391779281e+01,5.180041922160772749e+00
3.450345034503450314e+00,5.193844896074357109e+01,5.178325011978161641e+00
3.455345534553455611e+00,5.196468736469802252e+01,5.176611927693475224e+00
3.460346034603460463e+00,5.199076931923360689e+01,5.174902654613881658e+00
3.465346534653465316e+00,5.201669539008039322e+01,5.173197178006135211e+00
3.470347034703470612e+00,5.204246614524603842e+01,5.171495483096574475e+00
3.475347534753475465e+00,5.206808215501578019e+01,5.169797555071125927e+00
3.480348034803480317e+00,5.209354399195245833e+01,5.168103379075297710e+00
3.485348534853485614e+00,5.211885223089648633e+01,5.166412940214186733e+00
3.490349034903490466e+00,5.214400744896586559e+01,5.164726223552473350e+00
3.495349534953495318e+00,5.216901022555620671e+01,5.163043214114423130e+00
3.500350035003500615e+00,5.219386114234067975e+01,5.161363896883889524e+00
3.505350535053505467e+00,5.221856078327007111e+01,5.159688256804308537e+00
3.510351035103510320e+00,5.224310973457273377e+01,5.158016278778702279e+00
3.515351535153515616e+00,5.226750858475462280e+01,5.156347947669678966e+00
3.520352035203520469e+00,5.229175792459928118e+01,5.154683248299432918e+00
3.525352535253525321e+00,5.231585834716783268e+01,5.153022165449741898e+00
3.530353035303530618e+00,5.233981044779899605e+01,5.151364683861968885e+00
3.535353535353535470e+00,5.236361482410906376e+01,5.149710788237065628e+00
3.540354035403540323e+00,5.238727207599195168e+01,5.148060463235565543e+00
3.545354535453545619e+00,5.241078280561912806e+01,5.146413693477589035e+00
3.550355035503550472e+00,5.243414761743966324e+01,5.144770463542841732e+00
3.555355535553555324e+00,5.245736711818022258e+01,5.143130757970615363e+00
3.560356035603560620e+00,5.248044191684505222e+01,5.141494561259785101e+00
3.565356535653565473e+00,5.250337262471599331e+01,5.139861857868813999e+00
3.570357035703570325e+00,5.252615985535246068e+01,5.138232632215748552e+00
3.575357535753575622e+00,5.254880422459147127e+01,5.136606868678221360e+00
3.580358035803580474e+00,5.257130635054762990e+01,5.134984551593451130e+00
3.585358535853585327e+00,5.259366685361312932e+01,5.133365665258240895e+00
3.590359035903590623e+00,5.261588635645775014e+01,5.131750193928979797e+00
3.595359535953595476e+00,5.263796548402885378e+01,5.130138121821641306e+00
3.600360036003600328e+00,5.265990486355140376e+01,5.128529433111784996e+00
3.605360536053605625e+00,5.268170512452793730e+01,5.126924111934556549e+00
3.610361036103610477e+00,5.270336689873860081e+01,5.125322142384685975e+00
3.615361536153615329e+00,5.272489082024110019e+01,5.123723508516489389e+00
3.620362036203620626e+00,5.274627752537076475e+01,5.122128194343867236e+00
3.625362536253625478e+00,5.276752765274047619e+01,5.120536183840306066e+00
3.630363036303630331e+00,5.278864184324073250e+01,5.118947460938879424e+00
3.635363536353635627e+00,5.280962074003961249e+01,5.117362009532242517e+00
3.640364036403640480e+00,5.283046498858277573e+01,5.115779813472640214e+00
3.645364536453645332e+00,5.285117523659347682e+01,5.114200856571899045e+00
3.650365036503650629e+00,5.287175213407256535e+01,5.112625122601432537e+00
3.655365536553655481e+00,5.289219633329846459e+01,5.111052595292240319e+00
3.660366036603660334e+00,5.291250848882719993e+01,5.109483258334907241e+00
3.665366536653665630e+00,5.293268925749237042e+01,5.107917095379601591e+00
3.670367036703670482e+00,5.295273929840518434e+01,5.106354090036079540e+00
3.675367536753675335e+00,5.297265927295441656e+01,5.104794225873681590e+00
3.680368036803680631e+00,5.299244984480644405e+01,5.103237486421333458e+00
3.685368536853685484e+00,5.301211167990523876e+01,5.101683855167546078e+00
3.690369036903690336e+00,5.303164544647233924e+01,5.100133315560416492e+00
3.695369536953695633e+00,5.305105181500689326e+01,5.098585851007626957e+00
3.700370037003700485e+00,5.307033145828562226e+01,5.097041444876444061e+00
3.705370537053705338e+00,5.308948505136284979e+01,5.095500080493722272e+00
3.710371037103710634e+00,5.310851327157048019e+01,5.093961741145897726e+00
3.715371537153715487e+00,5.312741679851799859e+01,5.092426410078996213e+00
3.720372037203720339e+00,5.314619631409249934e+01,5.090894070498626078e+00
3.725372537253725636e+00,5.316485250245865046e+01,5.089364705569980885e+00
3.730373037303730488e+00,5.318338605005870789e+01,5.087838298417842076e+00
3.735373537353735340e+00,5.320179764561252966e+01,5.086314832126573648e+00
3.740374037403740637e+00,5.322008798011754038e+01,5.084794289740125706e+00
3.745374537453745489e+00,5.323825774684876677e+01,5.083276654262036232e+00
3.750375037503750342e+00,5.325630764135883055e+01,5.081761908655425763e+00
3.755375537553755638e+00,5.327423836147792713e+01,5.080250035843000944e+00
3.760376037603760491e+00,5.329205060731385402e+01,5.078741018707053634e+00
3.765376537653765343e+00,5.330974508125198952e+01,5.077234840089462686e+00
3.770377037703770640e+00,5.332732248795529983e+01,5.075731482791689508e+00
3.775377537753775492e+00,5.334478353436434617e+01,5.074230929574783389e+00
3.780378037803780344e+00,5.336212892969727051e+01,5.072733163159377945e+00
3.785378537853785641e+00,5.337935938544980274e+01,5.071238166225692900e+00
3.790379037903790493e+00,5.339647561539527487e+01,5.069745921413532308e+00
3.795379537953795346e+00,5.341347833558458547e+01,5.068256411322286326e+00
3.800380038003800642e+00,5.343036826434624942e+01,5.066769618510930329e+00
3.805380538053805495e+00,5.344714612228634820e+01,5.065285525498024910e+00
3.810381038103810347e+00,5.346381263228855829e+01,5.063804114761716768e+00
3.815381538153815644e+00,5.348036851951414405e+01,5.062325368739736042e+00
3.820382038203820496e+00,5.349681451140196486e+01,5.060849269829401642e+00
3.825382538253825349e+00,5.351315133766845378e+01,5.059375800387615030e+00
3.830383038303830645e+00,5.352937973030765306e+01,5.057904942730863773e+00
3.835383538353835498e+00,5.354550042359117867e+01,5.056436679135220658e+00
3.840384038403840350e+00,5.356151415406824157e+01,5.054970991836345462e+00
3.845384538453845646e+00,5.357742166056563349e+01,5.053507863029480518e+00
3.850385038503850499e+00,5.359322368418773408e+01,5.052047274869456928e+00
3.855385538553855795e+00,5.360892096831653930e+01,5.050589209470688346e+00
3.860386038603860648e+00,5.362451425861159038e+01,5.049133648907174532e+00
3.865386538653865500e+00,5.364000430301004485e+01,5.047680575212502241e+00
3.870387038703870797e+00,5.365539185172665526e+01,5.046229970379840779e+00
3.875387538753875649e+00,5.367067765725373363e+01,5.044781816361948223e+00
3.880388038803880502e+00,5.368586247436120118e+01,5.043336095071165204e+00
3.885388538853885798e+00,5.370094706009656704e+01,5.041892788379418455e+00
3.890389038903890651e+00,5.371593217378492824e+01,5.040451878118220819e+00
3.895389538953895503e+00,5.373081857702896258e+01,5.039013346078671240e+00
3.900390039003900799e+00,5.374560703370894288e+01,5.037577174011451220e+00
3.905390539053905652e+00,5.376029830998272274e+01,5.036143343626831026e+00
3.910391039103910504e+00,5.377489317428576499e+01,5.034711836594663481e+00
3.915391539153915801e+00,5.378939239733109190e+01,5.033282634544389289e+00
3.920392039203920653e+00,5.380379675210934209e+01,5.031855719065031707e+00
3.925392539253925506e+00,5.381810701388872076e+01,5.030431071705201873e+00
3.930393039303930802e+00,5.383232396021503519e+01,5.029008673973096144e+00
3.935393539353935655e+00,5.384644837091167346e+01,5.027588507336494317e+00
3.940394039403940507e+00,5.386048102807962579e+01,5.026170553222763182e+00
3.945394539453945804e+00,5.387442271609744893e+01,5.024754793018854748e+00
3.950395039503950656e+00,5.388827422162130176e+01,5.023341208071306241e+00
3.955395539553955508e+00,5.390203633358493107e+01,5.021929779686240991e+00
3.960396039603960805e+00,5.391570984319967863e+01,5.020520489129364883e+00
3.965396539653965657e+00,5.392929554395445990e+01,5.019113317625973458e+00
3.970397039703970510e+00,5.394279423161579246e+01,5.017708246360944813e+00
3.975397539753975806e+00,5.395620670422776755e+01,5.016305256478742258e+00
3.980398039803980659e+00,5.396953376211207853e+01,5.014904329083416989e+00
3.985398539853985511e+00,5.398277620786800668e+01,5.013505445238602753e+00
3.990399039903990808e+00,5.399593484637241403e+01,5.012108585967521179e+00
3.995399539953995660e+00,5.400901048477975053e+01,5.010713732252976449e+00
4.000400040004000957e+00,5.402200393252206823e+01,5.009320865037360626e+00
4.005400540054005809e+00,5.403491600130899286e+01,5.007929965222650104e+00
4.010401040104010661e+00,5.404774750512774517e+01,5.006541013670406493e+00
4.015401540154015514e+00,5.406049926024313379e+01,5.005153991201778396e+00
4.020402040204020366e+00,5.407317208519756235e+01,5.003768878597496972e+00
4.025402540254025219e+00,5.408576680081100818e+01,5.002385656597881258e+00
4.030403040304030959e+00,5.409828423018105070e+01,5.001004305902834624e+00
4.035403540354035812e+00,5.411072519868285013e+01,4.999624807171846541e+00
4.040404040404040664e+00,5.412309053396916170e+01,4.998247141023989926e+00
4.045404540454045517e+00,5.413538106597032851e+01,4.996871288037926462e+00
4.050405040504050369e+00,5.414759762689426736e+01,4.995497228751899499e+00
4.055405540554055221e+00,5.415974105122650428e+01,4.994124943663739380e+00
4.060406040604060962e+00,5.417181217573014607e+01,4.992754413230863442e+00
4.065406540654065815e+00,5.418381183944588741e+01,4.991385617870272462e+00
4.070407040704070667e+00,5.419574088369201093e+01,4.990018537958553324e+00
4.075407540754075519e+00,5.420760015206437998e+01,4.988653153831878129e+00
4.080408040804080372e+00,5.421939049043646719e+01,4.987289445786003306e+00
4.085408540854085224e+00,5.423111274695931172e+01,4.985927394076272279e+00
4.090409040904090965e+00,5.424276777206156197e+01,4.984566978917613689e+00
4.095409540954095817e+00,5.425435641844943291e+01,4.983208180484541394e+00
4.100410041004100670e+00,5.426587954110674161e+01,4.981850978911153582e+00
4.105410541054105522e+00,5.427733799729489306e+01,4.980495354291136323e+00
4.110411041104110375e+00,5.428873264655288722e+01,4.979141286677757350e+00
4.115411541154115227e+00,5.430006435069729065e+01,4.977788756083873167e+00
4.120412041204120968e+00,5.431133397382227912e+01,4.976437742481923721e+00
4.125412541254125820e+00,5.432254238229960919e+01,4.975088225803935948e+00
4.130413041304130672e+00,5.433369044477863241e+01,4.973740185941521119e+00
4.135413541354135525e+00,5.434477903218627404e+01,4.972393602745874830e+00
4.140414041404140377e+00,5.435580901772706142e+01,4.971048456027780560e+00
4.145414541454145230e+00,5.436678127688310980e+01,4.969704725557606118e+00
4.150415041504150970e+00,5.437769668741411522e+01,4.968362391065303640e+00
4.155415541554155823e+00,5.438855612935736872e+01,4.967021432240411372e+00
4.160416041604160675e+00,5.439936048502774213e+01,4.965681828732054548e+00
4.165416541654165528e+00,5.441011063901770939e+01,4.964343560148940959e+00
4.170417041704170380e+00,5.442080747819732522e+01,4.963006606059365389e+00
4.175417541754175232e+00,5.443145189171423226e+01,4.961670945991207837e+00
4.180418041804180973e+00,5.444204477099365391e+01,4.960336559431934411e+00
4.185418541854185825e+00,5.445258700973842281e+01,4.959003425828595546e+00
4.190419041904190678e+00,5.446307950392893815e+01,4.957671524587826895e+00
4.195419541954195530e+00,5.447352315182320837e+01,4.956340835075850215e+00
4.200420042004200383e+00,5.448391885395680845e+01,4.955011336618472484e+00
4.205420542054205235e+00,5.449426751314291550e+01,4.953683008501086782e+00
4.210421042104210976e+00,5.450457003447230164e+01,4.952355829968669632e+00
4.215421542154215828e+00,5.451482732531331266e+01,4.951029780225785437e+00
4.220422042204220681e+00,5.452503943408429166e+01,4.949704885124655007e+00
4.225422542254225533e+00,5.453520115693283543e+01,4.948381446485578650e+00
4.230423042304230385e+00,5.454531156663679070e+01,4.947059519796900950e+00
4.235423542354235238e+00,5.455537079260556510e+01,4.945739102167918233e+00
4.240424042404240978e+00,5.456537896541333765e+01,4.944420190694015282e+00
4.245424542454245831e+00,5.457533621679901614e+01,4.943102782456662680e+00
4.250425042504250683e+00,5.458524267966625843e+01,4.941786874523415918e+00
4.255425542554255536e+00,5.459509848808345822e+01,4.940472463947918946e+00
4.260426042604260388e+00,5.460490377728377354e+01,4.939159547769899739e+00
4.265426542654265241e+00,5.461465868366509113e+01,4.937848123015176505e+00
4.270427042704270981e+00,5.462436334479003364e+01,4.936538186695649699e+00
4.275427542754275834e+00,5.463401789938599507e+01,4.935229735809309126e+00
4.280428042804280686e+00,5.464362248734509109e+01,4.933922767340229498e+00
4.285428542854285539e+00,5.465317724972419455e+01,4.932617278258572213e+00
4.290429042904290391e+00,5.466268232874491417e+01,4.931313265520585354e+00
4.295429542954295243e+00,5.467213786779360873e+01,4.930010726068603688e+00
4.300430043004300984e+00,5.468154401142137999e+01,4.928709656831047781e+00
4.305430543054305836e+00,5.469090090534407267e+01,4.927410054722423993e+00
4.310431043104310689e+00,5.470020869644227446e+01,4.926111916643328037e+00
4.315431543154315541e+00,5.470946753276133023e+01,4.924815239480437867e+00
4.320432043204320394e+00,5.471867756351131362e+01,4.923520020106521677e+00
4.325432543254325246e+00,5.472783893906704122e+01,4.922226255380430793e+00
4.330433043304330987e+00,5.473695181096809392e+01,4.920933942147105888e+00
4.335433543354335839e+00,5.474601633191878136e+01,4.919643077237571660e+00
4.340434043404340692e+00,5.475503265578815615e+01,4.918353657468940376e+00
4.345434543454345544e+00,5.476400093761002807e+01,4.917065679644411880e+00
4.350435043504350396e+00,5.477292133358293569e+01,4.915779140553270032e+00
4.355435543554355249e+00,5.478179400107017472e+01,4.914494036970886270e+00
4.360436043604360989e+00,5.479061909859977675e+01,4.913210365658718715e+00
4.365436543654365842e+00,5.479939678586453056e+01,4.911928123364311283e+00
4.370437043704370694e+00,5.480812722372195367e+01,4.910647306821294578e+00
4.375437543754375547e+00,5.481681057419431369e+01,4.909367912749386775e+00
4.380438043804380399e+00,5.482544700046862829e+01,4.908089937854390072e+00
4.385438543854385252e+00,5.483403666689665812e+01,4.906813378828195127e+00
4.390439043904390992e+00,5.484257973899489969e+01,4.905538232348778394e+00
4.395439543954395845e+00,5.485107638344459957e+01,4.904264495080202124e+00
4.400440044004400697e+00,5.485952676809175443e+01,4.902992163672615256e+00
4.405440544054405549e+00,5.486793106194709679e+01,4.901721234762254298e+00
4.410441044104410402e+00,5.487628943518610924e+01,4.900451704971439781e+00
4.415441544154415254e+00,5.488460205914901735e+01,4.899183570908582475e+00
4.420442044204420995e+00,5.489286910634078964e+01,4.897916829168174502e+00
4.425442544254425847e+00,5.490109075043113762e+01,4.896651476330799113e+00
4.430443044304430700e+00,5.490926716625452286e+01,4.895387508963123580e+00
4.435443544354435552e+00,5.491739852981014991e+01,4.894124923617900969e+00
4.440444044404440405e+00,5.492548501826196627e+01,4.892863716833973697e+00
4.445444544454445257e+00,5.493352680993865533e+01,4.891603885136267316e+00
4.450445044504450998e+00,5.494152408433366475e+01,4.890345425035794946e+00
4.455445544554455850e+00,5.494947702210517093e+01,4.889088333029657285e+00
4.460446044604460702e+00,5.495738580507610038e+01,4.887832605601039937e+00
4.465446544654465555e+00,5.496525061623412256e+01,4.886578239219215192e+00
4.470447044704470407e+00,5.497307163973164990e+01,4.885325230339543801e+00
4.475447544754475260e+00,5.498084906088584489e+01,4.884073575403468759e+00
4.480448044804481000e+00,5.498858306617861302e+01,4.882823270838523300e+00
4.485448544854485853e+00,5.499627384325659563e+01,4.881574313058326453e+00
4.490449044904490705e+00,5.500392158093119122e+01,4.880326698462581270e+00
4.495449544954495558e+00,5.501152646917853417e+01,4.879080423437080150e+00
4.500450045004500410e+00,5.501908869913950184e+01,4.877835484353699513e+00
4.505450545054505262e+00,5.502660846311972875e+01,4.876591877570404243e+00
4.510451045104511003e+00,5.503408595458958530e+01,4.875349599431243242e+00
4.515451545154515856e+00,5.504152136818417773e+01,4.874108646266355649e+00
4.520452045204520708e+00,5.504891489970336949e+01,4.872869014391962850e+00
4.525452545254525560e+00,5.505626674611176696e+01,4.871630700110375578e+00
4.530453045304530413e+00,5.506357710553871954e+01,4.870393699709988589e+00
4.535453545354535265e+00,5.507084617727831954e+01,4.869158009465285986e+00
4.540454045404541006e+00,5.507807416178940230e+01,4.867923625636834117e+00
4.545454545454545858e+00,5.508526126069555318e+01,4.866690544471291346e+00
4.550455045504550711e+00,5.509240767678509343e+01,4.865458762201397391e+00
4.555455545554555563e+00,5.509951361401109438e+01,4.864228275045981320e+00
4.560456045604560416e+00,5.510657927749137741e+01,4.862999079209957110e+00
4.565456545654565268e+00,5.511360487350849979e+01,4.861771170884325421e+00
4.570457045704571009e+00,5.512059060950976885e+01,4.860544546246174491e+00
4.575457545754575861e+00,5.512753669410722779e+01,4.859319201458677462e+00
4.580458045804580713e+00,5.513444333707766987e+01,4.858095132671095051e+00
4.585458545854585566e+00,5.514131074936264554e+01,4.856872336018773773e+00
4.590459045904590418e+00,5.514813914306841980e+01,4.855650807623145937e+00
4.595459545954595271e+00,5.515492873146602903e+01,4.854430543591732317e+00
4.600460046004601011e+00,5.516167972899125260e+01,4.853211540018137704e+00
4.605460546054605864e+00,5.516839235124459151e+01,4.851993792982055353e+00
4.610461046104610716e+00,5.517506681499131105e+01,4.850777298549262539e+00
4.615461546154615569e+00,5.518170333816141948e+01,4.849562052771625886e+00
4.620462046204620421e+00,5.518830213984966804e+01,4.848348051687096927e+00
4.625462546254625273e+00,5.519486344031554381e+01,4.847135291319712991e+00
4.630463046304631014e+00,5.520138746098329108e+01,4.845923767679598093e+00
4.635463546354635866e+00,5.520787442444188997e+01,4.844713476762963822e+00
4.640464046404640719e+00,5.521432455444507070e+01,4.843504414552106674e+00
4.645464546454645571e+00,5.522073807591129935e+01,4.842296577015410719e+00
4.650465046504650424e+00,5.522711521492379916e+01,4.841089960107346712e+00
4.655465546554655276e+00,5.523345619873052925e+01,4.839884559768470318e+00
4.660466046604661017e+00,5.523976125574419882e+01,4.838680371925424772e+00
4.665466546654665869e+00,5.524603061554225292e+01,4.837477392490939110e+00
4.670467046704670722e+00,5.525226450886687957e+01,4.836275617363829049e+00
4.675467546754675574e+00,5.525846316762503108e+01,4.835075042428996994e+00
4.680468046804680426e+00,5.526462682488838851e+01,4.833875663557432034e+00
4.685468546854685279e+00,5.527075571489337591e+01,4.832677476606207279e+00
4.690469046904691020e+00,5.527685007304116027e+01,4.831480477418486075e+00
4.695469546954695872e+00,5.528291013589767289e+01,4.830284661823515791e+00
4.700470047004700724e+00,5.528893614119355959e+01,4.829090025636630479e+00
4.705470547054705577e+00,5.529492832782424472e+01,4.827896564659250878e+00
4.710471047104710429e+00,5.530088693584986004e+01,4.826704274678884410e+00
4.715471547154715282e+00,5.530681220649530871e+01,4.825513151469123407e+00
4.720472047204721022e+00,5.531270438215023688e+01,4.824323190789648663e+00
4.725472547254725875e+00,5.531856370636901943e+01,4.823134388386226767e+00
4.730473047304730727e+00,5.532439042387078842e+01,4.821946739990709219e+00
4.735473547354735580e+00,5.533018478053941180e+01,4.820760241321036865e+00
4.740474047404740432e+00,5.533594702342352178e+01,4.819574888081234576e+00
4.745474547454745284e+00,5.534167740073645803e+01,4.818390675961413905e+00
4.750475047504751025e+00,5.534737616185635289e+01,4.817207600637773979e+00
4.755475547554755877e+00,5.535304355732603199e+01,4.816025657772598834e+00
4.760476047604760730e+00,5.535867983885310650e+01,4.814844843014260967e+00
4.765476547654765582e+00,5.536428525930991640e+01,4.813665151997216896e+00
4.770477047704770435e+00,5.536986007273354460e+01,4.812486580342011599e+00
4.775477547754775287e+00,5.537540453432580989e+01,4.811309123655274966e+00
4.780478047804781028e+00,5.538091890045330246e+01,4.810132777529723569e+00
4.785478547854785880e+00,5.538640342864732702e+01,4.808957537544161553e+00
4.790479047904790733e+00,5.539185837760395259e+01,4.807783399263478863e+00
4.795479547954795585e+00,5.539728400718398404e+01,4.806610358238650349e+00
4.800480048004800437e+00,5.540268057841297633e+01,4.805438410006740213e+00
4.805480548054805290e+00,5.540804835348122026e+01,4.804267550090896677e+00
4.810481048104811030e+00,5.541338759574375672e+01,4.803097774000355535e+00
4.815481548154815883e+00,5.541869856972037667e+01,4.801929077230438381e+00
4.820482048204820735e+00,5.542398154109560693e+01,4.800761455262552602e+00
4.825482548254825588e+00,5.542923677671872440e+01,4.799594903564194937e+00
4.830483048304830440e+00,5.543446454460373474e+01,4.798429417588945256e+00
4.835483548354835293e+00,5.543966511392941499e+01,4.797264992776470116e+00
4.840484048404841033e+00,5.544483875503927095e+01,4.796101624552525422e+00
4.845484548454845886e+00,5.544998573944155140e+01,4.794939308328950212e+00
4.850485048504850738e+00,5.545510633980924808e+01,4.793778039503671984e+00
4.855485548554855590e+00,5.546020082998010992e+01,4.792617813460704035e+00
4.860486048604860443e+00,5.546526948495662168e+01,4.791458625570145458e+00
4.865486548654865295e+00,5.547031258090600403e+01,4.790300471188182030e+00
4.870487048704871036e+00,5.547533039516024900e+01,4.789143345657087103e+00
4.875487548754875888e+00,5.548032320621605606e+01,4.787987244305218937e+00
4.880488048804880741e+00,5.548529129373490321e+01,4.786832162447022476e+00
4.885488548854885593e+00,5.549023493854299716e+01,4.785678095383031128e+00
4.890489048904890446e+00,5.549515442263128051e+01,4.784525038399860541e+00
4.895489548954895298e+00,5.550005002915546015e+01,4.783372986770217494e+00
4.900490049004901039e+00,5.550492204243597882e+01,4.782221935752891007e+00
4.905490549054905891e+00,5.550977074795800803e+01,4.781071880592760337e+00
4.910491049104910743e+00,5.551459643237149777e+01,4.779922816520787876e+00
4.915491549154915596e+00,5.551939938349110548e+01,4.778774738754024476e+00
4.920492049204920448e+00,5.552417989029626000e+01,4.777627642495606786e+00
4.925492549254925301e+00,5.552893824293112601e+01,4.776481522934757251e+00
4.930493049304931041e+00,5.553367473270461119e+01,4.775336375246786780e+00
4.935493549354935894e+00,5.553838965209036616e+01,4.774192194593089411e+00
4.940494049404940746e+00,5.554308329472679162e+01,4.773048976121148534e+00
4.945494549454945599e+00,5.554775595541703126e+01,4.771906714964533336e+00
4.950495049504950451e+00,5.555240793012896461e+01,4.770765406242897022e+00
4.955495549554955304e+00,5.555703951599522128e+01,4.769625045061983926e+00
4.960496049604961044e+00,5.556165101131318806e+01,4.768485626513618847e+00
4.965496549654965897e+00,5.556624271554498051e+01,4.767347145675719489e+00
4.970497049704970749e+00,5.557081492931745714e+01,4.766209597612284021e+00
4.975497549754975601e+00,5.557536795442223365e+01,4.765072977373400853e+00
4.980498049804980454e+00,5.557990209381566160e+01,4.763937279995243301e+00
4.985498549854985306e+00,5.558441765161883552e+01,4.762802500500072256e+00
4.990499049904991047e+00,5.558891493311760712e+01,4.761668633896232627e+00
4.995499549954995899e+00,5.559339424476255687e+01,4.760535675178158677e+00
5.000500050005000752e+00,5.559785589416901530e+01,4.759403619326369572e+00
5.005500550055005604e+00,5.560230019011705593e+01,4.758272461307471168e+00
5.010501050105010457e+00,5.560672744255150945e+01,4.757142196074154228e+00
5.015501550155015309e+00,5.561113796258192821e+01,4.756012818565198863e+00
5.020502050205021050e+00,5.561553206248263592e+01,4.754884323705469207e+00
5.025502550255025902e+00,5.561991005569267799e+01,4.753756706405916965e+00
5.030503050305030754e+00,5.562427225681584986e+01,4.752629961563580530e+00
5.035503550355035607e+00,5.562861898162070418e+01,4.751504084061583200e+00
5.040504050405040459e+00,5.563295054704052234e+01,4.750379068769135849e+00
5.045504550455045312e+00,5.563726727117333581e+01,4.749254910541536034e+00
5.050505050505051052e+00,5.564156947328192615e+01,4.748131604220166224e+00
5.055505550555055905e+00,5.564585747379380365e+01,4.747009144632498234e+00
5.060506050605060757e+00,5.565013159430125000e+01,4.745887526592087013e+00
5.065506550655065610e+00,5.565439215756126146e+01,4.744766744898575084e+00
5.070507050705070462e+00,5.565863948749559142e+01,4.743646794337692540e+00
5.075507550755075314e+00,5.566287390919075762e+01,4.742527669681253499e+00
5.080508050805081055e+00,5.566709574889798517e+01,4.741409365687162314e+00
5.085508550855085907e+00,5.567130533403326353e+01,4.740291877099404694e+00
5.090509050905090760e+00,5.567550299317733220e+01,4.739175198648058362e+00
5.095509550955095612e+00,5.567968905607567365e+01,4.738059325049282400e+00
5.100510051005100465e+00,5.568386385363849200e+01,4.736944251005325235e+00
5.105510551055105317e+00,5.568802771794076278e+01,4.735829971204520206e+00
5.110511051105111058e+00,5.569218098222220448e+01,4.734716480321289112e+00
5.115511551155115910e+00,5.569632398088725722e+01,4.733603773016138661e+00
5.120512051205120763e+00,5.570045704950513255e+01,4.732491843935661358e+00
5.125512551255125615e+00,5.570458052480976363e+01,4.731380687712537281e+00
5.130513051305130467e+00,5.570869474469984794e+01,4.730270298965533193e+00
5.135513551355136208e+00,5.571280004823881171e+01,4.729160672299500767e+00
5.140514051405141061e+00,5.571689677565483834e+01,4.728051802305380136e+00
5.145514551455145913e+00,5.572098526834085419e+01,4.726943683560195453e+00
5.150515051505150765e+00,5.572506586885451441e+01,4.725836310627060222e+00
5.155515551555155618e+00,5.572913892091823129e+01,4.724729678055171078e+00
5.160516051605160470e+00,5.573320476941916723e+01,4.723623780379814008e+00
5.165516551655166211e+00,5.573726364194750005e+01,4.722518618346071229e+00
5.170517051705171063e+00,5.574131497468663099e+01,4.721414227631183458e+00
5.175517551755175916e+00,5.574535855046988786e+01,4.720310615123504583e+00
5.180518051805180768e+00,5.574939426274562493e+01,4.719207781168496929e+00
5.185518551855185621e+00,5.575342200627584788e+01,4.718105726098891672e+00
5.190519051905190473e+00,5.575744167713626354e+01,4.717004450234688839e+00
5.195519551955196214e+00,5.576145317271623725e+01,4.715903953883152866e+00
5.200520052005201066e+00,5.576545639171879287e+01,4.714804237338819703e+00
5.205520552055205918e+00,5.576945123416064121e+01,4.713705300883490601e+00
5.210521052105210771e+00,5.577343760137216577e+01,4.712607144786235658e+00
5.215521552155215623e+00,5.577741539599741571e+01,4.711509769303391160e+00
5.220522052205220476e+00,5.578138452199409869e+01,4.710413174678562243e+00
5.225522552255226216e+00,5.578534488463362351e+01,4.709317361142622005e+00
5.230523052305231069e+00,5.578929639050105038e+01,4.708222328913711507e+00
5.235523552355235921e+00,5.579323894749510515e+01,4.707128078197238885e+00
5.240524052405240774e+00,5.579717246482819348e+01,4.706034609185879347e+00
5.245524552455245626e+00,5.580109685302640088e+01,4.704941922059576953e+00
5.250525052505250478e+00,5.580501202392947846e+01,4.703850016985542837e+00
5.255525552555256219e+00,5.580891789069083586e+01,4.702758894118256094e+00
5.260526052605261071e+00,5.581281436777756255e+01,4.701668553599463785e+00
5.265526552655265924e+00,5.581670137097042783e+01,4.700578995558180040e+00
5.270527052705270776e+00,5.582057881736386662e+01,4.699490220110687844e+00
5.275527552755275629e+00,5.582444662536597946e+01,4.698402227360535477e+00
5.280528052805280481e+00,5.582830471469853961e+01,4.697315017398542736e+00
5.285528552855286222e+00,5.583215300639700018e+01,4.696228590302793826e+00
5.290529052905291074e+00,5.583599142281047278e+01,4.695142946138641804e+00
5.295529552955295927e+00,5.583981988760175597e+01,4.694058084958708577e+00
5.300530053005300779e+00,5.584363832574730679e+01,4.692974006802881348e+00
5.305530553055305631e+00,5.584744666353725506e+01,4.691890711698317062e+00
5.310531053105310484e+00,5.585124482857541039e+01,4.690808199659438849e+00
5.315531553155316224e+00,5.585503274977924804e+01,4.689726470687939575e+00
5.320532053205321077e+00,5.585881035737990175e+01,4.688645524772778295e+00
5.325532553255325929e+00,5.586257758292219933e+01,4.687565361890182025e+00
5.330533053305330782e+00,5.586633435926463420e+01,4.686485982003644857e+00
5.335533553355335634e+00,5.587008062057935831e+01,4.685407385063930619e+00
5.340534053405340487e+00,5.587381630235219632e+01,4.684329571009069326e+00
5.345534553455346227e+00,5.587754134138266693e+01,4.683252539764358957e+00
5.350535053505351080e+00,5.588125567578394026e+01,4.682176291242364563e+00
5.355535553555355932e+00,5.588495924498285206e+01,4.681100825342920047e+00
5.360536053605360785e+00,5.588865198971992498e+01,4.680026141953127272e+00
5.365536553655365637e+00,5.589233385204934734e+01,4.678952240947353403e+00
5.370537053705370489e+00,5.589600477533898015e+01,4.677879122187237115e+00
5.375537553755376230e+00,5.589966470427035006e+01,4.676806785521680609e+00
5.380538053805381082e+00,5.590331358483865642e+01,4.675735230786857599e+00
5.385538553855385935e+00,5.590695136435277846e+01,4.674664457806207984e+00
5.390539053905390787e+00,5.591057799143526097e+01,4.673594466390437852e+00
5.395539553955395640e+00,5.591419341602230730e+01,4.672525256337523025e+00
5.400540054005400492e+00,5.591779758936381484e+01,4.671456827432706405e+00
5.405540554055406233e+00,5.592139046402333946e+01,4.670389179448497963e+00
5.410541054105411085e+00,5.592497199387811690e+01,4.669322312144677412e+00
5.415541554155415938e+00,5.592854213411903430e+01,4.668256225268290649e+00
5.420542054205420790e+00,5.593210084125066572e+01,4.667190918553650647e+00
5.425542554255425642e+00,5.593564807309126508e+01,4.666126391722339228e+00
5.430543054305430495e+00,5.593918378877273767e+01,4.665062644483205290e+00
5.435543554355436235e+00,5.594270794874067576e+01,4.663999676532365690e+00
5.440544054405441088e+00,5.594622051475433011e+01,4.662937487553206140e+00
5.445544554455445940e+00,5.594972144988663132e+01,4.661876077216378533e+00
5.450545054505450793e+00,5.595321071852418271e+01,4.660815445179801841e+00
5.455545554555455645e+00,5.595668828636724612e+01,4.659755591088665660e+00
5.460546054605460498e+00,5.596015412042977033e+01,4.658696514575424885e+00
5.465546554655466238e+00,5.596360818903936973e+01,4.657638215259802372e+00
5.470547054705471091e+00,5.596705046183732435e+01,4.656580692748788941e+00
5.475547554755475943e+00,5.597048090977859403e+01,4.655523946636643373e+00
5.480548054805480795e+00,5.597389950513179713e+01,4.654467976504893301e+00
5.485548554855485648e+00,5.597730622147924606e+01,4.653412781922330765e+00
5.490549054905490500e+00,5.598070103371689754e+01,4.652358362445019324e+00
5.495549554955496241e+00,5.598408391805440232e+01,4.651304717616287832e+00
5.500550055005501093e+00,5.598745485201506966e+01,4.650251846966733993e+00
5.505550555055505946e+00,5.599081381443588157e+01,4.649199750014221699e+00
5.510551055105510798e+00,5.599416078546749986e+01,4.648148426263885469e+00
5.515551555155515651e+00,5.599749574657423778e+01,4.647097875208124229e+00
5.520552055205520503e+00,5.600081868053409551e+01,4.646048096326606647e+00
5.525552555255526244e+00,5.600412957143875303e+01,4.644999089086268462e+00
5.530553055305531096e+00,5.600742840469354178e+01,4.643950852941313379e+00
5.535553555355535948e+00,5.601071516701747299e+01,4.642903387333212173e+00
5.540554055405540801e+00,5.601398984644323065e+01,4.641856691690705361e+00
5.545554555455545653e+00,5.601725243231717144e+01,4.640810765429797868e+00
5.550555055505550506e+00,5.602050291529931769e+01,4.639765607953766136e+00
5.555555555555556246e+00,5.602374128736336445e+01,4.638721218653150125e+00
5.560556055605561099e+00,5.602696754179667948e+01,4.637677596905761312e+00
5.565556555655565951e+00,5.603018167320030329e+01,4.636634742076676474e+00
5.570557055705570804e+00,5.603338367748894200e+01,4.635592653518241235e+00
5.575557555755575656e+00,5.603657355189098865e+01,4.634551330570069183e+00
5.580558055805580508e+00,5.603975129494848062e+01,4.633510772559040092e+00
5.585558555855586249e+00,5.604291690651715641e+01,4.632470978799303474e+00
5.590559055905591102e+00,5.604607038776639882e+01,4.631431948592275027e+00
5.595559555955595954e+00,5.604921174117927762e+01,4.630393681226638414e+00
5.600560056005600806e+00,5.605234097055254239e+01,4.629356175978346144e+00
5.605560556055605659e+00,5.605545808099658700e+01,4.628319432110616027e+00
5.610561056105610511e+00,5.605856307893549939e+01,4.627283448873937388e+00
5.615561556155616252e+00,5.606165597210702600e+01,4.626248225506063072e+00
5.620562056205621104e+00,5.606473676956260022e+01,4.625213761232015663e+00
5.625562556255625957e+00,5.606780548166730682e+01,4.624180055264086597e+00
5.630563056305630809e+00,5.607086212009991044e+01,4.623147106801833495e+00
5.635563556355635662e+00,5.607390669785285553e+01,4.622114915032081939e+00
5.640564056405640514e+00,5.607693922923225216e+01,4.621083479128924587e+00
5.645564556455646255e+00,5.607995972985786892e+01,4.620052798253723836e+00
5.650565056505651107e+00,5.608296821666316134e+01,4.619022871555107379e+00
5.655565556555655959e+00,5.608596470789525057e+01,4.617993698168971761e+00
5.660566056605660812e+00,5.608894922311493048e+01,4.616965277218482377e+00
5.665566556655665664e+00,5.609192178319667477e+01,4.615937607814070809e+00
5.670567056705670517e+00,5.609488241032860145e+01,4.614910689053435711e+00
5.675567556755676257e+00,5.609783112801252969e+01,4.613884520021545477e+00
5.680568056805681110e+00,5.610076796106393715e+01,4.612859099790635575e+00
5.685568556855685962e+00,5.610369293561196713e+01,4.611834427420207660e+00
5.690569056905690815e+00,5.610660607909944986e+01,4.610810501957034013e+00
5.695569556955695667e+00,5.610950742028286697e+01,4.609787322435151324e+00
5.700570057005700519e+00,5.611239698923239416e+01,4.608764887875866023e+00
5.705570557055706260e+00,5.611527481733185141e+01,4.607743197287751613e+00
5.710571057105711112e+00,5.611814093727875985e+01,4.606722249666650448e+00
5.715571557155715965e+00,5.612099538308428492e+01,4.605702043995671957e+00
5.720572057205720817e+00,5.612383819007327901e+01,4.604682579245190865e+00
5.725572557255725670e+00,5.612666939488426721e+01,4.603663854372854303e+00
5.730573057305730522e+00,5.612948903546943313e+01,4.602645868323572920e+00
5.735573557355736263e+00,5.613229715109464735e+01,4.601628620029527106e+00
5.740574057405741115e+00,5.613509378233943892e+01,4.600612108410165213e+00
5.745574557455745968e+00,5.613787897109700964e+01,4.599596332372202667e+00
5.750575057505750820e+00,5.614065276057424114e+01,4.598581290809621969e+00
5.755575557555755672e+00,5.614341519529167357e+01,4.597566982603674468e+00
5.760576057605760525e+00,5.614616632108353400e+01,4.596553406622878590e+00
5.765576557655766265e+00,5.614890618509770803e+01,4.595540561723020723e+00
5.770577057705771118e+00,5.615163483579576109e+01,4.594528446747155215e+00
5.775577557755775970e+00,5.615435232295292423e+01,4.593517060525604379e+00
5.780578057805780823e+00,5.615705869765810121e+01,4.592506401875955824e+00
5.785578557855785675e+00,5.615975401231386144e+01,4.591496469603068675e+00
5.790579057905790528e+00,5.616243832063646124e+01,4.590487262499067356e+00
5.795579557955796268e+00,5.616511167765580836e+01,4.589478779343344250e+00
5.800580058005801121e+00,5.616777413971550459e+01,4.588471018902559706e+00
5.805580558055805973e+00,5.617042576447279600e+01,4.587463979930642033e+00
5.810581058105810826e+00,5.617306661089862274e+01,4.586457661168786615e+00
5.815581558155815678e+00,5.617569673927759055e+01,4.585452061345457686e+00
5.820582058205820530e+00,5.617831621120796370e+01,4.584447179176386555e+00
5.825582558255826271e+00,5.618092508960170051e+01,4.583443013364571605e+00
5.830583058305831123e+00,5.618352343868440357e+01,4.582439562600279181e+00
5.835583558355835976e+00,5.618611132399536956e+01,4.581436825561045367e+00
5.840584058405840828e+00,5.618868881238755364e+01,4.580434800911670656e+00
5.845584558455845681e+00,5.619125597202759081e+01,4.579433487304225281e+00
5.850585058505850533e+00,5.619381287239578171e+01,4.578432883378046547e+00
5.855585558555856274e+00,5.619635958428609968e+01,4.577432987759740612e+00
5.860586058605861126e+00,5.619889617980618368e+01,4.576433799063179819e+00
5.865586558655865979e+00,5.620142273237735964e+01,4.575435315889505361e+00
5.870587058705870831e+00,5.620393931673460486e+01,4.574437536827125506e+00
5.875587558755875683e+00,5.620644600892657650e+01,4.573440460451716483e+00
5.880588058805880536e+00,5.620894288631561864e+01,4.572444085326221597e+00
5.885588558855886276e+00,5.621143002757771967e+01,4.571448410000853002e+00
5.890589058905891129e+00,5.621390751270254782e+01,4.570453433013089928e+00
5.895589558955895981e+00,5.621637542299345824e+01,4.569459152887678677e+00
5.900590059005900834e+00,5.621883384106746462e+01,4.568465568136635291e+00
5.905590559055905686e+00,5.622128285085524624e+01,4.567472677259241109e+00
5.910591059105910539e+00,5.622372253760116223e+01,4.566480478742047211e+00
5.915591559155916279e+00,5.622615298786323734e+01,4.565488971058870860e+00
5.920592059205921132e+00,5.622857428951318326e+01,4.564498152670798170e+00
5.925592559255925984e+00,5.623098653173635597e+01,4.563508022026182331e+00
5.930593059305930836e+00,5.623338980503181261e+01,4.562518577560644495e+00
5.935593559355935689e+00,5.623578420121225463e+01,4.561529817697072886e+00
5.940594059405940541e+00,5.623816981340407040e+01,4.560541740845624581e+00
5.945594559455946282e+00,5.624054673604732102e+01,4.559554345403722841e+00
5.950595059505951134e+00,5.624291506489573322e+01,4.558567629756060668e+00
5.955595559555955987e+00,5.624527489701669936e+01,4.557581592274598137e+00
5.960596059605960839e+00,5.624762633079129159e+01,4.556596231318561507e+00
5.965596559655965692e+00,5.624996946591425484e+01,4.555611545234445892e+00
5.970597059705970544e+00,5.625230440339399962e+01,4.554627532356014363e+00
5.975597559755976285e+00,5.625463124555260919e+01,4.553644191004297959e+00
5.980598059805981137e+00,5.625695009602583951e+01,4.552661519487593900e+00
5.985598559855985989e+00,5.625926105976311931e+01,4.551679516101469147e+00
5.990599059905990842e+00,5.626156424302753578e+01,4.550698179128756848e+00
5.995599559955995694e+00,5.626385975339587020e+01,4.549717506839559000e+00
6.000600060006000547e+00,5.626614769975856234e+01,4.548737497491243786e+00
6.005600560056006287e+00,5.626842819231971760e+01,4.547758149328448241e+00
6.010601060106011140e+00,5.627070134259712120e+01,4.546779460583077359e+00
6.015601560156015992e+00,5.627296726342222399e+01,4.545801429474303212e+00
6.020602060206020845e+00,5.627522606894015667e+01,4.544824054208565833e+00
6.025602560256025697e+00,5.627747787460971551e+01,4.543847332979573217e+00
6.030603060306030549e+00,5.627972279720336246e+01,4.542871263968300433e+00
6.035603560356036290e+00,5.628196095480723926e+01,4.541895845342990512e+00
6.040604060406041143e+00,5.628419246682116039e+01,4.540921075259154449e+00
6.045604560456045995e+00,5.628641745395860596e+01,4.539946951859571200e+00
6.050605060506050847e+00,5.628863603824672879e+01,4.538973473274286796e+00
6.055605560556055700e+00,5.629084834302635443e+01,4.538000637620614341e+00
6.060606060606060552e+00,5.629305449295197405e+01,4.537028443003137568e+00
6.065606560656066293e+00,5.629525461399175867e+01,4.536056887513703728e+00
6.070607060706071145e+00,5.629744883342753781e+01,4.535085969231431591e+00
6.075607560756075998e+00,5.629963727985483501e+01,4.534115686222705222e+00
6.080608060806080850e+00,5.630182008318282527e+01,4.533146036541177537e+00
6.085608560856085703e+00,5.630399737463435628e+01,4.532177018227769416e+00
6.090609060906090555e+00,5.630616928674595556e+01,4.531208629310667924e+00
6.095609560956096296e+00,5.630833595336781627e+01,4.530240867805328975e+00
6.100610061006101148e+00,5.631049750966380429e+01,4.529273731714477336e+00
6.105610561056106000e+00,5.631265409211145112e+01,4.528307219028102182e+00
6.110611061106110853e+00,5.631480583850197519e+01,4.527341327723464204e+00
6.115611561156115705e+00,5.631695288794025345e+01,4.526376055765088502e+00
6.120612061206120558e+00,5.631909538084483557e+01,4.525411401104770803e+00
6.125612561256126298e+00,5.632123345894794397e+01,4.524447361681572133e+00
6.130613061306131151e+00,5.632336726529546667e+01,4.523483935421823254e+00
6.135613561356136003e+00,5.632549694424697861e+01,4.522521120239121117e+00
6.140614061406140856e+00,5.632762264147571329e+01,4.521558914034331522e+00
6.145614561456145708e+00,5.632974450396856980e+01,4.520597314695586455e+00
6.150615061506150560e+00,5.633186268002613417e+01,4.519636320098286753e+00
6.155615561556156301e+00,5.633397731926265095e+01,4.518675928105101214e+00
6.160616061606161153e+00,5.633608857260605163e+01,4.517716136565966600e+00
6.165616561656166006e+00,5.633819659229791910e+01,4.516756943318084971e+00
6.170617061706170858e+00,5.634030153189352319e+01,4.515798346185929901e+00
6.175617561756175711e+00,5.634240354626179226e+01,4.514840342981238486e+00
6.180618061806180563e+00,5.634450279158533448e+01,4.513882931503019336e+00
6.185618561856186304e+00,5.634659942536043076e+01,4.512926109537547248e+00
6.190619061906191156e+00,5.634869360639703473e+01,4.511969874858363205e+00
6.195619561956196009e+00,5.635078549481875143e+01,4.511014225226278818e+00
6.200620062006200861e+00,5.635287525206288706e+01,4.510059158389370992e+00
6.205620562056205713e+00,5.635496304088039210e+01,4.509104672082985488e+00
6.210621062106210566e+00,5.635704902533591110e+01,4.508150764029736024e+00
6.215621562156216307e+00,5.635913337080773999e+01,4.507197431939503396e+00
6.220622062206221159e+00,5.636121624398786878e+01,4.506244673509436360e+00
6.225622562256226011e+00,5.636329781288193175e+01,4.505292486423950749e+00
6.230623062306230864e+00,5.636537824680925013e+01,4.504340868354731242e+00
6.235623562356235716e+00,5.636745771640282499e+01,4.503389816960730485e+00
6.240624062406240569e+00,5.636953639360930168e+01,4.502439329888166419e+00
6.245624562456246309e+00,5.637161445168902674e+01,4.501489404770527614e+00
6.250625062506251162e+00,5.637369206521599807e+01,4.500540039228568823e+00
6.255625562556256014e+00,5.637576941007789344e+01,4.499591230870312764e+00
6.260626062606260867e+00,5.637784666347605622e+01,4.498642977291049228e+00
6.265626562656265719e+00,5.637992400392550962e+01,4.497695276073337745e+00
6.270627062706270571e+00,5.638200161125494247e+01,4.496748124787003142e+00
6.275627562756276312e+00,5.638407966660670922e+01,4.495801520989139988e+00
6.280628062806281164e+00,5.638615835243684415e+01,4.494855462224108145e+00
6.285628562856286017e+00,5.638823785251505427e+01,4.493909946023538104e+00
6.290629062906290869e+00,5.639031835192471220e+01,4.492964969906326544e+00
6.295629562956295722e+00,5.639240003706286330e+01,4.492020531378637216e+00
6.300630063006300574e+00,5.639448309564022566e+01,4.491076627933902721e+00
6.305630563056306315e+00,5.639656771668118296e+01,4.490133257052822735e+00
6.310631063106311167e+00,5.639865409052379874e+01,4.489190416203365785e+00
6.315631563156316020e+00,5.640074240881980927e+01,4.488248102840766585e+00
6.320632063206320872e+00,5.640283286453460221e+01,4.487306314407527807e+00
6.325632563256325724e+00,5.640492565194726637e+01,4.486365048333420980e+00
6.330633063306330577e+00,5.640702096665053489e+01,4.485424302035483812e+00
6.335633563356336317e+00,5.640911900555083491e+01,4.484484072918023756e+00
6.340634063406341170e+00,5.641121996686823792e+01,4.483544358372614447e+00
6.345634563456346022e+00,5.641332405013651652e+01,4.482605155778096595e+00
6.350635063506350875e+00,5.641543145620309474e+01,4.481666462500580650e+00
6.355635563556355727e+00,5.641754238722907644e+01,4.480728275893443247e+00
6.360636063606360580e+00,5.641965704668923109e+01,4.479790593297328982e+00
6.365636563656366320e+00,5.642177563937200802e+01,4.478853412040151305e+00
6.370637063706371173e+00,5.642389837137950792e+01,4.477916729437089849e+00
6.375637563756376025e+00,5.642602545012753268e+01,4.476980542790592210e+00
6.380638063806380877e+00,5.642815708434553557e+01,4.476044849390375724e+00
6.385638563856385730e+00,5.643029348407664259e+01,4.475109646513422135e+00
6.390639063906390582e+00,5.643243486067765247e+01,4.474174931423982926e+00
6.395639563956396323e+00,5.643458142681903666e+01,4.473240701373577544e+00
6.400640064006401175e+00,5.643673339648494647e+01,4.472306953600992507e+00
6.405640564056406028e+00,5.643889098497318457e+01,4.471373685332281411e+00
6.410641064106410880e+00,5.644105440889524061e+01,4.470440893780766700e+00
6.415641564156415733e+00,5.644322388617627695e+01,4.469508576147038781e+00
6.420642064206420585e+00,5.644539963605510735e+01,4.468576729618954246e+00
6.425642564256426326e+00,5.644758187908424674e+01,4.467645351371637652e+00
6.430643064306431178e+00,5.644977083712985433e+01,4.466714438567484180e+00
6.435643564356436030e+00,5.645196673337177629e+01,4.465783988356152534e+00
6.440644064406440883e+00,5.645416979230351728e+01,4.464853997874571157e+00
6.445644564456445735e+00,5.645638023973227604e+01,4.463924464246936452e+00
6.450645064506450588e+00,5.645859830277889557e+01,4.462995384584712788e+00
6.455645564556456328e+00,5.646082420987791295e+01,4.462066755986630717e+00
6.460646064606461181e+00,5.646305477803653616e+01,4.461138615132636431e+00
6.465646564656466033e+00,5.646528559596501395e+01,4.460211012700348476e+00
6.470647064706470886e+00,5.646751657998928664e+01,4.459283949005673264e+00
6.475647564756475738e+00,5.646974766597515583e+01,4.458357424139267167e+00
6.480648064806480591e+00,5.647197879028022527e+01,4.457431438187865247e+00
6.485648564856486331e+00,5.647420988975388667e+01,4.456505991234278596e+00
6.490649064906491184e+00,5.647644090173736231e+01,4.455581083357395222e+00
6.495649564956496036e+00,5.647867176406364820e+01,4.454656714632180048e+00
6.500650065006500888e+00,5.648090241505757092e+01,4.453732885129677577e+00
6.505650565056505741e+00,5.648313279353574501e+01,4.452809594917005676e+00
6.510651065106510593e+00,5.648536283880660136e+01,4.451886844057361792e+00
6.515651565156516334e+00,5.648759249067035881e+01,4.450964632610019400e+00
6.520652065206521186e+00,5.648982168941905257e+01,4.450042960630330668e+00
6.525652565256526039e+00,5.649205037583651290e+01,4.449121828169722903e+00
6.530653065306530891e+00,5.649427849119838640e+01,4.448201235275702103e+00
6.535653565356535744e+00,5.649650597727211476e+01,4.447281181991851184e+00
6.540654065406540596e+00,5.649873277631694179e+01,4.446361668357828201e+00
6.545654565456546337e+00,5.650095883108392059e+01,4.445442694409370787e+00
6.550655065506551189e+00,5.650318408481590637e+01,4.444524260178293495e+00
6.555655565556556041e+00,5.650540848124755655e+01,4.443606365692486015e+00
6.560656065606560894e+00,5.650763196460533777e+01,4.442689010975917618e+00
6.565656565656565746e+00,5.650985447960751173e+01,4.441772196048632715e+00
6.570657065706570599e+00,5.651207597146415651e+01,4.440855920926753519e+00
6.575657565756576339e+00,5.651429638587713811e+01,4.439940185622480939e+00
6.580658065806581192e+00,5.651651566904014601e+01,4.439024990144090133e+00
6.585658565856586044e+00,5.651873376763865053e+01,4.438110334495934950e+00
6.590659065906590897e+00,5.652095062884995258e+01,4.437196218678447046e+00
6.595659565956595749e+00,5.652316620034313388e+01,4.436282642688134104e+00
6.600660066006600601e+00,5.652538043027908543e+01,4.435369606517581609e+00
6.605660566056606342e+00,5.652759326731052170e+01,4.434457110155451076e+00
6.610661066106611194e+00,5.652980466058192377e+01,4.433545153586481824e+00
6.615661566156616047e+00,5.653201455972961753e+01,4.432633736791491863e+00
6.620662066206620899e+00,5.653422291488170259e+01,4.431722859747372567e+00
6.625662566256625752e+00,5.653642967665809493e+01,4.430812522427096667e+00
6.630663066306630604e+00,5.653863479617051979e+01,4.429902724799710256e+00
6.635663566356636345e+00,5.654083822502249035e+01,4.428993466830339898e+00
6.640664066406641197e+00,5.654303991530934326e+01,4.428084748480187294e+00
6.645664566456646050e+00,5.654523981961819601e+01,4.427176569706531950e+00
6.650665066506650902e+00,5.654743789102798956e+01,4.426268930462729401e+00
6.655665566556655754e+00,5.654963408310946704e+01,4.425361830698213872e+00
6.660666066606660607e+00,5.655182834992516661e+01,4.424455270358495618e+00
6.665666566656666348e+00,5.655402064602942858e+01,4.423549249385162696e+00
6.670667066706671200e+00,5.655621092646840964e+01,4.422643767715880081e+00
6.675667566756676052e+00,5.655839914678006863e+01,4.421738825284388774e+00
6.680668066806680905e+00,5.656058526299415234e+01,4.420834422020509358e+00
6.685668566856685757e+00,5.656276923163223103e+01,4.419930557850137554e+00
6.690669066906690610e+00,5.656495100970766998e+01,4.419027232695246887e+00
6.695669566956696350e+00,5.656713055472563667e+01,4.418124446473887801e+00
6.700670067006701203e+00,5.656930782468310781e+01,4.417222199100187652e+00
6.705670567056706055e+00,5.657148277806885517e+01,4.416320490484351602e+00
6.710671067106710908e+00,5.657365537386346688e+01,4.415419320532660841e+00
6.715671567156715760e+00,5.657582557153932612e+01,4.414518689147476138e+00
6.720672067206720612e+00,5.657799333106062534e+01,4.413618596227231627e+00
6.725672567256726353e+00,5.658015861288335202e+01,4.412719041666441022e+00
6.730673067306731205e+00,5.658232137795531003e+01,4.411820025355695840e+00
6.735673567356736058e+00,5.658448158771610537e+01,4.410921547181663627e+00
6.740674067406740910e+00,5.658663920409713199e+01,4.410023607027087067e+00
6.745674567456745763e+00,5.658879418952160023e+01,4.409126204770790203e+00
6.750675067506750615e+00,5.659094650690453676e+01,4.408229340287671327e+00
6.755675567556756356e+00,5.659309611965274911e+01,4.407333013448704762e+00
6.760676067606761208e+00,5.659524299166486117e+01,4.406437224120946183e+00
6.765676567656766061e+00,5.659738708733129897e+01,4.405541972167524634e+00
6.770677067706770913e+00,5.659952837153428362e+01,4.404647257447647846e+00
6.775677567756775765e+00,5.660166680964785968e+01,4.403753079816599580e+00
6.780678067806780618e+00,5.660380236753786676e+01,4.402859439125743179e+00
6.785678567856786358e+00,5.660593501156193241e+01,4.401966335222515347e+00
6.790679067906791211e+00,5.660806470856951478e+01,4.401073767950433258e+00
6.795679567956796063e+00,5.661019142590185282e+01,4.400181737149090999e+00
6.800680068006800916e+00,5.661231513139200899e+01,4.399290242654156025e+00
6.805680568056805768e+00,5.661443579336483367e+01,4.398399284297378031e+00
6.810681068106810621e+00,5.661655338063699361e+01,4.397508861906580968e+00
6.815681568156816361e+00,5.661866786251695061e+01,4.396618975305664812e+00
6.820682068206821214e+00,5.662077920880496862e+01,4.395729624314610895e+00
6.825682568256826066e+00,5.662288738979312797e+01,4.394840808749473027e+00
6.830683068306830918e+00,5.662499237626531112e+01,4.393952528422384596e+00
6.835683568356835771e+00,5.662709413949718140e+01,4.393064783141555907e+00
6.840684068406840623e+00,5.662919265125623980e+01,4.392177572711274181e+00
6.845684568456846364e+00,5.663128788380176815e+01,4.391290896931903553e+00
6.850685068506851216e+00,5.663337980988485754e+01,4.390404755599885078e+00
6.855685568556856069e+00,5.663546840274841543e+01,4.389519148507738500e+00
6.860686068606860921e+00,5.663755363612713012e+01,4.388634075444058702e+00
6.865686568656865774e+00,5.663963548424750627e+01,4.387749536193518374e+00
6.870687068706870626e+00,5.664171392182786491e+01,4.386865530536867119e+00
6.875687568756876367e+00,5.664378892407830790e+01,4.385982058250933235e+00
6.880688068806881219e+00,5.664586046670075348e+01,4.385099119108620158e+00
6.885688568856886072e+00,5.664792852588892202e+01,4.384216712878910016e+00
6.890689068906890924e+00,5.664999307832834319e+01,4.383334839326860077e+00
6.895689568956895776e+00,5.665205410119634166e+01,4.382453498213606302e+00
6.900690069006900629e+00,5.665411157216204430e+01,4.381572689296361567e+00
6.905690569056906369e+00,5.665616546938640141e+01,4.380692412328415664e+00
6.910691069106911222e+00,5.665821577152214417e+01,4.379812667059136189e+00
6.915691569156916074e+00,5.666026245771381298e+01,4.378933453233965878e+00
6.920692069206920927e+00,5.666230550759776463e+01,4.378054770594427048e+00
6.925692569256925779e+00,5.666434490130215096e+01,4.377176618878118042e+00
6.930693069306930632e+00,5.666638061944691884e+01,4.376298997818713232e+00
6.935693569356936372e+00,5.666841264314383864e+01,4.375421907145966571e+00
6.940694069406941225e+00,5.667044095399646864e+01,4.374545346585706262e+00
6.945694569456946077e+00,5.667246553410017640e+01,4.373669315859840978e+00
6.950695069506950929e+00,5.667448636604213874e+01,4.372793814686353642e+00
6.955695569556955782e+00,5.667650343290133463e+01,4.371918842779304981e+00
6.960696069606960634e+00,5.667851671824853099e+01,4.371044399848834416e+00
6.965696569656966375e+00,5.668052620614632531e+01,4.370170485601155619e+00
6.970697069706971227e+00,5.668253188114909591e+01,4.369297099738562729e+00
6.975697569756976080e+00,5.668453372830303749e+01,4.368424241959424137e+00
6.980698069806980932e+00,5.668653173314615401e+01,4.367551911958187816e+00
6.985698569856985785e+00,5.668852588170823026e+01,4.366680109425376877e+00
6.990699069906990637e+00,5.669051616051088160e+01,4.365808834047592235e+00
6.995699569956996378e+00,5.669250255656751136e+01,4.364938085507511722e+00
7.000700070007001230e+00,5.669448505738333211e+01,4.364067863483890974e+00
7.005700570057006082e+00,5.669646365095535856e+01,4.363198167651562542e+00
7.010701070107010935e+00,5.669843832577240761e+01,4.362328997681435894e+00
7.015701570157015787e+00,5.670040907081511250e+01,4.361460353240497412e+00
7.020702070207020640e+00,5.670237587555588732e+01,4.360592233991810396e+00
7.025702570257026380e+00,5.670433872995897673e+01,4.359724639594516837e+00
7.030703070307031233e+00,5.670629762448040623e+01,4.358857569703833867e+00
7.035703570357036085e+00,5.670825255006802479e+01,4.357991023971056421e+00
7.040704070407040938e+00,5.671020349816146222e+01,4.357125002043558126e+00
7.045704570457045790e+00,5.671215046069217891e+01,4.356259503564786861e+00
7.050705070507050642e+00,5.671409343008341608e+01,4.355394528174269198e+00
7.055705570557056383e+00,5.671603239925023843e+01,4.354530075507609510e+00
7.060706070607061235e+00,5.671796736159949859e+01,4.353666145196488202e+00
7.065706570657066088e+00,5.671989831102986557e+01,4.352802736868663480e+00
7.070707070707070940e+00,5.672182524193179631e+01,4.351939850147970468e+00
7.075707570757075793e+00,5.672374814918757124e+01,4.351077484654320315e+00
7.080708070807080645e+00,5.672566702817126583e+01,4.350215640003702866e+00
7.085708570857086386e+00,5.672758187474875058e+01,4.349354315808184879e+00
7.090709070907091238e+00,5.672949268527771238e+01,4.348493511675909140e+00
7.095709570957096091e+00,5.673139945660764027e+01,4.347633227211097129e+00
7.100710071007100943e+00,5.673330218607983255e+01,4.346773462014045464e+00
7.105710571057105795e+00,5.673520087152736835e+01,4.345914215681130344e+00
7.110711071107110648e+00,5.673709551127515027e+01,4.345055487804802219e+00
7.115711571157116389e+00,5.673898610413989019e+01,4.344197277973592008e+00
7.120712071207121241e+00,5.674087264943008790e+01,4.343339585772104883e+00
7.125712571257126093e+00,5.674275514694605960e+01,4.342482410781024704e+00
7.130713071307130946e+00,5.674463359697990938e+01,4.341625752577111363e+00
7.135713571357135798e+00,5.674650800031556486e+01,4.340769610733202555e+00
7.140714071407140651e+00,5.674837835822874865e+01,4.339913984818214665e+00
7.145714571457146391e+00,5.675024467248697846e+01,4.339058874397137444e+00
7.150715071507151244e+00,5.675210694534959543e+01,4.338204279031040222e+00
7.155715571557156096e+00,5.675396517956773579e+01,4.337350198277071023e+00
7.160716071607160949e+00,5.675581937838432367e+01,4.336496631688451231e+00
7.165716571657165801e+00,5.675766954553411381e+01,4.335643578814481813e+00
7.170717071707170653e+00,5.675951568524364177e+01,4.334791039200540652e+00
7.175717571757176394e+00,5.676135780223127369e+01,4.333939012388081657e+00
7.180718071807181246e+00,5.676319590170714946e+01,4.333087497914637432e+00
7.185718571857186099e+00,5.676502998937323952e+01,4.332236495313815716e+00
7.190719071907190951e+00,5.676686007142328805e+01,4.331386004115304722e+00
7.195719571957195804e+00,5.676868615454288403e+01,4.330536023844865134e+00
7.200720072007200656e+00,5.677050824590937594e+01,4.329686554024338996e+00
7.205720572057206397e+00,5.677232635319195708e+01,4.328837594171642600e+00
7.210721072107211249e+00,5.677414048455159445e+01,4.327989143800770933e+00
7.215721572157216102e+00,5.677595064864106433e+01,4.327141202421795896e+00
7.220722072207220954e+00,5.677775685460496646e+01,4.326293769540866307e+00
7.225722572257225806e+00,5.677955911207968853e+01,4.325446844660207901e+00
7.230723072307230659e+00,5.678135743119341328e+01,4.324600427278123327e+00
7.235723572357236399e+00,5.678315182256614690e+01,4.323754516888993038e+00
7.240724072407241252e+00,5.678494229730969778e+01,4.322909112983274404e+00
7.245724572457246104e+00,5.678672886702765510e+01,4.322064215047502600e+00
7.250725072507250957e+00,5.678851154381544575e+01,4.321219822564287938e+00
7.255725572557255809e+00,5.679029034026027034e+01,4.320375935012319424e+00
7.260726072607260662e+00,5.679206526944115296e+01,4.319532551866362979e+00
7.265726572657266402e+00,5.679383634492891275e+01,4.318689672597262330e+00
7.270727072707271255e+00,5.679560358078617099e+01,4.317847296671935453e+00
7.275727572757276107e+00,5.679736699156737245e+01,4.317005423553382570e+00
7.280728072807280959e+00,5.679912659231873562e+01,4.316164052700674603e+00
7.285728572857285812e+00,5.680088239857830246e+01,4.315323183568965604e+00
7.290729072907290664e+00,5.680263442637592419e+01,4.314482815609483879e+00
7.295729572957296405e+00,5.680438269223322578e+01,4.313642948269532873e+00
7.300730073007301257e+00,5.680612721316367697e+01,4.312803580992498276e+00
7.305730573057306110e+00,5.680786800667251413e+01,4.311964713217838252e+00
7.310731073107310962e+00,5.680960509075681131e+01,4.311126344381090547e+00
7.315731573157315815e+00,5.681133848390541630e+01,4.310288473913868934e+00
7.320732073207320667e+00,5.681306820509900035e+01,4.309451101243864990e+00
7.325732573257326408e+00,5.681479427381002978e+01,4.308614225794847208e+00
7.330733073307331260e+00,5.681651671000278014e+01,4.307777846986660997e+00
7.335733573357336113e+00,5.681823553413332206e+01,4.306941964235229570e+00
7.340734073407340965e+00,5.681995076714954962e+01,4.306106576952552167e+00
7.345734573457345817e+00,5.682166243049113774e+01,4.305271684546705835e+00
7.350735073507350670e+00,5.682337054608957772e+01,4.304437286421844533e+00
7.355735573557356410e+00,5.682507513636816299e+01,4.303603381978200026e+00
7.360736073607361263e+00,5.682677622424199626e+01,4.302769970612080108e+00
7.365736573657366115e+00,5.682847383311796818e+01,4.301937051715870375e+00
7.370737073707370968e+00,5.683016798689478577e+01,4.301104624678034227e+00
7.375737573757375820e+00,5.683185870996295819e+01,4.300272688883109318e+00
7.380738073807380673e+00,5.683354602720480386e+01,4.299441243711714655e+00
7.385738573857386413e+00,5.683522996399443628e+01,4.298610288540543500e+00
7.390739073907391266e+00,5.683691054619777816e+01,4.297779822742366029e+00
7.395739573957396118e+00,5.683858780017254730e+01,4.296949845686031111e+00
7.400740074007400970e+00,5.684026175276827786e+01,4.296120356736464529e+00
7.405740574057405823e+00,5.684193243132629902e+01,4.295291355254668986e+00
7.410741074107410675e+00,5.684359986367974926e+01,4.294462840597723208e+00
7.415741574157416416e+00,5.684526407815356919e+01,4.293634812118783728e+00
7.420742074207421268e+00,5.684692510356450867e+01,4.292807269167084883e+00
7.425742574257426121e+00,5.684858296922110554e+01,4.291980211087937924e+00
7.430743074307430973e+00,5.685023770492371398e+01,4.291153637222730133e+00
7.435743574357435826e+00,5.685188934096449742e+01,4.290327546908928369e+00
7.440744074407440678e+00,5.685353790812741437e+01,4.289501939480072856e+00
7.445744574457446419e+00,5.685518343768822547e+01,4.288676814265784287e+00
7.450745074507451271e+00,5.685682596141450063e+01,4.287852170591759382e+00
7.455745574557456123e+00,5.685846551156561191e+01,4.287028007779771777e+00
7.460746074607460976e+00,5.686010212089273352e+01,4.286204325147671135e+00
7.465746574657465828e+00,5.686173582263884896e+01,4.285381122009387589e+00
7.470747074707470681e+00,5.686336665053874384e+01,4.284558397674924635e+00
7.475747574757476421e+00,5.686499463881899885e+01,4.283736151450364460e+00
7.480748074807481274e+00,5.686661982219801104e+01,4.282914382637867945e+00
7.485748574857486126e+00,5.686824223588597249e+01,4.282093090535669333e+00
7.490749074907490979e+00,5.686986191558489168e+01,4.281272274438084224e+00
7.495749574957495831e+00,5.687147889748856500e+01,4.280451933635502471e+00
7.500750075007500683e+00,5.687309321828260522e+01,4.279632067414392615e+00
7.505750575057506424e+00,5.687470491514441306e+01,4.278812675057298343e+00
7.510751075107511276e+00,5.687631402574321982e+01,4.277993755842842916e+00
7.515751575157516129e+00,5.687792058824003760e+01,4.277175309045725626e+00
7.520752075207520981e+00,5.687952464128768781e+01,4.276357333936721794e+00
7.525752575257525834e+00,5.688112622403080110e+01,4.275539829782686319e+00
7.530753075307530686e+00,5.688272537610581026e+01,4.274722795846548351e+00
7.535753575357536427e+00,5.688432213764095025e+01,4.273906231387316623e+00
7.540754075407541279e+00,5.688591654925625107e+01,4.273090135660075894e+00
7.545754575457546132e+00,5.688750865206357332e+01,4.272274507915987840e+00
7.550755075507550984e+00,5.688909848766655131e+01,4.271459347402291939e+00
7.555755575557555836e+00,5.689068609816064281e+01,4.270644653362304588e+00
7.560756075607560689e+00,5.689227152613310068e+01,4.269830425035418209e+00
7.565756575657566430e+00,5.689385481466298700e+01,4.269016661657104805e+00
7.570757075707571282e+00,5.689543600732116602e+01,4.268203362458910632e+00
7.575757575757576134e+00,5.689701514817029704e+01,4.267390526668461526e+00
7.580758075807580987e+00,5.689859228176485573e+01,4.266578153509458460e+00
7.585758575857585839e+00,5.690016745315111990e+01,4.265766242201681102e+00
7.590759075907590692e+00,5.690174070786716243e+01,4.264954791960985148e+00
7.595759575957596432e+00,5.690331209194287254e+01,4.264143801999304095e+00
7.600760076007601285e+00,5.690488165189993452e+01,4.263333271524648360e+00
7.605760576057606137e+00,5.690644943475184192e+01,4.262523199741106161e+00
7.610761076107610990e+00,5.690801548800389043e+01,4.261713585848840857e+00
7.615761576157615842e+00,5.690957985965317789e+01,4.260904429044094499e+00
7.620762076207620694e+00,5.691114259818859722e+01,4.260095728519186942e+00
7.625762576257626435e+00,5.691270375259087189e+01,4.259287483462513180e+00
7.630763076307631287e+00,5.691426337233249910e+01,4.258479693058546012e+00
7.635763576357636140e+00,5.691582150737779955e+01,4.257672356487837817e+00
7.640764076407640992e+00,5.691737820818289606e+01,4.256865472927013450e+00
7.645764576457645845e+00,5.691893352569570652e+01,4.256059041548780009e+00
7.650765076507650697e+00,5.692048751135595808e+01,4.255253061521917068e+00
7.655765576557656438e+00,5.692204021709518003e+01,4.254447532011283784e+00
7.660766076607661290e+00,5.692359169533670382e+01,4.253642452177816224e+00
7.665766576657666143e+00,5.692514199899567728e+01,4.252837821178528266e+00
7.670767076707670995e+00,5.692669118147904328e+01,4.252033638166508922e+00
7.675767576757675847e+00,5.692823929668553262e+01,4.251229902290926788e+00
7.680768076807680700e+00,5.692978639900571380e+01,4.250426612697024709e+00
7.685768576857686440e+00,5.693133254332193616e+01,4.249623768526125112e+00
7.690769076907691293e+00,5.693287778500835117e+01,4.248821368915627339e+00
7.695769576957696145e+00,5.693442217993092669e+01,4.248019412999005873e+00
7.700770077007700998e+00,5.693596578444742562e+01,4.247217899905813887e+00
7.705770577057705850e+00,5.693750865540742012e+01,4.246416828761681472e+00
7.710771077107711591e+00,5.693905085015229162e+01,4.245616198688316523e+00
7.715771577157716443e+00,5.694059242651520947e+01,4.244816008803502960e+00
7.720772077207721296e+00,5.694213344282115230e+01,4.244016258221101623e+00
7.725772577257726148e+00,5.694367395788691510e+01,4.243216946051052041e+00
7.730773077307731000e+00,5.694521403102108792e+01,4.242418071399369772e+00
7.735773577357735853e+00,5.694675372202406294e+01,4.241619633368146403e+00
7.740774077407741594e+00,5.694829309118802740e+01,4.240821631055553098e+00
7.745774577457746446e+00,5.694983219929699914e+01,4.240024063555836165e+00
7.750775077507751298e+00,5.695137110762678390e+01,4.239226929959320600e+00
7.755775577557756151e+00,5.695290987794497539e+01,4.238430229352407430e+00
7.760776077607761003e+00,5.695444857251099791e+01,4.237633960817574597e+00
7.765776577657765856e+00,5.695598725407607787e+01,4.236838123433377845e+00
7.770777077707771596e+00,5.695752598588322257e+01,4.236042716274450726e+00
7.775777577757776449e+00,5.695906483166725565e+01,4.235247738411501928e+00
7.780778077807781301e+00,5.696060385565482420e+01,4.234453188911318833e+00
7.785778577857786154e+00,5.696214312256434908e+01,4.233659066836765739e+00
7.790779077907791006e+00,5.696368269760606751e+01,4.232865371246782971e+00
7.795779577957795858e+00,5.696522264648202594e+01,4.232072101196390435e+00
7.800780078007801599e+00,5.696676303538607300e+01,4.231279255736681399e+00
7.805780578057806451e+00,5.696830393100384526e+01,4.230486833914830491e+00
7.810781078107811304e+00,5.696984540051280987e+01,4.229694834774086587e+00
7.815781578157816156e+00,5.697138751158222192e+01,4.228903257353777256e+00
7.820782078207821009e+00,5.697293033237313153e+01,4.228112100689304320e+00
7.825782578257825861e+00,5.697447393153841944e+01,4.227321363812150956e+00
7.830783078307831602e+00,5.697601837822274007e+01,4.226531045749874593e+00
7.835783578357836454e+00,5.697756374206257846e+01,4.225741145526111353e+00
7.840784078407841307e+00,5.697911009318620756e+01,4.224951662160572496e+00
7.845784578457846159e+00,5.698065750221370962e+01,4.224162594669047976e+00
7.850785078507851011e+00,5.698220604025696900e+01,4.223373942063404662e+00
7.855785578557855864e+00,5.698375577891967225e+01,4.222585703351586339e+00
7.860786078607861604e+00,5.698530679029731516e+01,4.221797877537614596e+00
7.865786578657866457e+00,5.698685914697719568e+01,4.221010463621586162e+00
7.870787078707871309e+00,5.698841292203840680e+01,4.220223460599677345e+00
7.875787578757876162e+00,5.698996818905186501e+01,4.219436867464140484e+00
7.880788078807881014e+00,5.699152502208028181e+01,4.218650683203303942e+00
7.885788578857885867e+00,5.699308349567814957e+01,4.217864906801575664e+00
7.890789078907891607e+00,5.699464368489180544e+01,4.217079537239438736e+00
7.895789578957896460e+00,5.699620566525936738e+01,4.216294573493454045e+00
7.900790079007901312e+00,5.699776951281074844e+01,4.215510014536260286e+00
7.905790579057906164e+00,5.699933530406768512e+01,4.214725859336571290e+00
7.910791079107911017e+00,5.700090311604370896e+01,4.213942106859179582e+00
7.915791579157915869e+00,5.700247302624416079e+01,4.213158756064955490e+00
7.920792079207921610e+00,5.700404511266617646e+01,4.212375805910844484e+00
7.925792579257926462e+00,5.700561945379870110e+01,4.211593255349870724e+00
7.930793079307931315e+00,5.700719612862248908e+01,4.210811103331135286e+00
7.935793579357936167e+00,5.700877521661008274e+01,4.210029348799814386e+00
7.940794079407941020e+00,5.701035679772584075e+01,4.209247990697164710e+00
7.945794579457945872e+00,5.701194095242593107e+01,4.208467027960518081e+00
7.950795079507951613e+00,5.701352776165831671e+01,4.207686459523282352e+00
7.955795579557956465e+00,5.701511730686275570e+01,4.206906284314945843e+00
7.960796079607961317e+00,5.701670966997082957e+01,4.206126501261071127e+00
7.965796579657966170e+00,5.701830493340591488e+01,4.205347109283298579e+00
7.970797079707971022e+00,5.701990318008318326e+01,4.204568107299346380e+00
7.975797579757975875e+00,5.702150449340962979e+01,4.203789494223009626e+00
7.980798079807981615e+00,5.702310895728403750e+01,4.203011268964159441e+00
7.985798579857986468e+00,5.702471665609699869e+01,4.202233430428745642e+00
7.990799079907991320e+00,5.702632767473090780e+01,4.201455977518794072e+00
7.995799579957996173e+00,5.702794209855996854e+01,4.200678909132408378e+00
8.000800080008001913e+00,5.702956001345017967e+01,4.199902224163769127e+00
8.005800580058005878e+00,5.703118150575935630e+01,4.199125921503134684e+00
8.010801080108011618e+00,5.703280666233710861e+01,4.198350000036837670e+00
8.015801580158015582e+00,5.703443557052484181e+01,4.197574458647292062e+00
8.020802080208021323e+00,5.703606831815579170e+01,4.196799296212985197e+00
8.025802580258027064e+00,5.703770499355497492e+01,4.196024511608484886e+00
8.030803080308031028e+00,5.703934568553921736e+01,4.195250103704433187e+00
8.035803580358036768e+00,5.704099048341714706e+01,4.194476071367550851e+00
8.040804080408040733e+00,5.704263947698920845e+01,4.193702413460636436e+00
8.045804580458046473e+00,5.704429275654764098e+01,4.192929128842561859e+00
8.050805080508050438e+00,5.704595041287648627e+01,4.192156216368282173e+00
8.055805580558056178e+00,5.704761253725158809e+01,4.191383674888824018e+00
8.060806080608061919e+00,5.704927922144059949e+01,4.190611503251293612e+00
8.065806580658065883e+00,5.705095055770297563e+01,4.189839700298874980e+00
8.070807080708071624e+00,5.705262663878998097e+01,4.189068264870828173e+00
8.075807580758075588e+00,5.705430755794466791e+01,4.188297195802490158e+00
8.080808080808081328e+00,5.705599340890191939e+01,4.187526491925275707e+00
8.085808580858087069e+00,5.705768410069755703e+01,4.186756154305220079e+00
8.090809080908091033e+00,5.705937834089650096e+01,4.185986198321175245e+00
8.095809580958096774e+00,5.706107580272994539e+01,4.185216627322842164e+00
8.100810081008100738e+00,5.706277641325923611e+01,4.184447441564033809e+00
8.105810581058106479e+00,5.706448009992679715e+01,4.183678641295808909e+00
8.110811081108110443e+00,5.706618679055610954e+01,4.182910226766477280e+00
8.115811581158116184e+00,5.706789641335175389e+01,4.182142198221597162e+00
8.120812081208121924e+00,5.706960889689940331e+01,4.181374555903971668e+00
8.125812581258125888e+00,5.707132417016577364e+01,4.180607300053655884e+00
8.130813081308131629e+00,5.707304216249870166e+01,4.179840430907949766e+00
8.135813581358135593e+00,5.707476280362706689e+01,4.179073948701404362e+00
8.140814081408141334e+00,5.707648602366086266e+01,4.178307853665816474e+00
8.145814581458147074e+00,5.707821175309113926e+01,4.177542146030231329e+00
8.150815081508151039e+00,5.707993992279003237e+01,4.176776826020944355e+00
8.155815581558156779e+00,5.708167046401077016e+01,4.176011893861496738e+00
8.160816081608160744e+00,5.708340330838763776e+01,4.175247349772678973e+00
8.165816581658166484e+00,5.708513838793602702e+01,4.174483193972529094e+00
8.170817081708170448e+00,5.708687563505238671e+01,4.173719426676333555e+00
8.175817581758176189e+00,5.708861498251425814e+01,4.172956048096628123e+00
8.180818081808181930e+00,5.709035636348026799e+01,4.172193058443193436e+00
8.185818581858185894e+00,5.709209971149009988e+01,4.171430457923062995e+00
8.190819081908191635e+00,5.709384496046454416e+01,4.170668246740514284e+00
8.195819581958195599e+00,5.709559204470545524e+01,4.169906425097074987e+00
8.200820082008201339e+00,5.709734089889577291e+01,4.169144993191519433e+00
8.205820582058207080e+00,5.709909145809952236e+01,4.168383951219872152e+00
8.210821082108211044e+00,5.710084365776179283e+01,4.167623299375404322e+00
8.215821582158216785e+00,5.710259743370877317e+01,4.166863037848636431e+00
8.220822082208220749e+00,5.710435272214772340e+01,4.166103166827334725e+00
8.225822582258226490e+00,5.710610945966697471e+01,4.165343686496516540e+00
8.230823082308230454e+00,5.710786758323595080e+01,4.164584597038445857e+00
8.235823582358236195e+00,5.710962703020515363e+01,4.163825898632634193e+00
8.240824082408241935e+00,5.711138773830617055e+01,4.163067591455842376e+00
8.245824582458245899e+00,5.711314964565164587e+01,4.162309675682078769e+00
8.250825082508251640e+00,5.711491269073533061e+01,4.161552151482600159e+00
8.255825582558255604e+00,5.711667681243203987e+01,4.160795019025912644e+00
8.260826082608261345e+00,5.711844194999768831e+01,4.160038278477766305e+00
8.265826582658267085e+00,5.712020804306923338e+01,4.159281930001164973e+00
8.270827082708271050e+00,5.712197503166476054e+01,4.158525973756355576e+00
8.275827582758276790e+00,5.712374285618339087e+01,4.157770409900837016e+00
8.280828082808280755e+00,5.712551145740535929e+01,4.157015238589354844e+00
8.285828582858286495e+00,5.712728077649195768e+01,4.156260459973901256e+00
8.290829082908290459e+00,5.712905075498557750e+01,4.155506074203719535e+00
8.295829582958296200e+00,5.713082133480966718e+01,4.154752081425298726e+00
8.300830083008301941e+00,5.713259245826878185e+01,4.153998481782377183e+00
8.305830583058305905e+00,5.713436406804853362e+01,4.153245275415939908e+00
8.310831083108311645e+00,5.713613610721563418e+01,4.152492462464222989e+00
8.315831583158315610e+00,5.713790851921785219e+01,4.151740043062708274e+00
8.320832083208321350e+00,5.713968124788406300e+01,4.150988017344125147e+00
8.325832583258327091e+00,5.714145423742419894e+01,4.150236385438453190e+00
8.330833083308331055e+00,5.714322743242929192e+01,4.149485147472919522e+00
8.335833583358336796e+00,5.714500077787143795e+01,4.148734303571998794e+00
8.340834083408340760e+00,5.714677421910381838e+01,4.147983853857414083e+00
8.345834583458346501e+00,5.714854770186069999e+01,4.147233798448136000e+00
8.350835083508350465e+00,5.715032117225742070e+01,4.146484137460385355e+00
8.355835583558356205e+00,5.715209457679041094e+01,4.145734871007627831e+00
8.360836083608361946e+00,5.715386786233717231e+01,4.144985999200580196e+00
8.365836583658365910e+00,5.715564097615628469e+01,4.144237522147206754e+00
8.370837083708371651e+00,5.715741386588741335e+01,4.143489439952717568e+00
8.375837583758375615e+00,5.715918647955130183e+01,4.142741752719574677e+00
8.380838083808381356e+00,5.716095876554977195e+01,4.141994460547484991e+00
8.385838583858387096e+00,5.716273067266573094e+01,4.141247563533404730e+00
8.390839083908391061e+00,5.716450215006315716e+01,4.140501061771538538e+00
8.395839583958396801e+00,5.716627314728712150e+01,4.139754955353340371e+00
8.400840084008400765e+00,5.716804361426376602e+01,4.139009244367509055e+00
8.405840584058406506e+00,5.716981350130031103e+01,4.138263928899993616e+00
8.410841084108410470e+00,5.717158275908506226e+01,4.137519009033992390e+00
8.415841584158416211e+00,5.717335133868740371e+01,4.136774484849948585e+00
8.420842084208421952e+00,5.717511919155780475e+01,4.136030356425557386e+00
8.425842584258425916e+00,5.717688626952781306e+01,4.135286623835758846e+00
8.430843084308431656e+00,5.717865252481004035e+01,4.134543287152743218e+00
8.435843584358435621e+00,5.718041790999819796e+01,4.133800346445947405e+00
8.440844084408441361e+00,5.718218237806707549e+01,4.133057801782057616e+00
8.445844584458447102e+00,5.718394588237253373e+01,4.132315653225007601e+00
8.450845084508451066e+00,5.718570837665152595e+01,4.131573900835979529e+00
8.455845584558456807e+00,5.718746981502206239e+01,4.130832544673403994e+00
8.460846084608460771e+00,5.718923015198325999e+01,4.130091584792959125e+00
8.465846584658466512e+00,5.719098934241529975e+01,4.129351021247570586e+00
8.470847084708470476e+00,5.719274734157944806e+01,4.128610854087414239e+00
8.475847584758476216e+00,5.719450410511805671e+01,4.127871083359911708e+00
8.480848084808481957e+00,5.719625958905454155e+01,4.127131709109733926e+00
8.485848584858485921e+00,5.719801374979341801e+01,4.126392731378801138e+00
8.490849084908491662e+00,5.719976654412027273e+01,4.125654150206278459e+00
8.495849584958495626e+00,5.720151792920176348e+01,4.124915965628583869e+00
8.500850085008501367e+00,5.720326786258564056e+01,4.124178177679377555e+00
8.505850585058507107e+00,5.720501630220073253e+01,4.123440786389573454e+00
8.510851085108511072e+00,5.720676320635694623e+01,4.122703791787330374e+00
8.515851585158516812e+00,5.720850853374526679e+01,4.121967193898055548e+00
8.520852085208520776e+00,5.721025224343775761e+01,4.121230992744406407e+00
8.525852585258526517e+00,5.721199429488758170e+01,4.120495188346286142e+00
8.530853085308530481e+00,5.721373464792894481e+01,4.119759780720846365e+00
8.535853585358536222e+00,5.721547326277716650e+01,4.119024769882488890e+00
8.540854085408541962e+00,5.721721010002863750e+01,4.118290155842860401e+00
8.545854585458545927e+00,5.721894512066081973e+01,4.117555938610858668e+00
8.550855085508551667e+00,5.722067828603226047e+01,4.116822118192628110e+00
8.555855585558555632e+00,5.722240955788258532e+01,4.116088694591562458e+00
8.560856085608561372e+00,5.722413889833251233e+01,4.115355667808301199e+00
8.565856585658567113e+00,5.722586626988381653e+01,4.114623037840734909e+00
8.570857085708571077e+00,5.722759163541937966e+01,4.113890804683999924e+00
8.575857585758576818e+00,5.722931495820313330e+01,4.113158968330481891e+00
8.580858085808580782e+00,5.723103620188012286e+01,4.112427528769814877e+00
8.585858585858586522e+00,5.723275533047645069e+01,4.111696485988879601e+00
8.590859085908590487e+00,5.723447230839930455e+01,4.110965839971806091e+00
8.595859585958596227e+00,5.723618710043695046e+01,4.110235590699973685e+00
8.600860086008601968e+00,5.723789967175874693e+01,4.109505738152006593e+00
8.605860586058605932e+00,5.723960998791510946e+01,4.108776282303780114e+00
8.610861086108611673e+00,5.724131801483756021e+01,4.108047223128416192e+00
8.615861586158615637e+00,5.724302371883867835e+01,4.107318560596286083e+00
8.620862086208621378e+00,5.724472706661214261e+01,4.106590294675007691e+00
8.625862586258627118e+00,5.724642802523269580e+01,4.105862425329447341e+00
8.630863086308631082e+00,5.724812656215617324e+01,4.105134952521720670e+00
8.635863586358636823e+00,5.724982264521947428e+01,4.104407876211190853e+00
8.640864086408640787e+00,5.725151624264059791e+01,4.103681196354469485e+00
8.645864586458646528e+00,5.725320732301861426e+01,4.102954912905413920e+00
8.650865086508650492e+00,5.725489585533367176e+01,4.102229025815133490e+00
8.655865586558656233e+00,5.725658180894700422e+01,4.101503535031983283e+00
8.660866086608661973e+00,5.725826515360091662e+01,4.100778440501565925e+00
8.665866586658665938e+00,5.725994585941879933e+01,4.100053742166735127e+00
8.670867086708671678e+00,5.726162389690512100e+01,4.099329439967589472e+00
8.675867586758675642e+00,5.726329923694544277e+01,4.098605533841477744e+00
8.680868086808681383e+00,5.726497185080638985e+01,4.097882023722996259e+00
8.685868586858687124e+00,5.726664171013566573e+01,4.097158909543987981e+00
8.690869086908691088e+00,5.726830878696207350e+01,4.096436191233547852e+00
8.695869586958696829e+00,5.726997305369548030e+01,4.095713868718014794e+00
8.700870087008700793e+00,5.727163448312683869e+01,4.094991941920977929e+00
8.705870587058706533e+00,5.727329304842817237e+01,4.094270410763274803e+00
8.710871087108710498e+00,5.727494872315260466e+01,4.093549275162989609e+00
8.715871587158716238e+00,5.727660148123431583e+01,4.092828535035455850e+00
8.720872087208721979e+00,5.727825129698859286e+01,4.092108190293254566e+00
8.725872587258725943e+00,5.727989814511177258e+01,4.091388240846216107e+00
8.730873087308731684e+00,5.728154200068129143e+01,4.090668686601416582e+00
8.735873587358735648e+00,5.728318283915566411e+01,4.089949527463184076e+00
8.740874087408741389e+00,5.728482063637448363e+01,4.089230763333089769e+00
8.745874587458747129e+00,5.728645536855842124e+01,4.088512394109957704e+00
8.750875087508751093e+00,5.728808701230923361e+01,4.087794419689856795e+00
8.755875587558756834e+00,5.728971554460974147e+01,4.087076839966106157e+00
8.760876087608760798e+00,5.729134094282387224e+01,4.086359654829271548e+00
8.765876587658766539e+00,5.729296318469661031e+01,4.085642864167168042e+00
8.770877087708770503e+00,5.729458224835403257e+01,4.084926467864857358e+00
8.775877587758776244e+00,5.729619811230328708e+01,4.084210465804651413e+00
8.780878087808781984e+00,5.729781075543261437e+01,4.083494857866108774e+00
8.785878587858785949e+00,5.729942015701131908e+01,4.082779643926036428e+00
8.790879087908791689e+00,5.730102629668980541e+01,4.082064823858489788e+00
8.795879587958795653e+00,5.730262915449954164e+01,4.081350397534771801e+00
8.800880088008801394e+00,5.730422871085308145e+01,4.080636364823433837e+00
8.805880588058807135e+00,5.730582494654405679e+01,4.079922725590276578e+00
8.810881088108811099e+00,5.730741784274718498e+01,4.079209479698346463e+00
8.815881588158816839e+00,5.730900738101825453e+01,4.078496627007940134e+00
8.820882088208820804e+00,5.731059354329415356e+01,4.077784167376601765e+00
8.825882588258826544e+00,5.731217631189282002e+01,4.077072100659123066e+00
8.830883088308830509e+00,5.731375566951329859e+01,4.076360426707545059e+00
8.835883588358836249e+00,5.731533159923570508e+01,4.075649145371154525e+00
8.840884088408841990e+00,5.731690408452122654e+01,4.074938256496489331e+00
8.845884588458845954e+00,5.731847310921214245e+01,4.074227759927333992e+00
8.850885088508851695e+00,5.732003865753181060e+01,4.073517655504721446e+00
8.855885588558855659e+00,5.732160071408465996e+01,4.072807943066932168e+00
8.860886088608861400e+00,5.732315926385620486e+01,4.072098622449495942e+00
8.865886588658867140e+00,5.732471429221305215e+01,4.071389693485189198e+00
8.870887088708871104e+00,5.732626578490286562e+01,4.070681156004038570e+00
8.875887588758876845e+00,5.732781372805440867e+01,4.069973009833315558e+00
8.880888088808880809e+00,5.732935810817750877e+01,4.069265254797543641e+00
8.885888588858886550e+00,5.733089891216309297e+01,4.068557890718492054e+00
8.890889088908890514e+00,5.733243612728314531e+01,4.067850917415178458e+00
8.895889588958896255e+00,5.733396974119074940e+01,4.067144334703868935e+00
8.900890089008901995e+00,5.733549974192006005e+01,4.066438142398077105e+00
8.905890589058905960e+00,5.733702611788631742e+01,4.065732340308566783e+00
8.910891089108911700e+00,5.733854885788582578e+01,4.065026928243347548e+00
8.915891589158915664e+00,5.734006795109599608e+01,4.064321906007678287e+00
8.920892089208921405e+00,5.734158338707530334e+01,4.063617273404064534e+00
8.925892589258927146e+00,5.734309515576329375e+01,4.062913030232262024e+00
8.930893089308931110e+00,5.734460324748061311e+01,4.062209176289274026e+00
8.935893589358936850e+00,5.734610765292897128e+01,4.061505711369351346e+00
8.940894089408940815e+00,5.734760836319117772e+01,4.060802635263994098e+00
8.945894589458946555e+00,5.734910536973109885e+01,4.060099947761947270e+00
8.950895089508950520e+00,5.735059866439369358e+01,4.059397648649209600e+00
8.955895589558956260e+00,5.735208823940500622e+01,4.058695737709022033e+00
8.960896089608962001e+00,5.735357408737215223e+01,4.057994214721877491e+00
8.965896589658965965e+00,5.735505620128331827e+01,4.057293079465516428e+00
8.970897089708971706e+00,5.735653457450779769e+01,4.056592331714925947e+00
8.975897589758975670e+00,5.735800920079594079e+01,4.055891971242342464e+00
8.980898089808981410e+00,5.735948007427919038e+01,4.055191997817250815e+00
8.985898589858987151e+00,5.736094718947006044e+01,4.054492411206382485e+00
8.990899089908991115e+00,5.736241054126215033e+01,4.053793211173720046e+00
8.995899589958996856e+00,5.736387012493013771e+01,4.053094397480490052e+00
9.000900090009000820e+00,5.736532593612977848e+01,4.052395969885170146e+00
9.005900590059006561e+00,5.736677797089792108e+01,4.051697928143485505e+00
9.010901090109010525e+00,5.736822622565247798e+01,4.051000272008409731e+00
9.015901590159016266e+00,5.736967069719245416e+01,4.050303001230163069e+00
9.020902090209022006e+00,5.737111138269791866e+01,4.049606115556215080e+00
9.025902590259025970e+00,5.737254827973003302e+01,4.048909614731284634e+00
9.030903090309031711e+00,5.737398138623104416e+01,4.048213498497335472e+00
9.035903590359035675e+00,5.737541070052427017e+01,4.047517766593583310e+00
9.040904090409041416e+00,5.737683622131410033e+01,4.046822418756488737e+00
9.045904590459047157e+00,5.737825794768603060e+01,4.046127454719761651e+00
9.050905090509051121e+00,5.737967587910660683e+01,4.045432874214362151e+00
9.055905590559056861e+00,5.738109001542347443e+01,4.044738676968494318e+00
9.060906090609060826e+00,5.738250035686535000e+01,4.044044862707614207e+00
9.065906590659066566e+00,5.738390690404204264e+01,4.043351431154423636e+00
9.070907090709070530e+00,5.738530965794442551e+01,4.042658382028873731e+00
9.075907590759076271e+00,5.738670861994446426e+01,4.041965715048163155e+00
9.080908090809082012e+00,5.738810379179518861e+01,4.041273429926738991e+00
9.085908590859085976e+00,5.738949517563073499e+01,4.040581526376296750e+00
9.090909090909091717e+00,5.739088277396629678e+01,4.039890004105779475e+00
9.095909590959095681e+00,5.739226658969814565e+01,4.039198862821378633e+00
9.100910091009101421e+00,5.739364662610365997e+01,4.038508102226533225e+00
9.105910591059107162e+00,5.739502288684126796e+01,4.037817722021932454e+00
9.110911091109111126e+00,5.739639537595049745e+01,4.037127721905510391e+00
9.115911591159116867e+00,5.739776409785195455e+01,4.036438101572451309e+00
9.120912091209120831e+00,5.739912905734730941e+01,4.035748860715188790e+00
9.125912591259126572e+00,5.740049025961932472e+01,4.035059999023402177e+00
9.130913091309130536e+00,5.740184771023184851e+01,4.034371516184019235e+00
9.135913591359136277e+00,5.740320141512980712e+01,4.033683411881217040e+00
9.140914091409142017e+00,5.740455138063919094e+01,4.032995685796420204e+00
9.145914591459145981e+00,5.740589761346708997e+01,4.032308337608300874e+00
9.150915091509151722e+00,5.740724012070165827e+01,4.031621366992781397e+00
9.155915591559155686e+00,5.740857890981214950e+01,4.030934773623029876e+00
9.160916091609161427e+00,5.740991398864888140e+01,4.030248557169463730e+00
9.165916591659167167e+00,5.741124536544325707e+01,4.029562717299747909e+00
9.170917091709171132e+00,5.741257304880775791e+01,4.028877253678796677e+00
9.175917591759176872e+00,5.741389704773594360e+01,4.028192165968770055e+00
9.180918091809180837e+00,5.741521737160246630e+01,4.027507453829080042e+00
9.185918591859186577e+00,5.741653403016304225e+01,4.026823116916381728e+00
9.190919091909190541e+00,5.741784703355447306e+01,4.026139154884583959e+00
9.195919591959196282e+00,5.741915639229464574e+01,4.025455567384838673e+00
9.200920092009202023e+00,5.742046211728253269e+01,4.024772354065549784e+00
9.205920592059205987e+00,5.742176421979815615e+01,4.024089514572366966e+00
9.210921092109211727e+00,5.742306271150265928e+01,4.023407048548187426e+00
9.215921592159215692e+00,5.742435760443824222e+01,4.022724955633160349e+00
9.220922092209221432e+00,5.742564891102818336e+01,4.022043235464678901e+00
9.225922592259227173e+00,5.742693664407684651e+01,4.021361887677386449e+00
9.230923092309231137e+00,5.742822081676968082e+01,4.020680911903173893e+00
9.235923592359236878e+00,5.742950144267321377e+01,4.020000307771180559e+00
9.240924092409240842e+00,5.743077853573503688e+01,4.019320074907793305e+00
9.245924592459246583e+00,5.743205211028384838e+01,4.018640212936648304e+00
9.250925092509250547e+00,5.743332218102940345e+01,4.017960721478630148e+00
9.255925592559256287e+00,5.743458876306255689e+01,4.017281600151868304e+00
9.260926092609262028e+00,5.743585187185522045e+01,4.016602848571743323e+00
9.265926592659265992e+00,5.743711152326041258e+01,4.015924466350884181e+00
9.270927092709271733e+00,5.743836773351220870e+01,4.015246453099166501e+00
9.275927592759275697e+00,5.743962051922578382e+01,4.014568808423715218e+00
9.280928092809281438e+00,5.744086989739737703e+01,4.013891531928901024e+00
9.285928592859287178e+00,5.744211588540431279e+01,4.013214623216345700e+00
9.290929092909291143e+00,5.744335850100499385e+01,4.012538081884918562e+00
9.295929592959296883e+00,5.744459776233891546e+01,4.011861907530734683e+00
9.300930093009300847e+00,5.744583368792663691e+01,4.011186099747160227e+00
9.305930593059306588e+00,5.744706629666981001e+01,4.010510658124808003e+00
9.310931093109310552e+00,5.744829560785115774e+01,4.009835582251539243e+00
9.315931593159316293e+00,5.744952164113448845e+01,4.009160871712463603e+00
9.320932093209322034e+00,5.745074441656468167e+01,4.008486526089938273e+00
9.325932593259325998e+00,5.745196395456770944e+01,4.007812544963568868e+00
9.330933093309331738e+00,5.745318027595061494e+01,4.007138927910209425e+00
9.335933593359335703e+00,5.745439340190153388e+01,4.006465674503961516e+00
9.340934093409341443e+00,5.745560335398966600e+01,4.005792784316175137e+00
9.345934593459347184e+00,5.745681015416529647e+01,4.005120256915447818e+00
9.350935093509351148e+00,5.745801382475979580e+01,4.004448091867628179e+00
9.355935593559356889e+00,5.745921438848561280e+01,4.003776288735807931e+00
9.360936093609360853e+00,5.746041186843627457e+01,4.003104847080331652e+00
9.365936593659366594e+00,5.746160628808638648e+01,4.002433766458788789e+00
9.370937093709370558e+00,5.746279767129163929e+01,4.001763046426018988e+00
9.375937593759376298e+00,5.746398604228879492e+01,4.001092686534108545e+00
9.380938093809382039e+00,5.746517142569570780e+01,4.000422686332393063e+00
9.385938593859386003e+00,5.746635384651129641e+01,3.999753045367455684e+00
9.390939093909391744e+00,5.746753333011558595e+01,3.999083763183127971e+00
9.395939593959395708e+00,5.746870990226965148e+01,3.998414839320489023e+00
9.400940094009401449e+00,5.746988358911566053e+01,3.997746273317866361e+00
9.405940594059407189e+00,5.747105441717686602e+01,3.997078064710836376e+00
9.410941094109411154e+00,5.747222241335759918e+01,3.996410213032222991e+00
9.415941594159416894e+00,5.747338760494326237e+01,3.995742717812097666e+00
9.420942094209420858e+00,5.747455001960035048e+01,3.995075578577781172e+00
9.425942594259426599e+00,5.747570968537642955e+01,3.994408794853841371e+00
9.430943094309430563e+00,5.747686663070014390e+01,3.993742366162095436e+00
9.435943594359436304e+00,5.747802088438123747e+01,3.993076292021606744e+00
9.440944094409442044e+00,5.747917247561050402e+01,3.992410571948688869e+00
9.445944594459446009e+00,5.748032143395983695e+01,3.991745205456902923e+00
9.450945094509451749e+00,5.748146778938221502e+01,3.991080192057057552e+00
9.455945594559455714e+00,5.748261157221167394e+01,3.990415531257209825e+00
9.460946094609461454e+00,5.748375281316335617e+01,3.989751222562664790e+00
9.465946594659467195e+00,5.748489154333346818e+01,3.989087265475976363e+00
9.470947094709471159e+00,5.748602779419929476e+01,3.988423659496945550e+00
9.475947594759476900e+00,5.748716159761920608e+01,3.987760404122622671e+00
9.480948094809480864e+00,5.748829298583265768e+01,3.987097498847305133e+00
9.485948594859486604e+00,5.748942199146018339e+01,3.986434943162538769e+00
9.490949094909490569e+00,5.749054864750338112e+01,3.985772736557118279e+00
9.495949594959496309e+00,5.749167298734495546e+01,3.985110878517085009e+00
9.500950095009502050e+00,5.749279504474866798e+01,3.984449368525729618e+00
9.505950595059506014e+00,5.749391485385937273e+01,3.983788206063590742e+00
9.510951095109511755e+00,5.749503244920300205e+01,3.983127390608454998e+00
9.515951595159515719e+00,5.749614786568656655e+01,3.982466921635357426e+00
9.520952095209521460e+00,5.749726113859815513e+01,3.981806798616580156e+00
9.525952595259527200e+00,5.749837230360694207e+01,3.981147021021654631e+00
9.530953095309531165e+00,5.749948139676317993e+01,3.980487588317360270e+00
9.535953595359536905e+00,5.750058845449819245e+01,3.979828499967724031e+00
9.540954095409540869e+00,5.750169351362440295e+01,3.979169755434021738e+00
9.545954595459546610e+00,5.750279661133529174e+01,3.978511354174775860e+00
9.550955095509550574e+00,5.750389778520544581e+01,3.977853295645759513e+00
9.555955595559556315e+00,5.750499707319050202e+01,3.977195579299991568e+00
9.560956095609562055e+00,5.750609451362719682e+01,3.976538204587740211e+00
9.565956595659566020e+00,5.750719014523335204e+01,3.975881170956522048e+00
9.570957095709571760e+00,5.750828400710784649e+01,3.975224477851100335e+00
9.575957595759575725e+00,5.750937613873065857e+01,3.974568124713488526e+00
9.580958095809581465e+00,5.751046657996285205e+01,3.973912110982946277e+00
9.585958595859587206e+00,5.751155537104654059e+01,3.973256436095982558e+00
9.590959095909591170e+00,5.751264255260494451e+01,3.972601099486354315e+00
9.595959595959596911e+00,5.751372816564236956e+01,3.971946100585065587e+00
9.600960096009600875e+00,5.751481225154417132e+01,3.971291438820371056e+00
9.605960596059606615e+00,5.751589485207680497e+01,3.970637113617770275e+00
9.610961096109610580e+00,5.751697600938781818e+01,3.969983124400013441e+00
9.615961596159616320e+00,5.751805576600580849e+01,3.969329470587097841e+00
9.620962096209622061e+00,5.751913416484048014e+01,3.968676151596268742e+00
9.625962596259626025e+00,5.752021124918260853e+01,3.968023166842020721e+00
9.630963096309631766e+00,5.752128706270403313e+01,3.967370515736094561e+00
9.635963596359635730e+00,5.752236164945770014e+01,3.966718197687480796e+00
9.640964096409641471e+00,5.752343505387762690e+01,3.966066212102417499e+00
9.645964596459647211e+00,5.752450732077889484e+01,3.965414558384390720e+00
9.650965096509651175e+00,5.752557849535769208e+01,3.964763235934134933e+00
9.655965596559656916e+00,5.752664862319126371e+01,3.964112244149633035e+00
9.660966096609660880e+00,5.752771775023794731e+01,3.963461582426115459e+00
9.665966596659666621e+00,5.752878592283715875e+01,3.962811250156060616e+00
9.670967096709670585e+00,5.752985318770939216e+01,3.962161246729196229e+00
9.675967596759676326e+00,5.753091959195622707e+01,3.961511571532496667e+00
9.680968096809682066e+00,5.753198518306030707e+01,3.960862223950185168e+00
9.685968596859686031e+00,5.753305000888537535e+01,3.960213203363733392e+00
9.690969096909691771e+00,5.753411411767625339e+01,3.959564509151860534e+00
9.695969596959695735e+00,5.753517755805882672e+01,3.958916140690534657e+00
9.700970097009701476e+00,5.753624037904007338e+01,3.958268097352970916e+00
9.705970597059707217e+00,5.753730263000804968e+01,3.957620378509633330e+00
9.710971097109711181e+00,5.753836436073189731e+01,3.956972983528234344e+00
9.715971597159716922e+00,5.753942562136182204e+01,3.956325911773733939e+00
9.720972097209720886e+00,5.754048646242912923e+01,3.955679162608340071e+00
9.725972597259726626e+00,5.754154693484618832e+01,3.955032735391508680e+00
9.730973097309730591e+00,5.754260708990645412e+01,3.954386629479945903e+00
9.735973597359736331e+00,5.754366697928447394e+01,3.953740844227602746e+00
9.740974097409742072e+00,5.754472665503585915e+01,3.953095378985680863e+00
9.745974597459746036e+00,5.754578616959730653e+01,3.952450233102629440e+00
9.750975097509751777e+00,5.754684557578658399e+01,3.951805405924144754e+00
9.755975597559755741e+00,5.754790492680256619e+01,3.951160896793172839e+00
9.760976097609761482e+00,5.754896427622517052e+01,3.950516705049906818e+00
9.765976597659767222e+00,5.755002367801543528e+01,3.949872830031787352e+00
9.770977097709771186e+00,5.755108318651544153e+01,3.949229271073505299e+00
9.775977597759776927e+00,5.755214285644836991e+01,3.948586027506997720e+00
9.780978097809780891e+00,5.755320274291848648e+01,3.947943098661450989e+00
9.785978597859786632e+00,5.755426290141111423e+01,3.947300483863298570e+00
9.790979097909790596e+00,5.755532338779268997e+01,3.946658182436222795e+00
9.795979597959796337e+00,5.755638425831069327e+01,3.946016193701153973e+00
9.800980098009802077e+00,5.755744556959371749e+01,3.945374516976270840e+00
9.805980598059806042e+00,5.755850737865140587e+01,3.944733151576999663e+00
9.810981098109811782e+00,5.755956974287450834e+01,3.944092096816015136e+00
9.815981598159815746e+00,5.756063272003484599e+01,3.943451352003240373e+00
9.820982098209821487e+00,5.756169636828530400e+01,3.942810916445845582e+00
9.825982598259827228e+00,5.756276074615986715e+01,3.942170789448250723e+00
9.830983098309831192e+00,5.756382591257360559e+01,3.941530970312123294e+00
9.835983598359836932e+00,5.756489192682263933e+01,3.940891458336377440e+00
9.840984098409840897e+00,5.756595884858419510e+01,3.940252252817177503e+00
9.845984598459846637e+00,5.756702673791657787e+01,3.939613353047934918e+00
9.850985098509850602e+00,5.756809565525916383e+01,3.938974758319309988e+00
9.855985598559856342e+00,5.756916566143240743e+01,3.938336467919209660e+00
9.860986098609862083e+00,5.757023681763785561e+01,3.937698481132790640e+00
9.865986598659866047e+00,5.757130918545811937e+01,3.937060797242457166e+00
9.870987098709871788e+00,5.757238282685690933e+01,3.936423415527861014e+00
9.875987598759875752e+00,5.757345780417899306e+01,3.935786335265903269e+00
9.880988098809881492e+00,5.757453418015023772e+01,3.935149555730732107e+00
9.885988598859887233e+00,5.757561201787758876e+01,3.934513076193744130e+00
9.890989098909891197e+00,5.757669138084905569e+01,3.933876895923584804e+00
9.895989598959896938e+00,5.757777233293374763e+01,3.933241014186146689e+00
9.900990099009900902e+00,5.757885493838184487e+01,3.932605430244571210e+00
9.905990599059906643e+00,5.757993926182459887e+01,3.931970143359246883e+00
9.910991099109910607e+00,5.758102536827435358e+01,3.931335152787811982e+00
9.915991599159916348e+00,5.758211332312453834e+01,3.930700457785151425e+00
9.920992099209922088e+00,5.758320319214964655e+01,3.930066057603398999e+00
9.925992599259926052e+00,5.758429504150525702e+01,3.929431951491937358e+00
9.930993099309931793e+00,5.758538893772804101e+01,3.928798138697394915e+00
9.935993599359935757e+00,5.758648494773573390e+01,3.928164618463651170e+00
9.940994099409941498e+00,5.758758313882715640e+01,3.927531390031831382e+00
9.945994599459947239e+00,5.758868357868220755e+01,3.926898452640310122e+00
9.950995099509951203e+00,5.758978633536187886e+01,3.926265805524710384e+00
9.955995599559956943e+00,5.759089147730822589e+01,3.925633447917901808e+00
9.960996099609960908e+00,5.759199907334438961e+01,3.925001379050004235e+00
9.965996599659966648e+00,5.759310919267458928e+01,3.924369598148383709e+00
9.970997099709970612e+00,5.759422190488413662e+01,3.923738104437655583e+00
9.975997599759976353e+00,5.759533727993940744e+01,3.923106897139682747e+00
9.980998099809982094e+00,5.759645538818786292e+01,3.922475975473576959e+00
9.985998599859986058e+00,5.759757630035804965e+01,3.921845338655697510e+00
9.990999099909991799e+00,5.759870008755958537e+01,3.921214985899651229e+00
9.995999599959995763e+00,5.759982682128318032e+01,3.920584916416295140e+00
1.000100010001000150e+01,5.760095657340061592e+01,3.919955129413731587e+00
1.000600060006000724e+01,5.760208941616475187e+01,3.919325624097313554e+00
1.001100110011001121e+01,5.760322542220953324e+01,3.918696399669641117e+00
1.001600160016001695e+01,5.760436466454998339e+01,3.918067455330561888e+00
1.002100210021002091e+01,5.760550721658219686e+01,3.917438790277172789e+00
1.002600260026002665e+01,5.760665315208337489e+01,3.916810403703817833e+00
1.003100310031003062e+01,5.760780254521176857e+01,3.916182294802090347e+00
1.003600360036003636e+01,5.760895547050672150e+01,3.915554462760829857e+00
1.004100410041004210e+01,5.761011200288866974e+01,3.914926906766126535e+00
1.004600460046004606e+01,5.761127221765909923e+01,3.914299626001317201e+00
1.005100510051005180e+01,5.761243619050060971e+01,3.913672619646986650e+00
1.005600560056005577e+01,5.761360399747685790e+01,3.913045886880968105e+00
1.006100610061006151e+01,5.761477571503258588e+01,3.912419426878343209e+00
1.006600660066006725e+01,5.761595141999362824e+01,3.911793238811441586e+00
1.007100710071007121e+01,5.761713118956687651e+01,3.911167321849841283e+00
1.007600760076007695e+01,5.761831510134032897e+01,3.910541675160366992e+00
1.008100810081008092e+01,5.761950323328304080e+01,3.909916297907094052e+00
1.008600860086008666e+01,5.762069566374515972e+01,3.909291189251344001e+00
1.009100910091009062e+01,5.762189247145791882e+01,3.908666348351686803e+00
1.009600960096009636e+01,5.762309373553360814e+01,3.908041774363941290e+00
1.010101010101010210e+01,5.762429953546562444e+01,3.907417466441173381e+00
1.010601060106010607e+01,5.762550995112842855e+01,3.906793423733698756e+00
1.011101110111011181e+01,5.762672506277756668e+01,3.906169645389079292e+00
1.011601160116011577e+01,5.762794495104966330e+01,3.905546130552126183e+00
1.012101210121012151e+01,5.762916969696242830e+01,3.904922878364898597e+00
1.012601260126012725e+01,5.763039938191464273e+01,3.904299887966703242e+00
1.013101310131013122e+01,5.763163408768618012e+01,3.903677158494096133e+00
1.013601360136013696e+01,5.763287389643798520e+01,3.903054689080880824e+00
1.014101410141014092e+01,5.763411889071207383e+01,3.902432478858107956e+00
1.014601460146014666e+01,5.763536915343156153e+01,3.901810526954077929e+00
1.015101510151015063e+01,5.763662476790063494e+01,3.901188832494339120e+00
1.015601560156015637e+01,5.763788581780455900e+01,3.900567394601686111e+00
1.016101610161016211e+01,5.763915238720968404e+01,3.899946212396164125e+00
1.016601660166016607e+01,5.764042456056343156e+01,3.899325284995065477e+00
1.017101710171017181e+01,5.764170242269431554e+01,3.898704611512930018e+00
1.017601760176017578e+01,5.764298605881190696e+01,3.898084191061546466e+00
1.018101810181018152e+01,5.764427555450689766e+01,3.897464022749951518e+00
1.018601860186018726e+01,5.764557099575101518e+01,3.896844105684429849e+00
1.019101910191019122e+01,5.764687246889709371e+01,3.896224438968515003e+00
1.019601960196019697e+01,5.764818006067904577e+01,3.895605021702987170e+00
1.020102010201020093e+01,5.764949385821185501e+01,3.894985852985876296e+00
1.020602060206020667e+01,5.765081394899158340e+01,3.894366931912459417e+00
1.021102110211021063e+01,5.765214042089539248e+01,3.893748257575261995e+00
1.021602160216021637e+01,5.765347336218149366e+01,3.893129829064057468e+00
1.022102210221022212e+01,5.765481286148921214e+01,3.892511645465868142e+00
1.022602260226022608e+01,5.765615900783892300e+01,3.891893705864963859e+00
1.023102310231023182e+01,5.765751189063210802e+01,3.891276009342861997e+00
1.023602360236023578e+01,5.765887159965130593e+01,3.890658554978329242e+00
1.024102410241024153e+01,5.766023822506014085e+01,3.890041341847378931e+00
1.024602460246024727e+01,5.766161185740333650e+01,3.889424369023275041e+00
1.025102510251025123e+01,5.766299258760667357e+01,3.888807635576527311e+00
1.025602560256025697e+01,5.766438050697701811e+01,3.888191140574894344e+00
1.026102610261026093e+01,5.766577570720232870e+01,3.887574883083383170e+00
1.026602660266026668e+01,5.766717828035162086e+01,3.886958862164248796e+00
1.027102710271027242e+01,5.766858831887502390e+01,3.886343076876993763e+00
1.027602760276027638e+01,5.767000591560370992e+01,3.885727526278370370e+00
1.028102810281028212e+01,5.767143116374995060e+01,3.885112209422377116e+00
1.028602860286028609e+01,5.767286415690710299e+01,3.884497125360261816e+00
1.029102910291029183e+01,5.767430498904959535e+01,3.883882273140519814e+00
1.029602960296029579e+01,5.767575375453294129e+01,3.883267651808895327e+00
1.030103010301030153e+01,5.767721054809371850e+01,3.882653260408380103e+00
1.030603060306030727e+01,5.767867518147372863e+01,3.882039104236868710e+00
1.031103110311031124e+01,5.768014728792412171e+01,3.881425190195582520e+00
1.031603160316031698e+01,5.768162671974690880e+01,3.880811519128594789e+00
1.032103210321032094e+01,5.768311333009272346e+01,3.880198091872896882e+00
1.032603260326032668e+01,5.768460697289294359e+01,3.879584909260057835e+00
1.033103310331033242e+01,5.768610750285962752e+01,3.878971972116224798e+00
1.033603360336033639e+01,5.768761477548557082e+01,3.878359281262123481e+00
1.034103410341034213e+01,5.768912864704426369e+01,3.877746837513057265e+00
1.034603460346034609e+01,5.769064897458993357e+01,3.877134641678907645e+00
1.035103510351035183e+01,5.769217561595748833e+01,3.876522694564135119e+00
1.035603560356035580e+01,5.769370842976258018e+01,3.875910996967776967e+00
1.036103610361036154e+01,5.769524727540155595e+01,3.875299549683450362e+00
1.036603660366036728e+01,5.769679201305148553e+01,3.874688353499348814e+00
1.037103710371037124e+01,5.769834250367014761e+01,3.874077409198245725e+00
1.037603760376037698e+01,5.769989860899603684e+01,3.873466717557490835e+00
1.038103810381038095e+01,5.770146019154835670e+01,3.872856279349014219e+00
1.038603860386038669e+01,5.770302711462702661e+01,3.872246095339321403e+00
1.039103910391039243e+01,5.770459924231268189e+01,3.871636166289498693e+00
1.039603960396039639e+01,5.770617643946666675e+01,3.871026492955209619e+00
1.040104010401040213e+01,5.770775857173104129e+01,3.870417076086694941e+00
1.040604060406040610e+01,5.770934550552857445e+01,3.869807916428774419e+00
1.041104110411041184e+01,5.771093710806275823e+01,3.869199014720845931e+00
1.041604160416041580e+01,5.771253324731779344e+01,3.868590371696885910e+00
1.042104210421042154e+01,5.771413379205858263e+01,3.867981988085448020e+00
1.042604260426042728e+01,5.771573861183076559e+01,3.867373864609664924e+00
1.043104310431043125e+01,5.771734757696067675e+01,3.866766001987246959e+00
1.043604360436043699e+01,5.771896055855536645e+01,3.866158400930482131e+00
1.044104410441044095e+01,5.772057742850260098e+01,3.865551062146238337e+00
1.044604460446044669e+01,5.772219805947086257e+01,3.864943986335959814e+00
1.045104510451045243e+01,5.772382232490934229e+01,3.864337174195669800e+00
1.045604560456045640e+01,5.772545009904794711e+01,3.863730626415969649e+00
1.046104610461046214e+01,5.772708125689729997e+01,3.863124343682038830e+00
1.046604660466046610e+01,5.772871567424872552e+01,3.862518326673634927e+00
1.047104710471047184e+01,5.773035322767427857e+01,3.861912576065093194e+00
1.047604760476047581e+01,5.773199379452671565e+01,3.861307092525328333e+00
1.048104810481048155e+01,5.773363725293950921e+01,3.860701876717831826e+00
1.048604860486048729e+01,5.773528348182684766e+01,3.860096929300673718e+00
1.049104910491049125e+01,5.773693236088362113e+01,3.859492250926503498e+00
1.049604960496049699e+01,5.773858377058545699e+01,3.858887842242546551e+00
1.050105010501050096e+01,5.774023759218867724e+01,3.858283703890608596e+00
1.050605060506050670e+01,5.774189370773031271e+01,3.857679836507071247e+00
1.051105110511051244e+01,5.774355200002812438e+01,3.857076240722896454e+00
1.051605160516051640e+01,5.774521235268058206e+01,3.856472917163623393e+00
1.052105210521052214e+01,5.774687465006685727e+01,3.855869866449368466e+00
1.052605260526052611e+01,5.774853877734684460e+01,3.855267089194828856e+00
1.053105310531053185e+01,5.775020462046115455e+01,3.854664586009276750e+00
1.053605360536053581e+01,5.775187206613109936e+01,3.854062357496564672e+00
1.054105410541054155e+01,5.775354100185872142e+01,3.853460404255121929e+00
1.054605460546054729e+01,5.775521131592676483e+01,3.852858726877957718e+00
1.055105510551055126e+01,5.775688289739868253e+01,3.852257325952657574e+00
1.055605560556055700e+01,5.775855563611865762e+01,3.851656202061386036e+00
1.056105610561056096e+01,5.776022942271156779e+01,3.851055355780886202e+00
1.056605660566056670e+01,5.776190414858301381e+01,3.850454787682478397e+00
1.057105710571057244e+01,5.776357970591931945e+01,3.849854498332061503e+00
1.057605760576057641e+01,5.776525598768749603e+01,3.849254488290113407e+00
1.058105810581058215e+01,5.776693288763528500e+01,3.848654758111688334e+00
1.058605860586058611e+01,5.776861030029115085e+01,3.848055308346420400e+00
1.059105910591059185e+01,5.777028812096425270e+01,3.847456139538520503e+00
1.059605960596059582e+01,5.777196624574447270e+01,3.846857252226779433e+00
1.060106010601060156e+01,5.777364457150240185e+01,3.846258646944563875e+00
1.060606060606060730e+01,5.777532299588934706e+01,3.845660324219820847e+00
1.061106110611061126e+01,5.777700141733732409e+01,3.845062284575074596e+00
1.061606160616061700e+01,5.777867973505907173e+01,3.844464528527426594e+00
1.062106210621062097e+01,5.778035784904803762e+01,3.843867056588558206e+00
1.062606260626062671e+01,5.778203566007837821e+01,3.843269869264728023e+00
1.063106310631063245e+01,5.778371306970496590e+01,3.842672967056772304e+00
1.063606360636063641e+01,5.778538998026338191e+01,3.842076350460107204e+00
1.064106410641064215e+01,5.778706629486993762e+01,3.841480019964724768e+00
1.064606460646064612e+01,5.778874191742164612e+01,3.840883976055196936e+00
1.065106510651065186e+01,5.779041675259622224e+01,3.840288219210673315e+00
1.065606560656065582e+01,5.779209070585211094e+01,3.839692749904881186e+00
1.066106610661066156e+01,5.779376368342847314e+01,3.839097568606126387e+00
1.066606660666066730e+01,5.779543559234516437e+01,3.838502675777293316e+00
1.067106710671067127e+01,5.779710634040277029e+01,3.837908071875843596e+00
1.067606760676067701e+01,5.779877583618257830e+01,3.837313757353817856e+00
1.068106810681068097e+01,5.780044398904660596e+01,3.836719732657834836e+00
1.068606860686068671e+01,5.780211070913756544e+01,3.836125998229090062e+00
1.069106910691069245e+01,5.780377590737888482e+01,3.835532554503359393e+00
1.069606960696069642e+01,5.780543949547472238e+01,3.834939401910995915e+00
1.070107010701070216e+01,5.780710138590993097e+01,3.834346540876929943e+00
1.070607060706070612e+01,5.780876149195007940e+01,3.833753971820671236e+00
1.071107110711071186e+01,5.781041972764146664e+01,3.833161695156306781e+00
1.071607160716071583e+01,5.781207600781107914e+01,3.832569711292502568e+00
1.072107210721072157e+01,5.781373024806664063e+01,3.831978020632501813e+00
1.072607260726072731e+01,5.781538236479657655e+01,3.831386623574127182e+00
1.073107310731073127e+01,5.781703227517002119e+01,3.830795520509778562e+00
1.073607360736073701e+01,5.781867989713682476e+01,3.830204711826433517e+00
1.074107410741074098e+01,5.782032514942756762e+01,3.829614197905649053e+00
1.074607460746074672e+01,5.782196795155351765e+01,3.829023979123559407e+00
1.075107510751075246e+01,5.782360822380667287e+01,3.828434055850877815e+00
1.075607560756075642e+01,5.782524588725973302e+01,3.827844428452894299e+00
1.076107610761076216e+01,5.782688086376613512e+01,3.827255097289478769e+00
1.076607660766076613e+01,5.782851307595998946e+01,3.826666062715077476e+00
1.077107710771077187e+01,5.783014244725615782e+01,3.826077325078716562e+00
1.077607760776077583e+01,5.783176890185019658e+01,3.825488884723999394e+00
1.078107810781078157e+01,5.783339236471838518e+01,3.824900741989107011e+00
1.078607860786078732e+01,5.783501276161769766e+01,3.824312897206799899e+00
1.079107910791079128e+01,5.783663001908583823e+01,3.823725350704415771e+00
1.079607960796079702e+01,5.783824406444122701e+01,3.823138102803870897e+00
1.080108010801080098e+01,5.783985482578297876e+01,3.822551153821659664e+00
1.080608060806080672e+01,5.784146223199094550e+01,3.821964504068854129e+00
1.081108110811081247e+01,5.784306621272567384e+01,3.821378153851104909e+00
1.081608160816081643e+01,5.784466669842843345e+01,3.820792103468641621e+00
1.082108210821082217e+01,5.784626362032120284e+01,3.820206353216270223e+00
1.082608260826082613e+01,5.784785691040666933e+01,3.819620903383376564e+00
1.083108310831083188e+01,5.784944650146825040e+01,3.819035754253923276e+00
1.083608360836083584e+01,5.785103232707006526e+01,3.818450906106451992e+00
1.084108410841084158e+01,5.785261432155693484e+01,3.817866359214082461e+00
1.084608460846084732e+01,5.785419242005441731e+01,3.817282113844512104e+00
1.085108510851085128e+01,5.785576655846876548e+01,3.816698170260017342e+00
1.085608560856085703e+01,5.785733667348695519e+01,3.816114528717451826e+00
1.086108610861086099e+01,5.785890270257667822e+01,3.815531189468248208e+00
1.086608660866086673e+01,5.786046458398632808e+01,3.814948152758415922e+00
1.087108710871087247e+01,5.786202225674502841e+01,3.814365418828544296e+00
1.087608760876087644e+01,5.786357566066259039e+01,3.813782987913800326e+00
1.088108810881088218e+01,5.786512473632956244e+01,3.813200860243927792e+00
1.088608860886088614e+01,5.786666942511719469e+01,3.812619036043250809e+00
1.089108910891089188e+01,5.786820966917746034e+01,3.812037515530669829e+00
1.089608960896089584e+01,5.786974541144302719e+01,3.811456298919664754e+00
1.090109010901090159e+01,5.787127659562730031e+01,3.810875386418292265e+00
1.090609060906090733e+01,5.787280316622438647e+01,3.810294778229188939e+00
1.091109110911091129e+01,5.787432506850910130e+01,3.809714474549568131e+00
1.091609160916091703e+01,5.787584224853697634e+01,3.809134475571221756e+00
1.092109210921092100e+01,5.787735465314425909e+01,3.808554781480519846e+00
1.092609260926092674e+01,5.787886222994791297e+01,3.807975392458411434e+00
1.093109310931093248e+01,5.788036492734561023e+01,3.807396308680421892e+00
1.093609360936093644e+01,5.788186269451573196e+01,3.806817530316656928e+00
1.094109410941094218e+01,5.788335548141738940e+01,3.806239057531798586e+00
1.094609460946094615e+01,5.788484323879038840e+01,3.805660890485108361e+00
1.095109510951095189e+01,5.788632591815525075e+01,3.805083029330424527e+00
1.095609560956095585e+01,5.788780347181322838e+01,3.804505474216165251e+00
1.096109610961096159e+01,5.788927585284626787e+01,3.803928225285325038e+00
1.096609660966096733e+01,5.789074301511703879e+01,3.803351282675478284e+00
1.097109710971097130e+01,5.789220491326891249e+01,3.802774646518776613e+00
1.097609760976097704e+01,5.789366150272599754e+01,3.802198316941949319e+00
1.098109810981098100e+01,5.789511273969309002e+01,3.801622294066305141e+00
1.098609860986098674e+01,5.789655858115570908e+01,3.801046578007730048e+00
1.099109910991099248e+01,5.789799898488008978e+01,3.800471168876688122e+00
1.099609960996099645e+01,5.789943390941318313e+01,3.799896066778222448e+00
1.100110011001100219e+01,5.790086331408264897e+01,3.799321271811953338e+00
1.100610061006100615e+01,5.790228715899685596e+01,3.798746784072079663e+00
1.101110111011101189e+01,5.790370540504489583e+01,3.798172603647378409e+00
1.101610161016101586e+01,5.790511801389656199e+01,3.797598730621205121e+00
1.102110211021102160e+01,5.790652494800237804e+01,3.797025165071493014e+00
1.102610261026102734e+01,5.790792617059355507e+01,3.796451907070753418e+00
1.103110311031103130e+01,5.790932164568204854e+01,3.795878956686075778e+00
1.103610361036103704e+01,5.791071133806050852e+01,3.795306313979128543e+00
1.104110411041104101e+01,5.791209521330229393e+01,3.794733979006156943e+00
1.104610461046104675e+01,5.791347323776149381e+01,3.794161951817985656e+00
1.105110511051105249e+01,5.791484537857289894e+01,3.793590232460016587e+00
1.105610561056105645e+01,5.791621160365201604e+01,3.793018820972231087e+00
1.106110611061106219e+01,5.791757188169506065e+01,3.792447717389186401e+00
1.106610661066106616e+01,5.791892618217897848e+01,3.791876921740020556e+00
1.107110711071107190e+01,5.792027447536139562e+01,3.791306434048447471e+00
1.107610761076107586e+01,5.792161673228069674e+01,3.790736254332760957e+00
1.108110811081108160e+01,5.792295292475593271e+01,3.790166382605832052e+00
1.108610861086108734e+01,5.792428302538691298e+01,3.789596818875109907e+00
1.109110911091109131e+01,5.792560700755411318e+01,3.789027563142622679e+00
1.109610961096109705e+01,5.792692484541876752e+01,3.788458615404975749e+00
1.110111011101110101e+01,5.792823651392279061e+01,3.787889975653353059e+00
1.110611061106110675e+01,5.792954198878882721e+01,3.787321643873516219e+00
1.111111111111111249e+01,5.793084124652023092e+01,3.786753620045806290e+00
1.111611161116111646e+01,5.793213426440107128e+01,3.786185904145141112e+00
1.112111211121112220e+01,5.793342102049611952e+01,3.785618496141017086e+00
1.112611261126112616e+01,5.793470149365087707e+01,3.785051395997509616e+00
1.113111311131113190e+01,5.793597566349155414e+01,3.784484603673270886e+00
1.113611361136113587e+01,5.793724351042505560e+01,3.783918119121532087e+00
1.114111411141114161e+01,5.793850501563903066e+01,3.783351942290102521e+00
1.114611461146114735e+01,5.793976016110182314e+01,3.782786073121369164e+00
1.115111511151115131e+01,5.794100892956248572e+01,3.782220511552297992e+00
1.115611561156115705e+01,5.794225130455079409e+01,3.781655257514432211e+00
1.116111611161116102e+01,5.794348727037723989e+01,3.781090310933894472e+00
1.116611661166116676e+01,5.794471681213302361e+01,3.780525671731383319e+00
1.117111711171117250e+01,5.794593991569005453e+01,3.779961339822178523e+00
1.117611761176117646e+01,5.794715656770096501e+01,3.779397315116135303e+00
1.118111811181118220e+01,5.794836675559908912e+01,3.778833597517687881e+00
1.118611861186118617e+01,5.794957046759847685e+01,3.778270186925849927e+00
1.119111911191119191e+01,5.795076769269390837e+01,3.777707083234211449e+00
1.119611961196119587e+01,5.795195842066085845e+01,3.777144286330941902e+00
1.120112011201120161e+01,5.795314264205551069e+01,3.776581796098787969e+00
1.120612061206120735e+01,5.795432034821478595e+01,3.776019612415074445e+00
1.121112111211121132e+01,5.795549153125629971e+01,3.775457735151706018e+00
1.121612161216121706e+01,5.795665618407838338e+01,3.774896164175163271e+00
1.122112211221122102e+01,5.795781430036009141e+01,3.774334899346506234e+00
1.122612261226122676e+01,5.795896587456116578e+01,3.773773940521372605e+00
1.123112311231123250e+01,5.796011090192209991e+01,3.773213287549979089e+00
1.123612361236123647e+01,5.796124937846407477e+01,3.772652940277119171e+00
1.124112411241124221e+01,5.796238130098898722e+01,3.772092898542165340e+00
1.124612461246124617e+01,5.796350666707945010e+01,3.771533162179068643e+00
1.125112511251125191e+01,5.796462547509879926e+01,3.770973731016356911e+00
1.125612561256125588e+01,5.796573772419105808e+01,3.770414604877137865e+00
1.126112611261126162e+01,5.796684341428100140e+01,3.769855783579096009e+00
1.126612661266126736e+01,5.796794254607408448e+01,3.769297266934494850e+00
1.127112711271127132e+01,5.796903512105648559e+01,3.768739054750175121e+00
1.127612761276127706e+01,5.797012114149509898e+01,3.768181146827557004e+00
1.128112811281128103e+01,5.797120061043753481e+01,3.767623542962637906e+00
1.128612861286128677e+01,5.797227353171211917e+01,3.767066242945993793e+00
1.129112911291129251e+01,5.797333990992787278e+01,3.766509246562777857e+00
1.129612961296129647e+01,5.797439975047455363e+01,3.765952553592723184e+00
1.130113011301130221e+01,5.797545305952262140e+01,3.765396163810139640e+00
1.130613061306130618e+01,5.797649984402323753e+01,3.764840076983916095e+00
1.131113111311131192e+01,5.797754011170830069e+01,3.764284292877518201e+00
1.131613161316131588e+01,5.797857387109041127e+01,3.763728811248991946e+00
1.132113211321132162e+01,5.797960113146287853e+01,3.763173631850959211e+00
1.132613261326132736e+01,5.798062190289972762e+01,3.762618754430621326e+00
1.133113311331133133e+01,5.798163619625570675e+01,3.762064178729758179e+00
1.133613361336133707e+01,5.798264402316626587e+01,3.761509904484726885e+00
1.134113411341134103e+01,5.798364539604756374e+01,3.760955931426462673e+00
1.134613461346134677e+01,5.798464032809649638e+01,3.760402259280479331e+00
1.135113511351135251e+01,5.798562883329064732e+01,3.759848887766868764e+00
1.135613561356135648e+01,5.798661092638832315e+01,3.759295816600301432e+00
1.136113611361136222e+01,5.798758662292854638e+01,3.758743045490025469e+00
1.136613661366136618e+01,5.798855593923105545e+01,3.758190574139866680e+00
1.137113711371137192e+01,5.798951889239629054e+01,3.757638402248230314e+00
1.137613761376137589e+01,5.799047550030541487e+01,3.757086529508098405e+00
1.138113811381138163e+01,5.799142578162030048e+01,3.756534955607032433e+00
1.138613861386138737e+01,5.799236975578354247e+01,3.755983680227170662e+00
1.139113911391139133e+01,5.799330744301842344e+01,3.755432703045231246e+00
1.139613961396139707e+01,5.799423886432897746e+01,3.754882023732508678e+00
1.140114011401140104e+01,5.799516404149991899e+01,3.754331641954876897e+00
1.140614061406140678e+01,5.799608299709669268e+01,3.753781557372787070e+00
1.141114111411141252e+01,5.799699575446545197e+01,3.753231769641269366e+00
1.141614161416141648e+01,5.799790233773306625e+01,3.752682278409932071e+00
1.142114211421142222e+01,5.799880277180711374e+01,3.752133083322960694e+00
1.142614261426142619e+01,5.799969708237588151e+01,3.751584184019119750e+00
1.143114311431143193e+01,5.800058529590838674e+01,3.751035580131751868e+00
1.143614361436143589e+01,5.800146743965434837e+01,3.750487271288777791e+00
1.144114411441144163e+01,5.800234354164419415e+01,3.749939257112695490e+00
1.144614461446144738e+01,5.800321363068908198e+01,3.749391537220582826e+00
1.145114511451145134e+01,5.800407773638085729e+01,3.748844111224094444e+00
1.145614561456145708e+01,5.800493588909210274e+01,3.748296978729463103e+00
1.146114611461146104e+01,5.800578811997610984e+01,3.747750139337501452e+00
1.146614661466146678e+01,5.800663446096687181e+01,3.747203592643598036e+00
1.147114711471147253e+01,5.800747494477910493e+01,3.746657338237720847e+00
1.147614761476147649e+01,5.800830960490823429e+01,3.746111375704415991e+00
1.148114811481148223e+01,5.800913847563040804e+01,3.745565704622807246e+00
1.148614861486148619e+01,5.800996159200246893e+01,3.745020324566597392e+00
1.149114911491149194e+01,5.801077898986198988e+01,3.744475235104065991e+00
1.149614961496149590e+01,5.801159070582725263e+01,3.743930435798072054e+00
1.150115011501150164e+01,5.801239677729724775e+01,3.743385926206051817e+00
1.150615061506150738e+01,5.801319724245168885e+01,3.742841705880020520e+00
1.151115111511151134e+01,5.801399214025098416e+01,3.742297774366571517e+00
1.151615161516151709e+01,5.801478151043627918e+01,3.741754131206875389e+00
1.152115211521152105e+01,5.801556539352942110e+01,3.741210775936681721e+00
1.152615261526152679e+01,5.801634383083295887e+01,3.740667708086317322e+00
1.153115311531153253e+01,5.801711686443017868e+01,3.740124927180688896e+00
1.153615361536153650e+01,5.801788453718506133e+01,3.739582432739279927e+00
1.154115411541154224e+01,5.801864689274231068e+01,3.739040224276152014e+00
1.154615461546154620e+01,5.801940397552733231e+01,3.738498301299945759e+00
1.155115511551155194e+01,5.802015583074626903e+01,3.737956663313878991e+00
1.155615561556155590e+01,5.802090250438594410e+01,3.737415309815748543e+00
1.156115611561156165e+01,5.802164404321392510e+01,3.736874240297928917e+00
1.156615661566156739e+01,5.802238049477847426e+01,3.736333454247372732e+00
1.157115711571157135e+01,5.802311190740856972e+01,3.735792951145611163e+00
1.157615761576157709e+01,5.802383833021390558e+01,3.735252730468752613e+00
1.158115811581158106e+01,5.802455981308489186e+01,3.734712791687485378e+00
1.158615861586158680e+01,5.802527640669265452e+01,3.734173134267074090e+00
1.159115911591159254e+01,5.802598816248901414e+01,3.733633757667362829e+00
1.159615961596159650e+01,5.802669513270652857e+01,3.733094661342772902e+00
1.160116011601160224e+01,5.802739737035845025e+01,3.732555844742304174e+00
1.160616061606160621e+01,5.802809492923876178e+01,3.732017307309535514e+00
1.161116111611161195e+01,5.802878786392214749e+01,3.731479048482622130e+00
1.161616161616161591e+01,5.802947622976400766e+01,3.730941067694298674e+00
1.162116211621162165e+01,5.803016008290045136e+01,3.730403364371877917e+00
1.162616261626162739e+01,5.803083948024831074e+01,3.729865937937249853e+00
1.163116311631163136e+01,5.803151447950512676e+01,3.729328787806884371e+00
1.163616361636163710e+01,5.803218513914915633e+01,3.728791913391828139e+00
1.164116411641164106e+01,5.803285151843935807e+01,3.728255314097705941e+00
1.164616461646164680e+01,5.803351367741541367e+01,3.727718989324721122e+00
1.165116511651165254e+01,5.803417167689772782e+01,3.727182938467655582e+00
1.165616561656165651e+01,5.803482557848739987e+01,3.726647160915868451e+00
1.166116611661166225e+01,5.803547544456625218e+01,3.726111656053298304e+00
1.166616661666166621e+01,5.803612133829681596e+01,3.725576423258460501e+00
1.167116711671167195e+01,5.803676332362233836e+01,3.725041461904448958e+00
1.167616761676167592e+01,5.803740146526678245e+01,3.724506771358936597e+00
1.168116811681168166e+01,5.803803582873482014e+01,3.723972350984173563e+00
1.168616861686168740e+01,5.803866648031184639e+01,3.723438200136988119e+00
1.169116911691169136e+01,5.803929348706395785e+01,3.722904318168787974e+00
1.169616961696169710e+01,5.803991691683796006e+01,3.722370704425557175e+00
1.170117011701170107e+01,5.804053683826138865e+01,3.721837358247859218e+00
1.170617061706170681e+01,5.804115332074248812e+01,3.721304278970834822e+00
1.171117111711171255e+01,5.804176643447019757e+01,3.720771465924204158e+00
1.171617161716171651e+01,5.804237625041420046e+01,3.720238918432264619e+00
1.172117211721172225e+01,5.804298284032487487e+01,3.719706635813891271e+00
1.172617261726172622e+01,5.804358627673330062e+01,3.719174617382538628e+00
1.173117311731173196e+01,5.804418663295130187e+01,3.718642862446238873e+00
1.173617361736173592e+01,5.804478398307139031e+01,3.718111370307601415e+00
1.174117411741174166e+01,5.804537840196680776e+01,3.717580140263815558e+00
1.174617461746174740e+01,5.804596996529149067e+01,3.717049171606646940e+00
1.175117511751175137e+01,5.804655874948011274e+01,3.716518463622441093e+00
1.175617561756175711e+01,5.804714483174803519e+01,3.715988015592120330e+00
1.176117611761176107e+01,5.804772829009134938e+01,3.715457826791185525e+00
1.176617661766176681e+01,5.804830920328686261e+01,3.714927896489716552e+00
1.177117711771177255e+01,5.804888765089207681e+01,3.714398223952370071e+00
1.177617761776177652e+01,5.804946371324523113e+01,3.713868808438381741e+00
1.178117811781178226e+01,5.805003747146526649e+01,3.713339649201565340e+00
1.178617861786178622e+01,5.805060900745182551e+01,3.712810745490312314e+00
1.179117911791179196e+01,5.805117840388528805e+01,3.712282096547593113e+00
1.179617961796179593e+01,5.805174574422672151e+01,3.711753701610955858e+00
1.180118011801180167e+01,5.805231111271793765e+01,3.711225559912526339e+00
1.180618061806180741e+01,5.805287459438142861e+01,3.710697670679009352e+00
1.181118111811181137e+01,5.805343627502041670e+01,3.710170033131687362e+00
1.181618161816181711e+01,5.805399624121884727e+01,3.709642646486420947e+00
1.182118211821182108e+01,5.805455458034136029e+01,3.709115509953649692e+00
1.182618261826182682e+01,5.805511138053331166e+01,3.708588622738389962e+00
1.183118311831183256e+01,5.805566673072078032e+01,3.708061984040237569e+00
1.183618361836183652e+01,5.805622072061056116e+01,3.707535593053365552e+00
1.184118411841184226e+01,5.805677344069014367e+01,3.707009448966525511e+00
1.184618461846184623e+01,5.805732498222774041e+01,3.706483550963047602e+00
1.185118511851185197e+01,5.805787543727229405e+01,3.705957898220838764e+00
1.185618561856185593e+01,5.805842489865342770e+01,3.705432489912385829e+00
1.186118611861186167e+01,5.805897345998150882e+01,3.704907325204752855e+00
1.186618661866186741e+01,5.805952121564759949e+01,3.704382403259582013e+00
1.187118711871187138e+01,5.806006826082348482e+01,3.703857723233094479e+00
1.187618761876187712e+01,5.806061469146164455e+01,3.703333284276087767e+00
1.188118811881188108e+01,5.806116060429530279e+01,3.702809085533939726e+00
1.188618861886188682e+01,5.806170609683837824e+01,3.702285126146604544e+00
1.189118911891189256e+01,5.806225126738549847e+01,3.701761405248615855e+00
1.189618961896189653e+01,5.806279621501200694e+01,3.701237921969085409e+00
1.190119011901190227e+01,5.806334103957397730e+01,3.700714675431701739e+00
1.190619061906190623e+01,5.806388584170817779e+01,3.700191664754733711e+00
1.191119111911191197e+01,5.806443072283209972e+01,3.699668889051025644e+00
1.191619161916191594e+01,5.806497578514393609e+01,3.699146347428002635e+00
1.192119211921192168e+01,5.806552113162260298e+01,3.698624038987666118e+00
1.192619261926192742e+01,5.806606686602773237e+01,3.698101962826596978e+00
1.193119311931193138e+01,5.806661309289965800e+01,3.697580118035953323e+00
1.193619361936193712e+01,5.806715991755944373e+01,3.697058503701471821e+00
1.194119411941194109e+01,5.806770744610885515e+01,3.696537118903466812e+00
1.194619461946194683e+01,5.806825578543036670e+01,3.696015962716832082e+00
1.195119511951195257e+01,5.806880504318717584e+01,3.695495034211037755e+00
1.195619561956195653e+01,5.806935532782318887e+01,3.694974332450133847e+00
1.196119611961196227e+01,5.806990674856303514e+01,3.694453856492747601e+00
1.196619661966196624e+01,5.807045941541203149e+01,3.693933605392084374e+00
1.197119711971197198e+01,5.807101343915624625e+01,3.693413578195927638e+00
1.197619761976197594e+01,5.807156893136242815e+01,3.692893773946639868e+00
1.198119811981198168e+01,5.807212600437804895e+01,3.692374191681160767e+00
1.198619861986198742e+01,5.807268477133130347e+01,3.691854830431008594e+00
1.199119911991199139e+01,5.807324534613108824e+01,3.691335689222279726e+00
1.199619961996199713e+01,5.807380784346702285e+01,3.690816767075648652e+00
1.200120012001200109e+01,5.807437237880942860e+01,3.690298063006368423e+00
1.200620062006200683e+01,5.807493906840934983e+01,3.689779576024268870e+00
1.201120112011201257e+01,5.807550802929853973e+01,3.689261305133759716e+00
1.201620162016201654e+01,5.807607937928946740e+01,3.688743249333828356e+00
1.202120212021202228e+01,5.807665323697531079e+01,3.688225407618039853e+00
1.202620262026202624e+01,5.807722972172997089e+01,3.687707778974537387e+00
1.203120312031203198e+01,5.807780895370805041e+01,3.687190362386043141e+00
1.203620362036203595e+01,5.807839105384486800e+01,3.686673156829856524e+00
1.204120412041204169e+01,5.807897614385645824e+01,3.686156161277855503e+00
1.204620462046204743e+01,5.807956434623957165e+01,3.685639374696496162e+00
1.205120512051205139e+01,5.808015578427166759e+01,3.685122796046813143e+00
1.205620562056205713e+01,5.808075058201092844e+01,3.684606424284418313e+00
1.206120612061206110e+01,5.808134886429622412e+01,3.684090258359502990e+00
1.206620662066206684e+01,5.808195075674717600e+01,3.683574297216835269e+00
1.207120712071207258e+01,5.808255638576408586e+01,3.683058539795762254e+00
1.207620762076207654e+01,5.808316587852798563e+01,3.682542985030209604e+00
1.208120812081208229e+01,5.808377936300060895e+01,3.682027631848679761e+00
1.208620862086208625e+01,5.808439696792441964e+01,3.681512479174254615e+00
1.209120912091209199e+01,5.808501882282258322e+01,3.680997525924593283e+00
1.209620962096209595e+01,5.808564505799898114e+01,3.680482771011933885e+00
1.210121012101210169e+01,5.808627580453820372e+01,3.679968213343092209e+00
1.210621062106210744e+01,5.808691119430555716e+01,3.679453851819462162e+00
1.211121112111211140e+01,5.808755135994707075e+01,3.678939685337016208e+00
1.211621162116211714e+01,5.808819643488947548e+01,3.678425712786304036e+00
1.212121212121212110e+01,5.808884655334021119e+01,3.677911933052455229e+00
1.212621262126212685e+01,5.808950185028745494e+01,3.677398345015175263e+00
1.213121312131213259e+01,5.809016246150006424e+01,3.676884947548749949e+00
1.213621362136213655e+01,5.809082852352764093e+01,3.676371739522042326e+00
1.214121412141214229e+01,5.809150017370047436e+01,3.675858719798492658e+00
1.214621462146214625e+01,5.809217755012958406e+01,3.675345887236121101e+00
1.215121512151215200e+01,5.809286079170670547e+01,3.674833240687524150e+00
1.215621562156215596e+01,5.809355003810426155e+01,3.674320778999878634e+00
1.216121612161216170e+01,5.809424542977542671e+01,3.673808501014937722e+00
1.216621662166216744e+01,5.809494710795405581e+01,3.673296405569033141e+00
1.217121712171217141e+01,5.809565521465473381e+01,3.672784491493075620e+00
1.217621762176217715e+01,5.809636989267275453e+01,3.672272757612553118e+00
1.218121812181218111e+01,5.809709128558412061e+01,3.671761202747532149e+00
1.218621862186218685e+01,5.809781953774556484e+01,3.671249825712657344e+00
1.219121912191219259e+01,5.809855479429451464e+01,3.670738625317151005e+00
1.219621962196219656e+01,5.809929720114911333e+01,3.670227600364814879e+00
1.220122012201220230e+01,5.810004690500823443e+01,3.669716749654027055e+00
1.220622062206220626e+01,5.810080405335143894e+01,3.669206071977745509e+00
1.221122112211221200e+01,5.810156879443902511e+01,3.668695566123505447e+00
1.221622162216221597e+01,5.810234127731198583e+01,3.668185230873420632e+00
1.222122212221222171e+01,5.810312165179204413e+01,3.667675065004182056e+00
1.222622262226222745e+01,5.810391006848161766e+01,3.667165067287060154e+00
1.223122312231223141e+01,5.810470667876385420e+01,3.666655236487903480e+00
1.223622362236223715e+01,5.810551163480261039e+01,3.666145571367136924e+00
1.224122412241224112e+01,5.810632508954245168e+01,3.665636070679766156e+00
1.224622462246224686e+01,5.810714719670865236e+01,3.665126733175372742e+00
1.225122512251225260e+01,5.810797811080721686e+01,3.664617557598117692e+00
1.225622562256225656e+01,5.810881798712485136e+01,3.664108542686739689e+00
1.226122612261226230e+01,5.810966698172897082e+01,3.663599687174556419e+00
1.226622662266226627e+01,5.811052525146771330e+01,3.663090989789462348e+00
1.227122712271227201e+01,5.811139295396993276e+01,3.662582449253930506e+00
1.227622762276227597e+01,5.811227024764517779e+01,3.662074064285013364e+00
1.228122812281228171e+01,5.811315729168373423e+01,3.661565833594339736e+00
1.228622862286228745e+01,5.811405424605658254e+01,3.661057755888117882e+00
1.229122912291229142e+01,5.811496127151542623e+01,3.660549829867133287e+00
1.229622962296229716e+01,5.811587852959267764e+01,3.660042054226750441e+00
1.230123012301230112e+01,5.811680618260147213e+01,3.659534427656911948e+00
1.230623062306230686e+01,5.811774439363564682e+01,3.659026948842137195e+00
1.231123112311231260e+01,5.811869332656975473e+01,3.658519616461525903e+00
1.231623162316231657e+01,5.811965314605905775e+01,3.658012429188754133e+00
1.232123212321232231e+01,5.812062401753954788e+01,3.657505385692076949e+00
1.232623262326232627e+01,5.812160610722791887e+01,3.656998484634327529e+00
1.233123312331233201e+01,5.812259958212157329e+01,3.656491724672917165e+00
1.233623362336233598e+01,5.812360460999863676e+01,3.655985104459835267e+00
1.234123412341234172e+01,5.812462135941793662e+01,3.655478622641648911e+00
1.234623462346234746e+01,5.812564999971903035e+01,3.654972277859504182e+00
1.235123512351235142e+01,5.812669070102217717e+01,3.654466068749124830e+00
1.235623562356235716e+01,5.812774363422834512e+01,3.653959993940813167e+00
1.236123612361236113e+01,5.812880897101922528e+01,3.653454052059449175e+00
1.236623662366236687e+01,5.812988688385721758e+01,3.652948241724491396e+00
1.237123712371237261e+01,5.813097754598543787e+01,3.652442561549976041e+00
1.237623762376237657e+01,5.813208113142771793e+01,3.651937010144517881e+00
1.238123812381238231e+01,5.813319781498859840e+01,3.651431586111309802e+00
1.238623862386238628e+01,5.813432777225332870e+01,3.650926288048123247e+00
1.239123912391239202e+01,5.813547117958788135e+01,3.650421114547306445e+00
1.239623962396239598e+01,5.813662821413893766e+01,3.649916064195787069e+00
1.240124012401240172e+01,5.813779905383388780e+01,3.649411135575070908e+00
1.240624062406240746e+01,5.813898387738083784e+01,3.648906327261241422e+00
1.241124112411241143e+01,5.814018286426861692e+01,3.648401637824960186e+00
1.241624162416241717e+01,5.814139619476675591e+01,3.647897065831467778e+00
1.242124212421242113e+01,5.814262404992550870e+01,3.647392609840581557e+00
1.242624262426242687e+01,5.814386661157582381e+01,3.646888268406697886e+00
1.243124312431243261e+01,5.814512406232938702e+01,3.646384040078791688e+00
1.243624362436243658e+01,5.814639658557858581e+01,3.645879923400415557e+00
1.244124412441244232e+01,5.814768436549650943e+01,3.645375916909699310e+00
1.244624462446244628e+01,5.814898758703698434e+01,3.644872019139353103e+00
1.245124512451245202e+01,5.815030643593453874e+01,3.644368228616663430e+00
1.245624562456245599e+01,5.815164109870440967e+01,3.643864543863495342e+00
1.246124612461246173e+01,5.815299176264255010e+01,3.643360963396292451e+00
1.246624662466246747e+01,5.815435861582563604e+01,3.642857485726076039e+00
1.247124712471247143e+01,5.815574184711103811e+01,3.642354109358446390e+00
1.247624762476247717e+01,5.815714166152390163e+01,3.641850833291786493e+00
1.248124812481248114e+01,5.815855840122259934e+01,3.641347666279298512e+00
1.248624862486248688e+01,5.815999190524636475e+01,3.640844613442287159e+00
1.249124912491249262e+01,5.816144186048872911e+01,3.640341676656806413e+00
1.249624962496249658e+01,5.816290795549634396e+01,3.639838857788283644e+00
1.250125012501250232e+01,5.816438988046900249e+01,3.639336158691519607e+00
1.250625062506250629e+01,5.816588732725961108e+01,3.638833581210688006e+00
1.251125112511251203e+01,5.816739998937423195e+01,3.638331127179335933e+00
1.251625162516251599e+01,5.816892756197202630e+01,3.637828798420384313e+00
1.252125212521252173e+01,5.817046974186530406e+01,3.637326596746126572e+00
1.252625262526252747e+01,5.817202622751950258e+01,3.636824523958229527e+00
1.253125312531253144e+01,5.817359671905317953e+01,3.636322581847733826e+00
1.253625362536253718e+01,5.817518091823803417e+01,3.635820772195053063e+00
1.254125412541254114e+01,5.817677852849888609e+01,3.635319096769974223e+00
1.254625462546254688e+01,5.817838925491368229e+01,3.634817557331657234e+00
1.255125512551255262e+01,5.818001280421352561e+01,3.634316155628635414e+00
1.255625562556255659e+01,5.818164888478260366e+01,3.633814893398816359e+00
1.256125612561256233e+01,5.818329720665827409e+01,3.633313772369479278e+00
1.256625662566256629e+01,5.818495748153100067e+01,3.632812794257277655e+00
1.257125712571257203e+01,5.818662942274439587e+01,3.632311960768238368e+00
1.257625762576257600e+01,5.818831274529517117e+01,3.631811273597761680e+00
1.258125812581258174e+01,5.819000716583320099e+01,3.631310734430619469e+00
1.258625862586258748e+01,5.819171240266147294e+01,3.630810344940959666e+00
1.259125912591259144e+01,5.819342817573610915e+01,3.630310106792301372e+00
1.259625962596259718e+01,5.819515420666634498e+01,3.629810021637537076e+00
1.260126012601260115e+01,5.819689021871457157e+01,3.629310091118934434e+00
1.260626062606260689e+01,5.819863593679629332e+01,3.628810316868132269e+00
1.261126112611261263e+01,5.820039108748014911e+01,3.628310700506143238e+00
1.261626162616261659e+01,5.820215539898790524e+01,3.627811243643354278e+00
1.262126212621262233e+01,5.820392860119445544e+01,3.627311947879524379e+00
1.262626262626262630e+01,5.820571042562783504e+01,3.626812814803786367e+00
1.263126312631263204e+01,5.820750060546919258e+01,3.626313845994646456e+00
1.263626362636263600e+01,5.820929887555281823e+01,3.625815043019983808e+00
1.264126412641264174e+01,5.821110497236612247e+01,3.625316407437050970e+00
1.264626462646264748e+01,5.821291863404965028e+01,3.624817940792474324e+00
1.265126512651265145e+01,5.821473960039708118e+01,3.624319644622252756e+00
1.265626562656265719e+01,5.821656761285522208e+01,3.623821520451758538e+00
1.266126612661266115e+01,5.821840241452399312e+01,3.623323569795738219e+00
1.266626662666266689e+01,5.822024375015647024e+01,3.622825794158309520e+00
1.267126712671267263e+01,5.822209136615884262e+01,3.622328195032966214e+00
1.267626762676267660e+01,5.822394501059043392e+01,3.621830773902573242e+00
1.268126812681268234e+01,5.822580443316369525e+01,3.621333532239369379e+00
1.268626862686268630e+01,5.822766938524420510e+01,3.620836471504967236e+00
1.269126912691269204e+01,5.822953961985068361e+01,3.620339593150352364e+00
1.269626962696269601e+01,5.823141489165496409e+01,3.619842898615883264e+00
1.270127012701270175e+01,5.823329495698201441e+01,3.619346389331291824e+00
1.270627062706270749e+01,5.823517957380994403e+01,3.618850066715683322e+00
1.271127112711271145e+01,5.823706850176998273e+01,3.618353932177537313e+00
1.271627162716271719e+01,5.823896150214648060e+01,3.617857987114704965e+00
1.272127212721272116e+01,5.824085833787692934e+01,3.617362232914411724e+00
1.272627262726272690e+01,5.824275877355195519e+01,3.616866670953255980e+00
1.273127312731273264e+01,5.824466257541529757e+01,3.616371302597209514e+00
1.273627362736273660e+01,5.824656951136384464e+01,3.615876129201617495e+00
1.274127412741274235e+01,5.824847935094759066e+01,3.615381152111198038e+00
1.274627462746274631e+01,5.825039186536967861e+01,3.614886372660043090e+00
1.275127512751275205e+01,5.825230682748637889e+01,3.614391792171617546e+00
1.275627562756275601e+01,5.825422401180708221e+01,3.613897411958759687e+00
1.276127612761276175e+01,5.825614319449432088e+01,3.613403233323680741e+00
1.276627662766276750e+01,5.825806415336374045e+01,3.612909257557965770e+00
1.277127712771277146e+01,5.825998666788413516e+01,3.612415485942572779e+00
1.277627762776277720e+01,5.826191051917741248e+01,3.611921919747832721e+00
1.278127812781278116e+01,5.826383549001862150e+01,3.611428560233451268e+00
1.278627862786278691e+01,5.826576136483593871e+01,3.610935408648505263e+00
1.279127912791279265e+01,5.826768792971066091e+01,3.610442466231446268e+00
1.279627962796279661e+01,5.826961497237722654e+01,3.609949734210099237e+00
1.280128012801280235e+01,5.827154228222319432e+01,3.609457213801661180e+00
1.280628062806280631e+01,5.827346965028925752e+01,3.608964906212704271e+00
1.281128112811281206e+01,5.827539686926924389e+01,3.608472812639171856e+00
1.281628162816281780e+01,5.827732373351009443e+01,3.607980934266382000e+00
1.282128212821282176e+01,5.827925003901189882e+01,3.607489272269025715e+00
1.282628262826282750e+01,5.828117558342785998e+01,3.606997827811167401e+00
1.283128312831283147e+01,5.828310016606432242e+01,3.606506602046243959e+00
1.283628362836283721e+01,5.828502358788075810e+01,3.606015596117067012e+00
1.284128412841284117e+01,5.828694565148976636e+01,3.605524811155819798e+00
1.284628462846284691e+01,5.828886616115707398e+01,3.605034248284060272e+00
1.285128512851285265e+01,5.829078492280154222e+01,3.604543908612718450e+00
1.285628562856285662e+01,5.829270174399515270e+01,3.604053793242099513e+00
1.286128612861286236e+01,5.829461643396302861e+01,3.603563903261879364e+00
1.286628662866286632e+01,5.829652880358342060e+01,3.603074239751109520e+00
1.287128712871287206e+01,5.829843866538769959e+01,3.602584803778213107e+00
1.287628762876287780e+01,5.830034583356037814e+01,3.602095596400987532e+00
1.288128812881288177e+01,5.830225012393908202e+01,3.601606618666603143e+00
1.288628862886288751e+01,5.830415135401459281e+01,3.601117871611603682e+00
1.289128912891289147e+01,5.830604934293079111e+01,3.600629356261905833e+00
1.289628962896289721e+01,5.830794391148471334e+01,3.600141073632800115e+00
1.290129012901290118e+01,5.830983488212650911e+01,3.599653024728949990e+00
1.290629062906290692e+01,5.831172207895946258e+01,3.599165210544392313e+00
1.291129112911291266e+01,5.831360532773998528e+01,3.598677632062536880e+00
1.291629162916291662e+01,5.831548445587763041e+01,3.598190290256167767e+00
1.292129212921292236e+01,5.831735929243505723e+01,3.597703186087440663e+00
1.292629262926292633e+01,5.831922966812808085e+01,3.597216320507886422e+00
1.293129312931293207e+01,5.832109541532562957e+01,3.596729694458407511e+00
1.293629362936293781e+01,5.832295636804975913e+01,3.596243308869281119e+00
1.294129412941294177e+01,5.832481236197567398e+01,3.595757164660156935e+00
1.294629462946294751e+01,5.832666323443168466e+01,3.595271262740058038e+00
1.295129512951295148e+01,5.832850882439924334e+01,3.594785604007380897e+00
1.295629562956295722e+01,5.833034897251292961e+01,3.594300189349894481e+00
1.296129612961296118e+01,5.833218352106045756e+01,3.593815019644742481e+00
1.296629662966296692e+01,5.833401231398266873e+01,3.593330095758441090e+00
1.297129712971297266e+01,5.833583519687352492e+01,3.592845418546879888e+00
1.297629762976297663e+01,5.833765201698012959e+01,3.592360988855321402e+00
1.298129812981298237e+01,5.833946262320271359e+01,3.591876807518401549e+00
1.298629862986298633e+01,5.834126686609462809e+01,3.591392875360130521e+00
1.299129912991299207e+01,5.834306459786236587e+01,3.590909193193890570e+00
1.299629962996299781e+01,5.834485567236554004e+01,3.590425761822437334e+00
1.300130013001300178e+01,5.834663994511689822e+01,3.589942582037900731e+00
1.300630063006300752e+01,5.834841727328232253e+01,3.589459654621782736e+00
1.301130113011301148e+01,5.835018751568081541e+01,3.588976980344959156e+00
1.301630163016301722e+01,5.835195053278451383e+01,3.588494559967679631e+00
1.302130213021302119e+01,5.835370618671867504e+01,3.588012394239566305e+00
1.302630263026302693e+01,5.835545434126170505e+01,3.587530483899614708e+00
1.303130313031303267e+01,5.835719486184512306e+01,3.587048829676194206e+00
1.303630363036303663e+01,5.835892761555357566e+01,3.586567432287046664e+00
1.304130413041304237e+01,5.836065247112486531e+01,3.586086292439287782e+00
1.304630463046304634e+01,5.836236929894988634e+01,3.585605410829406647e+00
1.305130513051305208e+01,5.836407797107268891e+01,3.585124788143264851e+00
1.305630563056305782e+01,5.836577836119045060e+01,3.584644425056097816e+00
1.306130613061306178e+01,5.836747034465346928e+01,3.584164322232514799e+00
1.306630663066306752e+01,5.836915379846517737e+01,3.583684480326497557e+00
1.307130713071307149e+01,5.837082860128212758e+01,3.583204899981401237e+00
1.307630763076307723e+01,5.837249463341402134e+01,3.582725581829954375e+00
1.308130813081308119e+01,5.837415177682368039e+01,3.582246526494258898e+00
1.308630863086308693e+01,5.837579991512704680e+01,3.581767734585789675e+00
1.309130913091309267e+01,5.837743893359320424e+01,3.581289206705395856e+00
1.309630963096309664e+01,5.837906871914435669e+01,3.580810943443298200e+00
1.310131013101310238e+01,5.838068916035584976e+01,3.580332945379092635e+00
1.310631063106310634e+01,5.838230014745615648e+01,3.579855213081746701e+00
1.311131113111311208e+01,5.838390157232686306e+01,3.579377747109601771e+00
1.311631163116311782e+01,5.838549332850270446e+01,3.578900548010373495e+00
1.312131213121312179e+01,5.838707531117153593e+01,3.578423616321149581e+00
1.312631263126312753e+01,5.838864741717434015e+01,3.577946952568391570e+00
1.313131313131313149e+01,5.839020954500524141e+01,3.577470557267933948e+00
1.313631363136313723e+01,5.839176159481148431e+01,3.576994430924985036e+00
1.314131413141314120e+01,5.839330346839344088e+01,3.576518574034126097e+00
1.314631463146314694e+01,5.839483506920461764e+01,3.576042987079310898e+00
1.315131513151315268e+01,5.839635630235164854e+01,3.575567670533868370e+00
1.315631563156315664e+01,5.839786707459430204e+01,3.575092624860499058e+00
1.316131613161316238e+01,5.839936729434547402e+01,3.574617850511277783e+00
1.316631663166316635e+01,5.840085687167118067e+01,3.574143347927651870e+00
1.317131713171317209e+01,5.840233571829057269e+01,3.573669117540442031e+00
1.317631763176317783e+01,5.840380374757594950e+01,3.573195159769843698e+00
1.318131813181318179e+01,5.840526087455270243e+01,3.572721475025423032e+00
1.318631863186318753e+01,5.840670701589939284e+01,3.572248063706122245e+00
1.319131913191319150e+01,5.840814208994768109e+01,3.571774926200254274e+00
1.319631963196319724e+01,5.840956601668236914e+01,3.571302062885507222e+00
1.320132013201320120e+01,5.841097871774139350e+01,3.570829474128941694e+00
1.320632063206320694e+01,5.841238011641581096e+01,3.570357160286991682e+00
1.321132113211321268e+01,5.841377013764981285e+01,3.569885121705464570e+00
1.321632163216321665e+01,5.841514870804071080e+01,3.569413358719540685e+00
1.322132213221322239e+01,5.841651575583897227e+01,3.568941871653773745e+00
1.322632263226322635e+01,5.841787121094815660e+01,3.568470660822091745e+00
1.323132313231323209e+01,5.841921500492498609e+01,3.567999726527794291e+00
1.323632363236323783e+01,5.842054707097929622e+01,3.567529069063555269e+00
1.324132413241324180e+01,5.842186734397404990e+01,3.567058688711421954e+00
1.324632463246324754e+01,5.842317576042534455e+01,3.566588585742814566e+00
1.325132513251325150e+01,5.842447225850241210e+01,3.566118760418526268e+00
1.325632563256325724e+01,5.842575677802761192e+01,3.565649212988724504e+00
1.326132613261326121e+01,5.842702926047641654e+01,3.565179943692949216e+00
1.326632663266326695e+01,5.842828964897745436e+01,3.564710952760113738e+00
1.327132713271327269e+01,5.842953788831246698e+01,3.564242240408504347e+00
1.327632763276327665e+01,5.843077392491633049e+01,3.563773806845782488e+00
1.328132813281328239e+01,5.843199770687704842e+01,3.563305652268979884e+00
1.328632863286328636e+01,5.843320918393575170e+01,3.562837776864504313e+00
1.329132913291329210e+01,5.843440830748671289e+01,3.562370180808134723e+00
1.329632963296329784e+01,5.843559503057731774e+01,3.561902864265024782e+00
1.330133013301330180e+01,5.843676930790808655e+01,3.561435827389700659e+00
1.330633063306330754e+01,5.843793109583268119e+01,3.560969070326062358e+00
1.331133113311331151e+01,5.843908035235787679e+01,3.560502593207383271e+00
1.331633163316331725e+01,5.844021703714359006e+01,3.560036396156308847e+00
1.332133213321332121e+01,5.844134111150285804e+01,3.559570479284858813e+00
1.332633263326332695e+01,5.844245253840185939e+01,3.559104842694426729e+00
1.333133313331333270e+01,5.844355128245988595e+01,3.558639486475778213e+00
1.333633363336333666e+01,5.844463730994936412e+01,3.558174410709052715e+00
1.334133413341334240e+01,5.844571058879586900e+01,3.557709615463763075e+00
1.334633463346334636e+01,5.844677108857808179e+01,3.557245100798795523e+00
1.335133513351335210e+01,5.844781878052781821e+01,3.556780866762408788e+00
1.335633563356335785e+01,5.844885363753003560e+01,3.556316913392236323e+00
1.336133613361336181e+01,5.844987563412279741e+01,3.555853240715283192e+00
1.336633663366336755e+01,5.845088474649733001e+01,3.555389848747929182e+00
1.337133713371337151e+01,5.845188095249795879e+01,3.554926737495926581e+00
1.337633763376337726e+01,5.845286423162215783e+01,3.554463906954400620e+00
1.338133813381338122e+01,5.845383456502051445e+01,3.554001357107850811e+00
1.338633863386338696e+01,5.845479193549675756e+01,3.553539087930149609e+00
1.339133913391339270e+01,5.845573632750775062e+01,3.553077099384542414e+00
1.339633963396339666e+01,5.845666772716347737e+01,3.552615391423648017e+00
1.340134013401340241e+01,5.845758612222704897e+01,3.552153963989458596e+00
1.340634063406340637e+01,5.845849150211470402e+01,3.551692817013340164e+00
1.341134113411341211e+01,5.845938385789582981e+01,3.551231950416030791e+00
1.341634163416341785e+01,5.846026318229292684e+01,3.550771364107642381e+00
1.342134213421342182e+01,5.846112946968162305e+01,3.550311057987661112e+00
1.342634263426342756e+01,5.846198271609068087e+01,3.549851031944944779e+00
1.343134313431343152e+01,5.846282291920199725e+01,3.549391285857725897e+00
1.343634363436343726e+01,5.846365007835059657e+01,3.548931819593609038e+00
1.344134413441344122e+01,5.846446419452463061e+01,3.548472633009573052e+00
1.344634463446344697e+01,5.846526527036537857e+01,3.548013725951969288e+00
1.345134513451345271e+01,5.846605331016724705e+01,3.547555098256523376e+00
1.345634563456345667e+01,5.846682831987777718e+01,3.547096749748333888e+00
1.346134613461346241e+01,5.846759030709765170e+01,3.546638680241871455e+00
1.346634663466346638e+01,5.846833928108065948e+01,3.546180889540981429e+00
1.347134713471347212e+01,5.846907525273373096e+01,3.545723377438882107e+00
1.347634763476347786e+01,5.846979823461693115e+01,3.545266143718164731e+00
1.348134813481348182e+01,5.847050824094343824e+01,3.544809188150794377e+00
1.348634863486348756e+01,5.847120528757957914e+01,3.544352510498108622e+00
1.349134913491349153e+01,5.847188939204480107e+01,3.543896110510819319e+00
1.349634963496349727e+01,5.847256057351167868e+01,3.543439987929010826e+00
1.350135013501350123e+01,5.847321885280592113e+01,3.542984142482141330e+00
1.350635063506350697e+01,5.847386425240636498e+01,3.542528573889041521e+00
1.351135113511351271e+01,5.847449679644497422e+01,3.542073281857915923e+00
1.351635163516351668e+01,5.847511651070684735e+01,3.541618266086342892e+00
1.352135213521352242e+01,5.847572342263021028e+01,3.541163526261272843e+00
1.352635263526352638e+01,5.847631756130641634e+01,3.540709062059030465e+00
1.353135313531353212e+01,5.847689895747995337e+01,3.540254873145313397e+00
1.353635363536353786e+01,5.847746764354842952e+01,3.539800959175192219e+00
1.354135413541354183e+01,5.847802365356259457e+01,3.539347319793111790e+00
1.354635463546354757e+01,5.847856702322632572e+01,3.538893954632888583e+00
1.355135513551355153e+01,5.847909778989661334e+01,3.538440863317714236e+00
1.355635563556355727e+01,5.847961599258360366e+01,3.537988045460152442e+00
1.356135613561356124e+01,5.848012167195054900e+01,3.537535500662140731e+00
1.356635663566356698e+01,5.848061487031384331e+01,3.537083228514989575e+00
1.357135713571357272e+01,5.848109563164301505e+01,3.536631228599382393e+00
1.357635763576357668e+01,5.848156400156070589e+01,3.536179500485377769e+00
1.358135813581358242e+01,5.848202002734270621e+01,3.535728043732404569e+00
1.358635863586358639e+01,5.848246375791791962e+01,3.535276857889268154e+00
1.359135913591359213e+01,5.848289524386839133e+01,3.534825942494144169e+00
1.359635963596359787e+01,5.848331453742928687e+01,3.534375297074583422e+00
1.360136013601360183e+01,5.848372169248889918e+01,3.533924921147510112e+00
1.360636063606360757e+01,5.848411676458866992e+01,3.533474814219220494e+00
1.361136113611361154e+01,5.848449981092315397e+01,3.533024975785385102e+00
1.361636163616361728e+01,5.848487089034003361e+01,3.532575405331047413e+00
1.362136213621362124e+01,5.848523006334013274e+01,3.532126102330624295e+00
1.362636263626362698e+01,5.848557739207739559e+01,3.531677066247905561e+00
1.363136313631363272e+01,5.848591294035889376e+01,3.531228296536054412e+00
1.363636363636363669e+01,5.848623677364484763e+01,3.530779792637607883e+00
1.364136413641364243e+01,5.848654895904857653e+01,3.530331553984475956e+00
1.364636463646364639e+01,5.848684956533656276e+01,3.529883579997941556e+00
1.365136513651365213e+01,5.848713866292838759e+01,3.529435870088660998e+00
1.365636563656365787e+01,5.848741632389678813e+01,3.528988423656664430e+00
1.366136613661366184e+01,5.848768262196760759e+01,3.528541240091355391e+00
1.366636663666366758e+01,5.848793763251983080e+01,3.528094318771509030e+00
1.367136713671367154e+01,5.848818143258558422e+01,3.527647659065276109e+00
1.367636763676367728e+01,5.848841410085009329e+01,3.527201260330178556e+00
1.368136813681368125e+01,5.848863571765174640e+01,3.526755121913113911e+00
1.368636863686368699e+01,5.848884636498203804e+01,3.526309243150350436e+00
1.369136913691369273e+01,5.848904612648560430e+01,3.525863623367531119e+00
1.369636963696369669e+01,5.848923508746020161e+01,3.525418261879672777e+00
1.370137013701370243e+01,5.848941333485672089e+01,3.524973157991164285e+00
1.370637063706370640e+01,5.848958095727918760e+01,3.524528310995767910e+00
1.371137113711371214e+01,5.848973804498475459e+01,3.524083720176620194e+00
1.371637163716371788e+01,5.848988468988369505e+01,3.523639384806230179e+00
1.372137213721372184e+01,5.849002098553942375e+01,3.523195304146480744e+00
1.372637263726372758e+01,5.849014702716847580e+01,3.522751477448626822e+00
1.373137313731373155e+01,5.849026291164052083e+01,3.522307903953298069e+00
1.373637363736373729e+01,5.849036873747836296e+01,3.521864582890497086e+00
1.374137413741374125e+01,5.849046460485792664e+01,3.521421513479598975e+00
1.374637463746374699e+01,5.849055061560826374e+01,3.520978694929352670e+00
1.375137513751375273e+01,5.849062687321157483e+01,3.520536126437880942e+00
1.375637563756375670e+01,5.849069348280316660e+01,3.520093807192679058e+00
1.376137613761376244e+01,5.849075055117148025e+01,3.519651736370615680e+00
1.376637663766376640e+01,5.849079818675810571e+01,3.519209913137932855e+00
1.377137713771377214e+01,5.849083649965774612e+01,3.518768336650246020e+00
1.377637763776377788e+01,5.849086560161822490e+01,3.518327006052544004e+00
1.378137813781378185e+01,5.849088560604052134e+01,3.517885920479188577e+00
1.378637863786378759e+01,5.849089662797872791e+01,3.517445079053915347e+00
1.379137913791379155e+01,5.849089878414005739e+01,3.517004480889832418e+00
1.379637963796379729e+01,5.849089219288487129e+01,3.516564125089421733e+00
1.380138013801380126e+01,5.849087697422665855e+01,3.516124010744538175e+00
1.380638063806380700e+01,5.849085324983202128e+01,3.515684136936410464e+00
1.381138113811381274e+01,5.849082114302071034e+01,3.515244502735639820e+00
1.381638163816381670e+01,5.849078077876558979e+01,3.514805107202202183e+00
1.382138213821382244e+01,5.849073228369267241e+01,3.514365949385444665e+00
1.382638263826382641e+01,5.849067578608107709e+01,3.513927028324089097e+00
1.383138313831383215e+01,5.849061141586307855e+01,3.513488343046230700e+00
1.383638363836383789e+01,5.849053930462405049e+01,3.513049892569337196e+00
1.384138413841384185e+01,5.849045958560252956e+01,3.512611675900250141e+00
1.384638463846384759e+01,5.849037239369015850e+01,3.512173692035184036e+00
1.385138513851385156e+01,5.849027786543171459e+01,3.511735939959727215e+00
1.385638563856385730e+01,5.849017613902510959e+01,3.511298418648840514e+00
1.386138613861386126e+01,5.849006735432138271e+01,3.510861127066858600e+00
1.386638663866386700e+01,5.848995165282470055e+01,3.510424064167489089e+00
1.387138713871387274e+01,5.848982917769235712e+01,3.509987228893813427e+00
1.387638763876387671e+01,5.848970007373478808e+01,3.509550620178286007e+00
1.388138813881388245e+01,5.848956448741554226e+01,3.509114236942734166e+00
1.388638863886388641e+01,5.848942256685131724e+01,3.508678078098359521e+00
1.389138913891389215e+01,5.848927446181191669e+01,3.508242142545735298e+00
1.389638963896389789e+01,5.848912032372029302e+01,3.507806429174809892e+00
1.390139013901390186e+01,5.848896030565252602e+01,3.507370936864903754e+00
1.390639063906390760e+01,5.848879456233780871e+01,3.506935664484711168e+00
1.391139113911391156e+01,5.848862325015848285e+01,3.506500610892299807e+00
1.391639163916391730e+01,5.848844652715001757e+01,3.506065774935109403e+00
1.392139213921392127e+01,5.848826455300099525e+01,3.505631155449954850e+00
1.392639263926392701e+01,5.848807748905314696e+01,3.505196751263023103e+00
1.393139313931393275e+01,5.848788549830133121e+01,3.504762561189874503e+00
1.393639363936393671e+01,5.848768874539351259e+01,3.504328584035443228e+00
1.394139413941394245e+01,5.848748739663082574e+01,3.503894818594035954e+00
1.394639463946394642e+01,5.848728161996749009e+01,3.503461263649333635e+00
1.395139513951395216e+01,5.848707158501089509e+01,3.503027917974389283e+00
1.395639563956395790e+01,5.848685746302153632e+01,3.502594780331630631e+00
1.396139613961396186e+01,5.848663942691303674e+01,3.502161849472857469e+00
1.396639663966396760e+01,5.848641765125216807e+01,3.501729124139243421e+00
1.397139713971397157e+01,5.848619231225881521e+01,3.501296603061335500e+00
1.397639763976397731e+01,5.848596358780599758e+01,3.500864284959053663e+00
1.398139813981398127e+01,5.848573165741986202e+01,3.500432168541691258e+00
1.398639863986398701e+01,5.848549670227968988e+01,3.500000252507915022e+00
1.399139913991399276e+01,5.848525890521788995e+01,3.499568535545764636e+00
1.399639963996399672e+01,5.848501845071999838e+01,3.499137016332654060e+00
1.400140014001400246e+01,5.848477552492467879e+01,3.498705693535369310e+00
1.400640064006400642e+01,5.848453031562373639e+01,3.498274565810070680e+00
1.401140114011401216e+01,5.848428301226209669e+01,3.497843631802290965e+00
1.401640164016401791e+01,5.848403380593781264e+01,3.497412890146936348e+00
1.402140214021402187e+01,5.848378288940207170e+01,3.496982339468286849e+00
1.402640264026402761e+01,5.848353045705918873e+01,3.496551978379995873e+00
1.403140314031403157e+01,5.848327670496660602e+01,3.496121805485088885e+00
1.403640364036403732e+01,5.848302183083490036e+01,3.495691819375965625e+00
1.404140414041404128e+01,5.848276603402778306e+01,3.495262018634399226e+00
1.404640464046404702e+01,5.848250951556207866e+01,3.494832401831535762e+00
1.405140514051405276e+01,5.848225247810775329e+01,3.494402967527894255e+00
1.405640564056405672e+01,5.848199512598790051e+01,3.493973714273368447e+00
1.406140614061406247e+01,5.848173766517874128e+01,3.493544640607222806e+00
1.406640664066406643e+01,5.848148030330963110e+01,3.493115745058097854e+00
1.407140714071407217e+01,5.848122324966305285e+01,3.492687026144005724e+00
1.407640764076407791e+01,5.848096671517461687e+01,3.492258482372332384e+00
1.408140814081408188e+01,5.848071091243306086e+01,3.491830112239836748e+00
1.408640864086408762e+01,5.848045605568025707e+01,3.491401914232651116e+00
1.409140914091409158e+01,5.848020236081121226e+01,3.490973886826281625e+00
1.409640964096409732e+01,5.847995004537404640e+01,3.490546028485606911e+00
1.410141014101410128e+01,5.847969932857002817e+01,3.490118337664879444e+00
1.410641064106410703e+01,5.847945043125353237e+01,3.489690812807725084e+00
1.411141114111411277e+01,5.847920357593209673e+01,3.489263452347142191e+00
1.411641164116411673e+01,5.847895898676635795e+01,3.488836254705502959e+00
1.412141214121412247e+01,5.847871688957009439e+01,3.488409218294552971e+00
1.412641264126412644e+01,5.847847751181021891e+01,3.487982341515410756e+00
1.413141314131413218e+01,5.847824108260676468e+01,3.487555622758568674e+00
1.413641364136413792e+01,5.847800783273289937e+01,3.487129060403892034e+00
1.414141414141414188e+01,5.847777799461491810e+01,3.486702652820619086e+00
1.414641464146414762e+01,5.847755180233225047e+01,3.486276398367361473e+00
1.415141514151415159e+01,5.847732949161744642e+01,3.485850295392104670e+00
1.415641564156415733e+01,5.847711129985619749e+01,3.485424342232207540e+00
1.416141614161416129e+01,5.847689746608731554e+01,3.484998537214401004e+00
1.416641664166416703e+01,5.847668823100273983e+01,3.484572878654790706e+00
1.417141714171417277e+01,5.847648383694755836e+01,3.484147364858854345e+00
1.417641764176417674e+01,5.847628452791995812e+01,3.483721994121443899e+00
1.418141814181418248e+01,5.847609054957128194e+01,3.483296764726784289e+00
1.418641864186418644e+01,5.847590214920599294e+01,3.482871674948473828e+00
1.419141914191419218e+01,5.847571957578167456e+01,3.482446723049483328e+00
1.419641964196419792e+01,5.847554307990906608e+01,3.482021907282157436e+00
1.420142014201420189e+01,5.847537291385199865e+01,3.481597225888215075e+00
1.420642064206420763e+01,5.847520933152746636e+01,3.481172677098746782e+00
1.421142114211421159e+01,5.847505258850558363e+01,3.480748259134217815e+00
1.421642164216421733e+01,5.847490294200957806e+01,3.480323970204465489e+00
1.422142214221422130e+01,5.847476065091582598e+01,3.479899808508700954e+00
1.422642264226422704e+01,5.847462597575383114e+01,3.479475772235508746e+00
1.423142314231423278e+01,5.847449917870621050e+01,3.479051859562846793e+00
1.423642364236423674e+01,5.847438052360873684e+01,3.478628068658046413e+00
1.424142414241424248e+01,5.847427027595029614e+01,3.478204397677810533e+00
1.424642464246424645e+01,5.847416870287290180e+01,3.477780844768218582e+00
1.425142514251425219e+01,5.847407607317169465e+01,3.477357408064720268e+00
1.425642564256425793e+01,5.847399265729497131e+01,3.476934085692139575e+00
1.426142614261426189e+01,5.847391872734412033e+01,3.476510875764674768e+00
1.426642664266426763e+01,5.847385455707368607e+01,3.476087776385896611e+00
1.427142714271427160e+01,5.847380042189134031e+01,3.475664785648748367e+00
1.427642764276427734e+01,5.847375659885786803e+01,3.475241901635547581e+00
1.428142814281428130e+01,5.847372336668719583e+01,3.474819122417985184e+00
1.428642864286428704e+01,5.847370100574638485e+01,3.474396446057124610e+00
1.429142914291429278e+01,5.847368979805561651e+01,3.473973870603403569e+00
1.429642964296429675e+01,5.847369002728819964e+01,3.473551394096632272e+00
1.430143014301430249e+01,5.847370197877059184e+01,3.473129014565993877e+00
1.430643064306430645e+01,5.847372593948234965e+01,3.472706730030046707e+00
1.431143114311431219e+01,5.847376219805618547e+01,3.472284538496719808e+00
1.431643164316431793e+01,5.847381104477793201e+01,3.471862437963317394e+00
1.432143214321432190e+01,5.847387277158654939e+01,3.471440426416516178e+00
1.432643264326432764e+01,5.847394767207413224e+01,3.471018501832366709e+00
1.433143314331433160e+01,5.847403604148589551e+01,3.470596662176292035e+00
1.433643364336433734e+01,5.847413817672019576e+01,3.470174905403088594e+00
1.434143414341434131e+01,5.847425437632850986e+01,3.469753229456927102e+00
1.434643464346434705e+01,5.847438494051544922e+01,3.469331632271350774e+00
1.435143514351435279e+01,5.847453017113875262e+01,3.468910111769276217e+00
1.435643564356435675e+01,5.847469037170929340e+01,3.468488665862992981e+00
1.436143614361436249e+01,5.847486584739107229e+01,3.468067292454164008e+00
1.436643664366436646e+01,5.847505690500120323e+01,3.467645989433826959e+00
1.437143714371437220e+01,5.847526385300996310e+01,3.467224754682390220e+00
1.437643764376437794e+01,5.847548700154072776e+01,3.466803586069637344e+00
1.438143814381438190e+01,5.847572666237001471e+01,3.466382481454725273e+00
1.438643864386438764e+01,5.847598314892747595e+01,3.465961438686182561e+00
1.439143914391439161e+01,5.847625677629589092e+01,3.465540455601913372e+00
1.439643964396439735e+01,5.847654786121115933e+01,3.465119530029192596e+00
1.440144014401440131e+01,5.847685672206231544e+01,3.464698659784670287e+00
1.440644064406440705e+01,5.847718367889152802e+01,3.464277842674369001e+00
1.441144114411441279e+01,5.847752905339409324e+01,3.463857076493685128e+00
1.441644164416441676e+01,5.847789316891843470e+01,3.463436359027388001e+00
1.442144214421442250e+01,5.847827635046610339e+01,3.463015688049619900e+00
1.442644264426442646e+01,5.847867892469178486e+01,3.462595061323896939e+00
1.443144314431443220e+01,5.847910121990329912e+01,3.462174476603108175e+00
1.443644364436443794e+01,5.847954356606157944e+01,3.461753931629516501e+00
1.444144414441444191e+01,5.848000629478070067e+01,3.461333424134756864e+00
1.444644464446444765e+01,5.848048973932787220e+01,3.460912951839838936e+00
1.445144514451445161e+01,5.848099423462341662e+01,3.460492512455145331e+00
1.445644564456445735e+01,5.848152011724079813e+01,3.460072103680430722e+00
1.446144614461446132e+01,5.848206772540660836e+01,3.459651723204824947e+00
1.446644664466446706e+01,5.848263739900057345e+01,3.459231368706829457e+00
1.447144714471447280e+01,5.848322947955553275e+01,3.458811037854319981e+00
1.447644764476447676e+01,5.848384431025747432e+01,3.458390728304546080e+00
1.448144814481448250e+01,5.848448223594550655e+01,3.457970437704128486e+00
1.448644864486448647e+01,5.848514360311186522e+01,3.457550163689063538e+00
1.449144914491449221e+01,5.848582875990192065e+01,3.457129903884719191e+00
1.449644964496449795e+01,5.848653805611417056e+01,3.456709655905837675e+00
1.450145014501450191e+01,5.848727184320024008e+01,3.456289417356534610e+00
1.450645064506450765e+01,5.848803047426489599e+01,3.455869185830297674e+00
1.451145114511451162e+01,5.848881430406601822e+01,3.455448958909989265e+00
1.451645164516451736e+01,5.848962368901462128e+01,3.455028734167843840e+00
1.452145214521452132e+01,5.849045898717485414e+01,3.454608509165470576e+00
1.452645264526452706e+01,5.849132055826399323e+01,3.454188281453850262e+00
1.453145314531453280e+01,5.849220876365244237e+01,3.453768048573337968e+00
1.453645364536453677e+01,5.849312396636374700e+01,3.453347808053662593e+00
1.454145414541454251e+01,5.849406653107455156e+01,3.452927557413925097e+00
1.454645464546454647e+01,5.849503682411467054e+01,3.452507294162600271e+00
1.455145514551455221e+01,5.849603521346701029e+01,3.452087015797536296e+00
1.455645564556455795e+01,5.849706206876764014e+01,3.451666719805954298e+00
1.456145614561456192e+01,5.849811776130573548e+01,3.451246403664449236e+00
1.456645664566456766e+01,5.849920266402360625e+01,3.450826064838989016e+00
1.457145714571457162e+01,5.850031715151669687e+01,3.450405700784914487e+00
1.457645764576457736e+01,5.850146160003357920e+01,3.449985308946940332e+00
1.458145814581458133e+01,5.850263638747595962e+01,3.449564886759154625e+00
1.458645864586458707e+01,5.850384189339865770e+01,3.449144431645017939e+00
1.459145914591459281e+01,5.850507849900964885e+01,3.448723941017365124e+00
1.459645964596459677e+01,5.850634658717001457e+01,3.448303412278403535e+00
1.460146014601460251e+01,5.850764654239397800e+01,3.447882842819713911e+00
1.460646064606460648e+01,5.850897875084888256e+01,3.447462230022250829e+00
1.461146114611461222e+01,5.851034360035522042e+01,3.447041571256341808e+00
1.461646164616461796e+01,5.851174148038658274e+01,3.446620863881687313e+00
1.462146214621462192e+01,5.851317278206972361e+01,3.446200105247361645e+00
1.462646264626462767e+01,5.851463789818449612e+01,3.445779292691812046e+00
1.463146314631463163e+01,5.851613722316390920e+01,3.445358423542859594e+00
1.463646364636463737e+01,5.851767115309409206e+01,3.444937495117697868e+00
1.464146414641464133e+01,5.851924008571428715e+01,3.444516504722893835e+00
1.464646464646464707e+01,5.852084442041689982e+01,3.444095449654388297e+00
1.465146514651465282e+01,5.852248020303367326e+01,3.443674356897469480e+00
1.465646564656465678e+01,5.852412701155847685e+01,3.443253365626978812e+00
1.466146614661466252e+01,5.852578196261028154e+01,3.442832495261088255e+00
1.466646664666466648e+01,5.852744479129290767e+01,3.442411747353671725e+00
1.467146714671467223e+01,5.852911523456138099e+01,3.441991123446983991e+00
1.467646764676467797e+01,5.853079303122198240e+01,3.441570625071663780e+00
1.468146814681468193e+01,5.853247792193219823e+01,3.441150253746731114e+00
1.468646864686468767e+01,5.853416964920074861e+01,3.440730010979589970e+00
1.469146914691469163e+01,5.853586795738758752e+01,3.440309898266025623e+00
1.469646964696469738e+01,5.853757259270388147e+01,3.439889917090206861e+00
1.470147014701470134e+01,5.853928330321203077e+01,3.439470068924683765e+00
1.470647064706470708e+01,5.854099983882566960e+01,3.439050355230390377e+00
1.471147114711471282e+01,5.854272195130964462e+01,3.438630777456642917e+00
1.471647164716471679e+01,5.854444939428004346e+01,3.438211337041139348e+00
1.472147214721472253e+01,5.854618192320418046e+01,3.437792035409960700e+00
1.472647264726472649e+01,5.854791929540058248e+01,3.437372873977571519e+00
1.473147314731473223e+01,5.854966127003901022e+01,3.436953854146816756e+00
1.473647364736473797e+01,5.855140760814045819e+01,3.436534977308926209e+00
1.474147414741474194e+01,5.855315807257714766e+01,3.436116244843510970e+00
1.474647464746474768e+01,5.855491242807251240e+01,3.435697658118564313e+00
1.475147514751475164e+01,5.855667044120122000e+01,3.435279218490463471e+00
1.475647564756475738e+01,5.855843188038917901e+01,3.434860927303966971e+00
1.476147614761476135e+01,5.856019651591350339e+01,3.434442785892216410e+00
1.476647664766476709e+01,5.856196411990255513e+01,3.434024795576735567e+00
1.477147714771477283e+01,5.856373446633590163e+01,3.433606957667431736e+00
1.477647764776477679e+01,5.856550733104434414e+01,3.433189273462593505e+00
1.478147814781478253e+01,5.856728249170992484e+01,3.432771744248892976e+00
1.478647864786478650e+01,5.856905972786589842e+01,3.432354371301384877e+00
1.479147914791479224e+01,5.857083882089674631e+01,3.431937155883504786e+00
1.479647964796479798e+01,5.857261955403818376e+01,3.431520099247073574e+00
1.480148014801480194e+01,5.857440171237714566e+01,3.431103202632292071e+00
1.480648064806480768e+01,5.857618508285180781e+01,3.430686467267745066e+00
1.481148114811481165e+01,5.857796945425155144e+01,3.430269894370400419e+00
1.481648164816481739e+01,5.857975461721700583e+01,3.429853485145606840e+00
1.482148214821482135e+01,5.858154036424001276e+01,3.429437240787096552e+00
1.482648264826482709e+01,5.858332648966364076e+01,3.429021162476984852e+00
1.483148314831483283e+01,5.858511278968219926e+01,3.428605251385768327e+00
1.483648364836483680e+01,5.858689906234121025e+01,3.428189508672327968e+00
1.484148414841484254e+01,5.858868510753742953e+01,3.427773935483924728e+00
1.484648464846484650e+01,5.859047072701883963e+01,3.427358532956204407e+00
1.485148514851485224e+01,5.859225572438464269e+01,3.426943302213194542e+00
1.485648564856485798e+01,5.859403990508528182e+01,3.426528244367304854e+00
1.486148614861486195e+01,5.859582307642240551e+01,3.426113360519328133e+00
1.486648664866486769e+01,5.859760504754891741e+01,3.425698651758439350e+00
1.487148714871487165e+01,5.859938562946892660e+01,3.425284119162196550e+00
1.487648764876487739e+01,5.860116463503777595e+01,3.424869763796539957e+00
1.488148814881488136e+01,5.860294187896202800e+01,3.424455586715791977e+00
1.488648864886488710e+01,5.860471717779949330e+01,3.424041588962658533e+00
1.489148914891489284e+01,5.860649034995918072e+01,3.423627771568227285e+00
1.489648964896489680e+01,5.860826121570134717e+01,3.423214135551968518e+00
1.490149014901490254e+01,5.861002959713746918e+01,3.422800681921736032e+00
1.490649064906490651e+01,5.861179531823025002e+01,3.422387411673764479e+00
1.491149114911491225e+01,5.861355820479361967e+01,3.421974325792672467e+00
1.491649164916491799e+01,5.861531808449274195e+01,3.421561425251460786e+00
1.492149214921492195e+01,5.861707478684398609e+01,3.421148711011512855e+00
1.492649264926492769e+01,5.861882814321497648e+01,3.420736184022594273e+00
1.493149314931493166e+01,5.862057798682455001e+01,3.420323845222853265e+00
1.493649364936493740e+01,5.862232415274276320e+01,3.419911695538820684e+00
1.494149414941494136e+01,5.862406647789092062e+01,3.419499735885410452e+00
1.494649464946494710e+01,5.862580480104153224e+01,3.419087967165917785e+00
1.495149514951495284e+01,5.862753896281834187e+01,3.418676390272022303e+00
1.495649564956495681e+01,5.862926880569632715e+01,3.418265006083784474e+00
1.496149614961496255e+01,5.863099417400169244e+01,3.417853815469648282e+00
1.496649664966496651e+01,5.863271491391185464e+01,3.417442819286439892e+00
1.497149714971497225e+01,5.863443087345547156e+01,3.417032018379368097e+00
1.497649764976497799e+01,5.863614190251242775e+01,3.416621413582024314e+00
1.498149814981498196e+01,5.863784785281382028e+01,3.416211005716382587e+00
1.498649864986498770e+01,5.863954857794199427e+01,3.415800795592798700e+00
1.499149914991499166e+01,5.864124393333050023e+01,3.415390784010012393e+00
1.499649964996499740e+01,5.864293377626412962e+01,3.414980971755144701e+00
1.500150015001500137e+01,5.864461796587890063e+01,3.414571359603700618e+00
1.500650065006500711e+01,5.864629636316205108e+01,3.414161948319565987e+00
1.501150115011501285e+01,5.864796883095204549e+01,3.413752738655010166e+00
1.501650165016501681e+01,5.864963523393858935e+01,3.413343731350685140e+00
1.502150215021502255e+01,5.865129543866260775e+01,3.412934927135625518e+00
1.502650265026502652e+01,5.865294931351623120e+01,3.412526326727247650e+00
1.503150315031503226e+01,5.865459672874285246e+01,3.412117930831350954e+00
1.503650365036503800e+01,5.865623755643706971e+01,3.411709740142117919e+00
1.504150415041504196e+01,5.865787167054470785e+01,3.411301755342113218e+00
1.504650465046504770e+01,5.865949894686282562e+01,3.410893977102283259e+00
1.505150515051505167e+01,5.866111926303971558e+01,3.410486406081957966e+00
1.505650565056505741e+01,5.866273249857487571e+01,3.410079042928849891e+00
1.506150615061506137e+01,5.866433853481905203e+01,3.409671888279053764e+00
1.506650665066506711e+01,5.866593725497420309e+01,3.409264942757046501e+00
1.507150715071507285e+01,5.866752854409352835e+01,3.408858206975688088e+00
1.507650765076507682e+01,5.866911228908143983e+01,3.408451681536221578e+00
1.508150815081508256e+01,5.867068837869358333e+01,3.408045367028270878e+00
1.508650865086508652e+01,5.867225670353682432e+01,3.407639264029844739e+00
1.509150915091509226e+01,5.867381715606927628e+01,3.407233373107332319e+00
1.509650965096509800e+01,5.867536963060025101e+01,3.406827694815506735e+00
1.510151015101510197e+01,5.867691402329030836e+01,3.406422229697523285e+00
1.510651065106510771e+01,5.867845023215122779e+01,3.406016978284919006e+00
1.511151115111511167e+01,5.867997815704600839e+01,3.405611941097615336e+00
1.511651165116511741e+01,5.868149769968889018e+01,3.405207118643914121e+00
1.512151215121512138e+01,5.868300876364533991e+01,3.404802511420501610e+00
1.512651265126512712e+01,5.868451125433202975e+01,3.404398119912444898e+00
1.513151315131513286e+01,5.868600507901687990e+01,3.403993944593195042e+00
1.513651365136513682e+01,5.868749014681903731e+01,3.403589985924585726e+00
1.514151415141514256e+01,5.868896636870886141e+01,3.403186244356831480e+00
1.514651465146514653e+01,5.869043365750795260e+01,3.402782720328530797e+00
1.515151515151515227e+01,5.869189192788912379e+01,3.402379414266664792e+00
1.515651565156515801e+01,5.869334109637643593e+01,3.401976326586596766e+00
1.516151615161516197e+01,5.869478108134515537e+01,3.401573457692072200e+00
1.516651665166516771e+01,5.869621180302178232e+01,3.401170807975219645e+00
1.517151715171517168e+01,5.869763318348405079e+01,3.400768377816550281e+00
1.517651765176517742e+01,5.869904514666092155e+01,3.400366167584957466e+00
1.518151815181518138e+01,5.870044761833256786e+01,3.399964177637717189e+00
1.518651865186518712e+01,5.870184052613040393e+01,3.399562408320488061e+00
1.519151915191519286e+01,5.870322379953707070e+01,3.399160859967311321e+00
1.519651965196519683e+01,5.870459736988642163e+01,3.398759532900610836e+00
1.520152015201520257e+01,5.870596117036355821e+01,3.398358427431193096e+00
1.520652065206520653e+01,5.870731513600478735e+01,3.397957543858246332e+00
1.521152115211521227e+01,5.870865920369765689e+01,3.397556882469342288e+00
1.521652165216521801e+01,5.870999331218094142e+01,3.397156443540434889e+00
1.522152215221522198e+01,5.871131740204464222e+01,3.396756227335860689e+00
1.522652265226522772e+01,5.871263141572997313e+01,3.396356234108338423e+00
1.523152315231523168e+01,5.871393529752938889e+01,3.395956464098970340e+00
1.523652365236523742e+01,5.871522899358657810e+01,3.395556917537240427e+00
1.524152415241524139e+01,5.871651245189643475e+01,3.395157594641014853e+00
1.524652465246524713e+01,5.871778562230509380e+01,3.394758495616543303e+00
1.525152515251525287e+01,5.871904845650992399e+01,3.394359620658457644e+00
1.525652565256525683e+01,5.872030090805949953e+01,3.393960969949772366e+00
1.526152615261526257e+01,5.872154293235363554e+01,3.393562543661884146e+00
1.526652665266526654e+01,5.872277448664338095e+01,3.393164341954572727e+00
1.527152715271527228e+01,5.872399553003099015e+01,3.392766364975999593e+00
1.527652765276527802e+01,5.872520602346997265e+01,3.392368612862709742e+00
1.528152815281528198e+01,5.872640592976502916e+01,3.391971085739630798e+00
1.528652865286528773e+01,5.872759521357212265e+01,3.391573783720071678e+00
1.529152915291529169e+01,5.872877384139842860e+01,3.391176706905725258e+00
1.529652965296529743e+01,5.872994178160233503e+01,3.390779855386665709e+00
1.530153015301530139e+01,5.873109900439348507e+01,3.390383229241351160e+00
1.530653065306530713e+01,5.873224548183272020e+01,3.389986828536620589e+00
1.531153115311531288e+01,5.873338118783213702e+01,3.389590653327697378e+00
1.531653165316531684e+01,5.873450609815503043e+01,3.389194703658186203e+00
1.532153215321532258e+01,5.873562019041594340e+01,3.388798979560074365e+00
1.532653265326532654e+01,5.873672344408063850e+01,3.388403481053732680e+00
1.533153315331533229e+01,5.873781584046611215e+01,3.388008208147913258e+00
1.533653365336533803e+01,5.873889736274056617e+01,3.387613160839751725e+00
1.534153415341534199e+01,5.873996799592345042e+01,3.387218339114765886e+00
1.534653465346534773e+01,5.874102772688544150e+01,3.386823742946855287e+00
1.535153515351535169e+01,5.874207654434843562e+01,3.386429372298303875e+00
1.535653565356535744e+01,5.874311443888554152e+01,3.386035227119776891e+00
1.536153615361536140e+01,5.874414140292113018e+01,3.385641307350322204e+00
1.536653665366536714e+01,5.874515743073077090e+01,3.385247612917369864e+00
1.537153715371537288e+01,5.874616251844126680e+01,3.384854143736733878e+00
1.537653765376537685e+01,5.874715666403064773e+01,3.384460899712609550e+00
1.538153815381538259e+01,5.874813986732818449e+01,3.384067880737574807e+00
1.538653865386538655e+01,5.874911213001434618e+01,3.383675086692591094e+00
1.539153915391539229e+01,5.875007345562085703e+01,3.383282517447001592e+00
1.539653965396539803e+01,5.875102384953065382e+01,3.382890172858531663e+00
1.540154015401540200e+01,5.875196331897790003e+01,3.382498052773290187e+00
1.540654065406540774e+01,5.875289187304799299e+01,3.382106157025768223e+00
1.541154115411541170e+01,5.875380952267754964e+01,3.381714485438839013e+00
1.541654165416541744e+01,5.875471628065441365e+01,3.381323037823758870e+00
1.542154215421542318e+01,5.875561216161766254e+01,3.380931813980166734e+00
1.542654265426542715e+01,5.875649718205760053e+01,3.380540813696083280e+00
1.543154315431543289e+01,5.875737136031574437e+01,3.380150036747912701e+00
1.543654365436543685e+01,5.875823471658485886e+01,3.379759482900441370e+00
1.544154415441544259e+01,5.875908727290892841e+01,3.379369151906837399e+00
1.544654465446544656e+01,5.875992905318314286e+01,3.378979043508653302e+00
1.545154515451545230e+01,5.876076008315396138e+01,3.378589157435822443e+00
1.545654565456545804e+01,5.876158039041902725e+01,3.378199493406661702e+00
1.546154615461546200e+01,5.876239000442723892e+01,3.377810051127870139e+00
1.546654665466546774e+01,5.876318895647870733e+01,3.377420830294528553e+00
1.547154715471547171e+01,5.876397727972477725e+01,3.377031830590102590e+00
1.547654765476547745e+01,5.876475500916801309e+01,3.376643051686437857e+00
1.548154815481548319e+01,5.876552218166222730e+01,3.376254493243764365e+00
1.548654865486548715e+01,5.876627883591242352e+01,3.375866154910693862e+00
1.549154915491549289e+01,5.876702501247486765e+01,3.375478036324220277e+00
1.549654965496549686e+01,5.876776075375702391e+01,3.375090137109721056e+00
1.550155015501550260e+01,5.876848610401760453e+01,3.374702456880955825e+00
1.550655065506550656e+01,5.876920110936654140e+01,3.374314995240066395e+00
1.551155115511551230e+01,5.876990581776498601e+01,3.373927751777577200e+00
1.551655165516551804e+01,5.877060027902533079e+01,3.373540726072396190e+00
1.552155215521552201e+01,5.877128454481118069e+01,3.373153917691812165e+00
1.552655265526552775e+01,5.877195866863737450e+01,3.372767326191498327e+00
1.553155315531553171e+01,5.877262270586998483e+01,3.372380951115509173e+00
1.553655365536553745e+01,5.877327671372629680e+01,3.371994791996281826e+00
1.554155415541554319e+01,5.877392075127482940e+01,3.371608848354636478e+00
1.554655465546554716e+01,5.877455487943533541e+01,3.371223119699775506e+00
1.555155515551555290e+01,5.877517916097878015e+01,3.370837605529284353e+00
1.555655565556555686e+01,5.877579366052736987e+01,3.370452305329130649e+00
1.556155615561556260e+01,5.877639844455453044e+01,3.370067218573664203e+00
1.556655665566556657e+01,5.877699358138490737e+01,3.369682344725617895e+00
1.557155715571557231e+01,5.877757914119439420e+01,3.369297683236107233e+00
1.557655765576557805e+01,5.877815519601008987e+01,3.368913233544629460e+00
1.558155815581558201e+01,5.877872181971032717e+01,3.368528995079065780e+00
1.558655865586558775e+01,5.877927908802467272e+01,3.368144967255678246e+00
1.559155915591559172e+01,5.877982707853391275e+01,3.367761149479113314e+00
1.559655965596559746e+01,5.878036587067006735e+01,3.367377541142398734e+00
1.560156015601560320e+01,5.878089554571636910e+01,3.366994141626944437e+00
1.560656065606560716e+01,5.878141618680729152e+01,3.366610950302544758e+00
1.561156115611561290e+01,5.878192787892852778e+01,3.366227966527374438e+00
1.561656165616561687e+01,5.878243070891700484e+01,3.365845189647992175e+00
1.562156215621562261e+01,5.878292476546086931e+01,3.365462618999338851e+00
1.562656265626562657e+01,5.878341013909949453e+01,3.365080253904737972e+00
1.563156315631563231e+01,5.878388692222349476e+01,3.364698093675894786e+00
1.563656365636563805e+01,5.878435520907468970e+01,3.364316137612898494e+00
1.564156415641564202e+01,5.878481509574613995e+01,3.363934385004220040e+00
1.564656465646564776e+01,5.878526668018212575e+01,3.363552835126712548e+00
1.565156515651565172e+01,5.878571006217816830e+01,3.363171487245612656e+00
1.565656565656565746e+01,5.878614534338099418e+01,3.362790340614539186e+00
1.566156615661566320e+01,5.878657262728857091e+01,3.362409394475492697e+00
1.566656665666566717e+01,5.878699201925009987e+01,3.362028648058858149e+00
1.567156715671567291e+01,5.878740362646598072e+01,3.361648100583400467e+00
1.567656765676567687e+01,5.878780755798787538e+01,3.361267751256269865e+00
1.568156815681568261e+01,5.878820392471865119e+01,3.360887599272997406e+00
1.568656865686568658e+01,5.878859283941240221e+01,3.360507643817496781e+00
1.569156915691569232e+01,5.878897441667446344e+01,3.360127884062064751e+00
1.569656965696569806e+01,5.878934877296138239e+01,3.359748319167380703e+00
1.570157015701570202e+01,5.878971602658093332e+01,3.359368948282506206e+00
1.570657065706570776e+01,5.879007629769213139e+01,3.358989770544885012e+00
1.571157115711571173e+01,5.879042970830521142e+01,3.358610785080344829e+00
1.571657165716571747e+01,5.879077638228162783e+01,3.358231991003094663e+00
1.572157215721572321e+01,5.879111644533406889e+01,3.357853387415725699e+00
1.572657265726572717e+01,5.879145002502644957e+01,3.357474973409213526e+00
1.573157315731573291e+01,5.879177725077391159e+01,3.357096748062915026e+00
1.573657365736573688e+01,5.879209825384283050e+01,3.356718710444568821e+00
1.574157415741574262e+01,5.879241316735078726e+01,3.356340859610297933e+00
1.574657465746574658e+01,5.879272212626661087e+01,3.355963194604606681e+00
1.575157515751575232e+01,5.879302526741034995e+01,3.355585714460382452e+00
1.575657565756575806e+01,5.879332272945327986e+01,3.355208418198894815e+00
1.576157615761576203e+01,5.879361465291790267e+01,3.354831304829796412e+00
1.576657665766576777e+01,5.879390118017795430e+01,3.354454373351122065e+00
1.577157715771577173e+01,5.879418245545837607e+01,3.354077622749288778e+00
1.577657765776577747e+01,5.879445862483536445e+01,3.353701051999097515e+00
1.578157815781578321e+01,5.879472983623632842e+01,3.353324660063729645e+00
1.578657865786578718e+01,5.879499623943989661e+01,3.352948445894751384e+00
1.579157915791579292e+01,5.879525798607593856e+01,3.352572408432109796e+00
1.579657965796579688e+01,5.879551522962554344e+01,3.352196546604135463e+00
1.580158015801580262e+01,5.879576812542103426e+01,3.351820859327540703e+00
1.580658065806580659e+01,5.879601683064595363e+01,3.351445345507420903e+00
1.581158115811581233e+01,5.879626150433506382e+01,3.351070004037254524e+00
1.581658165816581807e+01,5.879650230737437511e+01,3.350694833798901318e+00
1.582158215821582203e+01,5.879673940250110320e+01,3.350319833662604552e+00
1.582658265826582777e+01,5.879697295430371184e+01,3.349945002486990120e+00
1.583158315831583174e+01,5.879720312922187020e+01,3.349570339119065654e+00
1.583658365836583748e+01,5.879743009554648836e+01,3.349195842394221856e+00
1.584158415841584322e+01,5.879765402341969605e+01,3.348821511136232054e+00
1.584658465846584718e+01,5.879787508483484970e+01,3.348447344157252203e+00
1.585158515851585292e+01,5.879809345363654671e+01,3.348073340257819996e+00
1.585658565856585689e+01,5.879830930552059698e+01,3.347699498226857528e+00
1.586158615861586263e+01,5.879852281803403713e+01,3.347325816841666857e+00
1.586658665866586659e+01,5.879873417057513763e+01,3.346952294867934441e+00
1.587158715871587233e+01,5.879894354439338855e+01,3.346578931059728923e+00
1.587658765876587807e+01,5.879915112258951382e+01,3.346205724159501571e+00
1.588158815881588204e+01,5.879935709011546408e+01,3.345832672898085836e+00
1.588658865886588778e+01,5.879956163377440959e+01,3.345459775994697793e+00
1.589158915891589174e+01,5.879976494222075445e+01,3.345087032156936591e+00
1.589658965896589748e+01,5.879996720596012239e+01,3.344714440080783113e+00
1.590159015901590323e+01,5.880016861734937805e+01,3.344341998450601317e+00
1.590659065906590719e+01,5.880036937059659863e+01,3.343969705939137782e+00
1.591159115911591293e+01,5.880056966176109512e+01,3.343597561207521274e+00
1.591659165916591689e+01,5.880076968875340526e+01,3.343225562905263626e+00
1.592159215921592263e+01,5.880096965133528641e+01,3.342853709670258411e+00
1.592659265926592660e+01,5.880116975111972977e+01,3.342482000128782715e+00
1.593159315931593234e+01,5.880137019157096034e+01,3.342110432895495808e+00
1.593659365936593808e+01,5.880157117800440858e+01,3.341739006573438697e+00
1.594159415941594204e+01,5.880177291758676006e+01,3.341367719754036347e+00
1.594659465946594779e+01,5.880197561933589867e+01,3.340996571017095462e+00
1.595159515951595175e+01,5.880217949412096345e+01,3.340625558930805372e+00
1.595659565956595749e+01,5.880238475466229175e+01,3.340254682051738033e+00
1.596159615961596323e+01,5.880259161553146185e+01,3.339883938924847584e+00
1.596659665966596719e+01,5.880280029315129298e+01,3.339513328083472121e+00
1.597159715971597294e+01,5.880301100579580975e+01,3.339142848049330148e+00
1.597659765976597690e+01,5.880322397359026354e+01,3.338772497332525013e+00
1.598159815981598264e+01,5.880343941851115375e+01,3.338402274431540029e+00
1.598659865986598660e+01,5.880365756438617808e+01,3.338032177833243352e+00
1.599159915991599235e+01,5.880387863689428940e+01,3.337662206012884880e+00
1.599659965996599809e+01,5.880410286356565308e+01,3.337292357434096246e+00
1.600160016001600383e+01,5.880433047378165412e+01,3.336922630548893487e+00
1.600660066006600601e+01,5.880456169877491845e+01,3.336553023797673490e+00
1.601160116011601176e+01,5.880479677162929164e+01,3.336183535609215767e+00
1.601660166016601750e+01,5.880503592727984596e+01,3.335814164400683790e+00
1.602160216021602324e+01,5.880527940251288754e+01,3.335444908577622769e+00
1.602660266026602898e+01,5.880552743596594212e+01,3.335075766533959651e+00
1.603160316031603116e+01,5.880578026812776216e+01,3.334706736652005343e+00
1.603660366036603691e+01,5.880603814133833396e+01,3.334337817302452489e+00
1.604160416041604265e+01,5.880630129978886345e+01,3.333969006844376359e+00
1.604660466046604839e+01,5.880656998952178327e+01,3.333600303625234407e+00
1.605160516051605413e+01,5.880684445843075991e+01,3.333231705980868043e+00
1.605660566056605632e+01,5.880712495626067948e+01,3.332863212235500416e+00
1.606160616061606206e+01,5.880741173460766191e+01,3.332494820701735971e+00
1.606660666066606780e+01,5.880770504691904677e+01,3.332126529680563554e+00
1.607160716071607354e+01,5.880800514849340743e+01,3.331758337461354191e+00
1.607660766076607572e+01,5.880831229648053693e+01,3.331390242321860651e+00
1.608160816081608147e+01,5.880862674988146210e+01,3.331022242528218769e+00
1.608660866086608721e+01,5.880894876954842942e+01,3.330654336334946564e+00
1.609160916091609295e+01,5.880927861818491920e+01,3.330286521984945569e+00
1.609660966096609869e+01,5.880961656034563845e+01,3.329918797709499056e+00
1.610161016101610088e+01,5.880996286243651383e+01,3.329551161728273367e+00
1.610661066106610662e+01,5.881031779271470583e+01,3.329183612249316582e+00
1.611161116111611236e+01,5.881068162128860166e+01,3.328816147469059850e+00
1.611661166116611810e+01,5.881105462011780816e+01,3.328448765572316947e+00
1.612161216121612384e+01,5.881143706301317309e+01,3.328081464732284278e+00
1.612661266126612603e+01,5.881182922563674964e+01,3.327714243110540870e+00
1.613161316131613177e+01,5.881223138550183904e+01,3.327347098857047492e+00
1.613661366136613751e+01,5.881264382197295504e+01,3.326980030110147979e+00
1.614161416141614325e+01,5.881306681626585231e+01,3.326613034996569240e+00
1.614661466146614899e+01,5.881350065144749806e+01,3.326246111631419922e+00
1.615161516151615118e+01,5.881394561243609331e+01,3.325879258118192627e+00
1.615661566156615692e+01,5.881440198600107294e+01,3.325512472548759924e+00
1.616161616161616266e+01,5.881487006076307722e+01,3.325145753003379223e+00
1.616661666166616840e+01,5.881535012719399447e+01,3.324779097550690121e+00
1.617161716171617414e+01,5.881584247761693263e+01,3.324412504247713507e+00
1.617661766176617633e+01,5.881634740620622637e+01,3.324045971139854672e+00
1.618161816181618207e+01,5.881686520898743709e+01,3.323679496260899757e+00
1.618661866186618781e+01,5.881739618383734580e+01,3.323313077633018864e+00
1.619161916191619355e+01,5.881794063048398158e+01,3.322946713266763386e+00
1.619661966196619574e+01,5.881849885050657889e+01,3.322580401161068231e+00
1.620162016201620148e+01,5.881907114733561315e+01,3.322214139303250047e+00
1.620662066206620722e+01,5.881965782625276518e+01,3.321847925669008994e+00
1.621162116211621296e+01,5.882025919439097805e+01,3.321481758222427416e+00
1.621662166216621870e+01,5.882087556073438606e+01,3.321115634915969395e+00
1.622162216221622089e+01,5.882150723611837151e+01,3.320749553690482969e+00
1.622662266226622663e+01,5.882215453322954346e+01,3.320383512475197474e+00
1.623162316231623237e+01,5.882281776660571637e+01,3.320017509187725757e+00
1.623662366236623811e+01,5.882349725263596696e+01,3.319651541734062405e+00
1.624162416241624385e+01,5.882419330956057024e+01,3.319285608008585076e+00
1.624662466246624604e+01,5.882490625747103508e+01,3.318919705894054495e+00
1.625162516251625178e+01,5.882563641831010415e+01,3.318553833261612240e+00
1.625662566256625752e+01,5.882638411587173977e+01,3.318187987970783848e+00
1.626162616261626326e+01,5.882714967580113807e+01,3.317822167869477479e+00
1.626662666266626900e+01,5.882793342559471483e+01,3.317456370793983478e+00
1.627162716271627119e+01,5.882873569460011254e+01,3.317090594568974371e+00
1.627662766276627693e+01,5.882955681401620751e+01,3.316724837007505311e+00
1.628162816281628267e+01,5.883039711689310280e+01,3.316359095911014521e+00
1.628662866286628841e+01,5.883125693813211399e+01,3.315993369069322849e+00
1.629162916291629415e+01,5.883213661448580467e+01,3.315627654260632884e+00
1.629662966296629634e+01,5.883303648455795098e+01,3.315261949251531171e+00
1.630163016301630208e+01,5.883395688880356289e+01,3.314896251796984661e+00
1.630663066306630782e+01,5.883489816952886997e+01,3.314530559640344709e+00
1.631163116311631356e+01,5.883586067089132854e+01,3.314164870513344407e+00
1.631663166316631575e+01,5.883684473889964295e+01,3.313799182136100363e+00
1.632163216321632149e+01,5.883785072141370875e+01,3.313433492217109588e+00
1.632663266326632723e+01,5.883887896814468377e+01,3.313067798453254387e+00
1.633163316331633297e+01,5.883992983065492410e+01,3.312702098529797023e+00
1.633663366336633871e+01,5.884100366235802682e+01,3.312336390120385055e+00
1.634163416341634090e+01,5.884210081851882279e+01,3.311970670887045998e+00
1.634663466346634664e+01,5.884322165625335543e+01,3.311604938480191329e+00
1.635163516351635238e+01,5.884435746758150287e+01,3.311239250163364289e+00
1.635663566356635812e+01,5.884549724473759369e+01,3.310873678223995142e+00
1.636163616361636386e+01,5.884664083105622012e+01,3.310508223534593952e+00
1.636663666366636605e+01,5.884778809713974823e+01,3.310142886788859151e+00
1.637163716371637179e+01,5.884893891449893744e+01,3.309777668675089046e+00
1.637663766376637753e+01,5.885009315555291209e+01,3.309412569876180044e+00
1.638163816381638327e+01,5.885125069362921124e+01,3.309047591069628869e+00
1.638663866386638901e+01,5.885241140296373885e+01,3.308682732927529901e+00
1.639163916391639120e+01,5.885357515870079226e+01,3.308317996116578730e+00
1.639663966396639694e+01,5.885474183689304795e+01,3.307953381298067708e+00
1.640164016401640268e+01,5.885591131450158997e+01,3.307588889127889953e+00
1.640664066406640842e+01,5.885708346939586022e+01,3.307224520256537126e+00
1.641164116411641416e+01,5.885825818035370816e+01,3.306860275329100318e+00
1.641664166416641635e+01,5.885943532706135528e+01,3.306496154985269165e+00
1.642164216421642209e+01,5.886061479011342357e+01,3.306132159859332287e+00
1.642664266426642783e+01,5.886179645101289992e+01,3.305768290580178626e+00
1.643164316431643357e+01,5.886298019217117883e+01,3.305404547771295665e+00
1.643664366436643576e+01,5.886416589690803391e+01,3.305040932050769431e+00
1.644164416441644150e+01,5.886535344945161086e+01,3.304677444031284939e+00
1.644664466446644724e+01,5.886654273493847001e+01,3.304314084320127964e+00
1.645164516451645298e+01,5.886773363941352954e+01,3.303950853519181496e+00
1.645664566456645872e+01,5.886892604983010813e+01,3.303587752224929286e+00
1.646164616461646091e+01,5.887011985404990355e+01,3.303224781028452739e+00
1.646664666466646665e+01,5.887131494084301409e+01,3.302861940515433137e+00
1.647164716471647239e+01,5.887251119988791004e+01,3.302499231266151192e+00
1.647664766476647813e+01,5.887370852177145508e+01,3.302136653855485715e+00
1.648164816481648387e+01,5.887490679798888493e+01,3.301774208852915837e+00
1.648664866486648606e+01,5.887610592094384288e+01,3.301411896822518788e+00
1.649164916491649180e+01,5.887730578394833714e+01,3.301049718322971671e+00
1.649664966496649754e+01,5.887850628122279062e+01,3.300687673907550135e+00
1.650165016501650328e+01,5.887970730789596985e+01,3.300325764124129257e+00
1.650665066506650902e+01,5.888090876000507734e+01,3.299963989515183549e+00
1.651165116511651121e+01,5.888211053449565213e+01,3.299602350617786506e+00
1.651665166516651695e+01,5.888331252922166215e+01,3.299240847963609280e+00
1.652165216521652269e+01,5.888451464294543314e+01,3.298879482078924674e+00
1.652665266526652843e+01,5.888571677533769133e+01,3.298518253484602702e+00
1.653165316531653417e+01,5.888691882697753499e+01,3.298157162696113254e+00
1.653665366536653636e+01,5.888812069935246996e+01,3.297796210223525648e+00
1.654165416541654210e+01,5.888932229485836700e+01,3.297435396571507304e+00
1.654665466546654784e+01,5.889052351679949737e+01,3.297074722239325517e+00
1.655165516551655358e+01,5.889172426938851146e+01,3.296714187720846567e+00
1.655665566556655577e+01,5.889292445774643880e+01,3.296353793504536167e+00
1.656165616561656151e+01,5.889412398790272363e+01,3.295993540073458572e+00
1.656665666566656725e+01,5.889532276679515377e+01,3.295633427905277468e+00
1.657165716571657299e+01,5.889652070226993885e+01,3.295273457472255085e+00
1.657665766576657873e+01,5.889771770308165344e+01,3.294913629241253972e+00
1.658165816581658092e+01,5.889891367889327256e+01,3.294553943673735219e+00
1.658665866586658666e+01,5.890010854027615039e+01,3.294194401225758462e+00
1.659165916591659240e+01,5.890130219871002026e+01,3.293835002347982766e+00
1.659665966596659814e+01,5.890249456658301597e+01,3.293475747485667071e+00
1.660166016601660388e+01,5.890368555719164334e+01,3.293116637078668862e+00
1.660666066606660607e+01,5.890487508474080869e+01,3.292757671561444610e+00
1.661166116611661181e+01,5.890606306434379746e+01,3.292398851363049772e+00
1.661666166616661755e+01,5.890724941202227427e+01,3.292040176907139237e+00
1.662166216621662329e+01,5.890843404470630418e+01,3.291681648611967326e+00
1.662666266626662903e+01,5.890961688023431719e+01,3.291323266890386456e+00
1.663166316631663122e+01,5.891079783735315800e+01,3.290965032149850256e+00
1.663666366636663696e+01,5.891197683571802912e+01,3.290606944792408672e+00
1.664166416641664270e+01,5.891315379589254064e+01,3.290249005214712419e+00
1.664666466646664844e+01,5.891432863934868180e+01,3.289891213808011194e+00
1.665166516651665418e+01,5.891550128846681389e+01,3.289533570958154129e+00
1.665666566656665637e+01,5.891667166653571286e+01,3.289176077045588897e+00
1.666166616661666211e+01,5.891783969775251251e+01,3.288818732445362159e+00
1.666666666666666785e+01,5.891900530722274709e+01,3.288461537527120004e+00
1.667166716671667359e+01,5.892016842096033713e+01,3.288104492655107958e+00
1.667666766676667578e+01,5.892132896588758229e+01,3.287747598188170084e+00
1.668166816681668152e+01,5.892248686983518269e+01,3.287390854479749880e+00
1.668666866686668726e+01,5.892364206154220341e+01,3.287034261877889829e+00
1.669166916691669300e+01,5.892479447065611708e+01,3.286677820725231847e+00
1.669666966696669874e+01,5.892594402773276130e+01,3.286321531359016390e+00
1.670167016701670093e+01,5.892709066423638120e+01,3.285965394111083793e+00
1.670667066706670667e+01,5.892823431253958688e+01,3.285609409307872930e+00
1.671167116711671241e+01,5.892937490592339600e+01,3.285253577270421665e+00
1.671667166716671815e+01,5.893051237857719826e+01,3.284897898314367737e+00
1.672167216721672389e+01,5.893164666559876252e+01,3.284542372749946981e+00
1.672667266726672608e+01,5.893277770299427232e+01,3.284187000881995999e+00
1.673167316731673182e+01,5.893390542767826190e+01,3.283831783009948602e+00
1.673667366736673756e+01,5.893502977747367311e+01,3.283476719427838919e+00
1.674167416741674330e+01,5.893615069111183402e+01,3.283121810424299625e+00
1.674667466746674904e+01,5.893726810823245899e+01,3.282767056282562823e+00
1.675167516751675123e+01,5.893838196938362728e+01,3.282412457280460050e+00
1.675667566756675697e+01,5.893949221602182575e+01,3.282058013690420939e+00
1.676167616761676271e+01,5.894059879051193462e+01,3.281703725779475000e+00
1.676667666766676845e+01,5.894170163612719193e+01,3.281349593809251175e+00
1.677167716771677419e+01,5.894280069704925040e+01,3.280995618035976946e+00
1.677667766776677638e+01,5.894389591836812770e+01,3.280641798710479229e+00
1.678167816781678212e+01,5.894498724608223483e+01,3.280288136078183481e+00
1.678667866786678786e+01,5.894607462709837620e+01,3.279934630379114591e+00
1.679167916791679360e+01,5.894715800923173532e+01,3.279581281847897323e+00
1.679667966796679579e+01,5.894823734120587488e+01,3.279228090713754540e+00
1.680168016801680153e+01,5.894931257265276514e+01,3.278875057200508980e+00
1.680668066806680727e+01,5.895038365411273418e+01,3.278522181526581480e+00
1.681168116811681301e+01,5.895145053703451765e+01,3.278169463904993197e+00
1.681668166816681875e+01,5.895251317377523037e+01,3.277816904543363830e+00
1.682168216821682094e+01,5.895357151760037340e+01,3.277464503643912064e+00
1.682668266826682668e+01,5.895462552268382694e+01,3.277112261403456017e+00
1.683168316831683242e+01,5.895567514410787879e+01,3.276760178013412794e+00
1.683668366836683816e+01,5.895672033786317456e+01,3.276408253659798486e+00
1.684168416841684390e+01,5.895776106084876034e+01,3.276056488523228172e+00
1.684668466846684609e+01,5.895879727087207556e+01,3.275704882778917248e+00
1.685168516851685183e+01,5.895982892664893171e+01,3.275353436596678769e+00
1.685668566856685757e+01,5.896085598780353365e+01,3.275002150140925217e+00
1.686168616861686331e+01,5.896187841486847248e+01,3.274651023570668507e+00
1.686668666866686905e+01,5.896289616928471844e+01,3.274300057039519984e+00
1.687168716871687124e+01,5.896390921340164226e+01,3.273949250695689539e+00
1.687668766876687698e+01,5.896491751047697960e+01,3.273598604681986490e+00
1.688168816881688272e+01,5.896592102467687369e+01,3.273248119135818701e+00
1.688668866886688846e+01,5.896691972107584689e+01,3.272897794189193910e+00
1.689168916891689420e+01,5.896791356565680076e+01,3.272547629968718841e+00
1.689668966896689639e+01,5.896890252531102306e+01,3.272197626595599651e+00
1.690169016901690213e+01,5.896988656783819494e+01,3.271847784185640151e+00
1.690669066906690787e+01,5.897086566194638380e+01,3.271498102849244471e+00
1.691169116911691361e+01,5.897183977725204329e+01,3.271148582691416173e+00
1.691669166916691580e+01,5.897280888427999912e+01,3.270799223811757361e+00
1.692169216921692154e+01,5.897377295446348455e+01,3.270450026304469127e+00
1.692669266926692728e+01,5.897473196014410490e+01,3.270100990258351992e+00
1.693169316931693302e+01,5.897568587457185174e+01,3.269752115756805466e+00
1.693669366936693876e+01,5.897663467190511000e+01,3.269403402877828047e+00
1.694169416941694095e+01,5.897757832721064375e+01,3.269054851694018105e+00
1.694669466946694669e+01,5.897851681646361044e+01,3.268706462272572111e+00
1.695169516951695243e+01,5.897945011654754666e+01,3.268358234675285967e+00
1.695669566956695817e+01,5.898037820525437525e+01,3.268010168958555006e+00
1.696169616961696391e+01,5.898130106128441241e+01,3.267662265173373992e+00
1.696669666966696610e+01,5.898221866424634641e+01,3.267314523365335788e+00
1.697169716971697184e+01,5.898313099465727305e+01,3.266966943574633131e+00
1.697669766976697758e+01,5.898403803394266021e+01,3.266619525836057303e+00
1.698169816981698332e+01,5.898493976443635489e+01,3.266272270178999459e+00
1.698669866986698906e+01,5.898583616938060459e+01,3.265925176627449300e+00
1.699169916991699125e+01,5.898672723292603592e+01,3.265578245199996399e+00
1.699669966996699699e+01,5.898761294013166889e+01,3.265231475909828429e+00
1.700170017001700273e+01,5.898849327696489553e+01,3.264884868764732495e+00
1.700670067006700847e+01,5.898936823030150833e+01,3.264538423767095132e+00
1.701170117011701421e+01,5.899023778792567185e+01,3.264192140913901863e+00
1.701670167016701640e+01,5.899110193852995110e+01,3.263846020196737641e+00
1.702170217021702214e+01,5.899196067171529023e+01,3.263500061601785962e+00
1.702670267026702788e+01,5.899281397799101967e+01,3.263154265109829311e+00
1.703170317031703362e+01,5.899366184877484898e+01,3.262808630696250489e+00
1.703670367036703581e+01,5.899450427639289529e+01,3.262463158331029955e+00
1.704170417041704155e+01,5.899534125407963359e+01,3.262117847978748042e+00
1.704670467046704729e+01,5.899617277597794640e+01,3.261772699598584513e+00
1.705170517051705303e+01,5.899699883713909543e+01,3.261427713144317675e+00
1.705670567056705877e+01,5.899781943352272151e+01,3.261082888564324822e+00
1.706170617061706096e+01,5.899863456199685885e+01,3.260738225801583123e+00
1.706670667066706670e+01,5.899944422033793501e+01,3.260393724793668291e+00
1.707170717071707244e+01,5.900024840723074959e+01,3.260049385472755024e+00
1.707670767076707818e+01,5.900104712226848847e+01,3.259705207765617452e+00
1.708170817081708392e+01,5.900184036595274506e+01,3.259361191593629581e+00
1.708670867086708611e+01,5.900262813969347064e+01,3.259017336872763071e+00
1.709170917091709185e+01,5.900341044580900984e+01,3.258673643513589013e+00
1.709670967096709759e+01,5.900418728752611486e+01,3.258330111421278819e+00
1.710171017101710333e+01,5.900495866897990282e+01,3.257986740495601996e+00
1.710671067106710908e+01,5.900572459521387003e+01,3.257643530630927042e+00
1.711171117111711126e+01,5.900648507217992034e+01,3.257300481716222329e+00
1.711671167116711700e+01,5.900724010673833675e+01,3.256957593635054327e+00
1.712171217121712274e+01,5.900798970665778143e+01,3.256614866265589825e+00
1.712671267126712848e+01,5.900873388061530989e+01,3.256272299480594157e+00
1.713171317131713423e+01,5.900947263819634969e+01,3.255929893147431198e+00
1.713671367136713641e+01,5.901020598989474308e+01,3.255587647128065143e+00
1.714171417141714215e+01,5.901093394711268303e+01,3.255245561279058286e+00
1.714671467146714789e+01,5.901165652216078428e+01,3.254903635451572352e+00
1.715171517151715364e+01,5.901237372825801231e+01,3.254561869491368942e+00
1.715671567156715582e+01,5.901308557953174727e+01,3.254220263238807309e+00
1.716171617161716156e+01,5.901379209101774137e+01,3.253878816528847473e+00
1.716671667166716730e+01,5.901449327866014016e+01,3.253537529191046662e+00
1.717171717171717304e+01,5.901518915931146125e+01,3.253196401049562869e+00
1.717671767176717879e+01,5.901587975073262271e+01,3.252855431923153073e+00
1.718171817181718097e+01,5.901656507159292886e+01,3.252514621625172353e+00
1.718671867186718671e+01,5.901724514147005607e+01,3.252173969963575662e+00
1.719171917191719245e+01,5.901791998085008828e+01,3.251833476740916495e+00
1.719671967196719820e+01,5.901858961112746726e+01,3.251493141754348670e+00
1.720172017201720394e+01,5.901925405460505658e+01,3.251152964795624101e+00
1.720672067206720612e+01,5.901991333449406341e+01,3.250812945651094132e+00
1.721172117211721186e+01,5.902056747491412381e+01,3.250473084101708210e+00
1.721672167216721760e+01,5.902121650089323168e+01,3.250133379923016985e+00
1.722172217221722335e+01,5.902186043836777429e+01,3.249793832885168765e+00
1.722672267226722909e+01,5.902249931418252515e+01,3.249454442752911287e+00
1.723172317231723127e+01,5.902313315609064404e+01,3.249115209285591721e+00
1.723672367236723701e+01,5.902376199275368407e+01,3.248776132237155778e+00
1.724172417241724276e+01,5.902438585374157753e+01,3.248437211356148158e+00
1.724672467246724850e+01,5.902500476953263586e+01,3.248098446385713878e+00
1.725172517251725424e+01,5.902561877151356384e+01,3.247759837063595612e+00
1.725672567256725642e+01,5.902622789197945963e+01,3.247421383122136795e+00
1.726172617261726216e+01,5.902683216413380052e+01,3.247083084288278521e+00
1.726672667266726791e+01,5.902743162208844296e+01,3.246744940283561309e+00
1.727172717271727365e+01,5.902802630086363678e+01,3.246406950824125115e+00
1.727672767276727583e+01,5.902861623638801802e+01,3.246069115620709322e+00
1.728172817281728157e+01,5.902920146549860902e+01,3.245731434378651414e+00
1.728672867286728732e+01,5.902978202594082546e+01,3.245393906797889194e+00
1.729172917291729306e+01,5.903035795636844085e+01,3.245056532572959007e+00
1.729672967296729880e+01,5.903092929634365760e+01,3.244719311392995742e+00
1.730173017301730098e+01,5.903149608633702172e+01,3.244382242941735051e+00
1.730673067306730672e+01,5.903205836772750104e+01,3.244045326897509351e+00
1.731173117311731247e+01,5.903261618280242828e+01,3.243708562933252715e+00
1.731673167316731821e+01,5.903316957475751536e+01,3.243371950716495977e+00
1.732173217321732395e+01,5.903371858769688885e+01,3.243035489909370739e+00
1.732673267326732613e+01,5.903426326663304025e+01,3.242699180168608031e+00
1.733173317331733188e+01,5.903480365748684733e+01,3.242363021145535651e+00
1.733673367336733762e+01,5.903533980708758122e+01,3.242027012486083049e+00
1.734173417341734336e+01,5.903587176317289931e+01,3.241691153830777772e+00
1.734673467346734910e+01,5.903639957438883812e+01,3.241355444814746356e+00
1.735173517351735128e+01,5.903692329028982755e+01,3.241019885067714323e+00
1.735673567356735703e+01,5.903744296133867664e+01,3.240684474214007071e+00
1.736173617361736277e+01,5.903795863890658069e+01,3.240349211872548540e+00
1.736673667366736851e+01,5.903847037527313546e+01,3.240014097656861658e+00
1.737173717371737425e+01,5.903897822362630876e+01,3.239679131175068783e+00
1.737673767376737644e+01,5.903948223806245466e+01,3.239344312029892148e+00
1.738173817381738218e+01,5.903998247358631346e+01,3.239009639818651198e+00
1.738673867386738792e+01,5.904047898611101886e+01,3.238675114133266142e+00
1.739173917391739366e+01,5.904097183245808367e+01,3.238340734560255729e+00
1.739673967396739585e+01,5.904146107035741409e+01,3.238006500680738586e+00
1.740174017401740159e+01,5.904194675844729545e+01,3.237672412070430106e+00
1.740674067406740733e+01,5.904242895627439935e+01,3.237338468299647776e+00
1.741174117411741307e+01,5.904290772429378364e+01,3.237004668933306295e+00
1.741674167416741881e+01,5.904338312386889953e+01,3.236671013530920682e+00
1.742174217421742100e+01,5.904385521727157737e+01,3.236337501646604053e+00
1.742674267426742674e+01,5.904432406768204089e+01,3.236004132829068958e+00
1.743174317431743248e+01,5.904478973918887874e+01,3.235670906621627374e+00
1.743674367436743822e+01,5.904525229678909426e+01,3.235337822562189825e+00
1.744174417441744396e+01,5.904571180638806283e+01,3.235004880183267151e+00
1.744674467446744615e+01,5.904616833479953897e+01,3.234672079011967849e+00
1.745174517451745189e+01,5.904662194974567768e+01,3.234339418570000291e+00
1.745674567456745763e+01,5.904707271985701311e+01,3.234006898373671834e+00
1.746174617461746337e+01,5.904752071467246566e+01,3.233674517933889270e+00
1.746674667466746911e+01,5.904796600463934197e+01,3.233342276756157929e+00
1.747174717471747130e+01,5.904840866111332787e+01,3.233010174340583021e+00
1.747674767476747704e+01,5.904884875635851671e+01,3.232678210181867851e+00
1.748174817481748278e+01,5.904928636354735971e+01,3.232346383769315601e+00
1.748674867486748852e+01,5.904972155676071566e+01,3.232014694586828440e+00
1.749174917491749426e+01,5.905015441098782247e+01,3.231683142112907525e+00
1.749674967496749645e+01,5.905058500212629724e+01,3.231351725820653886e+00
1.750175017501750219e+01,5.905101340698215751e+01,3.231020445177765765e+00
1.750675067506750793e+01,5.905143970326979286e+01,3.230689299646543056e+00
1.751175117511751367e+01,5.905186396961198625e+01,3.230358288683882417e+00
1.751675167516751586e+01,5.905228628553990688e+01,3.230027411741281718e+00
1.752175217521752160e+01,5.905270673149310312e+01,3.229696668264836035e+00
1.752675267526752734e+01,5.905312538881952378e+01,3.229366057695240766e+00
1.753175317531753308e+01,5.905354233977548262e+01,3.229035579467790296e+00
1.753675367536753882e+01,5.905395766752570808e+01,3.228705233012377995e+00
1.754175417541754101e+01,5.905437145614328642e+01,3.228375017753496223e+00
1.754675467546754675e+01,5.905478379060970440e+01,3.228044933110236769e+00
1.755175517551755249e+01,5.905519475681483499e+01,3.227714978496289966e+00
1.755675567556755823e+01,5.905560444155693034e+01,3.227385153319946021e+00
1.756175617561756397e+01,5.905601293254262885e+01,3.227055456984093240e+00
1.756675667566756616e+01,5.905642031838697648e+01,3.226725888886220694e+00
1.757175717571757190e+01,5.905682668861336992e+01,3.226396448418415108e+00
1.757675767576757764e+01,5.905723213365362056e+01,3.226067134967362193e+00
1.758175817581758338e+01,5.905763674484791181e+01,3.225737947914348425e+00
1.758675867586758912e+01,5.905804061444481334e+01,3.225408886635257932e+00
1.759175917591759131e+01,5.905844383560128819e+01,3.225079950500574277e+00
1.759675967596759705e+01,5.905884650238268563e+01,3.224751138875380452e+00
1.760176017601760279e+01,5.905924870976272700e+01,3.224422451119358435e+00
1.760676067606760853e+01,5.905965055362354121e+01,3.224093886586788749e+00
1.761176117611761427e+01,5.906005213075562210e+01,3.223765444626552235e+00
1.761676167616761646e+01,5.906045353885785687e+01,3.223437124582128277e+00
1.762176217621762220e+01,5.906085487653753319e+01,3.223108925791594803e+00
1.762676267626762794e+01,5.906125624331030366e+01,3.222780847587629616e+00
1.763176317631763368e+01,5.906165773960022136e+01,3.222452889297509060e+00
1.763676367636763587e+01,5.906205946673971852e+01,3.222125050243109801e+00
1.764176417641764161e+01,5.906246152696960650e+01,3.221797329740905269e+00
1.764676467646764735e+01,5.906286402343911135e+01,3.221469727101970992e+00
1.765176517651765309e+01,5.906326706020580275e+01,3.221142241631979264e+00
1.765676567656765883e+01,5.906367074223567215e+01,3.220814872631202697e+00
1.766176617661766102e+01,5.906407517540308305e+01,3.220487619394512890e+00
1.766676667666766676e+01,5.906448046649078520e+01,3.220160481211379544e+00
1.767176717671767250e+01,5.906488672318991462e+01,3.219833457365873119e+00
1.767676767676767824e+01,5.906529405409999356e+01,3.219506547136662178e+00
1.768176817681768398e+01,5.906570256872892344e+01,3.219179749797014267e+00
1.768676867686768617e+01,5.906611237749301324e+01,3.218853064614796811e+00
1.769176917691769191e+01,5.906652359171693689e+01,3.218526490852476218e+00
1.769676967696769765e+01,5.906693632363376167e+01,3.218200027767117000e+00
1.770177017701770339e+01,5.906735068638493402e+01,3.217873674610383539e+00
1.770677067706770913e+01,5.906776679402030794e+01,3.217547430628540095e+00
1.771177117711771132e+01,5.906818476149809527e+01,3.217221295062449027e+00
1.771677167716771706e+01,5.906860470468491542e+01,3.216895267147571680e+00
1.772177217721772280e+01,5.906902674035575984e+01,3.216569346113969274e+00
1.772677267726772854e+01,5.906945098619402046e+01,3.216243531186301574e+00
1.773177317731773428e+01,5.906987756079146124e+01,3.215917821583827774e+00
1.773677367736773647e+01,5.907030658364823239e+01,3.215592216520406943e+00
1.774177417741774221e+01,5.907073817517289172e+01,3.215266715204494918e+00
1.774677467746774795e+01,5.907117245668234773e+01,3.214941316839148744e+00
1.775177517751775369e+01,5.907160955040193073e+01,3.214616020622024894e+00
1.775677567756775588e+01,5.907204957946533597e+01,3.214290825745377056e+00
1.776177617761776162e+01,5.907249266791464493e+01,3.213965731396059233e+00
1.776677667766776736e+01,5.907293894070033247e+01,3.213640736755524863e+00
1.777177717771777310e+01,5.907338852368125970e+01,3.213315840999825923e+00
1.777677767776777884e+01,5.907384154362466688e+01,3.212991043299612937e+00
1.778177817781778103e+01,5.907429812820618764e+01,3.212666342820137633e+00
1.778677867786778677e+01,5.907475840600983474e+01,3.212341738721248063e+00
1.779177917791779251e+01,5.907522250652802143e+01,3.212017230157393044e+00
1.779677967796779825e+01,5.907569056016151876e+01,3.211692816277620821e+00
1.780178017801780399e+01,5.907616269821951960e+01,3.211368496225578184e+00
1.780678067806780618e+01,5.907663905291958173e+01,3.211044269139511353e+00
1.781178117811781192e+01,5.907711975738764210e+01,3.210720134152264205e+00
1.781678167816781766e+01,5.907760494565803810e+01,3.210396090391281820e+00
1.782178217821782340e+01,5.907809475267350052e+01,3.210072136978607382e+00
1.782678267826782914e+01,5.907858931428511795e+01,3.209748273030883503e+00
1.783178317831783133e+01,5.907908876725238656e+01,3.209424497659351339e+00
1.783678367836783707e+01,5.907959324924319588e+01,3.209100809969851920e+00
1.784178417841784281e+01,5.908010289883379329e+01,3.208777209062824820e+00
1.784678467846784855e+01,5.908061785550884082e+01,3.208453694033309045e+00
1.785178517851785429e+01,5.908113825966136545e+01,3.208130263970942586e+00
1.785678567856785648e+01,5.908166425259279464e+01,3.207806917959963311e+00
1.786178617861786222e+01,5.908219597651293498e+01,3.207483655079206297e+00
1.786678667866786796e+01,5.908273357453998642e+01,3.207160474402107386e+00
1.787178717871787370e+01,5.908327719070051387e+01,3.206837374996701406e+00
1.787678767876787589e+01,5.908382696992949690e+01,3.206514355925622173e+00
1.788178817881788163e+01,5.908438305807028712e+01,3.206191416246102044e+00
1.788678867886788737e+01,5.908494560187462241e+01,3.205868555009973253e+00
1.789178917891789311e+01,5.908551474900261979e+01,3.205545771263666133e+00
1.789678967896789885e+01,5.908609064802279676e+01,3.205223064048211778e+00
1.790179017901790104e+01,5.908667344841204994e+01,3.204900432399238941e+00
1.790679067906790678e+01,5.908726330055566223e+01,3.204577875346976246e+00
1.791179117911791252e+01,5.908786035574729567e+01,3.204255391916250861e+00
1.791679167916791826e+01,5.908846476618901988e+01,3.203932981126489388e+00
1.792179217921792400e+01,5.908907668499126231e+01,3.203610641991717856e+00
1.792679267926792619e+01,5.908969626617285797e+01,3.203288373520561727e+00
1.793179317931793193e+01,5.909032366466101394e+01,3.202966174716243675e+00
1.793679367936793767e+01,5.909095903629133772e+01,3.202644044576588023e+00
1.794179417941794341e+01,5.909160253780781602e+01,3.202321982094016306e+00
1.794679467946794915e+01,5.909225432686280755e+01,3.201999986255549935e+00
1.795179517951795134e+01,5.909291456201707859e+01,3.201678056042810194e+00
1.795679567956795708e+01,5.909358340273977461e+01,3.201356190432015580e+00
1.796179617961796282e+01,5.909426100940842019e+01,3.201034388393985353e+00
1.796679667966796856e+01,5.909494754330893329e+01,3.200712648894137757e+00
1.797179717971797430e+01,5.909564316663561812e+01,3.200390970892489140e+00
1.797679767976797649e+01,5.909634804249116513e+01,3.200069353343656164e+00
1.798179817981798223e+01,5.909706233488664395e+01,3.199747795196853151e+00
1.798679867986798797e+01,5.909778620874151756e+01,3.199426295395895625e+00
1.799179917991799371e+01,5.909851982988362806e+01,3.199104852879195882e+00
1.799679967996799945e+01,5.909926336504921096e+01,3.198783466579767421e+00
1.800180018001800164e+01,5.910001698188288799e+01,3.198462135425221842e+00
1.800680068006800738e+01,5.910078084893766004e+01,3.198140858337769732e+00
1.801180118011801312e+01,5.910155513567492136e+01,3.197819634234221109e+00
1.801680168016801886e+01,5.910234001246444535e+01,3.197498462025984978e+00
1.802180218021802105e+01,5.910313565058439877e+01,3.197177340619069774e+00
1.802680268026802679e+01,5.910394222222132043e+01,3.196856268914082477e+00
1.803180318031803253e+01,5.910475990047016381e+01,3.196535245806229941e+00
1.803680368036803827e+01,5.910558885933423312e+01,3.196214270185317119e+00
1.804180418041804401e+01,5.910642927372524724e+01,3.195893340935749283e+00
1.804680468046804620e+01,5.910728102241154858e+01,3.195572458942423477e+00
1.805180518051805194e+01,5.910814036240450520e+01,3.195251649464653010e+00
1.805680568056805768e+01,5.910900601245845820e+01,3.194930920963683807e+00
1.806180618061806342e+01,5.910987784033033421e+01,3.194610274122229310e+00
1.806680668066806916e+01,5.911075571452869326e+01,3.194289709618801432e+00
1.807180718071807135e+01,5.911163950431376435e+01,3.193969228127707449e+00
1.807680768076807709e+01,5.911252907969743831e+01,3.193648830319051335e+00
1.808180818081808283e+01,5.911342431144322518e+01,3.193328516858735089e+00
1.808680868086808857e+01,5.911432507106630396e+01,3.193008288408456519e+00
1.809180918091809431e+01,5.911523123083350839e+01,3.192688145625711904e+00
1.809680968096809650e+01,5.911614266376331983e+01,3.192368089163792444e+00
1.810181018101810224e+01,5.911705924362586018e+01,3.192048119671787365e+00
1.810681068106810798e+01,5.911798084494291317e+01,3.191728237794582146e+00
1.811181118111811372e+01,5.911890734298791017e+01,3.191408444172859848e+00
1.811681168116811946e+01,5.911983861378593019e+01,3.191088739443099787e+00
1.812181218121812165e+01,5.912077453411370698e+01,3.190769124237578414e+00
1.812681268126812739e+01,5.912171498149961479e+01,3.190449599184369323e+00
1.813181318131813313e+01,5.912265983422370397e+01,3.190130164907342358e+00
1.813681368136813887e+01,5.912360897131764403e+01,3.189810822026164505e+00
1.814181418141814106e+01,5.912456227256477348e+01,3.189491571156299887e+00
1.814681468146814680e+01,5.912551961850007842e+01,3.189172412909008880e+00
1.815181518151815254e+01,5.912648089041019261e+01,3.188853347891349443e+00
1.815681568156815828e+01,5.912744597033340455e+01,3.188534376706176232e+00
1.816181618161816402e+01,5.912841474105965744e+01,3.188215499952140597e+00
1.816681668166816621e+01,5.912938708613052796e+01,3.187896718223690584e+00
1.817181718171817195e+01,5.913036288983925459e+01,3.187578032111071380e+00
1.817681768176817769e+01,5.913134203723073767e+01,3.187259442200324866e+00
1.818181818181818343e+01,5.913232441410151097e+01,3.186940949073290064e+00
1.818681868186818917e+01,5.913330990699977008e+01,3.186622553307602246e+00
1.819181918191819136e+01,5.913429840322534403e+01,3.186304255476695158e+00
1.819681968196819710e+01,5.913528979082973080e+01,3.185986056149797019e+00
1.820182018201820284e+01,5.913628395861607601e+01,3.185667955891934966e+00
1.820682068206820858e+01,5.913728079613917288e+01,3.185349955263931498e+00
1.821182118211821432e+01,5.913828019370545519e+01,3.185032054822407144e+00
1.821682168216821651e+01,5.913928204237303277e+01,3.184714255119779569e+00
1.822182218221822225e+01,5.914028623395163464e+01,3.184396556704261361e+00
1.822682268226822799e+01,5.914129266100267301e+01,3.184078960119863577e+00
1.823182318231823373e+01,5.914230121683917929e+01,3.183761465906393973e+00
1.823682368236823947e+01,5.914331179552586093e+01,3.183444074599456997e+00
1.824182418241824166e+01,5.914432429187905882e+01,3.183126786730454238e+00
1.824682468246824740e+01,5.914533860146678279e+01,3.182809602826583095e+00
1.825182518251825314e+01,5.914635462060866899e+01,3.182492523410838992e+00
1.825682568256825888e+01,5.914737224637601543e+01,3.182175549002014048e+00
1.826182618261826107e+01,5.914839137659178192e+01,3.181858680114697080e+00
1.826682668266826681e+01,5.914941190983056885e+01,3.181541917259273156e+00
1.827182718271827255e+01,5.915043374541862420e+01,3.181225260941925370e+00
1.827682768276827829e+01,5.915145678343385072e+01,3.180908711664633071e+00
1.828182818281828403e+01,5.915248092470580588e+01,3.180592269925172300e+00
1.828682868286828622e+01,5.915350607081568768e+01,3.180275936217116239e+00
1.829182918291829196e+01,5.915453212409634887e+01,3.179959711029835212e+00
1.829682968296829770e+01,5.915555898763229692e+01,3.179643594848495347e+00
1.830183018301830344e+01,5.915658656525969405e+01,3.179327588154061246e+00
1.830683068306830918e+01,5.915761476156633591e+01,3.179011691423292874e+00
1.831183118311831137e+01,5.915864348189168709e+01,3.178695905128748223e+00
1.831683168316831711e+01,5.915967263232685269e+01,3.178380229738781537e+00
1.832183218321832285e+01,5.916070211971459258e+01,3.178064665717543757e+00
1.832683268326832859e+01,5.916173185164930715e+01,3.177749213524982963e+00
1.833183318331833433e+01,5.916276173647706571e+01,3.177433873616844373e+00
1.833683368336833652e+01,5.916379168329557814e+01,3.177118646444669903e+00
1.834183418341834226e+01,5.916482160195419482e+01,3.176803532455798162e+00
1.834683468346834800e+01,5.916585140305394219e+01,3.176488532093364459e+00
1.835183518351835374e+01,5.916688099794747302e+01,3.176173645796301681e+00
1.835683568356835949e+01,5.916791029873910190e+01,3.175858873999338972e+00
1.836183618361836167e+01,5.916893921828479108e+01,3.175544217133002611e+00
1.836683668366836741e+01,5.916996767019215753e+01,3.175229675623615133e+00
1.837183718371837315e+01,5.917099556882046585e+01,3.174915249893297098e+00
1.837683768376837889e+01,5.917202282928062829e+01,3.174600940359964873e+00
1.838183818381838108e+01,5.917304936743521893e+01,3.174286747437332412e+00
1.838683868386838682e+01,5.917407509989844527e+01,3.173972671534910361e+00
1.839183918391839256e+01,5.917509994403617668e+01,3.173658713058005620e+00
1.839683968396839830e+01,5.917612381796593013e+01,3.173344872407723116e+00
1.840184018401840405e+01,5.917714664055688445e+01,3.173031149980963583e+00
1.840684068406840623e+01,5.917816833142985189e+01,3.172717546170424896e+00
1.841184118411841197e+01,5.917918881095729944e+01,3.172404061364602512e+00
1.841684168416841771e+01,5.918020800026334882e+01,3.172090695947787697e+00
1.842184218421842345e+01,5.918122582122377651e+01,3.171777450300069301e+00
1.842684268426842920e+01,5.918224219646599948e+01,3.171464324797332424e+00
1.843184318431843138e+01,5.918325704936908949e+01,3.171151319811260194e+00
1.843684368436843712e+01,5.918427030406378009e+01,3.170838435709331549e+00
1.844184418441844286e+01,5.918528188543243829e+01,3.170525672854822119e+00
1.844684468446844861e+01,5.918629171910907871e+01,3.170213031606805121e+00
1.845184518451845435e+01,5.918729973147939916e+01,3.169900512320150909e+00
1.845684568456845653e+01,5.918830584968070241e+01,3.169588115345526091e+00
1.846184618461846227e+01,5.918931000160198153e+01,3.169275841029393526e+00
1.846684668466846801e+01,5.919031211588385588e+01,3.168963689714014542e+00
1.847184718471847376e+01,5.919131212191860669e+01,3.168651661737445391e+00
1.847684768476847950e+01,5.919230994985016281e+01,3.168339757433541681e+00
1.848184818481848168e+01,5.919330553057410071e+01,3.168027977131953499e+00
1.848684868486848742e+01,5.919429879573765874e+01,3.167716321158129400e+00
1.849184918491849317e+01,5.919528967773970152e+01,3.167404789833313306e+00
1.849684968496849891e+01,5.919627810973076976e+01,3.167093383474548052e+00
1.850185018501850109e+01,5.919726402561305179e+01,3.166782102394671394e+00
1.850685068506850683e+01,5.919824736004036936e+01,3.166470946902318673e+00
1.851185118511851257e+01,5.919922804841820607e+01,3.166159917301922810e+00
1.851685168516851832e+01,5.920020602690370737e+01,3.165849013893712538e+00
1.852185218521852406e+01,5.920118123240564501e+01,3.165538236973714170e+00
1.852685268526852624e+01,5.920215360258445969e+01,3.165227586833750273e+00
1.853185318531853198e+01,5.920312307585223977e+01,3.164917063761440552e+00
1.853685368536853773e+01,5.920408959137271410e+01,3.164606668040202297e+00
1.854185418541854347e+01,5.920505308906128050e+01,3.164296399949248162e+00
1.854685468546854921e+01,5.920601350958496312e+01,3.163986259763589270e+00
1.855185518551855139e+01,5.920697079436246213e+01,3.163676247754033000e+00
1.855685568556855713e+01,5.920792488556411826e+01,3.163366364187182533e+00
1.856185618561856288e+01,5.920887572611190564e+01,3.163056609325439528e+00
1.856685668566856862e+01,5.920982325967948157e+01,3.162746983427001890e+00
1.857185718571857436e+01,5.921076743069212966e+01,3.162437486745863779e+00
1.857685768576857654e+01,5.921170818432679539e+01,3.162128119531817827e+00
1.858185818581858229e+01,5.921264546651206473e+01,3.161818882030451583e+00
1.858685868586858803e+01,5.921357922392818551e+01,3.161509774483150625e+00
1.859185918591859377e+01,5.921450940400704610e+01,3.161200797127097228e+00
1.859685968596859951e+01,5.921543595493220380e+01,3.160891950195270361e+00
1.860186018601860169e+01,5.921635882563883513e+01,3.160583233916446577e+00
1.860686068606860744e+01,5.921727796581379977e+01,3.160274648515198237e+00
1.861186118611861318e+01,5.921819332589559792e+01,3.159966194211894841e+00
1.861686168616861892e+01,5.921910485707435612e+01,3.159657871222703029e+00
1.862186218621862110e+01,5.922001251129189114e+01,3.159349679759587026e+00
1.862686268626862685e+01,5.922091624124164611e+01,3.159041620030305975e+00
1.863186318631863259e+01,5.922181600036871885e+01,3.158733692238417934e+00
1.863686368636863833e+01,5.922271174286986195e+01,3.158425896583276327e+00
1.864186418641864407e+01,5.922360342369346853e+01,3.158118233260032159e+00
1.864686468646864625e+01,5.922449099853959353e+01,3.157810702459634022e+00
1.865186518651865200e+01,5.922537442385993955e+01,3.157503304368825425e+00
1.865686568656865774e+01,5.922625365685786392e+01,3.157196039170148794e+00
1.866186618661866348e+01,5.922712865548835737e+01,3.156888907041941916e+00
1.866686668666866922e+01,5.922799937845807960e+01,3.156581908158340610e+00
1.867186718671867141e+01,5.922886578522534506e+01,3.156275042689276944e+00
1.867686768676867715e+01,5.922972783600008739e+01,3.155968310800479237e+00
1.868186818681868289e+01,5.923058549174393050e+01,3.155661712653473838e+00
1.868686868686868863e+01,5.923143871417012463e+01,3.155355248405583790e+00
1.869186918691869437e+01,5.923228746574357473e+01,3.155048918209928388e+00
1.869686968696869656e+01,5.923313170968084052e+01,3.154742722215424511e+00
1.870187018701870230e+01,5.923397140995012933e+01,3.154436660566784401e+00
1.870687068706870804e+01,5.923480653127130324e+01,3.154130733404519660e+00
1.871187118711871378e+01,5.923563703911586487e+01,3.153824940864936810e+00
1.871687168716871952e+01,5.923646289970697865e+01,3.153519283080139513e+00
1.872187218721872171e+01,5.923728408001945667e+01,3.153213760178029013e+00
1.872687268726872745e+01,5.923810054777975864e+01,3.152908372282303251e+00
1.873187318731873319e+01,5.923891227146599903e+01,3.152603119512455976e+00
1.873687368736873893e+01,5.923971922030793280e+01,3.152298001983779407e+00
1.874187418741874112e+01,5.924052136428698390e+01,3.151993019807362018e+00
1.874687468746874686e+01,5.924131867413621677e+01,3.151688173090088085e+00
1.875187518751875260e+01,5.924211112134033641e+01,3.151383461934640362e+00
1.875687568756875834e+01,5.924289867813570964e+01,3.151078886439497850e+00
1.876187618761876408e+01,5.924368131751035804e+01,3.150774446698935805e+00
1.876687668766876627e+01,5.924445901320395080e+01,3.150470142803027507e+00
1.877187718771877201e+01,5.924523173970779766e+01,3.150165974837642047e+00
1.877687768776877775e+01,5.924599947226487018e+01,3.149861942884445654e+00
1.878187818781878349e+01,5.924676218686978757e+01,3.149558047020902585e+00
1.878687868786878923e+01,5.924751986026882378e+01,3.149254287320272017e+00
1.879187918791879142e+01,5.924827246995988617e+01,3.148950663851611598e+00
1.879687968796879716e+01,5.924901999419255816e+01,3.148647176679774784e+00
1.880188018801880290e+01,5.924976241196805660e+01,3.148343825865412171e+00
1.880688068806880864e+01,5.925049970303925306e+01,3.148040611464972383e+00
1.881188118811881438e+01,5.925123184791066677e+01,3.147737533530698961e+00
1.881688168816881657e+01,5.925195882783847878e+01,3.147434592110633478e+00
1.882188218821882231e+01,5.925268062483050358e+01,3.147131787248614643e+00
1.882688268826882805e+01,5.925339722164622458e+01,3.146829118984276974e+00
1.883188318831883379e+01,5.925410860179676575e+01,3.146526587353053017e+00
1.883688368836883953e+01,5.925481474954489869e+01,3.146224192386171126e+00
1.884188418841884172e+01,5.925551564990505682e+01,3.145921934110657681e+00
1.884688468846884746e+01,5.925621128864330700e+01,3.145619812549334426e+00
1.885188518851885320e+01,5.925690165227738504e+01,3.145317827720821136e+00
1.885688568856885894e+01,5.925758672807666727e+01,3.145015979639534276e+00
1.886188618861886113e+01,5.925826650406218477e+01,3.144714268315687455e+00
1.886688668866886687e+01,5.925894096900661623e+01,3.144412693755290089e+00
1.887188718871887261e+01,5.925961011243429510e+01,3.144111255960149176e+00
1.887688768876887835e+01,5.926027392462119536e+01,3.143809954927869299e+00
1.888188818881888409e+01,5.926093239659495282e+01,3.143508790651849960e+00
1.888688868886888628e+01,5.926158552013485803e+01,3.143207763121290022e+00
1.889188918891889202e+01,5.926223328777182786e+01,3.142906872321182821e+00
1.889688968896889776e+01,5.926287569278846235e+01,3.142606118232320167e+00
1.890189018901890350e+01,5.926351272921898072e+01,3.142305500831290122e+00
1.890689068906890924e+01,5.926414439184928540e+01,3.142005020090477441e+00
1.891189118911891143e+01,5.926477067621689798e+01,3.141704675978064909e+00
1.891689168916891717e+01,5.926539157861100904e+01,3.141404468458030230e+00
1.892189218921892291e+01,5.926600709607245676e+01,3.141104397490150024e+00
1.892689268926892865e+01,5.926661722639373409e+01,3.140804463029995830e+00
1.893189318931893439e+01,5.926722196811896737e+01,3.140504665028938103e+00
1.893689368936893658e+01,5.926782132054395902e+01,3.140205003434142217e+00
1.894189418941894232e+01,5.926841528371613776e+01,3.139905478188572019e+00
1.894689468946894806e+01,5.926900385843460128e+01,3.139606089230986719e+00
1.895189518951895380e+01,5.926958704625008778e+01,3.139306836495943998e+00
1.895689568956895954e+01,5.927016484946499020e+01,3.139007719913796901e+00
1.896189618961896173e+01,5.927073727113334911e+01,3.138708739410696502e+00
1.896689668966896747e+01,5.927130431506085984e+01,3.138409894908590125e+00
1.897189718971897321e+01,5.927186598580486532e+01,3.138111186325222235e+00
1.897689768976897895e+01,5.927242228867435614e+01,3.137812613574133991e+00
1.898189818981898114e+01,5.927297322972998472e+01,3.137514176564663249e+00
1.898689868986898688e+01,5.927351881578404402e+01,3.137215875201945448e+00
1.899189918991899262e+01,5.927405905440048173e+01,3.136917709386911834e+00
1.899689968996899836e+01,5.927459395389488606e+01,3.136619679016291684e+00
1.900190019001900410e+01,5.927512352333451418e+01,3.136321783982610079e+00
1.900690069006900629e+01,5.927564777253826378e+01,3.136024024174190128e+00
1.901190119011901203e+01,5.927616671207668020e+01,3.135726399475150306e+00
1.901690169016901777e+01,5.927668035327196350e+01,3.135428909765407113e+00
1.902190219021902351e+01,5.927718870819796848e+01,3.135131554920674191e+00
1.902690269026902925e+01,5.927769178968018338e+01,3.134834334812460543e+00
1.903190319031903144e+01,5.927818961129577957e+01,3.134537249308074092e+00
1.903690369036903718e+01,5.927868218737354766e+01,3.134240298270617231e+00
1.904190419041904292e+01,5.927916953299393299e+01,3.133943481558991273e+00
1.904690469046904866e+01,5.927965166398905694e+01,3.133646799027893337e+00
1.905190519051905440e+01,5.928012859694266012e+01,3.133350250527817682e+00
1.905690569056905659e+01,5.928060034919015919e+01,3.133053835905055706e+00
1.906190619061906233e+01,5.928106693881859712e+01,3.132757555001695504e+00
1.906690669066906807e+01,5.928152838466668584e+01,3.132461407655621421e+00
1.907190719071907381e+01,5.928198470632478490e+01,3.132165393700515832e+00
1.907690769076907955e+01,5.928243592413489438e+01,3.131869512965856917e+00
1.908190819081908174e+01,5.928288205919068332e+01,3.131573765276920440e+00
1.908690869086908748e+01,5.928332313333745418e+01,3.131278150454778419e+00
1.909190919091909322e+01,5.928375916917216415e+01,3.130982668316300899e+00
1.909690969096909896e+01,5.928419019004342516e+01,3.130687318674152841e+00
1.910191019101910115e+01,5.928461622005150389e+01,3.130392101336798127e+00
1.910691069106910689e+01,5.928503728404830042e+01,3.130097016108496000e+00
1.911191119111911263e+01,5.928545340763739091e+01,3.129802062789303729e+00
1.911691169116911837e+01,5.928586461717397782e+01,3.129507241175074839e+00
1.912191219121912411e+01,5.928627093976492546e+01,3.129212551057459102e+00
1.912691269126912630e+01,5.928667240326875287e+01,3.128917992223904765e+00
1.913191319131913204e+01,5.928706903629561964e+01,3.128623564457655437e+00
1.913691369136913778e+01,5.928746086820734718e+01,3.128329267537752312e+00
1.914191419141914352e+01,5.928784792911739743e+01,3.128035101239033278e+00
1.914691469146914926e+01,5.928823024989088708e+01,3.127741065332133363e+00
1.915191519151915145e+01,5.928860786214458045e+01,3.127447159583484293e+00
1.915691569156915719e+01,5.928898079824690370e+01,3.127153383755314486e+00
1.916191619161916293e+01,5.928934909131792352e+01,3.126859737605649059e+00
1.916691669166916867e+01,5.928971277522935424e+01,3.126566220888310710e+00
1.917191719171917441e+01,5.929007188460456490e+01,3.126272833352918390e+00
1.917691769176917660e+01,5.929042645481858642e+01,3.125979574744888190e+00
1.918191819181918234e+01,5.929077652199808313e+01,3.125686444805432895e+00
1.918691869186918808e+01,5.929112212302137408e+01,3.125393443271562877e+00
1.919191919191919382e+01,5.929146329551844019e+01,3.125100569876083867e+00
1.919691969196919956e+01,5.929180007787090290e+01,3.124807824347600071e+00
1.920192019201920175e+01,5.929213250921203127e+01,3.124515206410511503e+00
1.920692069206920749e+01,5.929246062942674911e+01,3.124222715785015758e+00
1.921192119211921323e+01,5.929278447915163497e+01,3.123930352187106685e+00
1.921692169216921897e+01,5.929310409977491503e+01,3.123638115328574827e+00
1.922192219221922116e+01,5.929341953343647020e+01,3.123346004917009200e+00
1.922692269226922690e+01,5.929373082302782194e+01,3.123054020655793739e+00
1.923192319231923264e+01,5.929403801219214643e+01,3.122762162244109962e+00
1.923692369236923838e+01,5.929434114532428168e+01,3.122470429376936973e+00
1.924192419241924412e+01,5.929464026757069917e+01,3.122178821745049238e+00
1.924692469246924631e+01,5.929493542482952506e+01,3.121887339035020137e+00
1.925192519251925205e+01,5.929522666375054740e+01,3.121595980929217529e+00
1.925692569256925779e+01,5.929551403173519475e+01,3.121304747105807742e+00
1.926192619261926353e+01,5.929579757693655750e+01,3.121013637238754246e+00
1.926692669266926927e+01,5.929607734825935239e+01,3.120722650997815872e+00
1.927192719271927146e+01,5.929635339535997218e+01,3.120431788048550370e+00
1.927692769276927720e+01,5.929662576864645018e+01,3.120141048052309518e+00
1.928192819281928294e+01,5.929689451927846733e+01,3.119850430666244900e+00
1.928692869286928868e+01,5.929715969916736640e+01,3.119559935543303020e+00
1.929192919291929442e+01,5.929742136097612359e+01,3.119269562332228407e+00
1.929692969296929661e+01,5.929767955811937696e+01,3.118979310677561845e+00
1.930193019301930235e+01,5.929793434476342640e+01,3.118689180219641255e+00
1.930693069306930809e+01,5.929818577582619099e+01,3.118399170594600367e+00
1.931193119311931383e+01,5.929843390697727301e+01,3.118109281434371827e+00
1.931693169316931957e+01,5.929867879463790814e+01,3.117819512366683643e+00
1.932193219321932176e+01,5.929892049598097969e+01,3.117529863015061409e+00
1.932693269326932750e+01,5.929915906893103994e+01,3.117240332998826524e+00
1.933193319331933324e+01,5.929939457216426746e+01,3.116950921933098417e+00
1.933693369336933898e+01,5.929962706510850978e+01,3.116661629428792768e+00
1.934193419341934117e+01,5.929985660794326208e+01,3.116372455092622840e+00
1.934693469346934691e+01,5.930008326159966714e+01,3.116083398527097703e+00
1.935193519351935265e+01,5.930030708776051540e+01,3.115794459330524013e+00
1.935693569356935839e+01,5.930052814886025203e+01,3.115505637097005120e+00
1.936193619361936413e+01,5.930074650808496983e+01,3.115216931416441515e+00
1.936693669366936632e+01,5.930096222937241635e+01,3.114928341874530382e+00
1.937193719371937206e+01,5.930117537741199385e+01,3.114639868052764715e+00
1.937693769376937780e+01,5.930138601764473805e+01,3.114351509528436424e+00
1.938193819381938354e+01,5.930159421626335359e+01,3.114063265874632780e+00
1.938693869386938928e+01,5.930180004021219276e+01,3.113775136660238196e+00
1.939193919391939147e+01,5.930200355718724836e+01,3.113487121449934669e+00
1.939693969396939721e+01,5.930220483563616796e+01,3.113199219804200002e+00
1.940194019401940295e+01,5.930240394475825383e+01,3.112911431279309582e+00
1.940694069406940869e+01,5.930260095450446300e+01,3.112623755427335492e+00
1.941194119411941443e+01,5.930279593557739304e+01,3.112336191796146512e+00
1.941694169416941662e+01,5.930298895943129622e+01,3.112048739929409003e+00
1.942194219421942236e+01,5.930318009827207248e+01,3.111761399366584691e+00
1.942694269426942810e+01,5.930336942505727649e+01,3.111474169642933774e+00
1.943194319431943384e+01,5.930355701349611763e+01,3.111187050289512701e+00
1.943694369436943958e+01,5.930374293804944585e+01,3.110900040833174618e+00
1.944194419441944177e+01,5.930392727392976582e+01,3.110613140796569365e+00
1.944694469446944751e+01,5.930411009710123693e+01,3.110326349698144366e+00
1.945194519451945325e+01,5.930429148427966624e+01,3.110039667052143297e+00
1.945694569456945899e+01,5.930447151293250840e+01,3.109753092368606975e+00
1.946194619461946118e+01,5.930465026127887995e+01,3.109466625153373354e+00
1.946694669466946692e+01,5.930482780828952372e+01,3.109180264908076641e+00
1.947194719471947266e+01,5.930500423368686569e+01,3.108894011130147739e+00
1.947694769476947840e+01,5.930517961794495818e+01,3.108607863312815578e+00
1.948194819481948414e+01,5.930535404228950824e+01,3.108321820945105340e+00
1.948694869486948633e+01,5.930552758869788477e+01,3.108035883511838460e+00
1.949194919491949207e+01,5.930570033989909717e+01,3.107750050493634397e+00
1.949694969496949781e+01,5.930587237937380962e+01,3.107464321366907978e+00
1.950195019501950355e+01,5.930604379135433391e+01,3.107178695603872942e+00
1.950695069506950929e+01,5.930621466082463655e+01,3.106893172672537951e+00
1.951195119511951148e+01,5.930638507352032462e+01,3.106607752036709691e+00
1.951695169516951722e+01,5.930655511592867413e+01,3.106322433155991103e+00
1.952195219521952296e+01,5.930672487528859449e+01,3.106037215485782266e+00
1.952695269526952870e+01,5.930689443959065699e+01,3.105752098477280398e+00
1.953195319531953444e+01,5.930706389757707342e+01,3.105467081577478972e+00
1.953695369536953663e+01,5.930723333874171743e+01,3.105182164229169484e+00
1.954195419541954237e+01,5.930740285333010320e+01,3.104897345870938352e+00
1.954695469546954811e+01,5.930757253233939963e+01,3.104612625937170467e+00
1.955195519551955385e+01,5.930774246751843748e+01,3.104328003858047413e+00
1.955695569556955959e+01,5.930791275136767382e+01,3.104043479059547028e+00
1.956195619561956178e+01,5.930808347713923467e+01,3.103759050963445176e+00
1.956695669566956752e+01,5.930825473883688659e+01,3.103474718987312198e+00
1.957195719571957326e+01,5.930842663121606506e+01,3.103190482544518236e+00
1.957695769576957900e+01,5.930859924978383901e+01,3.102906341044227911e+00
1.958195819581958119e+01,5.930877269079892500e+01,3.102622293891404759e+00
1.958695869586958693e+01,5.930894705127170852e+01,3.102338340486807677e+00
1.959195919591959267e+01,5.930912242896420850e+01,3.102054480226992705e+00
1.959695969596959841e+01,5.930929892239009860e+01,3.101770712504313021e+00
1.960196019601960415e+01,5.930947663081470722e+01,3.101487036706918943e+00
1.960696069606960634e+01,5.930965565425501751e+01,3.101203452218757484e+00
1.961196119611961208e+01,5.930983609347965313e+01,3.100919958419571909e+00
1.961696169616961782e+01,5.931001805000888538e+01,3.100636554684902624e+00
1.962196219621962356e+01,5.931020162611465452e+01,3.100353240386088061e+00
1.962696269626962930e+01,5.931038692482054131e+01,3.100070014890261572e+00
1.963196319631963149e+01,5.931057404990176707e+01,3.099786877560354981e+00
1.963696369636963723e+01,5.931076310588521494e+01,3.099503827755096363e+00
1.964196419641964297e+01,5.931095419804942281e+01,3.099220864829010491e+00
1.964696469646964871e+01,5.931114743242456910e+01,3.098937988132418830e+00
1.965196519651965446e+01,5.931134291579248696e+01,3.098655197011440876e+00
1.965696569656965664e+01,5.931154075568665718e+01,3.098372490807991930e+00
1.966196619661966238e+01,5.931174106039222238e+01,3.098089868859783991e+00
1.966696669666966812e+01,5.931194393894596573e+01,3.097807330500326639e+00
1.967196719671967386e+01,5.931214950113631801e+01,3.097524875058926153e+00
1.967696769676967961e+01,5.931235785750337186e+01,3.097242501860685504e+00
1.968196819681968179e+01,5.931256911933885334e+01,3.096960210226505250e+00
1.968696869686968753e+01,5.931278339868616456e+01,3.096677999473080867e+00
1.969196919691969327e+01,5.931300080834033395e+01,3.096395868912907190e+00
1.969696969696969902e+01,5.931322146184805177e+01,3.096113817854273975e+00
1.970197019701970120e+01,5.931344547350766305e+01,3.095831845601269006e+00
1.970697069706970694e+01,5.931367295836916043e+01,3.095549951453776760e+00
1.971197119711971268e+01,5.931390403223416996e+01,3.095268134707477525e+00
1.971697169716971842e+01,5.931413881165600088e+01,3.094986394653850503e+00
1.972197219721972417e+01,5.931437741393958873e+01,3.094704730580169372e+00
1.972697269726972635e+01,5.931461995714151669e+01,3.094423141769507168e+00
1.973197319731973209e+01,5.931486656007004399e+01,3.094141627500731406e+00
1.973697369736973783e+01,5.931511734228506327e+01,3.093860187048508070e+00
1.974197419741974358e+01,5.931537242409810773e+01,3.093578819683299841e+00
1.974697469746974932e+01,5.931563192657237948e+01,3.093297524671365206e+00
1.975197519751975150e+01,5.931589597152272830e+01,3.093016301274760682e+00
1.975697569756975724e+01,5.931616468151565158e+01,3.092735148751339480e+00
1.976197619761976298e+01,5.931643817986929434e+01,3.092454066354751063e+00
1.976697669766976873e+01,5.931671659065344926e+01,3.092173053334442034e+00
1.977197719771977447e+01,5.931700003868957083e+01,3.091892108935656136e+00
1.977697769776977665e+01,5.931728864955076119e+01,3.091611232399434250e+00
1.978197819781978239e+01,5.931758254956177012e+01,3.091330422962613511e+00
1.978697869786978814e+01,5.931788186579899502e+01,3.091049679857827304e+00
1.979197919791979388e+01,5.931818672609048804e+01,3.090769002313507929e+00
1.979697969796979962e+01,5.931849725901594894e+01,3.090488389553882609e+00
1.980198019801980180e+01,5.931881359390673936e+01,3.090207840798976147e+00
1.980698069806980754e+01,5.931913586084585432e+01,3.089927355264610487e+00
1.981198119811981329e+01,5.931946419066795073e+01,3.089646932162403825e+00
1.981698169816981903e+01,5.931979871495933310e+01,3.089366570699771941e+00
1.982198219821982121e+01,5.932013956605796068e+01,3.089086270079927310e+00
1.982698269826982695e+01,5.932048687705344037e+01,3.088806029501878214e+00
1.983198319831983270e+01,5.932084078178701958e+01,3.088525848160431408e+00
1.983698369836983844e+01,5.932120141485162179e+01,3.088245725246189899e+00
1.984198419841984418e+01,5.932156891159178258e+01,3.087965659945552943e+00
1.984698469846984636e+01,5.932194340810373490e+01,3.087685651440717383e+00
1.985198519851985210e+01,5.932232504123531669e+01,3.087405698909676754e+00
1.985698569856985785e+01,5.932271394858605618e+01,3.087125801526221736e+00
1.986198619861986359e+01,5.932311026850710078e+01,3.086845958459938810e+00
1.986698669866986933e+01,5.932351414010127399e+01,3.086566168876212934e+00
1.987198719871987151e+01,5.932392570322302561e+01,3.086286431936224428e+00
1.987698769876987726e+01,5.932434509847848148e+01,3.086006746796951639e+00
1.988198819881988300e+01,5.932477246722539377e+01,3.085727112611169165e+00
1.988698869886988874e+01,5.932520795157317650e+01,3.085447528527448302e+00
1.989198919891989448e+01,5.932565169438290553e+01,3.085167993690157928e+00
1.989698969896989666e+01,5.932610383926729014e+01,3.084888507239463618e+00
1.990199019901990241e+01,5.932656453059069435e+01,3.084609068311326752e+00
1.990699069906990815e+01,5.932703391346912980e+01,3.084329676037506740e+00
1.991199119911991389e+01,5.932751213377027710e+01,3.084050329545559688e+00
1.991699169916991963e+01,5.932799933811345028e+01,3.083771027958838840e+00
1.992199219921992182e+01,5.932849567386961098e+01,3.083491770396493248e+00
1.992699269926992756e+01,5.932900128916138272e+01,3.083212555973469549e+00
1.993199319931993330e+01,5.932951633286303661e+01,3.082933383800511074e+00
1.993699369936993904e+01,5.933004095460049143e+01,3.082654252984158294e+00
1.994199419941994122e+01,5.933057530475132069e+01,3.082375162626748821e+00
1.994699469946994697e+01,5.933111953444474551e+01,3.082096111826416074e+00
1.995199519951995271e+01,5.933167379556164178e+01,3.081817099677091498e+00
1.995699569956995845e+01,5.933223824073452590e+01,3.081538125268502348e+00
1.996199619961996419e+01,5.933281302334757612e+01,3.081259187686173462e+00
1.996699669966996638e+01,5.933339829753661832e+01,3.080980286011426372e+00
1.997199719971997212e+01,5.933399421818912600e+01,3.080701419321379753e+00
1.997699769976997786e+01,5.933460094094422033e+01,3.080422586688948083e+00
1.998199819981998360e+01,5.933521862219269138e+01,3.080143787182844317e+00
1.998699869986998934e+01,5.933584741907694848e+01,3.079865019867577214e+00
1.999199919991999153e+01,5.933648748949108409e+01,3.079586283803452673e+00
1.999699969996999727e+01,5.933713899208082410e+01,3.079307578046573735e+00
2.000200020002000301e+01,5.933780208624354202e+01,3.079028901648839245e+00
2.000700070007000875e+01,5.933847693212826613e+01,3.078750253657945635e+00
2.001200120012001449e+01,5.933916369063568652e+01,3.078471633117387363e+00
2.001700170017001668e+01,5.933986252341812673e+01,3.078193039066454251e+00
2.002200220022002242e+01,5.934057359287957922e+01,3.077914470540232372e+00
2.002700270027002816e+01,5.934129706217566280e+01,3.077635926569607161e+00
2.003200320032003390e+01,5.934203309521366521e+01,3.077357406181258526e+00
2.003700370037003964e+01,5.934278185665252892e+01,3.077078908397664403e+00
2.004200420042004183e+01,5.934354351190282273e+01,3.076800432237099425e+00
2.004700470047004757e+01,5.934431822712679860e+01,3.076521976713634920e+00
2.005200520052005331e+01,5.934510616923832771e+01,3.076243540837139356e+00
2.005700570057005905e+01,5.934590750590295727e+01,3.075965123613277896e+00
2.006200620062006124e+01,5.934672240553786793e+01,3.075686724043512843e+00
2.006700670067006698e+01,5.934755103731190218e+01,3.075408341125102307e+00
2.007200720072007272e+01,5.934839357114554304e+01,3.075129973851102871e+00
2.007700770077007846e+01,5.934924950020992895e+01,3.074851625819735368e+00
2.008200820082008420e+01,5.935011575495654768e+01,3.074573317860241239e+00
2.008700870087008639e+01,5.935099176393568854e+01,3.074295053529374488e+00
2.009200920092009213e+01,5.935187732516889270e+01,3.074016833856651587e+00
2.009700970097009787e+01,5.935277223783141665e+01,3.073738659865441925e+00
2.010201020102010361e+01,5.935367630225218250e+01,3.073460532572966919e+00
2.010701070107010935e+01,5.935458931991381348e+01,3.073182452990300462e+00
2.011201120112011154e+01,5.935551109345263399e+01,3.072904422122368917e+00
2.011701170117011728e+01,5.935644142665866951e+01,3.072626440967949790e+00
2.012201220122012302e+01,5.935738012447561829e+01,3.072348510519673503e+00
2.012701270127012876e+01,5.935832699300088677e+01,3.072070631764023396e+00
2.013201320132013450e+01,5.935928183948557546e+01,3.071792805681333949e+00
2.013701370137013669e+01,5.936024447233447887e+01,3.071515033245792559e+00
2.014201420142014243e+01,5.936121470110607845e+01,3.071237315425439096e+00
2.014701470147014817e+01,5.936219233651254967e+01,3.070959653182164573e+00
2.015201520152015391e+01,5.936317719041978336e+01,3.070682047471713805e+00
2.015701570157015965e+01,5.936416907584733593e+01,3.070404499243682306e+00
2.016201620162016184e+01,5.936516780696847206e+01,3.070127009441519395e+00
2.016701670167016758e+01,5.936617319911015045e+01,3.069849579002525086e+00
2.017201720172017332e+01,5.936718506875302381e+01,3.069572208857852313e+00
2.017701770177017906e+01,5.936820323353143181e+01,3.069294899932506926e+00
2.018201820182018125e+01,5.936922751223342232e+01,3.069017653145346358e+00
2.018701870187018699e+01,5.937025772480072305e+01,3.068740469409080074e+00
2.019201920192019273e+01,5.937129369232876286e+01,3.068463349630270010e+00
2.019701970197019847e+01,5.937233523706666460e+01,3.068186294709331019e+00
2.020202020202020421e+01,5.937338218241725230e+01,3.067909305540529097e+00
2.020702070207020640e+01,5.937443435293701555e+01,3.067632383011983155e+00
2.021202120212021214e+01,5.937549157433618063e+01,3.067355528005664134e+00
2.021702170217021788e+01,5.937655367347863233e+01,3.067078741397395447e+00
2.022202220222022362e+01,5.937762047838197788e+01,3.066802024056852538e+00
2.022702270227022936e+01,5.937869181821748299e+01,3.066525376847563322e+00
2.023202320232023155e+01,5.937976752331014296e+01,3.066248800626908189e+00
2.023702370237023729e+01,5.938084742513863290e+01,3.065972296246118667e+00
2.024202420242024303e+01,5.938193135633532194e+01,3.065695864550279648e+00
2.024702470247024877e+01,5.938301915068627324e+01,3.065419506378328052e+00
2.025202520252025451e+01,5.938411064313123688e+01,3.065143222563052383e+00
2.025702570257025670e+01,5.938520566976367121e+01,3.064867013931094952e+00
2.026202620262026244e+01,5.938630406783072146e+01,3.064590881302948766e+00
2.026702670267026818e+01,5.938740567573322693e+01,3.064314825492959304e+00
2.027202720272027392e+01,5.938851033302572802e+01,3.064038847309325408e+00
2.027702770277027966e+01,5.938961788041644496e+01,3.063762947554096616e+00
2.028202820282028185e+01,5.939072815976729913e+01,3.063487127023175827e+00
2.028702870287028759e+01,5.939184101409392014e+01,3.063211386506317968e+00
2.029202920292029333e+01,5.939295628756560319e+01,3.062935726787129997e+00
2.029702970297029907e+01,5.939407382550535885e+01,3.062660148643070901e+00
2.030203020302030126e+01,5.939519347438989172e+01,3.062384652845453026e+00
2.030703070307030700e+01,5.939631508184958619e+01,3.062109240159439860e+00
2.031203120312031274e+01,5.939743849666854203e+01,3.061833911344047365e+00
2.031703170317031848e+01,5.939856356878452459e+01,3.061558667152143531e+00
2.032203220322032422e+01,5.939969014928902169e+01,3.061283508330449710e+00
2.032703270327032641e+01,5.940081809042720096e+01,3.061008435619538393e+00
2.033203320332033215e+01,5.940194724559792405e+01,3.060733449753834545e+00
2.033703370337033789e+01,5.940307746935375377e+01,3.060458551461616050e+00
2.034203420342034363e+01,5.940420861740093272e+01,3.060183741465011487e+00
2.034703470347034937e+01,5.940534054659941887e+01,3.059909020480003683e+00
2.035203520352035156e+01,5.940647311496284289e+01,3.059634389216426609e+00
2.035703570357035730e+01,5.940760618165855078e+01,3.059359848377966262e+00
2.036203620362036304e+01,5.940873960700756129e+01,3.059085398662161115e+00
2.036703670367036878e+01,5.940987325248460138e+01,3.058811040760402555e+00
2.037203720372037452e+01,5.941100698071809205e+01,3.058536775357933113e+00
2.037703770377037671e+01,5.941214065549013412e+01,3.058262603133849122e+00
2.038203820382038245e+01,5.941327414173654375e+01,3.057988524761097615e+00
2.038703870387038819e+01,5.941440730554681693e+01,3.057714540906478096e+00
2.039203920392039393e+01,5.941554001416414366e+01,3.057440652230642986e+00
2.039703970397039967e+01,5.941667213598542219e+01,3.057166859388097180e+00
2.040204020402040186e+01,5.941780354056122349e+01,3.056893163027196714e+00
2.040704070407040760e+01,5.941893409859582675e+01,3.056619563790150540e+00
2.041204120412041334e+01,5.942006368194720523e+01,3.056346062313020084e+00
2.041704170417041908e+01,5.942119216362702616e+01,3.056072659225718358e+00
2.042204220422042127e+01,5.942231941780063664e+01,3.055799355152011287e+00
2.042704270427042701e+01,5.942344531978709909e+01,3.055526150709516831e+00
2.043204320432043275e+01,5.942456974605916287e+01,3.055253046509704973e+00
2.043704370437043849e+01,5.942569257424326423e+01,3.054980043157897729e+00
2.044204420442044423e+01,5.942681368311954060e+01,3.054707141253270475e+00
2.044704470447044642e+01,5.942793295262181630e+01,3.054434341388850171e+00
2.045204520452045216e+01,5.942905026383761680e+01,3.054161644151515365e+00
2.045704570457045790e+01,5.943016549900816869e+01,3.053889050121997961e+00
2.046204620462046364e+01,5.943127854152837131e+01,3.053616559874881009e+00
2.046704670467046938e+01,5.943238927594683929e+01,3.053344173978601361e+00
2.047204720472047157e+01,5.943349758796586713e+01,3.053071892995446568e+00
2.047704770477047731e+01,5.943460336444145753e+01,3.052799717481556652e+00
2.048204820482048305e+01,5.943570649338328593e+01,3.052527647986925441e+00
2.048704870487048879e+01,5.943680686395475021e+01,3.052255685055397016e+00
2.049204920492049453e+01,5.943790436647291386e+01,3.051983829224668376e+00
2.049704970497049672e+01,5.943899889240855572e+01,3.051712081026289880e+00
2.050205020502050246e+01,5.944009033438613443e+01,3.051440440985662583e+00
2.050705070507050820e+01,5.944117858618381689e+01,3.051168909622040903e+00
2.051205120512051394e+01,5.944226354273345692e+01,3.050897487448529954e+00
2.051705170517051968e+01,5.944334510012058814e+01,3.050626174972089544e+00
2.052205220522052187e+01,5.944442315558446666e+01,3.050354972693529731e+00
2.052705270527052761e+01,5.944549760751802836e+01,3.050083881107513051e+00
2.053205320532053335e+01,5.944656835546789608e+01,3.049812900702555396e+00
2.053705370537053909e+01,5.944763530013439379e+01,3.049542031961024247e+00
2.054205420542054483e+01,5.944869834337154657e+01,3.049271275359138667e+00
2.054705470547054702e+01,5.944975738818705935e+01,3.049000631366971525e+00
2.055205520552055276e+01,5.945081233874234528e+01,3.048730100448445945e+00
2.055705570557055850e+01,5.945186310035250443e+01,3.048459683061339298e+00
2.056205620562056424e+01,5.945290957948632382e+01,3.048189379657280096e+00
2.056705670567056643e+01,5.945395168376629869e+01,3.047919190681749324e+00
2.057205720572057217e+01,5.945498932196861119e+01,3.047649116574079997e+00
2.057705770577057791e+01,5.945602240402314465e+01,3.047379157767457603e+00
2.058205820582058365e+01,5.945705084101346216e+01,3.047109314688920101e+00
2.058705870587058939e+01,5.945807454517682800e+01,3.046839587759357038e+00
2.059205920592059158e+01,5.945909342990420754e+01,3.046569977393511319e+00
2.059705970597059732e+01,5.946010740974025310e+01,3.046300483999976993e+00
2.060206020602060306e+01,5.946111640038331814e+01,3.046031107981201025e+00
2.060706070607060880e+01,5.946212031868543590e+01,3.045761849733482407e+00
2.061206120612061454e+01,5.946311908265234791e+01,3.045492709646972163e+00
2.061706170617061673e+01,5.946411261144347549e+01,3.045223688105674231e+00
2.062206220622062247e+01,5.946510082537196240e+01,3.044954785487443694e+00
2.062706270627062821e+01,5.946608364590461093e+01,3.044686002163988991e+00
2.063206320632063395e+01,5.946706099566193870e+01,3.044417338500870596e+00
2.063706370637063969e+01,5.946803279841815026e+01,3.044148794857500562e+00
2.064206420642064188e+01,5.946899897910115129e+01,3.043880371587144307e+00
2.064706470647064762e+01,5.946995946379254150e+01,3.043612069036917944e+00
2.065206520652065336e+01,5.947091417972760041e+01,3.043343887547791393e+00
2.065706570657065910e+01,5.947186305529531580e+01,3.043075827454586157e+00
2.066206620662066484e+01,5.947280602003836236e+01,3.042807889085975326e+00
2.066706670667066703e+01,5.947374300465312302e+01,3.042540072764486236e+00
2.067206720672067277e+01,5.947467394098965343e+01,3.042272378806496036e+00
2.067706770677067851e+01,5.947559876205171747e+01,3.042004807522235676e+00
2.068206820682068425e+01,5.947651740199676595e+01,3.041737359215788139e+00
2.068706870687068644e+01,5.947742979613595082e+01,3.041470034185087989e+00
2.069206920692069218e+01,5.947833588093411805e+01,3.041202832721923155e+00
2.069706970697069792e+01,5.947923559400980054e+01,3.040935755111932259e+00
2.070207020702070366e+01,5.948012887413523231e+01,3.040668801634608176e+00
2.070707070707070940e+01,5.948101566123632722e+01,3.040401972563294031e+00
2.071207120712071159e+01,5.948189589639272157e+01,3.040135268165187199e+00
2.071707170717071733e+01,5.948276952183771726e+01,3.039868688701335309e+00
2.072207220722072307e+01,5.948363648095832446e+01,3.039602234426639349e+00
2.072707270727072881e+01,5.948449671829524732e+01,3.039335905589852338e+00
2.073207320732073455e+01,5.948535017954288406e+01,3.039069702433580211e+00
2.073707370737073674e+01,5.948619681154931982e+01,3.038803625194280045e+00
2.074207420742074248e+01,5.948703656231633374e+01,3.038537674102261388e+00
2.074707470747074822e+01,5.948786938099941324e+01,3.038271849381686707e+00
2.075207520752075396e+01,5.948869521790773263e+01,3.038006151250570497e+00
2.075707570757075970e+01,5.948951402450415316e+01,3.037740579920779282e+00
2.076207620762076189e+01,5.949032575340523010e+01,3.037475135598031617e+00
2.076707670767076763e+01,5.949113035838123409e+01,3.037209818481898527e+00
2.077207720772077337e+01,5.949192779435610134e+01,3.036944628765803511e+00
2.077707770777077911e+01,5.949271801740747634e+01,3.036679566637022543e+00
2.078207820782078485e+01,5.949350098476670468e+01,3.036414632276682735e+00
2.078707870787078704e+01,5.949427665481880467e+01,3.036149825859765006e+00
2.079207920792079278e+01,5.949504498710251710e+01,3.035885147555100971e+00
2.079707970797079852e+01,5.949580594231024833e+01,3.035620597525376052e+00
2.080208020802080426e+01,5.949655948228812008e+01,3.035356175927125921e+00
2.080708070807080645e+01,5.949730557003594100e+01,3.035091882910740946e+00
2.081208120812081219e+01,5.949804416970721377e+01,3.034827718620461745e+00
2.081708170817081793e+01,5.949877524660912798e+01,3.034563683194381856e+00
2.082208220822082367e+01,5.949949876720257436e+01,3.034299776764447731e+00
2.082708270827082941e+01,5.950021469910215188e+01,3.034035999456456967e+00
2.083208320832083160e+01,5.950092301107612514e+01,3.033772351390060518e+00
2.083708370837083734e+01,5.950162367304646693e+01,3.033508832678760481e+00
2.084208420842084308e+01,5.950231665608885834e+01,3.033245443429911425e+00
2.084708470847084882e+01,5.950300193243264602e+01,3.032982183744721727e+00
2.085208520852085456e+01,5.950367947546089198e+01,3.032719053718249569e+00
2.085708570857085675e+01,5.950434925971034517e+01,3.032456053439406940e+00
2.086208620862086249e+01,5.950501126087144854e+01,3.032193182990958302e+00
2.086708670867086823e+01,5.950566545578833910e+01,3.031930442449518814e+00
2.087208720872087397e+01,5.950631182245885498e+01,3.031667831885557440e+00
2.087708770877087971e+01,5.950695034003451411e+01,3.031405351363395173e+00
2.088208820882088190e+01,5.950758098882054270e+01,3.031143000941204146e+00
2.088708870887088764e+01,5.950820375027584674e+01,3.030880780671010299e+00
2.089208920892089338e+01,5.950881860701304760e+01,3.030618690598690268e+00
2.089708970897089912e+01,5.950942554279843932e+01,3.030356730763974049e+00
2.090209020902090487e+01,5.951002454255202423e+01,3.030094901200443669e+00
2.090709070907090705e+01,5.951061559234749154e+01,3.029833201935533626e+00
2.091209120912091279e+01,5.951119867941222452e+01,3.029571632990529562e+00
2.091709170917091853e+01,5.951177379212730045e+01,3.029310194380570476e+00
2.092209220922092427e+01,5.951234092002750486e+01,3.029048886114647399e+00
2.092709270927092646e+01,5.951290005380128889e+01,3.028787708195603390e+00
2.093209320932093220e+01,5.951345118529082612e+01,3.028526660620134425e+00
2.093709370937093794e+01,5.951399430749196284e+01,3.028265743378787178e+00
2.094209420942094368e+01,5.951452941455426071e+01,3.028004956455962127e+00
2.094709470947094943e+01,5.951505650178096118e+01,3.027744299829911778e+00
2.095209520952095161e+01,5.951557556562899265e+01,3.027483773472740225e+00
2.095709570957095735e+01,5.951608660370900594e+01,3.027223377350404032e+00
2.096209620962096309e+01,5.951658961478531040e+01,3.026963111422712238e+00
2.096709670967096883e+01,5.951708459877593071e+01,3.026702975643325910e+00
2.097209720972097458e+01,5.951757155675259270e+01,3.026442969959759033e+00
2.097709770977097676e+01,5.951805049094068778e+01,3.026183094313377175e+00
2.098209820982098250e+01,5.951852140471933694e+01,3.025923348639397936e+00
2.098709870987098824e+01,5.951898430262133388e+01,3.025663732866891387e+00
2.099209920992099399e+01,5.951943919033315922e+01,3.025404246918780515e+00
2.099709970997099973e+01,5.951988607469500892e+01,3.025144890711839896e+00
2.100210021002100191e+01,5.952032496370075876e+01,3.024885664156696574e+00
2.100710071007100765e+01,5.952075586649798566e+01,3.024626567157829626e+00
2.101210121012101339e+01,5.952117879338795348e+01,3.024367599613570601e+00
2.101710171017101914e+01,5.952159375582562717e+01,3.024108761416102631e+00
2.102210221022102488e+01,5.952200076641967286e+01,3.023850052451462656e+00
2.102710271027102706e+01,5.952239983893242226e+01,3.023591472599538754e+00
2.103210321032103280e+01,5.952279098827993664e+01,3.023333021734070591e+00
2.103710371037103855e+01,5.952317423053194290e+01,3.023074699722651637e+00
2.104210421042104429e+01,5.952354958291188325e+01,3.022816506426726946e+00
2.104710471047104647e+01,5.952391706379687975e+01,3.022558441701593601e+00
2.105210521052105221e+01,5.952427669271775557e+01,3.022300505396400716e+00
2.105710571057105795e+01,5.952462849035902792e+01,3.022042697354150320e+00
2.106210621062106370e+01,5.952497247855890095e+01,3.021785017411696472e+00
2.106710671067106944e+01,5.952530868030928701e+01,3.021527465399745704e+00
2.107210721072107162e+01,5.952563711975577831e+01,3.021270041142856133e+00
2.107710771077107736e+01,5.952595782219766818e+01,3.021012744459438792e+00
2.108210821082108311e+01,5.952627081408794396e+01,3.020755575161756301e+00
2.108710871087108885e+01,5.952657612303328705e+01,3.020498533055923751e+00
2.109210921092109459e+01,5.952687377779406575e+01,3.020241617941909595e+00
2.109710971097109677e+01,5.952716380828435661e+01,3.019984829613533428e+00
2.110211021102110251e+01,5.952744624557191599e+01,3.019728167858466428e+00
2.110711071107110826e+01,5.952772112187820852e+01,3.019471632458233135e+00
2.111211121112111400e+01,5.952798847057837861e+01,3.019215223188211006e+00
2.111711171117111974e+01,5.952824832620127893e+01,3.018958939817627751e+00
2.112211221122112192e+01,5.952850072442944196e+01,3.018702782109564886e+00
2.112711271127112767e+01,5.952874570209910132e+01,3.018446749820955510e+00
2.113211321132113341e+01,5.952898329720019177e+01,3.018190842702585197e+00
2.113711371137113915e+01,5.952921354887632788e+01,3.017935060499091993e+00
2.114211421142114489e+01,5.952943649742482535e+01,3.017679402948965972e+00
2.114711471147114707e+01,5.952965218429670102e+01,3.017423869784549240e+00
2.115211521152115282e+01,5.952986065209665867e+01,3.017168460732036372e+00
2.115711571157115856e+01,5.953006194458309608e+01,3.016913175511473977e+00
2.116211621162116430e+01,5.953025610666809797e+01,3.016658013836761132e+00
2.116711671167116648e+01,5.953044318441746441e+01,3.016402975415649390e+00
2.117211721172117223e+01,5.953062322505066106e+01,3.016148059949742333e+00
2.117711771177117797e+01,5.953079627694087606e+01,3.015893267134496014e+00
2.118211821182118371e+01,5.953096238961497733e+01,3.015638596659217630e+00
2.118711871187118945e+01,5.953112161375351974e+01,3.015384048207068624e+00
2.119211921192119163e+01,5.953127400119077350e+01,3.015129621455060693e+00
2.119711971197119738e+01,5.953141960491467444e+01,3.014875316074058897e+00
2.120212021202120312e+01,5.953155847906688791e+01,3.014621131728780767e+00
2.120712071207120886e+01,5.953169067894273780e+01,3.014367068077794976e+00
2.121212121212121460e+01,5.953181626099126333e+01,3.014113124773523111e+00
2.121712171217121679e+01,5.953193528281519065e+01,3.013859301462240126e+00
2.122212221222122253e+01,5.953204780317094702e+01,3.013605597784070778e+00
2.122712271227122827e+01,5.953215388196864666e+01,3.013352013372994076e+00
2.123212321232123401e+01,5.953225358027210490e+01,3.013098547856840170e+00
2.123712371237123975e+01,5.953234696029881690e+01,3.012845200857292571e+00
2.124212421242124194e+01,5.953243408541999315e+01,3.012591971989886375e+00
2.124712471247124768e+01,5.953251502016051688e+01,3.012338860864007817e+00
2.125212521252125342e+01,5.953258983019898665e+01,3.012085867082897828e+00
2.125712571257125916e+01,5.953265858236766661e+01,3.011832990243647590e+00
2.126212621262126490e+01,5.953272134465255050e+01,3.011580229937201203e+00
2.126712671267126709e+01,5.953277818619329764e+01,3.011327585748355684e+00
2.127212721272127283e+01,5.953282917728327561e+01,3.011075057255758747e+00
2.127712771277127857e+01,5.953287438936954601e+01,3.010822644031911910e+00
2.128212821282128431e+01,5.953291389505285025e+01,3.010570345643167833e+00
2.128712871287128650e+01,5.953294776808764510e+01,3.010318161649732538e+00
2.129212921292129224e+01,5.953297608338206715e+01,3.010066091605663186e+00
2.129712971297129798e+01,5.953299891699795410e+01,3.009814135058869411e+00
2.130213021302130372e+01,5.953301634615083060e+01,3.009562291551114210e+00
2.130713071307130946e+01,5.953302844920992243e+01,3.009310560618010832e+00
2.131213121312131165e+01,5.953303530569814228e+01,3.009058941789027219e+00
2.131713171317131739e+01,5.953303699629211110e+01,3.008807434587481122e+00
2.132213221322132313e+01,5.953303360282212253e+01,3.008556038530544097e+00
2.132713271327132887e+01,5.953302520827218558e+01,3.008304753129239728e+00
2.133213321332133461e+01,5.953301189677998195e+01,3.008053577888443630e+00
2.133713371337133680e+01,5.953299375363691581e+01,3.007802512306883891e+00
2.134213421342134254e+01,5.953297086528806403e+01,3.007551555877140181e+00
2.134713471347134828e+01,5.953294331933219752e+01,3.007300708085645091e+00
2.135213521352135402e+01,5.953291120452178831e+01,3.007049968412683238e+00
2.135713571357135976e+01,5.953287461076300247e+01,3.006799336332391714e+00
2.136213621362136195e+01,5.953283362911569299e+01,3.006548811312760083e+00
2.136713671367136769e+01,5.953278835179342110e+01,3.006298392815628606e+00
2.137213721372137343e+01,5.953273887216343496e+01,3.006048080296692238e+00
2.137713771377137917e+01,5.953268528474666965e+01,3.005797873205495740e+00
2.138213821382138491e+01,5.953262768521776138e+01,3.005547770985438127e+00
2.138713871387138710e+01,5.953256617040504040e+01,3.005297773073769996e+00
2.139213921392139284e+01,5.953250083829052386e+01,3.005047878901593528e+00
2.139713971397139858e+01,5.953243178800994428e+01,3.004798087893863379e+00
2.140214021402140432e+01,5.953235911985269979e+01,3.004548399469387565e+00
2.140714071407140651e+01,5.953228293526190384e+01,3.004298813040824800e+00
2.141214121412141225e+01,5.953220333683435683e+01,3.004049328014687159e+00
2.141714171417141799e+01,5.953212042832054607e+01,3.003799943791338745e+00
2.142214221422142373e+01,5.953203431462466710e+01,3.003550659764995245e+00
2.142714271427142947e+01,5.953194510180459531e+01,3.003301475323725711e+00
2.143214321432143166e+01,5.953185289707191430e+01,3.003052389849450776e+00
2.143714371437143740e+01,5.953175780879189460e+01,3.002803402717942660e+00
2.144214421442144314e+01,5.953165994648349368e+01,3.002554513298827388e+00
2.144714471447144888e+01,5.953155942081938434e+01,3.002305720955582125e+00
2.145214521452145462e+01,5.953145634362590499e+01,3.002057025045536509e+00
2.145714571457145681e+01,5.953135082788311649e+01,3.001808424919872653e+00
2.146214621462146255e+01,5.953124298772475242e+01,3.001559919923624697e+00
2.146714671467146829e+01,5.953113293843824749e+01,3.001311509395679700e+00
2.147214721472147403e+01,5.953102079646473754e+01,3.001063192668775415e+00
2.147714771477147977e+01,5.953090667939903824e+01,3.000814969069503402e+00
2.148214821482148196e+01,5.953079070598968059e+01,3.000566837918306806e+00
2.148714871487148770e+01,5.953067299613886121e+01,3.000318798529481246e+00
2.149214921492149344e+01,5.953055367090249916e+01,3.000070850211173923e+00
2.149714971497149918e+01,5.953043285249019334e+01,2.999822992265385402e+00
2.150215021502150492e+01,5.953031066426522955e+01,2.999575223987967831e+00
2.150715071507150711e+01,5.953018723074460894e+01,2.999327544668625833e+00
2.151215121512151285e+01,5.953006267759900538e+01,2.999079953590916059e+00
2.151715171517151859e+01,5.952993713165280099e+01,2.998832450032247188e+00
2.152215221522152433e+01,5.952981072088406478e+01,2.998585033263880817e+00
2.152715271527152652e+01,5.952968357442456693e+01,2.998337702550930128e+00
2.153215321532153226e+01,5.952955582255976452e+01,2.998090457152361665e+00
2.153715371537153800e+01,5.952942759672880157e+01,2.997843296320992668e+00
2.154215421542154374e+01,5.952929902952454455e+01,2.997596219303493292e+00
2.154715471547154948e+01,5.952917025469352552e+01,2.997349225340387058e+00
2.155215521552155167e+01,5.952904140713597769e+01,2.997102313666047735e+00
2.155715571557155741e+01,5.952891262290583541e+01,2.996855483508702900e+00
2.156215621562156315e+01,5.952878403921071992e+01,2.996608734090431714e+00
2.156715671567156889e+01,5.952865579441196076e+01,2.996362064627165367e+00
2.157215721572157463e+01,5.952852802802456011e+01,2.996115474328688411e+00
2.157715771577157682e+01,5.952840088071722846e+01,2.995868962398636093e+00
2.158215821582158256e+01,5.952827449431236317e+01,2.995622528034497467e+00
2.158715871587158830e+01,5.952814901178606988e+01,2.995376170427612283e+00
2.159215921592159404e+01,5.952802457726812690e+01,2.995129888763173653e+00
2.159715971597159978e+01,5.952790133604202083e+01,2.994883682220226717e+00
2.160216021602160197e+01,5.952777943454493936e+01,2.994637549971669088e+00
2.160716071607160771e+01,5.952765902036773582e+01,2.994391491184249965e+00
2.161216121612161345e+01,5.952754024225499307e+01,2.994145505018571018e+00
2.161716171617161919e+01,5.952742325010496671e+01,2.993899590629086394e+00
2.162216221622162493e+01,5.952730819496960635e+01,2.993653747164102708e+00
2.162716271627162712e+01,5.952719522905456273e+01,2.993407973765778607e+00
2.163216321632163286e+01,5.952708450571917353e+01,2.993162269570124323e+00
2.163716371637163860e+01,5.952697617947649178e+01,2.992916633707003005e+00
2.164216421642164434e+01,5.952687040599323609e+01,2.992671065300130717e+00
2.164716471647164653e+01,5.952676734208982623e+01,2.992425563467074223e+00
2.165216521652165227e+01,5.952666714574039730e+01,2.992180127319254090e+00
2.165716571657165801e+01,5.952656997607275002e+01,2.991934755961941583e+00
2.166216621662166375e+01,5.952647599336840045e+01,2.991689448494261327e+00
2.166716671667166949e+01,5.952638535906253736e+01,2.991444204009190422e+00
2.167216721672167168e+01,5.952629823574407197e+01,2.991199021593557106e+00
2.167716771677167742e+01,5.952621478715558823e+01,2.990953900328042980e+00
2.168216821682168316e+01,5.952613517819337119e+01,2.990708839287180787e+00
2.168716871687168890e+01,5.952605957490739286e+01,2.990463837539356629e+00
2.169216921692169464e+01,5.952598814450133347e+01,2.990218894146807749e+00
2.169716971697169683e+01,5.952592105533255307e+01,2.989974008165625641e+00
2.170217021702170257e+01,5.952585847691211995e+01,2.989729178645751162e+00
2.170717071707170831e+01,5.952580057990478224e+01,2.989484404630979419e+00
2.171217121712171405e+01,5.952574753612899627e+01,2.989239685158957549e+00
2.171717171717171979e+01,5.952569951855689823e+01,2.988995019261184272e+00
2.172217221722172198e+01,5.952565670131433251e+01,2.988750405963011225e+00
2.172717271727172772e+01,5.952561925968082335e+01,2.988505844283642077e+00
2.173217321732173346e+01,5.952558737008959611e+01,2.988261333236132522e+00
2.173717371737173920e+01,5.952556121012757728e+01,2.988016871827390730e+00
2.174217421742174494e+01,5.952554095853538030e+01,2.987772459058177343e+00
2.174717471747174713e+01,5.952552679520730550e+01,2.987528093923105033e+00
2.175217521752175287e+01,5.952551890119136146e+01,2.987283775410638054e+00
2.175717571757175861e+01,5.952551745868924371e+01,2.987039502503093580e+00
2.176217621762176435e+01,5.952552265105634177e+01,2.986795274176642145e+00
2.176717671767176654e+01,5.952553466280174632e+01,2.986551089401304093e+00
2.177217721772177228e+01,5.952555367958822785e+01,2.986306947140954016e+00
2.177717771777177802e+01,5.952557988823225799e+01,2.986062846353317646e+00
2.178217821782178376e+01,5.952561347670400949e+01,2.985818785989974078e+00
2.178717871787178950e+01,5.952565463412734914e+01,2.985574764996353103e+00
2.179217921792179169e+01,5.952570355077981645e+01,2.985330782311738762e+00
2.179717971797179743e+01,5.952576041809267338e+01,2.985086836869264904e+00
2.180218021802180317e+01,5.952582542865086168e+01,2.984842927595919626e+00
2.180718071807180891e+01,5.952589877619302428e+01,2.984599053412542613e+00
2.181218121812181465e+01,5.952598065561147678e+01,2.984355213233825577e+00
2.181718171817181684e+01,5.952607126295226436e+01,2.984111405968313147e+00
2.182218221822182258e+01,5.952617079541509071e+01,2.983867630518401537e+00
2.182718271827182832e+01,5.952627945135338194e+01,2.983623885780338991e+00
2.183218321832183406e+01,5.952639743027424402e+01,2.983380170644226670e+00
2.183718371837183980e+01,5.952652493283847690e+01,2.983136483994018207e+00
2.184218421842184199e+01,5.952666216086058171e+01,2.982892824707518820e+00
2.184718471847184773e+01,5.952680931730873937e+01,2.982649191656385756e+00
2.185218521852185347e+01,5.952696660630485326e+01,2.982405583706129182e+00
2.185718571857185921e+01,5.952713423312448526e+01,2.982161999716111733e+00
2.186218621862186495e+01,5.952731240419691972e+01,2.981918438539547633e+00
2.186718671867186714e+01,5.952750132710512077e+01,2.981674899023503134e+00
2.187218721872187288e+01,5.952770121058574659e+01,2.981431380008897847e+00
2.187718771877187862e+01,5.952791226452916362e+01,2.981187880330502527e+00
2.188218821882188436e+01,5.952813469997941098e+01,2.980944398816940843e+00
2.188718871887188655e+01,5.952836872913423605e+01,2.980700934290688497e+00
2.189218921892189229e+01,5.952861456534508022e+01,2.980457485568073217e+00
2.189718971897189803e+01,5.952887242311707183e+01,2.980214051459275648e+00
2.190219021902190377e+01,5.952914251810904034e+01,2.979970630768328022e+00
2.190719071907190951e+01,5.952942506713350213e+01,2.979727222293115041e+00
2.191219121912191170e+01,5.952972028815668182e+01,2.979483824825373883e+00
2.191719171917191744e+01,5.953002840029848386e+01,2.979240437150693310e+00
2.192219221922192318e+01,5.953034962383250672e+01,2.978997058048515445e+00
2.192719271927192892e+01,5.953068418018605712e+01,2.978753686292133107e+00
2.193219321932193466e+01,5.953103229194011448e+01,2.978510320648693366e+00
2.193719371937193685e+01,5.953139418282937356e+01,2.978266959879194431e+00
2.194219421942194259e+01,5.953177007774221607e+01,2.978023602738485653e+00
2.194719471947194833e+01,5.953216020272071063e+01,2.977780247975270633e+00
2.195219521952195407e+01,5.953256478496061987e+01,2.977536894332104112e+00
2.195719571957195981e+01,5.953298405281142180e+01,2.977293540545393746e+00
2.196219621962196200e+01,5.953341823577626002e+01,2.977050185345398781e+00
2.196719671967196774e+01,5.953386756451199346e+01,2.976806827456230486e+00
2.197219721972197348e+01,5.953433227082916090e+01,2.976563465595853941e+00
2.197719771977197922e+01,5.953481258769200224e+01,2.976320098476084031e+00
2.198219821982198496e+01,5.953530874921845140e+01,2.976076724802590778e+00
2.198719871987198715e+01,5.953582099068013633e+01,2.975833343274894016e+00
2.199219921992199289e+01,5.953634954850237904e+01,2.975589952586366937e+00
2.199719971997199863e+01,5.953689466026419552e+01,2.975346551424234764e+00
2.200220022002200437e+01,5.953745656469828873e+01,2.975103138469574748e+00
2.200720072007200656e+01,5.953803550169107695e+01,2.974859712397317946e+00
2.201220122012201230e+01,5.953863171228264406e+01,2.974616271876244777e+00
2.201720172017201804e+01,5.953924543866678221e+01,2.974372815568990358e+00
2.202220222022202378e+01,5.953987692419099176e+01,2.974129342132040943e+00
2.202720272027202952e+01,5.954052641335643870e+01,2.973885850215735704e+00
2.203220322032203171e+01,5.954119415181799724e+01,2.973642338464265844e+00
2.203720372037203745e+01,5.954188038638424985e+01,2.973398805515673704e+00
2.204220422042204319e+01,5.954258536501745169e+01,2.973155250001855876e+00
2.204720472047204893e+01,5.954330933683355909e+01,2.972911670548559204e+00
2.205220522052205467e+01,5.954405255210221526e+01,2.972668065775384783e+00
2.205720572057205686e+01,5.954481526224678589e+01,2.972424434295784401e+00
2.206220622062206260e+01,5.954559771984428806e+01,2.972180774717062324e+00
2.206720672067206834e+01,5.954640017862547552e+01,2.971937085640375287e+00
2.207220722072207408e+01,5.954722289347476050e+01,2.971693365660733388e+00
2.207720772077207982e+01,5.954806612043027059e+01,2.971449613366996978e+00
2.208220822082208201e+01,5.954893011668382030e+01,2.971205827341880212e+00
2.208720872087208775e+01,5.954981514058092529e+01,2.970962006161948388e+00
2.209220922092209349e+01,5.955072145162078812e+01,2.970718148397619718e+00
2.209720972097209923e+01,5.955164815337356288e+01,2.970474260432387048e+00
2.210221022102210497e+01,5.955259126426656024e+01,2.970230369083422417e+00
2.210721072107210716e+01,5.955355013905504080e+01,2.969986478142420783e+00
2.211221122112211290e+01,5.955452445622200486e+01,2.969742589197829741e+00
2.211721172117211864e+01,5.955551389608538670e+01,2.969498703828786113e+00
2.212221222122212438e+01,5.955651814079797646e+01,2.969254823605119498e+00
2.212721272127212657e+01,5.955753687434748400e+01,2.969010950087347833e+00
2.213221322132213231e+01,5.955856978255651057e+01,2.968767084826680058e+00
2.213721372137213805e+01,5.955961655308256297e+01,2.968523229365015226e+00
2.214221422142214379e+01,5.956067687541801803e+01,2.968279385234942946e+00
2.214721472147214953e+01,5.956175044089017945e+01,2.968035553959743389e+00
2.215221522152215172e+01,5.956283694266123518e+01,2.967791737053386392e+00
2.215721572157215746e+01,5.956393607572825744e+01,2.967547936020532795e+00
2.216221622162216320e+01,5.956504753692323817e+01,2.967304152356533109e+00
2.216721672167216894e+01,5.956617102491304649e+01,2.967060387547428402e+00
2.217221722172217468e+01,5.956730624019945708e+01,2.966816643069950743e+00
2.217721772177217687e+01,5.956845288511913594e+01,2.966572920391521873e+00
2.218221822182218261e+01,5.956961066384366177e+01,2.966329220970253644e+00
2.218721872187218835e+01,5.957077928237948328e+01,2.966085546254948468e+00
2.219221922192219409e+01,5.957195844856796185e+01,2.965841897685099759e+00
2.219721972197219984e+01,5.957314787208535733e+01,2.965598276690889712e+00
2.220222022202220202e+01,5.957434726444282092e+01,2.965354684693192855e+00
2.220722072207220776e+01,5.957555633898640224e+01,2.965111123103572055e+00
2.221222122212221350e+01,5.957677481089703520e+01,2.964867593324282069e+00
2.221722172217221924e+01,5.957800239719058055e+01,2.964624096748266879e+00
2.222222222222222499e+01,5.957923881671775490e+01,2.964380634759161470e+00
2.222722272227222717e+01,5.958048379016420881e+01,2.964137208731291384e+00
2.223222322232223291e+01,5.958173704005046289e+01,2.963893820029671389e+00
2.223722372237223865e+01,5.958299829073194331e+01,2.963650470010007698e+00
2.224222422242224440e+01,5.958426726839898180e+01,2.963407160018695752e+00
2.224722472247224658e+01,5.958554370107680143e+01,2.963163891392822880e+00
2.225222522252225232e+01,5.958682731862550241e+01,2.962920665460165193e+00
2.225722572257225806e+01,5.958811785274011186e+01,2.962677483539190249e+00
2.226222622262226380e+01,5.958941503695054109e+01,2.962434346939054830e+00
2.226722672267226955e+01,5.959071860662158571e+01,2.962191256959606722e+00
2.227222722272227173e+01,5.959202829895294684e+01,2.961948214891384712e+00
2.227722772277227747e+01,5.959334385297923831e+01,2.961705222015616368e+00
2.228222822282228321e+01,5.959466500956993684e+01,2.961462279604221148e+00
2.228722872287228896e+01,5.959599151142945317e+01,2.961219388919807294e+00
2.229222922292229470e+01,5.959732310309706094e+01,2.960976551215674490e+00
2.229722972297229688e+01,5.959865953094695357e+01,2.960733767735812538e+00
2.230223022302230262e+01,5.960000054318820872e+01,2.960491039714901351e+00
2.230723072307230836e+01,5.960134588986480253e+01,2.960248368378311401e+00
2.231223122312231411e+01,5.960269532285561667e+01,2.960005754942103273e+00
2.231723172317231985e+01,5.960404859587440995e+01,2.959763200613028111e+00
2.232223222322232203e+01,5.960540546446986099e+01,2.959520706588526728e+00
2.232723272327232777e+01,5.960676568602553260e+01,2.959278274056731384e+00
2.233223322332233352e+01,5.960812901975987899e+01,2.959035904196463562e+00
2.233723372337233926e+01,5.960949522672625989e+01,2.958793598177236195e+00
2.234223422342234500e+01,5.961086406981292640e+01,2.958551357159250994e+00
2.234723472347234718e+01,5.961223531374302809e+01,2.958309182293402007e+00
2.235223522352235292e+01,5.961360872507461295e+01,2.958067074721271617e+00
2.235723572357235867e+01,5.961498407220062035e+01,2.957825035575134098e+00
2.236223622362236441e+01,5.961636112534890231e+01,2.957583065977952952e+00
2.236723672367236659e+01,5.961773965658217378e+01,2.957341167043382679e+00
2.237223722372237233e+01,5.961911943979808370e+01,2.957099339875767452e+00
2.237723772377237808e+01,5.962050025072915105e+01,2.956857585570142888e+00
2.238223822382238382e+01,5.962188186694280745e+01,2.956615905212233830e+00
2.238723872387238956e+01,5.962326406784136879e+01,2.956374299878455680e+00
2.239223922392239174e+01,5.962464663466204939e+01,2.956132770635915286e+00
2.239723972397239748e+01,5.962602935047697628e+01,2.955891318542407387e+00
2.240224022402240323e+01,5.962741200019315357e+01,2.955649944646419947e+00
2.240724072407240897e+01,5.962879437055248388e+01,2.955408649987128822e+00
2.241224122412241471e+01,5.963017625013177536e+01,2.955167435594401759e+00
2.241724172417241689e+01,5.963155742934272752e+01,2.954926302488796175e+00
2.242224222422242264e+01,5.963293770043193831e+01,2.954685251681560043e+00
2.242724272427242838e+01,5.963431685748090416e+01,2.954444284174631452e+00
2.243224322432243412e+01,5.963569469640601284e+01,2.954203400960639048e+00
2.243724372437243986e+01,5.963707101495854346e+01,2.953962603022901590e+00
2.244224422442244204e+01,5.963844561272468070e+01,2.953721891335428396e+00
2.244724472447244779e+01,5.963981829112551480e+01,2.953481266862918897e+00
2.245224522452245353e+01,5.964118885341701315e+01,2.953240730560762639e+00
2.245724572457245927e+01,5.964255710469004157e+01,2.953000283375040169e+00
2.246224622462246501e+01,5.964392285187037857e+01,2.952759926242521704e+00
2.246724672467246720e+01,5.964528590371868688e+01,2.952519660090668019e+00
2.247224722472247294e+01,5.964664607083052772e+01,2.952279485837630890e+00
2.247724772477247868e+01,5.964800316563635363e+01,2.952039404392250876e+00
2.248224822482248442e+01,5.964935700240152983e+01,2.951799416654060426e+00
2.248724872487248660e+01,5.965070739722629867e+01,2.951559523513282102e+00
2.249224922492249235e+01,5.965205416804580807e+01,2.951319725850826803e+00
2.249724972497249809e+01,5.965339713463010440e+01,2.951080024538298652e+00
2.250225022502250383e+01,5.965473611858413250e+01,2.950840420437990552e+00
2.250725072507250957e+01,5.965607094334771432e+01,2.950600914402885078e+00
2.251225122512251176e+01,5.965740143419559871e+01,2.950361507276657580e+00
2.251725172517251750e+01,5.965872741823741165e+01,2.950122199893670416e+00
2.252225222522252324e+01,5.966004872441767759e+01,2.949882993078979165e+00
2.252725272527252898e+01,5.966136518351581941e+01,2.949643887648328189e+00
2.253225322532253472e+01,5.966267662814615136e+01,2.949404884408152405e+00
2.253725372537253691e+01,5.966398289275790034e+01,2.949165984155577735e+00
2.254225422542254265e+01,5.966528381363516331e+01,2.948927187678419326e+00
2.254725472547254839e+01,5.966657922889696408e+01,2.948688495755183769e+00
2.255225522552255413e+01,5.966786897849720361e+01,2.948449909155066884e+00
2.255725572557255987e+01,5.966915290422467422e+01,2.948211428637955489e+00
2.256225622562256206e+01,5.967043084970308797e+01,2.947973054954427408e+00
2.256725672567256780e+01,5.967170266039102700e+01,2.947734788845748799e+00
2.257225722572257354e+01,5.967296818358199317e+01,2.947496631043878157e+00
2.257725772577257928e+01,5.967422726840436553e+01,2.947258582271463201e+00
2.258225822582258502e+01,5.967547976582142866e+01,2.947020643241842652e+00
2.258725872587258721e+01,5.967672552863136559e+01,2.946782814659044458e+00
2.259225922592259295e+01,5.967796441146725783e+01,2.946545097217788456e+00
2.259725972597259869e+01,5.967919627079707112e+01,2.946307491603483264e+00
2.260226022602260443e+01,5.968042096492367676e+01,2.946069998492228947e+00
2.260726072607260662e+01,5.968163835398484451e+01,2.945832618550815685e+00
2.261226122612261236e+01,5.968284829995322838e+01,2.945595352436722880e+00
2.261726172617261810e+01,5.968405066663640213e+01,2.945358200798122272e+00
2.262226222622262384e+01,5.968524531967681668e+01,2.945121164273873937e+00
2.262726272627262958e+01,5.968643212655181429e+01,2.944884243493529841e+00
2.263226322632263177e+01,5.968761095657364990e+01,2.944647439077331175e+00
2.263726372637263751e+01,5.968878168088947689e+01,2.944410751636210133e+00
2.264226422642264325e+01,5.968994417248132578e+01,2.944174181771789023e+00
2.264726472647264899e+01,5.969109830616613266e+01,2.943937730076380266e+00
2.265226522652265473e+01,5.969224395859574628e+01,2.943701397132986841e+00
2.265726572657265692e+01,5.969338100825688542e+01,2.943465183515301842e+00
2.266226622662266266e+01,5.969450933547118154e+01,2.943229089787708919e+00
2.266726672667266840e+01,5.969562882239516455e+01,2.942993116505282281e+00
2.267226722672267414e+01,5.969673935302024148e+01,2.942757264213786250e+00
2.267726772677267988e+01,5.969784081317274627e+01,2.942521533449674376e+00
2.268226822682268207e+01,5.969893309051387575e+01,2.942285924740092984e+00
2.268726872687268781e+01,5.970001607453974657e+01,2.942050438602876294e+00
2.269226922692269355e+01,5.970108965658136668e+01,2.941815075546550418e+00
2.269726972697269929e+01,5.970215372980464252e+01,2.941579836070330689e+00
2.270227022702270503e+01,5.970320818921036476e+01,2.941344720664123447e+00
2.270727072707270722e+01,5.970425293163423675e+01,2.941109729808525586e+00
2.271227122712271296e+01,5.970528785574684605e+01,2.940874863974823672e+00
2.271727172717271870e+01,5.970631286205368582e+01,2.940640123624995272e+00
2.272227222722272444e+01,5.970732785289513345e+01,2.940405509211707180e+00
2.272727272727272663e+01,5.970833273244647899e+01,2.940171021178317634e+00
2.273227322732273237e+01,5.970932740671789674e+01,2.939936659958874987e+00
2.273727372737273811e+01,5.971031178355446656e+01,2.939702425978117706e+00
2.274227422742274385e+01,5.971128577263615256e+01,2.939468319651473927e+00
2.274727472747274959e+01,5.971224928547782440e+01,2.939234341385063676e+00
2.275227522752275178e+01,5.971320223542924310e+01,2.939000491575696206e+00
2.275727572757275752e+01,5.971414453767507524e+01,2.938766770610871326e+00
2.276227622762276326e+01,5.971507610923487874e+01,2.938533178868778517e+00
2.276727672767276900e+01,5.971599686896310288e+01,2.938299716718299148e+00
2.277227722772277474e+01,5.971690673754909540e+01,2.938066384519003371e+00
2.277727772777277693e+01,5.971780563751710957e+01,2.937833182621152783e+00
2.278227822782278267e+01,5.971869349322628295e+01,2.937600111365698208e+00
2.278727872787278841e+01,5.971957023087065863e+01,2.937367171084281914e+00
2.279227922792279415e+01,5.972043577847917106e+01,2.937134362099235840e+00
2.279727972797279989e+01,5.972129006591565314e+01,2.936901684723582484e+00
2.280228022802280208e+01,5.972213302487883624e+01,2.936669139261034900e+00
2.280728072807280782e+01,5.972296458890233595e+01,2.936436726005995368e+00
2.281228122812281356e+01,5.972378469335468765e+01,2.936204445243558059e+00
2.281728172817281930e+01,5.972459327543929675e+01,2.935972297249505925e+00
2.282228222822282504e+01,5.972539027419448843e+01,2.935740282290313807e+00
2.282728272827282723e+01,5.972617563049346501e+01,2.935508400623145775e+00
2.283228322832283297e+01,5.972694928704434147e+01,2.935276652495856453e+00
2.283728372837283871e+01,5.972771118839011706e+01,2.935045038146990581e+00
2.284228422842284445e+01,5.972846128090869655e+01,2.934813557805784345e+00
2.284728472847284664e+01,5.972919951281287609e+01,2.934582211692163156e+00
2.285228522852285238e+01,5.972992583415035028e+01,2.934351000016742539e+00
2.285728572857285812e+01,5.973064019680370507e+01,2.934119922980829021e+00
2.286228622862286386e+01,5.973134255449043195e+01,2.933888980776419686e+00
2.286728672867286960e+01,5.973203286276290669e+01,2.933658173586201290e+00
2.287228722872287179e+01,5.973271107900841770e+01,2.933427501583551145e+00
2.287728772877287753e+01,5.973337716244913054e+01,2.933196964932537121e+00
2.288228822882288327e+01,5.973403107414213054e+01,2.932966563787916758e+00
2.288728872887288901e+01,5.973467277697938016e+01,2.932736298295138599e+00
2.289228922892289475e+01,5.973530223568774034e+01,2.932506168590341300e+00
2.289728972897289694e+01,5.973591941682897755e+01,2.932276174800354074e+00
2.290229022902290268e+01,5.973652428879975673e+01,2.932046317042695804e+00
2.290729072907290842e+01,5.973711682183161997e+01,2.931816595425576377e+00
2.291229122912291416e+01,5.973769698799102912e+01,2.931587010047895347e+00
2.291729172917291990e+01,5.973826476117932316e+01,2.931357560999243717e+00
2.292229222922292209e+01,5.973882011713275375e+01,2.931128248359901711e+00
2.292729272927292783e+01,5.973936303342245679e+01,2.930899072200839672e+00
2.293229322932293357e+01,5.973989348945447375e+01,2.930670032583719831e+00
2.293729372937293931e+01,5.974041146646973033e+01,2.930441129560893199e+00
2.294229422942294505e+01,5.974091694754406490e+01,2.930212363175401791e+00
2.294729472947294724e+01,5.974140991758820718e+01,2.929983733460978179e+00
2.295229522952295298e+01,5.974189036334777114e+01,2.929755240442044606e+00
2.295729572957295872e+01,5.974235827340327631e+01,2.929526884133713871e+00
2.296229622962296446e+01,5.974281363817014778e+01,2.929298664541789332e+00
2.296729672967296665e+01,5.974325644989868778e+01,2.929070581662764905e+00
2.297229722972297239e+01,5.974368670267411119e+01,2.928842635483823731e+00
2.297729772977297813e+01,5.974410439241652426e+01,2.928614825982840397e+00
2.298229822982298387e+01,5.974450951688093170e+01,2.928387153128379605e+00
2.298729872987298961e+01,5.974490207565722244e+01,2.928159616879696170e+00
2.299229922992299180e+01,5.974528207017019810e+01,2.927932217186735020e+00
2.299729972997299754e+01,5.974564950367954452e+01,2.927704953990131642e+00
2.300230023002300328e+01,5.974600438127986024e+01,2.927477827221212081e+00
2.300730073007300902e+01,5.974634670990062091e+01,2.927250836801992495e+00
2.301230123012301476e+01,5.974667649830620775e+01,2.927023982645179601e+00
2.301730173017301695e+01,5.974699375709590043e+01,2.926797264654169783e+00
2.302230223022302269e+01,5.974729849870387000e+01,2.926570682723050432e+00
2.302730273027302843e+01,5.974759073739919302e+01,2.926344236736599047e+00
2.303230323032303417e+01,5.974787048928583033e+01,2.926117926570283245e+00
2.303730373037303991e+01,5.974813777230264833e+01,2.925891752090261200e+00
2.304230423042304210e+01,5.974839260622339765e+01,2.925665713153381642e+00
2.304730473047304784e+01,5.974863501265674870e+01,2.925439809607183417e+00
2.305230523052305358e+01,5.974886501504624903e+01,2.925214041289895039e+00
2.305730573057305932e+01,5.974908263867034464e+01,2.924988408030436027e+00
2.306230623062306506e+01,5.974928791064237998e+01,2.924762909648416898e+00
2.306730673067306725e+01,5.974948085991060509e+01,2.924537545954137396e+00
2.307230723072307299e+01,5.974966151725814711e+01,2.924312316748587381e+00
2.307730773077307873e+01,5.974982991530305299e+01,2.924087221823448157e+00
2.308230823082308447e+01,5.974998608849824677e+01,2.923862260961090698e+00
2.308730873087309021e+01,5.975013007313155811e+01,2.923637433934576535e+00
2.309230923092309240e+01,5.975026190732570797e+01,2.923412740507657315e+00
2.309730973097309814e+01,5.975038163103832289e+01,2.923188180434775241e+00
2.310231023102310388e+01,5.975048928606192078e+01,2.922963753461062186e+00
2.310731073107310962e+01,5.975058491602391086e+01,2.922739459322341471e+00
2.311231123112311181e+01,5.975066856638660084e+01,2.922515297745125640e+00
2.311731173117311755e+01,5.975074028444721108e+01,2.922291268446618684e+00
2.312231223122312329e+01,5.975080011933783197e+01,2.922067371134713376e+00
2.312731273127312903e+01,5.975084812202546658e+01,2.921843605507994379e+00
2.313231323132313477e+01,5.975088434531200932e+01,2.921619971255736026e+00
2.313731373137313696e+01,5.975090884383426015e+01,2.921396468057903206e+00
2.314231423142314270e+01,5.975092167406389621e+01,2.921173095585150481e+00
2.314731473147314844e+01,5.975092289430752146e+01,2.920949853498823412e+00
2.315231523152315418e+01,5.975091256470659573e+01,2.920726741450957231e+00
2.315731573157315992e+01,5.975089074723751281e+01,2.920503759084278617e+00
2.316231623162316211e+01,5.975085750571155074e+01,2.920280906032203472e+00
2.316731673167316785e+01,5.975081290577486470e+01,2.920058181918838702e+00
2.317231723172317359e+01,5.975075701490853675e+01,2.919835586358980883e+00
2.317731773177317933e+01,5.975068990242853317e+01,2.919613118958117592e+00
2.318231823182318507e+01,5.975061163948569742e+01,2.919390779312426520e+00
2.318731873187318726e+01,5.975052229906580692e+01,2.919168567008775472e+00
2.319231923192319300e+01,5.975042195598950201e+01,2.918946481624722367e+00
2.319731973197319874e+01,5.975031068691234282e+01,2.918724522728516568e+00
2.320232023202320448e+01,5.975018857032476660e+01,2.918502689879096668e+00
2.320732073207321022e+01,5.975005568655212329e+01,2.918280982626091813e+00
2.321232123212321241e+01,5.974991211775465416e+01,2.918059400509821710e+00
2.321732173217321815e+01,5.974975794792749184e+01,2.917837943061296180e+00
2.322232223222322389e+01,5.974959326290066741e+01,2.917616609802215599e+00
2.322732273227322963e+01,5.974941815033911041e+01,2.917395400244970460e+00
2.323232323232323182e+01,5.974923269974265594e+01,2.917174313892641813e+00
2.323732373237323756e+01,5.974903700244600913e+01,2.916953350239000375e+00
2.324232423242324330e+01,5.974883115161880909e+01,2.916732508768508314e+00
2.324732473247324904e+01,5.974861524226555076e+01,2.916511788956317019e+00
2.325232523252325478e+01,5.974838937122566307e+01,2.916291190268269329e+00
2.325732573257325697e+01,5.974815363717344496e+01,2.916070712160897305e+00
2.326232623262326271e+01,5.974790814061810096e+01,2.915850354081424012e+00
2.326732673267326845e+01,5.974765298390373403e+01,2.915630115467762185e+00
2.327232723272327419e+01,5.974738827120934559e+01,2.915409995748516003e+00
2.327732773277327993e+01,5.974711410854882132e+01,2.915189994342978874e+00
2.328232823282328212e+01,5.974683060377095956e+01,2.914970110661135205e+00
2.328732873287328786e+01,5.974653786655943577e+01,2.914750344103659074e+00
2.329232923292329360e+01,5.974623600843285232e+01,2.914530694061916005e+00
2.329732973297329934e+01,5.974592514274466737e+01,2.914311159917960747e+00
2.330233023302330508e+01,5.974560538468328019e+01,2.914091741044538608e+00
2.330733073307330727e+01,5.974527685127194587e+01,2.913872436805085453e+00
2.331233123312331301e+01,5.974493966136883216e+01,2.913653246553727705e+00
2.331733173317331875e+01,5.974459393566701948e+01,2.913434169635281901e+00
2.332233223322332449e+01,5.974423979669446538e+01,2.913215205385254247e+00
2.332733273327333023e+01,5.974387736881402589e+01,2.912996353129842397e+00
2.333233323332333242e+01,5.974350677822345546e+01,2.912777612185934117e+00
2.333733373337333816e+01,5.974312815295539991e+01,2.912558981861105956e+00
2.334233423342334390e+01,5.974274162287742485e+01,2.912340461453627238e+00
2.334733473347334964e+01,5.974234731969195877e+01,2.912122050252455630e+00
2.335233523352335183e+01,5.974194537693634999e+01,2.911903747537240239e+00
2.335733573357335757e+01,5.974153592998283813e+01,2.911685552578319847e+00
2.336233623362336331e+01,5.974111911603854708e+01,2.911467464636724234e+00
2.336733673367336905e+01,5.974069507414552049e+01,2.911249482964173296e+00
2.337233723372337479e+01,5.974026394518067207e+01,2.911031606803076599e+00
2.337733773377337698e+01,5.973982587185584237e+01,2.910813835386534709e+00
2.338233823382338272e+01,5.973938099871773488e+01,2.910596167938338308e+00
2.338733873387338846e+01,5.973892947214797289e+01,2.910378603672968190e+00
2.339233923392339420e+01,5.973847144036307100e+01,2.910161141795596151e+00
2.339733973397339994e+01,5.973800705341443518e+01,2.909943781502084104e+00
2.340234023402340213e+01,5.973753646318837696e+01,2.909726521978983627e+00
2.340734073407340787e+01,5.973705982340609211e+01,2.909509362403537303e+00
2.341234123412341361e+01,5.973657728962368196e+01,2.909292301943677383e+00
2.341734173417341935e+01,5.973608901923214631e+01,2.909075339758027567e+00
2.342234223422342509e+01,5.973559517145736919e+01,2.908858474995900334e+00
2.342734273427342728e+01,5.973509590736014019e+01,2.908641706797300497e+00
2.343234323432343302e+01,5.973459138983614736e+01,2.908425034292920763e+00
2.343734373437343876e+01,5.973408178361597010e+01,2.908208456604146619e+00
2.344234423442344450e+01,5.973356725526509337e+01,2.907991972843051887e+00
2.344734473447345025e+01,5.973304797318387926e+01,2.907775582112401835e+00
2.345234523452345243e+01,5.973252410760760256e+01,2.907559283505651848e+00
2.345734573457345817e+01,5.973199583060643647e+01,2.907343076106947422e+00
2.346234623462346391e+01,5.973146331608543846e+01,2.907126958991124610e+00
2.346734673467346965e+01,5.973092673978457157e+01,2.906910931223709582e+00
2.347234723472347184e+01,5.973038627927869015e+01,2.906694991860919064e+00
2.347734773477347758e+01,5.972984211397754706e+01,2.906479139949659896e+00
2.348234823482348332e+01,5.972929442512579357e+01,2.906263374527529031e+00
2.348734873487348906e+01,5.972874339580297942e+01,2.906047694622814870e+00
2.349234923492349481e+01,5.972818921092353861e+01,2.905832099254494594e+00
2.349734973497349699e+01,5.972763205723681068e+01,2.905616587432237274e+00
2.350235023502350273e+01,5.972707212332704074e+01,2.905401158156400321e+00
2.350735073507350847e+01,5.972650959961335104e+01,2.905185810418033476e+00
2.351235123512351421e+01,5.972594467834977650e+01,2.904970543198876154e+00
2.351735173517351996e+01,5.972537755362523626e+01,2.904755355471356992e+00
2.352235223522352214e+01,5.972480842136355506e+01,2.904540246198596520e+00
2.352735273527352788e+01,5.972423747932344895e+01,2.904325214334404937e+00
2.353235323532353362e+01,5.972366492709853247e+01,2.904110258823282553e+00
2.353735373537353937e+01,5.972309096611731860e+01,2.903895378600420685e+00
2.354235423542354511e+01,5.972251579964321166e+01,2.903680572591699871e+00
2.354735473547354729e+01,5.972193963277451445e+01,2.903465839713692098e+00
2.355235523552355303e+01,5.972136267244443530e+01,2.903251178873659022e+00
2.355735573557355877e+01,5.972078512742105971e+01,2.903036588969552856e+00
2.356235623562356452e+01,5.972020720830738583e+01,2.902822068890015927e+00
2.356735673567357026e+01,5.971962912754131025e+01,2.902607617514381566e+00
2.357235723572357244e+01,5.971905109939560674e+01,2.902393233712672327e+00
2.357735773577357818e+01,5.971847333997796170e+01,2.902178916345602211e+00
2.358235823582358393e+01,5.971789606723096000e+01,2.901964664264574445e+00
2.358735873587358967e+01,5.971731950093207075e+01,2.901750476311684146e+00
2.359235923592359185e+01,5.971674386269366863e+01,2.901536351319714768e+00
2.359735973597359759e+01,5.971616937596301966e+01,2.901322288112141656e+00
2.360236023602360333e+01,5.971559626602229542e+01,2.901108285503129380e+00
2.360736073607360908e+01,5.971502475998854464e+01,2.900894342297534401e+00
2.361236123612361482e+01,5.971445508681374292e+01,2.900680457290901515e+00
2.361736173617361700e+01,5.971388747728472879e+01,2.900466629269467411e+00
2.362236223622362274e+01,5.971332216402326054e+01,2.900252857010158003e+00
2.362736273627362849e+01,5.971275938148598073e+01,2.900039139280590206e+00
2.363236323632363423e+01,5.971219936596443745e+01,2.899825474839071493e+00
2.363736373637363997e+01,5.971164235558507727e+01,2.899611862434599008e+00
2.364236423642364215e+01,5.971108859030922389e+01,2.899398300806860895e+00
2.364736473647364789e+01,5.971053831193311368e+01,2.899184788686234526e+00
2.365236523652365364e+01,5.970999176408788145e+01,2.898971324793788273e+00
2.365736573657365938e+01,5.970944919223955338e+01,2.898757907841281511e+00
2.366236623662366512e+01,5.970891084368904700e+01,2.898544536531162841e+00
2.366736673667366730e+01,5.970837696757217827e+01,2.898331209556572308e+00
2.367236723672367305e+01,5.970784781485967585e+01,2.898117925601338296e+00
2.367736773677367879e+01,5.970732363835713841e+01,2.897904683339981968e+00
2.368236823682368453e+01,5.970680469270508439e+01,2.897691481437713268e+00
2.368736873687369027e+01,5.970629123437891650e+01,2.897478318550433141e+00
2.369236923692369245e+01,5.970578352168893588e+01,2.897265193324732202e+00
2.369736973697369820e+01,5.970528181478033503e+01,2.897052104397892069e+00
2.370237023702370394e+01,5.970478637563321200e+01,2.896839050397884474e+00
2.370737073707370968e+01,5.970429746806255622e+01,2.896626029943370817e+00
2.371237123712371186e+01,5.970381535771826265e+01,2.896413041643704389e+00
2.371737173717371761e+01,5.970334031208510339e+01,2.896200084098927263e+00
2.372237223722372335e+01,5.970287260048277034e+01,2.895987155899772070e+00
2.372737273727372909e+01,5.970241249406583250e+01,2.895774255627662885e+00
2.373237323732373483e+01,5.970196026582376447e+01,2.895561381854713012e+00
2.373737373737373701e+01,5.970151619058093928e+01,2.895348533143726311e+00
2.374237423742374276e+01,5.970108054499662131e+01,2.895135708048197198e+00
2.374737473747374850e+01,5.970065360756497341e+01,2.894922905112310207e+00
2.375237523752375424e+01,5.970023565861504977e+01,2.894710122870939983e+00
2.375737573757375998e+01,5.969982698031081014e+01,2.894497359849652174e+00
2.376237623762376217e+01,5.969942785665111273e+01,2.894284614564702540e+00
2.376737673767376791e+01,5.969903857346970000e+01,2.894071885523036958e+00
2.377237723772377365e+01,5.969865941843521284e+01,2.893859171222290971e+00
2.377737773777377939e+01,5.969829068105119774e+01,2.893646470150792016e+00
2.378237823782378513e+01,5.969793265265609250e+01,2.893433780787556753e+00
2.378737873787378732e+01,5.969758562642323341e+01,2.893221101602292400e+00
2.379237923792379306e+01,5.969724989736085519e+01,2.893008431055395846e+00
2.379737973797379880e+01,5.969692576231206971e+01,2.892795767597956313e+00
2.380238023802380454e+01,5.969661351995491572e+01,2.892583109671750918e+00
2.380738073807381028e+01,5.969631347080230910e+01,2.892370455709248223e+00
2.381238123812381247e+01,5.969602591720206419e+01,2.892157804133608234e+00
2.381738173817381821e+01,5.969575116333690090e+01,2.891945153358678855e+00
2.382238223822382395e+01,5.969548951522442337e+01,2.891732501788999876e+00
2.382738273827382969e+01,5.969524128071713420e+01,2.891519847819801647e+00
2.383238323832383188e+01,5.969500676950244866e+01,2.891307189837004188e+00
2.383738373837383762e+01,5.969478629310265205e+01,2.891094526217218075e+00
2.384238423842384336e+01,5.969458016487494945e+01,2.890881855327743555e+00
2.384738473847384910e+01,5.969438870001143016e+01,2.890669175526572321e+00
2.385238523852385484e+01,5.969421221553908907e+01,2.890456485162385736e+00
2.385738573857385703e+01,5.969405103031979820e+01,2.890243782574555720e+00
2.386238623862386277e+01,5.969390546505034933e+01,2.890031066093144307e+00
2.386738673867386851e+01,5.969377584226241140e+01,2.889818334038903647e+00
2.387238723872387425e+01,5.969366248632257310e+01,2.889605584723277332e+00
2.387738773877387999e+01,5.969356572343229317e+01,2.889392816448397738e+00
2.388238823882388218e+01,5.969348588162795011e+01,2.889180027507088688e+00
2.388738873887388792e+01,5.969342329078079246e+01,2.888967216182863673e+00
2.389238923892389366e+01,5.969337828259699563e+01,2.888754380749927186e+00
2.389738973897389940e+01,5.969335119061760508e+01,2.888541519473173391e+00
2.390239023902390514e+01,5.969334235021858603e+01,2.888328630608187009e+00
2.390739073907390733e+01,5.969335209861078084e+01,2.888115712401243318e+00
2.391239123912391307e+01,5.969338077483993033e+01,2.887902763089307712e+00
2.391739173917391881e+01,5.969342871978669507e+01,2.887689780900036141e+00
2.392239223922392455e+01,5.969349627616659859e+01,2.887476764051774225e+00
2.392739273927393029e+01,5.969358378853007707e+01,2.887263710753558144e+00
2.393239323932393248e+01,5.969369160326247226e+01,2.887050619205115520e+00
2.393739373937393822e+01,5.969382006858401013e+01,2.886837487596862761e+00
2.394239423942394396e+01,5.969396953454980803e+01,2.886624314109907719e+00
2.394739473947394970e+01,5.969414035304989596e+01,2.886411096916047470e+00
2.395239523952395189e+01,5.969433287780919528e+01,2.886197834177770538e+00
2.395739573957395763e+01,5.969454746438750448e+01,2.885984524048254674e+00
2.396239623962396337e+01,5.969478447017955602e+01,2.885771164671369515e+00
2.396739673967396911e+01,5.969504425441493822e+01,2.885557754181673040e+00
2.397239723972397485e+01,5.969532717815816625e+01,2.885344290704415560e+00
2.397739773977397704e+01,5.969563360430863952e+01,2.885130772355536166e+00
2.398239823982398278e+01,5.969596389760065591e+01,2.884917197241665399e+00
2.398739873987398852e+01,5.969631842460340465e+01,2.884703563460122577e+00
2.399239923992399426e+01,5.969669755372098052e+01,2.884489869098918913e+00
2.399739973997400000e+01,5.969710165519236256e+01,2.884276112236755729e+00
2.400240024002400219e+01,5.969753110109144245e+01,2.884062290943024465e+00
2.400740074007400793e+01,5.969798626532698904e+01,2.883848403277805783e+00
2.401240124012401367e+01,5.969846752364269094e+01,2.883634447291872238e+00
2.401740174017401941e+01,5.969897525361711388e+01,2.883420421026686054e+00
2.402240224022402515e+01,5.969950983466372918e+01,2.883206322514400011e+00
2.402740274027402734e+01,5.970007164803089239e+01,2.882992149777856561e+00
2.403240324032403308e+01,5.970066107680187883e+01,2.882777900830589601e+00
2.403740374037403882e+01,5.970127850589484098e+01,2.882563573676822699e+00
2.404240424042404456e+01,5.970192432206283684e+01,2.882349166311469091e+00
2.404740474047405030e+01,5.970259891389380869e+01,2.882134676720133459e+00
2.405240524052405249e+01,5.970330267181061146e+01,2.881920102879111045e+00
2.405740574057405823e+01,5.970403598807099144e+01,2.881705442755385427e+00
2.406240624062406397e+01,5.970479925676758626e+01,2.881490694306632960e+00
2.406740674067406971e+01,5.970559287382792490e+01,2.881275855481218340e+00
2.407240724072407190e+01,5.970641723701445613e+01,2.881060924218198149e+00
2.407740774077407764e+01,5.970727274592449874e+01,2.880845898447318643e+00
2.408240824082408338e+01,5.970815980199028417e+01,2.880630776089015299e+00
2.408740874087408912e+01,5.970907880847893523e+01,2.880415555054416377e+00
2.409240924092409486e+01,5.971003017049247319e+01,2.880200233245338470e+00
2.409740974097409705e+01,5.971101429496780355e+01,2.879984808554288733e+00
2.410241024102410279e+01,5.971203159067675159e+01,2.879769278864465765e+00
2.410741074107410853e+01,5.971308246822601973e+01,2.879553642049756945e+00
2.411241124112411427e+01,5.971416734005721594e+01,2.879337895974741546e+00
2.411741174117412001e+01,5.971528241938539594e+01,2.879122062189817921e+00
2.412241224122412220e+01,5.971641668782972800e+01,2.878906202763768185e+00
2.412741274127412794e+01,5.971756915988696335e+01,2.878690322912836663e+00
2.413241324132413368e+01,5.971873942134311619e+01,2.878474424626265016e+00
2.413741374137413942e+01,5.971992706052262179e+01,2.878258509880843086e+00
2.414241424142414516e+01,5.972113166828832220e+01,2.878042580640912007e+00
2.414741474147414735e+01,5.972235283804148764e+01,2.877826638858360653e+00
2.415241524152415309e+01,5.972359016572180224e+01,2.877610686472627854e+00
2.415741574157415883e+01,5.972484324980736403e+01,2.877394725410702403e+00
2.416241624162416457e+01,5.972611169131468500e+01,2.877178757587121716e+00
2.416741674167417031e+01,5.972739509379870526e+01,2.876962784903972725e+00
2.417241724172417250e+01,5.972869306335277173e+01,2.876746809250892767e+00
2.417741774177417824e+01,5.973000520860864526e+01,2.876530832505066915e+00
2.418241824182418398e+01,5.973133114073652195e+01,2.876314856531230646e+00
2.418741874187418972e+01,5.973267047344499048e+01,2.876098883181669397e+00
2.419241924192419191e+01,5.973402282298107480e+01,2.875882914296216786e+00
2.419741974197419765e+01,5.973538780813020566e+01,2.875666951702256391e+00
2.420242024202420339e+01,5.973676505021623484e+01,2.875450997214721305e+00
2.420742074207420913e+01,5.973815417310143516e+01,2.875235052636094135e+00
2.421242124212421487e+01,5.973955480318647915e+01,2.875019119756406560e+00
2.421742174217421706e+01,5.974096656941047456e+01,2.874803200353240218e+00
2.422242224222422280e+01,5.974238910325093599e+01,2.874587296191724928e+00
2.422742274227422854e+01,5.974382203872380614e+01,2.874371409024540913e+00
2.423242324232423428e+01,5.974526501238342746e+01,2.874155540591917912e+00
2.423742374237424002e+01,5.974671766332257761e+01,2.873939692621634734e+00
2.424242424242424221e+01,5.974817963317242686e+01,2.873723866829020146e+00
2.424742474247424795e+01,5.974965056610259495e+01,2.873508064916950655e+00
2.425242524252425369e+01,5.975113010882108711e+01,2.873292288575854059e+00
2.425742574257425943e+01,5.975261791057434380e+01,2.873076539483706782e+00
2.426242624262426517e+01,5.975411362314721941e+01,2.872860819306034319e+00
2.426742674267426736e+01,5.975561690086298228e+01,2.872645129695913013e+00
2.427242724272427310e+01,5.975712740058331462e+01,2.872429472293966501e+00
2.427742774277427884e+01,5.975864478170831973e+01,2.872213848728369268e+00
2.428242824282428458e+01,5.976016870617652188e+01,2.871998260614844867e+00
2.428742874287429032e+01,5.976169883846485220e+01,2.871782709556666369e+00
2.429242924292429251e+01,5.976323484558866284e+01,2.871567197144656358e+00
2.429742974297429825e+01,5.976477639710173406e+01,2.871351724957185603e+00
2.430243024302430399e+01,5.976632316509623877e+01,2.871136294560176161e+00
2.430743074307430973e+01,5.976787482420279218e+01,2.870920907507098274e+00
2.431243124312431192e+01,5.976943105159040215e+01,2.870705565338972143e+00
2.431743174317431766e+01,5.977099152696651885e+01,2.870490269584367038e+00
2.432243224322432340e+01,5.977255593257698507e+01,2.870275021759401302e+00
2.432743274327432914e+01,5.977412395320607885e+01,2.870059823367744123e+00
2.433243324332433488e+01,5.977569527617649214e+01,2.869844675900611985e+00
2.433743374337433707e+01,5.977726959134931661e+01,2.869629580836773108e+00
2.434243424342434281e+01,5.977884659112407917e+01,2.869414539642542561e+00
2.434743474347434855e+01,5.978042597043871353e+01,2.869199553771787148e+00
2.435243524352435429e+01,5.978200742676958868e+01,2.868984624665921856e+00
2.435743574357436003e+01,5.978359066013145906e+01,2.868769753753911633e+00
2.436243624362436222e+01,5.978517537307752150e+01,2.868554942452270051e+00
2.436743674367436796e+01,5.978676127069937962e+01,2.868340192165060643e+00
2.437243724372437370e+01,5.978834806062705809e+01,2.868125504283896454e+00
2.437743774377437944e+01,5.978993545302899548e+01,2.867910880187940048e+00
2.438243824382438518e+01,5.979152316061203720e+01,2.867696321243902613e+00
2.438743874387438737e+01,5.979311089862147099e+01,2.867481828806045296e+00
2.439243924392439311e+01,5.979469838484097011e+01,2.867267404216178761e+00
2.439743974397439885e+01,5.979628533959265724e+01,2.867053048803663184e+00
2.440244024402440459e+01,5.979787148573704059e+01,2.866838763885407371e+00
2.440744074407441033e+01,5.979945654867306359e+01,2.866624550765870527e+00
2.441244124412441252e+01,5.980104025633809073e+01,2.866410410737060932e+00
2.441744174417441826e+01,5.980262233920788617e+01,2.866196345078535046e+00
2.442244224422442400e+01,5.980420253029664224e+01,2.865982355057401065e+00
2.442744274427442974e+01,5.980578056515696517e+01,2.865768441928314925e+00
2.443244324432443193e+01,5.980735618187988223e+01,2.865554606933482074e+00
2.443744374437443767e+01,5.980892912109482751e+01,2.865340851302658365e+00
2.444244424442444341e+01,5.981049912596966323e+01,2.865127176253147390e+00
2.444744474447444915e+01,5.981206594221065842e+01,2.864913582989804475e+00
2.445244524452445489e+01,5.981362931806251027e+01,2.864700072705031797e+00
2.445744574457445708e+01,5.981518900430832275e+01,2.864486646578782825e+00
2.446244624462446282e+01,5.981674475426962090e+01,2.864273305778560097e+00
2.446744674467446856e+01,5.981829632380634365e+01,2.864060051459414336e+00
2.447244724472447430e+01,5.981984347131685098e+01,2.863846884763947109e+00
2.447744774477448004e+01,5.982138595773792389e+01,2.863633806822308614e+00
2.448244824482448223e+01,5.982292354654473598e+01,2.863420818752199448e+00
2.448744874487448797e+01,5.982445600375091743e+01,2.863207921658868393e+00
2.449244924492449371e+01,5.982598309790847679e+01,2.862995116635113746e+00
2.449744974497449945e+01,5.982750460010786497e+01,2.862782404761283761e+00
2.450245024502450519e+01,5.982902028397793259e+01,2.862569787105276209e+00
2.450745074507450738e+01,5.983052992568596551e+01,2.862357264722538375e+00
2.451245124512451312e+01,5.983203330393764929e+01,2.862144838656065726e+00
2.451745174517451886e+01,5.983353019997709765e+01,2.861932509936404134e+00
2.452245224522452460e+01,5.983502039758683111e+01,2.861720279581649429e+00
2.452745274527453034e+01,5.983650368308779832e+01,2.861508148597445178e+00
2.453245324532453253e+01,5.983797984533934766e+01,2.861296117976985798e+00
2.453745374537453827e+01,5.983944867573926985e+01,2.861084188701014774e+00
2.454245424542454401e+01,5.984090996822374819e+01,2.860872361737825109e+00
2.454745474547454975e+01,5.984236351926740127e+01,2.860660638043257986e+00
2.455245524552455194e+01,5.984380912788324736e+01,2.860449018560705881e+00
2.455745574557455768e+01,5.984524659562273285e+01,2.860237504221109450e+00
2.456245624562456342e+01,5.984667572657571810e+01,2.860026095942958868e+00
2.456745674567456916e+01,5.984809632737047735e+01,2.859814794632294266e+00
2.457245724572457490e+01,5.984950820717371300e+01,2.859603601182704846e+00
2.457745774577457709e+01,5.985091117769052715e+01,2.859392516475329327e+00
2.458245824582458283e+01,5.985230505316445715e+01,2.859181541378855496e+00
2.458745874587458857e+01,5.985368965037743294e+01,2.858970676749520656e+00
2.459245924592459431e+01,5.985506478864983393e+01,2.858759923431112071e+00
2.459745974597460005e+01,5.985643028984041791e+01,2.858549282254965185e+00
2.460246024602460224e+01,5.985778597834639214e+01,2.858338754039966734e+00
2.460746074607460798e+01,5.985913168110337068e+01,2.858128339592551193e+00
2.461246124612461372e+01,5.986046722758537442e+01,2.857918039706703439e+00
2.461746174617461946e+01,5.986179244980484526e+01,2.857707855163956534e+00
2.462246224622462520e+01,5.986310718231266037e+01,2.857497786733394385e+00
2.462746274627462739e+01,5.986441126219808240e+01,2.857287835171649970e+00
2.463246324632463313e+01,5.986570452908881634e+01,2.857078001222904451e+00
2.463746374637463887e+01,5.986698682515097403e+01,2.856868285618890280e+00
2.464246424642464461e+01,5.986825799508907409e+01,2.856658689078887647e+00
2.464746474647465035e+01,5.986951788614607750e+01,2.856449212309727592e+00
2.465246524652465254e+01,5.987076634810333786e+01,2.856239856005789335e+00
2.465746574657465828e+01,5.987200323328064400e+01,2.856030620849002055e+00
2.466246624662466402e+01,5.987322839653617734e+01,2.855821507508844892e+00
2.466746674667466976e+01,5.987444169526656168e+01,2.855612516642344723e+00
2.467246724672467195e+01,5.987564298940682761e+01,2.855403648894080160e+00
2.467746774677467769e+01,5.987683214143041255e+01,2.855194904896177110e+00
2.468246824682468343e+01,5.987800901634919626e+01,2.854986285268312329e+00
2.468746874687468917e+01,5.987917348171344400e+01,2.854777790617710753e+00
2.469246924692469491e+01,5.988032540761185629e+01,2.854569421539148166e+00
2.469746974697469710e+01,5.988146466667154755e+01,2.854361178614948535e+00
2.470247024702470284e+01,5.988259113405805323e+01,2.854153062414985342e+00
2.470747074707470858e+01,5.988370468747532271e+01,2.853945073496682472e+00
2.471247124712471432e+01,5.988480520716571220e+01,2.853737212405012436e+00
2.471747174717472006e+01,5.988589257590999892e+01,2.853529479672496816e+00
2.472247224722472225e+01,5.988696667902739534e+01,2.853321875819208042e+00
2.472747274727472799e+01,5.988802740437550653e+01,2.853114401352765839e+00
2.473247324732473373e+01,5.988907464235036571e+01,2.852907056768340777e+00
2.473747374737473947e+01,5.989010828588642710e+01,2.852699842548653386e+00
2.474247424742474522e+01,5.989112823045654466e+01,2.852492759163971492e+00
2.474747474747474740e+01,5.989213437407201468e+01,2.852285807072114654e+00
2.475247524752475314e+01,5.989312661728251896e+01,2.852078986718450171e+00
2.475747574757475888e+01,5.989410486317618876e+01,2.851872298535895744e+00
2.476247624762476462e+01,5.989506901737954792e+01,2.851665742944917703e+00
2.476747674767477037e+01,5.989601898805754843e+01,2.851459320353532334e+00
2.477247724772477255e+01,5.989695468591354910e+01,2.851253031157305440e+00
2.477747774777477829e+01,5.989787602418934398e+01,2.851046875739351449e+00
2.478247824782478403e+01,5.989878291866512683e+01,2.850840854470335195e+00
2.478747874787478978e+01,5.989967528765951243e+01,2.850634967708470136e+00
2.479247924792479196e+01,5.990055305202954372e+01,2.850429215799519689e+00
2.479747974797479770e+01,5.990141613517065622e+01,2.850223599076795900e+00
2.480248024802480344e+01,5.990226446301672780e+01,2.850018117861161659e+00
2.480748074807480918e+01,5.990309796404003606e+01,2.849812772461027599e+00
2.481248124812481493e+01,5.990391656925128672e+01,2.849607563172354752e+00
2.481748174817481711e+01,5.990472021219959231e+01,2.849402490278653666e+00
2.482248224822482285e+01,5.990550882897248641e+01,2.849197554050983516e+00
2.482748274827482859e+01,5.990628235819592362e+01,2.848992754747953438e+00
2.483248324832483434e+01,5.990704074103426535e+01,2.848788092615721634e+00
2.483748374837484008e+01,5.990778392119030826e+01,2.848583567887996715e+00
2.484248424842484226e+01,5.990851184490524162e+01,2.848379180786035469e+00
2.484748474847484800e+01,5.990922446095868281e+01,2.848174931518644204e+00
2.485248524852485374e+01,5.990992172066867738e+01,2.847970820282179627e+00
2.485748574857485949e+01,5.991060357789167057e+01,2.847766847260546630e+00
2.486248624862486523e+01,5.991126998902252865e+01,2.847563012625200507e+00
2.486748674867486741e+01,5.991192091299453892e+01,2.847359316535145624e+00
2.487248724872487315e+01,5.991255631127940973e+01,2.847155759136935416e+00
2.487748774877487890e+01,5.991317614788724910e+01,2.846952340564673278e+00
2.488248824882488464e+01,5.991378038936660033e+01,2.846749060940011233e+00
2.488748874887489038e+01,5.991436900480440642e+01,2.846545920372151706e+00
2.489248924892489256e+01,5.991494196582605269e+01,2.846342918957845747e+00
2.489748974897489830e+01,5.991549924659531001e+01,2.846140056781394367e+00
2.490249024902490405e+01,5.991604082381438445e+01,2.845937333914647205e+00
2.490749074907490979e+01,5.991656667672390313e+01,2.845734750417004300e+00
2.491249124912491197e+01,5.991707678710289287e+01,2.845532306335414763e+00
2.491749174917491771e+01,5.991757113926881573e+01,2.845330001704376777e+00
2.492249224922492346e+01,5.991804972007754060e+01,2.845127836545937594e+00
2.492749274927492920e+01,5.991851251892334318e+01,2.844925810869695315e+00
2.493249324932493494e+01,5.991895952773894152e+01,2.844723924672795778e+00
2.493749374937493712e+01,5.991939074099544627e+01,2.844522177939935670e+00
2.494249424942494286e+01,5.991980615570239621e+01,2.844320570643359858e+00
2.494749474947494861e+01,5.992020577140775117e+01,2.844119102742863614e+00
2.495249524952495435e+01,5.992058959019787778e+01,2.843917774185790392e+00
2.495749574957496009e+01,5.992095761669756371e+01,2.843716584907034939e+00
2.496249624962496227e+01,5.992130985807001053e+01,2.843515534829039737e+00
2.496749674967496802e+01,5.992164632401684088e+01,2.843314623861796786e+00
2.497249724972497376e+01,5.992196702677809839e+01,2.843113851902848932e+00
2.497749774977497950e+01,5.992227198113223352e+01,2.842913218837286760e+00
2.498249824982498524e+01,5.992256120439612488e+01,2.842712724537751257e+00
2.498749874987498742e+01,5.992283471642504367e+01,2.842512368864432482e+00
2.499249924992499317e+01,5.992309253961271054e+01,2.842312151665069564e+00
2.499749974997499891e+01,5.992333469889124586e+01,2.842112072774952036e+00
2.500250025002500465e+01,5.992356122173118393e+01,2.841912132016917614e+00
2.500750075007501039e+01,5.992377213814148007e+01,2.841712329201354414e+00
2.501250125012501258e+01,5.992396748066950352e+01,2.841512664126200072e+00
2.501750175017501832e+01,5.992414728440105876e+01,2.841313136576939957e+00
2.502250225022502406e+01,5.992431158696033577e+01,2.841113746326610290e+00
2.502750275027502980e+01,5.992446042850996690e+01,2.840914493135797247e+00
2.503250325032503198e+01,5.992459385175098419e+01,2.840715376752635191e+00
2.503750375037503773e+01,5.992471190192284780e+01,2.840516396912807995e+00
2.504250425042504347e+01,5.992481462680343895e+01,2.840317553339549494e+00
2.504750475047504921e+01,5.992490207670903146e+01,2.840118845743642595e+00
2.505250525052505495e+01,5.992497430449434859e+01,2.839920273823419716e+00
2.505750575057505714e+01,5.992503136555249910e+01,2.839721837264763238e+00
2.506250625062506288e+01,5.992507331781503410e+01,2.839523535741103277e+00
2.506750675067506862e+01,5.992510022175190443e+01,2.839325368913420800e+00
2.507250725072507436e+01,5.992511214037148903e+01,2.839127336430246729e+00
2.507750775077508010e+01,5.992510913922058080e+01,2.838929437927659283e+00
2.508250825082508229e+01,5.992509128638437943e+01,2.838731673029288416e+00
2.508750875087508803e+01,5.992505865248651276e+01,2.838534041346311376e+00
2.509250925092509377e+01,5.992501131068902254e+01,2.838336542477456703e+00
2.509750975097509951e+01,5.992494933669237156e+01,2.838139176009000675e+00
2.510251025102510525e+01,5.992487280873542943e+01,2.837941941514770416e+00
2.510751075107510744e+01,5.992478180759547968e+01,2.837744838556141680e+00
2.511251125112511318e+01,5.992467641658824817e+01,2.837547866682039732e+00
2.511751175117511892e+01,5.992455672156785340e+01,2.837351025428938911e+00
2.512251225122512466e+01,5.992442281092682776e+01,2.837154314320863957e+00
2.512751275127513040e+01,5.992427477559614601e+01,2.836957732869387794e+00
2.513251325132513259e+01,5.992411270904516840e+01,2.836761280573634192e+00
2.513751375137513833e+01,5.992393670728169752e+01,2.836564956920274660e+00
2.514251425142514407e+01,5.992374686885194279e+01,2.836368761383531112e+00
2.514751475147514981e+01,5.992354329484052755e+01,2.836172693425174973e+00
2.515251525152515200e+01,5.992332608887048906e+01,2.835976752494526743e+00
2.515751575157515774e+01,5.992309535710329271e+01,2.835780938028455989e+00
2.516251625162516348e+01,5.992285120823881783e+01,2.835585249451382683e+00
2.516751675167516922e+01,5.992259375351535766e+01,2.835389686175275425e+00
2.517251725172517496e+01,5.992232310670961937e+01,2.835194247599652329e+00
2.517751775177517715e+01,5.992203938413672404e+01,2.834998933111581021e+00
2.518251825182518289e+01,5.992174270465022801e+01,2.834803742085678646e+00
2.518751875187518863e+01,5.992143318964208021e+01,2.834608673884111418e+00
2.519251925192519437e+01,5.992111096304265772e+01,2.834413727856595067e+00
2.519751975197520011e+01,5.992077615132076573e+01,2.834218903340395279e+00
2.520252025202520230e+01,5.992042888348360918e+01,2.834024199660326815e+00
2.520752075207520804e+01,5.992006929107681401e+01,2.833829616128752615e+00
2.521252125212521378e+01,5.991969750818442719e+01,2.833635152045587358e+00
2.521752175217521952e+01,5.991931367142890963e+01,2.833440806698293457e+00
2.522252225222522526e+01,5.991891791997113614e+01,2.833246579361883288e+00
2.522752275227522745e+01,5.991851039551040969e+01,2.833052469298918741e+00
2.523252325232523319e+01,5.991809124228443295e+01,2.832858475759510331e+00
2.523752375237523893e+01,5.991766060706933672e+01,2.832664597981318533e+00
2.524252425242524467e+01,5.991721863917966573e+01,2.832470835189554226e+00
2.524752475247525041e+01,5.991676549046838574e+01,2.832277186596975582e+00
2.525252525252525260e+01,5.991630131532687642e+01,2.832083651403892510e+00
2.525752575257525834e+01,5.991582627068493139e+01,2.831890228798162212e+00
2.526252625262526408e+01,5.991534051601075817e+01,2.831696917955192294e+00
2.526752675267526982e+01,5.991484421331099242e+01,2.831503718037940320e+00
2.527252725272527201e+01,5.991433752713068372e+01,2.831310628196912482e+00
2.527752775277527775e+01,5.991382062455328139e+01,2.831117647570164042e+00
2.528252825282528349e+01,5.991329367520067706e+01,2.830924775283300221e+00
2.528752875287528923e+01,5.991275685123316919e+01,2.830732010449476643e+00
2.529252925292529497e+01,5.991221032734945595e+01,2.830539352169395784e+00
2.529752975297529716e+01,5.991165428078668498e+01,2.830346799531312740e+00
2.530253025302530290e+01,5.991108889132038939e+01,2.830154351611028574e+00
2.530753075307530864e+01,5.991051434126454467e+01,2.829962007471896968e+00
2.531253125312531438e+01,5.990993081547151888e+01,2.829769766164818456e+00
2.531753175317532012e+01,5.990933850133211536e+01,2.829577626728244866e+00
2.532253225322532231e+01,5.990873758877555133e+01,2.829385588188176204e+00
2.532753275327532805e+01,5.990812827026945797e+01,2.829193649558162882e+00
2.533253325332533379e+01,5.990751074081988037e+01,2.829001809839303494e+00
2.533753375337533953e+01,5.990688519797127753e+01,2.828810068020246593e+00
2.534253425342534527e+01,5.990625184180653662e+01,2.828618423077191135e+00
2.534753475347534746e+01,5.990561087494695869e+01,2.828426873973884259e+00
2.535253525352535320e+01,5.990496250255225164e+01,2.828235419661622174e+00
2.535753575357535894e+01,5.990430693232055859e+01,2.828044059079251937e+00
2.536253625362536468e+01,5.990364437448840818e+01,2.827852791153169232e+00
2.536753675367537042e+01,5.990297504183078559e+01,2.827661614797319256e+00
2.537253725372537261e+01,5.990229914966106151e+01,2.827470528913195835e+00
2.537753775377537835e+01,5.990161691583104187e+01,2.827279532389843641e+00
2.538253825382538409e+01,5.990092856073093941e+01,2.827088624103855530e+00
2.538753875387538983e+01,5.990023430728938081e+01,2.826897802919374758e+00
2.539253925392539202e+01,5.989953438097342797e+01,2.826707067688093211e+00
2.539753975397539776e+01,5.989882900978853542e+01,2.826516417249252289e+00
2.540254025402540350e+01,5.989811842427859290e+01,2.826325850429642905e+00
2.540754075407540924e+01,5.989740285752589699e+01,2.826135366043606378e+00
2.541254125412541498e+01,5.989668254515115819e+01,2.825944962893031320e+00
2.541754175417541717e+01,5.989595772531352225e+01,2.825754639767357634e+00
2.542254225422542291e+01,5.989522863871053460e+01,2.825564395443573851e+00
2.542754275427542865e+01,5.989449552857816172e+01,2.825374228686217570e+00
2.543254325432543439e+01,5.989375864069079114e+01,2.825184138247376797e+00
2.543754375437544013e+01,5.989301822336121006e+01,2.824994122866687718e+00
2.544254425442544232e+01,5.989227452744064806e+01,2.824804181271337367e+00
2.544754475447544806e+01,5.989152780631874151e+01,2.824614312176060960e+00
2.545254525452545380e+01,5.989077831592352652e+01,2.824424514283143672e+00
2.545754575457545954e+01,5.989002631472148863e+01,2.824234786282419751e+00
2.546254625462546528e+01,5.988927206371749890e+01,2.824045126851273402e+00
2.546754675467546747e+01,5.988851582645487071e+01,2.823855534654637456e+00
2.547254725472547321e+01,5.988775786901531006e+01,2.823666008344995149e+00
2.547754775477547895e+01,5.988699846001895111e+01,2.823476546562378342e+00
2.548254825482548469e+01,5.988623787062436321e+01,2.823287147934368413e+00
2.548754875487549043e+01,5.988547637452849415e+01,2.823097811076096253e+00
2.549254925492549262e+01,5.988471424796674825e+01,2.822908534590242713e+00
2.549754975497549836e+01,5.988395176971290823e+01,2.822719317067037270e+00
2.550255025502550410e+01,5.988318922107920628e+01,2.822530157084258917e+00
2.550755075507550984e+01,5.988242688591628138e+01,2.822341053207235717e+00
2.551255125512551203e+01,5.988166505061317224e+01,2.822152003988847024e+00
2.551755175517551777e+01,5.988090400409735281e+01,2.821963007969518600e+00
2.552255225522552351e+01,5.988014403783471806e+01,2.821774063677228384e+00
2.552755275527552925e+01,5.987938544582956268e+01,2.821585169627502498e+00
2.553255325532553499e+01,5.987862852462460950e+01,2.821396324323415694e+00
2.553755375537553718e+01,5.987787357330098814e+01,2.821207526255593567e+00
2.554255425542554292e+01,5.987712089347826350e+01,2.821018773902210786e+00
2.554755475547554866e+01,5.987637078931440016e+01,2.820830065728990643e+00
2.555255525552555440e+01,5.987562356750578374e+01,2.820641400189206394e+00
2.555755575557556014e+01,5.987487953728722090e+01,2.820452775723681249e+00
2.556255625562556233e+01,5.987413901043192510e+01,2.820264190760786605e+00
2.556755675567556807e+01,5.987340230125154505e+01,2.820075643716444258e+00
2.557255725572557381e+01,5.987266972659612918e+01,2.819887132994124634e+00
2.557755775577557955e+01,5.987194160585413982e+01,2.819698656984848562e+00
2.558255825582558529e+01,5.987121826095248167e+01,2.819510214067185938e+00
2.558755875587558748e+01,5.987050001635645202e+01,2.819321802607255290e+00
2.559255925592559322e+01,5.986978719906976210e+01,2.819133420958724656e+00
2.559755975597559896e+01,5.986908013863456546e+01,2.818945067462812926e+00
2.560256025602560470e+01,5.986837916713141539e+01,2.818756740448287168e+00
2.560756075607561044e+01,5.986768461917927198e+01,2.818568438231463968e+00
2.561256125612561263e+01,5.986699683193553057e+01,2.818380159116208983e+00
2.561756175617561837e+01,5.986631614509600041e+01,2.818191901393938714e+00
2.562256225622562411e+01,5.986564290089489759e+01,2.818003663343617404e+00
2.562756275627562985e+01,5.986497744410486632e+01,2.817815443231759698e+00
2.563256325632563559e+01,5.986432012203695052e+01,2.817627239312428866e+00
2.563756375637563778e+01,5.986367128454064357e+01,2.817439049827239028e+00
2.564256425642564352e+01,5.986303128400381723e+01,2.817250873005352041e+00
2.564756475647564926e+01,5.986240047535278563e+01,2.817062707063479721e+00
2.565256525652565500e+01,5.986177921605226970e+01,2.816874550205883843e+00
2.565756575657565719e+01,5.986116786610540430e+01,2.816686400624375697e+00
2.566256625662566293e+01,5.986056678805375952e+01,2.816498256498314312e+00
2.566756675667566867e+01,5.985997634697729097e+01,2.816310115994610452e+00
2.567256725672567441e+01,5.985939691049440370e+01,2.816121977267722620e+00
2.567756775677568015e+01,5.985882884876190246e+01,2.815933838459658833e+00
2.568256825682568234e+01,5.985827253447499885e+01,2.815745697699977956e+00
2.568756875687568808e+01,5.985772834286734678e+01,2.815557553105786148e+00
2.569256925692569382e+01,5.985719665171099990e+01,2.815369402781740860e+00
2.569756975697569956e+01,5.985667784131643288e+01,2.815181244820048168e+00
2.570257025702570530e+01,5.985617229453253429e+01,2.814993077300462776e+00
2.570757075707570749e+01,5.985568039674661378e+01,2.814804898290290236e+00
2.571257125712571323e+01,5.985520253588439488e+01,2.814616705844384725e+00
2.571757175717571897e+01,5.985473910241001505e+01,2.814428498005149937e+00
2.572257225722572471e+01,5.985429048932603990e+01,2.814240272802539078e+00
2.572757275727573045e+01,5.985385709217344186e+01,2.814052028254054427e+00
2.573257325732573264e+01,5.985343930903161436e+01,2.813863762364747778e+00
2.573757375737573838e+01,5.985303754051836478e+01,2.813675473127220883e+00
2.574257425742574412e+01,5.985265218978991442e+01,2.813487158521624121e+00
2.574757475747574986e+01,5.985228366254090560e+01,2.813298816515658274e+00
2.575257525752575560e+01,5.985193236700440167e+01,2.813110445064571863e+00
2.575757575757575779e+01,5.985159871395187992e+01,2.812922042111165144e+00
2.576257625762576353e+01,5.985128311669323153e+01,2.812733605585785224e+00
2.576757675767576927e+01,5.985098599107676165e+01,2.812545133406330500e+00
2.577257725772577501e+01,5.985070775548920352e+01,2.812356623478248441e+00
2.577757775777577720e+01,5.985044883085569012e+01,2.812168073694535142e+00
2.578257825782578294e+01,5.985020964063978965e+01,2.811979481935737102e+00
2.578757875787578868e+01,5.984999061084347716e+01,2.811790846069949001e+00
2.579257925792579442e+01,5.984979217000714868e+01,2.811602163952816369e+00
2.579757975797580016e+01,5.984961474920960711e+01,2.811413433427532915e+00
2.580258025802580235e+01,5.984945878206808345e+01,2.811224652324842754e+00
2.580758075807580809e+01,5.984932470473822264e+01,2.811035818463039071e+00
2.581258125812581383e+01,5.984921295591408352e+01,2.810846929647963233e+00
2.581758175817581957e+01,5.984912397682813889e+01,2.810657983673008342e+00
2.582258225822582531e+01,5.984905821125129677e+01,2.810468978319115241e+00
2.582758275827582750e+01,5.984901610549285067e+01,2.810279911354774285e+00
2.583258325832583324e+01,5.984899810840054357e+01,2.810090780536026234e+00
2.583758375837583898e+01,5.984900467136051105e+01,2.809901583606459585e+00
2.584258425842584472e+01,5.984903624829732394e+01,2.809712318297214573e+00
2.584758475847585046e+01,5.984909329567394565e+01,2.809522982326978280e+00
2.585258525852585265e+01,5.984917627249178196e+01,2.809333573401989081e+00
2.585758575857585839e+01,5.984928564029064546e+01,2.809144089216033979e+00
2.586258625862586413e+01,5.984942186314875556e+01,2.808954527450449490e+00
2.586758675867586987e+01,5.984958540768276691e+01,2.808764885774121645e+00
2.587258725872587561e+01,5.984977674304774098e+01,2.808575161843485990e+00
2.587758775877587780e+01,5.984999634093714604e+01,2.808385353302526699e+00
2.588258825882588354e+01,5.985024467558289274e+01,2.808195457782778792e+00
2.588758875887588928e+01,5.985052222375528430e+01,2.808005472903324584e+00
2.589258925892589502e+01,5.985082946476305921e+01,2.807815396270798569e+00
2.589758975897589721e+01,5.985116688045334854e+01,2.807625225479382092e+00
2.590259025902590295e+01,5.985153495521173284e+01,2.807434958110807344e+00
2.590759075907590869e+01,5.985193417596217813e+01,2.807244591734355588e+00
2.591259125912591443e+01,5.985236503216708570e+01,2.807054123906857157e+00
2.591759175917592017e+01,5.985282801582727075e+01,2.806863552172692344e+00
2.592259225922592236e+01,5.985332362148196239e+01,2.806672874063790513e+00
2.592759275927592810e+01,5.985385234620881079e+01,2.806482087099630540e+00
2.593259325932593384e+01,5.985441468962387290e+01,2.806291188787240820e+00
2.593759375937593958e+01,5.985501115388163385e+01,2.806100176621198372e+00
2.594259425942594532e+01,5.985564224367498554e+01,2.805909048083631063e+00
2.594759475947594751e+01,5.985630846623525514e+01,2.805717800644215387e+00
2.595259525952595325e+01,5.985701033133216242e+01,2.805526431760176465e+00
2.595759575957595899e+01,5.985774835127385529e+01,2.805334938876290263e+00
2.596259625962596473e+01,5.985852304090690978e+01,2.805143319424881376e+00
2.596759675967597047e+01,5.985933491761629455e+01,2.804951570825823470e+00
2.597259725972597266e+01,5.986018450132540636e+01,2.804759690486541057e+00
2.597759775977597840e+01,5.986107231449607013e+01,2.804567675802005944e+00
2.598259825982598414e+01,5.986199888212851761e+01,2.804375524154740784e+00
2.598759875987598988e+01,5.986296473176139443e+01,2.804183232914817747e+00
2.599259925992599563e+01,5.986397039347176019e+01,2.803990799439858073e+00
2.599759975997599781e+01,5.986501639987510259e+01,2.803798221075031627e+00
2.600260026002600355e+01,5.986610328612532328e+01,2.803605495153058680e+00
2.600760076007600929e+01,5.986722645949280519e+01,2.803412645265570102e+00
2.601260126012601503e+01,5.986836401564340093e+01,2.803219783568106305e+00
2.601760176017601722e+01,5.986951312275559900e+01,2.803026924441528234e+00
2.602260226022602296e+01,5.987067345896996784e+01,2.802834069408857598e+00
2.602760276027602870e+01,5.987184470460753971e+01,2.802641219982571208e+00
2.603260326032603444e+01,5.987302654216982489e+01,2.802448377664600976e+00
2.603760376037604019e+01,5.987421865633879037e+01,2.802255543946333027e+00
2.604260426042604237e+01,5.987542073397689535e+01,2.802062720308608590e+00
2.604760476047604811e+01,5.987663246412706286e+01,2.801869908221723104e+00
2.605260526052605385e+01,5.987785353801267263e+01,2.801677109145427114e+00
2.605760576057605959e+01,5.987908364903760372e+01,2.801484324528925818e+00
2.606260626062606534e+01,5.988032249278617769e+01,2.801291555810879075e+00
2.606760676067606752e+01,5.988156976702320122e+01,2.801098804419402288e+00
2.607260726072607326e+01,5.988282517169396613e+01,2.800906071772064188e+00
2.607760776077607900e+01,5.988408840892421381e+01,2.800713359275889047e+00
2.608260826082608475e+01,5.988535918302016370e+01,2.800520668327355800e+00
2.608760876087609049e+01,5.988663720046851324e+01,2.800328000312398480e+00
2.609260926092609267e+01,5.988792216993642370e+01,2.800135356606405335e+00
2.609760976097609841e+01,5.988921380227153435e+01,2.799942738574218826e+00
2.610261026102610415e+01,5.989051181050195538e+01,2.799750147570137848e+00
2.610761076107610990e+01,5.989181590983625370e+01,2.799557584937914623e+00
2.611261126112611564e+01,5.989312581766348842e+01,2.799365052010756028e+00
2.611761176117611782e+01,5.989444125355318249e+01,2.799172550111324931e+00
2.612261226122612356e+01,5.989576193925532976e+01,2.798980080551737526e+00
2.612761276127612931e+01,5.989708759870038790e+01,2.798787644633565552e+00
2.613261326132613505e+01,5.989841795799929969e+01,2.798595243647835407e+00
2.613761376137613723e+01,5.989975274544347172e+01,2.798402878875028144e+00
2.614261426142614297e+01,5.990109169150478863e+01,2.798210551585079475e+00
2.614761476147614871e+01,5.990243452883559172e+01,2.798018263037380216e+00
2.615261526152615446e+01,5.990378099226870745e+01,2.797826014480774948e+00
2.615761576157616020e+01,5.990513081881744029e+01,2.797633807153564245e+00
2.616261626162616238e+01,5.990648374767553719e+01,2.797441642283502894e+00
2.616761676167616812e+01,5.990783952021725156e+01,2.797249521087799895e+00
2.617261726172617387e+01,5.990919787999728641e+01,2.797057444773119350e+00
2.617761776177617961e+01,5.991055857275081564e+01,2.796865414535580907e+00
2.618261826182618535e+01,5.991192134639350542e+01,2.796673431560757983e+00
2.618761876187618753e+01,5.991328595102146437e+01,2.796481497023678653e+00
2.619261926192619327e+01,5.991465213891129338e+01,2.796289612088826537e+00
2.619761976197619902e+01,5.991601966452006423e+01,2.796097777910139026e+00
2.620262026202620476e+01,5.991738828448530541e+01,2.795905995631009056e+00
2.620762076207621050e+01,5.991875775762503054e+01,2.795714266384284219e+00
2.621262126212621268e+01,5.992012784493772415e+01,2.795522591292266323e+00
2.621762176217621843e+01,5.992149830960233459e+01,2.795330971466712278e+00
2.622262226222622417e+01,5.992286891697828821e+01,2.795139408008833204e+00
2.622762276227622991e+01,5.992423943460547520e+01,2.794947902009296659e+00
2.623262326232623565e+01,5.992560963220426373e+01,2.794756454548222191e+00
2.623762376237623783e+01,5.992697928167550003e+01,2.794565066695187117e+00
2.624262426242624358e+01,5.992834815710048701e+01,2.794373739509220744e+00
2.624762476247624932e+01,5.992971603474100561e+01,2.794182474038808817e+00
2.625262526252625506e+01,5.993108269303931479e+01,2.793991271321891290e+00
2.625762576257625724e+01,5.993244791261813731e+01,2.793800132385863222e+00
2.626262626262626299e+01,5.993381147628065975e+01,2.793609058247573440e+00
2.626762676267626873e+01,5.993517316901056802e+01,2.793418049913326762e+00
2.627262726272627447e+01,5.993653277797198342e+01,2.793227108378882217e+00
2.627762776277628021e+01,5.993789009250952660e+01,2.793036234629453052e+00
2.628262826282628239e+01,5.993924490414828199e+01,2.792845429639708055e+00
2.628762876287628814e+01,5.994059700659379786e+01,2.792654694373770230e+00
2.629262926292629388e+01,5.994194619573209337e+01,2.792464029785217239e+00
2.629762976297629962e+01,5.994329226962967994e+01,2.792273436817082732e+00
2.630263026302630536e+01,5.994463502853351855e+01,2.792082916401852799e+00
2.630763076307630755e+01,5.994597427487104824e+01,2.791892469461470405e+00
2.631263126312631329e+01,5.994730981325017893e+01,2.791702096907332287e+00
2.631763176317631903e+01,5.994864145045929149e+01,2.791511799640289837e+00
2.632263226322632477e+01,5.994996899546725189e+01,2.791321578550649551e+00
2.632763276327633051e+01,5.995129225942337570e+01,2.791131434518172583e+00
2.633263326332633270e+01,5.995261105565746362e+01,2.790941368412074741e+00
2.633763376337633844e+01,5.995392519967978728e+01,2.790751381091026495e+00
2.634263426342634418e+01,5.995523450918107500e+01,2.790561473403152970e+00
2.634763476347634992e+01,5.995653880403255442e+01,2.790371646186034393e+00
2.635263526352635566e+01,5.995783790628590282e+01,2.790181900266705650e+00
2.635763576357635785e+01,5.995913164017327546e+01,2.789992236461656283e+00
2.636263626362636359e+01,5.996041983210729853e+01,2.789802655576830048e+00
2.636763676367636933e+01,5.996170231068106915e+01,2.789613158407626692e+00
2.637263726372637507e+01,5.996297890666816244e+01,2.789423745738899285e+00
2.637763776377637726e+01,5.996424945302261023e+01,2.789234418344956890e+00
2.638263826382638300e+01,5.996551378487892947e+01,2.789045176989562336e+00
2.638763876387638874e+01,5.996677173955210094e+01,2.788856022425933556e+00
2.639263926392639448e+01,5.996802315653759052e+01,2.788666955396743141e+00
2.639763976397640022e+01,5.996926787751132082e+01,2.788477976634118338e+00
2.640264026402640241e+01,5.997050574632968534e+01,2.788289086859642385e+00
2.640764076407640815e+01,5.997173660902955561e+01,2.788100286784350956e+00
2.641264126412641389e+01,5.997296031382827408e+01,2.787911577108736161e+00
2.641764176417641963e+01,5.997417671112366122e+01,2.787722958522744321e+00
2.642264226422642537e+01,5.997538565349399420e+01,2.787534431705776417e+00
2.642764276427642756e+01,5.997658699569802820e+01,2.787345997326688973e+00
2.643264326432643330e+01,5.997778059467500356e+01,2.787157656043791398e+00
2.643764376437643904e+01,5.997896630954460306e+01,2.786969408504849977e+00
2.644264426442644478e+01,5.998014400160700177e+01,2.786781255347084763e+00
2.644764476447645052e+01,5.998131353434285273e+01,2.786593197197169580e+00
2.645264526452645271e+01,5.998247477341325862e+01,2.786405234671235132e+00
2.645764576457645845e+01,5.998362758665980721e+01,2.786217368374865000e+00
2.646264626462646419e+01,5.998477184410456431e+01,2.786029598903098758e+00
2.646764676467646993e+01,5.998590741795004533e+01,2.785841926840429306e+00
2.647264726472647567e+01,5.998703418257925790e+01,2.785654352760805530e+00
2.647764776477647786e+01,5.998815201455566637e+01,2.785466877227631421e+00
2.648264826482648360e+01,5.998926079262322020e+01,2.785279500793763408e+00
2.648764876487648934e+01,5.999036039770633977e+01,2.785092224001515682e+00
2.649264926492649508e+01,5.999145071290990217e+01,2.784905047382654875e+00
2.649764976497649727e+01,5.999253162351926250e+01,2.784717971458403163e+00
2.650265026502650301e+01,5.999360301700026099e+01,2.784530996739437825e+00
2.650765076507650875e+01,5.999466478299918748e+01,2.784344123725890352e+00
2.651265126512651449e+01,5.999571681334281692e+01,2.784157352907346894e+00
2.651765176517652023e+01,5.999675900203840229e+01,2.783970684762849146e+00
2.652265226522652242e+01,5.999779124527364615e+01,2.783784119760892573e+00
2.652765276527652816e+01,5.999881344141673623e+01,2.783597658359427740e+00
2.653265326532653390e+01,5.999982549101633822e+01,2.783411301005859873e+00
2.653765376537653964e+01,6.000082729680158167e+01,2.783225048137049296e+00
2.654265426542654538e+01,6.000181876368206701e+01,2.783038900179310993e+00
2.654765476547654757e+01,6.000279979874785852e+01,2.782852857548414605e+00
2.655265526552655331e+01,6.000377031126951266e+01,2.782666920649583986e+00
2.655765576557655905e+01,6.000473021269803553e+01,2.782481089877498093e+00
2.656265626562656479e+01,6.000567941666491834e+01,2.782295365616290983e+00
2.656765676567657053e+01,6.000661783898212320e+01,2.782109748239551372e+00
2.657265726572657272e+01,6.000754539764207607e+01,2.781924238110322189e+00
2.657765776577657846e+01,6.000846201281768089e+01,2.781738835581101466e+00
2.658265826582658420e+01,6.000936760686231253e+01,2.781553540993842333e+00
2.658765876587658994e+01,6.001026210430981678e+01,2.781368354679951249e+00
2.659265926592659568e+01,6.001114543187450323e+01,2.781183276960291550e+00
2.659765976597659787e+01,6.001201751845115950e+01,2.780998308145179454e+00
2.660266026602660361e+01,6.001287829511505834e+01,2.780813448534387167e+00
2.660766076607660935e+01,6.001372769512192207e+01,2.780628698417140665e+00
2.661266126612661509e+01,6.001456565390795106e+01,2.780444058072121027e+00
2.661766176617661728e+01,6.001539210908982369e+01,2.780259527767464434e+00
2.662266226622662302e+01,6.001620700046468215e+01,2.780075107760761721e+00
2.662766276627662876e+01,6.001701027001014666e+01,2.779890798299057497e+00
2.663266326632663450e+01,6.001780186188430832e+01,2.779706599618852803e+00
2.663766376637664024e+01,6.001858172242572209e+01,2.779522511946102004e+00
2.664266426642664243e+01,6.001934980015341381e+01,2.779338535496214568e+00
2.664766476647664817e+01,6.002010604576690156e+01,2.779154670474055067e+00
2.665266526652665391e+01,6.002085041214615302e+01,2.778970917073942282e+00
2.665766576657665965e+01,6.002158285435161389e+01,2.778787275479650098e+00
2.666266626662666539e+01,6.002230332962420789e+01,2.778603745864407504e+00
2.666766676667666758e+01,6.002301179738530834e+01,2.778420328390897254e+00
2.667266726672667332e+01,6.002370821923679500e+01,2.778237023211257206e+00
2.667766776677667906e+01,6.002439255896099013e+01,2.778053830467080765e+00
2.668266826682668480e+01,6.002506478252070110e+01,2.777870750289414659e+00
2.668766876687669054e+01,6.002572485805919911e+01,2.777687782798761607e+00
2.669266926692669273e+01,6.002637275590023336e+01,2.777504928105078985e+00
2.669766976697669847e+01,6.002700844854802398e+01,2.777322186307777496e+00
2.670267026702670421e+01,6.002763191068726201e+01,2.777139557495724276e+00
2.670767076707670995e+01,6.002824311918310229e+01,2.776957041747240229e+00
2.671267126712671569e+01,6.002884205308118482e+01,2.776774639130100919e+00
2.671767176717671788e+01,6.002942869360761335e+01,2.776592349701537898e+00
2.672267226722672362e+01,6.003000302416895551e+01,2.776410173508236046e+00
2.672767276727672936e+01,6.003056503035227109e+01,2.776228110586335340e+00
2.673267326732673510e+01,6.003111469992507665e+01,2.776046160961430864e+00
2.673767376737673729e+01,6.003165202283535962e+01,2.775864324648572357e+00
2.674267426742674303e+01,6.003217699121157835e+01,2.775682601652263770e+00
2.674767476747674877e+01,6.003268959936266924e+01,2.775500991966464603e+00
2.675267526752675451e+01,6.003318984377804668e+01,2.775319495574588569e+00
2.675767576757676025e+01,6.003367772312757467e+01,2.775138112449503591e+00
2.676267626762676244e+01,6.003415323826160233e+01,2.774956842553534031e+00
2.676767676767676818e+01,6.003461639221095680e+01,2.774775685838457129e+00
2.677267726772677392e+01,6.003506719018692905e+01,2.774594642245506115e+00
2.677767776777677966e+01,6.003550563958128095e+01,2.774413711705367991e+00
2.678267826782678540e+01,6.003593174996623816e+01,2.774232894138185301e+00
2.678767876787678759e+01,6.003634553309451860e+01,2.774052189453555251e+00
2.679267926792679333e+01,6.003674700289928978e+01,2.773871597550529255e+00
2.679767976797679907e+01,6.003713617549421144e+01,2.773691118317613835e+00
2.680268026802680481e+01,6.003751306917339292e+01,2.773510751632770610e+00
2.680768076807681055e+01,6.003787770441142868e+01,2.773330497363414970e+00
2.681268126812681274e+01,6.003823010386339121e+01,2.773150355366417408e+00
2.681768176817681848e+01,6.003857029236480258e+01,2.772970325488103960e+00
2.682268226822682422e+01,6.003889829693167712e+01,2.772790407564254433e+00
2.682768276827682996e+01,6.003921414676049295e+01,2.772610601420103738e+00
2.683268326832683570e+01,6.003951787322819200e+01,2.772430906870341882e+00
2.683768376837683789e+01,6.003980950989220844e+01,2.772251323719112648e+00
2.684268426842684363e+01,6.004008909249042603e+01,2.772071851760015360e+00
2.684768476847684937e+01,6.004035665894120655e+01,2.771892490776104001e+00
2.685268526852685511e+01,6.004061224934338981e+01,2.771713240539886769e+00
2.685768576857685730e+01,6.004085590597628652e+01,2.771534100813327850e+00
2.686268626862686304e+01,6.004108767329967122e+01,2.771355071347844312e+00
2.686768676867686878e+01,6.004130759795378935e+01,2.771176151884309213e+00
2.687268726872687452e+01,6.004151572875937148e+01,2.770997342153050269e+00
2.687768776877688026e+01,6.004171211671760489e+01,2.770818641873849852e+00
2.688268826882688245e+01,6.004189681501015485e+01,2.770640050755944994e+00
2.688768876887688819e+01,6.004206987899916470e+01,2.770461568498026939e+00
2.689268926892689393e+01,6.004223136622723445e+01,2.770283194788242476e+00
2.689768976897689967e+01,6.004238133641744213e+01,2.770104929304193053e+00
2.690269026902690541e+01,6.004251985147334381e+01,2.769926771712934332e+00
2.690769076907690760e+01,6.004264697547895935e+01,2.769748721670977076e+00
2.691269126912691334e+01,6.004276277469878664e+01,2.769570778824286705e+00
2.691769176917691908e+01,6.004286731757778739e+01,2.769392942808283742e+00
2.692269226922692482e+01,6.004296067474140131e+01,2.769215213247842478e+00
2.692769276927693056e+01,6.004304291899552481e+01,2.769037589757292750e+00
2.693269326932693275e+01,6.004311412532655368e+01,2.768860071940419498e+00
2.693769376937693849e+01,6.004317437090133325e+01,2.768682659390461431e+00
2.694269426942694423e+01,6.004322373506718691e+01,2.768505351690111915e+00
2.694769476947694997e+01,6.004326229935190895e+01,2.768328148411520306e+00
2.695269526952695571e+01,6.004329014746376458e+01,2.768151049116289730e+00
2.695769576957695790e+01,6.004330736529148993e+01,2.767974053355478414e+00
2.696269626962696364e+01,6.004331404090429913e+01,2.767797160669598799e+00
2.696769676967696938e+01,6.004331026455187015e+01,2.767620370588618428e+00
2.697269726972697512e+01,6.004329612866435184e+01,2.767443682631959945e+00
2.697769776977697731e+01,6.004327172785237821e+01,2.767267096308500207e+00
2.698269826982698305e+01,6.004323715890702573e+01,2.767090611116571175e+00
2.698769876987698879e+01,6.004319252079988445e+01,2.766914226543959021e+00
2.699269926992699453e+01,6.004313791468297268e+01,2.766737942067905021e+00
2.699769976997700027e+01,6.004307344388880807e+01,2.766561757155105550e+00
2.700270027002700246e+01,6.004299921393037209e+01,2.766385671261710755e+00
2.700770077007700820e+01,6.004291533250111712e+01,2.766209683833326771e+00
2.701270127012701394e+01,6.004282190947497355e+01,2.766033794305013060e+00
2.701770177017701968e+01,6.004271905690632138e+01,2.765858002101285074e+00
2.702270227022702542e+01,6.004260688903004706e+01,2.765682306636112475e+00
2.702770277027702761e+01,6.004248552226147240e+01,2.765506707312919588e+00
2.703270327032703335e+01,6.004235507519642567e+01,2.765331203524585391e+00
2.703770377037703909e+01,6.004221566861117054e+01,2.765155794653443966e+00
2.704270427042704483e+01,6.004206742546247000e+01,2.764980480071283608e+00
2.704770477047705057e+01,6.004191047088754374e+01,2.764805259139348159e+00
2.705270527052705276e+01,6.004174493220409659e+01,2.764630131208335673e+00
2.705770577057705850e+01,6.004157093891029717e+01,2.764455095618398417e+00
2.706270627062706424e+01,6.004138862268477084e+01,2.764280151699144650e+00
2.706770677067706998e+01,6.004119811738664225e+01,2.764105298769636399e+00
2.707270727072707572e+01,6.004099955905548569e+01,2.763930536138390348e+00
2.707770777077707791e+01,6.004079308591136055e+01,2.763755863103379173e+00
2.708270827082708365e+01,6.004057883835479004e+01,2.763581278952028875e+00
2.708770877087708939e+01,6.004035695896677538e+01,2.763406782961220109e+00
2.709270927092709513e+01,6.004012759250878162e+01,2.763232374397289970e+00
2.709770977097709732e+01,6.003989088592274470e+01,2.763058052516028873e+00
2.710271027102710306e+01,6.003964698833108571e+01,2.762883816562682338e+00
2.710771077107710880e+01,6.003939605103667532e+01,2.762709665771950096e+00
2.711271127112711454e+01,6.003913822752288354e+01,2.762535599367987427e+00
2.711771177117712028e+01,6.003887367345352288e+01,2.762361616564403821e+00
2.712271227122712247e+01,6.003860254667290519e+01,2.762187716564264317e+00
2.712771277127712821e+01,6.003832500720578480e+01,2.762013898560087721e+00
2.713271327132713395e+01,6.003804121725740828e+01,2.761840161733847498e+00
2.713771377137713969e+01,6.003775134121349311e+01,2.761666505256973103e+00
2.714271427142714543e+01,6.003745554564021347e+01,2.761492928290347315e+00
2.714771477147714762e+01,6.003715399928423579e+01,2.761319429984308904e+00
2.715271527152715336e+01,6.003684687307268320e+01,2.761146009478649521e+00
2.715771577157715910e+01,6.003653434011314260e+01,2.760972665902618139e+00
2.716271627162716484e+01,6.003621657569370029e+01,2.760799398374916169e+00
2.716771677167717058e+01,6.003589375728289212e+01,2.760626206003701455e+00
2.717271727172717277e+01,6.003556606452972488e+01,2.760453087886585166e+00
2.717771777177717851e+01,6.003523367926369048e+01,2.760280043110634018e+00
2.718271827182718425e+01,6.003489678549474462e+01,2.760107070752369385e+00
2.718771877187718999e+01,6.003455556941331395e+01,2.759934169877767296e+00
2.719271927192719573e+01,6.003421021939029600e+01,2.759761339542258440e+00
2.719771977197719792e+01,6.003386092597705925e+01,2.759588578790728608e+00
2.720272027202720366e+01,6.003350788190544307e+01,2.759415886657517358e+00
2.720772077207720940e+01,6.003315128208777196e+01,2.759243262166420241e+00
2.721272127212721514e+01,6.003279132361682713e+01,2.759070704330687018e+00
2.721772177217721733e+01,6.003242820576586070e+01,2.758898212153022111e+00
2.722272227222722307e+01,6.003206212998860991e+01,2.758725784625584598e+00
2.722772277227722881e+01,6.003169329991926162e+01,2.758553420729987771e+00
2.723272327232723455e+01,6.003132192137249490e+01,2.758381119437301354e+00
2.723772377237724029e+01,6.003094820234344553e+01,2.758208879708048400e+00
2.724272427242724248e+01,6.003057235300774153e+01,2.758036700492207061e+00
2.724772477247724822e+01,6.003019458572146050e+01,2.757864580729210147e+00
2.725272527252725396e+01,6.002981511502115808e+01,2.757692519347945126e+00
2.725772577257725970e+01,6.002943415762386081e+01,2.757520515266754568e+00
2.726272627262726544e+01,6.002905193242707327e+01,2.757348567393435257e+00
2.726772677267726763e+01,6.002866866050877093e+01,2.757176674625239521e+00
2.727272727272727337e+01,6.002828456512739308e+01,2.757004835848873903e+00
2.727772777277727911e+01,6.002789987172185704e+01,2.756833049940499158e+00
2.728272827282728485e+01,6.002751480791154393e+01,2.756661315765732034e+00
2.728772877287729060e+01,6.002712960349631288e+01,2.756489632179642602e+00
2.729272927292729278e+01,6.002674449045650107e+01,2.756317998026757365e+00
2.729772977297729852e+01,6.002635970295290235e+01,2.756146412141055713e+00
2.730273027302730426e+01,6.002597547732678862e+01,2.755974873345972576e+00
2.730773077307731000e+01,6.002559205209990267e+01,2.755803380454398432e+00
2.731273127312731575e+01,6.002520966797446533e+01,2.755631932268677531e+00
2.731773177317731793e+01,6.002482856783316834e+01,2.755460527580608776e+00
2.732273227322732367e+01,6.002444899673916012e+01,2.755289165171446175e+00
2.732773277327732941e+01,6.002407120193606715e+01,2.755117843811898393e+00
2.733273327332733516e+01,6.002369543284800812e+01,2.754946562262129195e+00
2.733773377337733734e+01,6.002332194107954422e+01,2.754775319271756562e+00
2.734273427342734308e+01,6.002295098041571464e+01,2.754604113579853575e+00
2.734773477347734882e+01,6.002258280682205083e+01,2.754432943914947529e+00
2.735273527352735456e+01,6.002221767844453382e+01,2.754261808995020822e+00
2.735773577357736031e+01,6.002185585560961556e+01,2.754090707527510951e+00
2.736273627362736249e+01,6.002149760082424024e+01,2.753919638209310072e+00
2.736773677367736823e+01,6.002114317877579452e+01,2.753748599726763668e+00
2.737273727372737397e+01,6.002079285633217154e+01,2.753577590755673654e+00
2.737773777377737972e+01,6.002044690254169979e+01,2.753406609961296159e+00
2.738273827382738546e+01,6.002010558863320000e+01,2.753235655998341969e+00
2.738773877387738764e+01,6.001976918801596383e+01,2.753064727510976972e+00
2.739273927392739338e+01,6.001943797627975385e+01,2.752893823132820827e+00
2.739773977397739912e+01,6.001911223119479644e+01,2.752722941486949182e+00
2.740274027402740487e+01,6.001879223271178887e+01,2.752552081185891009e+00
2.740774077407741061e+01,6.001847826296192068e+01,2.752381240831631715e+00
2.741274127412741279e+01,6.001817060625682387e+01,2.752210419015609588e+00
2.741774177417741853e+01,6.001786954908862981e+01,2.752039614318719796e+00
2.742274227422742428e+01,6.001757538012991233e+01,2.751868825311309941e+00
2.742774277427743002e+01,6.001728839023374462e+01,2.751698050553184061e+00
2.743274327432743576e+01,6.001700887243364946e+01,2.751527288593599962e+00
2.743774377437743794e+01,6.001673712194363475e+01,2.751356537971270999e+00
2.744274427442744368e+01,6.001647343615817221e+01,2.751185797214364737e+00
2.744774477447744943e+01,6.001621811465221157e+01,2.751015064840503399e+00
2.745274527452745517e+01,6.001597145918117349e+01,2.750844339356764312e+00
2.745774577457745735e+01,6.001573377368094953e+01,2.750673619259679015e+00
2.746274627462746309e+01,6.001550536426788796e+01,2.750502903035235036e+00
2.746774677467746884e+01,6.001528653923883638e+01,2.750332189158872342e+00
2.747274727472747458e+01,6.001507760907108491e+01,2.750161476095488222e+00
2.747774777477748032e+01,6.001487888642242297e+01,2.749990762299432845e+00
2.748274827482748250e+01,6.001469068613108959e+01,2.749820046214512370e+00
2.748774877487748824e+01,6.001451332521580184e+01,2.749649326273986727e+00
2.749274927492749399e+01,6.001434712287575479e+01,2.749478600900570502e+00
2.749774977497749973e+01,6.001419240049061443e+01,2.749307868506434271e+00
2.750275027502750547e+01,6.001404948162050346e+01,2.749137127493202382e+00
2.750775077507750765e+01,6.001391869200603679e+01,2.748966376251953836e+00
2.751275127512751340e+01,6.001380035956828607e+01,2.748795613163223184e+00
2.751775177517751914e+01,6.001369481440879383e+01,2.748624836596998300e+00
2.752275227522752488e+01,6.001360238880958775e+01,2.748454044912723049e+00
2.752775277527753062e+01,6.001352341723315931e+01,2.748283236459295953e+00
2.753275327532753280e+01,6.001345823632246379e+01,2.748112409575069748e+00
2.753775377537753855e+01,6.001340718490094162e+01,2.747941562587851827e+00
2.754275427542754429e+01,6.001337060397249701e+01,2.747770693814905130e+00
2.754775477547755003e+01,6.001334883672150511e+01,2.747599801562946364e+00
2.755275527552755577e+01,6.001334222851281197e+01,2.747428884128148230e+00
2.755775577557755796e+01,6.001335112689174167e+01,2.747257939796136306e+00
2.756275627562756370e+01,6.001337588158408920e+01,2.747086966841992606e+00
2.756775677567756944e+01,6.001341684449610625e+01,2.746915963530253357e+00
2.757275727572757518e+01,6.001347436971454385e+01,2.746744928114908557e+00
2.757775777577757736e+01,6.001354881350659554e+01,2.746573858839405080e+00
2.758275827582758311e+01,6.001364053431993995e+01,2.746402753936642238e+00
2.758775877587758885e+01,6.001374989278272665e+01,2.746231611628975777e+00
2.759275927592759459e+01,6.001387725170358323e+01,2.746060430128214769e+00
2.759775977597760033e+01,6.001402297607160108e+01,2.745889207635624274e+00
2.760276027602760252e+01,6.001418743305633541e+01,2.745717942341924012e+00
2.760776077607760826e+01,6.001437099200782654e+01,2.745546632427287026e+00
2.761276127612761400e+01,6.001457402445657863e+01,2.745375276061342795e+00
2.761776177617761974e+01,6.001479690411357382e+01,2.745203871403174123e+00
2.762276227622762548e+01,6.001504000687026519e+01,2.745032416601320246e+00
2.762776277627762767e+01,6.001530371079856963e+01,2.744860909793773285e+00
2.763276327632763341e+01,6.001558839615087493e+01,2.744689349107981347e+00
2.763776377637763915e+01,6.001589444536005402e+01,2.744517732660846754e+00
2.764276427642764489e+01,6.001622224303943653e+01,2.744346058558726931e+00
2.764776477647765063e+01,6.001657217598283012e+01,2.744174324897433515e+00
2.765276527652765282e+01,6.001694463316452044e+01,2.744002529762233245e+00
2.765776577657765856e+01,6.001734000573925698e+01,2.743830671227847517e+00
2.766276627662766430e+01,6.001775868704225303e+01,2.743658747358452388e+00
2.766776677667767004e+01,6.001820107258921411e+01,2.743486756207679012e+00
2.767276727672767578e+01,6.001866756007629533e+01,2.743314695818612758e+00
2.767776777677767797e+01,6.001915854938013695e+01,2.743142564223794100e+00
2.768276827682768371e+01,6.001967444255784301e+01,2.742970359445218165e+00
2.768776877687768945e+01,6.002021564384700270e+01,2.742798079494334740e+00
2.769276927692769519e+01,6.002078255966566189e+01,2.742625722372048713e+00
2.769776977697769738e+01,6.002137559861234450e+01,2.742453286068718743e+00
2.770277027702770312e+01,6.002199517146603824e+01,2.742280768564159033e+00
2.770777077707770886e+01,6.002264169118621595e+01,2.742108167827638887e+00
2.771277127712771460e+01,6.002331557291281428e+01,2.741935481817881382e+00
2.771777177717772034e+01,6.002401723396624078e+01,2.741762708483064692e+00
2.772277227722772253e+01,6.002474709384737395e+01,2.741589845760822541e+00
2.772777277727772827e+01,6.002550557423756317e+01,2.741416891578241533e+00
2.773277327732773401e+01,6.002629309899864296e+01,2.741243843851865147e+00
2.773777377737773975e+01,6.002710983504098863e+01,2.741070701787686748e+00
2.774277427742774549e+01,6.002794202107396870e+01,2.740897534437519489e+00
2.774777477747774768e+01,6.002878150502568388e+01,2.740724382628159983e+00
2.775277527752775342e+01,6.002962808244357262e+01,2.740551247300174076e+00
2.775777577757775916e+01,6.003048155026124277e+01,2.740378129387594175e+00
2.776277627762776490e+01,6.003134170679844317e+01,2.740205029817915250e+00
2.776777677767777064e+01,6.003220835176112047e+01,2.740031949512097054e+00
2.777277727772777283e+01,6.003308128624136231e+01,2.739858889384563678e+00
2.777777777777777857e+01,6.003396031271744704e+01,2.739685850343203111e+00
2.778277827782778431e+01,6.003484523505379400e+01,2.739512833289368121e+00
2.778777877787779005e+01,6.003573585850100613e+01,2.739339839117875375e+00
2.779277927792779579e+01,6.003663198969584158e+01,2.739166868717006320e+00
2.779777977797779798e+01,6.003753343666123499e+01,2.738993922968505856e+00
2.780278027802780372e+01,6.003844000880627618e+01,2.738821002747583666e+00
2.780778077807780946e+01,6.003935151692623151e+01,2.738648108922913327e+00
2.781278127812781520e+01,6.004026777320252961e+01,2.738475242356633199e+00
2.781778177817781739e+01,6.004118859120275431e+01,2.738302403904345539e+00
2.782278227822782313e+01,6.004211378588066594e+01,2.738129594415116497e+00
2.782778277827782887e+01,6.004304317357620135e+01,2.737956814731477895e+00
2.783278327832783461e+01,6.004397657201544547e+01,2.737784065689424118e+00
2.783778377837784035e+01,6.004491380031065972e+01,2.737611348118414334e+00
2.784278427842784254e+01,6.004585467896026074e+01,2.737438662841372938e+00
2.784778477847784828e+01,6.004679902984884876e+01,2.737266010674687333e+00
2.785278527852785402e+01,6.004774667624716500e+01,2.737093392428209704e+00
2.785778577857785976e+01,6.004869744281214849e+01,2.736920808905256131e+00
2.786278627862786550e+01,6.004965115558687927e+01,2.736748260902607921e+00
2.786778677867786769e+01,6.005060764200060675e+01,2.736575749210509390e+00
2.787278727872787343e+01,6.005156673086876395e+01,2.736403274612670078e+00
2.787778777877787917e+01,6.005252825239292491e+01,2.736230837886262979e+00
2.788278827882788491e+01,6.005349203816084724e+01,2.736058439801926312e+00
2.788778877887789065e+01,6.005445792114645798e+01,2.735886081123761748e+00
2.789278927892789284e+01,6.005542573570982512e+01,2.735713762609335742e+00
2.789778977897789858e+01,6.005639531759721450e+01,2.735541485009678642e+00
2.790279027902790432e+01,6.005736650394104004e+01,2.735369249069284692e+00
2.790779077907791006e+01,6.005833913325988505e+01,2.735197055526113363e+00
2.791279127912791580e+01,6.005931304545848803e+01,2.735024905111587579e+00
2.791779177917791799e+01,6.006028808182777823e+01,2.734852798550595043e+00
2.792279227922792373e+01,6.006126408504483294e+01,2.734680736561487802e+00
2.792779277927792947e+01,6.006224089917289888e+01,2.734508719856080905e+00
2.793279327932793521e+01,6.006321836966139216e+01,2.734336749139655964e+00
2.793779377937793740e+01,6.006419634334588409e+01,2.734164825110956265e+00
2.794279427942794314e+01,6.006517466844812958e+01,2.733992948462191208e+00
2.794779477947794888e+01,6.006615319457603874e+01,2.733821119879033645e+00
2.795279527952795462e+01,6.006713177272368398e+01,2.733649340040621212e+00
2.795779577957796036e+01,6.006811025527132131e+01,2.733477609619554993e+00
2.796279627962796255e+01,6.006908849598534772e+01,2.733305929281900859e+00
2.796779677967796829e+01,6.007006635001835093e+01,2.733134299687189461e+00
2.797279727972797403e+01,6.007104367390906674e+01,2.732962721488414015e+00
2.797779777977797977e+01,6.007202032558240035e+01,2.732791195332034295e+00
2.798279827982798551e+01,6.007299616434944056e+01,2.732619721857972195e+00
2.798779877987798770e+01,6.007397105090741007e+01,2.732448301699615723e+00
2.799279927992799344e+01,6.007494484733972939e+01,2.732276935483815450e+00
2.799779977997799918e+01,6.007591741711596711e+01,2.732105623830887620e+00
2.800280028002800492e+01,6.007688862509186833e+01,2.731934367354611481e+00
2.800780078007801066e+01,6.007785833750931914e+01,2.731763166662231512e+00
2.801280128012801285e+01,6.007882642199641055e+01,2.731592022354456528e+00
2.801780178017801859e+01,6.007979274756737453e+01,2.731420935025458352e+00
2.802280228022802433e+01,6.008075718462261250e+01,2.731249905262874034e+00
2.802780278027803007e+01,6.008171960494869523e+01,2.731078933647804963e+00
2.803280328032803581e+01,6.008267988171835583e+01,2.730908020754816867e+00
2.803780378037803800e+01,6.008363788949049678e+01,2.730737167151939371e+00
2.804280428042804374e+01,6.008459350421018996e+01,2.730566373400665547e+00
2.804780478047804948e+01,6.008554660320866248e+01,2.730395640055954587e+00
2.805280528052805522e+01,6.008649706520332501e+01,2.730224967666228686e+00
2.805780578057805741e+01,6.008744477029773634e+01,2.730054356773374380e+00
2.806280628062806315e+01,6.008838959998162466e+01,2.729883807912742544e+00
2.806780678067806889e+01,6.008933143713089464e+01,2.729713321613148835e+00
2.807280728072807463e+01,6.009027016600761328e+01,2.729542898396872364e+00
2.807780778077808037e+01,6.009120567226000276e+01,2.729372538779656576e+00
2.808280828082808256e+01,6.009213784292246885e+01,2.729202243270710593e+00
2.808780878087808830e+01,6.009306656641556543e+01,2.729032012372705651e+00
2.809280928092809404e+01,6.009399173254602999e+01,2.728861846581778661e+00
2.809780978097809978e+01,6.009491323250675521e+01,2.728691746387529982e+00
2.810281028102810552e+01,6.009583095887679605e+01,2.728521712273025202e+00
2.810781078107810771e+01,6.009674480562138399e+01,2.728351744714793803e+00
2.811281128112811345e+01,6.009765466809190571e+01,2.728181844182828719e+00
2.811781178117811919e+01,6.009856044302593858e+01,2.728012011140587667e+00
2.812281228122812493e+01,6.009946202854718678e+01,2.727842246044993590e+00
2.812781278127813067e+01,6.010035932416555937e+01,2.727672549346431996e+00
2.813281328132813286e+01,6.010125223077709933e+01,2.727502921488753618e+00
2.813781378137813860e+01,6.010214065066404032e+01,2.727333362909273529e+00
2.814281428142814434e+01,6.010302448749477122e+01,2.727163874038770697e+00
2.814781478147815008e+01,6.010390364632384319e+01,2.726994455301488873e+00
2.815281528152815582e+01,6.010477803359197679e+01,2.726825107115134816e+00
2.815781578157815801e+01,6.010564755712606910e+01,2.726655829890880955e+00
2.816281628162816375e+01,6.010651212613916528e+01,2.726486624033363615e+00
2.816781678167816949e+01,6.010737165123049408e+01,2.726317489940682570e+00
2.817281728172817523e+01,6.010822604438543948e+01,2.726148428004403268e+00
2.817781778177818097e+01,6.010907521897554773e+01,2.725979438609553718e+00
2.818281828182818316e+01,6.010991908975854159e+01,2.725810522134628044e+00
2.818781878187818890e+01,6.011075757287830612e+01,2.725641678951582936e+00
2.819281928192819464e+01,6.011159058586489579e+01,2.725472909425840307e+00
2.819781978197820038e+01,6.011241804763452024e+01,2.725304213916285967e+00
2.820282028202820257e+01,6.011323987848956563e+01,2.725135592775270066e+00
2.820782078207820831e+01,6.011405600011858752e+01,2.724967046348607536e+00
2.821282128212821405e+01,6.011486633559628956e+01,2.724798574975576759e+00
2.821782178217821979e+01,6.011567080938355900e+01,2.724630178988920903e+00
2.822282228222822553e+01,6.011646934732744540e+01,2.724461858714846585e+00
2.822782278227822772e+01,6.011726187666115351e+01,2.724293614473026093e+00
2.823282328232823346e+01,6.011804832600407167e+01,2.724125446576594722e+00
2.823782378237823920e+01,6.011882862536175054e+01,2.723957355332152552e+00
2.824282428242824494e+01,6.011960270612588175e+01,2.723789341039764000e+00
2.824782478247825068e+01,6.012037050107436897e+01,2.723621403992956935e+00
2.825282528252825287e+01,6.012113194437123553e+01,2.723453544478725341e+00
2.825782578257825861e+01,6.012188697156669548e+01,2.723285762777524877e+00
2.826282628262826435e+01,6.012263551959713936e+01,2.723118059163277760e+00
2.826782678267827009e+01,6.012337752678509162e+01,2.722950433903369660e+00
2.827282728272827583e+01,6.012411293283926739e+01,2.722782887258649698e+00
2.827782778277827802e+01,6.012484167885454411e+01,2.722615419483432220e+00
2.828282828282828376e+01,6.012556370731195443e+01,2.722448030825495469e+00
2.828782878287828950e+01,6.012627896207871459e+01,2.722280721526082470e+00
2.829282928292829524e+01,6.012698738840819601e+01,2.722113491819899700e+00
2.829782978297830098e+01,6.012768893293993244e+01,2.721946341935117974e+00
2.830283028302830317e+01,6.012838354369962701e+01,2.721779272093373336e+00
2.830783078307830891e+01,6.012907117009915936e+01,2.721612282509764835e+00
2.831283128312831465e+01,6.012975176293655721e+01,2.721445373392856748e+00
2.831783178317832039e+01,6.013042527439603901e+01,2.721278544944676803e+00
2.832283228322832258e+01,6.013109165804795708e+01,2.721111797360717510e+00
2.832783278327832832e+01,6.013175086884885445e+01,2.720945130829935721e+00
2.833283328332833406e+01,6.013240286314142935e+01,2.720778545534752180e+00
2.833783378337833980e+01,6.013304759865455651e+01,2.720612041651052415e+00
2.834283428342834554e+01,6.013368503450325875e+01,2.720445619348184962e+00
2.834783478347834773e+01,6.013431513118874960e+01,2.720279278788964472e+00
2.835283528352835347e+01,6.013493785059838359e+01,2.720113020129668602e+00
2.835783578357835921e+01,6.013555315600569884e+01,2.719946843520038904e+00
2.836283628362836495e+01,6.013616101207038867e+01,2.719780749103282602e+00
2.836783678367837069e+01,6.013676138483832290e+01,2.719614737016070372e+00
2.837283728372837288e+01,6.013735424174153366e+01,2.719448807388536782e+00
2.837783778377837862e+01,6.013793955159820825e+01,2.719282960344281186e+00
2.838283828382838436e+01,6.013851728461271051e+01,2.719117196000366832e+00
2.838783878387839010e+01,6.013908741237558075e+01,2.718951514467322195e+00
2.839283928392839584e+01,6.013964990786350029e+01,2.718785915849138313e+00
2.839783978397839803e+01,6.014020474543933403e+01,2.718620400243272783e+00
2.840284028402840377e+01,6.014075190085211631e+01,2.718454967740644879e+00
2.840784078407840951e+01,6.014129135123702952e+01,2.718289618425639542e+00
2.841284128412841525e+01,6.014182307511543968e+01,2.718124352376106057e+00
2.841784178417842099e+01,6.014234705239486800e+01,2.717959169663358043e+00
2.842284228422842318e+01,6.014286326436900509e+01,2.717794070352173019e+00
2.842784278427842892e+01,6.014337169371771097e+01,2.717629054500791952e+00
2.843284328432843466e+01,6.014387232450700793e+01,2.717464122160921480e+00
2.843784378437844040e+01,6.014436514218909480e+01,2.717299273377732138e+00
2.844284428442844259e+01,6.014485013360231136e+01,2.717134508189858355e+00
2.844784478447844833e+01,6.014532728697118813e+01,2.716969826629398455e+00
2.845284528452845407e+01,6.014579659190641792e+01,2.716805228721916432e+00
2.845784578457845981e+01,6.014625803940484161e+01,2.716640714486438846e+00
2.846284628462846555e+01,6.014671162184949083e+01,2.716476283935457925e+00
2.846784678467846774e+01,6.014715733300954525e+01,2.716311937074928906e+00
2.847284728472847348e+01,6.014759516804036110e+01,2.716147673904272697e+00
2.847784778477847922e+01,6.014802512348344976e+01,2.715983494416372768e+00
2.848284828482848496e+01,6.014844719726650624e+01,2.715819398597578704e+00
2.848784878487849070e+01,6.014886138870338073e+01,2.715655386427702656e+00
2.849284928492849289e+01,6.014926769849407862e+01,2.715491457880022441e+00
2.849784978497849863e+01,6.014966612872478890e+01,2.715327612921278888e+00
2.850285028502850437e+01,6.015005668286786289e+01,2.715163851511677606e+00
2.850785078507851011e+01,6.015043936578181416e+01,2.715000173604889433e+00
2.851285128512851585e+01,6.015081418371131861e+01,2.714836579148047324e+00
2.851785178517851804e+01,6.015118114428723572e+01,2.714673068081751239e+00
2.852285228522852378e+01,6.015154025652656600e+01,2.714509640340062369e+00
2.852785278527852952e+01,6.015189153083249352e+01,2.714346295850508461e+00
2.853285328532853526e+01,6.015223497899437177e+01,2.714183034534080718e+00
2.853785378537854101e+01,6.015257061418769524e+01,2.714019856305234235e+00
2.854285428542854319e+01,6.015289845097415622e+01,2.713856761071889334e+00
2.854785478547854893e+01,6.015321850530159509e+01,2.713693748735429789e+00
2.855285528552855467e+01,6.015353079450401452e+01,2.713530819190703713e+00
2.855785578557856041e+01,6.015383533730160082e+01,2.713367972326023558e+00
2.856285628562856260e+01,6.015413215380068834e+01,2.713205208023166559e+00
2.856785678567856834e+01,6.015442126549378798e+01,2.713042526157372958e+00
2.857285728572857408e+01,6.015470269525958003e+01,2.712879926597348668e+00
2.857785778577857982e+01,6.015497646736289283e+01,2.712717409205263497e+00
2.858285828582858557e+01,6.015524260745473839e+01,2.712554973836750261e+00
2.858785878587858775e+01,6.015550114257229808e+01,2.712392620340907889e+00
2.859285928592859349e+01,6.015575210113889426e+01,2.712230348560298765e+00
2.859785978597859923e+01,6.015599551296404002e+01,2.712068158330948719e+00
2.860286028602860497e+01,6.015623140924341072e+01,2.711906049482348813e+00
2.860786078607861072e+01,6.015645982255883695e+01,2.711744021837454444e+00
2.861286128612861290e+01,6.015668078687832576e+01,2.711582075212684906e+00
2.861786178617861864e+01,6.015689433755603943e+01,2.711420209417923832e+00
2.862286228622862438e+01,6.015710051133232383e+01,2.711258424256519195e+00
2.862786278627863013e+01,6.015729934633366582e+01,2.711096719525282417e+00
2.863286328632863587e+01,6.015749088207275008e+01,2.710935095014490592e+00
2.863786378637863805e+01,6.015767515944839516e+01,2.710773550507884710e+00
2.864286428642864379e+01,6.015785222074561034e+01,2.710612085782668323e+00
2.864786478647864953e+01,6.015802210963556007e+01,2.710450700609511987e+00
2.865286528652865528e+01,6.015818487117557112e+01,2.710289394752548375e+00
2.865786578657866102e+01,6.015834055180914675e+01,2.710128167969374946e+00
2.866286628662866320e+01,6.015848919936594541e+01,2.709967020011054828e+00
2.866786678667866894e+01,6.015863086306180207e+01,2.709805950622112825e+00
2.867286728672867469e+01,6.015876559349871400e+01,2.709644959540539855e+00
2.867786778677868043e+01,6.015889344266483363e+01,2.709484046497791176e+00
2.868286828682868261e+01,6.015901446393450414e+01,2.709323211218785055e+00
2.868786878687868835e+01,6.015912871206820967e+01,2.709162453421904981e+00
2.869286928692869409e+01,6.015923624321261798e+01,2.709001772818998344e+00
2.869786978697869984e+01,6.015933711490054492e+01,2.708841169115377312e+00
2.870287028702870558e+01,6.015943138605099705e+01,2.708680642009817063e+00
2.870787078707870776e+01,6.015951911696912191e+01,2.708520191194558890e+00
2.871287128712871350e+01,6.015960036934625066e+01,2.708359816355306204e+00
2.871787178717871925e+01,6.015967520625986964e+01,2.708199517171228532e+00
2.872287228722872499e+01,6.015974369217364170e+01,2.708039293314958851e+00
2.872787278727873073e+01,6.015980589293738490e+01,2.707879144452594034e+00
2.873287328732873291e+01,6.015986187578709377e+01,2.707719070243696180e+00
2.873787378737873865e+01,6.015991170934492516e+01,2.707559070341290841e+00
2.874287428742874440e+01,6.015995546361919111e+01,2.707399144391867907e+00
2.874787478747875014e+01,6.015999321000438727e+01,2.707239292035381606e+00
2.875287528752875588e+01,6.016002502128116447e+01,2.707079512905250951e+00
2.875787578757875806e+01,6.016005097161634296e+01,2.706919806628358849e+00
2.876287628762876381e+01,6.016007113656291239e+01,2.706760172825051658e+00
2.876787678767876955e+01,6.016008559306001757e+01,2.706600611109141408e+00
2.877287728772877529e+01,6.016009441943298697e+01,2.706441121087903134e+00
2.877787778777878103e+01,6.016009769539329000e+01,2.706281702362077546e+00
2.878287828782878321e+01,6.016009550203859391e+01,2.706122354525868356e+00
2.878787878787878896e+01,6.016008792185269982e+01,2.705963077166943620e+00
2.879287928792879470e+01,6.016007503870560669e+01,2.705803869866436173e+00
2.879787978797880044e+01,6.016005693785344732e+01,2.705644732198942748e+00
2.880288028802880262e+01,6.016003370593854527e+01,2.705485663732525303e+00
2.880788078807880837e+01,6.016000543098937925e+01,2.705326664028708361e+00
2.881288128812881411e+01,6.015997220242059740e+01,2.705167732642482115e+00
2.881788178817881985e+01,6.015993411103301014e+01,2.705008869122300208e+00
2.882288228822882559e+01,6.015989124901359730e+01,2.704850073010081069e+00
2.882788278827882777e+01,6.015984370993550812e+01,2.704691343841207019e+00
2.883288328832883352e+01,6.015979158875805410e+01,2.704532681144524275e+00
2.883788378837883926e+01,6.015973498182670198e+01,2.704374084442344728e+00
2.884288428842884500e+01,6.015967398687310919e+01,2.704215553250442827e+00
2.884788478847885074e+01,6.015960870301507413e+01,2.704057087078058697e+00
2.885288528852885293e+01,6.015953923075657883e+01,2.703898685427895909e+00
2.885788578857885867e+01,6.015946567198776762e+01,2.703740347796121934e+00
2.886288628862886441e+01,6.015938812998494001e+01,2.703582073672369468e+00
2.886788678867887015e+01,6.015930670941057912e+01,2.703423862539735101e+00
2.887288728872887589e+01,6.015922151631332326e+01,2.703265713874779319e+00
2.887788778877887808e+01,6.015913265812797306e+01,2.703107627147527836e+00
2.888288828882888382e+01,6.015904024367549852e+01,2.702949601821468928e+00
2.888788878887888956e+01,6.015894438316305326e+01,2.702791637353556542e+00
2.889288928892889530e+01,6.015884518818392479e+01,2.702633733194208521e+00
2.889788978897890104e+01,6.015874277171759843e+01,2.702475888787307046e+00
2.890289028902890323e+01,6.015863724812970048e+01,2.702318103570198637e+00
2.890789078907890897e+01,6.015852873317203375e+01,2.702160376973693268e+00
2.891289128912891471e+01,6.015841734398257046e+01,2.702002708422066135e+00
2.891789178917892045e+01,6.015830319908545221e+01,2.701845097333056334e+00
2.892289228922892264e+01,6.015818641839096870e+01,2.701687543117867296e+00
2.892789278927892838e+01,6.015806712319559324e+01,2.701530045181166351e+00
2.893289328932893412e+01,6.015794543618196144e+01,2.701372602921085608e+00
2.893789378937893986e+01,6.015782148141886410e+01,2.701215215729220631e+00
2.894289428942894560e+01,6.015769538436127561e+01,2.701057882990632653e+00
2.894789478947894779e+01,6.015756727185031849e+01,2.700900604083846357e+00
2.895289528952895353e+01,6.015743727211329883e+01,2.700743378380849880e+00
2.895789578957895927e+01,6.015730551476367793e+01,2.700586205247096583e+00
2.896289628962896501e+01,6.015717213080108650e+01,2.700429084041503724e+00
2.896789678967897075e+01,6.015703725261132462e+01,2.700272014116453789e+00
2.897289728972897294e+01,6.015690101396634049e+01,2.700114994817792269e+00
2.897789778977897868e+01,6.015676355002427300e+01,2.699958025484828994e+00
2.898289828982898442e+01,6.015662499732941626e+01,2.699801105450338579e+00
2.898789878987899016e+01,6.015648549381223376e+01,2.699644234040559976e+00
2.899289928992899590e+01,6.015634517878933707e+01,2.699487410575196034e+00
2.899789978997899809e+01,6.015620419296353560e+01,2.699330634367414383e+00
2.900290029002900383e+01,6.015606267842377974e+01,2.699173904723845663e+00
2.900790079007900957e+01,6.015592077864519638e+01,2.699017220944585738e+00
2.901290129012901531e+01,6.015577863848907469e+01,2.698860582323195256e+00
2.901790179017902105e+01,6.015563640420288039e+01,2.698703988146697874e+00
2.902290229022902324e+01,6.015549422342022012e+01,2.698547437695582918e+00
2.902790279027902898e+01,6.015535224516089841e+01,2.698390930243801833e+00
2.903290329032903472e+01,6.015521061983086071e+01,2.698234465058773068e+00
2.903790379037904046e+01,6.015506949922222901e+01,2.698078041401376748e+00
2.904290429042904265e+01,6.015492903651330181e+01,2.697921658525959110e+00
2.904790479047904839e+01,6.015478938626851857e+01,2.697765315680329401e+00
2.905290529052905413e+01,6.015465070443850948e+01,2.697609012105762538e+00
2.905790579057905987e+01,6.015451314836005281e+01,2.697452747036996001e+00
2.906290629062906561e+01,6.015437687675610334e+01,2.697296519702232942e+00
2.906790679067906780e+01,6.015424204973577815e+01,2.697140329323139518e+00
2.907290729072907354e+01,6.015410882879436372e+01,2.696984175114847559e+00
2.907790779077907928e+01,6.015397737681331591e+01,2.696828056285952346e+00
2.908290829082908502e+01,6.015384785806023871e+01,2.696671972038512610e+00
2.908790879087909076e+01,6.015372043818891967e+01,2.696515921568053198e+00
2.909290929092909295e+01,6.015359528423930868e+01,2.696359904063561963e+00
2.909790979097909869e+01,6.015347256463751791e+01,2.696203918707491098e+00
2.910291029102910443e+01,6.015335244919582891e+01,2.696047964675757580e+00
2.910791079107911017e+01,6.015323510911268556e+01,2.695892041137741835e+00
2.911291129112911591e+01,6.015312071697270824e+01,2.695736147256289073e+00
2.911791179117911810e+01,6.015300944674667250e+01,2.695580282187709287e+00
2.912291229122912384e+01,6.015290147379152330e+01,2.695424445081775477e+00
2.912791279127912958e+01,6.015279697485036792e+01,2.695268635081726316e+00
2.913291329132913532e+01,6.015269612805249011e+01,2.695112851324263037e+00
2.913791379137914106e+01,6.015259911291332884e+01,2.694957092939552989e+00
2.914291429142914325e+01,6.015250611033449246e+01,2.694801359051226086e+00
2.914791479147914899e+01,6.015241730260376585e+01,2.694645648776377911e+00
2.915291529152915473e+01,6.015233287339507484e+01,2.694489961225567498e+00
2.915791579157916047e+01,6.015225300776854311e+01,2.694334295502817778e+00
2.916291629162916266e+01,6.015217789217042821e+01,2.694178650705617795e+00
2.916791679167916840e+01,6.015210771443318549e+01,2.694023025924918269e+00
2.917291729172917414e+01,6.015204266377541842e+01,2.693867420245135591e+00
2.917791779177917988e+01,6.015198293080188563e+01,2.693711832744150936e+00
2.918291829182918562e+01,6.015192870750354359e+01,2.693556262493308928e+00
2.918791879187918781e+01,6.015188018725748265e+01,2.693400708557418533e+00
2.919291929192919355e+01,6.015183756482698385e+01,2.693245169994752164e+00
2.919791979197919929e+01,6.015180103636147635e+01,2.693089645857048797e+00
2.920292029202920503e+01,6.015177079939656579e+01,2.692934135189509082e+00
2.920792079207921077e+01,6.015174705285402013e+01,2.692778637030799782e+00
2.921292129212921296e+01,6.015172999704176959e+01,2.692623150413051114e+00
2.921792179217921870e+01,6.015171983365392805e+01,2.692467674361857188e+00
2.922292229222922444e+01,6.015171676577075033e+01,2.692312207896277343e+00
2.922792279227923018e+01,6.015172099785867488e+01,2.692156750028834367e+00
2.923292329232923592e+01,6.015173273577029533e+01,2.692001299765515387e+00
2.923792379237923811e+01,6.015175218674438185e+01,2.691845856105772761e+00
2.924292429242924385e+01,6.015177955940586685e+01,2.691690418042521848e+00
2.924792479247924959e+01,6.015181506376585219e+01,2.691534984562142796e+00
2.925292529252925533e+01,6.015185891122158779e+01,2.691379554644480088e+00
2.925792579257926107e+01,6.015191131455651430e+01,2.691224127262842547e+00
2.926292629262926326e+01,6.015197248794022045e+01,2.691068701384002892e+00
2.926792679267926900e+01,6.015204264692847858e+01,2.690913275968197738e+00
2.927292729272927474e+01,6.015212200846320911e+01,2.690757849969129367e+00
2.927792779277928048e+01,6.015221079087250189e+01,2.690602422333962629e+00
2.928292829282928267e+01,6.015230921387063034e+01,2.690446992003328486e+00
2.928792879287928841e+01,6.015241749855800890e+01,2.690291557911320020e+00
2.929292929292929415e+01,6.015253586742122849e+01,2.690136118985496427e+00
2.929792979297929989e+01,6.015266454433306365e+01,2.689980674146880357e+00
2.930293029302930563e+01,6.015280375455242279e+01,2.689825222309958352e+00
2.930793079307930782e+01,6.015295372472439794e+01,2.689669762382681739e+00
2.931293129312931356e+01,6.015311468288025765e+01,2.689514293266466183e+00
2.931793179317931930e+01,6.015328685843741141e+01,2.689358813856191688e+00
2.932293229322932504e+01,6.015347048219945947e+01,2.689203323040201266e+00
2.932793279327933078e+01,6.015366578635615014e+01,2.689047819700304487e+00
2.933293329332933297e+01,6.015387300448340824e+01,2.688892302711773041e+00
2.933793379337933871e+01,6.015409237154331379e+01,2.688736770943343402e+00
2.934293429342934445e+01,6.015432412388413042e+01,2.688581223257217268e+00
2.934793479347935019e+01,6.015456849924026983e+01,2.688425658509059790e+00
2.935293529352935593e+01,6.015482573673232025e+01,2.688270075548000460e+00
2.935793579357935812e+01,6.015509607686703220e+01,2.688114473216633105e+00
2.936293629362936386e+01,6.015537976153732558e+01,2.687958850351015450e+00
2.936793679367936960e+01,6.015567703402228261e+01,2.687803205780670002e+00
2.937293729372937534e+01,6.015598813898715491e+01,2.687647538328583607e+00
2.937793779377938108e+01,6.015631332248335639e+01,2.687491846811207008e+00
2.938293829382938327e+01,6.015665283194847746e+01,2.687336130038454840e+00
2.938793879387938901e+01,6.015700691620624951e+01,2.687180386813706967e+00
2.939293929392939475e+01,6.015737582546660178e+01,2.687024615933806704e+00
2.939793979397940049e+01,6.015775981132561157e+01,2.686868816189062148e+00
2.940294029402940268e+01,6.015815912676551847e+01,2.686712986363245292e+00
2.940794079407940842e+01,6.015857402615474570e+01,2.686557125233592469e+00
2.941294129412941416e+01,6.015900476524786455e+01,2.686401231570804349e+00
2.941794179417941990e+01,6.015945160118562285e+01,2.686245304139045498e+00
2.942294229422942564e+01,6.015991479249492357e+01,2.686089341695945709e+00
2.942794279427942783e+01,6.016039459908886045e+01,2.685933342992598227e+00
2.943294329432943357e+01,6.016089128226666105e+01,2.685777306773560635e+00
2.943794379437943931e+01,6.016140510471374370e+01,2.685621231776854412e+00
2.944294429442944505e+01,6.016193633050167477e+01,2.685465116733966262e+00
2.944794479447945079e+01,6.016248522508821139e+01,2.685308960369846787e+00
2.945294529452945298e+01,6.016305205531724454e+01,2.685152761402910038e+00
2.945794579457945872e+01,6.016363708941885591e+01,2.684996518545035737e+00
2.946294629462946446e+01,6.016424059700928240e+01,2.684840230501566616e+00
2.946794679467947020e+01,6.016486188320378403e+01,2.684683900802931955e+00
2.947294729472947594e+01,6.016549323251579295e+01,2.684527568045356194e+00
2.947794779477947813e+01,6.016613276691613521e+01,2.684371241529795782e+00
2.948294829482948387e+01,6.016678030023327750e+01,2.684214922086037181e+00
2.948794879487948961e+01,6.016743564743488548e+01,2.684058610538675449e+00
2.949294929492949535e+01,6.016809862462782377e+01,2.683902307707115131e+00
2.949794979497950109e+01,6.016876904905814882e+01,2.683746014405570257e+00
2.950295029502950328e+01,6.016944673911110186e+01,2.683589731443062121e+00
2.950795079507950902e+01,6.017013151431113016e+01,2.683433459623422834e+00
2.951295129512951476e+01,6.017082319532186574e+01,2.683277199745291774e+00
2.951795179517952050e+01,6.017152160394613247e+01,2.683120952602118692e+00
2.952295229522952269e+01,6.017222656312596030e+01,2.682964718982161489e+00
2.952795279527952843e+01,6.017293789694255679e+01,2.682808499668486668e+00
2.953295329532953417e+01,6.017365543061632849e+01,2.682652295438971102e+00
2.953795379537953991e+01,6.017437899050688088e+01,2.682496107066298929e+00
2.954295429542954565e+01,6.017510840411301132e+01,2.682339935317964663e+00
2.954795479547954784e+01,6.017584350007270189e+01,2.682183780956270969e+00
2.955295529552955358e+01,6.017658410816313364e+01,2.682027644738329109e+00
2.955795579557955932e+01,6.017733005930068657e+01,2.681871527416059831e+00
2.956295629562956506e+01,6.017808118554091834e+01,2.681715429736192924e+00
2.956795679567957080e+01,6.017883732007859976e+01,2.681559352440267663e+00
2.957295729572957299e+01,6.017959829724767928e+01,2.681403296264630587e+00
2.957795779577957873e+01,6.018036395252130433e+01,2.681247261940438165e+00
2.958295829582958447e+01,6.018113412251182126e+01,2.681091250193656794e+00
2.958795879587959021e+01,6.018190864497076120e+01,2.680935261745059695e+00
2.959295929592959595e+01,6.018268735878884712e+01,2.680779297310230902e+00
2.959795979597959814e+01,6.018347010399600805e+01,2.680623357599562606e+00
2.960296029602960388e+01,6.018425672176135777e+01,2.680467443318255594e+00
2.960796079607960962e+01,6.018504705439319480e+01,2.680311555166320137e+00
2.961296129612961536e+01,6.018584094533903084e+01,2.680155693838575548e+00
2.961796179617962110e+01,6.018663823918554812e+01,2.679999860024649738e+00
2.962296229622962329e+01,6.018743878165864913e+01,2.679844054408979659e+00
2.962796279627962903e+01,6.018824241962339983e+01,2.679688277670811303e+00
2.963296329632963477e+01,6.018904900108408640e+01,2.679532530484199260e+00
2.963796379637964051e+01,6.018985837518417270e+01,2.679376813518007605e+00
2.964296429642964270e+01,6.019067039220631443e+01,2.679221127435909455e+00
2.964796479647964844e+01,6.019148490357236625e+01,2.679065472896385636e+00
2.965296529652965418e+01,6.019230176184338887e+01,2.678909850552727345e+00
2.965796579657965992e+01,6.019312082071960646e+01,2.678754261053033936e+00
2.966296629662966566e+01,6.019394193504045631e+01,2.678598705040213801e+00
2.966796679667966785e+01,6.019476496078457473e+01,2.678443183151985263e+00
2.967296729672967359e+01,6.019558975506977561e+01,2.678287696020873909e+00
2.967796779677967933e+01,6.019641617615307183e+01,2.678132244274215257e+00
2.968296829682968507e+01,6.019724408343067523e+01,2.677976828534153864e+00
2.968796879687969081e+01,6.019807333743798949e+01,2.677821449417642441e+00
2.969296929692969300e+01,6.019890379984959594e+01,2.677666107536444073e+00
2.969796979697969874e+01,6.019973533347928907e+01,2.677510803497129110e+00
2.970297029702970448e+01,6.020056780228005522e+01,2.677355537901077831e+00
2.970797079707971022e+01,6.020140107134406549e+01,2.677200311344479555e+00
2.971297129712971596e+01,6.020223500690268281e+01,2.677045124418332200e+00
2.971797179717971815e+01,6.020306947632646910e+01,2.676889977708442281e+00
2.972297229722972389e+01,6.020390434812517810e+01,2.676734871795426240e+00
2.972797279727972963e+01,6.020473949194775543e+01,2.676579807254708676e+00
2.973297329732973537e+01,6.020557477858235274e+01,2.676424784656522782e+00
2.973797379737974111e+01,6.020641007995628513e+01,2.676269804565912125e+00
2.974297429742974330e+01,6.020724526913609509e+01,2.676114867542727982e+00
2.974797479747974904e+01,6.020808022032750273e+01,2.675959974141631115e+00
2.975297529752975478e+01,6.020891480887541292e+01,2.675805124912090438e+00
2.975797579757976052e+01,6.020974891126394368e+01,2.675650320398385240e+00
2.976297629762976271e+01,6.021058240511638360e+01,2.675495561139602518e+00
2.976797679767976845e+01,6.021141516919523440e+01,2.675340847669638755e+00
2.977297729772977419e+01,6.021224708340217546e+01,2.675186180517199475e+00
2.977797779777977993e+01,6.021307802877809934e+01,2.675031560205798353e+00
2.978297829782978567e+01,6.021390788750307621e+01,2.674876987253758998e+00
2.978797879787978786e+01,6.021473654289636812e+01,2.674722462174213611e+00
2.979297929792979360e+01,6.021556387941643607e+01,2.674567985475103438e+00
2.979797979797979934e+01,6.021638978266093289e+01,2.674413557659177876e+00
2.980298029802980508e+01,6.021721413936671041e+01,2.674259179223996696e+00
2.980798079807981082e+01,6.021803683740981228e+01,2.674104850661927379e+00
2.981298129812981301e+01,6.021885776580545979e+01,2.673950572460146891e+00
2.981798179817981875e+01,6.021967681470809453e+01,2.673796345100640792e+00
2.982298229822982449e+01,6.022049387541132859e+01,2.673642169060204576e+00
2.982798279827983023e+01,6.022130884034797305e+01,2.673488044810441000e+00
2.983298329832983597e+01,6.022212160309003792e+01,2.673333972817763193e+00
2.983798379837983816e+01,6.022293205834872509e+01,2.673179953543393328e+00
2.984298429842984390e+01,6.022374010197442828e+01,2.673025987443360840e+00
2.984798479847984964e+01,6.022454563095673308e+01,2.672872074968505984e+00
2.985298529852985538e+01,6.022534854342442401e+01,2.672718216564477167e+00
2.985798579857986113e+01,6.022614873864546325e+01,2.672564412671731393e+00
2.986298629862986331e+01,6.022694611702703327e+01,2.672410663725535152e+00
2.986798679867986905e+01,6.022774058011547993e+01,2.672256970155963973e+00
2.987298729872987479e+01,6.022853203059636940e+01,2.672103332387901542e+00
2.987798779877988053e+01,6.022932037229443836e+01,2.671949750841041471e+00
2.988298829882988272e+01,6.023010551017362957e+01,2.671796225929885971e+00
2.988798879887988846e+01,6.023088735033707763e+01,2.671642758063745404e+00
2.989298929892989420e+01,6.023166580002711612e+01,2.671489347646740509e+00
2.989798979897989994e+01,6.023244076762525623e+01,2.671335995077799730e+00
2.990299029902990569e+01,6.023321216265221523e+01,2.671182700750660999e+00
2.990799079907990787e+01,6.023397989576789513e+01,2.671029465053871732e+00
2.991299129912991361e+01,6.023474387877140401e+01,2.670876288370787055e+00
2.991799179917991935e+01,6.023550402460103470e+01,2.670723171079571578e+00
2.992299229922992510e+01,6.023626024733426476e+01,2.670570113553199842e+00
2.992799279927993084e+01,6.023701246218778493e+01,2.670417116159453652e+00
2.993299329932993302e+01,6.023776058551745649e+01,2.670264179260924742e+00
2.993799379937993876e+01,6.023850453481836098e+01,2.670111303215013887e+00
2.994299429942994450e+01,6.023924422872475049e+01,2.669958488373930017e+00
2.994799479947995025e+01,6.023997958701007605e+01,2.669805735084691989e+00
2.995299529952995599e+01,6.024071053058698766e+01,2.669653043689127259e+00
2.995799579957995817e+01,6.024143698150732718e+01,2.669500414523871434e+00
2.996299629962996391e+01,6.024215886296212119e+01,2.669347847920370054e+00
2.996799679967996966e+01,6.024287609928160947e+01,2.669195344204877696e+00
2.997299729972997540e+01,6.024358861593519521e+01,2.669042903698457092e+00
2.997799779977998114e+01,6.024429633953150898e+01,2.668890526716980016e+00
2.998299829982998332e+01,6.024499919781833768e+01,2.668738213571128171e+00
2.998799879987998906e+01,6.024569711968270269e+01,2.668585964566390967e+00
2.999299929992999481e+01,6.024639003515078173e+01,2.668433780003067746e+00
2.999799979998000055e+01,6.024707787538796566e+01,2.668281660176265557e+00
3.000300030003000273e+01,6.024776057269883722e+01,2.668129605375902269e+00
3.000800080008000847e+01,6.024843806052717099e+01,2.667977615886702569e+00
3.001300130013001422e+01,6.024911027345592629e+01,2.667825691988201964e+00
3.001800180018001996e+01,6.024977714720726851e+01,2.667673833954743667e+00
3.002300230023002570e+01,6.025043861864254779e+01,2.667522042055479936e+00
3.002800280028002788e+01,6.025109462576231323e+01,2.667370316554372955e+00
3.003300330033003362e+01,6.025174510770630576e+01,2.667218657710192620e+00
3.003800380038003937e+01,6.025239000475345819e+01,2.667067065776518753e+00
3.004300430043004511e+01,6.025302925832188805e+01,2.666915541001739332e+00
3.004800480048005085e+01,6.025366281096892607e+01,2.666764083629051818e+00
3.005300530053005303e+01,6.025429060639108769e+01,2.666612693896462716e+00
3.005800580058005878e+01,6.025491258942406603e+01,2.666461372036786681e+00
3.006300630063006452e+01,6.025552870604277444e+01,2.666310118277647856e+00
3.006800680068007026e+01,6.025613890336129685e+01,2.666158932841479867e+00
3.007300730073007600e+01,6.025674312963292323e+01,2.666007815945524051e+00
3.007800780078007818e+01,6.025734133425012828e+01,2.665856767801832117e+00
3.008300830083008393e+01,6.025793346774459280e+01,2.665705788617263483e+00
3.008800880088008967e+01,6.025851948178718231e+01,2.665554878593487054e+00
3.009300930093009541e+01,6.025909932918795420e+01,2.665404037926980330e+00
3.009800980098010115e+01,6.025967296389616479e+01,2.665253266809030297e+00
3.010301030103010334e+01,6.026024034100024807e+01,2.665102565425732983e+00
3.010801080108010908e+01,6.026080141672785828e+01,2.664951933957992569e+00
3.011301130113011482e+01,6.026135614844582733e+01,2.664801372581523164e+00
3.011801180118012056e+01,6.026190449466017185e+01,2.664650881466846144e+00
3.012301230123012274e+01,6.026244641501612165e+01,2.664500460779294588e+00
3.012801280128012849e+01,6.026298187029807707e+01,2.664350110679007511e+00
3.013301330133013423e+01,6.026351082242965873e+01,2.664199831320934742e+00
3.013801380138013997e+01,6.026403323447365779e+01,2.664049622854834709e+00
3.014301430143014571e+01,6.026454907063207145e+01,2.663899485425274438e+00
3.014801480148014790e+01,6.026505829624608168e+01,2.663749419171630439e+00
3.015301530153015364e+01,6.026556087779606941e+01,2.663599424228087376e+00
3.015801580158015938e+01,6.026605678290161450e+01,2.663449500723639840e+00
3.016301630163016512e+01,6.026654598032146737e+01,2.663299648782090578e+00
3.016801680168017086e+01,6.026702843995360581e+01,2.663149868522051378e+00
3.017301730173017305e+01,6.026750413283517105e+01,2.663000160056943511e+00
3.017801780178017879e+01,6.026797303114251037e+01,2.662850523494996846e+00
3.018301830183018453e+01,6.026843510819116290e+01,2.662700958939249407e+00
3.018801880188019027e+01,6.026889033843586674e+01,2.662551466487550034e+00
3.019301930193019601e+01,6.026933869747054473e+01,2.662402046232554831e+00
3.019801980198019820e+01,6.026978016202831867e+01,2.662252698261729389e+00
3.020302030203020394e+01,6.027021470998149510e+01,2.662103422657348784e+00
3.020802080208020968e+01,6.027064232034158664e+01,2.661954219496495799e+00
3.021302130213021542e+01,6.027106297325929063e+01,2.661805088851063150e+00
3.021802180218022116e+01,6.027147665002450339e+01,2.661656030787752591e+00
3.022302230223022335e+01,6.027188333306629886e+01,2.661507045368074031e+00
3.022802280228022909e+01,6.027228300595297128e+01,2.661358132648347308e+00
3.023302330233023483e+01,6.027267565339198541e+01,2.661209292679700411e+00
3.023802380238024057e+01,6.027306126123000496e+01,2.661060525508069929e+00
3.024302430243024276e+01,6.027343981645289972e+01,2.660911831174203268e+00
3.024802480248024850e+01,6.027381130718571001e+01,2.660763209713654209e+00
3.025302530253025424e+01,6.027417572269268931e+01,2.660614661156787797e+00
3.025802580258025998e+01,6.027453305337727585e+01,2.660466185528776339e+00
3.026302630263026572e+01,6.027488329078209972e+01,2.660317782849602075e+00
3.026802680268026791e+01,6.027522642758898996e+01,2.660169453134055839e+00
3.027302730273027365e+01,6.027556245761896037e+01,2.660021196391737064e+00
3.027802780278027939e+01,6.027589137583223078e+01,2.659873012627055111e+00
3.028302830283028513e+01,6.027621317832820580e+01,2.659724901839227496e+00
3.028802880288029087e+01,6.027652786234548188e+01,2.659576864022280329e+00
3.029302930293029306e+01,6.027683542626185442e+01,2.659428899165050098e+00
3.029802980298029880e+01,6.027713586959430359e+01,2.659281007251180551e+00
3.030303030303030454e+01,6.027742919299901558e+01,2.659133188259125369e+00
3.030803080308031028e+01,6.027771539827136138e+01,2.658985442162147272e+00
3.031303130313031602e+01,6.027799448834589668e+01,2.658837768928317580e+00
3.031803180318031821e+01,6.027826646729639748e+01,2.658690168520516206e+00
3.032303230323032395e+01,6.027853134033581028e+01,2.658542640896432552e+00
3.032803280328032969e+01,6.027878911381627347e+01,2.658395186008565059e+00
3.033303330333033543e+01,6.027903979522913147e+01,2.658247803804220766e+00
3.033803380338034117e+01,6.027928339320491347e+01,2.658100494225515753e+00
3.034303430343034336e+01,6.027951991751335470e+01,2.657953257209374698e+00
3.034803480348034910e+01,6.027974937906336805e+01,2.657806092687532207e+00
3.035303530353035484e+01,6.027997178990306537e+01,2.657659000586531040e+00
3.035803580358036058e+01,6.028018716321975035e+01,2.657511980827722553e+00
3.036303630363036277e+01,6.028039551333992563e+01,2.657365033327268478e+00
3.036803680368036851e+01,6.028059685572927862e+01,2.657218157996137808e+00
3.037303730373037425e+01,6.028079120699270277e+01,2.657071354740109026e+00
3.037803780378037999e+01,6.028097858487427629e+01,2.656924623459770540e+00
3.038303830383038573e+01,6.028115900825726925e+01,2.656777964050518914e+00
3.038803880388038792e+01,6.028133249716414355e+01,2.656631376402559308e+00
3.039303930393039366e+01,6.028149907275656005e+01,2.656484860400906367e+00
3.039803980398039940e+01,6.028165875733537149e+01,2.656338415925383334e+00
3.040304030403040514e+01,6.028181157434062243e+01,2.656192042850622492e+00
3.040804080408041088e+01,6.028195754835156350e+01,2.656045741046065611e+00
3.041304130413041307e+01,6.028209670508660878e+01,2.655899510375962613e+00
3.041804180418041881e+01,6.028222907140339260e+01,2.655753350699372906e+00
3.042304230423042455e+01,6.028235467529873404e+01,2.655607261870164493e+00
3.042804280428043029e+01,6.028247354590865115e+01,2.655461243737014865e+00
3.043304330433043603e+01,6.028258571350833250e+01,2.655315296143409221e+00
3.043804380438043822e+01,6.028269120951219406e+01,2.655169418927643576e+00
3.044304430443044396e+01,6.028279006647382232e+01,2.655023611922821214e+00
3.044804480448044970e+01,6.028288231808600273e+01,2.654877874956854900e+00
3.045304530453045544e+01,6.028296799918071258e+01,2.654732207852466885e+00
3.045804580458046118e+01,6.028304714572912104e+01,2.654586610427187576e+00
3.046304630463046337e+01,6.028311979484160332e+01,2.654441082493357307e+00
3.046804680468046911e+01,6.028318598476770518e+01,2.654295623858124120e+00
3.047304730473047485e+01,6.028324575489619264e+01,2.654150234323445545e+00
3.047804780478048059e+01,6.028329914575500226e+01,2.654004913686088596e+00
3.048304830483048278e+01,6.028334619901127667e+01,2.653859661737628439e+00
3.048804880488048852e+01,6.028338695747134324e+01,2.653714478264449728e+00
3.049304930493049426e+01,6.028342146508072830e+01,2.653569363047745711e+00
3.049804980498050000e+01,6.028344976692415713e+01,2.653424315863518679e+00
3.050305030503050574e+01,6.028347190922553267e+01,2.653279336482579964e+00
3.050805080508050793e+01,6.028348793934797101e+01,2.653134424670549940e+00
3.051305130513051367e+01,6.028349790579376588e+01,2.652989580187857577e+00
3.051805180518051941e+01,6.028350185820440288e+01,2.652844802789741330e+00
3.052305230523052515e+01,6.028349984736057365e+01,2.652700092226247364e+00
3.052805280528053089e+01,6.028349192518215460e+01,2.652555448242232661e+00
3.053305330533053308e+01,6.028347814472822108e+01,2.652410870577361468e+00
3.053805380538053882e+01,6.028345856019704030e+01,2.652266358966107962e+00
3.054305430543054456e+01,6.028343322692606421e+01,2.652121913137755360e+00
3.054805480548055030e+01,6.028340220139194372e+01,2.651977532816394589e+00
3.055305530553055604e+01,6.028336554121052870e+01,2.651833217720926950e+00
3.055805580558055823e+01,6.028332330513686088e+01,2.651688967565062338e+00
3.056305630563056397e+01,6.028327555306516672e+01,2.651544782057318361e+00
3.056805680568056971e+01,6.028322234602887164e+01,2.651400660901023887e+00
3.057305730573057545e+01,6.028316374620059293e+01,2.651256603794314159e+00
3.057805780578058119e+01,6.028309981689215391e+01,2.651112610430135685e+00
3.058305830583058338e+01,6.028303062255454137e+01,2.650968680496242236e+00
3.058805880588058912e+01,6.028295622877796944e+01,2.650824813675197067e+00
3.059305930593059486e+01,6.028287670229182282e+01,2.650681009644372921e+00
3.059805980598060060e+01,6.028279211096468515e+01,2.650537268075951136e+00
3.060306030603060279e+01,6.028270252380433902e+01,2.650393588636921205e+00
3.060806080608060853e+01,6.028260801095775179e+01,2.650249970989082549e+00
3.061306130613061427e+01,6.028250864371109685e+01,2.650106414789043185e+00
3.061806180618062001e+01,6.028240449448972527e+01,2.649962919688220175e+00
3.062306230623062575e+01,6.028229563685818704e+01,2.649819485332839619e+00
3.062806280628062794e+01,6.028218214552023113e+01,2.649676111363936215e+00
3.063306330633063368e+01,6.028206409631879836e+01,2.649532797417353702e+00
3.063806380638063942e+01,6.028194156623602140e+01,2.649389543123745305e+00
3.064306430643064516e+01,6.028181463339321766e+01,2.649246348108572402e+00
3.064806480648065090e+01,6.028168337705091062e+01,2.649103211992105411e+00
3.065306530653065309e+01,6.028154787760880851e+01,2.648960134389424681e+00
3.065806580658065883e+01,6.028140821660582560e+01,2.648817114910418269e+00
3.066306630663066457e+01,6.028126447672004673e+01,2.648674153159783717e+00
3.066806680668067031e+01,6.028111674176876988e+01,2.648531248737027610e+00
3.067306730673067605e+01,6.028096509670848491e+01,2.648388401236465128e+00
3.067806780678067824e+01,6.028080962763485928e+01,2.648245610247220938e+00
3.068306830683068398e+01,6.028065042178278077e+01,2.648102875353227859e+00
3.068806880688068972e+01,6.028048756752629345e+01,2.647960196133228639e+00
3.069306930693069546e+01,6.028032115437867589e+01,2.647817572160774180e+00
3.069806980698070120e+01,6.028015127299236298e+01,2.647675003004224870e+00
3.070307030703070339e+01,6.027997801515900989e+01,2.647532488226749248e+00
3.070807080708070913e+01,6.027980147380945652e+01,2.647390027386325784e+00
3.071307130713071487e+01,6.027962174301372045e+01,2.647247620035741544e+00
3.071807180718072061e+01,6.027943891798104659e+01,2.647105265722591749e+00
3.072307230723072280e+01,6.027925309505983620e+01,2.646962963989281992e+00
3.072807280728072854e+01,6.027906437173770371e+01,2.646820714373025574e+00
3.073307330733073428e+01,6.027887284664146250e+01,2.646678516405845283e+00
3.073807380738074002e+01,6.027867861953710360e+01,2.646536369614573392e+00
3.074307430743074576e+01,6.027848179132982409e+01,2.646394273520849438e+00
3.074807480748074795e+01,6.027828246406400581e+01,2.646252227641124222e+00
3.075307530753075369e+01,6.027808074092322244e+01,2.646110231486655362e+00
3.075807580758075943e+01,6.027787672623024662e+01,2.645968284563510409e+00
3.076307630763076517e+01,6.027767052544704995e+01,2.645826386372566397e+00
3.076807680768077091e+01,6.027746224517478169e+01,2.645684536409508070e+00
3.077307730773077310e+01,6.027725199315380422e+01,2.645542734164829657e+00
3.077807780778077884e+01,6.027703987826365051e+01,2.645400979123834873e+00
3.078307830783078458e+01,6.027682601052306666e+01,2.645259270766635584e+00
3.078807880788079032e+01,6.027661050108997642e+01,2.645117608568153145e+00
3.079307930793079606e+01,6.027639346226151673e+01,2.644975991998117504e+00
3.079807980798079825e+01,6.027617500747398793e+01,2.644834420521067653e+00
3.080308030803080399e+01,6.027595525130291776e+01,2.644692893596351624e+00
3.080808080808080973e+01,6.027573430946300448e+01,2.644551410678126047e+00
3.081308130813081547e+01,6.027551229880815242e+01,2.644409971215357036e+00
3.081808180818082121e+01,6.027528933733143646e+01,2.644268574651819304e+00
3.082308230823082340e+01,6.027506554416515883e+01,2.644127220426097047e+00
3.082808280828082914e+01,6.027484103958078521e+01,2.643985907971582616e+00
3.083308330833083488e+01,6.027461594498899444e+01,2.643844636716476959e+00
3.083808380838084062e+01,6.027439038293964302e+01,2.643703406083791840e+00
3.084308430843084636e+01,6.027416447712180059e+01,2.643562215491345846e+00
3.084808480848084855e+01,6.027393835236370734e+01,2.643421064351768379e+00
3.085308530853085429e+01,6.027371213463281663e+01,2.643279952072495664e+00
3.085808580858086003e+01,6.027348595103575946e+01,2.643138878055775187e+00
3.086308630863086577e+01,6.027325992981837288e+01,2.642997841698661698e+00
3.086808680868086796e+01,6.027303420036567161e+01,2.642856842393019434e+00
3.087308730873087370e+01,6.027280889320188351e+01,2.642715879525521672e+00
3.087808780878087944e+01,6.027258413999042119e+01,2.642574952477650285e+00
3.088308830883088518e+01,6.027236007353387492e+01,2.642434060625697079e+00
3.088808880888089092e+01,6.027213682777405523e+01,2.642293203340761565e+00
3.089308930893089311e+01,6.027191453779195029e+01,2.642152379988752298e+00
3.089808980898089885e+01,6.027169333980774724e+01,2.642011589930388205e+00
3.090309030903090459e+01,6.027147337118081794e+01,2.641870832521195478e+00
3.090809080908091033e+01,6.027125477040973323e+01,2.641730107111509795e+00
3.091309130913091607e+01,6.027103767713226290e+01,2.641589413046476320e+00
3.091809180918091826e+01,6.027082223212536150e+01,2.641448749666048812e+00
3.092309230923092400e+01,6.027060857730518251e+01,2.641308116304989628e+00
3.092809280928092974e+01,6.027039685572706418e+01,2.641167512292870168e+00
3.093309330933093548e+01,6.027018721158555081e+01,2.641026936954071758e+00
3.093809380938094122e+01,6.026997979021437146e+01,2.640886389607782991e+00
3.094309430943094341e+01,6.026977473808645414e+01,2.640745869568002391e+00
3.094809480948094915e+01,6.026957220281390448e+01,2.640605376143537963e+00
3.095309530953095489e+01,6.026937233314804843e+01,2.640464908638005426e+00
3.095809580958096063e+01,6.026917527897937532e+01,2.640324466349830423e+00
3.096309630963096637e+01,6.026898119133759479e+01,2.640184048572247200e+00
3.096809680968096856e+01,6.026879022239159411e+01,2.640043654593298150e+00
3.097309730973097430e+01,6.026860252544945951e+01,2.639903283695836489e+00
3.097809780978098004e+01,6.026841825495846194e+01,2.639762935157522250e+00
3.098309830983098578e+01,6.026823756650507136e+01,2.639622608250825841e+00
3.098809880988098797e+01,6.026806061681496374e+01,2.639482302243026268e+00
3.099309930993099371e+01,6.026788756375299272e+01,2.639342016396211132e+00
3.099809980998099945e+01,6.026771856632319668e+01,2.639201749967277522e+00
3.100310031003100519e+01,6.026755378466883428e+01,2.639061502207931120e+00
3.100810081008101093e+01,6.026739338007234181e+01,2.638921272364686654e+00
3.101310131013101312e+01,6.026723751495534032e+01,2.638781059678867891e+00
3.101810181018101886e+01,6.026708635287866400e+01,2.638640863386607194e+00
3.102310231023102460e+01,6.026694005854232472e+01,2.638500682718845969e+00
3.102810281028103034e+01,6.026679879778553328e+01,2.638360516901334663e+00
3.103310331033103608e+01,6.026666273758669945e+01,2.638220365154633207e+00
3.103810381038103827e+01,6.026653204606341063e+01,2.638080226694110131e+00
3.104310431043104401e+01,6.026640689247246740e+01,2.637940100729942117e+00
3.104810481048104975e+01,6.026628744720985509e+01,2.637799986467115332e+00
3.105310531053105549e+01,6.026617388181073665e+01,2.637659883105425429e+00
3.105810581058106123e+01,6.026606636894949531e+01,2.637519789839476658e+00
3.106310631063106342e+01,6.026596508243969197e+01,2.637379705858681866e+00
3.106810681068106916e+01,6.026587019723408645e+01,2.637239630347262942e+00
3.107310731073107490e+01,6.026578188942462333e+01,2.637099562484251258e+00
3.107810781078108064e+01,6.026570033624244616e+01,2.636959501443486342e+00
3.108310831083108638e+01,6.026562571605790453e+01,2.636819446393617206e+00
3.108810881088108857e+01,6.026555820838051147e+01,2.636679396498102346e+00
3.109310931093109431e+01,6.026549799385900741e+01,2.636539350915207525e+00
3.109810981098110005e+01,6.026544525428130328e+01,2.636399308798008434e+00
3.110311031103110579e+01,6.026540017257450188e+01,2.636259269294390695e+00
3.110811081108110798e+01,6.026536293280491918e+01,2.636119231547047637e+00
3.111311131113111372e+01,6.026533372017804169e+01,2.635979194693481187e+00
3.111811181118111946e+01,6.026531272103856907e+01,2.635839157866003202e+00
3.112311231123112520e+01,6.026530012287038574e+01,2.635699120191734135e+00
3.112811281128113094e+01,6.026529611429656086e+01,2.635559080792603481e+00
3.113311331133113313e+01,6.026530088507936966e+01,2.635419038785349333e+00
3.113811381138113887e+01,6.026531462612027212e+01,2.635278993281518822e+00
3.114311431143114461e+01,6.026533752945993427e+01,2.635138943387468569e+00
3.114811481148115035e+01,6.026536978827819269e+01,2.634998888204363787e+00
3.115311531153115610e+01,6.026541159689410421e+01,2.634858826828178291e+00
3.115811581158115828e+01,6.026546315076590332e+01,2.634718758349695378e+00
3.116311631163116402e+01,6.026552464649100926e+01,2.634578681854506499e+00
3.116811681168116976e+01,6.026559628180606154e+01,2.634438596423013479e+00
3.117311731173117550e+01,6.026567825558687019e+01,2.634298501130425407e+00
3.117811781178118125e+01,6.026577076784844422e+01,2.634158395046761303e+00
3.118311831183118343e+01,6.026587401974499159e+01,2.634018277236849226e+00
3.118811881188118917e+01,6.026598821356990499e+01,2.633878146760325833e+00
3.119311931193119491e+01,6.026611355275577608e+01,2.633738002671636380e+00
3.119811981198120066e+01,6.026625024187438839e+01,2.633597844020036050e+00
3.120312031203120640e+01,6.026639848663672439e+01,2.633457669849588179e+00
3.120812081208120858e+01,6.026655849389294417e+01,2.633317479199165145e+00
3.121312131213121432e+01,6.026673047163242103e+01,2.633177271102448369e+00
3.121812181218122006e+01,6.026691462898370588e+01,2.633037044587928310e+00
3.122312231223122581e+01,6.026711117621454861e+01,2.632896798678904471e+00
3.122812281228122799e+01,6.026732032473189804e+01,2.632756532393484949e+00
3.123312331233123373e+01,6.026754228708188066e+01,2.632616244744587330e+00
3.123812381238123947e+01,6.026777727694984321e+01,2.632475934739936907e+00
3.124312431243124522e+01,6.026802550916029588e+01,2.632335601382069790e+00
3.124812481248125096e+01,6.026828719967696202e+01,2.632195243668329354e+00
3.125312531253125314e+01,6.026856256560274971e+01,2.632054860590868905e+00
3.125812581258125888e+01,6.026885182517976602e+01,2.631914451136650346e+00
3.126312631263126462e+01,6.026915519778929564e+01,2.631774014287444619e+00
3.126812681268127037e+01,6.026947290395184353e+01,2.631633549019831708e+00
3.127312731273127611e+01,6.026980516532708521e+01,2.631493054305200197e+00
3.127812781278127829e+01,6.027015220471390222e+01,2.631352529109747707e+00
3.128312831283128403e+01,6.027051424605036090e+01,2.631211972394480902e+00
3.128812881288128978e+01,6.027089151441372650e+01,2.631071383115215490e+00
3.129312931293129552e+01,6.027128423602045615e+01,2.630930760222576215e+00
3.129812981298130126e+01,6.027169263822619172e+01,2.630790102661996421e+00
3.130313031303130344e+01,6.027211694952578824e+01,2.630649409373718939e+00
3.130813081308130919e+01,6.027255739955327840e+01,2.630508679292794305e+00
3.131313131313131493e+01,6.027301421908189383e+01,2.630367911349083432e+00
3.131813181318132067e+01,6.027348764002405801e+01,2.630227104467255828e+00
3.132313231323132641e+01,6.027397789543137918e+01,2.630086257566789154e+00
3.132813281328132859e+01,6.027448521949467874e+01,2.629945369561971003e+00
3.133313331333133434e+01,6.027500984754395574e+01,2.629804439361897561e+00
3.133813381338134008e+01,6.027555201604840818e+01,2.629663465870473615e+00
3.134313431343134582e+01,6.027611196261641879e+01,2.629522447986412992e+00
3.134813481348134800e+01,6.027668992599557640e+01,2.629381384603239447e+00
3.135313531353135375e+01,6.027728614607266167e+01,2.629240274609284000e+00
3.135813581358135949e+01,6.027790086387363999e+01,2.629099116887688048e+00
3.136313631363136523e+01,6.027853243390869409e+01,2.628957920899301470e+00
3.136813681368137097e+01,6.027917843765253991e+01,2.628816700059634304e+00
3.137313731373137315e+01,6.027983858516051896e+01,2.628675455630023361e+00
3.137813781378137890e+01,6.028051259407175166e+01,2.628534188830938145e+00
3.138313831383138464e+01,6.028120018362345434e+01,2.628392900875836435e+00
3.138813881388139038e+01,6.028190107465090364e+01,2.628251592971165618e+00
3.139313931393139612e+01,6.028261498958747922e+01,2.628110266316359134e+00
3.139813981398139831e+01,6.028334165246461396e+01,2.627968922103841365e+00
3.140314031403140405e+01,6.028408078891186506e+01,2.627827561519023192e+00
3.140814081408140979e+01,6.028483212615683584e+01,2.627686185740304659e+00
3.141314131413141553e+01,6.028559539302523262e+01,2.627544795939073641e+00
3.141814181418142127e+01,6.028637031994082918e+01,2.627403393279707178e+00
3.142314231423142346e+01,6.028715663892549514e+01,2.627261978919569696e+00
3.142814281428142920e+01,6.028795408359917474e+01,2.627120554009014786e+00
3.143314331433143494e+01,6.028876238917990804e+01,2.626979119691383868e+00
3.143814381438144068e+01,6.028958129248378839e+01,2.626837677103007529e+00
3.144314431443144642e+01,6.029041053192502631e+01,2.626696227373203296e+00
3.144814481448144861e+01,6.029124984751588556e+01,2.626554771624278306e+00
3.145314531453145435e+01,6.029209898086673292e+01,2.626413310971527970e+00
3.145814581458146009e+01,6.029295767518600968e+01,2.626271846523234643e+00
3.146314631463146583e+01,6.029382567528023884e+01,2.626130379380671176e+00
3.146814681468146802e+01,6.029470272755402505e+01,2.625988910638097806e+00
3.147314731473147376e+01,6.029558858001004751e+01,2.625847441382761716e+00
3.147814781478147950e+01,6.029648298224909553e+01,2.625705972694901025e+00
3.148314831483148524e+01,6.029738568547001165e+01,2.625564505647740354e+00
3.148814881488149098e+01,6.029829644246973430e+01,2.625423041307493932e+00
3.149314931493149317e+01,6.029921500764328357e+01,2.625281580733362485e+00
3.149814981498149891e+01,6.030014113698375411e+01,2.625140124977537681e+00
3.150315031503150465e+01,6.030107458808233645e+01,2.624998675085196798e+00
3.150815081508151039e+01,6.030201512012828857e+01,2.624857232094508053e+00
3.151315131513151613e+01,6.030296249390896435e+01,2.624715797036626164e+00
3.151815181518151832e+01,6.030391647180979220e+01,2.624574370935695011e+00
3.152315231523152406e+01,6.030487681781428932e+01,2.624432954808846752e+00
3.152815281528152980e+01,6.030584329750404038e+01,2.624291549666201373e+00
3.153315331533153554e+01,6.030681567805873300e+01,2.624150156510868026e+00
3.153815381538154128e+01,6.030779372825612938e+01,2.624008776338943694e+00
3.154315431543154347e+01,6.030877721847205919e+01,2.623867410139514522e+00
3.154815481548154921e+01,6.030976592068045505e+01,2.623726058894653601e+00
3.155315531553155495e+01,6.031075960845333128e+01,2.623584723579423184e+00
3.155815581558156069e+01,6.031175805696076253e+01,2.623443405161874242e+00
3.156315631563156643e+01,6.031276104297093354e+01,2.623302104603045581e+00
3.156815681568156862e+01,6.031376834485009653e+01,2.623160822856964280e+00
3.157315731573157436e+01,6.031477974256258534e+01,2.623019560870646583e+00
3.157815781578158010e+01,6.031579501767082263e+01,2.622878319584095674e+00
3.158315831583158584e+01,6.031681395333530560e+01,2.622737099930304350e+00
3.158815881588158803e+01,6.031783633431462022e+01,2.622595902835253234e+00
3.159315931593159377e+01,6.031886194696544123e+01,2.622454729217911673e+00
3.159815981598159951e+01,6.031989057924251085e+01,2.622313579990236843e+00
3.160316031603160525e+01,6.032092202069866005e+01,2.622172456057174639e+00
3.160816081608161099e+01,6.032195606248480146e+01,2.622031358316659233e+00
3.161316131613161318e+01,6.032299249734994362e+01,2.621890287659613072e+00
3.161816181618161892e+01,6.032403111964114828e+01,2.621749244969946879e+00
3.162316231623162466e+01,6.032507172530358730e+01,2.621608231124560096e+00
3.162816281628163040e+01,6.032611411188050710e+01,2.621467246993340439e+00
3.163316331633163614e+01,6.032715807851322865e+01,2.621326293439163457e+00
3.163816381638163833e+01,6.032820342594116170e+01,2.621185371317893864e+00
3.164316431643164407e+01,6.032924995650179056e+01,2.621044481478383759e+00
3.164816481648164981e+01,6.033029747413070254e+01,2.620903624762474848e+00
3.165316531653165555e+01,6.033134578436154527e+01,2.620762802004995784e+00
3.165816581658166129e+01,6.033239469432605517e+01,2.620622014033764824e+00
3.166316631663166348e+01,6.033344401275405744e+01,2.620481261669588058e+00
3.166816681668166922e+01,6.033449354997345893e+01,2.620340545726259851e+00
3.167316731673167496e+01,6.033554311791023395e+01,2.620199867010562844e+00
3.167816781678168070e+01,6.033659253008845980e+01,2.620059226322267953e+00
3.168316831683168644e+01,6.033764160163028833e+01,2.619918624454135259e+00
3.168816881688168863e+01,6.033869014925594598e+01,2.619778062191912671e+00
3.169316931693169437e+01,6.033973799128374793e+01,2.619637540314335489e+00
3.169816981698170011e+01,6.034078494763009815e+01,2.619497059593129507e+00
3.170317031703170585e+01,6.034183083980947515e+01,2.619356620793007018e+00
3.170817081708170804e+01,6.034287549093443914e+01,2.619216224671669480e+00
3.171317131713171378e+01,6.034391872571563198e+01,2.619075871979806180e+00
3.171817181718171952e+01,6.034496037046179140e+01,2.618935563461096017e+00
3.172317231723172526e+01,6.034600025307972260e+01,2.618795299852204383e+00
3.172817281728173100e+01,6.034703820307431243e+01,2.618655081882786728e+00
3.173317331733173319e+01,6.034807405154854365e+01,2.618514910275485885e+00
3.173817381738173893e+01,6.034910763120346644e+01,2.618374785745932964e+00
3.174317431743174467e+01,6.035013877633822688e+01,2.618234709002748239e+00
3.174817481748175041e+01,6.035116732285004559e+01,2.618094680747539815e+00
3.175317531753175615e+01,6.035219310823422489e+01,2.617954701674904516e+00
3.175817581758175834e+01,6.035321597158414875e+01,2.617814772472426554e+00
3.176317631763176408e+01,6.035423575359128989e+01,2.617674893820679305e+00
3.176817681768176982e+01,6.035525229654520984e+01,2.617535066393224419e+00
3.177317731773177556e+01,6.035626544433352336e+01,2.617395290856612267e+00
3.177817781778178130e+01,6.035727504244196240e+01,2.617255567870380606e+00
3.178317831783178349e+01,6.035828093795432636e+01,2.617115898087056802e+00
3.178817881788178923e+01,6.035928297955248212e+01,2.616976282152155164e+00
3.179317931793179497e+01,6.036028101751640662e+01,2.616836720704179164e+00
3.179817981798180071e+01,6.036127490372414428e+01,2.616697214374620994e+00
3.180318031803180645e+01,6.036226449165182828e+01,2.616557763787960234e+00
3.180818081808180864e+01,6.036324963637365215e+01,2.616418369561665624e+00
3.181318131813181438e+01,6.036423019456192662e+01,2.616279032306194186e+00
3.181818181818182012e+01,6.036520602448702277e+01,2.616139752624990766e+00
3.182318231823182586e+01,6.036617698601740045e+01,2.616000531114488936e+00
3.182818281828182805e+01,6.036714294061960118e+01,2.615861368364110540e+00
3.183318331833183379e+01,6.036810375135824103e+01,2.615722264956266141e+00
3.183818381838183953e+01,6.036905928289603196e+01,2.615583221466354136e+00
3.184318431843184527e+01,6.037000940149376049e+01,2.615444238462761195e+00
3.184818481848185101e+01,6.037095397501030192e+01,2.615305316506862710e+00
3.185318531853185320e+01,6.037189287290260609e+01,2.615166456153023233e+00
3.185818581858185894e+01,6.037282596622570452e+01,2.615027657948593820e+00
3.186318631863186468e+01,6.037375312763271751e+01,2.614888922433914686e+00
3.186818681868187042e+01,6.037467423137484701e+01,2.614750250142315657e+00
3.187318731873187616e+01,6.037558915330137665e+01,2.614611641600113057e+00
3.187818781878187835e+01,6.037649777085967173e+01,2.614473097326612372e+00
3.188318831883188409e+01,6.037739996309517210e+01,2.614334617834107810e+00
3.188818881888188983e+01,6.037829561065142059e+01,2.614196203627880966e+00
3.189318931893189557e+01,6.037918459577002039e+01,2.614057855206203040e+00
3.189818981898190131e+01,6.038006680229067058e+01,2.613919573060332624e+00
3.190319031903190350e+01,6.038094211565115188e+01,2.613781357674517025e+00
3.190819081908190924e+01,6.038181042288731248e+01,2.613643209525991828e+00
3.191319131913191498e+01,6.038267161263310356e+01,2.613505129084980450e+00
3.191819181918192072e+01,6.038352557512055085e+01,2.613367116814696356e+00
3.192319231923192646e+01,6.038437220217975465e+01,2.613229173171339070e+00
3.192819281928192865e+01,6.038521138723891113e+01,2.613091298604098611e+00
3.193319331933193439e+01,6.038604302532428392e+01,2.612953493555151496e+00
3.193819381938194013e+01,6.038686701306023963e+01,2.612815758459664295e+00
3.194319431943194587e+01,6.038768324866920523e+01,2.612678093745790520e+00
3.194819481948194806e+01,6.038849163197170355e+01,2.612540499834672847e+00
3.195319531953195380e+01,6.038929206438633202e+01,2.612402977140442228e+00
3.195819581958195954e+01,6.039008444892978389e+01,2.612265526070217891e+00
3.196319631963196528e+01,6.039086869021681281e+01,2.612128147024106894e+00
3.196819681968197102e+01,6.039164469446028249e+01,2.611990840395205460e+00
3.197319731973197321e+01,6.039241236947110991e+01,2.611853606569598085e+00
3.197819781978197895e+01,6.039317162465832212e+01,2.611716445926357100e+00
3.198319831983198469e+01,6.039392237102900651e+01,2.611579358837543552e+00
3.198819881988199043e+01,6.039466452118834638e+01,2.611442345668206766e+00
3.199319931993199617e+01,6.039539798933959247e+01,2.611305406776384341e+00
3.199819981998199836e+01,6.039612269128410560e+01,2.611168542513102153e+00
3.200320032003200765e+01,6.039683854442129274e+01,2.611031753222375240e+00
3.200820082008200984e+01,6.039754546774867805e+01,2.610895039241205584e+00
3.201320132013201203e+01,6.039824338186184605e+01,2.610758400899585219e+00
3.201820182018202132e+01,6.039893220895447001e+01,2.610621838520492677e+00
3.202320232023202351e+01,6.039961187281830490e+01,2.610485352419896543e+00
3.202820282028203280e+01,6.040028229884318733e+01,2.610348942906752345e+00
3.203320332033203499e+01,6.040094341401704270e+01,2.610212610283005219e+00
3.203820382038203718e+01,6.040159514692587095e+01,2.610076354843587687e+00
3.204320432043204647e+01,6.040223742775375371e+01,2.609940176876420992e+00
3.204820482048204866e+01,6.040287018828286847e+01,2.609804076662415540e+00
3.205320532053205795e+01,6.040349336189346019e+01,2.609668054475467791e+00
3.205820582058206014e+01,6.040410688356385549e+01,2.609532110582465592e+00
3.206320632063206233e+01,6.040471068987047687e+01,2.609396245243283285e+00
3.206820682068207162e+01,6.040530471898781428e+01,2.609260458710783048e+00
3.207320732073207381e+01,6.040588891068846067e+01,2.609124751230817107e+00
3.207820782078208310e+01,6.040646320634306932e+01,2.608989123042224634e+00
3.208320832083208529e+01,6.040702754892038229e+01,2.608853574376834850e+00
3.208820882088208748e+01,6.040758188298723041e+01,2.608718105459463033e+00
3.209320932093209677e+01,6.040812615470853331e+01,2.608582716507914956e+00
3.209820982098209896e+01,6.040866031184726381e+01,2.608447407732982892e+00
3.210321032103210825e+01,6.040918430376451198e+01,2.608312179338449166e+00
3.210821082108211044e+01,6.040969808141942110e+01,2.608177031521083489e+00
3.211321132113211263e+01,6.041020159736924455e+01,2.608041964470643848e+00
3.211821182118212192e+01,6.041069480576929607e+01,2.607906978369876949e+00
3.212321232123212411e+01,6.041117766237297815e+01,2.607772073394518220e+00
3.212821282128212630e+01,6.041165012453178207e+01,2.607637249713290917e+00
3.213321332133213559e+01,6.041211215119528077e+01,2.607502507487906129e+00
3.213821382138213778e+01,6.041256370291111466e+01,2.607367846873064110e+00
3.214321432143214707e+01,6.041300474182502711e+01,2.607233268016453831e+00
3.214821482148214926e+01,6.041343523168082896e+01,2.607098771058751652e+00
3.215321532153215145e+01,6.041385513782041983e+01,2.606964356133622651e+00
3.215821582158216074e+01,6.041426442718378098e+01,2.606830023367720628e+00
3.216321632163216293e+01,6.041466306830898247e+01,2.606695772880687212e+00
3.216821682168217222e+01,6.041505103133215471e+01,2.606561604785152308e+00
3.217321732173217441e+01,6.041542828798754527e+01,2.606427519186734987e+00
3.217821782178217660e+01,6.041579481160744791e+01,2.606293516184042147e+00
3.218321832183218589e+01,6.041615057712227355e+01,2.606159595868668521e+00
3.218821882188218808e+01,6.041649556106047925e+01,2.606025758325198449e+00
3.219321932193219737e+01,6.041682974154863928e+01,2.605892003631203213e+00
3.219821982198219956e+01,6.041715309831138114e+01,2.605758331857244148e+00
3.220322032203220175e+01,6.041746561267143534e+01,2.605624743066869087e+00
3.220822082208221104e+01,6.041776726754960691e+01,2.605491237316615027e+00
3.221322132213221323e+01,6.041805804746478259e+01,2.605357814656008131e+00
3.221822182218222252e+01,6.041833793853393075e+01,2.605224475127561501e+00
3.222322232223222471e+01,6.041860692847210856e+01,2.605091218766777850e+00
3.222822282228222690e+01,6.041886500659244774e+01,2.604958045602147276e+00
3.223322332233223619e+01,6.041911216380616167e+01,2.604824955655148599e+00
3.223822382238223838e+01,6.041934839262255963e+01,2.604691948940249357e+00
3.224322432243224767e+01,6.041957368714902543e+01,2.604559025464904476e+00
3.224822482248224986e+01,6.041978804309101037e+01,2.604426185229558932e+00
3.225322532253225205e+01,6.041999145775206870e+01,2.604293428227644203e+00
3.225822582258226134e+01,6.042018393003383636e+01,2.604160754445580928e+00
3.226322632263226353e+01,6.042036546043602385e+01,2.604028163862778467e+00
3.226822682268227283e+01,6.042053605105641623e+01,2.603895656451634011e+00
3.227322732273227501e+01,6.042069570559089442e+01,2.603763232177533027e+00
3.227822782278227720e+01,6.042084442933342103e+01,2.603630890998850589e+00
3.228322832283228649e+01,6.042098222917604033e+01,2.603498632866947382e+00
3.228822882288228868e+01,6.042110911360887116e+01,2.603366457726175920e+00
3.229322932293229798e+01,6.042122509272012110e+01,2.603234365513874327e+00
3.229822982298230016e+01,6.042133017819608654e+01,2.603102356160370778e+00
3.230323032303230235e+01,6.042142438332112420e+01,2.602970429588980394e+00
3.230823082308231164e+01,6.042150772297770089e+01,2.602838585716007458e+00
3.231323132313231383e+01,6.042158021364635090e+01,2.602706824450745415e+00
3.231823182318232313e+01,6.042164187340568304e+01,2.602575145695474212e+00
3.232323232323232531e+01,6.042169272193241625e+01,2.602443549345463847e+00
3.232823282328232750e+01,6.042173278050131557e+01,2.602312035288971703e+00
3.233323332333233679e+01,6.042176207198526328e+01,2.602180603407243442e+00
3.233823382338233898e+01,6.042178062085519485e+01,2.602049253574514331e+00
3.234323432343234828e+01,6.042178845318015590e+01,2.601917985658005694e+00
3.234823482348235046e+01,6.042178559662724524e+01,2.601786799517929794e+00
3.235323532353235265e+01,6.042177208046166470e+01,2.601655695007485836e+00
3.235823582358236195e+01,6.042174793554669066e+01,2.601524671972861302e+00
3.236323632363236413e+01,6.042171319434368826e+01,2.601393730253232839e+00
3.236823682368236632e+01,6.042166789091209722e+01,2.601262869680764034e+00
3.237323732373237561e+01,6.042161206090944603e+01,2.601132090080608528e+00
3.237823782378237780e+01,6.042154574159133773e+01,2.601001391270907792e+00
3.238323832383238710e+01,6.042146897181146414e+01,2.600870773062790242e+00
3.238823882388238928e+01,6.042138179202159876e+01,2.600740235260375233e+00
3.239323932393239147e+01,6.042128424427160382e+01,2.600609777660768174e+00
3.239823982398240076e+01,6.042117637220940196e+01,2.600479400054063639e+00
3.240324032403240295e+01,6.042105822108103297e+01,2.600349102223345366e+00
3.240824082408241225e+01,6.042092983773057568e+01,2.600218883944683590e+00
3.241324132413241443e+01,6.042079127060024035e+01,2.600088744987139489e+00
3.241824182418241662e+01,6.042064256973027625e+01,2.599958685112759849e+00
3.242324232423242591e+01,6.042048378675903564e+01,2.599828704076581953e+00
3.242824282428242810e+01,6.042031497492295955e+01,2.599698801626630473e+00
3.243324332433243740e+01,6.042013618905654937e+01,2.599568977503917910e+00
3.243824382438243958e+01,6.041994748559241657e+01,2.599439231442446374e+00
3.244324432443244177e+01,6.041974892256123297e+01,2.599309563169205806e+00
3.244824482448245107e+01,6.041954055959175918e+01,2.599179972404173977e+00
3.245324532453245325e+01,6.041932245791084455e+01,2.599050458860318269e+00
3.245824582458246255e+01,6.041909468034341302e+01,2.598921022243592560e+00
3.246324632463246473e+01,6.041885729131247018e+01,2.598791662252941226e+00
3.246824682468246692e+01,6.041861035683911751e+01,2.598662378580295140e+00
3.247324732473247622e+01,6.041835394454252395e+01,2.598533170910574341e+00
3.247824782478247840e+01,6.041808812363994008e+01,2.598404038921687587e+00
3.248324832483248770e+01,6.041781296494671238e+01,2.598274982284531465e+00
3.248824882488248988e+01,6.041752854087625479e+01,2.598146000662991284e+00
3.249324932493249207e+01,6.041723492544008423e+01,2.598017093713940184e+00
3.249824982498250137e+01,6.041693219424777794e+01,2.597888261087240025e+00
3.250325032503250355e+01,6.041662042450700199e+01,2.597759502425741385e+00
3.250825082508251285e+01,6.041629969502351116e+01,2.597630817365281786e+00
3.251325132513251503e+01,6.041597008620114195e+01,2.597502205534689246e+00
3.251825182518251722e+01,6.041563168004180540e+01,2.597373666555778282e+00
3.252325232523252652e+01,6.041528456014550130e+01,2.597245200043352575e+00
3.252825282528252870e+01,6.041492881171031115e+01,2.597116805605204526e+00
3.253325332533253800e+01,6.041456452153239809e+01,2.596988482842113477e+00
3.253825382538254019e+01,6.041419177800601403e+01,2.596860231347849268e+00
3.254325432543254237e+01,6.041381067112347125e+01,2.596732050709168682e+00
3.254825482548255167e+01,6.041342129247519210e+01,2.596603940505816333e+00
3.255325532553255385e+01,6.041302373524966640e+01,2.596475900310526441e+00
3.255825582558256315e+01,6.041261809423347273e+01,2.596347929689021061e+00
3.256325632563256534e+01,6.041220446581127135e+01,2.596220028200010965e+00
3.256825682568256752e+01,6.041178294796578996e+01,2.596092195395194757e+00
3.257325732573257682e+01,6.041135364027785926e+01,2.595964430819259317e+00
3.257825782578257900e+01,6.041091664392638449e+01,2.595836734009880242e+00
3.258325832583258830e+01,6.041047206168835260e+01,2.595709104497721853e+00
3.258825882588259049e+01,6.041001999793883925e+01,2.595581541806435855e+00
3.259325932593259267e+01,6.040956055865098762e+01,2.595454045452663561e+00
3.259825982598260197e+01,6.040909385139602961e+01,2.595326614946032784e+00
3.260326032603260415e+01,6.040861998534329302e+01,2.595199249789162277e+00
3.260826082608260634e+01,6.040813907126017313e+01,2.595071949477656403e+00
3.261326132613261564e+01,6.040765122151215394e+01,2.594944713500110023e+00
3.261826182618261782e+01,6.040715655006279405e+01,2.594817541338105382e+00
3.262326232623262712e+01,6.040665517247374794e+01,2.594690432466212560e+00
3.262826282628262931e+01,6.040614720590474462e+01,2.594563386351991685e+00
3.263326332633263149e+01,6.040563276911358770e+01,2.594436402455989832e+00
3.263826382638264079e+01,6.040511198245617663e+01,2.594309480231742349e+00
3.264326432643264297e+01,6.040458496788648546e+01,2.594182619125773748e+00
3.264826482648265227e+01,6.040405184895657698e+01,2.594055818577596817e+00
3.265326532653265446e+01,6.040351275081659566e+01,2.593929078019712176e+00
3.265826582658265664e+01,6.040296780021475342e+01,2.593802396877609606e+00
3.266326632663266594e+01,6.040241712549737230e+01,2.593675774569765391e+00
3.266826682668266812e+01,6.040186085660882753e+01,2.593549210507646752e+00
3.267326732673267742e+01,6.040129912509159738e+01,2.593422704095707854e+00
3.267826782678267961e+01,6.040073206408623463e+01,2.593296254731390693e+00
3.268326832683268179e+01,6.040015980833137377e+01,2.593169861805126875e+00
3.268826882688269109e+01,6.039958249416373803e+01,2.593043524700335833e+00
3.269326932693269328e+01,6.039900025951811813e+01,2.592917242793425281e+00
3.269826982698270257e+01,6.039841324392740773e+01,2.592791015453790759e+00
3.270327032703270476e+01,6.039782158852256089e+01,2.592664842043817419e+00
3.270827082708270694e+01,6.039722543603264171e+01,2.592538721918877798e+00
3.271327132713271624e+01,6.039662493078476757e+01,2.592412654427332708e+00
3.271827182718271843e+01,6.039602021870416593e+01,2.592286638910532570e+00
3.272327232723272772e+01,6.039541144731411038e+01,2.592160674702814749e+00
3.272827282728272991e+01,6.039479876573599881e+01,2.592034761131505771e+00
3.273327332733273209e+01,6.039418232468928238e+01,2.591908897516919996e+00
3.273827382738274139e+01,6.039356227649150810e+01,2.591783083172360058e+00
3.274327432743274358e+01,6.039293877505829045e+01,2.591657317404117755e+00
3.274827482748275287e+01,6.039231197590335398e+01,2.591531599511472717e+00
3.275327532753275506e+01,6.039168203613847652e+01,2.591405928786693291e+00
3.275827582758275724e+01,6.039104911447353174e+01,2.591280304515035215e+00
3.276327632763276654e+01,6.039041337121647501e+01,2.591154725974743833e+00
3.276827682768276873e+01,6.038977496827335045e+01,2.591029192437051876e+00
3.277327732773277802e+01,6.038913406914826965e+01,2.590903703166180794e+00
3.277827782778278021e+01,6.038849083894344005e+01,2.590778257419340758e+00
3.278327832783278240e+01,6.038784544435914370e+01,2.590652854446729769e+00
3.278827882788279169e+01,6.038719805369374427e+01,2.590527493491534106e+00
3.279327932793279388e+01,6.038654883684370134e+01,2.590402173789929208e+00
3.279827982798280317e+01,6.038589796530353482e+01,2.590276894571077904e+00
3.280328032803280536e+01,6.038524561216586761e+01,2.590151655057132185e+00
3.280828082808280755e+01,6.038459195212139008e+01,2.590026454463231875e+00
3.281328132813281684e+01,6.038393716145888845e+01,2.589901291997505073e+00
3.281828182818281903e+01,6.038328141806522353e+01,2.589776166861068596e+00
3.282328232823282832e+01,6.038262490142533068e+01,2.589651078248027538e+00
3.282828282828283051e+01,6.038196779262224112e+01,2.589526025345475713e+00
3.283328332833283270e+01,6.038131027433706777e+01,2.589401007333494320e+00
3.283828382838284199e+01,6.038065253084899808e+01,2.589276023385153724e+00
3.284328432843284418e+01,6.037999474803530831e+01,2.589151072666512121e+00
3.284828482848284636e+01,6.037933711337134923e+01,2.589026154336616870e+00
3.285328532853285566e+01,6.037867981593056754e+01,2.588901267547502272e+00
3.285828582858285785e+01,6.037802304638447737e+01,2.588776411444193126e+00
3.286328632863286714e+01,6.037736699700268161e+01,2.588651585164700286e+00
3.286828682868286933e+01,6.037671186165287907e+01,2.588526787840024657e+00
3.287328732873287152e+01,6.037605783580082175e+01,2.588402018594154530e+00
3.287828782878288081e+01,6.037540511651036468e+01,2.588277276544066918e+00
3.288328832883288300e+01,6.037475390244344453e+01,2.588152560799727553e+00
3.288828882888289229e+01,6.037410439386007255e+01,2.588027870464089553e+00
3.289328932893289448e+01,6.037345679261835585e+01,2.587903204633095644e+00
3.289828982898289667e+01,6.037281130217446190e+01,2.587778562395675497e+00
3.290329032903290596e+01,6.037216812758266826e+01,2.587653942833747944e+00
3.290829082908290815e+01,6.037152747549530574e+01,2.587529345022220983e+00
3.291329132913291744e+01,6.037088955416280811e+01,2.587404768028989110e+00
3.291829182918291963e+01,6.037025457343369084e+01,2.587280210914936873e+00
3.292329232923292182e+01,6.036962274475454393e+01,2.587155672733935763e+00
3.292829282928293111e+01,6.036899428117003197e+01,2.587031152532846878e+00
3.293329332933293330e+01,6.036836939732292251e+01,2.586906649351519150e+00
3.293829382938294259e+01,6.036774830945405768e+01,2.586782162222789783e+00
3.294329432943294478e+01,6.036713123540235415e+01,2.586657690172484259e+00
3.294829482948294697e+01,6.036651839460481739e+01,2.586533232219416778e+00
3.295329532953295626e+01,6.036591000809653451e+01,2.586408787375389373e+00
3.295829582958295845e+01,6.036530629851067431e+01,2.586284354645192796e+00
3.296329632963296774e+01,6.036470749007849435e+01,2.586159933026606517e+00
3.296829682968296993e+01,6.036411380862931964e+01,2.586035521510397395e+00
3.297329732973297212e+01,6.036352548159057818e+01,2.585911119080321896e+00
3.297829782978298141e+01,6.036294273798775833e+01,2.585786724713123430e+00
3.298329832983298360e+01,6.036236580844445143e+01,2.585662337378535014e+00
3.298829882988299289e+01,6.036179492518231626e+01,2.585537956039277052e+00
3.299329932993299508e+01,6.036123032202110039e+01,2.585413579651059557e+00
3.299829982998299727e+01,6.036067223437862594e+01,2.585289207162579039e+00
3.300330033003300656e+01,6.036012089927081803e+01,2.585164837515522063e+00
3.300830083008300875e+01,6.035957655531166210e+01,2.585040469644563021e+00
3.301330133013301804e+01,6.035903944271323240e+01,2.584916102477363697e+00
3.301830183018302023e+01,6.035850980328569193e+01,2.584791734934576368e+00
3.302330233023302242e+01,6.035798788043728536e+01,2.584667365929839367e+00
3.302830283028303171e+01,6.035747391917433191e+01,2.584542994369780633e+00
3.303330333033303390e+01,6.035696816610123250e+01,2.584418619154016827e+00
3.303830383038304319e+01,6.035647086942048389e+01,2.584294239175151553e+00
3.304330433043304538e+01,6.035598227893265033e+01,2.584169853318778021e+00
3.304830483048304757e+01,6.035550264603639192e+01,2.584045460463477273e+00
3.305330533053305686e+01,6.035503222372843624e+01,2.583921059480818627e+00
3.305830583058305905e+01,6.035457126660360672e+01,2.583796649235360565e+00
3.306330633063306834e+01,6.035412003085480848e+01,2.583672228584648511e+00
3.306830683068307053e+01,6.035367877427301408e+01,2.583547796379217942e+00
3.307330733073307272e+01,6.035324775624729199e+01,2.583423351462590833e+00
3.307830783078308201e+01,6.035282723776479941e+01,2.583298892671278768e+00
3.308330833083308420e+01,6.035241748141075391e+01,2.583174418834782049e+00
3.308830883088308639e+01,6.035201875136847605e+01,2.583049928775587922e+00
3.309330933093309568e+01,6.035163131341935383e+01,2.582925421309172798e+00
3.309830983098309787e+01,6.035125543494287115e+01,2.582800895244001804e+00
3.310331033103310716e+01,6.035089138491658645e+01,2.582676349381527459e+00
3.310831083108310935e+01,6.035053943391613984e+01,2.582551782516191885e+00
3.311331133113311154e+01,6.035019985411526022e+01,2.582427193435424151e+00
3.311831183118312083e+01,6.034987291928575104e+01,2.582302580919642931e+00
3.312331233123312302e+01,6.034955890479751162e+01,2.582177943742254733e+00
3.312831283128313231e+01,6.034925808761849453e+01,2.582053280669653894e+00
3.313331333133313450e+01,6.034897074631476954e+01,2.581928590461224360e+00
3.313831383138313669e+01,6.034869716105047388e+01,2.581803871869337463e+00
3.314331433143314598e+01,6.034843761358781933e+01,2.581679123639352813e+00
3.314831483148314817e+01,6.034819238728711355e+01,2.581554344509618737e+00
3.315331533153315746e+01,6.034796176710673876e+01,2.581429533211472283e+00
3.315831583158315965e+01,6.034774603960315886e+01,2.581304688469237885e+00
3.316331633163316184e+01,6.034754549293092651e+01,2.581179809000229586e+00
3.316831683168317113e+01,6.034736041684266894e+01,2.581054893514748816e+00
3.317331733173317332e+01,6.034719110268910924e+01,2.580929940716085724e+00
3.317831783178318261e+01,6.034703784341903798e+01,2.580804949300518292e+00
3.318331833183318480e+01,6.034690093357932739e+01,2.580679917957314107e+00
3.318831883188318699e+01,6.034678066931495266e+01,2.580554845368727701e+00
3.319331933193319628e+01,6.034667734836894226e+01,2.580429730210002770e+00
3.319831983198319847e+01,6.034659127008243473e+01,2.580304571149371284e+00
3.320332033203320776e+01,6.034652273539463607e+01,2.580179366848053046e+00
3.320832083208320995e+01,6.034647204684283395e+01,2.580054115960257022e+00
3.321332133213321214e+01,6.034643950856239769e+01,2.579928817133180452e+00
3.321832183218322143e+01,6.034642542628679251e+01,2.579803469007008410e+00
3.322332233223322362e+01,6.034643010734755109e+01,2.579678070214914243e+00
3.322832283228323291e+01,6.034645386067429484e+01,2.579552619383060019e+00
3.323332333233323510e+01,6.034649699679473400e+01,2.579427115130596082e+00
3.323832383238323729e+01,6.034655982783463912e+01,2.579301556069661938e+00
3.324332433243324658e+01,6.034664266751789086e+01,2.579175940805383593e+00
3.324832483248324877e+01,6.034674583116643021e+01,2.579050267935877105e+00
3.325332533253325806e+01,6.034686963570030116e+01,2.578924536052245919e+00
3.325832583258326025e+01,6.034701439963760805e+01,2.578798743738583088e+00
3.326332633263326244e+01,6.034718044309455820e+01,2.578672889571968163e+00
3.326832683268327173e+01,6.034736808778541928e+01,2.578546972122469860e+00
3.327332733273327392e+01,6.034757765702256904e+01,2.578420989953146503e+00
3.327832783278328321e+01,6.034780947571643850e+01,2.578294941620042469e+00
3.328332833283328540e+01,6.034806387037556874e+01,2.578168825672193076e+00
3.328832883288328759e+01,6.034834116910655410e+01,2.578042640651619255e+00
3.329332933293329688e+01,6.034864170161409902e+01,2.577916385093332430e+00
3.329832983298329907e+01,6.034896579920096826e+01,2.577790057525331413e+00
3.330333033303330836e+01,6.034931379476802960e+01,2.577663656468603737e+00
3.330833083308331055e+01,6.034968602281421823e+01,2.577537180437124764e+00
3.331333133313331274e+01,6.035008281943655106e+01,2.577410627937859466e+00
3.331833183318332203e+01,6.035050452233013374e+01,2.577283997470758869e+00
3.332333233323332422e+01,6.035095147078816069e+01,2.577157287528765384e+00
3.332833283328333351e+01,6.035142400570190091e+01,2.577030496597807030e+00
3.333333333333333570e+01,6.035192246956069084e+01,2.576903623156801437e+00
3.333833383338333789e+01,6.035244720645198413e+01,2.576776665677655398e+00
3.334333433343334718e+01,6.035299856206128055e+01,2.576649622625261760e+00
3.334833483348334937e+01,6.035357688367218998e+01,2.576522492457504754e+00
3.335333533353335156e+01,6.035418252016638974e+01,2.576395273625253779e+00
3.335833583358336085e+01,6.035481582202364592e+01,2.576267964572368729e+00
3.336333633363336304e+01,6.035547714132180630e+01,2.576140563735697775e+00
3.336833683368337233e+01,6.035616683173679320e+01,2.576013069545076473e+00
3.337333733373337452e+01,6.035688524854261772e+01,2.575885480423329099e+00
3.337833783378337671e+01,6.035763274861137972e+01,2.575757794786268651e+00
3.338333833383338600e+01,6.035840969041324655e+01,2.575630011042696399e+00
3.338833883388338819e+01,6.035921643401648851e+01,2.575502127594401003e+00
3.339333933393339748e+01,6.036005334108743625e+01,2.575374142836161173e+00
3.339833983398339967e+01,6.036091882379339779e+01,2.575246064020627390e+00
3.340334033403340186e+01,6.036179804749106381e+01,2.575117958550515507e+00
3.340834083408341115e+01,6.036268762857596926e+01,2.574989841735264573e+00
3.341334133413341334e+01,6.036358728464383461e+01,2.574861714788582834e+00
3.341834183418342263e+01,6.036449673519734205e+01,2.574733578915861187e+00
3.342334233423342482e+01,6.036541570164611414e+01,2.574605435314171853e+00
3.342834283428342701e+01,6.036634390730675648e+01,2.574477285172270591e+00
3.343334333433343630e+01,6.036728107740281501e+01,2.574349129670594039e+00
3.343834383438343849e+01,6.036822693906479032e+01,2.574220969981262819e+00
3.344334433443344778e+01,6.036918122133015174e+01,2.574092807268077987e+00
3.344834483448344997e+01,6.037014365514333036e+01,2.573964642686524584e+00
3.345334533453345216e+01,6.037111397335569762e+01,2.573836477383768973e+00
3.345834583458346145e+01,6.037209191072560088e+01,2.573708312498659279e+00
3.346334633463346364e+01,6.037307720391834209e+01,2.573580149161727615e+00
3.346834683468347293e+01,6.037406959150617070e+01,2.573451988495186527e+00
3.347334733473347512e+01,6.037506881396829783e+01,2.573323831612932544e+00
3.347834783478347731e+01,6.037607461369091055e+01,2.573195679620543519e+00
3.348334833483348660e+01,6.037708673496713629e+01,2.573067533615279068e+00
3.348834883488348879e+01,6.037810492399704998e+01,2.572939394686082348e+00
3.349334933493349808e+01,6.037912892888771665e+01,2.572811263913578284e+00
3.349834983498350027e+01,6.038015849965312754e+01,2.572683142370073561e+00
3.350335033503350246e+01,6.038119338821425686e+01,2.572555031119557967e+00
3.350835083508351175e+01,6.038223334839902634e+01,2.572426931217703494e+00
3.351335133513351394e+01,6.038327813594230520e+01,2.572298843711863459e+00
3.351835183518352324e+01,6.038432750848594566e+01,2.572170769641074717e+00
3.352335233523352542e+01,6.038538122557872612e+01,2.572042710036055446e+00
3.352835283528352761e+01,6.038643904867641510e+01,2.571914665919207366e+00
3.353335333533353690e+01,6.038750074114172151e+01,2.571786638304612627e+00
3.353835383538353909e+01,6.038856606824430884e+01,2.571658628198037366e+00
3.354335433543354839e+01,6.038963479716081650e+01,2.571530636596928598e+00
3.354835483548355057e+01,6.039070669697482430e+01,2.571402664490417322e+00
3.355335533553355276e+01,6.039178153867688081e+01,2.571274712859315414e+00
3.355835583558356205e+01,6.039285909516448214e+01,2.571146782676116960e+00
3.356335633563356424e+01,6.039393914124209317e+01,2.571018874905000029e+00
3.356835683568357354e+01,6.039502145362113339e+01,2.570890990501822682e+00
3.357335733573357572e+01,6.039610581091998398e+01,2.570763130414127406e+00
3.357835783578357791e+01,6.039719199366396651e+01,2.570635295581137125e+00
3.358335833583358720e+01,6.039827978428539268e+01,2.570507486933758301e+00
3.358835883588358939e+01,6.039936896712350034e+01,2.570379705394579162e+00
3.359335933593359158e+01,6.040045932842450327e+01,2.570251951877870589e+00
3.359835983598360087e+01,6.040155065634156983e+01,2.570124227289585228e+00
3.360336033603360306e+01,6.040264274093482300e+01,2.569996532527358379e+00
3.360836083608361236e+01,6.040373537417135452e+01,2.569868868480507551e+00
3.361336133613361454e+01,6.040482834992519656e+01,2.569741236030032905e+00
3.361836183618361673e+01,6.040592146397735718e+01,2.569613636048615479e+00
3.362336233623362602e+01,6.040701451401579192e+01,2.569486069400620742e+00
3.362836283628362821e+01,6.040810729963541093e+01,2.569358536942095039e+00
3.363336333633363751e+01,6.040919962233810026e+01,2.569231039520766924e+00
3.363836383638363969e+01,6.041029128553268635e+01,2.569103577976048047e+00
3.364336433643364188e+01,6.041138209453495733e+01,2.568976153139031826e+00
3.364836483648365117e+01,6.041247185656766305e+01,2.568848765832493886e+00
3.365336533653365336e+01,6.041356038076051505e+01,2.568721416870892948e+00
3.365836583658366266e+01,6.041464747815017233e+01,2.568594107060368170e+00
3.366336633663366484e+01,6.041573296168026275e+01,2.568466837198743580e+00
3.366836683668366703e+01,6.041681664620136871e+01,2.568339608075523639e+00
3.367336733673367632e+01,6.041789834847102725e+01,2.568212420471895463e+00
3.367836783678367851e+01,6.041897788715373707e+01,2.568085275160728376e+00
3.368336833683368781e+01,6.042005508282094439e+01,2.567958172906574799e+00
3.368836883688368999e+01,6.042112975795107843e+01,2.567831114465668474e+00
3.369336933693369218e+01,6.042220173692950169e+01,2.567704100585926241e+00
3.369836983698370148e+01,6.042327084604854548e+01,2.567577132006945817e+00
3.370337033703370366e+01,6.042433691350749569e+01,2.567450209460009347e+00
3.370837083708371296e+01,6.042539976941260704e+01,2.567323333668079410e+00
3.371337133713371514e+01,6.042645924577707461e+01,2.567196505345802127e+00
3.371837183718371733e+01,6.042751517652106941e+01,2.567069725199504493e+00
3.372337233723372663e+01,6.042856739747170280e+01,2.566942993927197492e+00
3.372837283728372881e+01,6.042961574636305500e+01,2.566816312218572982e+00
3.373337333733373811e+01,6.043066006283616787e+01,2.566689680755005920e+00
3.373837383738374029e+01,6.043170018843903790e+01,2.566563100209553472e+00
3.374337433743374248e+01,6.043273596662660907e+01,2.566436571246954568e+00
3.374837483748375178e+01,6.043376724276080125e+01,2.566310094523631236e+00
3.375337533753375396e+01,6.043479386411047471e+01,2.566183670687686824e+00
3.375837583758376326e+01,6.043581567985146563e+01,2.566057300378907780e+00
3.376337633763376544e+01,6.043683254106655767e+01,2.565930984228763201e+00
3.376837683768376763e+01,6.043784430074548908e+01,2.565804722860402620e+00
3.377337733773377693e+01,6.043885081378496693e+01,2.565678516888659555e+00
3.377837783778377911e+01,6.043985193698864578e+01,2.565552366920049732e+00
3.378337833783378841e+01,6.044084752906715607e+01,2.565426273552770198e+00
3.378837883788379060e+01,6.044183745063805446e+01,2.565300237376701098e+00
3.379337933793379278e+01,6.044282156422588770e+01,2.565174258973404786e+00
3.379837983798380208e+01,6.044379973426215003e+01,2.565048338916125381e+00
3.380338033803380426e+01,6.044477182708528318e+01,2.564922477769790099e+00
3.380838083808381356e+01,6.044573771094070480e+01,2.564796676091007477e+00
3.381338133813381575e+01,6.044669725598077292e+01,2.564670934428069149e+00
3.381838183818381793e+01,6.044765033426481438e+01,2.564545253320948515e+00
3.382338233823382723e+01,6.044859681975911769e+01,2.564419633301301626e+00
3.382838283828382941e+01,6.044953658833691890e+01,2.564294074892467190e+00
3.383338333833383160e+01,6.045046951777841571e+01,2.564168578609464788e+00
3.383838383838384090e+01,6.045139548777077465e+01,2.564043144958997988e+00
3.384338433843384308e+01,6.045231437990809553e+01,2.563917774439451236e+00
3.384838483848385238e+01,6.045322607769146828e+01,2.563792467540892073e+00
3.385338533853385456e+01,6.045413046652890898e+01,2.563667224745070250e+00
3.385838583858385675e+01,6.045502743373541676e+01,2.563542046525418172e+00
3.386338633863386605e+01,6.045591686853293822e+01,2.563416933347049120e+00
3.386838683868386823e+01,6.045679866205037456e+01,2.563291885666760361e+00
3.387338733873387753e+01,6.045767270732360288e+01,2.563166903933030039e+00
3.387838783878387972e+01,6.045853889929542646e+01,2.563041988586019837e+00
3.388338833883388190e+01,6.045939713481563871e+01,2.562917140057573206e+00
3.388838883888389120e+01,6.046024731264097340e+01,2.562792358771214918e+00
3.389338933893389338e+01,6.046108933343512604e+01,2.562667645142154171e+00
3.389838983898390268e+01,6.046192309976875379e+01,2.562542999577280156e+00
3.390339033903390487e+01,6.046274851611946843e+01,2.562418422475166047e+00
3.390839083908390705e+01,6.046356548887184346e+01,2.562293914226066338e+00
3.391339133913391635e+01,6.046437392631739982e+01,2.562169475211918623e+00
3.391839183918391853e+01,6.046517373865463441e+01,2.562045105806341372e+00
3.392339233923392783e+01,6.046596483798898447e+01,2.561920806374637039e+00
3.392839283928393002e+01,6.046674713833286319e+01,2.561796577273789843e+00
3.393339333933393220e+01,6.046752055560561701e+01,2.561672418852465327e+00
3.393839383938394150e+01,6.046828500763357539e+01,2.561548331451012128e+00
3.394339433943394368e+01,6.046904041415001529e+01,2.561424315401461538e+00
3.394839483948395298e+01,6.046978669679516827e+01,2.561300371027526168e+00
3.395339533953395517e+01,6.047052377911623466e+01,2.561176498644602173e+00
3.395839583958395735e+01,6.047125158656736232e+01,2.561052698559766583e+00
3.396339633963396665e+01,6.047197004650966079e+01,2.560928971071779525e+00
3.396839683968396884e+01,6.047267908821120130e+01,2.560805316471083337e+00
3.397339733973397813e+01,6.047337864284700260e+01,2.560681735039802565e+00
3.397839783978398032e+01,6.047406864349905931e+01,2.560558227051744851e+00
3.398339833983398250e+01,6.047474902515630646e+01,2.560434792772397827e+00
3.398839883988399180e+01,6.047541972471464788e+01,2.560311432458934000e+00
3.399339933993399399e+01,6.047608068097694201e+01,2.560188146360207195e+00
3.399839983998400328e+01,6.047673183465300184e+01,2.560064934716753005e+00
3.400340034003400547e+01,6.047737312835960921e+01,2.559941797760789672e+00
3.400840084008400765e+01,6.047800450662049343e+01,2.559818735716218097e+00
3.401340134013401695e+01,6.047862591586634551e+01,2.559695748798620940e+00
3.401840184018401914e+01,6.047923730443481816e+01,2.559572837215263519e+00
3.402340234023402843e+01,6.047983862257051157e+01,2.559450001165092914e+00
3.402840284028403062e+01,6.048042982242499477e+01,2.559327240838739304e+00
3.403340334033403281e+01,6.048101085805679844e+01,2.559204556418515075e+00
3.403840384038404210e+01,6.048158168543139368e+01,2.559081948078413493e+00
3.404340434043404429e+01,6.048214226242122749e+01,2.558959415984112251e+00
3.404840484048405358e+01,6.048269254880569434e+01,2.558836960292969476e+00
3.405340534053405577e+01,6.048323250627114334e+01,2.558714581154027279e+00
3.405840584058405796e+01,6.048376209841090656e+01,2.558592278708008205e+00
3.406340634063406725e+01,6.048428129072524229e+01,2.558470053087317897e+00
3.406840684068406944e+01,6.048479005062138469e+01,2.558347904416045537e+00
3.407340734073407162e+01,6.048528834741352256e+01,2.558225832809960743e+00
3.407840784078408092e+01,6.048577615232280635e+01,2.558103838376515782e+00
3.408340834083408311e+01,6.048625343847732694e+01,2.557981921214846466e+00
3.408840884088409240e+01,6.048672018091216529e+01,2.557860081415769482e+00
3.409340934093409459e+01,6.048717635656933567e+01,2.557738319061784171e+00
3.409840984098409677e+01,6.048762194429781403e+01,2.557616634227072971e+00
3.410341034103410607e+01,6.048805692485353802e+01,2.557495026977499197e+00
3.410841084108410826e+01,6.048848128089939991e+01,2.557373497370610149e+00
3.411341134113411755e+01,6.048889499700526784e+01,2.557252045455633116e+00
3.411841184118411974e+01,6.048929805964793616e+01,2.557130671273480704e+00
3.412341234123412193e+01,6.048969045721118221e+01,2.557009374856745065e+00
3.412841284128413122e+01,6.049007217998573083e+01,2.556888156229701892e+00
3.413341334133413341e+01,6.049044322016927566e+01,2.556767015408309085e+00
3.413841384138414270e+01,6.049080357186645784e+01,2.556645952400206312e+00
3.414341434143414489e+01,6.049115323108887310e+01,2.556524967204717225e+00
3.414841484148414708e+01,6.049149219575508596e+01,2.556404059812845020e+00
3.415341534153415637e+01,6.049182046569060844e+01,2.556283230207277768e+00
3.415841584158415856e+01,6.049213804262792848e+01,2.556162478362383972e+00
3.416341634163416785e+01,6.049244493020648150e+01,2.556041804244215676e+00
3.416841684168417004e+01,6.049274113397264330e+01,2.555921207810506246e+00
3.417341734173417223e+01,6.049302666137977980e+01,2.555800689010672144e+00
3.417841784178418152e+01,6.049330152178819731e+01,2.555680247785812043e+00
3.418341834183418371e+01,6.049356572646515673e+01,2.555559884068705934e+00
3.418841884188419300e+01,6.049381928858489488e+01,2.555439597783817351e+00
3.419341934193419519e+01,6.049406222322858184e+01,2.555319388847291595e+00
3.419841984198419738e+01,6.049429454738437073e+01,2.555199257166955729e+00
3.420342034203420667e+01,6.049451627994734793e+01,2.555079202642320357e+00
3.420842084208420886e+01,6.049472744171958283e+01,2.554959225164576964e+00
3.421342134213421815e+01,6.049492805541008522e+01,2.554839324616599683e+00
3.421842184218422034e+01,6.049511814563483370e+01,2.554719500872946636e+00
3.422342234223422253e+01,6.049529773891675433e+01,2.554599753799855488e+00
3.422842284228423182e+01,6.049546686368574200e+01,2.554480083255247891e+00
3.423342334233423401e+01,6.049562555027863908e+01,2.554360489088728148e+00
3.423842384238424330e+01,6.049577383093925675e+01,2.554240971141580996e+00
3.424342434243424549e+01,6.049591173981836079e+01,2.554121529246775157e+00
3.424842484248424768e+01,6.049603931297367154e+01,2.554002163228961120e+00
3.425342534253425697e+01,6.049615658836986398e+01,2.553882872904471579e+00
3.425842584258425916e+01,6.049626360587858898e+01,2.553763658081321886e+00
3.426342634263426845e+01,6.049636040727843778e+01,2.553644518559208709e+00
3.426842684268427064e+01,6.049644703625495623e+01,2.553525454129512262e+00
3.427342734273427283e+01,6.049652353840067320e+01,2.553406464575294077e+00
3.427842784278428212e+01,6.049658996121505083e+01,2.553287549671297896e+00
3.428342834283428431e+01,6.049664635410452007e+01,2.553168709183951446e+00
3.428842884288429360e+01,6.049669276838246645e+01,2.553049942871362443e+00
3.429342934293429579e+01,6.049672925726923722e+01,2.552931250483322145e+00
3.429842984298429798e+01,6.049675587589213421e+01,2.552812631761304019e+00
3.430343034303430727e+01,6.049677268128542806e+01,2.552694086438463739e+00
3.430843084308430946e+01,6.049677973239032980e+01,2.552575614239639190e+00
3.431343134313431165e+01,6.049677709005501214e+01,2.552457214881350911e+00
3.431843184318432094e+01,6.049676481703462372e+01,2.552338888071800316e+00
3.432343234323432313e+01,6.049674297799126066e+01,2.552220633510873693e+00
3.432843284328433242e+01,6.049671163949395947e+01,2.552102450890136875e+00
3.433343334333433461e+01,6.049667087001873966e+01,2.551984339892839682e+00
3.433843384338433680e+01,6.049662073994857536e+01,2.551866300193913695e+00
3.434343434343434609e+01,6.049656132157338106e+01,2.551748331459973151e+00
3.434843484348434828e+01,6.049649268909005428e+01,2.551630433349314053e+00
3.435343534353435757e+01,6.049641491860242581e+01,2.551512605511914611e+00
3.435843584358435976e+01,6.049632808812130946e+01,2.551394847589436132e+00
3.436343634363436195e+01,6.049623227756445232e+01,2.551277159215221246e+00
3.436843684368437124e+01,6.049612756875658448e+01,2.551159540014295679e+00
3.437343734373437343e+01,6.049601404542936933e+01,2.551041989603367366e+00
3.437843784378438272e+01,6.049589179322143906e+01,2.550924507590825563e+00
3.438343834383438491e+01,6.049576089967840176e+01,2.550807093576743068e+00
3.438843884388438710e+01,6.049562145425279169e+01,2.550689747152873998e+00
3.439343934393439639e+01,6.049547354830411905e+01,2.550572467902655571e+00
3.439843984398439858e+01,6.049531727509885570e+01,2.550455255401206323e+00
3.440344034403440787e+01,6.049515272981042102e+01,2.550338109215328330e+00
3.440844084408441006e+01,6.049498000951919607e+01,2.550221028903504994e+00
3.441344134413441225e+01,6.049479921321253073e+01,2.550104014015902365e+00
3.441844184418442154e+01,6.049461044178470814e+01,2.549987064094368705e+00
3.442344234423442373e+01,6.049441379803700158e+01,2.549870178672434484e+00
3.442844284428443302e+01,6.049420938667761050e+01,2.549753357275312382e+00
3.443344334433443521e+01,6.049399731432171734e+01,2.549636599419897731e+00
3.443844384438443740e+01,6.049377768949145207e+01,2.549519904614768517e+00
3.444344434443444669e+01,6.049355062261589921e+01,2.549403272360183159e+00
3.444844484448444888e+01,6.049331622603110503e+01,2.549286702148084949e+00
3.445344534453445817e+01,6.049307461398008456e+01,2.549170193462097167e+00
3.445844584458446036e+01,6.049282590261279324e+01,2.549053745777527080e+00
3.446344634463446255e+01,6.049257020998614820e+01,2.548937358561363276e+00
3.446844684468447184e+01,6.049230765606404248e+01,2.548821031272276549e+00
3.447344734473447403e+01,6.049203836271730239e+01,2.548704763360621239e+00
3.447844784478448332e+01,6.049176245372372307e+01,2.548588554268432116e+00
3.448344834483448551e+01,6.049148005476806844e+01,2.548472403429427935e+00
3.448844884488448770e+01,6.049119129344204282e+01,2.548356310269008773e+00
3.449344934493449699e+01,6.049089629924431932e+01,2.548240274204257361e+00
3.449844984498449918e+01,6.049059520358052566e+01,2.548124294643938192e+00
3.450345034503450847e+01,6.049028813976325125e+01,2.548008370988498417e+00
3.450845084508451066e+01,6.048997524301203299e+01,2.547892502630067835e+00
3.451345134513451285e+01,6.048965665045337659e+01,2.547776688952458457e+00
3.451845184518452214e+01,6.048933250112074234e+01,2.547660929331163615e+00
3.452345234523452433e+01,6.048900293595455935e+01,2.547545223133360182e+00
3.452845284528453362e+01,6.048866809780219000e+01,2.547429569717906350e+00
3.453345334533453581e+01,6.048832813141797260e+01,2.547313968435343412e+00
3.453845384538453800e+01,6.048798318346320713e+01,2.547198418627894423e+00
3.454345434543454729e+01,6.048763340250613396e+01,2.547082919629464648e+00
3.454845484548454948e+01,6.048727893902197650e+01,2.546967470765642449e+00
3.455345534553455167e+01,6.048691994539289141e+01,2.546852071353697511e+00
3.455845584558456096e+01,6.048655657590800416e+01,2.546736720702581724e+00
3.456345634563456315e+01,6.048618898676340905e+01,2.546621418112930524e+00
3.456845684568457244e+01,6.048581733606213362e+01,2.546506162877060220e+00
3.457345734573457463e+01,6.048544178381419556e+01,2.546390954278970664e+00
3.457845784578457682e+01,6.048506249193653161e+01,2.546275791594343030e+00
3.458345834583458611e+01,6.048467962425307576e+01,2.546160674090540699e+00
3.458845884588458830e+01,6.048429334649469524e+01,2.546045601026610150e+00
3.459345934593459759e+01,6.048390382629921902e+01,2.545930571653280072e+00
3.459845984598459978e+01,6.048351123321144485e+01,2.545815585212960475e+00
3.460346034603460197e+01,6.048311573868311797e+01,2.545700640939744908e+00
3.460846084608461126e+01,6.048271751607293822e+01,2.545585738059408243e+00
3.461346134613461345e+01,6.048231674064658137e+01,2.545470875789408005e+00
3.461846184618462274e+01,6.048191358957667063e+01,2.545356053338883928e+00
3.462346234623462493e+01,6.048150824194277675e+01,2.545241269908658843e+00
3.462846284628462712e+01,6.048110087873145346e+01,2.545126524691236014e+00
3.463346334633463641e+01,6.048069168283618069e+01,2.545011816870803134e+00
3.463846384638463860e+01,6.048028083905742847e+01,2.544897145623228329e+00
3.464346434643464789e+01,6.047986853410260011e+01,2.544782510116063268e+00
3.464846484648465008e+01,6.047945495658607484e+01,2.544667909508541825e+00
3.465346534653465227e+01,6.047904029702917938e+01,2.544553342951579200e+00
3.465846584658466156e+01,6.047862474786020215e+01,2.544438809587774131e+00
3.466346634663466375e+01,6.047820850341439325e+01,2.544324308551406233e+00
3.466846684668467304e+01,6.047779175993394318e+01,2.544209838968439108e+00
3.467346734673467523e+01,6.047737471556802547e+01,2.544095399956517234e+00
3.467846784678467742e+01,6.047695757037276820e+01,2.543980990624967742e+00
3.468346834683468671e+01,6.047654052631122568e+01,2.543866610074800416e+00
3.468846884688468890e+01,6.047612378725345650e+01,2.543752257398707695e+00
3.469346934693469819e+01,6.047570755897645256e+01,2.543637931681062447e+00
3.469846984698470038e+01,6.047529204916415324e+01,2.543523631997922418e+00
3.470347034703470257e+01,6.047487746740748094e+01,2.543409357417025340e+00
3.470847084708471186e+01,6.047446402520430553e+01,2.543295106997792487e+00
3.471347134713471405e+01,6.047405193595945150e+01,2.543180879791327786e+00
3.471847184718472334e+01,6.047364141498469792e+01,2.543066674840415597e+00
3.472347234723472553e+01,6.047323267949879266e+01,2.542952491179525154e+00
3.472847284728472772e+01,6.047282594862744531e+01,2.542838327834805678e+00
3.473347334733473701e+01,6.047242144340329872e+01,2.542724183824089934e+00
3.473847384738473920e+01,6.047201938676598587e+01,2.542610058156892894e+00
3.474347434743474849e+01,6.047162000356208011e+01,2.542495949834411295e+00
3.474847484748475068e+01,6.047122352054510230e+01,2.542381857849524529e+00
3.475347534753475287e+01,6.047083016637556341e+01,2.542267781186794195e+00
3.475847584758476216e+01,6.047044017162090057e+01,2.542153718822463659e+00
3.476347634763476435e+01,6.047005376875552685e+01,2.542039669724460271e+00
3.476847684768477365e+01,6.046967119216080988e+01,2.541925632852391814e+00
3.477347734773477583e+01,6.046929267812507192e+01,2.541811607157548725e+00
3.477847784778477802e+01,6.046891846484359689e+01,2.541697591582904980e+00
3.478347834783478731e+01,6.046854879241861624e+01,2.541583585063114992e+00
3.478847884788478950e+01,6.046818390285934441e+01,2.541469586524516711e+00
3.479347934793479169e+01,6.046782404008193623e+01,2.541355594885130298e+00
3.479847984798480098e+01,6.046746944990949402e+01,2.541241609054657680e+00
3.480348034803480317e+01,6.046712038007210310e+01,2.541127627934483435e+00
3.480848084808481246e+01,6.046677708020678210e+01,2.541013650417674352e+00
3.481348134813481465e+01,6.046643980185753975e+01,2.540899675388979873e+00
3.481848184818481684e+01,6.046610879847530384e+01,2.540785701724830759e+00
3.482348234823482613e+01,6.046578432541799941e+01,2.540671728293340870e+00
3.482848284828482832e+01,6.046546663995047055e+01,2.540557753954306275e+00
3.483348334833483761e+01,6.046515600124455148e+01,2.540443777559204808e+00
3.483848384838483980e+01,6.046485267037901679e+01,2.540329797951197399e+00
3.484348434843484199e+01,6.046455691033960989e+01,2.540215813965126745e+00
3.484848484848485128e+01,6.046426898601902877e+01,2.540101824427518196e+00
3.485348534853485347e+01,6.046398916421691894e+01,2.539987828156578420e+00
3.485848584858486277e+01,6.046371771363989467e+01,2.539873823962197630e+00
3.486348634863486495e+01,6.046345490490153196e+01,2.539759810645948246e+00
3.486848684868486714e+01,6.046320101052235430e+01,2.539645787001083566e+00
3.487348734873487643e+01,6.046295630492985396e+01,2.539531751812540428e+00
3.487848784878487862e+01,6.046272106445847072e+01,2.539417703856937436e+00
3.488348834883488792e+01,6.046249556734960606e+01,2.539303641902576292e+00
3.488848884888489010e+01,6.046228009375163026e+01,2.539189564709440461e+00
3.489348934893489229e+01,6.046207492571985398e+01,2.539075471029195175e+00
3.489848984898490158e+01,6.046188034721655669e+01,2.538961359605188317e+00
3.490349034903490377e+01,6.046169664411097955e+01,2.538847229172450426e+00
3.490849084908491307e+01,6.046152410417931122e+01,2.538733078457693804e+00
3.491349134913491525e+01,6.046136301710469496e+01,2.538618906179313850e+00
3.491849184918491744e+01,6.046121367447725703e+01,2.538504711047387286e+00
3.492349234923492673e+01,6.046107636979405697e+01,2.538390491763673040e+00
3.492849284928492892e+01,6.046095139845912314e+01,2.538276247021614029e+00
3.493349334933493822e+01,6.046083905778343848e+01,2.538161975506333157e+00
3.493849384938494040e+01,6.046073964698494052e+01,2.538047675894637756e+00
3.494349434943494259e+01,6.046065346718853561e+01,2.537933346855015149e+00
3.494849484948495189e+01,6.046058082142608470e+01,2.537818987047637087e+00
3.495349534953495407e+01,6.046052201463639619e+01,2.537704595124356644e+00
3.495849584958496337e+01,6.046047735366524734e+01,2.537590169728709100e+00
3.496349634963496555e+01,6.046044714726537705e+01,2.537475709495911946e+00
3.496849684968496774e+01,6.046043170609647177e+01,2.537361213052865772e+00
3.497349734973497704e+01,6.046043134272517960e+01,2.537246679018152484e+00
3.497849784978497922e+01,6.046044637162511037e+01,2.537132106002036647e+00
3.498349834983498852e+01,6.046047710917682849e+01,2.537017492606465030e+00
3.498849884988499070e+01,6.046052387366786007e+01,2.536902837425067503e+00
3.499349934993499289e+01,6.046058698529267872e+01,2.536788139043154811e+00
3.499849984998500219e+01,6.046066676615272684e+01,2.536673396037721240e+00
3.500350035003500437e+01,6.046076354025640853e+01,2.536558606977442398e+00
3.500850085008501367e+01,6.046087763351907540e+01,2.536443770422676547e+00
3.501350135013501585e+01,6.046100937376304785e+01,2.536328884925465044e+00
3.501850185018501804e+01,6.046115909071758665e+01,2.536213949029529680e+00
3.502350235023502734e+01,6.046132711601892140e+01,2.536098961270276675e+00
3.502850285028502952e+01,6.046151378321025760e+01,2.535983920174793127e+00
3.503350335033503171e+01,6.046171942774171981e+01,2.535868824261848786e+00
3.503850385038504101e+01,6.046194438697042983e+01,2.535753672041895612e+00
3.504350435043504319e+01,6.046218900016044273e+01,2.535638462017067774e+00
3.504850485048505249e+01,6.046245360848278239e+01,2.535523192681182536e+00
3.505350535053505467e+01,6.046273855501542016e+01,2.535407862519738487e+00
3.505850585058505686e+01,6.046304418474330333e+01,2.535292470009916865e+00
3.506350635063506616e+01,6.046337084455831956e+01,2.535177013620581121e+00
3.506850685068506834e+01,6.046371888325933242e+01,2.535061491812276913e+00
3.507350735073507764e+01,6.046408865155213874e+01,2.534945903037232551e+00
3.507850785078507982e+01,6.046448050204951841e+01,2.534830245739358556e+00
3.508350835083508201e+01,6.046489478927119166e+01,2.534714518354247215e+00
3.508850885088509131e+01,6.046533186964384754e+01,2.534598719309173465e+00
3.509350935093509349e+01,6.046579210150113681e+01,2.534482847023094898e+00
3.509850985098510279e+01,6.046627584508365061e+01,2.534366899906650872e+00
3.510351035103510497e+01,6.046678346253895597e+01,2.534250876362162952e+00
3.510851085108510716e+01,6.046731531792157455e+01,2.534134774783635802e+00
3.511351135113511646e+01,6.046787177719296835e+01,2.534018593556755405e+00
3.511851185118511864e+01,6.046845320822158243e+01,2.533902331058890400e+00
3.512351235123512794e+01,6.046905998078280930e+01,2.533785985659092077e+00
3.512851285128513013e+01,6.046969246655899610e+01,2.533669555718093491e+00
3.513351335133513231e+01,6.047034679275868996e+01,2.533553058675968472e+00
3.513851385138514161e+01,6.047100928017739818e+01,2.533436556013673346e+00
3.514351435143514379e+01,6.047167868763403931e+01,2.533320053258657278e+00
3.514851485148515309e+01,6.047235482440399323e+01,2.533203551215213789e+00
3.515351535153515528e+01,6.047303750105371023e+01,2.533087050682106156e+00
3.515851585158515746e+01,6.047372652944072513e+01,2.532970552452564750e+00
3.516351635163516676e+01,6.047442172271367156e+01,2.532854057314288365e+00
3.516851685168516894e+01,6.047512289531223928e+01,2.532737566049446443e+00
3.517351735173517824e+01,6.047582986296722396e+01,2.532621079434674183e+00
3.517851785178518043e+01,6.047654244270048451e+01,2.532504598241077876e+00
3.518351835183518261e+01,6.047726045282497864e+01,2.532388123234230459e+00
3.518851885188519191e+01,6.047798371294473441e+01,2.532271655174174629e+00
3.519351935193519409e+01,6.047871204395487155e+01,2.532155194815421506e+00
3.519851985198520339e+01,6.047944526804158727e+01,2.532038742906950191e+00
3.520352035203520558e+01,6.048018320868214914e+01,2.531922300192209097e+00
3.520852085208520776e+01,6.048092569064493773e+01,2.531805867409114619e+00
3.521352135213521706e+01,6.048167253998937554e+01,2.531689445290052021e+00
3.521852185218521925e+01,6.048242358406601227e+01,2.531573034561874991e+00
3.522352235223522854e+01,6.048317865151643957e+01,2.531456635945905642e+00
3.522852285228523073e+01,6.048393757227334788e+01,2.531340250157935401e+00
3.523352335233523291e+01,6.048470017756052641e+01,2.531223877908223230e+00
3.523852385238524221e+01,6.048546629989281342e+01,2.531107519901497849e+00
3.524352435243524440e+01,6.048623577307615307e+01,2.530991176836955514e+00
3.524852485248525369e+01,6.048700843220757406e+01,2.530874849408261351e+00
3.525352535253525588e+01,6.048778411367516128e+01,2.530758538303549354e+00
3.525852585258525806e+01,6.048856265515811259e+01,2.530642244205421498e+00
3.526352635263526736e+01,6.048934389562669622e+01,2.530525967790949071e+00
3.526852685268526955e+01,6.049012767534225787e+01,2.530409709731671786e+00
3.527352735273527173e+01,6.049091383585722070e+01,2.530293470693597335e+00
3.527852785278528103e+01,6.049170222001511377e+01,2.530177251337202282e+00
3.528352835283528321e+01,6.049249267195052226e+01,2.530061052317432058e+00
3.528852885288529251e+01,6.049328503708913018e+01,2.529944874283700518e+00
3.529352935293529470e+01,6.049407916214769187e+01,2.529828717879889943e+00
3.529852985298529688e+01,6.049487489513406047e+01,2.529712583744351484e+00
3.530353035303530618e+01,6.049567208534715945e+01,2.529596472509904270e+00
3.530853085308530837e+01,6.049647058337698979e+01,2.529480384803836301e+00
3.531353135313531766e+01,6.049727024110464413e+01,2.529364321247904890e+00
3.531853185318531985e+01,6.049807091170229967e+01,2.529248282458334884e+00
3.532353235323532203e+01,6.049887244963321109e+01,2.529132269045820003e+00
3.532853285328533133e+01,6.049967471065171054e+01,2.529016281615522832e+00
3.533353335333533352e+01,6.050047755180321474e+01,2.528900320767074383e+00
3.533853385338534281e+01,6.050128083142423208e+01,2.528784387094573649e+00
3.534353435343534500e+01,6.050208440914234131e+01,2.528668481186589378e+00
3.534853485348534718e+01,6.050288814587621999e+01,2.528552603626158302e+00
3.535353535353535648e+01,6.050369190383560181e+01,2.528436754990784685e+00
3.535853585358535867e+01,6.050449554652132633e+01,2.528320935852443441e+00
3.536353635363536796e+01,6.050529893872530351e+01,2.528205146777576573e+00
3.536853685368537015e+01,6.050610194653052787e+01,2.528089388327094955e+00
3.537353735373537233e+01,6.050690443731108559e+01,2.527973661056378329e+00
3.537853785378538163e+01,6.050770627973212612e+01,2.527857965515274419e+00
3.538353835383538382e+01,6.050850734374989770e+01,2.527742302248100259e+00
3.538853885388539311e+01,6.050930750061172603e+01,2.527626671793640867e+00
3.539353935393539530e+01,6.051010662285600716e+01,2.527511074685150572e+00
3.539853985398539749e+01,6.051090458431225017e+01,2.527395511450351684e+00
3.540354035403540678e+01,6.051170126010100603e+01,2.527279982611434495e+00
3.540854085408540897e+01,6.051249652663394585e+01,2.527164488685059052e+00
3.541354135413541826e+01,6.051329026161378977e+01,2.527049030182353384e+00
3.541854185418542045e+01,6.051408234403437092e+01,2.526933607608914389e+00
3.542354235423542264e+01,6.051487265418058570e+01,2.526818221464807390e+00
3.542854285428543193e+01,6.051566107362840796e+01,2.526702872244566134e+00
3.543354335433543412e+01,6.051644748524491746e+01,2.526587560437192792e+00
3.543854385438544341e+01,6.051723177318825009e+01,2.526472286526158406e+00
3.544354435443544560e+01,6.051801382290764764e+01,2.526357050989402886e+00
3.544854485448544779e+01,6.051879352114340804e+01,2.526241854299334122e+00
3.545354535453545708e+01,6.051957075592694224e+01,2.526126696922828430e+00
3.545854585458545927e+01,6.052034541658071021e+01,2.526011579321232325e+00
3.546354635463546856e+01,6.052111739371828492e+01,2.525896501950358086e+00
3.546854685468547075e+01,6.052188657924430260e+01,2.525781465260489522e+00
3.547354735473547294e+01,6.052265286635448405e+01,2.525666469696377092e+00
3.547854785478548223e+01,6.052341614953564175e+01,2.525551515697240124e+00
3.548354835483548442e+01,6.052417632456566565e+01,2.525436603696766813e+00
3.548854885488549371e+01,6.052493328851351606e+01,2.525321734123114226e+00
3.549354935493549590e+01,6.052568693973925207e+01,2.525206907398907852e+00
3.549854985498549809e+01,6.052643717789401023e+01,2.525092123941240718e+00
3.550355035503550738e+01,6.052718390392001169e+01,2.524977384161676053e+00
3.550855085508550957e+01,6.052792702005054792e+01,2.524862688466244620e+00
3.551355135513551176e+01,6.052866642981000211e+01,2.524748037255446054e+00
3.551855185518552105e+01,6.052940203801384911e+01,2.524633430924247968e+00
3.552355235523552324e+01,6.053013375076862701e+01,2.524518869862088177e+00
3.552855285528553253e+01,6.053086147547196560e+01,2.524404354452870702e+00
3.553355335533553472e+01,6.053158512081257925e+01,2.524289885074971096e+00
3.553855385538553691e+01,6.053230459677025976e+01,2.524175462101230227e+00
3.554355435543554620e+01,6.053301981461588355e+01,2.524061085898959611e+00
3.554855485548554839e+01,6.053373068691141157e+01,2.523946756829939631e+00
3.555355535553555768e+01,6.053443712750988226e+01,2.523832475250417318e+00
3.555855585558555987e+01,6.053513905155541863e+01,2.523718241511110350e+00
3.556355635563556206e+01,6.053583637548322116e+01,2.523604055957203496e+00
3.556855685568557135e+01,6.053652901701958911e+01,2.523489918928350395e+00
3.557355735573557354e+01,6.053721689518188498e+01,2.523375830758674443e+00
3.557855785578558283e+01,6.053789993027856298e+01,2.523261791776766128e+00
3.558355835583558502e+01,6.053857804390916186e+01,2.523147802305685250e+00
3.558855885588558721e+01,6.053925115896428366e+01,2.523033862662959592e+00
3.559355935593559650e+01,6.053991919962564339e+01,2.522919973160586249e+00
3.559855985598559869e+01,6.054058209136601931e+01,2.522806134105030740e+00
3.560356035603560798e+01,6.054123976094926718e+01,2.522692345797226121e+00
3.560856085608561017e+01,6.054189213643034151e+01,2.522578608532576094e+00
3.561356135613561236e+01,6.054253914715526719e+01,2.522464922600951009e+00
3.561856185618562165e+01,6.054318072376115367e+01,2.522351288286690529e+00
3.562356235623562384e+01,6.054381679817620210e+01,2.522237705868603186e+00
3.562856285628563313e+01,6.054444730361967686e+01,2.522124175619965492e+00
3.563356335633563532e+01,6.054507217460194113e+01,2.522010697808522828e+00
3.563856385638563751e+01,6.054569134692443555e+01,2.521897272696489001e+00
3.564356435643564680e+01,6.054630475767968534e+01,2.521783900540546242e+00
3.564856485648564899e+01,6.054691234525128607e+01,2.521670581591846538e+00
3.565356535653565828e+01,6.054751404931392500e+01,2.521557316096008972e+00
3.565856585658566047e+01,6.054810981083338106e+01,2.521444104293121491e+00
3.566356635663566266e+01,6.054869957206650355e+01,2.521330946417741803e+00
3.566856685668567195e+01,6.054928327656121922e+01,2.521217842698894263e+00
3.567356735673567414e+01,6.054986086915654653e+01,2.521104793360072982e+00
3.567856785678568343e+01,6.055043229598258847e+01,2.520991798619240942e+00
3.568356835683568562e+01,6.055099750446051843e+01,2.520878858688829105e+00
3.568856885688568781e+01,6.055155644330260856e+01,2.520765973775736857e+00
3.569356935693569710e+01,6.055210906251220138e+01,2.520653144081332453e+00
3.569856985698569929e+01,6.055265531338371687e+01,2.520540369801453018e+00
3.570357035703570858e+01,6.055319514850267382e+01,2.520427651126403656e+00
3.570857085708571077e+01,6.055372852174566134e+01,2.520314988240958787e+00
3.571357135713571296e+01,6.055425538828035315e+01,2.520202381324359919e+00
3.571857185718572225e+01,6.055477570456550040e+01,2.520089830550319210e+00
3.572357235723572444e+01,6.055528942835096018e+01,2.519977336087015907e+00
3.572857285728573373e+01,6.055579651867763147e+01,2.519864898097097683e+00
3.573357335733573592e+01,6.055629693587753337e+01,2.519752516737682413e+00
3.573857385738573811e+01,6.055679064157374825e+01,2.519640192160355063e+00
3.574357435743574740e+01,6.055727759868045013e+01,2.519527924511169470e+00
3.574857485748574959e+01,6.055775777140287630e+01,2.519415713930647893e+00
3.575357535753575178e+01,6.055823112523736285e+01,2.519303560553782351e+00
3.575857585758576107e+01,6.055869762697133751e+01,2.519191464510031508e+00
3.576357635763576326e+01,6.055915724468328420e+01,2.519079425923324234e+00
3.576857685768577255e+01,6.055960994774278561e+01,2.518967444912056930e+00
3.577357735773577474e+01,6.056005570681050898e+01,2.518855521589095758e+00
3.577857785778577693e+01,6.056049449383819905e+01,2.518743656061773972e+00
3.578357835783578622e+01,6.056092628206867801e+01,2.518631848431894138e+00
3.578857885788578841e+01,6.056135104603585972e+01,2.518520098795727691e+00
3.579357935793579770e+01,6.056176876156472844e+01,2.518408407244014047e+00
3.579857985798579989e+01,6.056217940577136005e+01,2.518296773861961935e+00
3.580358035803580208e+01,6.056258295706291506e+01,2.518185198729248064e+00
3.580858085808581137e+01,6.056297939513762429e+01,2.518073681920017126e+00
3.581358135813581356e+01,6.056336870098481739e+01,2.517962223502884012e+00
3.581858185818582285e+01,6.056375085688489435e+01,2.517850823540931149e+00
3.582358235823582504e+01,6.056412584640933972e+01,2.517739482091709391e+00
3.582858285828582723e+01,6.056449365442072263e+01,2.517628199207238460e+00
3.583358335833583652e+01,6.056485426707268971e+01,2.517516974934006502e+00
3.583858385838583871e+01,6.056520767180997211e+01,2.517405809312970977e+00
3.584358435843584800e+01,6.056555385736838559e+01,2.517294702379556437e+00
3.584858485848585019e+01,6.056589281377482337e+01,2.517183654163657636e+00
3.585358535853585238e+01,6.056622453234727743e+01,2.517072664689637307e+00
3.585858585858586167e+01,6.056654900569479594e+01,2.516961733976325721e+00
3.586358635863586386e+01,6.056686622771753292e+01,2.516850862037022907e+00
3.586858685868587315e+01,6.056717619360670568e+01,2.516740048879497316e+00
3.587358735873587534e+01,6.056747889984462319e+01,2.516629294505986270e+00
3.587858785878587753e+01,6.056777434420467898e+01,2.516518598913194626e+00
3.588358835883588682e+01,6.056806252575135119e+01,2.516407962092296113e+00
3.588858885888588901e+01,6.056834344484018118e+01,2.516297384028934214e+00
3.589358935893589830e+01,6.056861710311782332e+01,2.516186864703219062e+00
3.589858985898590049e+01,6.056888350352198103e+01,2.516076404089731433e+00
3.590359035903590268e+01,6.056914265028146360e+01,2.515966002157518755e+00
3.590859085908591197e+01,6.056939454891616492e+01,2.515855658870098654e+00
3.591359135913591416e+01,6.056963920623703501e+01,2.515745374185455852e+00
3.591859185918592345e+01,6.056987663034612979e+01,2.515635148056044823e+00
3.592359235923592564e+01,6.057010683063658973e+01,2.515524980428788471e+00
3.592859285928592783e+01,6.057032981779261149e+01,2.515414871245077233e+00
3.593359335933593712e+01,6.057054560378950470e+01,2.515304820440771305e+00
3.593859385938593931e+01,6.057075420189364223e+01,2.515194827946198863e+00
3.594359435943594860e+01,6.057095562666248156e+01,2.515084893686156953e+00
3.594859485948595079e+01,6.057114989394457183e+01,2.514975017579911043e+00
3.595359535953595298e+01,6.057133702087953964e+01,2.514865199541194585e+00
3.595859585958596227e+01,6.057151702589808195e+01,2.514755439478211230e+00
3.596359635963596446e+01,6.057168992872200164e+01,2.514645737293631278e+00
3.596859685968597375e+01,6.057185575036415770e+01,2.514536092884594787e+00
3.597359735973597594e+01,6.057201451312851503e+01,2.514426506142710238e+00
3.597859785978597813e+01,6.057216624061010180e+01,2.514316976954054539e+00
3.598359835983598742e+01,6.057231095769504492e+01,2.514207505199173021e+00
3.598859885988598961e+01,6.057244869056054171e+01,2.514098090753079884e+00
3.599359935993599890e+01,6.057257946667487403e+01,2.513988733485257310e+00
3.599859985998600109e+01,6.057270331479740832e+01,2.513879433259656793e+00
3.600360036003600328e+01,6.057282026497860272e+01,2.513770189934698696e+00
3.600860086008601257e+01,6.057293034855997149e+01,2.513661003363270474e+00
3.601360136013601476e+01,6.057303359817414190e+01,2.513551873392729341e+00
3.601860186018601695e+01,6.057313004774479737e+01,2.513442799864900934e+00
3.602360236023602624e+01,6.057321973248672720e+01,2.513333782616079315e+00
3.602860286028602843e+01,6.057330268890577685e+01,2.513224821477026971e+00
3.603360336033603772e+01,6.057337895479889767e+01,2.513115916272974815e+00
3.603860386038603991e+01,6.057344856925411847e+01,2.513007066823623514e+00
3.604360436043604210e+01,6.057351157265053843e+01,2.512898272943140388e+00
3.604860486048605139e+01,6.057356800665834129e+01,2.512789534440163397e+00
3.605360536053605358e+01,6.057361791423880959e+01,2.512680851117797154e+00
3.605860586058606287e+01,6.057366133964429622e+01,2.512572222773616470e+00
3.606360636063606506e+01,6.057369832841822443e+01,2.512463649199663251e+00
3.606860686068606725e+01,6.057372892739513048e+01,2.512355130182449603e+00
3.607360736073607654e+01,6.057375318470059966e+01,2.512246665502954279e+00
3.607860786078607873e+01,6.057377114975132315e+01,2.512138254936626680e+00
3.608360836083608802e+01,6.057378287325506250e+01,2.512029898253382854e+00
3.608860886088609021e+01,6.057378840721067093e+01,2.511921595217609049e+00
3.609360936093609240e+01,6.057378780490806491e+01,2.511813345588159052e+00
3.609860986098610169e+01,6.057378112092827394e+01,2.511705149118355518e+00
3.610361036103610388e+01,6.057376841114337651e+01,2.511597005555989526e+00
3.610861086108611318e+01,6.057374973271655705e+01,2.511488914643321468e+00
3.611361136113611536e+01,6.057372514410207742e+01,2.511380876117078831e+00
3.611861186118611755e+01,6.057369470504526987e+01,2.511272889708459299e+00
3.612361236123612684e+01,6.057365847658256541e+01,2.511164955143128097e+00
3.612861286128612903e+01,6.057361652104147254e+01,2.511057072141219759e+00
3.613361336133613833e+01,6.057356890204057009e+01,2.510949240417336359e+00
3.613861386138614051e+01,6.057351568448952861e+01,2.510841459680549281e+00
3.614361436143614270e+01,6.057345693458911029e+01,2.510733729634398337e+00
3.614861486148615199e+01,6.057339271983114770e+01,2.510626049976892205e+00
3.615361536153615418e+01,6.057332310899855088e+01,2.510518420400507988e+00
3.615861586158616348e+01,6.057324817216532864e+01,2.510410840592190329e+00
3.616361636163616566e+01,6.057316798069655306e+01,2.510303310233354512e+00
3.616861686168616785e+01,6.057308260724839499e+01,2.510195828999882472e+00
3.617361736173617714e+01,6.057299212576810277e+01,2.510088396562125457e+00
3.617861786178617933e+01,6.057289661149400217e+01,2.509981012584904025e+00
3.618361836183618863e+01,6.057279614095550357e+01,2.509873676727505831e+00
3.618861886188619081e+01,6.057269079197310191e+01,2.509766388643687840e+00
3.619361936193619300e+01,6.057258064365836958e+01,2.509659147981676330e+00
3.619861986198620230e+01,6.057246577641397067e+01,2.509551954384164674e+00
3.620362036203620448e+01,6.057234627193364673e+01,2.509444807488315998e+00
3.620862086208621378e+01,6.057222221320220967e+01,2.509337706925761413e+00
3.621362136213621596e+01,6.057209368449557729e+01,2.509230652322600896e+00
3.621862186218621815e+01,6.057196077138072354e+01,2.509123643299402850e+00
3.622362236223622745e+01,6.057182356071572826e+01,2.509016679471203659e+00
3.622862286228622963e+01,6.057168214064974876e+01,2.508909760447510351e+00
3.623362336233623893e+01,6.057153660062299849e+01,2.508802885832295271e+00
3.623862386238624111e+01,6.057138703136681812e+01,2.508696055224002741e+00
3.624362436243624330e+01,6.057123352490359025e+01,2.508589268215542845e+00
3.624862486248625260e+01,6.057107617454679627e+01,2.508482524394296309e+00
3.625362536253625478e+01,6.057091507490100923e+01,2.508375823342110955e+00
3.625862586258625697e+01,6.057075032186186547e+01,2.508269164635304360e+00
3.626362636263626626e+01,6.057058201261610719e+01,2.508162547844661194e+00
3.626862686268626845e+01,6.057041024564152565e+01,2.508055972535436773e+00
3.627362736273627775e+01,6.057023512070702509e+01,2.507949438267353059e+00
3.627862786278627993e+01,6.057005673887258013e+01,2.507842944594601331e+00
3.628362836283628212e+01,6.056987520248924994e+01,2.507736491065841733e+00
3.628862886288629142e+01,6.056969061519916409e+01,2.507630077224202836e+00
3.629362936293629360e+01,6.056950308193555088e+01,2.507523702607281635e+00
3.629862986298630290e+01,6.056931270892272323e+01,2.507417366747143106e+00
3.630363036303630508e+01,6.056911960367605019e+01,2.507311069170322426e+00
3.630863086308630727e+01,6.056892387500201380e+01,2.507204809397821421e+00
3.631363136313631657e+01,6.056872563299815937e+01,2.507098586945111673e+00
3.631863186318631875e+01,6.056852498905311677e+01,2.506992401322133635e+00
3.632363236323632805e+01,6.056832205584661466e+01,2.506886252033294848e+00
3.632863286328633023e+01,6.056811694734943785e+01,2.506780138577473505e+00
3.633363336333633242e+01,6.056790977882347704e+01,2.506674060448013996e+00
3.633863386338634172e+01,6.056770066682168618e+01,2.506568017132730919e+00
3.634363436343634390e+01,6.056748972918811802e+01,2.506462008113907292e+00
3.634863486348635320e+01,6.056727708505788854e+01,2.506356032868294559e+00
3.635363536353635538e+01,6.056706285485721963e+01,2.506250090867112146e+00
3.635863586358635757e+01,6.056684716030339644e+01,2.506144181576048791e+00
3.636363636363636687e+01,6.056663012440479577e+01,2.506038304455261212e+00
3.636863686368636905e+01,6.056641187146087191e+01,2.505932458959375442e+00
3.637363736373637835e+01,6.056619252706217083e+01,2.505826644537485492e+00
3.637863786378638054e+01,6.056597221809030174e+01,2.505720860633154246e+00
3.638363836383638272e+01,6.056575107271797265e+01,2.505615106684413007e+00
3.638863886388639202e+01,6.056552922040897613e+01,2.505509382123761508e+00
3.639363936393639420e+01,6.056530679191816802e+01,2.505403686378168793e+00
3.639863986398640350e+01,6.056508391929151003e+01,2.505298018869070997e+00
3.640364036403640569e+01,6.056486073586602714e+01,2.505192379012374460e+00
3.640864086408640787e+01,6.056463737626983601e+01,2.505086766218453498e+00
3.641364136413641717e+01,6.056441397642213786e+01,2.504981179892150411e+00
3.641864186418641935e+01,6.056419067353321140e+01,2.504875619432776368e+00
3.642364236423642865e+01,6.056396760610441277e+01,2.504770084234111849e+00
3.642864286428643084e+01,6.056374491392818982e+01,2.504664573684405315e+00
3.643364336433643302e+01,6.056352273808806785e+01,2.504559087166373654e+00
3.643864386438644232e+01,6.056330122095866386e+01,2.504453624057202621e+00
3.644364436443644450e+01,6.056308050620565098e+01,2.504348183728545951e+00
3.644864486448645380e+01,6.056286073878582243e+01,2.504242765546527139e+00
3.645364536453645599e+01,6.056264206494702051e+01,2.504137368871737213e+00
3.645864586458645817e+01,6.056242463222818628e+01,2.504031993059236516e+00
3.646364636463646747e+01,6.056220858945934538e+01,2.503926637458552928e+00
3.646864686468646966e+01,6.056199408676159379e+01,2.503821301413683642e+00
3.647364736473647895e+01,6.056178127554711921e+01,2.503715984263094274e+00
3.647864786478648114e+01,6.056157030851918677e+01,2.503610685339719755e+00
3.648364836483648332e+01,6.056136133967215329e+01,2.503505403970962551e+00
3.648864886488649262e+01,6.056115452429143886e+01,2.503400139478693109e+00
3.649364936493649481e+01,6.056095001895356233e+01,2.503294891179252968e+00
3.649864986498649699e+01,6.056074798152612715e+01,2.503189658383449423e+00
3.650365036503650629e+01,6.056054857116779999e+01,2.503084440396559973e+00
3.650865086508650847e+01,6.056035194832835344e+01,2.502979236518330541e+00
3.651365136513651777e+01,6.056015827474862334e+01,2.502874046042975031e+00
3.651865186518651996e+01,6.055996771346054430e+01,2.502768868259176216e+00
3.652365236523652214e+01,6.055978042878710710e+01,2.502663702450086181e+00
3.652865286528653144e+01,6.055959658634242260e+01,2.502558547893323659e+00
3.653365336533653362e+01,6.055941635303164361e+01,2.502453403860978476e+00
3.653865386538654292e+01,6.055923989705104304e+01,2.502348269619606658e+00
3.654365436543654511e+01,6.055906738788794286e+01,2.502243144430234878e+00
3.654865486548654729e+01,6.055889899632077089e+01,2.502138027548356458e+00
3.655365536553655659e+01,6.055873489441902535e+01,2.502032918223934921e+00
3.655865586558655878e+01,6.055857525554329612e+01,2.501927815701401325e+00
3.656365636563656807e+01,6.055842025434524345e+01,2.501822719219655600e+00
3.656865686568657026e+01,6.055827006676761926e+01,2.501717628012066985e+00
3.657365736573657244e+01,6.055812487004426004e+01,2.501612541306471815e+00
3.657865786578658174e+01,6.055798484270006554e+01,2.501507458325175737e+00
3.658365836583658393e+01,6.055785016455103431e+01,2.501402378284953265e+00
3.658865886588659322e+01,6.055772101670425656e+01,2.501297300397047785e+00
3.659365936593659541e+01,6.055759758155787864e+01,2.501192223867169773e+00
3.659865986598659759e+01,6.055748004280115282e+01,2.501087147895500351e+00
3.660366036603660689e+01,6.055736858541439460e+01,2.500982071676686846e+00
3.660866086608660908e+01,6.055726339566901828e+01,2.500876994399846787e+00
3.661366136613661837e+01,6.055716466112751561e+01,2.500771915248566568e+00
3.661866186618662056e+01,6.055707257064344873e+01,2.500666833400899680e+00
3.662366236623662274e+01,6.055698731436147852e+01,2.500561748029369369e+00
3.662866286628663204e+01,6.055690908371734338e+01,2.500456658300966861e+00
3.663366336633663423e+01,6.055683807143785913e+01,2.500351563377152253e+00
3.663866386638664352e+01,6.055677447154091908e+01,2.500246462413854065e+00
3.664366436643664571e+01,6.055671847933551533e+01,2.500141354561469687e+00
3.664866486648664790e+01,6.055667029142171032e+01,2.500036238964864488e+00
3.665366536653665719e+01,6.055663010569065818e+01,2.499931114763373152e+00
3.665866586658665938e+01,6.055659812132458342e+01,2.499825981090797899e+00
3.666366636663666867e+01,6.055657453879679508e+01,2.499720837075411151e+00
3.666866686668667086e+01,6.055655955987169392e+01,2.499615681839951975e+00
3.667366736673667305e+01,6.055655338760475814e+01,2.499510514501629643e+00
3.667866786678668234e+01,6.055655622634253632e+01,2.499405334172120519e+00
3.668366836683668453e+01,6.055656828172268291e+01,2.499300139957571609e+00
3.668866886688669382e+01,6.055658976067391563e+01,2.499194930958595684e+00
3.669366936693669601e+01,6.055662087141604388e+01,2.499089706270277045e+00
3.669866986698669820e+01,6.055666182345995452e+01,2.498984464982166642e+00
3.670367036703670749e+01,6.055671282760761898e+01,2.498879206178283852e+00
3.670867086708670968e+01,6.055677409595208616e+01,2.498773928937117805e+00
3.671367136713671897e+01,6.055684584187749664e+01,2.498668632331626061e+00
3.671867186718672116e+01,6.055692828005906847e+01,2.498563315429233711e+00
3.672367236723672335e+01,6.055702162646309716e+01,2.498457977291835608e+00
3.672867286728673264e+01,6.055712609834696991e+01,2.498352616975793694e+00
3.673367336733673483e+01,6.055724191425915137e+01,2.498247233531941003e+00
3.673867386738673702e+01,6.055736929403918367e+01,2.498141826005576327e+00
3.674367436743674631e+01,6.055750845881770061e+01,2.498036393436468661e+00
3.674867486748674850e+01,6.055765963101641347e+01,2.497930934858854979e+00
3.675367536753675779e+01,6.055782303434811809e+01,2.497825449301441569e+00
3.675867586758675998e+01,6.055799889381668777e+01,2.497719935787402257e+00
3.676367636763676217e+01,6.055818743571708040e+01,2.497614393334380622e+00
3.676867686768677146e+01,6.055838888763533134e+01,2.497508820954486897e+00
3.677367736773677365e+01,6.055860347844858182e+01,2.497403217654302399e+00
3.677867786778678294e+01,6.055883143832501503e+01,2.497297582434875096e+00
3.678367836783678513e+01,6.055907299872393423e+01,2.497191914291722714e+00
3.678867886788678732e+01,6.055932839239570598e+01,2.497086212214830070e+00
3.679367936793679661e+01,6.055959785338178136e+01,2.496980475188652626e+00
3.679867986798679880e+01,6.055988161701469608e+01,2.496874702192112494e+00
3.680368036803680809e+01,6.056017991991806326e+01,2.496768892198601542e+00
3.680868086808681028e+01,6.056049300000658775e+01,2.496663044175979618e+00
3.681368136813681247e+01,6.056082109648605183e+01,2.496557157086575884e+00
3.681868186818682176e+01,6.056116444985330816e+01,2.496451229887187040e+00
3.682368236823682395e+01,6.056152330189631527e+01,2.496345261529078652e+00
3.682868286828683324e+01,6.056189789569410209e+01,2.496239250957986044e+00
3.683368336833683543e+01,6.056228847561676787e+01,2.496133197114111191e+00
3.683868386838683762e+01,6.056269528732551777e+01,2.496027098932125821e+00
3.684368436843684691e+01,6.056311857777262020e+01,2.495920955341170089e+00
3.684868486848684910e+01,6.056355859520143525e+01,2.495814765264853019e+00
3.685368536853685839e+01,6.056401558914640759e+01,2.495708527621251616e+00
3.685868586858686058e+01,6.056448981043304514e+01,2.495602241322911308e+00
3.686368636863686277e+01,6.056498151117796880e+01,2.495495905276846837e+00
3.686868686868687206e+01,6.056548754564493464e+01,2.495389533885971289e+00
3.687368736873687425e+01,6.056600281444057998e+01,2.495283150375302572e+00
3.687868786878688354e+01,6.056652707137357083e+01,2.495176755778874433e+00
3.688368836883688573e+01,6.056706011970712211e+01,2.495070350905374656e+00
3.688868886888688792e+01,6.056760176388662842e+01,2.494963936558566520e+00
3.689368936893689721e+01,6.056815180953967115e+01,2.494857513537287463e+00
3.689868986898689940e+01,6.056871006347600428e+01,2.494751082635452644e+00
3.690369036903690869e+01,6.056927633368756148e+01,2.494644644642050935e+00
3.690869086908691088e+01,6.056985042934844188e+01,2.494538200341148038e+00
3.691369136913691307e+01,6.057043216081495274e+01,2.494431750511884260e+00
3.691869186918692236e+01,6.057102133962555257e+01,2.494325295928475406e+00
3.692369236923692455e+01,6.057161777850090090e+01,2.494218837360214547e+00
3.692869286928693384e+01,6.057222129134382271e+01,2.494112375571468032e+00
3.693369336933693603e+01,6.057283169323931560e+01,2.494005911321679481e+00
3.693869386938693822e+01,6.057344880045458524e+01,2.493899445365367118e+00
3.694369436943694751e+01,6.057407243043898148e+01,2.493792978452124665e+00
3.694869486948694970e+01,6.057470240182405519e+01,2.493686511326622668e+00
3.695369536953695899e+01,6.057533853442353688e+01,2.493580044728605838e+00
3.695869586958696118e+01,6.057598064923332259e+01,2.493473579392895267e+00
3.696369636963696337e+01,6.057662856843149513e+01,2.493367116049387100e+00
3.696869686968697266e+01,6.057728211537832408e+01,2.493260655423052974e+00
3.697369736973697485e+01,6.057794111461624453e+01,2.493154198233940910e+00
3.697869786978697704e+01,6.057860539186987126e+01,2.493047745197173981e+00
3.698369836983698633e+01,6.057927477404601291e+01,2.492941297022950309e+00
3.698869886988698852e+01,6.057994908923364363e+01,2.492834854416544399e+00
3.699369936993699781e+01,6.058062816670392436e+01,2.492728418078306252e+00
3.699869986998700000e+01,6.058131183691018862e+01,2.492621988703660918e+00
3.700370037003700219e+01,6.058199993148794960e+01,2.492515566983108943e+00
3.700870087008701148e+01,6.058269228325490730e+01,2.492409153602227256e+00
3.701370137013701367e+01,6.058338872621094140e+01,2.492302749241667836e+00
3.701870187018702296e+01,6.058408909553808996e+01,2.492196354577158157e+00
3.702370237023702515e+01,6.058479322760059915e+01,2.492089970279501188e+00
3.702870287028702734e+01,6.058550095994486639e+01,2.491983597014576279e+00
3.703370337033703663e+01,6.058621213129950434e+01,2.491877235443336946e+00
3.703870387038703882e+01,6.058692658157526267e+01,2.491770886221813530e+00
3.704370437043704811e+01,6.058764415186509922e+01,2.491664550001110978e+00
3.704870487048705030e+01,6.058836468444413725e+01,2.491558227427410621e+00
3.705370537053705249e+01,6.058908802276969396e+01,2.491451919141968840e+00
3.705870587058706178e+01,6.058981401148124490e+01,2.491345625781117956e+00
3.706370637063706397e+01,6.059054249640045953e+01,2.491239347976265339e+00
3.706870687068707326e+01,6.059127332453118697e+01,2.491133086353894299e+00
3.707370737073707545e+01,6.059200634405944896e+01,2.491026841535564085e+00
3.707870787078707764e+01,6.059274140435344691e+01,2.490920614137908551e+00
3.708370837083708693e+01,6.059347835596356902e+01,2.490814404772637491e+00
3.708870887088708912e+01,6.059421705062236185e+01,2.490708214046536639e+00
3.709370937093709841e+01,6.059495734124458721e+01,2.490602042561467222e+00
3.709870987098710060e+01,6.059569908192714394e+01,2.490495890914365962e+00
3.710371037103710279e+01,6.059644212794914608e+01,2.490389759697244632e+00
3.710871087108711208e+01,6.059718633577186608e+01,2.490283649497190499e+00
3.711371137113711427e+01,6.059793156303875605e+01,2.490177560896368103e+00
3.711871187118712356e+01,6.059867766857546201e+01,2.490071494472015701e+00
3.712371237123712575e+01,6.059942451238979544e+01,2.489965450796447932e+00
3.712871287128712794e+01,6.060017195567174753e+01,2.489859430437054488e+00
3.713371337133713723e+01,6.060091986079349624e+01,2.489753433956300999e+00
3.713871387138713942e+01,6.060166809130939924e+01,2.489647461911728588e+00
3.714371437143714871e+01,6.060241651195597257e+01,2.489541514855954318e+00
3.714871487148715090e+01,6.060316498865194745e+01,2.489435593336669861e+00
3.715371537153715309e+01,6.060391338849819931e+01,2.489329697896643712e+00
3.715871587158716238e+01,6.060466157977780455e+01,2.489223829073718974e+00
3.716371637163716457e+01,6.060540943195601216e+01,2.489117987400814691e+00
3.716871687168717386e+01,6.060615681568024371e+01,2.489012173405924955e+00
3.717371737173717605e+01,6.060690360278011468e+01,2.488906387612120685e+00
3.717871787178717824e+01,6.060764966626740602e+01,2.488800630537546965e+00
3.718371837183718753e+01,6.060839488033607836e+01,2.488694902695424815e+00
3.718871887188718972e+01,6.060913912036229334e+01,2.488589204594051640e+00
3.719371937193719901e+01,6.060988226290435676e+01,2.488483536736799451e+00
3.719871987198720120e+01,6.061062418570277543e+01,2.488377899622116196e+00
3.720372037203720339e+01,6.061136476768023584e+01,2.488272293743525321e+00
3.720872087208721268e+01,6.061210388894160417e+01,2.488166719589625764e+00
3.721372137213721487e+01,6.061284143077390496e+01,2.488061177644092847e+00
3.721872187218721706e+01,6.061357727564636377e+01,2.487955668385675612e+00
3.722372237223722635e+01,6.061431130721039295e+01,2.487850192288200812e+00
3.722872287228722854e+01,6.061504341029954901e+01,2.487744749820568924e+00
3.723372337233723783e+01,6.061577347092960366e+01,2.487639341446757690e+00
3.723872387238724002e+01,6.061650137629847990e+01,2.487533967625819020e+00
3.724372437243724221e+01,6.061722701478630881e+01,2.487428628811880760e+00
3.724872487248725150e+01,6.061795027595537277e+01,2.487323325454147138e+00
3.725372537253725369e+01,6.061867105055014804e+01,2.487218057996896547e+00
3.725872587258726298e+01,6.061938923049728345e+01,2.487112826879483762e+00
3.726372637263726517e+01,6.062010470890562175e+01,2.487007632536339941e+00
3.726872687268726736e+01,6.062081738006616405e+01,2.486902475396969958e+00
3.727372737273727665e+01,6.062152713945210536e+01,2.486797355885955518e+00
3.727872787278727884e+01,6.062223388371881327e+01,2.486692274422953375e+00
3.728372837283728813e+01,6.062293751070383507e+01,2.486587231422696664e+00
3.728872887288729032e+01,6.062363791942689772e+01,2.486482227294992686e+00
3.729372937293729251e+01,6.062433501008990788e+01,2.486377262444726011e+00
3.729872987298730180e+01,6.062502868407695900e+01,2.486272337271854926e+00
3.730373037303730399e+01,6.062571884395430288e+01,2.486167452171414549e+00
3.730873087308731328e+01,6.062640539347039237e+01,2.486062607533515489e+00
3.731373137313731547e+01,6.062708823755584575e+01,2.485957803743343408e+00
3.731873187318731766e+01,6.062776728232346812e+01,2.485853041181160350e+00
3.732373237323732695e+01,6.062844243506824427e+01,2.485748320222302077e+00
3.732873287328732914e+01,6.062911360426733154e+01,2.485643641237182511e+00
3.733373337333733843e+01,6.062978069958006699e+01,2.485539004591288847e+00
3.733873387338734062e+01,6.063044363184797447e+01,2.485434410645185555e+00
3.734373437343734281e+01,6.063110231309474329e+01,2.485329859754511705e+00
3.734873487348735210e+01,6.063175665652626378e+01,2.485225352269982313e+00
3.735373537353735429e+01,6.063240657653058463e+01,2.485120888537387440e+00
3.735873587358736359e+01,6.063305198867794132e+01,2.485016468897593089e+00
3.736373637363736577e+01,6.063369280972075614e+01,2.484912093686541201e+00
3.736873687368736796e+01,6.063432895759360974e+01,2.484807763235248323e+00
3.737373737373737725e+01,6.063496035141328377e+01,2.484703477869807831e+00
3.737873787378737944e+01,6.063558691147872537e+01,2.484599237911387704e+00
3.738373837383738874e+01,6.063620855927107556e+01,2.484495043676231862e+00
3.738873887388739092e+01,6.063682521745363374e+01,2.484390895475659278e+00
3.739373937393739311e+01,6.063743680987189322e+01,2.484286793616065747e+00
3.739873987398740240e+01,6.063804326155352697e+01,2.484182738398920787e+00
3.740374037403740459e+01,6.063864449870837348e+01,2.484078730120770739e+00
3.740874087408741389e+01,6.063924044872847219e+01,2.483974769073237887e+00
3.741374137413741607e+01,6.063983104018802095e+01,2.483870855543018674e+00
3.741874187418741826e+01,6.064041620284340439e+01,2.483766989811886816e+00
3.742374237423742755e+01,6.064099586763319394e+01,2.483663172156689303e+00
3.742874287428742974e+01,6.064156996667812649e+01,2.483559402849351283e+00
3.743374337433743904e+01,6.064213843328112574e+01,2.483455682156871624e+00
3.743874387438744122e+01,6.064270120192730218e+01,2.483352010341325578e+00
3.744374437443744341e+01,6.064325820828392466e+01,2.483248387659863443e+00
3.744874487448745271e+01,6.064380938920045594e+01,2.483144814364711905e+00
3.745374537453745489e+01,6.064435468270854557e+01,2.483041290703172255e+00
3.745874587458745708e+01,6.064489402802199436e+01,2.482937816917621721e+00
3.746374637463746637e+01,6.064542736553681834e+01,2.482834393245513471e+00
3.746874687468746856e+01,6.064595463683118481e+01,2.482731019919376170e+00
3.747374737473747786e+01,6.064647578466545497e+01,2.482627697166813086e+00
3.747874787478748004e+01,6.064699075298215547e+01,2.482524425210504315e+00
3.748374837483748223e+01,6.064749948690600689e+01,2.482421204268205006e+00
3.748874887488749152e+01,6.064800193274390239e+01,2.482318034552745356e+00
3.749374937493749371e+01,6.064849803798490768e+01,2.482214916272031946e+00
3.749874987498750301e+01,6.064898775130028952e+01,2.482111849629046851e+00
3.750375037503750519e+01,6.064947102254346589e+01,2.482008834821847199e+00
3.750875087508750738e+01,6.064994780275004871e+01,2.481905872043566053e+00
3.751375137513751667e+01,6.065041804413782955e+01,2.481802961482411085e+00
3.751875187518751886e+01,6.065088170010677260e+01,2.481700103321667683e+00
3.752375237523752816e+01,6.065133872523903591e+01,2.481597297739694952e+00
3.752875287528753034e+01,6.065178907529893593e+01,2.481494544909927935e+00
3.753375337533753253e+01,6.065223270723298299e+01,2.481391845000877616e+00
3.753875387538754183e+01,6.065266957916986001e+01,2.481289198176130029e+00
3.754375437543754401e+01,6.065309965042042961e+01,2.481186604594347145e+00
3.754875487548755331e+01,6.065352288147774118e+01,2.481084064409266876e+00
3.755375537553755549e+01,6.065393923401700960e+01,2.480981577769701740e+00
3.755875587558755768e+01,6.065434867089564364e+01,2.480879144819541082e+00
3.756375637563756698e+01,6.065475115615321755e+01,2.480776765697747965e+00
3.756875687568756916e+01,6.065514665501149238e+01,2.480674440538362724e+00
3.757375737573757846e+01,6.065553513387440887e+01,2.480572169470500743e+00
3.757875787578758064e+01,6.065591656032808743e+01,2.480469952618352902e+00
3.758375837583758283e+01,6.065629090314082106e+01,2.480367790101185133e+00
3.758875887588759213e+01,6.065665813226308956e+01,2.480265682033339747e+00
3.759375937593759431e+01,6.065701821882754530e+01,2.480163628524234554e+00
3.759875987598760361e+01,6.065737113514902745e+01,2.480061629678362412e+00
3.760376037603760579e+01,6.065771685472454777e+01,2.479959685595292118e+00
3.760876087608760798e+01,6.065805535223329770e+01,2.479857796369667522e+00
3.761376137613761728e+01,6.065838660353664835e+01,2.479755962091208854e+00
3.761876187618761946e+01,6.065871058567815766e+01,2.479654182844711396e+00
3.762376237623762876e+01,6.065902727688354190e+01,2.479552458710045926e+00
3.762876287628763095e+01,6.065933665656073259e+01,2.479450789762159157e+00
3.763376337633763313e+01,6.065963870529979829e+01,2.479349176071073302e+00
3.763876387638764243e+01,6.065993340487301566e+01,2.479247617701885620e+00
3.764376437643764461e+01,6.066022073823483396e+01,2.479146114714769755e+00
3.764876487648765391e+01,6.066050068952187502e+01,2.479044667164973959e+00
3.765376537653765610e+01,6.066077324405294746e+01,2.478943275102822863e+00
3.765876587658765828e+01,6.066103838832903250e+01,2.478841938573716153e+00
3.766376637663766758e+01,6.066129611003329813e+01,2.478740657618129450e+00
3.766876687668766976e+01,6.066154639803107784e+01,2.478639432271613874e+00
3.767376737673767906e+01,6.066178924236990611e+01,2.478538262564796035e+00
3.767876787678768125e+01,6.066202463427947578e+01,2.478437148523378042e+00
3.768376837683768343e+01,6.066225256617167361e+01,2.478336090168137495e+00
3.768876887688769273e+01,6.066247303164055182e+01,2.478235087514927493e+00
3.769376937693769491e+01,6.066268602546235655e+01,2.478134140574677069e+00
3.769876987698769710e+01,6.066289154359549229e+01,2.478033249353391199e+00
3.770377037703770640e+01,6.066308958318057165e+01,2.477932413852149018e+00
3.770877087708770858e+01,6.066328014254036560e+01,2.477831634067106492e+00
3.771377137713771788e+01,6.066346322117982481e+01,2.477730909989494634e+00
3.771877187718772007e+01,6.066363881978608674e+01,2.477630241605620398e+00
3.772377237723772225e+01,6.066380694022846143e+01,2.477529628896865788e+00
3.772877287728773155e+01,6.066396758555844571e+01,2.477429071839688302e+00
3.773377337733773373e+01,6.066412076000971609e+01,2.477328570405621821e+00
3.773877387738774303e+01,6.066426646899811459e+01,2.477228124561274836e+00
3.774377437743774522e+01,6.066440471912166998e+01,2.477127734268332215e+00
3.774877487748774740e+01,6.066453551816059786e+01,2.477027399483553882e+00
3.775377537753775670e+01,6.066465887507728638e+01,2.476927120158775697e+00
3.775877587758775888e+01,6.066477480001630340e+01,2.476826896240908571e+00
3.776377637763776818e+01,6.066488330430439646e+01,2.476726727671938910e+00
3.776877687768777037e+01,6.066498440045047857e+01,2.476626614388929948e+00
3.777377737773777255e+01,6.066507810214567087e+01,2.476526556324019079e+00
3.777877787778778185e+01,6.066516442426325284e+01,2.476426553404419639e+00
3.778377837783778403e+01,6.066524338285868367e+01,2.476326605552420901e+00
3.778877887788779333e+01,6.066531499516960935e+01,2.476226712685387188e+00
3.779377937793779552e+01,6.066537927961584842e+01,2.476126874715759207e+00
3.779877987798779770e+01,6.066543625579940624e+01,2.476027091551051829e+00
3.780378037803780700e+01,6.066548594450446075e+01,2.475927363093856748e+00
3.780878087808780919e+01,6.066552836769736246e+01,2.475827689241841156e+00
3.781378137813781848e+01,6.066556354852666999e+01,2.475728069887746852e+00
3.781878187818782067e+01,6.066559151132307903e+01,2.475628504919392459e+00
3.782378237823782285e+01,6.066561228159950048e+01,2.475528994219671208e+00
3.782878287828783215e+01,6.066562588605099648e+01,2.475429537666551827e+00
3.783378337833783434e+01,6.066563235255483733e+01,2.475330135133079423e+00
3.783878387838784363e+01,6.066563171017045164e+01,2.475230786487374157e+00
3.784378437843784582e+01,6.066562398913944776e+01,2.475131491592631683e+00
3.784878487848784800e+01,6.066560922088561369e+01,2.475032250307124038e+00
3.785378537853785730e+01,6.066558743801493847e+01,2.474933062484196977e+00
3.785878587858785949e+01,6.066555867431555527e+01,2.474833927972273973e+00
3.786378637863786878e+01,6.066552296475780537e+01,2.474734846614852657e+00
3.786878687868787097e+01,6.066548034549418844e+01,2.474635818250506603e+00
3.787378737873787315e+01,6.066543085385939804e+01,2.474536842712885321e+00
3.787878787878788245e+01,6.066537452837030031e+01,2.474437919830713373e+00
3.788378837883788464e+01,6.066531140872594108e+01,2.474339049427791259e+00
3.788878887888789393e+01,6.066524153580754586e+01,2.474240231322994088e+00
3.789378937893789612e+01,6.066516495167851986e+01,2.474141465330274681e+00
3.789878987898789831e+01,6.066508169958444796e+01,2.474042751258658690e+00
3.790379037903790760e+01,6.066499182395308765e+01,2.473944088912249484e+00
3.790879087908790979e+01,6.066489537039438318e+01,2.473845478090225480e+00
3.791379137913791908e+01,6.066479238570045851e+01,2.473746918586839261e+00
3.791879187918792127e+01,6.066468291784561728e+01,2.473648410191421121e+00
3.792379237923792346e+01,6.066456701598632861e+01,2.473549952688375519e+00
3.792879287928793275e+01,6.066444473046126262e+01,2.473451545857182854e+00
3.793379337933793494e+01,6.066431611279124780e+01,2.473353189472399460e+00
3.793879387938793712e+01,6.066418121567930655e+01,2.473254883303656282e+00
3.794379437943794642e+01,6.066404009301062672e+01,2.473156627115660644e+00
3.794879487948794861e+01,6.066389279985259719e+01,2.473058420668195367e+00
3.795379537953795790e+01,6.066373939245475810e+01,2.472960263716118323e+00
3.795879587958796009e+01,6.066357992824885770e+01,2.472862156009363765e+00
3.796379637963796227e+01,6.066341446584879549e+01,2.472764097292940999e+00
3.796879687968797157e+01,6.066324306505067199e+01,2.472666087306934379e+00
3.797379737973797376e+01,6.066306578683275319e+01,2.472568125786505089e+00
3.797879787978798305e+01,6.066288269335548478e+01,2.472470212461888917e+00
3.798379837983798524e+01,6.066269384796151343e+01,2.472372347058397590e+00
3.798879887988798743e+01,6.066249931517562999e+01,2.472274529296417889e+00
3.799379937993799672e+01,6.066229916070482631e+01,2.472176758891412973e+00
3.799879987998799891e+01,6.066209345143827392e+01,2.472079035553921500e+00
3.800380038003800820e+01,6.066188225544731694e+01,2.471981358989556288e+00
3.800880088008801039e+01,6.066166564198547917e+01,2.471883728899007426e+00
3.801380138013801258e+01,6.066144368148846411e+01,2.471786144978040056e+00
3.801880188018802187e+01,6.066121644557415493e+01,2.471688606917494813e+00
3.802380238023802406e+01,6.066098400704261451e+01,2.471591114403287381e+00
3.802880288028803335e+01,6.066074643987608539e+01,2.471493667116409387e+00
3.803380338033803554e+01,6.066050381923898982e+01,2.471396264732928838e+00
3.803880388038803773e+01,6.066025622147792262e+01,2.471298906923987904e+00
3.804380438043804702e+01,6.066000372412166541e+01,2.471201593355805137e+00
3.804880488048804921e+01,6.065974640588117950e+01,2.471104323689675031e+00
3.805380538053805850e+01,6.065948434664959876e+01,2.471007097581966239e+00
3.805880588058806069e+01,6.065921762750224389e+01,2.470909914684124242e+00
3.806380638063806288e+01,6.065894633069660813e+01,2.470812774642670018e+00
3.806880688068807217e+01,6.065867053967236444e+01,2.470715677099199592e+00
3.807380738073807436e+01,6.065839033905136546e+01,2.470618621690384487e+00
3.807880788078808365e+01,6.065810581463765061e+01,2.470521608047972162e+00
3.808380838083808584e+01,6.065781705341742480e+01,2.470424635798785573e+00
3.808880888088808803e+01,6.065752414355908684e+01,2.470327704564723614e+00
3.809380938093809732e+01,6.065722717441320100e+01,2.470230813962759786e+00
3.809880988098809951e+01,6.065692623651251836e+01,2.470133963604943972e+00
3.810381038103810880e+01,6.065662142157196968e+01,2.470037153098400662e+00
3.810881088108811099e+01,6.065631282248866540e+01,2.469940382045332061e+00
3.811381138113811318e+01,6.065600053334188857e+01,2.469843650043013206e+00
3.811881188118812247e+01,6.065568464939310189e+01,2.469746956683796402e+00
3.812381238123812466e+01,6.065536526708596199e+01,2.469650301555109007e+00
3.812881288128813395e+01,6.065504248404628385e+01,2.469553684239454316e+00
3.813381338133813614e+01,6.065471639908206924e+01,2.469457104314410678e+00
3.813881388138813833e+01,6.065438711218351386e+01,2.469360561352632377e+00
3.814381438143814762e+01,6.065405472452297175e+01,2.469264054921848306e+00
3.814881488148814981e+01,6.065371933845498376e+01,2.469167584584865072e+00
3.815381538153815910e+01,6.065338105751627040e+01,2.469071149899562556e+00
3.815881588158816129e+01,6.065303998642573191e+01,2.468974750418897468e+00
3.816381638163816348e+01,6.065269623108444108e+01,2.468878385690901567e+00
3.816881688168817277e+01,6.065234989857567172e+01,2.468782055258682551e+00
3.817381738173817496e+01,6.065200109716484178e+01,2.468685758660423613e+00
3.817881788178817715e+01,6.065164993629958445e+01,2.468589495429383440e+00
3.818381838183818644e+01,6.065129652660967707e+01,2.468493265093895772e+00
3.818881888188818863e+01,6.065094097990711219e+01,2.468397067177370729e+00
3.819381938193819792e+01,6.065058340918603363e+01,2.468300901198293928e+00
3.819881988198820011e+01,6.065022392862277201e+01,2.468204766670225592e+00
3.820382038203820230e+01,6.064986265357584472e+01,2.468108663101803213e+00
3.820882088208821159e+01,6.064949970058594175e+01,2.468012589996737560e+00
3.821382138213821378e+01,6.064913518737592568e+01,2.467916546853817117e+00
3.821882188218822307e+01,6.064876923285086008e+01,2.467820533166904973e+00
3.822382238223822526e+01,6.064840195709795978e+01,2.467724548424939712e+00
3.822882288228822745e+01,6.064803348138664063e+01,2.467628592111935859e+00
3.823382338233823674e+01,6.064766392816849105e+01,2.467532663706982543e+00
3.823882388238823893e+01,6.064729342107727206e+01,2.467436762684246165e+00
3.824382438243824822e+01,6.064692208492892433e+01,2.467340888512967290e+00
3.824882488248825041e+01,6.064655004572158248e+01,2.467245040657462418e+00
3.825382538253825260e+01,6.064617743063553945e+01,2.467149218577123992e+00
3.825882588258826189e+01,6.064580436803328922e+01,2.467053421726419060e+00
3.826382638263826408e+01,6.064543098745948413e+01,2.466957649554891496e+00
3.826882688268827337e+01,6.064505741964096330e+01,2.466861901507160226e+00
3.827382738273827556e+01,6.064468379648675977e+01,2.466766177022918782e+00
3.827882788278827775e+01,6.064431025108805784e+01,2.466670475536937968e+00
3.828382838283828704e+01,6.064393691771824990e+01,2.466574796479063192e+00
3.828882888288828923e+01,6.064356393183287963e+01,2.466479139274214916e+00
3.829382938293829852e+01,6.064319143006969171e+01,2.466383503342390426e+00
3.829882988298830071e+01,6.064281955024860338e+01,2.466287888098662062e+00
3.830383038303830290e+01,6.064244843137169738e+01,2.466192292953176768e+00
3.830883088308831219e+01,6.064207821362326456e+01,2.466096717311158759e+00
3.831383138313831438e+01,6.064170903836974702e+01,2.466001160572906414e+00
3.831883188318832367e+01,6.064134104815978077e+01,2.465905622133794051e+00
3.832383238323832586e+01,6.064097438672417439e+01,2.465810101384272368e+00
3.832883288328832805e+01,6.064060919897592328e+01,2.465714597709866673e+00
3.833383338333833734e+01,6.064024563101019538e+01,2.465619110491177768e+00
3.833883388338833953e+01,6.063988383010433836e+01,2.465523639103883280e+00
3.834383438343834882e+01,6.063952394471787954e+01,2.465428182918734556e+00
3.834883488348835101e+01,6.063916612449252597e+01,2.465332741301559771e+00
3.835383538353835320e+01,6.063881052025216434e+01,2.465237313613262593e+00
3.835883588358836249e+01,6.063845728400286106e+01,2.465141899209821741e+00
3.836383638363836468e+01,6.063810656893286932e+01,2.465046497442291873e+00
3.836883688368837397e+01,6.063775852941259359e+01,2.464951107656803142e+00
3.837383738373837616e+01,6.063741332099465353e+01,2.464855729194561196e+00
3.837883788378837835e+01,6.063707110041382720e+01,2.464760361391847177e+00
3.838383838383838764e+01,6.063673202558707231e+01,2.464665003580018166e+00
3.838883888388838983e+01,6.063639625561352631e+01,2.464569655085506739e+00
3.839383938393839912e+01,6.063606395077452049e+01,2.464474315229820078e+00
3.839883988398840131e+01,6.063573527253354456e+01,2.464378983329542194e+00
3.840384038403840350e+01,6.063541038353627499e+01,2.464283658696332147e+00
3.840884088408841279e+01,6.063508944761057506e+01,2.464188340636924490e+00
3.841384138413841498e+01,6.063477262976647353e+01,2.464093028453129275e+00
3.841884188418842427e+01,6.063446009619620014e+01,2.463997721441832489e+00
3.842384238423842646e+01,6.063415201427412882e+01,2.463902418894996060e+00
3.842884288428842865e+01,6.063384855255684869e+01,2.463807120099655634e+00
3.843384338433843794e+01,6.063354988078310726e+01,2.463711824337924572e+00
3.843884388438844013e+01,6.063325616987383881e+01,2.463616530886990841e+00
3.844384438443844232e+01,6.063296759193215024e+01,2.463521239019117459e+00
3.844884488448845161e+01,6.063268432024333521e+01,2.463425948001644272e+00
3.845384538453845380e+01,6.063240652927485996e+01,2.463330657096985732e+00
3.845884588458846309e+01,6.063213439467637755e+01,2.463235365562631785e+00
3.846384638463846528e+01,6.063186809327971361e+01,2.463140072651148760e+00
3.846884688468846747e+01,6.063160780309887343e+01,2.463044777610178482e+00
3.847384738473847676e+01,6.063135370333004204e+01,2.462949479682436937e+00
3.847884788478847895e+01,6.063110597435158411e+01,2.462854178105716940e+00
3.848384838483848824e+01,6.063086479772405113e+01,2.462758872112887243e+00
3.848884888488849043e+01,6.063063035619016006e+01,2.462663560931890760e+00
3.849384938493849262e+01,6.063040283367481464e+01,2.462568243785747235e+00
3.849884988498850191e+01,6.063018241528509833e+01,2.462472919892551459e+00
3.850385038503850410e+01,6.062996928731026713e+01,2.462377588465473277e+00
3.850885088508851339e+01,6.062976363722176387e+01,2.462282248712759358e+00
3.851385138513851558e+01,6.062956565367321105e+01,2.462186899837730980e+00
3.851885188518851777e+01,6.062937552650040374e+01,2.462091541038784914e+00
3.852385238523852706e+01,6.062919344672132382e+01,2.461996171509393871e+00
3.852885288528852925e+01,6.062901960653611866e+01,2.461900790438106501e+00
3.853385338533853854e+01,6.062885419932712949e+01,2.461805397008545615e+00
3.853885388538854073e+01,6.062869741965887016e+01,2.461709990399411740e+00
3.854385438543854292e+01,6.062854946327804129e+01,2.461614569784479123e+00
3.854885488548855221e+01,6.062841052711350187e+01,2.461519134332598391e+00
3.855385538553855440e+01,6.062828080927631902e+01,2.461423683207695223e+00
3.855885588558856369e+01,6.062816050905971821e+01,2.461328215568771682e+00
3.856385638563856588e+01,6.062804982693910461e+01,2.461232730569904881e+00
3.856885688568856807e+01,6.062794896457207727e+01,2.461137227360246982e+00
3.857385738573857736e+01,6.062785812479840075e+01,2.461041705084026976e+00
3.857885788578857955e+01,6.062777751164002638e+01,2.460946162880548016e+00
3.858385838583858884e+01,6.062770733030107095e+01,2.460850599884190082e+00
3.858885888588859103e+01,6.062764778716785941e+01,2.460755015224408204e+00
3.859385938593859322e+01,6.062759908980885371e+01,2.460659408025732908e+00
3.859885988598860251e+01,6.062756144697473815e+01,2.460563777407769770e+00
3.860386038603860470e+01,6.062753506859834829e+01,2.460468122485200748e+00
3.860886088608861400e+01,6.062752016579471359e+01,2.460372442367783297e+00
3.861386138613861618e+01,6.062751695086102899e+01,2.460276736160349920e+00
3.861886188618861837e+01,6.062752563727667621e+01,2.460181002962809504e+00
3.862386238623862766e+01,6.062754643970321666e+01,2.460085241870145101e+00
3.862886288628862985e+01,6.062757957398439146e+01,2.459989451972417029e+00
3.863386338633863915e+01,6.062762525714611428e+01,2.459893632354759774e+00
3.863886388638864133e+01,6.062768370739649271e+01,2.459797782097384644e+00
3.864386438643864352e+01,6.062775514412579980e+01,2.459701900275577557e+00
3.864886488648865281e+01,6.062783978790648831e+01,2.459605985959699925e+00
3.865386538653865500e+01,6.062793786049319067e+01,2.459510038215189098e+00
3.865886588658866430e+01,6.062804958482273321e+01,2.459414056102558366e+00
3.866386638663866648e+01,6.062817518501410063e+01,2.459318038677396068e+00
3.866886688668866867e+01,6.062831488636846444e+01,2.459221984990366039e+00
3.867386738673867796e+01,6.062846891536919003e+01,2.459125894087208053e+00
3.867886788678868015e+01,6.062863749968178695e+01,2.459029765008736934e+00
3.868386838683868234e+01,6.062882086815397997e+01,2.458933596790843890e+00
3.868886888688869163e+01,6.062901925081565935e+01,2.458837388464495177e+00
3.869386938693869382e+01,6.062923287887888790e+01,2.458741139055732106e+00
3.869886988698870312e+01,6.062946198473791526e+01,2.458644847585672366e+00
3.870387038703870530e+01,6.062970680196917073e+01,2.458548513070509145e+00
3.870887088708870749e+01,6.062996756533125620e+01,2.458452134521510679e+00
3.871387138713871678e+01,6.063024451076495325e+01,2.458355710945021588e+00
3.871887188718871897e+01,6.063053787539323736e+01,2.458259241342460655e+00
3.872387238723872827e+01,6.063084789752124237e+01,2.458162724710323932e+00
3.872887288728873045e+01,6.063117481663629604e+01,2.458066160040182080e+00
3.873387338733873264e+01,6.063151887340789870e+01,2.457969546318680809e+00
3.873887388738874193e+01,6.063188030968773745e+01,2.457872882527542657e+00
3.874387438743874412e+01,6.063225936850965780e+01,2.457776167643565213e+00
3.874887488748875342e+01,6.063265629408970625e+01,2.457679400638621559e+00
3.875387538753875560e+01,6.063307133182610897e+01,2.457582580479659828e+00
3.875887588758875779e+01,6.063350472829925053e+01,2.457485706128704539e+00
3.876387638763876708e+01,6.063395673127171648e+01,2.457388776542854814e+00
3.876887688768876927e+01,6.063442758968825785e+01,2.457291790674287046e+00
3.877387738773877857e+01,6.063491755367581248e+01,2.457194747470251794e+00
3.877887788778878075e+01,6.063542687454349789e+01,2.457097645873075109e+00
3.878387838783878294e+01,6.063595580478259706e+01,2.457000484820159425e+00
3.878887888788879224e+01,6.063650459806658688e+01,2.456903263243981783e+00
3.879387938793879442e+01,6.063707322431137214e+01,2.456805981679475614e+00
3.879887988798880372e+01,6.063765957882548463e+01,2.456708652045943797e+00
3.880388038803880590e+01,6.063826291193290530e+01,2.456611278067545090e+00
3.880888088808880809e+01,6.063888289047883262e+01,2.456513861074371974e+00
3.881388138813881739e+01,6.063951918318409895e+01,2.456416402388954534e+00
3.881888188818881957e+01,6.064017146064515629e+01,2.456318903326259129e+00
3.882388238823882887e+01,6.064083939533409051e+01,2.456221365193689277e+00
3.882888288828883105e+01,6.064152266159862137e+01,2.456123789291085213e+00
3.883388338833883324e+01,6.064222093566209537e+01,2.456026176910723891e+00
3.883888388838884254e+01,6.064293389562350711e+01,2.455928529337319866e+00
3.884388438843884472e+01,6.064366122145745663e+01,2.455830847848023968e+00
3.884888488848885402e+01,6.064440259501419206e+01,2.455733133712424188e+00
3.885388538853885620e+01,6.064515770001958828e+01,2.455635388192545676e+00
3.885888588858885839e+01,6.064592622207514694e+01,2.455537612542849857e+00
3.886388638863886769e+01,6.064670784865801068e+01,2.455439808010234870e+00
3.886888688868886987e+01,6.064750226912093467e+01,2.455341975834036905e+00
3.887388738873887917e+01,6.064830917469233640e+01,2.455244117246028424e+00
3.887888788878888136e+01,6.064912825847623168e+01,2.455146233470418604e+00
3.888388838883888354e+01,6.064995921545228441e+01,2.455048325723853786e+00
3.888888888888889284e+01,6.065080174247578526e+01,2.454950395215417025e+00
3.889388938893889502e+01,6.065165553827765876e+01,2.454852443146628538e+00
3.889888988898890432e+01,6.065252030346446332e+01,2.454754470711444814e+00
3.890389038903890651e+01,6.065339574051837701e+01,2.454656479096259947e+00
3.890889088908890869e+01,6.065428155379721886e+01,2.454558469479905192e+00
3.891389138913891799e+01,6.065517744953444179e+01,2.454460443033647632e+00
3.891889188918892017e+01,6.065608313583911126e+01,2.454362400921191956e+00
3.892389238923892236e+01,6.065699832269594793e+01,2.454264344298679568e+00
3.892889288928893166e+01,6.065792272196528501e+01,2.454166274314688589e+00
3.893389338933893384e+01,6.065885604738309667e+01,2.454068192110235191e+00
3.893889388938894314e+01,6.065979801456098386e+01,2.453970098818770484e+00
3.894389438943894532e+01,6.066074834098618140e+01,2.453871995566184072e+00
3.894889488948894751e+01,6.066170674602155799e+01,2.453773883470802275e+00
3.895389538953895681e+01,6.066267295090560197e+01,2.453675763643386798e+00
3.895889588958895899e+01,6.066364667875244265e+01,2.453577637187138727e+00
3.896389638963896829e+01,6.066462765455184325e+01,2.453479505197693644e+00
3.896889688968897048e+01,6.066561560516918661e+01,2.453381368763126069e+00
3.897389738973897266e+01,6.066661025934548945e+01,2.453283228963945906e+00
3.897889788978898196e+01,6.066761134769740949e+01,2.453185086873100662e+00
3.898389838983898414e+01,6.066861860271722406e+01,2.453086943555974564e+00
3.898889888988899344e+01,6.066963175877285153e+01,2.452988800070388553e+00
3.899389938993899563e+01,6.067065055210783697e+01,2.452890657466601176e+00
3.899889988998899781e+01,6.067167472084134516e+01,2.452792516787307253e+00
3.900390039003900711e+01,6.067270400496818894e+01,2.452694379067638764e+00
3.900890089008900929e+01,6.067373814635880791e+01,2.452596245335163960e+00
3.901390139013901859e+01,6.067477688875926845e+01,2.452498116609889145e+00
3.901890189018902078e+01,6.067581997779127079e+01,2.452399993904256892e+00
3.902390239023902296e+01,6.067686716095214194e+01,2.452301878223146048e+00
3.902890289028903226e+01,6.067791818761484279e+01,2.452203770563873508e+00
3.903390339033903444e+01,6.067897280902797519e+01,2.452105671916192886e+00
3.903890389038904374e+01,6.068003077831575354e+01,2.452007583262293622e+00
3.904390439043904593e+01,6.068109185047803322e+01,2.451909505576803205e+00
3.904890489048904811e+01,6.068215578239031061e+01,2.451811439826785399e+00
3.905390539053905741e+01,6.068322233280368749e+01,2.451713386971741571e+00
3.905890589058905960e+01,6.068429126234492088e+01,2.451615347963608915e+00
3.906390639063906889e+01,6.068536233351638742e+01,2.451517323746762678e+00
3.906890689068907108e+01,6.068643531069609764e+01,2.451419315258013931e+00
3.907390739073907326e+01,6.068750996013768884e+01,2.451321323426611798e+00
3.907890789078908256e+01,6.068858604997044637e+01,2.451223349174241228e+00
3.908390839083908475e+01,6.068966335019925395e+01,2.451125393415024334e+00
3.908890889088909404e+01,6.069074163270466471e+01,2.451027457055520831e+00
3.909390939093909623e+01,6.069182067124283009e+01,2.450929540994726707e+00
3.909890989098909841e+01,6.069290024144554963e+01,2.450831646124075114e+00
3.910391039103910771e+01,6.069398012082025673e+01,2.450733773327435472e+00
3.910891089108910990e+01,6.069506008875000447e+01,2.450635923481114808e+00
3.911391139113911919e+01,6.069613992649347978e+01,2.450538097453856423e+00
3.911891189118912138e+01,6.069721941718501057e+01,2.450440296106842109e+00
3.912391239123912356e+01,6.069829834583454442e+01,2.450342520293688597e+00
3.912891289128913286e+01,6.069937649932766988e+01,2.450244770860449783e+00
3.913391339133913505e+01,6.070045366642559515e+01,2.450147048645618053e+00
3.913891389138914434e+01,6.070152963776516231e+01,2.450049354480120734e+00
3.914391439143914653e+01,6.070260420585885441e+01,2.449951689187323645e+00
3.914891489148914872e+01,6.070367716509477418e+01,2.449854053583028435e+00
3.915391539153915801e+01,6.070474831173665820e+01,2.449756448475473913e+00
3.915891589158916020e+01,6.070581744392388401e+01,2.449658874665336494e+00
3.916391639163916238e+01,6.070688436167144175e+01,2.449561332945728420e+00
3.916891689168917168e+01,6.070794886686996250e+01,2.449463824102199094e+00
3.917391739173917387e+01,6.070901076328571833e+01,2.449366348912735525e+00
3.917891789178918316e+01,6.071006985656060095e+01,2.449268908147760548e+00
3.918391839183918535e+01,6.071112595421212887e+01,2.449171502570135495e+00
3.918891889188918753e+01,6.071217886563345445e+01,2.449074132935156634e+00
3.919391939193919683e+01,6.071322840209337812e+01,2.448976799990558728e+00
3.919891989198919902e+01,6.071427437673629868e+01,2.448879504476512370e+00
3.920392039203920831e+01,6.071531660458228430e+01,2.448782247125625755e+00
3.920892089208921050e+01,6.071635490252700151e+01,2.448685028662943353e+00
3.921392139213921268e+01,6.071738908934176493e+01,2.448587849805947680e+00
3.921892189218922198e+01,6.071841898567352303e+01,2.448490711264556641e+00
3.922392239223922417e+01,6.071944441404483683e+01,2.448393613741125741e+00
3.922892289228923346e+01,6.072046519885392257e+01,2.448296557930448092e+00
3.923392339233923565e+01,6.072148116637460191e+01,2.448199544519752635e+00
3.923892389238923784e+01,6.072249214475635171e+01,2.448102574188705471e+00
3.924392439243924713e+01,6.072349796402426136e+01,2.448005647609410307e+00
3.924892489248924932e+01,6.072449845607906838e+01,2.447908765446406232e+00
3.925392539253925861e+01,6.072549345469712279e+01,2.447811928356671274e+00
3.925892589258926080e+01,6.072648279553042272e+01,2.447715136989618401e+00
3.926392639263926299e+01,6.072746631610658596e+01,2.447618391987099074e+00
3.926892689268927228e+01,6.072844385582886417e+01,2.447521693983400137e+00
3.927392739273927447e+01,6.072941525597613577e+01,2.447425043605246930e+00
3.927892789278928376e+01,6.073038035970292725e+01,2.447328441471800620e+00
3.928392839283928595e+01,6.073133901203937768e+01,2.447231888194659533e+00
3.928892889288928814e+01,6.073229105989126708e+01,2.447135384377859157e+00
3.929392939293929743e+01,6.073323635204000226e+01,2.447038930617870811e+00
3.929892989298929962e+01,6.073417473914261677e+01,2.446942527503604747e+00
3.930393039303930891e+01,6.073510607373178516e+01,2.446846175616406160e+00
3.930893089308931110e+01,6.073603021021580872e+01,2.446749875530058294e+00
3.931393139313931329e+01,6.073694700487861553e+01,2.446653627810780218e+00
3.931893189318932258e+01,6.073785631587977463e+01,2.446557433017229499e+00
3.932393239323932477e+01,6.073875800325447472e+01,2.446461291700499530e+00
3.932893289328933406e+01,6.073965192891354548e+01,2.446365204404120419e+00
3.933393339333933625e+01,6.074053795664343625e+01,2.446269171664059439e+00
3.933893389338933844e+01,6.074141595210624445e+01,2.446173194008721463e+00
3.934393439343934773e+01,6.074228578283968716e+01,2.446077271958947197e+00
3.934893489348934992e+01,6.074314731825710112e+01,2.445981406028014948e+00
3.935393539353935921e+01,6.074400042964747826e+01,2.445885596721639299e+00
3.935893589358936140e+01,6.074484499017543015e+01,2.445789844537972879e+00
3.936393639363936359e+01,6.074568087488120227e+01,2.445694149967603703e+00
3.936893689368937288e+01,6.074650796068065262e+01,2.445598513493557835e+00
3.937393739373937507e+01,6.074732612636530149e+01,2.445502935591298055e+00
3.937893789378938436e+01,6.074813525260228175e+01,2.445407416728722971e+00
3.938393839383938655e+01,6.074893522193436013e+01,2.445311957366170130e+00
3.938893889388938874e+01,6.074972591877993011e+01,2.445216557956412018e+00
3.939393939393939803e+01,6.075050722943301906e+01,2.445121218944659169e+00
3.939893989398940022e+01,6.075127904206329532e+01,2.445025940768558836e+00
3.940394039403940241e+01,6.075204124671604689e+01,2.444930723858194543e+00
3.940894089408941170e+01,6.075279373531219562e+01,2.444835568636086975e+00
3.941394139413941389e+01,6.075353640164829017e+01,2.444740475517194866e+00
3.941894189418942318e+01,6.075426914139652723e+01,2.444645444908911891e+00
3.942394239423942537e+01,6.075499185210470898e+01,2.444550477211070660e+00
3.942894289428942756e+01,6.075570443319628566e+01,2.444455572815939171e+00
3.943394339433943685e+01,6.075640678597033428e+01,2.444360732108222578e+00
3.943894389438943904e+01,6.075709881360157283e+01,2.444265955465063200e+00
3.944394439443944833e+01,6.075778042114033184e+01,2.444171243256040960e+00
3.944894489448945052e+01,6.075845151551257572e+01,2.444076595843171162e+00
3.945394539453945271e+01,6.075911200551992408e+01,2.443982013580907164e+00
3.945894589458946200e+01,6.075976180183959485e+01,2.443887496816138594e+00
3.946394639463946419e+01,6.076040081702445406e+01,2.443793045888192683e+00
3.946894689468947348e+01,6.076102896550300869e+01,2.443698661128832939e+00
3.947394739473947567e+01,6.076164616357936410e+01,2.443604342862260026e+00
3.947894789478947786e+01,6.076225232943329502e+01,2.443510091405111329e+00
3.948394839483948715e+01,6.076284738312018163e+01,2.443415907066461390e+00
3.948894889488948934e+01,6.076343124657105221e+01,2.443321790147821471e+00
3.949394939493949863e+01,6.076400384359254048e+01,2.443227740943139548e+00
3.949894989498950082e+01,6.076456509986694243e+01,2.443133759738801203e+00
3.950395039503950301e+01,6.076511494295215954e+01,2.443039846813628291e+00
3.950895089508951230e+01,6.076565330228174844e+01,2.442946002438879827e+00
3.951395139513951449e+01,6.076618010916487123e+01,2.442852226878251098e+00
3.951895189518952378e+01,6.076669529678633808e+01,2.442758520387875443e+00
3.952395239523952597e+01,6.076719880020658593e+01,2.442664883216322025e+00
3.952895289528952816e+01,6.076769055636167849e+01,2.442571315604597615e+00
3.953395339533953745e+01,6.076817050406332044e+01,2.442477817786145700e+00
3.953895389538953964e+01,6.076863858399884322e+01,2.442384389986846482e+00
3.954395439543954893e+01,6.076909473873120504e+01,2.442291032425017328e+00
3.954895489548955112e+01,6.076953891269899088e+01,2.442197745311412316e+00
3.955395539553955331e+01,6.076997105221642670e+01,2.442104528849222689e+00
3.955895589558956260e+01,6.077039110547337941e+01,2.442011383234075517e+00
3.956395639563956479e+01,6.077079902253531429e+01,2.441918308654036807e+00
3.956895689568957408e+01,6.077119475534336601e+01,2.441825305289607506e+00
3.957395739573957627e+01,6.077157825771426758e+01,2.441732373313726168e+00
3.957895789578957846e+01,6.077194948534040719e+01,2.441639512891769392e+00
3.958395839583958775e+01,6.077230839578978561e+01,2.441546724181548278e+00
3.958895889588958994e+01,6.077265494850604455e+01,2.441454007333312859e+00
3.959395939593959923e+01,6.077298910480846672e+01,2.441361362489749443e+00
3.959895989598960142e+01,6.077331082789194028e+01,2.441268789785981053e+00
3.960396039603960361e+01,6.077362008282700856e+01,2.441176289349567430e+00
3.960896089608961290e+01,6.077391683655982746e+01,2.441083861300505919e+00
3.961396139613961509e+01,6.077420105791220095e+01,2.440991505751230584e+00
3.961896189618962438e+01,6.077447271758155267e+01,2.440899222806611313e+00
3.962396239623962657e+01,6.077473178814094013e+01,2.440807012563956935e+00
3.962896289628962876e+01,6.077497824403905469e+01,2.440714875113010773e+00
3.963396339633963805e+01,6.077521206160021450e+01,2.440622810535955090e+00
3.963896389638964024e+01,6.077543321902436446e+01,2.440530818907407973e+00
3.964396439643964243e+01,6.077564169638709757e+01,2.440438900294424673e+00
3.964896489648965172e+01,6.077583747563961936e+01,2.440347054756497602e+00
3.965396539653965391e+01,6.077602054060877634e+01,2.440255282345555443e+00
3.965896589658966320e+01,6.077619087699704892e+01,2.440163583105964484e+00
3.966396639663966539e+01,6.077634847238253712e+01,2.440071957074527287e+00
3.966896689668966758e+01,6.077649331621897488e+01,2.439980404280484017e+00
3.967396739673967687e+01,6.077662539983573708e+01,2.439888924745510668e+00
3.967896789678967906e+01,6.077674471643782539e+01,2.439797518483721728e+00
3.968396839683968835e+01,6.077685126110586822e+01,2.439706185501666624e+00
3.968896889688969054e+01,6.077694503079612076e+01,2.439614925798333722e+00
3.969396939693969273e+01,6.077702602434047918e+01,2.439523739365146771e+00
3.969896989698970202e+01,6.077709424244647352e+01,2.439432626185966679e+00
3.970397039703970421e+01,6.077714968769725346e+01,2.439341586237091963e+00
3.970897089708971350e+01,6.077719236455160257e+01,2.439250619487257854e+00
3.971397139713971569e+01,6.077722227934394539e+01,2.439159725897635411e+00
3.971897189718971788e+01,6.077723944028431902e+01,2.439068905421834188e+00
3.972397239723972717e+01,6.077724385745840863e+01,2.438978158005899566e+00
3.972897289728972936e+01,6.077723554282752616e+01,2.438887483588313643e+00
3.973397339733973865e+01,6.077721451022861743e+01,2.438796882099996566e+00
3.973897389738974084e+01,6.077718077537424080e+01,2.438706353464304755e+00
3.974397439743974303e+01,6.077713435585260981e+01,2.438615897597031346e+00
3.974897489748975232e+01,6.077707527112755059e+01,2.438525514406406192e+00
3.975397539753975451e+01,6.077700354253853732e+01,2.438435203793096751e+00
3.975897589758976380e+01,6.077691919330066384e+01,2.438344965650206753e+00
3.976397639763976599e+01,6.077682224850465786e+01,2.438254799863277089e+00
3.976897689768976818e+01,6.077671273511688099e+01,2.438164706310286256e+00
3.977397739773977747e+01,6.077659068197931447e+01,2.438074684861647690e+00
3.977897789778977966e+01,6.077645611980958051e+01,2.437984735380214207e+00
3.978397839783978895e+01,6.077630908120093522e+01,2.437894857721273567e+00
3.978897889788979114e+01,6.077614960062226146e+01,2.437805051732551131e+00
3.979397939793979333e+01,6.077597771441807595e+01,2.437715317254209868e+00
3.979897989798980262e+01,6.077579346080851508e+01,2.437625654118848129e+00
3.980398039803980481e+01,6.077559687988936332e+01,2.437536062151502758e+00
3.980898089808981410e+01,6.077538801363202481e+01,2.437446541169646430e+00
3.981398139813981629e+01,6.077516690588353043e+01,2.437357090983188979e+00
3.981898189818981848e+01,6.077493360236655917e+01,2.437267711394476954e+00
3.982398239823982777e+01,6.077468815067940966e+01,2.437178402198294958e+00
3.982898289828982996e+01,6.077443060029601440e+01,2.437089163181862528e+00
3.983398339833983925e+01,6.077416100256592557e+01,2.436999994124838143e+00
3.983898389838984144e+01,6.077387941071435051e+01,2.436910894799315663e+00
3.984398439843984363e+01,6.077358587984210914e+01,2.436821864969826112e+00
3.984898489848985292e+01,6.077328046692564811e+01,2.436732904393338561e+00
3.985398539853985511e+01,6.077296323081706930e+01,2.436644012819257465e+00
3.985898589858986441e+01,6.077263423224407290e+01,2.436555189989424886e+00
3.986398639863986659e+01,6.077229353381002142e+01,2.436466435638120043e+00
3.986898689868986878e+01,6.077194119999389699e+01,2.436377749492058431e+00
3.987398739873987807e+01,6.077157729715029433e+01,2.436289131270393149e+00
3.987898789878988026e+01,6.077120189350947044e+01,2.436200580684713568e+00
3.988398839883988245e+01,6.077081505917729487e+01,2.436112097439046220e+00
3.988898889888989174e+01,6.077041686613526394e+01,2.436023681229854798e+00
3.989398939893989393e+01,6.077000738824052206e+01,2.435935331746038823e+00
3.989898989898990322e+01,6.076958670122583328e+01,2.435847048668936754e+00
3.990399039903990541e+01,6.076915488269959553e+01,2.435758831672321545e+00
3.990899089908990760e+01,6.076871201214583351e+01,2.435670680422405088e+00
3.991399139913991689e+01,6.076825817092420579e+01,2.435582594577834659e+00
3.991899189918991908e+01,6.076779344227001189e+01,2.435494573789695583e+00
3.992399239923992837e+01,6.076731791129415683e+01,2.435406617701509457e+00
3.992899289928993056e+01,6.076683166498321498e+01,2.435318725949234597e+00
3.993399339933993275e+01,6.076633479219935197e+01,2.435230898161267366e+00
3.993899389938994204e+01,6.076582738368038861e+01,2.435143133958439066e+00
3.994399439943994423e+01,6.076530953203977248e+01,2.435055432954019938e+00
3.994899489948995353e+01,6.076478133176657792e+01,2.434967794753715609e+00
3.995399539953995571e+01,6.076424287922551315e+01,2.434880218955670195e+00
3.995899589958995790e+01,6.076369427265692025e+01,2.434792705150462755e+00
3.996399639963996719e+01,6.076313561217676096e+01,2.434705252921110397e+00
3.996899689968996938e+01,6.076256699977665221e+01,2.434617861843066944e+00
3.997399739973997868e+01,6.076198853932380928e+01,2.434530531484223381e+00
3.997899789978998086e+01,6.076140033656110262e+01,2.434443261404907854e+00
3.998399839983998305e+01,6.076080249910702236e+01,2.434356051157883893e+00
3.998899889988999234e+01,6.076019513645570669e+01,2.434268900288353521e+00
3.999399939993999453e+01,6.075957835997689216e+01,2.434181808333955033e+00
3.999899989999000383e+01,6.075895228291598471e+01,2.434094774824763441e+00
4.000400040004000601e+01,6.075831702039399573e+01,2.434007799283291362e+00
4.000900090009000820e+01,6.075767268940757049e+01,2.433920881224487687e+00
4.001400140014001749e+01,6.075701940882898811e+01,2.433834020155738020e+00
4.001900190019001968e+01,6.075635729940617580e+01,2.433747215576865575e+00
4.002400240024002898e+01,6.075568648376265912e+01,2.433660466980129833e+00
4.002900290029003116e+01,6.075500708639761882e+01,2.433573773850227884e+00
4.003400340034003335e+01,6.075431923368586240e+01,2.433487135664293088e+00
4.003900390039004265e+01,6.075362305387781703e+01,2.433400551891895969e+00
4.004400440044004483e+01,6.075291867709956506e+01,2.433314021995043763e+00
4.004900490049005413e+01,6.075220623535278719e+01,2.433227545428180427e+00
4.005400540054005631e+01,6.075148586251481930e+01,2.433141121638187965e+00
4.005900590059005850e+01,6.075075769433863115e+01,2.433054750064383764e+00
4.006400640064006780e+01,6.075002186845279795e+01,2.432968430138522820e+00
4.006900690069006998e+01,6.074927852436155007e+01,2.432882161284797728e+00
4.007400740074007928e+01,6.074852780344474468e+01,2.432795942919836030e+00
4.007900790079008146e+01,6.074776984895785858e+01,2.432709774452704643e+00
4.008400840084008365e+01,6.074700480603200958e+01,2.432623655284905428e+00
4.008900890089009295e+01,6.074623282167394933e+01,2.432537584810378295e+00
4.009400940094009513e+01,6.074545404476604915e+01,2.432451562415498980e+00
4.009900990099010443e+01,6.074466862606631423e+01,2.432365587479081714e+00
4.010401040104010661e+01,6.074387671820839785e+01,2.432279659372375669e+00
4.010901090109010880e+01,6.074307847570155872e+01,2.432193777459068507e+00
4.011401140114011810e+01,6.074227405493070364e+01,2.432107941095284165e+00
4.011901190119012028e+01,6.074146361415636619e+01,2.432022149629583296e+00
4.012401240124012247e+01,6.074064731351470670e+01,2.431936402402964159e+00
4.012901290129013177e+01,6.073982531501751936e+01,2.431850698748861284e+00
4.013401340134013395e+01,6.073899778255223936e+01,2.431765037993145917e+00
4.013901390139014325e+01,6.073816488188191443e+01,2.431679419454126467e+00
4.014401440144014543e+01,6.073732678064523327e+01,2.431593842442548947e+00
4.014901490149014762e+01,6.073648364835652558e+01,2.431508306261595642e+00
4.015401540154015692e+01,6.073563565640572648e+01,2.431422810206884666e+00
4.015901590159015910e+01,6.073478297805843340e+01,2.431337353566473514e+00
4.016401640164016840e+01,6.073392578845584211e+01,2.431251935620854621e+00
4.016901690169017058e+01,6.073306426461480356e+01,2.431166555642957583e+00
4.017401740174017277e+01,6.073219858542780258e+01,2.431081212898149602e+00
4.017901790179018207e+01,6.073132893166292234e+01,2.430995906644234150e+00
4.018401840184018425e+01,6.073045548596392251e+01,2.430910636131451863e+00
4.018901890189019355e+01,6.072957843285016111e+01,2.430825400602480535e+00
4.019401940194019573e+01,6.072869795871663001e+01,2.430740199292434234e+00
4.019901990199019792e+01,6.072781425183396919e+01,2.430655031428864188e+00
4.020402040204020722e+01,6.072692750234843828e+01,2.430569896231759230e+00
4.020902090209020940e+01,6.072603790228192366e+01,2.430484792913544023e+00
4.021402140214021870e+01,6.072514564553195271e+01,2.430399720679080389e+00
4.021902190219022089e+01,6.072425092787167955e+01,2.430314678725667310e+00
4.022402240224022307e+01,6.072335394694989219e+01,2.430229666243041375e+00
4.022902290229023237e+01,6.072245490229099829e+01,2.430144682413374113e+00
4.023402340234023455e+01,6.072155399529505360e+01,2.430059726411275989e+00
4.023902390239024385e+01,6.072065142923772640e+01,2.429974797403793296e+00
4.024402440244024604e+01,6.071974740927034020e+01,2.429889894550409490e+00
4.024902490249024822e+01,6.071884214241983102e+01,2.429805017003044743e+00
4.025402540254025752e+01,6.071793583758876167e+01,2.429720163906056385e+00
4.025902590259025970e+01,6.071702870555533593e+01,2.429635334396238466e+00
4.026402640264026900e+01,6.071612095897339856e+01,2.429550527602821752e+00
4.026902690269027119e+01,6.071521281237240686e+01,2.429465742647475057e+00
4.027402740274027337e+01,6.071430448215745912e+01,2.429380978644302580e+00
4.027902790279028267e+01,6.071339618660928039e+01,2.429296234699846124e+00
4.028402840284028485e+01,6.071248814588422960e+01,2.429211509913084210e+00
4.028902890289029415e+01,6.071158058201429242e+01,2.429126803375432520e+00
4.029402940294029634e+01,6.071067371890708841e+01,2.429042114170743449e+00
4.029902990299029852e+01,6.070976778234587812e+01,2.428957441375306114e+00
4.030403040304030782e+01,6.070886299998953461e+01,2.428872784057847234e+00
4.030903090309031001e+01,6.070795960137257907e+01,2.428788141279529800e+00
4.031403140314031930e+01,6.070705781790514521e+01,2.428703512093953520e+00
4.031903190319032149e+01,6.070615788287301484e+01,2.428618895547156153e+00
4.032403240324032367e+01,6.070526003143759652e+01,2.428534290677610397e+00
4.032903290329033297e+01,6.070436450063591849e+01,2.428449696516227885e+00
4.033403340334033516e+01,6.070347152938066415e+01,2.428365112086355637e+00
4.033903390339034445e+01,6.070258135846011527e+01,2.428280536403778722e+00
4.034403440344034664e+01,6.070169423053821589e+01,2.428195968476718480e+00
4.034903490349034882e+01,6.070081039015452262e+01,2.428111407305832969e+00
4.035403540354035812e+01,6.069993008372423304e+01,2.428026851884217852e+00
4.035903590359036031e+01,6.069905355953816439e+01,2.427942301197405062e+00
4.036403640364036249e+01,6.069818106776277489e+01,2.427857754223363695e+00
4.036903690369037179e+01,6.069731286044014240e+01,2.427773209932499121e+00
4.037403740374037397e+01,6.069644919148800000e+01,2.427688667287655644e+00
4.037903790379038327e+01,6.069559031669968618e+01,2.427604125244111621e+00
4.038403840384038546e+01,6.069473649374418045e+01,2.427519582749584348e+00
4.038903890389038764e+01,6.069388798216608905e+01,2.427435038744227391e+00
4.039403940394039694e+01,6.069304504338566630e+01,2.427350492160631035e+00
4.039903990399039913e+01,6.069220794069877201e+01,2.427265941923822723e+00
4.040404040404040842e+01,6.069137693927691402e+01,2.427181386951266617e+00
4.040904090409041061e+01,6.069055230616721985e+01,2.427096826152864040e+00
4.041404140414041279e+01,6.068973431029247223e+01,2.427012258430953029e+00
4.041904190419042209e+01,6.068892322245105220e+01,2.426927682680308340e+00
4.042404240424042428e+01,6.068811931531698889e+01,2.426843097788142334e+00
4.042904290429043357e+01,6.068732286343995241e+01,2.426758502634103198e+00
4.043404340434043576e+01,6.068653414324521833e+01,2.426673896090277172e+00
4.043904390439043794e+01,6.068575343303371739e+01,2.426589277021186764e+00
4.044404440444044724e+01,6.068498101298199288e+01,2.426504644283790757e+00
4.044904490449044943e+01,6.068421716514223618e+01,2.426419996727486428e+00
4.045404540454045872e+01,6.068346217344225835e+01,2.426335333194106436e+00
4.045904590459046091e+01,6.068271632368550428e+01,2.426250652517921047e+00
4.046404640464046309e+01,6.068197990355104565e+01,2.426165953525637686e+00
4.046904690469047239e+01,6.068125320259359512e+01,2.426081235036400052e+00
4.047404740474047458e+01,6.068053651224349210e+01,2.425996495861789448e+00
4.047904790479048387e+01,6.067983012580670277e+01,2.425911734805823006e+00
4.048404840484048606e+01,6.067913433846482718e+01,2.425826950664955906e+00
4.048904890489048825e+01,6.067844944727509926e+01,2.425742142228079157e+00
4.049404940494049754e+01,6.067777575117037969e+01,2.425657308276522262e+00
4.049904990499049973e+01,6.067711355095915593e+01,2.425572447584049662e+00
4.050405040504050902e+01,6.067646314932556351e+01,2.425487558916863851e+00
4.050905090509051121e+01,6.067582485082935762e+01,2.425402641033604478e+00
4.051405140514051340e+01,6.067519896190591311e+01,2.425317692685347470e+00
4.051905190519052269e+01,6.067458579086626003e+01,2.425232712615605468e+00
4.052405240524052488e+01,6.067398564789704807e+01,2.425147699560328718e+00
4.052905290529053417e+01,6.067339884506053949e+01,2.425062652247903738e+00
4.053405340534053636e+01,6.067282569629466593e+01,2.424977569399154653e+00
4.053905390539053855e+01,6.067226651741296450e+01,2.424892449727341415e+00
4.054405440544054784e+01,6.067172162610459907e+01,2.424807291938162468e+00
4.054905490549055003e+01,6.067119134193438157e+01,2.424722094729751198e+00
4.055405540554055932e+01,6.067067598634274361e+01,2.424636856792679485e+00
4.055905590559056151e+01,6.067017588264575068e+01,2.424551576809955922e+00
4.056405640564056370e+01,6.066969135603510921e+01,2.424466253457024933e+00
4.056905690569057299e+01,6.066922273357813822e+01,2.424380885401768548e+00
4.057405740574057518e+01,6.066877034421779769e+01,2.424295471304505956e+00
4.057905790579058447e+01,6.066833451877268146e+01,2.424210009817993061e+00
4.058405840584058666e+01,6.066791558993701017e+01,2.424124499587422044e+00
4.058905890589058885e+01,6.066751389228063829e+01,2.424038939250423574e+00
4.059405940594059814e+01,6.066712976224904708e+01,2.423953327437062821e+00
4.059905990599060033e+01,6.066676353816335165e+01,2.423867662769844333e+00
4.060406040604060252e+01,6.066641556022030102e+01,2.423781943863708044e+00
4.060906090609061181e+01,6.066608617049227092e+01,2.423696169326030603e+00
4.061406140614061400e+01,6.066577571292726390e+01,2.423610337756627153e+00
4.061906190619062329e+01,6.066548453334891633e+01,2.423524447747747779e+00
4.062406240624062548e+01,6.066521297945651270e+01,2.423438497884081499e+00
4.062906290629062767e+01,6.066496140082494293e+01,2.423352486742751832e+00
4.063406340634063696e+01,6.066473014890474502e+01,2.423266412893321675e+00
4.063906390639063915e+01,6.066451957702208375e+01,2.423180274897788866e+00
4.064406440644064844e+01,6.066433004037874355e+01,2.423094071310589293e+00
4.064906490649065063e+01,6.066416189605215692e+01,2.423007800678595558e+00
4.065406540654065282e+01,6.066401550299537604e+01,2.422921461541116539e+00
4.065906590659066211e+01,6.066389122203709405e+01,2.422835052429898717e+00
4.066406640664066430e+01,6.066378941588162377e+01,2.422748571869125289e+00
4.066906690669067359e+01,6.066371044910892607e+01,2.422662018375416171e+00
4.067406740674067578e+01,6.066365468817456730e+01,2.422575390457827993e+00
4.067906790679067797e+01,6.066362250140976897e+01,2.422488686617855436e+00
4.068406840684068726e+01,6.066361425902136517e+01,2.422401905349428564e+00
4.068906890689068945e+01,6.066363033309183805e+01,2.422315045138915490e+00
4.069406940694069874e+01,6.066367109757928944e+01,2.422228104465120602e+00
4.069906990699070093e+01,6.066373692831746212e+01,2.422141081799285001e+00
4.070407040704070312e+01,6.066382820301570433e+01,2.422053975605087395e+00
4.070907090709071241e+01,6.066394530125903373e+01,2.421966784338642764e+00
4.071407140714071460e+01,6.066408860450807339e+01,2.421879506448503250e+00
4.071907190719072389e+01,6.066425849609908028e+01,2.421792140375658597e+00
4.072407240724072608e+01,6.066445536124394522e+01,2.421704684553533937e+00
4.072907290729072827e+01,6.066467958703019292e+01,2.421617137407992448e+00
4.073407340734073756e+01,6.066493156242098195e+01,2.421529497357334026e+00
4.073907390739073975e+01,6.066521167825509053e+01,2.421441762812295284e+00
4.074407440744074904e+01,6.066552032724693078e+01,2.421353932176049106e+00
4.074907490749075123e+01,6.066585790398656286e+01,2.421266003844207315e+00
4.075407540754075342e+01,6.066622480493964531e+01,2.421177976204815785e+00
4.075907590759076271e+01,6.066662142844750605e+01,2.421089847638359771e+00
4.076407640764076490e+01,6.066704817472707134e+01,2.421001616517760358e+00
4.076907690769077419e+01,6.066750544587091554e+01,2.420913281208375345e+00
4.077407740774077638e+01,6.066799364584724685e+01,2.420824840067999695e+00
4.077907790779077857e+01,6.066851318049989317e+01,2.420736291446865529e+00
4.078407840784078786e+01,6.066906445754831623e+01,2.420647633687641243e+00
4.078907890789079005e+01,6.066964788658761165e+01,2.420558865125432835e+00
4.079407940794079934e+01,6.067026387908850893e+01,2.420469984087782578e+00
4.079907990799080153e+01,6.067091284839736431e+01,2.420380988894669905e+00
4.080408040804080372e+01,6.067159520973616793e+01,2.420291877858511853e+00
4.080908090809081301e+01,6.067231138020252956e+01,2.420202649284161289e+00
4.081408140814081520e+01,6.067306177876971418e+01,2.420113301468908240e+00
4.081908190819082449e+01,6.067384682628659220e+01,2.420023832702479893e+00
4.082408240824082668e+01,6.067466694547768213e+01,2.419934241267040598e+00
4.082908290829082887e+01,6.067552256094312213e+01,2.419844525437190530e+00
4.083408340834083816e+01,6.067641341696833024e+01,2.419754686298348556e+00
4.083908390839084035e+01,6.067732237585033062e+01,2.419664794665952190e+00
4.084408440844084254e+01,6.067824161050564413e+01,2.419574882849114594e+00
4.084908490849085183e+01,6.067917081715106775e+01,2.419484952069341777e+00
4.085408540854085402e+01,6.068010969413845146e+01,2.419395003539463573e+00
4.085908590859086331e+01,6.068105794195472669e+01,2.419305038463630098e+00
4.086408640864086550e+01,6.068201526322187078e+01,2.419215058037313959e+00
4.086908690869086769e+01,6.068298136269694965e+01,2.419125063447308488e+00
4.087408740874087698e+01,6.068395594727208220e+01,2.419035055871729512e+00
4.087908790879087917e+01,6.068493872597445460e+01,2.418945036480014465e+00
4.088408840884088846e+01,6.068592940996632024e+01,2.418855006432922394e+00
4.088908890889089065e+01,6.068692771254499974e+01,2.418764966882533507e+00
4.089408940894089284e+01,6.068793334914288096e+01,2.418674918972250509e+00
4.089908990899090213e+01,6.068894603732741189e+01,2.418584863836797272e+00
4.090409040904090432e+01,6.068996549680110064e+01,2.418494802602219718e+00
4.090909090909091361e+01,6.069099144940154389e+01,2.418404736385885379e+00
4.091409140914091580e+01,6.069202361910138421e+01,2.418314666296482951e+00
4.091909190919091799e+01,6.069306173200833854e+01,2.418224593434023628e+00
4.092409240924092728e+01,6.069410551636519102e+01,2.418134518889839324e+00
4.092909290929092947e+01,6.069515470254977885e+01,2.418044443746584893e+00
4.093409340934093876e+01,6.069620902307502064e+01,2.417954369078235910e+00
4.093909390939094095e+01,6.069726821258889515e+01,2.417864295950089559e+00
4.094409440944094314e+01,6.069833200787444127e+01,2.417774225418765965e+00
4.094909490949095243e+01,6.069940014784977222e+01,2.417684158532205085e+00
4.095409540954095462e+01,6.070047237356806846e+01,2.417594096329669817e+00
4.095909590959096391e+01,6.070154842821757057e+01,2.417504039841744667e+00
4.096409640964096610e+01,6.070262805712158638e+01,2.417413990090336195e+00
4.096909690969096829e+01,6.070371100773848383e+01,2.417323948088670793e+00
4.097409740974097758e+01,6.070479702966171232e+01,2.417233914841298681e+00
4.097909790979097977e+01,6.070588587461977426e+01,2.417143891344090800e+00
4.098409840984098906e+01,6.070697729647623930e+01,2.417053878584239701e+00
4.098909890989099125e+01,6.070807105122974434e+01,2.416963877540260430e+00
4.099409940994099344e+01,6.070916689701400060e+01,2.416873889181988311e+00
4.099909990999100273e+01,6.071026459409777232e+01,2.416783914470581163e+00
4.100410041004100492e+01,6.071136390488489099e+01,2.416693954358519303e+00
4.100910091009101421e+01,6.071246459391426242e+01,2.416604009789602880e+00
4.101410141014101640e+01,6.071356642785985258e+01,2.416514081698955874e+00
4.101910191019101859e+01,6.071466917553070175e+01,2.416424171013022093e+00
4.102410241024102788e+01,6.071577260787090324e+01,2.416334278649567846e+00
4.102910291029103007e+01,6.071687649795961761e+01,2.416244405517681049e+00
4.103410341034103936e+01,6.071798062101108684e+01,2.416154552517772114e+00
4.103910391039104155e+01,6.071908475437459884e+01,2.416064720541571287e+00
4.104410441044104374e+01,6.072018867753451588e+01,2.415974910472132198e+00
4.104910491049105303e+01,6.072129217211027452e+01,2.415885123183829197e+00
4.105410541054105522e+01,6.072239502185637150e+01,2.415795359542359133e+00
4.105910591059106451e+01,6.072349701266235655e+01,2.415705620404740017e+00
4.106410641064106670e+01,6.072459793255286087e+01,2.415615906619311026e+00
4.106910691069106889e+01,6.072569757168758287e+01,2.415526219025734278e+00
4.107410741074107818e+01,6.072679572236127399e+01,2.415436558454992610e+00
4.107910791079108037e+01,6.072789217900376002e+01,2.415346925729390914e+00
4.108410841084108966e+01,6.072898673817993398e+01,2.415257321662555690e+00
4.108910891089109185e+01,6.073007919858974901e+01,2.415167747059435044e+00
4.109410941094109404e+01,6.073116936106822550e+01,2.415078202716299138e+00
4.109910991099110333e+01,6.073225702858545816e+01,2.414988689420738854e+00
4.110411041104110552e+01,6.073334200624660184e+01,2.414899207951668902e+00
4.110911091109110771e+01,6.073442410129187152e+01,2.414809759079322937e+00
4.111411141114111700e+01,6.073550312309654942e+01,2.414720343565257554e+00
4.111911191119111919e+01,6.073657888317099918e+01,2.414630962162352290e+00
4.112411241124112848e+01,6.073765119516063038e+01,2.414541615614806069e+00
4.112911291129113067e+01,6.073871987484592694e+01,2.414452304658141202e+00
4.113411341134113286e+01,6.073978474014244000e+01,2.414363030019200718e+00
4.113911391139114215e+01,6.074084561110078795e+01,2.414273792416149700e+00
4.114411441144114434e+01,6.074190230990664929e+01,2.414184592558475728e+00
4.114911491149115363e+01,6.074295466088076978e+01,2.414095431146986215e+00
4.115411541154115582e+01,6.074400249047896239e+01,2.414006308873811957e+00
4.115911591159115801e+01,6.074504562729211443e+01,2.413917226422404472e+00
4.116411641164116730e+01,6.074608390204615915e+01,2.413828184467537330e+00
4.116911691169116949e+01,6.074711714760211834e+01,2.413739183675306155e+00
4.117411741174117878e+01,6.074814519895606679e+01,2.413650224703127289e+00
4.117911791179118097e+01,6.074916789323913946e+01,2.413561308199739575e+00
4.118411841184118316e+01,6.075018506971755983e+01,2.413472434805203903e+00
4.118911891189119245e+01,6.075119656979259020e+01,2.413383605150901001e+00
4.119411941194119464e+01,6.075220223700057431e+01,2.413294819859535867e+00
4.119911991199120394e+01,6.075320191701292316e+01,2.413206079545132887e+00
4.120412041204120612e+01,6.075419545763610785e+01,2.413117384813039390e+00
4.120912091209120831e+01,6.075518270881165961e+01,2.413028736259924312e+00
4.121412141214121760e+01,6.075616352261619824e+01,2.412940134473778198e+00
4.121912191219121979e+01,6.075713775326137522e+01,2.412851580033912757e+00
4.122412241224122909e+01,6.075810525709394483e+01,2.412763073510961753e+00
4.122912291229123127e+01,6.075906589259570012e+01,2.412674615466881001e+00
4.123412341234123346e+01,6.076001952038350851e+01,2.412586206454947479e+00
4.123912391239124275e+01,6.076096600320930463e+01,2.412497847019760222e+00
4.124412441244124494e+01,6.076190520596009748e+01,2.412409537697239426e+00
4.124912491249125424e+01,6.076283699565794194e+01,2.412321279014627784e+00
4.125412541254125642e+01,6.076376124145997437e+01,2.412233071490489156e+00
4.125912591259125861e+01,6.076467781465838414e+01,2.412144915634709008e+00
4.126412641264126790e+01,6.076558658868045626e+01,2.412056811948494861e+00
4.126912691269127009e+01,6.076648743908850037e+01,2.411968760924375399e+00
4.127412741274127939e+01,6.076738024357992174e+01,2.411880763046201359e+00
4.127912791279128157e+01,6.076826488198717868e+01,2.411792818789145088e+00
4.128412841284128376e+01,6.076914123627779674e+01,2.411704928619700983e+00
4.128912891289129306e+01,6.077000919055437578e+01,2.411617092995684608e+00
4.129412941294129524e+01,6.077086863105456871e+01,2.411529312366233579e+00
4.129912991299130454e+01,6.077171944615110277e+01,2.411441587171806233e+00
4.130413041304130672e+01,6.077256152635177244e+01,2.411353917844184735e+00
4.130913091309130891e+01,6.077339476429943232e+01,2.411266304806470639e+00
4.131413141314131821e+01,6.077421905477200426e+01,2.411178748473087996e+00
4.131913191319132039e+01,6.077503429468248441e+01,2.411091249249783353e+00
4.132413241324132969e+01,6.077584038307891490e+01,2.411003807533623977e+00
4.132913291329133187e+01,6.077663722114442635e+01,2.410916423712999190e+00
4.133413341334133406e+01,6.077742471219720244e+01,2.410829098167619922e+00
4.133913391339134336e+01,6.077820276169050118e+01,2.410741831268518709e+00
4.134413441344134554e+01,6.077897127721263359e+01,2.410654623378050143e+00
4.134913491349134773e+01,6.077973016848698506e+01,2.410567474849889980e+00
4.135413541354135702e+01,6.078047934737200819e+01,2.410480386029036026e+00
4.135913591359135921e+01,6.078121872786122282e+01,2.410393357251807256e+00
4.136413641364136851e+01,6.078194822608320891e+01,2.410306388845845582e+00
4.136913691369137069e+01,6.078266776030161367e+01,2.410219481130113195e+00
4.137413741374137288e+01,6.078337725091514443e+01,2.410132634414895225e+00
4.137913791379138218e+01,6.078407662045759707e+01,2.410045849001796636e+00
4.138413841384138436e+01,6.078476579359780629e+01,2.409959125183746220e+00
4.138913891389139366e+01,6.078544469713968823e+01,2.409872463244993046e+00
4.139413941394139584e+01,6.078611326002221915e+01,2.409785863461108679e+00
4.139913991399139803e+01,6.078677141331944256e+01,2.409699326098986294e+00
4.140414041404140733e+01,6.078741909024046919e+01,2.409612851416839341e+00
4.140914091409140951e+01,6.078805622612946991e+01,2.409526439664205100e+00
4.141414141414141881e+01,6.078868275846569702e+01,2.409440091081941127e+00
4.141914191419142099e+01,6.078929862686344876e+01,2.409353805902227474e+00
4.142414241424142318e+01,6.078990377307210480e+01,2.409267584348564917e+00
4.142914291429143248e+01,6.079049814097610493e+01,2.409181426635777168e+00
4.143414341434143466e+01,6.079108167659494910e+01,2.409095332970008219e+00
4.143914391439144396e+01,6.079165432808321157e+01,2.409009303548725001e+00
4.144414441444144614e+01,6.079221604573052673e+01,2.408923338560715166e+00
4.144914491449144833e+01,6.079276678196159622e+01,2.408837438186089308e+00
4.145414541454145763e+01,6.079330649133620312e+01,2.408751602596277852e+00
4.145914591459145981e+01,6.079383513054916222e+01,2.408665831954035053e+00
4.146414641464146911e+01,6.079435265843039105e+01,2.408580126413434996e+00
4.146914691469147130e+01,6.079485903594484597e+01,2.408494486119874267e+00
4.147414741474147348e+01,6.079535422619257190e+01,2.408408911210071501e+00
4.147914791479148278e+01,6.079583819440865256e+01,2.408323401812066056e+00
4.148414841484148496e+01,6.079631090796326021e+01,2.408237958045220228e+00
4.148914891489149426e+01,6.079677233636162725e+01,2.408152580020217037e+00
4.149414941494149645e+01,6.079722245124403912e+01,2.408067267839061554e+00
4.149914991499149863e+01,6.079766122638587689e+01,2.407982021595080013e+00
4.150415041504150793e+01,6.079808863769755334e+01,2.407896841372921148e+00
4.150915091509151011e+01,6.079850466322456981e+01,2.407811727248554856e+00
4.151415141514151941e+01,6.079890928314748777e+01,2.407726679289273086e+00
4.151915191519152160e+01,6.079930247978192881e+01,2.407641697553688953e+00
4.152415241524152378e+01,6.079968423757858886e+01,2.407556782091738068e+00
4.152915291529153308e+01,6.080005454312321689e+01,2.407471932944676762e+00
4.153415341534153526e+01,6.080041338513665039e+01,2.407387150145083865e+00
4.153915391539154456e+01,6.080076075447477280e+01,2.407302433716859369e+00
4.154415441544154675e+01,6.080109664412853476e+01,2.407217783675225320e+00
4.154915491549154893e+01,6.080142104922396840e+01,2.407133200026725373e+00
4.155415541554155823e+01,6.080173396702215882e+01,2.407048682769223902e+00
4.155915591559156042e+01,6.080203539691925130e+01,2.406964231891909112e+00
4.156415641564156971e+01,6.080232534044647252e+01,2.406879847375288595e+00
4.156915691569157190e+01,6.080260380127010222e+01,2.406795529191193772e+00
4.157415741574157408e+01,6.080287078519150157e+01,2.406711277302775454e+00
4.157915791579158338e+01,6.080312630014707764e+01,2.406627091664507834e+00
4.158415841584158557e+01,6.080337035620831898e+01,2.406542972222186716e+00
4.158915891589158775e+01,6.080360296558177424e+01,2.406458918912928624e+00
4.159415941594159705e+01,6.080382414260905932e+01,2.406374931665172134e+00
4.159915991599159923e+01,6.080403390376685735e+01,2.406291010398678321e+00
4.160416041604160853e+01,6.080423226766690448e+01,2.406207155024528976e+00
4.160916091609161072e+01,6.080441925505602541e+01,2.406123365445128393e+00
4.161416141614161290e+01,6.080459488881609786e+01,2.406039641554201580e+00
4.161916191619162220e+01,6.080475919396405970e+01,2.405955983236795603e+00
4.162416241624162438e+01,6.080491219765192312e+01,2.405872390369279579e+00
4.162916291629163368e+01,6.080505392916676755e+01,2.405788862819344232e+00
4.163416341634163587e+01,6.080518441993073964e+01,2.405705400446001896e+00
4.163916391639163805e+01,6.080530370350103908e+01,2.405622003099586070e+00
4.164416441644164735e+01,6.080541181556993990e+01,2.405538670621752750e+00
4.164916491649164954e+01,6.080550879396479047e+01,2.405455402845479540e+00
4.165416541654165883e+01,6.080559467864799217e+01,2.405372199595064764e+00
4.165916591659166102e+01,6.080566951171702073e+01,2.405289060686129687e+00
4.166416641664166320e+01,6.080573333740441200e+01,2.405205985925616741e+00
4.166916691669167250e+01,6.080578620207776908e+01,2.405122975111789518e+00
4.167416741674167469e+01,6.080582815423975518e+01,2.405040028034234112e+00
4.167916791679168398e+01,6.080585924452812208e+01,2.404957144473857777e+00
4.168416841684168617e+01,6.080587952571566035e+01,2.404874324202890268e+00
4.168916891689168835e+01,6.080588905271023492e+01,2.404791566984881612e+00
4.169416941694169765e+01,6.080588788255479216e+01,2.404708872574705225e+00
4.169916991699169984e+01,6.080587607442731723e+01,2.404626240718554353e+00
4.170417041704170913e+01,6.080585368964088389e+01,2.404543671153945628e+00
4.170917091709171132e+01,6.080582079164362597e+01,2.404461163609716401e+00
4.171417141714171350e+01,6.080577744601873746e+01,2.404378717806026078e+00
4.171917191719172280e+01,6.080572372048447960e+01,2.404296333454355672e+00
4.172417241724172499e+01,6.080565968489418083e+01,2.404214010257507805e+00
4.172917291729173428e+01,6.080558541123624394e+01,2.404131747909606265e+00
4.173417341734173647e+01,6.080550097363411766e+01,2.404049546096098222e+00
4.173917391739173866e+01,6.080540644834633923e+01,2.403967404493750237e+00
4.174417441744174795e+01,6.080530191376649896e+01,2.403885322770652255e+00
4.174917491749175014e+01,6.080518745042325435e+01,2.403803300586215830e+00
4.175417541754175943e+01,6.080506314098033016e+01,2.403721337591173235e+00
4.175917591759176162e+01,6.080492907023652549e+01,2.403639433427578798e+00
4.176417641764176381e+01,6.080478532512567824e+01,2.403557587728808898e+00
4.176917691769177310e+01,6.080463199471672908e+01,2.403475800119561523e+00
4.177417741774177529e+01,6.080446917021365749e+01,2.403394070215856271e+00
4.177917791779178458e+01,6.080429694495551729e+01,2.403312397625034347e+00
4.178417841784178677e+01,6.080411541441643664e+01,2.403230781945758565e+00
4.178917891789178896e+01,6.080392467620559671e+01,2.403149222768013349e+00
4.179417941794179825e+01,6.080372483006724593e+01,2.403067719673105618e+00
4.179917991799180044e+01,6.080351597788070706e+01,2.402986272233662568e+00
4.180418041804180973e+01,6.080329822366036296e+01,2.402904880013634337e+00
4.180918091809181192e+01,6.080307167355566378e+01,2.402823542568292225e+00
4.181418141814181411e+01,6.080283643585112685e+01,2.402742259444229589e+00
4.181918191819182340e+01,6.080259262096632966e+01,2.402661030179360946e+00
4.182418241824182559e+01,6.080234034145593114e+01,2.402579854302922424e+00
4.182918291829182778e+01,6.080207971200962902e+01,2.402498731335472648e+00
4.183418341834183707e+01,6.080181084945221670e+01,2.402417660788890963e+00
4.183918391839183926e+01,6.080153387274352639e+01,2.402336642166379210e+00
4.184418441844184855e+01,6.080124890297847884e+01,2.402255674962460841e+00
4.184918491849185074e+01,6.080095606338705494e+01,2.402174758662980025e+00
4.185418541854185293e+01,6.080065547933428860e+01,2.402093892745103876e+00
4.185918591859186222e+01,6.080034727832029517e+01,2.402013076677320225e+00
4.186418641864186441e+01,6.080003158998024304e+01,2.401932309919439401e+00
4.186918691869187370e+01,6.079970854608438202e+01,2.401851591922592899e+00
4.187418741874187589e+01,6.079937828053802207e+01,2.401770922129234265e+00
4.187918791879187808e+01,6.079904092938151905e+01,2.401690299973138210e+00
4.188418841884188737e+01,6.079869663079032449e+01,2.401609724879401497e+00
4.188918891889188956e+01,6.079834552507494294e+01,2.401529196264442501e+00
4.189418941894189885e+01,6.079798775468094618e+01,2.401448713536001200e+00
4.189918991899190104e+01,6.079762346418895902e+01,2.401368276093139631e+00
4.190419041904190323e+01,6.079725280031470191e+01,2.401287883326241435e+00
4.190919091909191252e+01,6.079687591190893414e+01,2.401207534617010975e+00
4.191419141914191471e+01,6.079649294995748221e+01,2.401127229338475999e+00
4.191919191919192400e+01,6.079610406758126118e+01,2.401046966854984532e+00
4.192419241924192619e+01,6.079570942003623202e+01,2.400966746522206652e+00
4.192919291929192838e+01,6.079530916471342294e+01,2.400886567687134487e+00
4.193419341934193767e+01,6.079490346113893651e+01,2.400806429688081778e+00
4.193919391939193986e+01,6.079449247097393538e+01,2.400726331854683426e+00
4.194419441944194915e+01,6.079407635801464949e+01,2.400646273507896833e+00
4.194919491949195134e+01,6.079365528819237596e+01,2.400566253960000118e+00
4.195419541954195353e+01,6.079322942957347919e+01,2.400486272514593900e+00
4.195919591959196282e+01,6.079279895235937659e+01,2.400406328466600403e+00
4.196419641964196501e+01,6.079236402888657409e+01,2.400326421102263463e+00
4.196919691969197430e+01,6.079192483362662358e+01,2.400246549699147636e+00
4.197419741974197649e+01,6.079148154318615838e+01,2.400166713526140860e+00
4.197919791979197868e+01,6.079103433630685771e+01,2.400086911843451798e+00
4.198419841984198797e+01,6.079058339386548937e+01,2.400007143902610718e+00
4.198919891989199016e+01,6.079012889887387416e+01,2.399927408946469498e+00
4.199419941994199945e+01,6.078967103647890013e+01,2.399847706209202514e+00
4.199919991999200164e+01,6.078920999396252967e+01,2.399768034916305304e+00
4.200420042004200383e+01,6.078874596074177106e+01,2.399688394284595017e+00
4.200920092009201312e+01,6.078827912836871405e+01,2.399608783522209965e+00
4.201420142014201531e+01,6.078780969053052274e+01,2.399529201828611846e+00
4.201920192019202460e+01,6.078733784304940713e+01,2.399449648394581747e+00
4.202420242024202679e+01,6.078686378388265865e+01,2.399370122402225025e+00
4.202920292029202898e+01,6.078638771312261468e+01,2.399290623024965985e+00
4.203420342034203827e+01,6.078590983299670825e+01,2.399211149427552758e+00
4.203920392039204046e+01,6.078543034786741117e+01,2.399131700766054642e+00
4.204420442044204975e+01,6.078494946423227674e+01,2.399052276187861654e+00
4.204920492049205194e+01,6.078446739072391836e+01,2.398972874831686308e+00
4.205420542054205413e+01,6.078398433811001667e+01,2.398893495827563171e+00
4.205920592059206342e+01,6.078350051929331244e+01,2.398814138296847975e+00
4.206420642064206561e+01,6.078301614931162788e+01,2.398734801352218060e+00
4.206920692069206780e+01,6.078253144533783825e+01,2.398655484097672375e+00
4.207420742074207709e+01,6.078204662667988600e+01,2.398576185628532365e+00
4.207920792079207928e+01,6.078156191478078085e+01,2.398496905031440196e+00
4.208420842084208857e+01,6.078107753321859263e+01,2.398417641384360088e+00
4.208920892089209076e+01,6.078059370770647973e+01,2.398338393756577869e+00
4.209420942094209295e+01,6.078011066609263935e+01,2.398259161208701862e+00
4.209920992099210224e+01,6.077962863836034302e+01,2.398179942792660668e+00
4.210421042104210443e+01,6.077914785662792951e+01,2.398100737551705386e+00
4.210921092109211372e+01,6.077866855514881195e+01,2.398021544520408721e+00
4.211421142114211591e+01,6.077819097031146356e+01,2.397942362724665433e+00
4.211921192119211810e+01,6.077771534063941061e+01,2.397863191181691445e+00
4.212421242124212739e+01,6.077724190679126792e+01,2.397784028900023845e+00
4.212921292129212958e+01,6.077677091156069622e+01,2.397704874879523107e+00
4.213421342134213887e+01,6.077630259987643768e+01,2.397625728111369536e+00
4.213921392139214106e+01,6.077583721880229461e+01,2.397546587578066823e+00
4.214421442144214325e+01,6.077537501753712235e+01,2.397467452253438491e+00
4.214921492149215254e+01,6.077491624741486476e+01,2.397388321102631448e+00
4.215421542154215473e+01,6.077446116190451875e+01,2.397309193082112877e+00
4.215921592159216402e+01,6.077401001661014135e+01,2.397230067139673348e+00
4.216421642164216621e+01,6.077356306927087815e+01,2.397150942214423264e+00
4.216921692169216840e+01,6.077312057976092063e+01,2.397071817236796409e+00
4.217421742174217769e+01,6.077268281008952044e+01,2.396992691128546404e+00
4.217921792179217988e+01,6.077225002440101775e+01,2.396913562802750253e+00
4.218421842184218917e+01,6.077182248897480576e+01,2.396834431163805679e+00
4.218921892189219136e+01,6.077140047222534491e+01,2.396755295107432904e+00
4.219421942194219355e+01,6.077098424470216287e+01,2.396676153520672869e+00
4.219921992199220284e+01,6.077057407908984032e+01,2.396597005281888570e+00
4.220422042204220503e+01,6.077017025020805363e+01,2.396517849260765054e+00
4.220922092209221432e+01,6.076977303501151084e+01,2.396438684318308976e+00
4.221422142214221651e+01,6.076938271259001567e+01,2.396359509306847713e+00
4.221922192219221870e+01,6.076899956416841775e+01,2.396280323070032026e+00
4.222422242224222799e+01,6.076862387310663394e+01,2.396201124442832953e+00
4.222922292229223018e+01,6.076825592489966255e+01,2.396121912251543584e+00
4.223422342234223947e+01,6.076789600717754780e+01,2.396042685313779064e+00
4.223922392239224166e+01,6.076754440970541538e+01,2.395963442438476143e+00
4.224422442244224385e+01,6.076720142438345817e+01,2.395884182425892739e+00
4.224922492249225314e+01,6.076686734524690792e+01,2.395804904067609264e+00
4.225422542254225533e+01,6.076654246846609908e+01,2.395725606146526854e+00
4.225922592259226462e+01,6.076622709234641206e+01,2.395646287436869137e+00
4.226422642264226681e+01,6.076592151732828739e+01,2.395566946704181355e+00
4.226922692269226900e+01,6.076562604598725414e+01,2.395487582705329910e+00
4.227422742274227829e+01,6.076534098303388021e+01,2.395408194188503259e+00
4.227922792279228048e+01,6.076506663531382202e+01,2.395328779893211468e+00
4.228422842284228977e+01,6.076480331180779615e+01,2.395249338550286655e+00
4.228922892289229196e+01,6.076455132363156508e+01,2.395169868881882103e+00
4.229422942294229415e+01,6.076431098403599407e+01,2.395090369601472702e+00
4.229922992299230344e+01,6.076408260840698006e+01,2.395010839413855397e+00
4.230423042304230563e+01,6.076386651426550145e+01,2.394931277015149629e+00
4.230923092309230782e+01,6.076366302126760388e+01,2.394851681092794227e+00
4.231423142314231711e+01,6.076347245120440022e+01,2.394772050325552293e+00
4.231923192319231930e+01,6.076329512800205634e+01,2.394692383383506762e+00
4.232423242324232859e+01,6.076313137772181960e+01,2.394612678928063065e+00
4.232923292329233078e+01,6.076298152855999746e+01,2.394532935611948243e+00
4.233423342334233297e+01,6.076284591084795039e+01,2.394453152079210945e+00
4.233923392339234226e+01,6.076272485705213455e+01,2.394373326965221871e+00
4.234423442344234445e+01,6.076261870177403779e+01,2.394293458896672444e+00
4.234923492349235374e+01,6.076252778175024361e+01,2.394213546491577027e+00
4.235423542354235593e+01,6.076245243585238143e+01,2.394133588359270703e+00
4.235923592359235812e+01,6.076239300508714791e+01,2.394053583100410609e+00
4.236423642364236741e+01,6.076234983259632116e+01,2.393973529306975934e+00
4.236923692369236960e+01,6.076232326365673231e+01,2.393893425562266586e+00
4.237423742374237889e+01,6.076231364568027971e+01,2.393813270440904972e+00
4.237923792379238108e+01,6.076232132821393606e+01,2.393733062508835108e+00
4.238423842384238327e+01,6.076234666293971998e+01,2.393652800323322616e+00
4.238923892389239256e+01,6.076239000367473153e+01,2.393572482432954285e+00
4.239423942394239475e+01,6.076245170637114512e+01,2.393492107377639844e+00
4.239923992399240404e+01,6.076253212911618107e+01,2.393411673688608854e+00
4.240424042404240623e+01,6.076263163213214114e+01,2.393331179888414706e+00
4.240924092409240842e+01,6.076275057777638011e+01,2.393250624490931067e+00
4.241424142414241771e+01,6.076288933054132713e+01,2.393170006001353212e+00
4.241924192419241990e+01,6.076304825705447854e+01,2.393089322916199357e+00
4.242424242424242919e+01,6.076322772607839084e+01,2.393008573723307553e+00
4.242924292429243138e+01,6.076342810851068776e+01,2.392927756901839231e+00
4.243424342434243357e+01,6.076364977738406026e+01,2.392846870922276992e+00
4.243924392439244286e+01,6.076389310786627362e+01,2.392765914246424153e+00
4.244424442444244505e+01,6.076415847726013908e+01,2.392684885327407418e+00
4.244924492449245434e+01,6.076444626500355639e+01,2.392603782609673768e+00
4.245424542454245653e+01,6.076475685266947124e+01,2.392522604528992680e+00
4.245924592459245872e+01,6.076509062396590366e+01,2.392441349512454796e+00
4.246424642464246801e+01,6.076544796473594801e+01,2.392360015978472809e+00
4.246924692469247020e+01,6.076582926295775167e+01,2.392278602336781468e+00
4.247424742474247950e+01,6.076623490874453637e+01,2.392197106988436239e+00
4.247924792479248168e+01,6.076666529434458397e+01,2.392115528325814644e+00
4.248424842484248387e+01,6.076712081414124356e+01,2.392033864732616255e+00
4.248924892489249316e+01,6.076760186465293856e+01,2.391952114583862254e+00
4.249424942494249535e+01,6.076810884453313832e+01,2.391870276245894988e+00
4.249924992499250465e+01,6.076864215457040075e+01,2.391788348076378856e+00
4.250425042504250683e+01,6.076920219768833675e+01,2.391706328424300754e+00
4.250925092509250902e+01,6.076978493712066864e+01,2.391624234099830826e+00
4.251425142514251831e+01,6.077037487345427280e+01,2.391542129550815243e+00
4.251925192519252050e+01,6.077097048387049227e+01,2.391460021077519205e+00
4.252425242524252980e+01,6.077157159700909261e+01,2.391377909359560405e+00
4.252925292529253198e+01,6.077217804271982970e+01,2.391295795071702202e+00
4.253425342534253417e+01,6.077278965206249239e+01,2.391213678883853611e+00
4.253925392539254347e+01,6.077340625730684565e+01,2.391131561461068422e+00
4.254425442544254565e+01,6.077402769193268739e+01,2.391049443463546975e+00
4.254925492549254784e+01,6.077465379062980588e+01,2.390967325546633937e+00
4.255425542554255713e+01,6.077528438929802235e+01,2.390885208360820524e+00
4.255925592559255932e+01,6.077591932504712702e+01,2.390803092551742282e+00
4.256425642564256862e+01,6.077655843619696441e+01,2.390720978760181303e+00
4.256925692569257080e+01,6.077720156227734805e+01,2.390638867622064456e+00
4.257425742574257299e+01,6.077784854402811732e+01,2.390556759768464712e+00
4.257925792579258228e+01,6.077849922339912325e+01,2.390474655825599370e+00
4.258425842584258447e+01,6.077915344355022143e+01,2.390392556414833169e+00
4.258925892589259377e+01,6.077981104885127195e+01,2.390310462152673843e+00
4.259425942594259595e+01,6.078047188488213948e+01,2.390228373650776561e+00
4.259925992599259814e+01,6.078113579843270031e+01,2.390146291515940824e+00
4.260426042604260743e+01,6.078180263750285661e+01,2.390064216350112236e+00
4.260926092609260962e+01,6.078247225130248665e+01,2.389982148750382507e+00
4.261426142614261892e+01,6.078314449025150168e+01,2.389900089308986342e+00
4.261926192619262110e+01,6.078381920597981036e+01,2.389818038613307216e+00
4.262426242624262329e+01,6.078449625132732592e+01,2.389735997245871157e+00
4.262926292629263259e+01,6.078517548034398743e+01,2.389653965784351630e+00
4.263426342634263477e+01,6.078585674828971719e+01,2.389571944801566872e+00
4.263926392639264407e+01,6.078653991163447046e+01,2.389489934865480336e+00
4.264426442644264625e+01,6.078722482805819283e+01,2.389407936539201582e+00
4.264926492649264844e+01,6.078791135645083443e+01,2.389325950380984942e+00
4.265426542654265774e+01,6.078859935691238547e+01,2.389243976944230408e+00
4.265926592659265992e+01,6.078928869075279806e+01,2.389162016777484077e+00
4.266426642664266922e+01,6.078997922049207148e+01,2.389080070424436819e+00
4.266926692669267140e+01,6.079067080986019533e+01,2.388998138423925166e+00
4.267426742674267359e+01,6.079136332379716379e+01,2.388916221309930865e+00
4.267926792679268289e+01,6.079205662845298974e+01,2.388834319611581769e+00
4.268426842684268507e+01,6.079275059118769065e+01,2.388752433853150947e+00
4.268926892689269437e+01,6.079344508057128849e+01,2.388670564554056241e+00
4.269426942694269655e+01,6.079413996638381690e+01,2.388588712228862487e+00
4.269926992699269874e+01,6.079483511961531406e+01,2.388506877387278404e+00
4.270427042704270804e+01,6.079553041246583689e+01,2.388425060534158817e+00
4.270927092709271022e+01,6.079622571834543265e+01,2.388343262169504211e+00
4.271427142714271952e+01,6.079692091187416736e+01,2.388261482788460732e+00
4.271927192719272171e+01,6.079761586888212577e+01,2.388179722881319300e+00
4.272427242724272389e+01,6.079831046640937586e+01,2.388097982933516938e+00
4.272927292729273319e+01,6.079900458270601860e+01,2.388016263425635000e+00
4.273427342734273537e+01,6.079969809723214524e+01,2.387934564833402717e+00
4.273927392739274467e+01,6.080039089065785873e+01,2.387852887627691878e+00
4.274427442744274686e+01,6.080108284486328074e+01,2.387771232274521704e+00
4.274927492749274904e+01,6.080177384293853038e+01,2.387689599235056193e+00
4.275427542754275834e+01,6.080246376918373130e+01,2.387607988965604555e+00
4.275927592759276052e+01,6.080315250910903302e+01,2.387526401917622998e+00
4.276427642764276982e+01,6.080383994943457537e+01,2.387444838537710723e+00
4.276927692769277201e+01,6.080452597809051696e+01,2.387363299267614813e+00
4.277427742774277419e+01,6.080521048421701380e+01,2.387281784544225793e+00
4.277927792779278349e+01,6.080589335816424779e+01,2.387200294799581179e+00
4.278427842784278567e+01,6.080657449149238403e+01,2.387118830460863705e+00
4.278927892789278786e+01,6.080725377697162060e+01,2.387037391950400433e+00
4.279427942794279716e+01,6.080793110858215300e+01,2.386955979685664975e+00
4.279927992799279934e+01,6.080860638151417419e+01,2.386874594079276601e+00
4.280428042804280864e+01,6.080927949216791006e+01,2.386793235538998914e+00
4.280928092809281083e+01,6.080995033815356976e+01,2.386711904467742507e+00
4.281428142814281301e+01,6.081061881829138116e+01,2.386630601263562301e+00
4.281928192819282231e+01,6.081128483261158379e+01,2.386549326319658437e+00
4.282428242824282449e+01,6.081194828235442174e+01,2.386468080024378047e+00
4.282928292829283379e+01,6.081260906997015070e+01,2.386386862761212146e+00
4.283428342834283598e+01,6.081326709911902384e+01,2.386305674908798302e+00
4.283928392839283816e+01,6.081392227467131306e+01,2.386224516840918852e+00
4.284428442844284746e+01,6.081457450270729481e+01,2.386143388926501796e+00
4.284928492849284964e+01,6.081522369051725718e+01,2.386062291529621238e+00
4.285428542854285894e+01,6.081586974660148570e+01,2.385981225009495166e+00
4.285928592859286113e+01,6.081651258067028465e+01,2.385900189720489450e+00
4.286428642864286331e+01,6.081715210364396285e+01,2.385819186012112958e+00
4.286928692869287261e+01,6.081778822765284076e+01,2.385738214229021548e+00
4.287428742874287479e+01,6.081842086603724340e+01,2.385657274711016296e+00
4.287928792879288409e+01,6.081904993334750031e+01,2.385576367793043051e+00
4.288428842884288628e+01,6.081967534534395980e+01,2.385495493805194656e+00
4.288928892889288846e+01,6.082029701899696050e+01,2.385414653072707392e+00
4.289428942894289776e+01,6.082091487248687400e+01,2.385333845915964535e+00
4.289928992899289995e+01,6.082152882520405512e+01,2.385253072650494577e+00
4.290429042904290924e+01,6.082213879774888454e+01,2.385172333586970783e+00
4.290929092909291143e+01,6.082274471193173326e+01,2.385091629031212968e+00
4.291429142914291361e+01,6.082334649077301236e+01,2.385010959284185272e+00
4.291929192919292291e+01,6.082394405850310193e+01,2.384930324641997945e+00
4.292429242924292510e+01,6.082453734056242212e+01,2.384849725395906894e+00
4.292929292929293439e+01,6.082512626360137631e+01,2.384769161832313245e+00
4.293429342934293658e+01,6.082571075548039374e+01,2.384688634232763338e+00
4.293929392939293876e+01,6.082629074526990109e+01,2.384608142873949177e+00
4.294429442944294806e+01,6.082686616325034379e+01,2.384527688027708869e+00
4.294929492949295025e+01,6.082743694091216469e+01,2.384447269961024407e+00
4.295429542954295954e+01,6.082800301095581830e+01,2.384366888936025219e+00
4.295929592959296173e+01,6.082856430729177077e+01,2.384286545209985064e+00
4.296429642964296391e+01,6.082912076504049992e+01,2.384206239035323360e+00
4.296929692969297321e+01,6.082967232053247386e+01,2.384125970659604299e+00
4.297429742974297540e+01,6.083021891130818659e+01,2.384045740325539064e+00
4.297929792979298469e+01,6.083076047611813664e+01,2.383965548270983170e+00
4.298429842984298688e+01,6.083129695492281996e+01,2.383885394728938234e+00
4.298929892989298907e+01,6.083182828889275839e+01,2.383805279927550647e+00
4.299429942994299836e+01,6.083235442040846408e+01,2.383725204090112904e+00
4.299929992999300055e+01,6.083287529306047503e+01,2.383645167435062273e+00
4.300430043004300984e+01,6.083339085164931959e+01,2.383565170175982573e+00
4.300930093009301203e+01,6.083390104218554484e+01,2.383485212521601948e+00
4.301430143014301422e+01,6.083440581188970953e+01,2.383405294675795094e+00
4.301930193019302351e+01,6.083490510919236272e+01,2.383325416837581479e+00
4.302430243024302570e+01,6.083539888373408644e+01,2.383245579201125786e+00
4.302930293029302788e+01,6.083588708636545306e+01,2.383165781955739249e+00
4.303430343034303718e+01,6.083636966914704658e+01,2.383086025285876985e+00
4.303930393039303937e+01,6.083684658534946266e+01,2.383006309371141107e+00
4.304430443044304866e+01,6.083731778945330149e+01,2.382926634386278497e+00
4.304930493049305085e+01,6.083778323714917491e+01,2.382847000501181700e+00
4.305430543054305303e+01,6.083824288533769931e+01,2.382767407880888921e+00
4.305930593059306233e+01,6.083869669212950271e+01,2.382687856685582695e+00
4.306430643064306452e+01,6.083914461684521058e+01,2.382608347070592547e+00
4.306930693069307381e+01,6.083958662001548134e+01,2.382528879186392334e+00
4.307430743074307600e+01,6.084002266338095666e+01,2.382449453178602461e+00
4.307930793079307819e+01,6.084045270989229692e+01,2.382370069187988104e+00
4.308430843084308748e+01,6.084087672371016708e+01,2.382290727350459658e+00
4.308930893089308967e+01,6.084129467020523663e+01,2.382211427797073622e+00
4.309430943094309896e+01,6.084170651595820090e+01,2.382132170654031267e+00
4.309930993099310115e+01,6.084211222875974556e+01,2.382052956042680414e+00
4.310431043104310334e+01,6.084251177761056795e+01,2.381973784079513656e+00
4.310931093109311263e+01,6.084290513272137702e+01,2.381894654876168360e+00
4.311431143114311482e+01,6.084329226551289338e+01,2.381815568539428885e+00
4.311931193119312411e+01,6.084367314861582798e+01,2.381736525171223917e+00
4.312431243124312630e+01,6.084404775587093184e+01,2.381657524868628251e+00
4.312931293129312849e+01,6.084441606232892497e+01,2.381578567723861894e+00
4.313431343134313778e+01,6.084477804425056746e+01,2.381499653824289631e+00
4.313931393139313997e+01,6.084513367910660975e+01,2.381420783252423679e+00
4.314431443144314926e+01,6.084548294557782100e+01,2.381341956085919254e+00
4.314931493149315145e+01,6.084582582355497493e+01,2.381263172397578565e+00
4.315431543154315364e+01,6.084616229413884980e+01,2.381184432255349925e+00
4.315931593159316293e+01,6.084649233964022841e+01,2.381105735722324646e+00
4.316431643164316512e+01,6.084681594357991941e+01,2.381027082856742361e+00
4.316931693169317441e+01,6.084713309068871467e+01,2.380948473711985702e+00
4.317431743174317660e+01,6.084744376690743906e+01,2.380869908336585183e+00
4.317931793179317879e+01,6.084774795938690772e+01,2.380791386774214313e+00
4.318431843184318808e+01,6.084804565648794750e+01,2.380712909063694038e+00
4.318931893189319027e+01,6.084833684778140395e+01,2.380634475238990078e+00
4.319431943194319956e+01,6.084862152404812008e+01,2.380556085329213367e+00
4.319931993199320175e+01,6.084889967727894344e+01,2.380477739358620504e+00
4.320432043204320394e+01,6.084917130067474744e+01,2.380399437346613301e+00
4.320932093209321323e+01,6.084943638864638871e+01,2.380321179307739676e+00
4.321432143214321542e+01,6.084969493681475683e+01,2.380242965251692766e+00
4.321932193219322471e+01,6.084994694201073173e+01,2.380164795183310922e+00
4.322432243224322690e+01,6.085019240227521209e+01,2.380086669102578156e+00
4.322932293229322909e+01,6.085043131685910112e+01,2.380008587004623699e+00
4.323432343234323838e+01,6.085066368622329946e+01,2.379930548879722885e+00
4.323932393239324057e+01,6.085088951203874075e+01,2.379852554713295820e+00
4.324432443244324986e+01,6.085110879718633470e+01,2.379774604485908274e+00
4.324932493249325205e+01,6.085132154575703822e+01,2.379696698173272118e+00
4.325432543254325424e+01,6.085152776305177724e+01,2.379618835746243555e+00
4.325932593259326353e+01,6.085172745558150353e+01,2.379541017170825334e+00
4.326432643264326572e+01,6.085192063106718763e+01,2.379463242408164980e+00
4.326932693269326791e+01,6.085210729843979038e+01,2.379385511414555676e+00
4.327432743274327720e+01,6.085228746784028431e+01,2.379307824141435823e+00
4.327932793279327939e+01,6.085246115061966066e+01,2.379230180535390815e+00
4.328432843284328868e+01,6.085262835933890813e+01,2.379152580538148598e+00
4.328932893289329087e+01,6.085278910776902705e+01,2.379075024086585888e+00
4.329432943294329306e+01,6.085294341089102943e+01,2.378997511112722396e+00
4.329932993299330235e+01,6.085309128489592467e+01,2.378920041543723940e+00
4.330433043304330454e+01,6.085323274718474096e+01,2.378842615301902885e+00
4.330933093309331383e+01,6.085336781636851100e+01,2.378765232304715482e+00
4.331433143314331602e+01,6.085349651226827206e+01,2.378687892464764975e+00
4.331933193319331821e+01,6.085361885591508013e+01,2.378610595689798934e+00
4.332433243324332750e+01,6.085373486954998867e+01,2.378533341882710150e+00
4.332933293329332969e+01,6.085384457662405566e+01,2.378456130941538849e+00
4.333433343334333898e+01,6.085394800179837205e+01,2.378378962759468251e+00
4.333933393339334117e+01,6.085404517094399779e+01,2.378301837224828574e+00
4.334433443344334336e+01,6.085413611114204002e+01,2.378224754221095694e+00
4.334933493349335265e+01,6.085422085068358911e+01,2.378147713626889370e+00
4.335433543354335484e+01,6.085429941906975415e+01,2.378070715315976358e+00
4.335933593359336413e+01,6.085437184701164171e+01,2.377993759157268627e+00
4.336433643364336632e+01,6.085443816643037707e+01,2.377916845014823366e+00
4.336933693369336851e+01,6.085449841045709718e+01,2.377839972747842978e+00
4.337433743374337780e+01,6.085455261343293643e+01,2.377763142210675529e+00
4.337933793379337999e+01,6.085460081090903373e+01,2.377686353252815188e+00
4.338433843384338928e+01,6.085464303964656096e+01,2.377609605718900454e+00
4.338933893389339147e+01,6.085467933761665904e+01,2.377532899448715931e+00
4.339433943394339366e+01,6.085470974400051603e+01,2.377456234277192326e+00
4.339933993399340295e+01,6.085473429918930321e+01,2.377379610034404234e+00
4.340434043404340514e+01,6.085475304478421066e+01,2.377303026545573239e+00
4.340934093409341443e+01,6.085476602359643294e+01,2.377226483631065701e+00
4.341434143414341662e+01,6.085477327964717631e+01,2.377149981106393639e+00
4.341934193419341881e+01,6.085477485816764442e+01,2.377073518782214290e+00
4.342434243424342810e+01,6.085477080559905971e+01,2.376997096464330106e+00
4.342934293429343029e+01,6.085476116959265624e+01,2.376920713953690090e+00
4.343434343434343958e+01,6.085474599900966552e+01,2.376844371046388016e+00
4.343934393439344177e+01,6.085472534392133070e+01,2.376768067533662876e+00
4.344434443444344396e+01,6.085469925560890658e+01,2.376691803201899766e+00
4.344934493449345325e+01,6.085466778656364539e+01,2.376615577832628556e+00
4.345434543454345544e+01,6.085463099048682523e+01,2.376539391202525220e+00
4.345934593459346473e+01,6.085458892228972161e+01,2.376463243083410504e+00
4.346434643464346692e+01,6.085454163809362171e+01,2.376387133242251704e+00
4.346934693469346911e+01,6.085448919522980304e+01,2.376311061441160888e+00
4.347434743474347840e+01,6.085443165223958317e+01,2.376235027437394898e+00
4.347934793479348059e+01,6.085436906887427000e+01,2.376159030983357567e+00
4.348434843484348988e+01,6.085430150609516886e+01,2.376083071826597060e+00
4.348934893489349207e+01,6.085422902607361806e+01,2.376007149709807642e+00
4.349434943494349426e+01,6.085415169219093912e+01,2.375931264370828355e+00
4.349934993499350355e+01,6.085406956903848652e+01,2.375855415542644788e+00
4.350435043504350574e+01,6.085398272241759798e+01,2.375779602953386860e+00
4.350935093509350793e+01,6.085389121933963708e+01,2.375703826326331036e+00
4.351435143514351722e+01,6.085379512802597191e+01,2.375628085379897669e+00
4.351935193519351941e+01,6.085369451790797513e+01,2.375552379827654992e+00
4.352435243524352870e+01,6.085358945962703103e+01,2.375476709378314233e+00
4.352935293529353089e+01,6.085348002503452136e+01,2.375401073735733615e+00
4.353435343534353308e+01,6.085336628719185370e+01,2.375325472598916132e+00
4.353935393539354237e+01,6.085324832037043308e+01,2.375249905662010885e+00
4.354435443544354456e+01,6.085312620005166906e+01,2.375174372614311746e+00
4.354935493549355385e+01,6.085300000292698996e+01,2.375098873140258693e+00
4.355435543554355604e+01,6.085286980689782155e+01,2.375023406919436919e+00
4.355935593559355823e+01,6.085273569107561542e+01,2.374947973626576836e+00
4.356435643564356752e+01,6.085259773578179932e+01,2.374872572931554515e+00
4.356935693569356971e+01,6.085245602254784814e+01,2.374797204499391690e+00
4.357435743574357900e+01,6.085231063411521291e+01,2.374721867990255308e+00
4.357935793579358119e+01,6.085216165443537051e+01,2.374646563059457982e+00
4.358435843584358338e+01,6.085200916866979526e+01,2.374571289357457538e+00
4.358935893589359267e+01,6.085185326318998733e+01,2.374496046529857463e+00
4.359435943594359486e+01,6.085169402557743012e+01,2.374420834217406906e+00
4.359935993599360415e+01,6.085153154462363290e+01,2.374345652055999789e+00
4.360436043604360634e+01,6.085136591033010234e+01,2.374270499676676582e+00
4.360936093609360853e+01,6.085119721390837100e+01,2.374195376705622529e+00
4.361436143614361782e+01,6.085102554777996176e+01,2.374120282764167644e+00
4.361936193619362001e+01,6.085085100557640203e+01,2.374045217468789382e+00
4.362436243624362930e+01,6.085067368213925221e+01,2.373970180431109078e+00
4.362936293629363149e+01,6.085049367352005589e+01,2.373895171257893733e+00
4.363436343634363368e+01,6.085031107698037545e+01,2.373820189551056448e+00
4.363936393639364297e+01,6.085012599099178487e+01,2.373745234907654655e+00
4.364436443644364516e+01,6.084993851523585562e+01,2.373670306919892781e+00
4.364936493649365445e+01,6.084974875060417077e+01,2.373595405175119577e+00
4.365436543654365664e+01,6.084955679919833216e+01,2.373520529255830347e+00
4.365936593659365883e+01,6.084936276432993907e+01,2.373445678739664277e+00
4.366436643664366812e+01,6.084916675052060242e+01,2.373370853199406660e+00
4.366936693669367031e+01,6.084896886350193057e+01,2.373296052202989781e+00
4.367436743674367960e+01,6.084876921021556484e+01,2.373221275313488920e+00
4.367936793679368179e+01,6.084856789881312977e+01,2.373146522089127242e+00
4.368436843684368398e+01,6.084836503865626867e+01,2.373071792083270903e+00
4.368936893689369327e+01,6.084816074031663646e+01,2.372997084844433502e+00
4.369436943694369546e+01,6.084795511557588554e+01,2.372922399916273406e+00
4.369936993699370475e+01,6.084774827742567993e+01,2.372847736837594201e+00
4.370437043704370694e+01,6.084754034006770951e+01,2.372773095142345579e+00
4.370937093709370913e+01,6.084733141891364738e+01,2.372698474359622001e+00
4.371437143714371842e+01,6.084712163058518541e+01,2.372623874013664036e+00
4.371937193719372061e+01,6.084691109291402000e+01,2.372549293623857025e+00
4.372437243724372991e+01,6.084669992494186630e+01,2.372474732704732858e+00
4.372937293729373209e+01,6.084648824692042979e+01,2.372400190765967309e+00
4.373437343734373428e+01,6.084627618031144181e+01,2.372325667312383146e+00
4.373937393739374357e+01,6.084606384778663823e+01,2.372251161843947909e+00
4.374437443744374576e+01,6.084585137322774528e+01,2.372176673855774798e+00
4.374937493749375506e+01,6.084563888172652213e+01,2.372102202838121787e+00
4.375437543754375724e+01,6.084542649958472538e+01,2.372027748276393844e+00
4.375937593759375943e+01,6.084521435431410907e+01,2.371953309651139818e+00
4.376437643764376872e+01,6.084500257463646022e+01,2.371878886438054668e+00
4.376937693769377091e+01,6.084479129048354906e+01,2.371804478107979453e+00
4.377437743774377310e+01,6.084458063299716457e+01,2.371730084126899563e+00
4.377937793779378239e+01,6.084437073452910738e+01,2.371655703955946937e+00
4.378437843784378458e+01,6.084416172864117556e+01,2.371581337051397842e+00
4.378937893789379387e+01,6.084395375010519302e+01,2.371506982864674651e+00
4.379437943794379606e+01,6.084374693490298114e+01,2.371432640842345840e+00
4.379937993799379825e+01,6.084354142022635870e+01,2.371358310426124216e+00
4.380438043804380754e+01,6.084333734447717035e+01,2.371283991052868689e+00
4.380938093809380973e+01,6.084313484726725818e+01,2.371209682154583387e+00
4.381438143814381903e+01,6.084293406941847593e+01,2.371135383158417653e+00
4.381938193819382121e+01,6.084273515296269608e+01,2.371061093486667826e+00
4.382438243824382340e+01,6.084253824114177434e+01,2.370986812556773682e+00
4.382938293829383269e+01,6.084234347840759227e+01,2.370912539781321104e+00
4.383438343834383488e+01,6.084215101042204310e+01,2.370838274568042525e+00
4.383938393839384418e+01,6.084196098405701036e+01,2.370764016319814260e+00
4.384438443844384636e+01,6.084177354739441057e+01,2.370689764434659619e+00
4.384938493849384855e+01,6.084158884972614345e+01,2.370615518305746239e+00
4.385438543854385784e+01,6.084140704155413459e+01,2.370541277321387419e+00
4.385938593859386003e+01,6.084122827459029992e+01,2.370467040865042119e+00
4.386438643864386933e+01,6.084105270175658831e+01,2.370392808315314959e+00
4.386938693869387151e+01,6.084088047718493897e+01,2.370318579045956220e+00
4.387438743874387370e+01,6.084071175621729566e+01,2.370244352425860512e+00
4.387938793879388300e+01,6.084054669540562799e+01,2.370170127819069439e+00
4.388438843884388518e+01,6.084038545251189589e+01,2.370095904584768931e+00
4.388938893889389448e+01,6.084022818650808517e+01,2.370021682077290581e+00
4.389438943894389666e+01,6.084007505757616485e+01,2.369947459646112087e+00
4.389938993899389885e+01,6.083992622710813691e+01,2.369873236635855918e+00
4.390439043904390815e+01,6.083978185770600078e+01,2.369799012386290205e+00
4.390939093909391033e+01,6.083964211318176751e+01,2.369724786232329183e+00
4.391439143914391963e+01,6.083950715855744562e+01,2.369650557504031418e+00
4.391939193919392181e+01,6.083937716006506236e+01,2.369576325526602023e+00
4.392439243924392400e+01,6.083925228514664951e+01,2.369502089620390883e+00
4.392939293929393330e+01,6.083913270245425764e+01,2.369427849100893102e+00
4.393439343934393548e+01,6.083901858184992051e+01,2.369353603278750775e+00
4.393939393939394478e+01,6.083891009440570485e+01,2.369279351459749439e+00
4.394439443944394696e+01,6.083880741240367485e+01,2.369205092944821622e+00
4.394939493949394915e+01,6.083871070933590630e+01,2.369130827030044628e+00
4.395439543954395845e+01,6.083862015990447247e+01,2.369056553006641419e+00
4.395939593959396063e+01,6.083853594002146536e+01,2.368982270160980175e+00
4.396439643964396993e+01,6.083845822680898863e+01,2.368907977774575180e+00
4.396939693969397212e+01,6.083838719859913624e+01,2.368833675124085936e+00
4.397439743974397430e+01,6.083832303493403515e+01,2.368759361481316716e+00
4.397939793979398360e+01,6.083826591656580973e+01,2.368685036113217901e+00
4.398439843984398578e+01,6.083821602545657470e+01,2.368610698281885529e+00
4.398939893989399508e+01,6.083817354477847772e+01,2.368536347244560858e+00
4.399439943994399727e+01,6.083813865891366390e+01,2.368461982253630360e+00
4.399939993999399945e+01,6.083811155345429000e+01,2.368387602556626614e+00
4.400440044004400875e+01,6.083809241520251021e+01,2.368313207396226971e+00
4.400940094009401093e+01,6.083808143217051168e+01,2.368238796010254443e+00
4.401440144014401312e+01,6.083807879358045767e+01,2.368164367631678147e+00
4.401940194019402242e+01,6.083808468986454443e+01,2.368089921488611527e+00
4.402440244024402460e+01,6.083809931266495852e+01,2.368015456804314134e+00
4.402940294029403390e+01,6.083812285483391236e+01,2.367940972797191623e+00
4.403440344034403608e+01,6.083815551043361580e+01,2.367866468680794423e+00
4.403940394039403827e+01,6.083819747473628325e+01,2.367791943663818177e+00
4.404440444044404757e+01,6.083824894422415497e+01,2.367717396950104192e+00
4.404940494049404975e+01,6.083831011658944732e+01,2.367642827738639877e+00
4.405440544054405905e+01,6.083838119073441675e+01,2.367568235223556972e+00
4.405940594059406124e+01,6.083846236677131714e+01,2.367493618594133764e+00
4.406440644064406342e+01,6.083855384602240690e+01,2.367418977034793759e+00
4.406940694069407272e+01,6.083865583101994901e+01,2.367344309725105234e+00
4.407440744074407490e+01,6.083876852550621805e+01,2.367269615839783015e+00
4.407940794079408420e+01,6.083889213443351451e+01,2.367194894548686257e+00
4.408440844084408639e+01,6.083902686396411497e+01,2.367120145016820665e+00
4.408940894089408857e+01,6.083917292147032896e+01,2.367045366404337159e+00
4.409440944094409787e+01,6.083933051553446347e+01,2.366970557866530989e+00
4.409940994099410005e+01,6.083949985594883714e+01,2.366895718553844397e+00
4.410441044104410935e+01,6.083968115371576602e+01,2.366820847611864398e+00
4.410941094109411154e+01,6.083987462104759913e+01,2.366745944181324113e+00
4.411441144114411372e+01,6.084008047136666164e+01,2.366671007398100546e+00
4.411941194119412302e+01,6.084029891930531875e+01,2.366596036393217695e+00
4.412441244124412520e+01,6.084053018070591889e+01,2.366521030292844774e+00
4.412941294129413450e+01,6.084077447262082927e+01,2.366445988218296215e+00
4.413441344134413669e+01,6.084103201331242872e+01,2.366370909286031665e+00
4.413941394139413887e+01,6.084130302225309350e+01,2.366295792607656878e+00
4.414441444144414817e+01,6.084158772012521865e+01,2.366220637289922379e+00
4.414941494149415036e+01,6.084188632882119663e+01,2.366145442434724799e+00
4.415441544154415965e+01,6.084219907144343864e+01,2.366070207139105985e+00
4.415941594159416184e+01,6.084252617230436044e+01,2.365994930495253445e+00
4.416441644164416402e+01,6.084286785692638233e+01,2.365919611590499017e+00
4.416941694169417332e+01,6.084322435204193624e+01,2.365844249507321972e+00
4.417441744174417551e+01,6.084359588559345866e+01,2.365768843323345472e+00
4.417941794179418480e+01,6.084398267504821689e+01,2.365693392160833408e+00
4.418441844184418699e+01,6.084438082701124983e+01,2.365617912534747624e+00
4.418941894189418917e+01,6.084478697227729782e+01,2.365542418669615898e+00
4.419441944194419847e+01,6.084520093933929274e+01,2.365466911230300617e+00
4.419941994199420066e+01,6.084562255771395911e+01,2.365391390877656264e+00
4.420442044204420995e+01,6.084605165794180692e+01,2.365315858268529858e+00
4.420942094209421214e+01,6.084648807158714590e+01,2.365240314055760962e+00
4.421442144214421432e+01,6.084693163123805704e+01,2.365164758888181229e+00
4.421942194219422362e+01,6.084738217050640685e+01,2.365089193410614410e+00
4.422442244224422581e+01,6.084783952402786156e+01,2.365013618263877238e+00
4.422942294229423510e+01,6.084830352746185866e+01,2.364938034084778984e+00
4.423442344234423729e+01,6.084877401749163539e+01,2.364862441506121016e+00
4.423942394239423948e+01,6.084925083182420735e+01,2.364786841156696795e+00
4.424442444244424877e+01,6.084973380919037567e+01,2.364711233661292766e+00
4.424942494249425096e+01,6.085022278934473405e+01,2.364635619640687914e+00
4.425442544254425314e+01,6.085071761306565463e+01,2.364559999711652427e+00
4.425942594259426244e+01,6.085121812215530923e+01,2.364484374486949925e+00
4.426442644264426463e+01,6.085172415943964097e+01,2.364408744575337007e+00
4.426942694269427392e+01,6.085223556876838558e+01,2.364333110581561037e+00
4.427442744274427611e+01,6.085275219501507138e+01,2.364257473106362806e+00
4.427942794279427829e+01,6.085327388407699800e+01,2.364181832746475642e+00
4.428442844284428759e+01,6.085380048287527188e+01,2.364106190094624971e+00
4.428942894289428978e+01,6.085433183935477075e+01,2.364030545739528311e+00
4.429442944294429907e+01,6.085486780248415783e+01,2.363954900265896164e+00
4.429942994299430126e+01,6.085540822225588897e+01,2.363879254254431128e+00
4.430443044304430344e+01,6.085595294968621261e+01,2.363803608281828783e+00
4.430943094309431274e+01,6.085650183681515557e+01,2.363727962920775472e+00
4.431443144314431493e+01,6.085705473670652310e+01,2.363652318739952296e+00
4.431943194319432422e+01,6.085761150344792014e+01,2.363576676304031121e+00
4.432443244324432641e+01,6.085817199215073714e+01,2.363501036173676351e+00
4.432943294329432860e+01,6.085873605895013583e+01,2.363425398905545372e+00
4.433443344334433789e+01,6.085930356100509186e+01,2.363349765052287221e+00
4.433943394339434008e+01,6.085987435649834509e+01,2.363274135162544809e+00
4.434443444344434937e+01,6.086044830463642796e+01,2.363198509780951362e+00
4.434943494349435156e+01,6.086102526564965132e+01,2.363122889448134423e+00
4.435443544354435375e+01,6.086160510079213282e+01,2.363047274700713185e+00
4.435943594359436304e+01,6.086218767234176141e+01,2.362971666071298049e+00
4.436443644364436523e+01,6.086277284360021156e+01,2.362896064088494619e+00
4.436943694369437452e+01,6.086336047889295031e+01,2.362820469276897928e+00
4.437443744374437671e+01,6.086395044356922313e+01,2.362744882157097326e+00
4.437943794379437890e+01,6.086454260400208227e+01,2.362669303245673813e+00
4.438443844384438819e+01,6.086513682758833710e+01,2.362593733055200929e+00
4.438943894389439038e+01,6.086573298274860377e+01,2.362518172094245195e+00
4.439443944394439967e+01,6.086633093892727686e+01,2.362442620867363896e+00
4.439943994399440186e+01,6.086693056659254353e+01,2.362367079875109077e+00
4.440444044404440405e+01,6.086753173723636934e+01,2.362291549614023101e+00
4.440944094409441334e+01,6.086813432337451246e+01,2.362216030576642201e+00
4.441444144414441553e+01,6.086873819854652368e+01,2.362140523251493818e+00
4.441944194419442482e+01,6.086934323731571794e+01,2.362065028123098376e+00
4.442444244424442701e+01,6.086994931526921704e+01,2.361989545671969282e+00
4.442944294429442920e+01,6.087055630901792114e+01,2.361914076374611149e+00
4.443444344434443849e+01,6.087116409619652302e+01,2.361838620703522018e+00
4.443944394439444068e+01,6.087177255546349386e+01,2.361763179127192025e+00
4.444444444444444997e+01,6.087238156650109744e+01,2.361687752110102956e+00
4.444944494449445216e+01,6.087299101001537593e+01,2.361612340112730468e+00
4.445444544454445435e+01,6.087360076773617124e+01,2.361536943591541426e+00
4.445944594459446364e+01,6.087421072241709652e+01,2.361461562998995234e+00
4.446444644464446583e+01,6.087482075783555757e+01,2.361386198783544721e+00
4.446944694469447512e+01,6.087543075879275989e+01,2.361310851389633925e+00
4.447444744474447731e+01,6.087604061111367315e+01,2.361235521257699421e+00
4.447944794479447950e+01,6.087665020164705965e+01,2.361160208824171214e+00
4.448444844484448879e+01,6.087725941826548848e+01,2.361084914521470512e+00
4.448944894489449098e+01,6.087786814986527872e+01,2.361009638778011510e+00
4.449444944494449317e+01,6.087847628636657049e+01,2.360934382018200939e+00
4.449944994499450246e+01,6.087908371871326807e+01,2.360859144662437625e+00
4.450445044504450465e+01,6.087969033887307546e+01,2.360783927127112491e+00
4.450945094509451394e+01,6.088029603983747506e+01,2.360708729824609886e+00
4.451445144514451613e+01,6.088090071562173478e+01,2.360633553163305809e+00
4.451945194519451832e+01,6.088150426126491510e+01,2.360558397547568799e+00
4.452445244524452761e+01,6.088210657282986205e+01,2.360483263377759044e+00
4.452945294529452980e+01,6.088270754740320001e+01,2.360408151050231051e+00
4.453445344534453909e+01,6.088330708309535311e+01,2.360333060957330087e+00
4.453945394539454128e+01,6.088390507904051674e+01,2.360257993487394401e+00
4.454445444544454347e+01,6.088450143539668602e+01,2.360182949024754784e+00
4.454945494549455276e+01,6.088509605334564156e+01,2.360107927949733231e+00
4.455445544554455495e+01,6.088568883509293528e+01,2.360032930638646498e+00
4.455945594559456424e+01,6.088627968386792588e+01,2.359957957463801659e+00
4.456445644564456643e+01,6.088686850392374339e+01,2.359883008793498771e+00
4.456945694569456862e+01,6.088745520053731752e+01,2.359808084992030874e+00
4.457445744574457791e+01,6.088803968000934219e+01,2.359733186419683104e+00
4.457945794579458010e+01,6.088862184966432523e+01,2.359658313432732246e+00
4.458445844584458939e+01,6.088920161785053864e+01,2.359583466383448513e+00
4.458945894589459158e+01,6.088977889394005416e+01,2.359508645620094214e+00
4.459445944594459377e+01,6.089035358832872902e+01,2.359433851486923750e+00
4.459945994599460306e+01,6.089092561243619883e+01,2.359359084324184508e+00
4.460446044604460525e+01,6.089149487870589894e+01,2.359284344468115968e+00
4.460946094609461454e+01,6.089206130060502886e+01,2.359209632250949262e+00
4.461446144614461673e+01,6.089262479262459493e+01,2.359134948000909837e+00
4.461946194619461892e+01,6.089318527027938899e+01,2.359060292042213458e+00
4.462446244624462821e+01,6.089374265010798126e+01,2.358985664695069318e+00
4.462946294629463040e+01,6.089429684967272038e+01,2.358911066275679147e+00
4.463446344634463969e+01,6.089484778755976890e+01,2.358836497096236773e+00
4.463946394639464188e+01,6.089539538337904645e+01,2.358761957464928560e+00
4.464446444644464407e+01,6.089593955776427237e+01,2.358687447685933414e+00
4.464946494649465336e+01,6.089648023237295860e+01,2.358612968059421888e+00
4.465446544654465555e+01,6.089701732988638838e+01,2.358538518881557522e+00
4.465946594659466484e+01,6.089755077400964467e+01,2.358464100444496836e+00
4.466446644664466703e+01,6.089808048947158881e+01,2.358389713036388002e+00
4.466946694669466922e+01,6.089860640202486763e+01,2.358315356941371732e+00
4.467446744674467851e+01,6.089912843844592771e+01,2.358241032439580831e+00
4.467946794679468070e+01,6.089964652653498689e+01,2.358166739807141088e+00
4.468446844684468999e+01,6.090016059511605562e+01,2.358092479316170387e+00
4.468946894689469218e+01,6.090067057403692985e+01,2.358018251234779150e+00
4.469446944694469437e+01,6.090117639416919815e+01,2.357944055827070340e+00
4.469946994699470366e+01,6.090167798740821326e+01,2.357869893353139013e+00
4.470447044704470585e+01,6.090217528667314895e+01,2.357795764069072764e+00
4.470947094709471514e+01,6.090266822590693607e+01,2.357721668226951284e+00
4.471447144714471733e+01,6.090315674007630520e+01,2.357647606074847246e+00
4.471947194719471952e+01,6.090364076517177949e+01,2.357573577856825864e+00
4.472447244724472881e+01,6.090412023820764631e+01,2.357499583812943555e+00
4.472947294729473100e+01,6.090459509722200693e+01,2.357425624179250168e+00
4.473447344734473319e+01,6.090506528127671970e+01,2.357351699187788086e+00
4.473947394739474248e+01,6.090553073045746402e+01,2.357277809066591345e+00
4.474447444744474467e+01,6.090599138587366923e+01,2.357203954039687410e+00
4.474947494749475396e+01,6.090644718965857862e+01,2.357130134327094506e+00
4.475447544754475615e+01,6.090689808496921387e+01,2.357056350144825174e+00
4.475947594759475834e+01,6.090734401598637504e+01,2.356982601704883162e+00
4.476447644764476763e+01,6.090778492791465482e+01,2.356908889215264757e+00
4.476947694769476982e+01,6.090822076698243848e+01,2.356835212879959229e+00
4.477447744774477911e+01,6.090865148044188970e+01,2.356761572898947055e+00
4.477947794779478130e+01,6.090907701656895057e+01,2.356687969468203026e+00
4.478447844784478349e+01,6.090949732466336997e+01,2.356614402779692696e+00
4.478947894789479278e+01,6.090991235504867518e+01,2.356540873021374161e+00
4.479447944794479497e+01,6.091032205907217190e+01,2.356467380377198939e+00
4.479947994799480426e+01,6.091072638910495840e+01,2.356393925027110203e+00
4.480448044804480645e+01,6.091112529854191138e+01,2.356320507147043664e+00
4.480948094809480864e+01,6.091151874180171433e+01,2.356247126908927125e+00
4.481448144814481793e+01,6.091190667432682204e+01,2.356173784480681377e+00
4.481948194819482012e+01,6.091228905258346771e+01,2.356100480026219302e+00
4.482448244824482941e+01,6.091266583406169843e+01,2.356027213705446322e+00
4.482948294829483160e+01,6.091303697727531130e+01,2.355953985674259954e+00
4.483448344834483379e+01,6.091340244176191732e+01,2.355880796084550699e+00
4.483948394839484308e+01,6.091376218808291299e+01,2.355807645084200708e+00
4.484448444844484527e+01,6.091411617782346610e+01,2.355734532817085114e+00
4.484948494849485456e+01,6.091446437359253707e+01,2.355661459423071591e+00
4.485448544854485675e+01,6.091480673902287890e+01,2.355588425038019906e+00
4.485948594859485894e+01,6.091514323877102299e+01,2.355515429793781479e+00
4.486448644864486823e+01,6.091547383851729336e+01,2.355442473818201599e+00
4.486948694869487042e+01,6.091579850496579240e+01,2.355369557235117206e+00
4.487448744874487971e+01,6.091611720584442224e+01,2.355296680164357337e+00
4.487948794879488190e+01,6.091642990990486339e+01,2.355223842721744454e+00
4.488448844884488409e+01,6.091673658692257476e+01,2.355151045019092226e+00
4.488948894889489338e+01,6.091703720769681496e+01,2.355078287164207307e+00
4.489448944894489557e+01,6.091733174405062101e+01,2.355005569260888887e+00
4.489948994899490486e+01,6.091762016883082254e+01,2.354932891408928253e+00
4.490449044904490705e+01,6.091790245590802755e+01,2.354860253704109674e+00
4.490949094909490924e+01,6.091817858017664378e+01,2.354787656238208626e+00
4.491449144914491853e+01,6.091844851755485024e+01,2.354715099098994457e+00
4.491949194919492072e+01,6.091871224498461856e+01,2.354642582370228165e+00
4.492449244924493001e+01,6.091896974043171298e+01,2.354570106131662843e+00
4.492949294929493220e+01,6.091922098288567611e+01,2.354497670459044567e+00
4.493449344934493439e+01,6.091946595235982898e+01,2.354425275424111508e+00
4.493949394939494368e+01,6.091970462989130652e+01,2.354352921094594375e+00
4.494449444944494587e+01,6.091993699754100078e+01,2.354280607534216863e+00
4.494949494949495516e+01,6.092016303839360347e+01,2.354208334802693425e+00
4.495449544954495735e+01,6.092038273655759895e+01,2.354136102955732390e+00
4.495949594959495954e+01,6.092059607716524283e+01,2.354063912045034623e+00
4.496449644964496883e+01,6.092080304637258337e+01,2.353991762118292197e+00
4.496949694969497102e+01,6.092100363135946850e+01,2.353919653219190611e+00
4.497449744974497321e+01,6.092119782032951036e+01,2.353847585387407015e+00
4.497949794979498250e+01,6.092138560251012080e+01,2.353775558658611544e+00
4.498449844984498469e+01,6.092156696815249717e+01,2.353703573064466426e+00
4.498949894989499398e+01,6.092174190853162230e+01,2.353631628632626871e+00
4.499449944994499617e+01,6.092191041594626455e+01,2.353559725386739299e+00
4.499949994999499836e+01,6.092207248371897776e+01,2.353487863346443998e+00
4.500450045004500765e+01,6.092222810619609419e+01,2.353416042527372465e+00
4.500950095009500984e+01,6.092237727874775999e+01,2.353344262941149179e+00
4.501450145014501913e+01,6.092251999776787130e+01,2.353272524595390713e+00
4.501950195019502132e+01,6.092265626067414530e+01,2.353200827493707070e+00
4.502450245024502351e+01,6.092278606590805623e+01,2.353129171635699013e+00
4.502950295029503280e+01,6.092290941293487805e+01,2.353057557016960732e+00
4.503450345034503499e+01,6.092302630224367732e+01,2.352985983629078959e+00
4.503950395039504428e+01,6.092313673534729901e+01,2.352914451459632073e+00
4.504450445044504647e+01,6.092324071478237357e+01,2.352842960492191438e+00
4.504950495049504866e+01,6.092333824410932408e+01,2.352771510706320957e+00
4.505450545054505795e+01,6.092342932791235199e+01,2.352700102077576183e+00
4.505950595059506014e+01,6.092351397179944428e+01,2.352628734577505654e+00
4.506450645064506944e+01,6.092359218240239471e+01,2.352557408173650444e+00
4.506950695069507162e+01,6.092366396737675416e+01,2.352486122829544168e+00
4.507450745074507381e+01,6.092372933540188029e+01,2.352414878504711648e+00
4.507950795079508310e+01,6.092378829618090919e+01,2.352343675154671576e+00
4.508450845084508529e+01,6.092384086044076241e+01,2.352272512730933851e+00
4.508950895089509459e+01,6.092388703993216126e+01,2.352201391181001799e+00
4.509450945094509677e+01,6.092392684742958409e+01,2.352130310448370842e+00
4.509950995099509896e+01,6.092396029673133739e+01,2.352059270472528496e+00
4.510451045104510825e+01,6.092398740265947055e+01,2.351988271188954371e+00
4.510951095109511044e+01,6.092400818105985394e+01,2.351917312529121951e+00
4.511451145114511974e+01,6.092402264880212215e+01,2.351846394420495034e+00
4.511951195119512192e+01,6.092403082377970236e+01,2.351775516786531739e+00
4.512451245124512411e+01,6.092403272490982147e+01,2.351704679546681387e+00
4.512951295129513340e+01,6.092402837213347766e+01,2.351633882616386284e+00
4.513451345134513559e+01,6.092401778641544752e+01,2.351563125907081275e+00
4.513951395139514489e+01,6.092400098974432154e+01,2.351492409326192412e+00
4.514451445144514707e+01,6.092397800513245443e+01,2.351421732777140061e+00
4.514951495149514926e+01,6.092394885661599346e+01,2.351351096159335352e+00
4.515451545154515856e+01,6.092391356925487145e+01,2.351280499368182397e+00
4.515951595159516074e+01,6.092387216913281378e+01,2.351209942295078292e+00
4.516451645164517004e+01,6.092382468335733137e+01,2.351139424827411784e+00
4.516951695169517222e+01,6.092377114005969929e+01,2.351068946848563712e+00
4.517451745174517441e+01,6.092371156839502078e+01,2.350998508237908791e+00
4.517951795179518371e+01,6.092364599854214191e+01,2.350928108870812494e+00
4.518451845184518589e+01,6.092357446170372981e+01,2.350857748618633725e+00
4.518951895189519519e+01,6.092349699010621578e+01,2.350787427348723035e+00
4.519451945194519737e+01,6.092341361699983082e+01,2.350717144924424407e+00
4.519951995199519956e+01,6.092332437665858436e+01,2.350646901205073913e+00
4.520452045204520886e+01,6.092322930438027129e+01,2.350576696045998837e+00
4.520952095209521104e+01,6.092312843648647913e+01,2.350506529298520775e+00
4.521452145214521323e+01,6.092302181032258801e+01,2.350436400809952087e+00
4.521952195219522253e+01,6.092290946425774223e+01,2.350366310423598115e+00
4.522452245224522471e+01,6.092279143768489291e+01,2.350296257978757186e+00
4.522952295229523401e+01,6.092266777102076958e+01,2.350226243310719720e+00
4.523452345234523619e+01,6.092253850570588725e+01,2.350156266250767789e+00
4.523952395239523838e+01,6.092240368420455354e+01,2.350086326626176891e+00
4.524452445244524768e+01,6.092226335000486159e+01,2.350016424260214176e+00
4.524952495249524986e+01,6.092211754761867581e+01,2.349946558972139776e+00
4.525452545254525916e+01,6.092196632258166744e+01,2.349876730577205919e+00
4.525952595259526134e+01,6.092180972145328610e+01,2.349806938886656926e+00
4.526452645264526353e+01,6.092164779181675982e+01,2.349737183707730992e+00
4.526952695269527283e+01,6.092148058227912344e+01,2.349667464843656184e+00
4.527452745274527501e+01,6.092130814247117598e+01,2.349597782093655329e+00
4.527952795279528431e+01,6.092113052304751619e+01,2.349528135252942462e+00
4.528452845284528649e+01,6.092094777568652120e+01,2.349458524112724600e+00
4.528952895289528868e+01,6.092075995309036074e+01,2.349388948460200410e+00
4.529452945294529798e+01,6.092056710898499006e+01,2.349319408078561988e+00
4.529952995299530016e+01,6.092036929812014989e+01,2.349249902746992635e+00
4.530453045304530946e+01,6.092016657626937359e+01,2.349180432240669525e+00
4.530953095309531165e+01,6.091995900022996580e+01,2.349110996330760592e+00
4.531453145314531383e+01,6.091974662782302374e+01,2.349041594784427200e+00
4.531953195319532313e+01,6.091952951789344439e+01,2.348972227364823251e+00
4.532453245324532531e+01,6.091930773030988888e+01,2.348902893831094296e+00
4.532953295329533461e+01,6.091908132596482517e+01,2.348833593938379316e+00
4.533453345334533680e+01,6.091885036677449961e+01,2.348764327437808497e+00
4.533953395339533898e+01,6.091861491567894404e+01,2.348695094076505452e+00
4.534453445344534828e+01,6.091837503664196873e+01,2.348625893597585446e+00
4.534953495349535046e+01,6.091813079465118363e+01,2.348556725740156725e+00
4.535453545354535976e+01,6.091788225571798421e+01,2.348487590239319633e+00
4.535953595359536195e+01,6.091762948687754431e+01,2.348418486826167051e+00
4.536453645364536413e+01,6.091737255618883040e+01,2.348349415227783954e+00
4.536953695369537343e+01,6.091711153273458734e+01,2.348280375167248302e+00
4.537453745374537561e+01,6.091684648662135970e+01,2.348211366363630148e+00
4.537953795379538491e+01,6.091657748897947044e+01,2.348142388531991198e+00
4.538453845384538710e+01,6.091630461196302093e+01,2.348073441383387472e+00
4.538953895389538928e+01,6.091602792874991223e+01,2.348004524624865752e+00
4.539453945394539858e+01,6.091574751354183093e+01,2.347935637959465360e+00
4.539953995399540077e+01,6.091546344156424908e+01,2.347866781086218602e+00
4.540454045404541006e+01,6.091517578906641006e+01,2.347797953700149876e+00
4.540954095409541225e+01,6.091488463332136405e+01,2.347729155492276565e+00
4.541454145414541443e+01,6.091459005262594673e+01,2.347660386149607259e+00
4.541954195419542373e+01,6.091429212630075796e+01,2.347591645355144419e+00
4.542454245424542592e+01,6.091399093469020443e+01,2.347522932787881267e+00
4.542954295429543521e+01,6.091368655916247832e+01,2.347454248122804898e+00
4.543454345434543740e+01,6.091337908210955021e+01,2.347385591030894059e+00
4.543954395439543958e+01,6.091306858694718329e+01,2.347316961179120032e+00
4.544454445444544888e+01,6.091275515811492625e+01,2.347248358230446641e+00
4.544954495449545107e+01,6.091243888107610616e+01,2.347179781843829804e+00
4.545454545454545325e+01,6.091211984231784271e+01,2.347111231674218423e+00
4.545954595459546255e+01,6.091179812935105531e+01,2.347042707372553494e+00
4.546454645464546473e+01,6.091147383071042043e+01,2.346974208585768107e+00
4.546954695469547403e+01,6.091114703595442847e+01,2.346905734956787892e+00
4.547454745474547622e+01,6.091081783566534114e+01,2.346837286124531019e+00
4.547954795479547840e+01,6.091048632144921271e+01,2.346768861723908639e+00
4.548454845484548770e+01,6.091015258593587589e+01,2.346700461385823111e+00
4.548954895489548989e+01,6.090981672277895598e+01,2.346632084737170221e+00
4.549454945494549918e+01,6.090947882665587798e+01,2.346563731400837405e+00
4.549954995499550137e+01,6.090913899326782399e+01,2.346495400995705527e+00
4.550455045504550355e+01,6.090879731933978292e+01,2.346427093136646214e+00
4.550955095509551285e+01,6.090845390262052916e+01,2.346358807434524962e+00
4.551455145514551504e+01,6.090810884188261554e+01,2.346290543496199810e+00
4.551955195519552433e+01,6.090776223692239455e+01,2.346222300924519555e+00
4.552455245524552652e+01,6.090741418855998290e+01,2.346154079318326868e+00
4.552955295529552870e+01,6.090706479863930412e+01,2.346085878272456515e+00
4.553455345534553800e+01,6.090671417002806010e+01,2.346017697377735356e+00
4.553955395539554019e+01,6.090636240661774536e+01,2.345949536220982790e+00
4.554455445544554948e+01,6.090600961332362573e+01,2.345881394385010754e+00
4.554955495549555167e+01,6.090565589608476671e+01,2.345813271448623727e+00
4.555455545554555385e+01,6.090530136186401933e+01,2.345745166986618280e+00
4.555955595559556315e+01,6.090494611864802010e+01,2.345677080569783080e+00
4.556455645564556534e+01,6.090459027544719106e+01,2.345609011764900220e+00
4.556955695569557463e+01,6.090423394229573262e+01,2.345540960134743447e+00
4.557455745574557682e+01,6.090387723025164490e+01,2.345472925238078599e+00
4.557955795579557901e+01,6.090352025139670644e+01,2.345404906629664943e+00
4.558455845584558830e+01,6.090316311883648126e+01,2.345336903860252953e+00
4.558955895589559049e+01,6.090280594670033310e+01,2.345268916476586973e+00
4.559455945594559978e+01,6.090244885014139697e+01,2.345200944021402112e+00
4.559955995599560197e+01,6.090209194533659343e+01,2.345132986033427347e+00
4.560456045604560416e+01,6.090173534948664269e+01,2.345065042047383308e+00
4.560956095609561345e+01,6.090137918081604340e+01,2.344997111593982719e+00
4.561456145614561564e+01,6.090102355857307970e+01,2.344929194199931732e+00
4.561956195619562493e+01,6.090066860302982121e+01,2.344861289387927261e+00
4.562456245624562712e+01,6.090031443548213019e+01,2.344793396676660979e+00
4.562956295629562931e+01,6.089996117824964728e+01,2.344725515580814879e+00
4.563456345634563860e+01,6.089960895467581281e+01,2.344657645611063934e+00
4.563956395639564079e+01,6.089925788912783844e+01,2.344589786274076548e+00
4.564456445644565008e+01,6.089890810699672130e+01,2.344521937072511886e+00
4.564956495649565227e+01,6.089855973469726536e+01,2.344454097505022983e+00
4.565456545654565446e+01,6.089821289966804585e+01,2.344386267066254526e+00
4.565956595659566375e+01,6.089786773037141643e+01,2.344318445246842852e+00
4.566456645664566594e+01,6.089752435629353755e+01,2.344250631533419060e+00
4.566956695669567523e+01,6.089718290794434097e+01,2.344182825408603676e+00
4.567456745674567742e+01,6.089684351685755104e+01,2.344115026351011988e+00
4.567956795679567961e+01,6.089650631559067762e+01,2.344047233835250932e+00
4.568456845684568890e+01,6.089617143772501606e+01,2.343979447331919097e+00
4.568956895689569109e+01,6.089583901786564013e+01,2.343911666307608943e+00
4.569456945694569328e+01,6.089550919164143039e+01,2.343843890224903692e+00
4.569956995699570257e+01,6.089518209570503871e+01,2.343776118542380438e+00
4.570457045704570476e+01,6.089485786773290954e+01,2.343708350714607480e+00
4.570957095709571405e+01,6.089453664642525865e+01,2.343640586192146547e+00
4.571457145714571624e+01,6.089421857150611572e+01,2.343572824421551459e+00
4.571957195719571843e+01,6.089390378372326751e+01,2.343505064845367691e+00
4.572457245724572772e+01,6.089359242484831469e+01,2.343437306902134143e+00
4.572957295729572991e+01,6.089328463767662214e+01,2.343369550026381809e+00
4.573457345734573920e+01,6.089298056602734732e+01,2.343301793648633335e+00
4.573957395739574139e+01,6.089268035474344742e+01,2.343234037195405239e+00
4.574457445744574358e+01,6.089238414969164381e+01,2.343166280089204800e+00
4.574957495749575287e+01,6.089209209776246468e+01,2.343098521748533614e+00
4.575457545754575506e+01,6.089180434687021659e+01,2.343030761587883593e+00
4.575957595759576435e+01,6.089152104595298454e+01,2.342962999017740522e+00
4.576457645764576654e+01,6.089124234497264609e+01,2.342895233444582281e+00
4.576957695769576873e+01,6.089096839491487145e+01,2.342827464270878846e+00
4.577457745774577802e+01,6.089069934778911630e+01,2.342759690895092728e+00
4.577957795779578021e+01,6.089043535662861473e+01,2.342691912711678981e+00
4.578457845784578950e+01,6.089017657549037921e+01,2.342624129111084752e+00
4.578957895789579169e+01,6.088992315945524325e+01,2.342556339479750172e+00
4.579457945794579388e+01,6.088967526462778324e+01,2.342488543200107021e+00
4.579957995799580317e+01,6.088943304813639656e+01,2.342420739650580064e+00
4.580458045804580536e+01,6.088919666813324483e+01,2.342352928205586160e+00
4.580958095809581465e+01,6.088896628379428932e+01,2.342285108235535152e+00
4.581458145814581684e+01,6.088874205531927686e+01,2.342217279106828531e+00
4.581958195819581903e+01,6.088852414393172552e+01,2.342149440181860331e+00
4.582458245824582832e+01,6.088831271187896022e+01,2.342081590819017567e+00
4.582958295829583051e+01,6.088810792243207715e+01,2.342013730372678904e+00
4.583458345834583980e+01,6.088790993988597222e+01,2.341945858193215546e+00
4.583958395839584199e+01,6.088771892955931264e+01,2.341877973626992127e+00
4.584458445844584418e+01,6.088753505779456532e+01,2.341810076016364484e+00
4.584958495849585347e+01,6.088735849195797556e+01,2.341742164699681439e+00
4.585458545854585566e+01,6.088718940043958128e+01,2.341674239011283465e+00
4.585958595859586495e+01,6.088702795265319878e+01,2.341606298281504461e+00
4.586458645864586714e+01,6.088687431903643699e+01,2.341538341836669979e+00
4.586958695869586933e+01,6.088672867105069031e+01,2.341470368999098994e+00
4.587458745874587862e+01,6.088659118118113867e+01,2.341402379087101693e+00
4.587958795879588081e+01,6.088646202293674747e+01,2.341334371414981241e+00
4.588458845884589010e+01,6.088634137085027476e+01,2.341266345293032458e+00
4.588958895889589229e+01,6.088622940047824983e+01,2.341198300027544477e+00
4.589458945894589448e+01,6.088612628840100882e+01,2.341130234920797193e+00
4.589958995899590377e+01,6.088603221222265915e+01,2.341062149271062598e+00
4.590459045904590596e+01,6.088594735057109375e+01,2.340994042372606554e+00
4.590959095909591525e+01,6.088587188309801235e+01,2.340925913515686574e+00
4.591459145914591744e+01,6.088580599047887176e+01,2.340857761986552266e+00
4.591959195919591963e+01,6.088574985441293563e+01,2.340789587067445776e+00
4.592459245924592892e+01,6.088570365762325309e+01,2.340721388036602679e+00
4.592959295929593111e+01,6.088566758385665167e+01,2.340653164168249312e+00
4.593459345934593330e+01,6.088564181788374441e+01,2.340584914732605437e+00
4.593959395939594259e+01,6.088562654549893693e+01,2.340516638995883358e+00
4.594459445944594478e+01,6.088562195352042039e+01,2.340448336220287029e+00
4.594959495949595407e+01,6.088562822979017852e+01,2.340380005664013385e+00
4.595459545954595626e+01,6.088564556317395926e+01,2.340311646581251459e+00
4.595959595959595845e+01,6.088567414356132446e+01,2.340243258222183265e+00
4.596459645964596774e+01,6.088571416186560725e+01,2.340174839832982467e+00
4.596959695969596993e+01,6.088576581002391919e+01,2.340106390655815272e+00
4.597459745974597922e+01,6.088582928099718572e+01,2.340037909928840865e+00
4.597959795979598141e+01,6.088590476877009650e+01,2.339969396886210529e+00
4.598459845984598360e+01,6.088599246835112666e+01,2.339900850758067641e+00
4.598959895989599289e+01,6.088609257577255107e+01,2.339832270770548117e+00
4.599459945994599508e+01,6.088620528809041588e+01,2.339763656145780413e+00
4.599959995999600437e+01,6.088633080338457404e+01,2.339695006101885522e+00
4.600460046004600656e+01,6.088646932075864271e+01,2.339626319852976977e+00
4.600960096009600875e+01,6.088662104034003875e+01,2.339557596609159962e+00
4.601460146014601804e+01,6.088678616327997162e+01,2.339488835576532644e+00
4.601960196019602023e+01,6.088696489175340787e+01,2.339420035957185728e+00
4.602460246024602952e+01,6.088715742895913507e+01,2.339351196949201572e+00
4.602960296029603171e+01,6.088736397911971210e+01,2.339282317746655959e+00
4.603460346034603390e+01,6.088758474748147620e+01,2.339213397539616768e+00
4.603960396039604319e+01,6.088781994031457145e+01,2.339144435514143083e+00
4.604460446044604538e+01,6.088806976491290612e+01,2.339075430852288306e+00
4.604960496049605467e+01,6.088833442959419529e+01,2.339006382732097045e+00
4.605460546054605686e+01,6.088861414369991820e+01,2.338937290327606444e+00
4.605960596059605905e+01,6.088890911759536095e+01,2.338868152808846634e+00
4.606460646064606834e+01,6.088921956266958802e+01,2.338798969341839395e+00
4.606960696069607053e+01,6.088954569133544936e+01,2.338729739088599491e+00
4.607460746074607982e+01,6.088988771702958047e+01,2.338660461207133334e+00
4.607960796079608201e+01,6.089024585421240943e+01,2.338591134851440767e+00
4.608460846084608420e+01,6.089062031836814270e+01,2.338521759171513725e+00
4.608960896089609349e+01,6.089101132600477229e+01,2.338452333313335796e+00
4.609460946094609568e+01,6.089141909465409697e+01,2.338382856418883993e+00
4.609960996099610497e+01,6.089184384287166552e+01,2.338313327626126981e+00
4.610461046104610716e+01,6.089228579023684773e+01,2.338243746069026407e+00
4.610961096109610935e+01,6.089274516366084100e+01,2.338174110882405454e+00
4.611461146114611864e+01,6.089322255842885312e+01,2.338104422025934603e+00
4.611961196119612083e+01,6.089371801707404330e+01,2.338034680736283288e+00
4.612461246124613012e+01,6.089423120322335592e+01,2.337964888279340236e+00
4.612961296129613231e+01,6.089476178233401527e+01,2.337895045914052172e+00
4.613461346134613450e+01,6.089530942169351846e+01,2.337825154892426038e+00
4.613961396139614379e+01,6.089587379041964255e+01,2.337755216459528551e+00
4.614461446144614598e+01,6.089645455946044450e+01,2.337685231853485313e+00
4.614961496149615527e+01,6.089705140159425412e+01,2.337615202305480810e+00
4.615461546154615746e+01,6.089766399142967401e+01,2.337545129039760639e+00
4.615961596159615965e+01,6.089829200540560805e+01,2.337475013273628832e+00
4.616461646164616894e+01,6.089893512179121160e+01,2.337404856217448312e+00
4.616961696169617113e+01,6.089959302068592706e+01,2.337334659074643106e+00
4.617461746174618042e+01,6.090026538401949097e+01,2.337264423041694794e+00
4.617961796179618261e+01,6.090095189555189137e+01,2.337194149308146063e+00
4.618461846184618480e+01,6.090165224087341045e+01,2.337123839056597596e+00
4.618961896189619409e+01,6.090236610740461032e+01,2.337053493462711184e+00
4.619461946194619628e+01,6.090309318439631170e+01,2.336983113695206615e+00
4.619961996199619847e+01,6.090383316292964366e+01,2.336912700915864338e+00
4.620462046204620776e+01,6.090458573591597968e+01,2.336842256279522800e+00
4.620962096209620995e+01,6.090535059809700869e+01,2.336771780934081111e+00
4.621462146214621924e+01,6.090612744604465689e+01,2.336701276020497264e+00
4.621962196219622143e+01,6.090691597816115888e+01,2.336630742672789474e+00
4.622462246224622362e+01,6.090771589467901492e+01,2.336560182018034837e+00
4.622962296229623291e+01,6.090852689766101236e+01,2.336489595176369338e+00
4.623462346234623510e+01,6.090934869100019711e+01,2.336418983260989624e+00
4.623962396239624439e+01,6.091018098041991635e+01,2.336348347378150780e+00
4.624462446244624658e+01,6.091102347347377588e+01,2.336277688627168558e+00
4.624962496249624877e+01,6.091187587954566851e+01,2.336207008100416260e+00
4.625462546254625806e+01,6.091273790984977410e+01,2.336136306883328739e+00
4.625962596259626025e+01,6.091360927743053821e+01,2.336065586054398846e+00
4.626462646264626954e+01,6.091448969716267925e+01,2.335994846685179649e+00
4.626962696269627173e+01,6.091537888575120974e+01,2.335924089840283102e+00
4.627462746274627392e+01,6.091627656173140082e+01,2.335853316577381378e+00
4.627962796279628321e+01,6.091718244546883199e+01,2.335782527947205534e+00
4.628462846284628540e+01,6.091809625915932003e+01,2.335711724993546401e+00
4.628962896289629469e+01,6.091901772682899718e+01,2.335640908753254141e+00
4.629462946294629688e+01,6.091994657433425431e+01,2.335570080256237802e+00
4.629962996299629907e+01,6.092088252936175508e+01,2.335499240525467091e+00
4.630463046304630836e+01,6.092182532142846441e+01,2.335428390576969715e+00
4.630963096309631055e+01,6.092277468188159872e+01,2.335357531419834931e+00
4.631463146314631985e+01,6.092373034389866149e+01,2.335286664056209105e+00
4.631963196319632203e+01,6.092469204248745029e+01,2.335215789481299264e+00
4.632463246324632422e+01,6.092565951448602135e+01,2.335144908683372211e+00
4.632963296329633351e+01,6.092663249856271079e+01,2.335074022643753633e+00
4.633463346334633570e+01,6.092761073521613469e+01,2.335003132336828990e+00
4.633963396339634500e+01,6.092859396677520323e+01,2.334932238730042187e+00
4.634463446344634718e+01,6.092958193739907813e+01,2.334861342783898674e+00
4.634963496349634937e+01,6.093057439307721523e+01,2.334790445451961460e+00
4.635463546354635866e+01,6.093157108162935032e+01,2.334719547680853324e+00
4.635963596359636085e+01,6.093257175270547776e+01,2.334648650410257709e+00
4.636463646364637015e+01,6.093357615778590031e+01,2.334577754572915609e+00
4.636963696369637233e+01,6.093458405018116508e+01,2.334506861094630015e+00
4.637463746374637452e+01,6.093559518503212757e+01,2.334435970894260581e+00
4.637963796379638381e+01,6.093660931930990188e+01,2.334365084883728514e+00
4.638463846384638600e+01,6.093762621181588912e+01,2.334294203968013015e+00
4.638963896389639530e+01,6.093864562318176326e+01,2.334223329045154394e+00
4.639463946394639748e+01,6.093966731586947816e+01,2.334152461006250956e+00
4.639963996399639967e+01,6.094069105417126764e+01,2.334081600735460782e+00
4.640464046404640897e+01,6.094171660420964542e+01,2.334010749110001726e+00
4.640964096409641115e+01,6.094274373393739097e+01,2.333939907000151415e+00
4.641464146414642045e+01,6.094377221313757076e+01,2.333869075269246363e+00
4.641964196419642263e+01,6.094480181342353831e+01,2.333798254773682412e+00
4.642464246424642482e+01,6.094583230823890574e+01,2.333727446362915625e+00
4.642964296429643412e+01,6.094686347285757932e+01,2.333656650879460503e+00
4.643464346434643630e+01,6.094789508438373105e+01,2.333585869158892212e+00
4.643964396439643849e+01,6.094892692175182702e+01,2.333515102029844357e+00
4.644464446444644778e+01,6.094995876572659199e+01,2.333444350314009874e+00
4.644964496449644997e+01,6.095099039890304482e+01,2.333373614826142806e+00
4.645464546454645927e+01,6.095202160570646299e+01,2.333302896374054747e+00
4.645964596459646145e+01,6.095305217239243234e+01,2.333232195758617511e+00
4.646464646464646364e+01,6.095408188704678309e+01,2.333161513773763129e+00
4.646964696469647293e+01,6.095511053958564673e+01,2.333090851206481187e+00
4.647464746474647512e+01,6.095613792175542756e+01,2.333020208836823262e+00
4.647964796479648442e+01,6.095716382713280268e+01,2.332949587437897598e+00
4.648464846484648660e+01,6.095818805112472205e+01,2.332878987775874435e+00
4.648964896489648879e+01,6.095921039096843685e+01,2.332808410609982008e+00
4.649464946494649809e+01,6.096023064573144978e+01,2.332737856692508327e+00
4.649964996499650027e+01,6.096124861631155767e+01,2.332667326768800731e+00
4.650465046504650957e+01,6.096226410543682306e+01,2.332596821577266777e+00
4.650965096509651175e+01,6.096327691766560264e+01,2.332526341849372464e+00
4.651465146514651394e+01,6.096428685938652592e+01,2.332455888309643566e+00
4.651965196519652324e+01,6.096529373881848102e+01,2.332385461675666072e+00
4.652465246524652542e+01,6.096629736601066440e+01,2.332315062658084415e+00
4.652965296529653472e+01,6.096729755284253116e+01,2.332244691960602356e+00
4.653465346534653690e+01,6.096829411302381629e+01,2.332174350279984765e+00
4.653965396539653909e+01,6.096928686209453474e+01,2.332104038306054061e+00
4.654465446544654839e+01,6.097027561742498847e+01,2.332033756721693329e+00
4.654965496549655057e+01,6.097126019821573806e+01,2.331963506202844538e+00
4.655465546554655987e+01,6.097224042549764533e+01,2.331893287418508987e+00
4.655965596559656205e+01,6.097321612213182362e+01,2.331823101030748635e+00
4.656465646564656424e+01,6.097418711280969461e+01,2.331752947694682998e+00
4.656965696569657354e+01,6.097515322405293148e+01,2.331682828058492252e+00
4.657465746574657572e+01,6.097611428421350155e+01,2.331612742763416790e+00
4.657965796579658502e+01,6.097707012347363786e+01,2.331542692443754117e+00
4.658465846584658721e+01,6.097802057384586760e+01,2.331472677726863729e+00
4.658965896589658939e+01,6.097896546917297655e+01,2.331402699233163123e+00
4.659465946594659869e+01,6.097990464512804465e+01,2.331332757576129122e+00
4.659965996599660087e+01,6.098083793921441753e+01,2.331262853362299214e+00
4.660466046604661017e+01,6.098176519076573499e+01,2.331192987191268884e+00
4.660966096609661236e+01,6.098268624094590251e+01,2.331123159655694721e+00
4.661466146614661454e+01,6.098360093274909133e+01,2.331053371341290870e+00
4.661966196619662384e+01,6.098450911099978811e+01,2.330983622826832580e+00
4.662466246624662602e+01,6.098541062235271681e+01,2.330913914684153987e+00
4.662966296629663532e+01,6.098630531529290266e+01,2.330844247478148112e+00
4.663466346634663751e+01,6.098719304013563658e+01,2.330774621766768195e+00
4.663966396639663969e+01,6.098807364902651074e+01,2.330705038101026805e+00
4.664466446644664899e+01,6.098894699594136881e+01,2.330635497024995839e+00
4.664966496649665118e+01,6.098981293668633441e+01,2.330565999075806083e+00
4.665466546654666047e+01,6.099067132889783238e+01,2.330496544783649426e+00
4.665966596659666266e+01,6.099152203204253908e+01,2.330427134671775313e+00
4.666466646664666484e+01,6.099236490741742500e+01,2.330357769256494294e+00
4.666966696669667414e+01,6.099319981814973346e+01,2.330288449047174471e+00
4.667466746674667633e+01,6.099402662919698770e+01,2.330219174546245497e+00
4.667966796679667851e+01,6.099484520734698378e+01,2.330149946249195025e+00
4.668466846684668781e+01,6.099565542121779771e+01,2.330080764644570923e+00
4.668966896689668999e+01,6.099645714125779250e+01,2.330011630213979945e+00
4.669466946694669929e+01,6.099725023974559690e+01,2.329942543432088620e+00
4.669966996699670148e+01,6.099803459079011958e+01,2.329873504766623693e+00
4.670467046704670366e+01,6.099881007033054914e+01,2.329804514678369909e+00
4.670967096709671296e+01,6.099957655613636121e+01,2.329735573621171785e+00
4.671467146714671514e+01,6.100033392780729713e+01,2.329666682041934944e+00
4.671967196719672444e+01,6.100108206677338529e+01,2.329597840380622120e+00
4.672467246724672663e+01,6.100182085629491269e+01,2.329529049070256708e+00
4.672967296729672881e+01,6.100255018146247465e+01,2.329460308536922319e+00
4.673467346734673811e+01,6.100326992919691804e+01,2.329391619199760122e+00
4.673967396739674030e+01,6.100397998824938384e+01,2.329322981470972831e+00
4.674467446744674959e+01,6.100468024920127874e+01,2.329254395755820717e+00
4.674967496749675178e+01,6.100537060446430360e+01,2.329185862452624711e+00
4.675467546754675396e+01,6.100605094828042496e+01,2.329117381952765076e+00
4.675967596759676326e+01,6.100672117672188932e+01,2.329048954640680957e+00
4.676467646764676545e+01,6.100738118769121598e+01,2.328980580893871277e+00
4.676967696769677474e+01,6.100803088092121840e+01,2.328912261082895174e+00
4.677467746774677693e+01,6.100867015797497572e+01,2.328843995571369785e+00
4.677967796779677911e+01,6.100929892224583995e+01,2.328775784715973352e+00
4.678467846784678841e+01,6.100991707895745719e+01,2.328707628866441670e+00
4.678967896789679060e+01,6.101052453516373220e+01,2.328639528365571643e+00
4.679467946794679989e+01,6.101112119974887094e+01,2.328571483549219057e+00
4.679967996799680208e+01,6.101170698342733800e+01,2.328503494746299030e+00
4.680468046804680426e+01,6.101228179874387791e+01,2.328435562278786453e+00
4.680968096809681356e+01,6.101284556007352933e+01,2.328367686461714658e+00
4.681468146814681575e+01,6.101339818362159662e+01,2.328299867603178530e+00
4.681968196819682504e+01,6.101393958742364987e+01,2.328232106004330060e+00
4.682468246824682723e+01,6.101446969134556042e+01,2.328164401959382346e+00
4.682968296829682942e+01,6.101498841708346532e+01,2.328096755755606928e+00
4.683468346834683871e+01,6.101549568816378155e+01,2.328029167673335564e+00
4.683968396839684090e+01,6.101599142994321312e+01,2.327961637985959342e+00
4.684468446844685019e+01,6.101647556960871555e+01,2.327894166959928235e+00
4.684968496849685238e+01,6.101694803617755269e+01,2.327826754854752433e+00
4.685468546854685457e+01,6.101740876049725415e+01,2.327759401923001459e+00
4.685968596859686386e+01,6.101785767524561521e+01,2.327692108410302829e+00
4.686468646864686605e+01,6.101829471493073953e+01,2.327624874555346501e+00
4.686968696869687534e+01,6.101871981589097516e+01,2.327557700589878653e+00
4.687468746874687753e+01,6.101913291629497138e+01,2.327490586738707457e+00
4.687968796879687972e+01,6.101953395614163611e+01,2.327423533219699081e+00
4.688468846884688901e+01,6.101992287726018560e+01,2.327356540243779026e+00
4.688968896889689120e+01,6.102029962331007340e+01,2.327289608014934341e+00
4.689468946894690049e+01,6.102066413978107562e+01,2.327222736730208297e+00
4.689968996899690268e+01,6.102101637399319856e+01,2.327155926579706602e+00
4.690469046904690487e+01,6.102135627509677107e+01,2.327089177746592963e+00
4.690969096909691416e+01,6.102168379407237353e+01,2.327022490407089972e+00
4.691469146914691635e+01,6.102199888373086623e+01,2.326955864730481771e+00
4.691969196919691854e+01,6.102230149871340359e+01,2.326889300879109168e+00
4.692469246924692783e+01,6.102259159549139156e+01,2.326822799008374965e+00
4.692969296929693002e+01,6.102286913236653731e+01,2.326756359266739960e+00
4.693469346934693931e+01,6.102313406947082797e+01,2.326689981795725171e+00
4.693969396939694150e+01,6.102338636876649502e+01,2.326623666729910500e+00
4.694469446944694369e+01,6.102362599404609256e+01,2.326557414196935625e+00
4.694969496949695298e+01,6.102385291093242614e+01,2.326491224317499551e+00
4.695469546954695517e+01,6.102406708687858128e+01,2.326425097205360615e+00
4.695969596959696446e+01,6.102426849116792340e+01,2.326359032967337370e+00
4.696469646964696665e+01,6.102445709491409787e+01,2.326293031703306813e+00
4.696969696969696884e+01,6.102463287106103706e+01,2.326227093506205712e+00
4.697469746974697813e+01,6.102479579438293200e+01,2.326161218462031055e+00
4.697969796979698032e+01,6.102494584148426071e+01,2.326095406649838271e+00
4.698469846984698961e+01,6.102508299079978826e+01,2.326029658141742562e+00
4.698969896989699180e+01,6.102520722259454544e+01,2.325963973002918905e+00
4.699469946994699399e+01,6.102531851896384296e+01,2.325898351291601607e+00
4.699969996999700328e+01,6.102541686383327857e+01,2.325832793059084302e+00
4.700470047004700547e+01,6.102550224295870862e+01,2.325767298349719958e+00
4.700970097009701476e+01,6.102557464392629072e+01,2.325701867200920869e+00
4.701470147014701695e+01,6.102563405615245529e+01,2.325636499643159993e+00
4.701970197019701914e+01,6.102568047088388425e+01,2.325571195699968285e+00
4.702470247024702843e+01,6.102571388119758211e+01,2.325505955387936918e+00
4.702970297029703062e+01,6.102573428200079064e+01,2.325440778716716395e+00
4.703470347034703991e+01,6.102574167003105288e+01,2.325375665689016103e+00
4.703970397039704210e+01,6.102573604385618466e+01,2.325310616300606092e+00
4.704470447044704429e+01,6.102571740387427468e+01,2.325245630540314856e+00
4.704970497049705358e+01,6.102568575231370573e+01,2.325180708390031104e+00
4.705470547054705577e+01,6.102564109323311214e+01,2.325115849824701986e+00
4.705970597059706506e+01,6.102558343252142237e+01,2.325051054812334872e+00
4.706470647064706725e+01,6.102551277789785189e+01,2.324986323313996461e+00
4.706970697069706944e+01,6.102542913891186771e+01,2.324921655283813671e+00
4.707470747074707873e+01,6.102533252694324517e+01,2.324857050668970970e+00
4.707970797079708092e+01,6.102522295520201823e+01,2.324792509409713936e+00
4.708470847084709021e+01,6.102510043872850076e+01,2.324728031439347031e+00
4.708970897089709240e+01,6.102496499439329369e+01,2.324663616684234491e+00
4.709470947094709459e+01,6.102481664089726365e+01,2.324599265063799880e+00
4.709970997099710388e+01,6.102465539877156431e+01,2.324534976490525207e+00
4.710471047104710607e+01,6.102448129037762214e+01,2.324470750869954028e+00
4.710971097109711536e+01,6.102429433990714358e+01,2.324406588100687454e+00
4.711471147114711755e+01,6.102409457338211496e+01,2.324342488074386814e+00
4.711971197119711974e+01,6.102388201865479544e+01,2.324278450675773211e+00
4.712471247124712903e+01,6.102365670540773834e+01,2.324214475782626632e+00
4.712971297129713122e+01,6.102341866515374846e+01,2.324150563265786396e+00
4.713471347134714051e+01,6.102316793123592475e+01,2.324086712989152481e+00
4.713971397139714270e+01,6.102290453882764609e+01,2.324022924809683310e+00
4.714471447144714489e+01,6.102262852493256418e+01,2.323959198577396190e+00
4.714971497149715418e+01,6.102233992838461063e+01,2.323895534135369534e+00
4.715471547154715637e+01,6.102203878984798990e+01,2.323831931319739752e+00
4.715971597159715856e+01,6.102172515181718637e+01,2.323768389959703917e+00
4.716471647164716785e+01,6.102139905861697144e+01,2.323704909877517100e+00
4.716971697169717004e+01,6.102106055640238935e+01,2.323641490888495476e+00
4.717471747174717933e+01,6.102070969315875715e+01,2.323578132801013219e+00
4.717971797179718152e+01,6.102034651870167181e+01,2.323514835416505608e+00
4.718471847184718371e+01,6.101997108467700315e+01,2.323451598529465478e+00
4.718971897189719300e+01,6.101958344456092220e+01,2.323388421927445879e+00
4.719471947194719519e+01,6.101918365365985153e+01,2.323325305391060525e+00
4.719971997199720448e+01,6.101877176911050071e+01,2.323262248693981125e+00
4.720472047204720667e+01,6.101834784987985927e+01,2.323199251602938720e+00
4.720972097209720886e+01,6.101791195676520374e+01,2.323136313877725012e+00
4.721472147214721815e+01,6.101746415239406218e+01,2.323073435271190590e+00
4.721972197219722034e+01,6.101700450122426389e+01,2.323010615529244927e+00
4.722472247224722963e+01,6.101653306954391098e+01,2.322947854390857714e+00
4.722972297229723182e+01,6.101604992547138551e+01,2.322885151588058417e+00
4.723472347234723401e+01,6.101555513895533522e+01,2.322822506845934498e+00
4.723972397239724330e+01,6.101504878177470204e+01,2.322759919882634527e+00
4.724472447244724549e+01,6.101453092753869356e+01,2.322697390409365070e+00
4.724972497249725478e+01,6.101400165168679735e+01,2.322634918130393800e+00
4.725472547254725697e+01,6.101346103148879507e+01,2.322572502743046385e+00
4.725972597259725916e+01,6.101290914604471993e+01,2.322510143937708271e+00
4.726472647264726845e+01,6.101234607628489925e+01,2.322447841397825563e+00
4.726972697269727064e+01,6.101177190496994029e+01,2.322385594799901920e+00
4.727472747274727993e+01,6.101118671669072313e+01,2.322323403813501663e+00
4.727972797279728212e+01,6.101059059786839356e+01,2.322261268101248444e+00
4.728472847284728431e+01,6.100998363675440572e+01,2.322199187318825242e+00
4.728972897289729360e+01,6.100936592343046527e+01,2.322137161114974369e+00
4.729472947294729579e+01,6.100873754980856489e+01,2.322075189131498352e+00
4.729972997299730508e+01,6.100809860963097009e+01,2.322013271003257717e+00
4.730473047304730727e+01,6.100744919847024050e+01,2.321951406358173653e+00
4.730973097309730946e+01,6.100678941372919439e+01,2.321889594817227120e+00
4.731473147314731875e+01,6.100611935464092994e+01,2.321827835994456635e+00
4.731973197319732094e+01,6.100543912226884657e+01,2.321766129496962261e+00
4.732473247324733023e+01,6.100474881950659523e+01,2.321704474924902506e+00
4.732973297329733242e+01,6.100404855107811386e+01,2.321642871871495206e+00
4.733473347334733461e+01,6.100333842353761327e+01,2.321581319923018860e+00
4.733973397339734390e+01,6.100261854526959837e+01,2.321519818658809520e+00
4.734473447344734609e+01,6.100188902648883271e+01,2.321458367651264343e+00
4.734973497349735538e+01,6.100114997924037397e+01,2.321396966465838929e+00
4.735473547354735757e+01,6.100040151739955263e+01,2.321335614661049096e+00
4.735973597359735976e+01,6.099964375667195782e+01,2.321274311788469547e+00
4.736473647364736905e+01,6.099887681459349409e+01,2.321213057392734758e+00
4.736973697369737124e+01,6.099810081053031041e+01,2.321151851011538536e+00
4.737473747374738053e+01,6.099731586567884989e+01,2.321090692175634462e+00
4.737973797379738272e+01,6.099652210306583555e+01,2.321029580408835002e+00
4.738473847384738491e+01,6.099571964754825615e+01,2.320968515228011952e+00
4.738973897389739420e+01,6.099490862581338746e+01,2.320907496143097770e+00
4.739473947394739639e+01,6.099408916637879230e+01,2.320846522657083355e+00
4.739973997399739858e+01,6.099326139959228499e+01,2.320785594266019380e+00
4.740474047404740787e+01,6.099242545763198819e+01,2.320724710459015405e+00
4.740974097409741006e+01,6.099158147450627609e+01,2.320663870718242094e+00
4.741474147414741935e+01,6.099072958605381700e+01,2.320603074518927222e+00
4.741974197419742154e+01,6.098986992994355205e+01,2.320542321329359670e+00
4.742474247424742373e+01,6.098900264567470941e+01,2.320481610610887646e+00
4.742974297429743302e+01,6.098812787457677587e+01,2.320420941817918248e+00
4.743474347434743521e+01,6.098724575980953233e+01,2.320360314397918344e+00
4.743974397439744450e+01,6.098635644636303255e+01,2.320299727791414579e+00
4.744474447444744669e+01,6.098546008105761018e+01,2.320239181431992481e+00
4.744974497449744888e+01,6.098455681254387173e+01,2.320178674746296910e+00
4.745474547454745817e+01,6.098364679130271071e+01,2.320118207154032941e+00
4.745974597459746036e+01,6.098273016964528637e+01,2.320057778067964982e+00
4.746474647464746965e+01,6.098180710171304497e+01,2.319997386893915881e+00
4.746974697469747184e+01,6.098087774347771273e+01,2.319937033030769591e+00
4.747474747474747403e+01,6.097994225274128866e+01,2.319876715870468065e+00
4.747974797479748332e+01,6.097900078913604460e+01,2.319816434798013471e+00
4.748474847484748551e+01,6.097805351412454655e+01,2.319756189191467310e+00
4.748974897489749480e+01,6.097710059099961200e+01,2.319695978421950411e+00
4.749474947494749699e+01,6.097614218488437388e+01,2.319635801853643375e+00
4.749974997499749918e+01,6.097517846273220243e+01,2.319575658843785693e+00
4.750475047504750847e+01,6.097420959332678336e+01,2.319515548742676625e+00
4.750975097509751066e+01,6.097323574728204676e+01,2.319455470893675653e+00
4.751475147514751995e+01,6.097225709704223107e+01,2.319395424633200253e+00
4.751975197519752214e+01,6.097127381688182624e+01,2.319335409290728567e+00
4.752475247524752433e+01,6.097028608290561635e+01,2.319275424188797619e+00
4.752975297529753362e+01,6.096929407304865833e+01,2.319215468643003764e+00
4.753475347534753581e+01,6.096829796707629612e+01,2.319155541962003575e+00
4.753975397539754510e+01,6.096729794658413226e+01,2.319095643447512067e+00
4.754475447544754729e+01,6.096629419499806346e+01,2.319035772394304473e+00
4.754975497549754948e+01,6.096528689757425923e+01,2.318975928090215355e+00
4.755475547554755877e+01,6.096427624139916901e+01,2.318916109816138604e+00
4.755975597559756096e+01,6.096326241538951507e+01,2.318856316846027443e+00
4.756475647564757026e+01,6.096224561029230671e+01,2.318796548446894867e+00
4.756975697569757244e+01,6.096122601868481894e+01,2.318736803878813202e+00
4.757475747574757463e+01,6.096020383497462092e+01,2.318677082394914546e+00
4.757975797579758392e+01,6.095917925539954041e+01,2.318617383241388996e+00
4.758475847584758611e+01,6.095815247802769221e+01,2.318557705657488643e+00
4.758975897589759541e+01,6.095712370275748526e+01,2.318498048875522688e+00
4.759475947594759759e+01,6.095609313131757290e+01,2.318438412120860992e+00
4.759975997599759978e+01,6.095506096726691680e+01,2.318378794611932747e+00
4.760476047604760907e+01,6.095402741599473728e+01,2.318319195560226476e+00
4.760976097609761126e+01,6.095299268472054877e+01,2.318259614170290028e+00
4.761476147614762056e+01,6.095195698249413141e+01,2.318200049639731031e+00
4.761976197619762274e+01,6.095092052019553819e+01,2.318140501159216438e+00
4.762476247624762493e+01,6.094988351053512332e+01,2.318080967912472534e+00
4.762976297629763422e+01,6.094884616805349253e+01,2.318021449076285379e+00
4.763476347634763641e+01,6.094780870912155279e+01,2.317961943820499915e+00
4.763976397639763860e+01,6.094677135194046258e+01,2.317902451308020861e+00
4.764476447644764789e+01,6.094573431654168871e+01,2.317842970694812710e+00
4.764976497649765008e+01,6.094469782478695663e+01,2.317783501129899282e+00
4.765476547654765938e+01,6.094366210036826459e+01,2.317724041755363729e+00
4.765976597659766156e+01,6.094262736880790499e+01,2.317664591706348531e+00
4.766476647664766375e+01,6.094159385745845015e+01,2.317605150111055501e+00
4.766976697669767304e+01,6.094056179550272390e+01,2.317545716090746222e+00
4.767476747674767523e+01,6.093953141395386552e+01,2.317486288759742497e+00
4.767976797679768453e+01,6.093850294565525161e+01,2.317426867225423681e+00
4.768476847684768671e+01,6.093747662528057418e+01,2.317367450588230238e+00
4.768976897689768890e+01,6.093645268933378389e+01,2.317308037941661958e+00
4.769476947694769819e+01,6.093543137614910421e+01,2.317248628372276631e+00
4.769976997699770038e+01,6.093441292589105274e+01,2.317189220959693596e+00
4.770477047704770968e+01,6.093339758055441280e+01,2.317129814776590191e+00
4.770977097709771186e+01,6.093238558396425475e+01,2.317070408888703525e+00
4.771477147714771405e+01,6.093137718177591466e+01,2.317011002354830929e+00
4.771977197719772334e+01,6.093037262147502275e+01,2.316951594226827726e+00
4.772477247724772553e+01,6.092937215237746784e+01,2.316892183549609907e+00
4.772977297729773483e+01,6.092837602562943999e+01,2.316832769361152344e+00
4.773477347734773701e+01,6.092738449420738078e+01,2.316773350692489686e+00
4.773977397739773920e+01,6.092639781291804013e+01,2.316713926567716353e+00
4.774477447744774850e+01,6.092541623839841236e+01,2.316654496003985209e+00
4.774977497749775068e+01,6.092444002911580014e+01,2.316595058011509778e+00
4.775477547754775998e+01,6.092346944536776476e+01,2.316535611593562027e+00
4.775977597759776216e+01,6.092250474928214743e+01,2.316476155746473697e+00
4.776477647764776435e+01,6.092154620481708349e+01,2.316416689459636302e+00
4.776977697769777365e+01,6.092059407776096691e+01,2.316357211715500686e+00
4.777477747774777583e+01,6.091964863573247868e+01,2.316297721489577022e+00
4.777977797779778513e+01,6.091871014818057262e+01,2.316238217750434814e+00
4.778477847784778731e+01,6.091777888638448957e+01,2.316178699459703338e+00
4.778977897789778950e+01,6.091685512345373610e+01,2.316119165572071648e+00
4.779477947794779880e+01,6.091593913432811291e+01,2.316059615035287234e+00
4.779977997799780098e+01,6.091503119577767933e+01,2.316000046790157807e+00
4.780478047804781028e+01,6.091413158640278880e+01,2.315940459770550408e+00
4.780978097809781246e+01,6.091324058663406760e+01,2.315880852903391407e+00
4.781478147814781465e+01,6.091235847873241482e+01,2.315821225108666948e+00
4.781978197819782395e+01,6.091148554678901661e+01,2.315761575299422503e+00
4.782478247824782613e+01,6.091062207672533191e+01,2.315701902381762434e+00
4.782978297829783543e+01,6.090976835629308539e+01,2.315642205254851316e+00
4.783478347834783762e+01,6.090892467507431007e+01,2.315582482810913056e+00
4.783978397839783980e+01,6.090809132448129048e+01,2.315522733935230448e+00
4.784478447844784910e+01,6.090726859775659818e+01,2.315462957506146946e+00
4.784978497849785128e+01,6.090645678997308465e+01,2.315403152395064001e+00
4.785478547854786058e+01,6.090565619803387420e+01,2.315343317466443729e+00
4.785978597859786277e+01,6.090486712067237818e+01,2.315283451577806684e+00
4.786478647864786495e+01,6.090408985845227363e+01,2.315223553579734084e+00
4.786978697869787425e+01,6.090332471376751755e+01,2.315163622315865144e+00
4.787478747874787643e+01,6.090257199084236106e+01,2.315103656622899742e+00
4.787978797879787862e+01,6.090183199573131390e+01,2.315043655330597083e+00
4.788478847884788792e+01,6.090110503631917283e+01,2.314983617261775262e+00
4.788978897889789010e+01,6.090039142232101455e+01,2.314923541232312143e+00
4.789478947894789940e+01,6.089969146528218147e+01,2.314863426051144923e+00
4.789978997899790158e+01,6.089900547857831015e+01,2.314803270520270573e+00
4.790479047904790377e+01,6.089833377741530285e+01,2.314743073434745391e+00
4.790979097909791307e+01,6.089767667882934887e+01,2.314682833582684562e+00
4.791479147914791525e+01,6.089703450168691035e+01,2.314622549745263935e+00
4.791979197919792455e+01,6.089640756668472932e+01,2.314562220696717798e+00
4.792479247924792674e+01,6.089579619634982066e+01,2.314501845204340214e+00
4.792979297929792892e+01,6.089520071503948628e+01,2.314441422028484574e+00
4.793479347934793822e+01,6.089462144894130091e+01,2.314380949922564490e+00
4.793979397939794040e+01,6.089405872607311210e+01,2.314320427633051569e+00
4.794479447944794970e+01,6.089351287628305442e+01,2.314259853899478525e+00
4.794979497949795189e+01,6.089298423124954240e+01,2.314199227454436070e+00
4.795479547954795407e+01,6.089247312448124916e+01,2.314138547023575576e+00
4.795979597959796337e+01,6.089197989131715616e+01,2.314077811325607303e+00
4.796479647964796555e+01,6.089150486892649639e+01,2.314017019072300396e+00
4.796979697969797485e+01,6.089104839630879695e+01,2.313956168968485105e+00
4.797479747974797704e+01,6.089061081429385069e+01,2.313895259712049235e+00
4.797979797979797922e+01,6.089019246554173748e+01,2.313834289993941695e+00
4.798479847984798852e+01,6.088979369454280999e+01,2.313773258498169394e+00
4.798979897989799071e+01,6.088941484761770795e+01,2.313712163901799901e+00
4.799479947994800000e+01,6.088905627291732969e+01,2.313651004874959671e+00
4.799979997999800219e+01,6.088871832042288190e+01,2.313589780080834490e+00
4.800480048004800437e+01,6.088840134194581566e+01,2.313528488175670361e+00
4.800980098009801367e+01,6.088810569112788329e+01,2.313467127808771284e+00
4.801480148014801586e+01,6.088783172344110284e+01,2.313405697622502366e+00
4.801980198019802515e+01,6.088757979618778649e+01,2.313344196252287599e+00
4.802480248024802734e+01,6.088735026850049792e+01,2.313282622326609861e+00
4.802980298029802952e+01,6.088714350134210207e+01,2.313220974467011803e+00
4.803480348034803882e+01,6.088695985750573669e+01,2.313159251288096296e+00
4.803980398039804101e+01,6.088679970161481236e+01,2.313097451397524207e+00
4.804480448044805030e+01,6.088666340012301958e+01,2.313035573396017508e+00
4.804980498049805249e+01,6.088655132131432168e+01,2.312973615877356615e+00
4.805480548054805467e+01,6.088646383530297612e+01,2.312911577428381271e+00
4.805980598059806397e+01,6.088640131403349898e+01,2.312849456628990996e+00
4.806480648064806616e+01,6.088636413128069336e+01,2.312787252052145082e+00
4.806980698069807545e+01,6.088635266264964940e+01,2.312724962263862150e+00
4.807480748074807764e+01,6.088636728557571587e+01,2.312662585823219707e+00
4.807980798079807983e+01,6.088640837932453564e+01,2.312600121282355481e+00
4.808480848084808912e+01,6.088647632499201734e+01,2.312537567186466081e+00
4.808980898089809131e+01,6.088657150550435659e+01,2.312474922073807893e+00
4.809480948094810060e+01,6.088669430561802898e+01,2.312412184475696630e+00
4.809980998099810279e+01,6.088684511191977577e+01,2.312349352916508227e+00
4.810481048104810498e+01,6.088702431282663241e+01,2.312286425913676169e+00
4.810981098109811427e+01,6.088723229858589292e+01,2.312223401977695492e+00
4.811481148114811646e+01,6.088746946127514548e+01,2.312160279612119673e+00
4.811981198119811864e+01,6.088773619480225108e+01,2.312097057313561521e+00
4.812481248124812794e+01,6.088803289490535064e+01,2.312033733571693617e+00
4.812981298129813013e+01,6.088835995915285793e+01,2.311970306869248315e+00
4.813481348134813942e+01,6.088871778694347370e+01,2.311906775682016857e+00
4.813981398139814161e+01,6.088910677950615735e+01,2.311843138478849813e+00
4.814481448144814379e+01,6.088952733990016952e+01,2.311779393721658415e+00
4.814981498149815309e+01,6.088997987301503656e+01,2.311715539865411895e+00
4.815481548154815528e+01,6.089046478557057185e+01,2.311651575358139699e+00
4.815981598159816457e+01,6.089098248611684738e+01,2.311587498640930605e+00
4.816481648164816676e+01,6.089153338503422930e+01,2.311523308147933164e+00
4.816981698169816895e+01,6.089211789453336365e+01,2.311459002306354371e+00
4.817481748174817824e+01,6.089273642865516933e+01,2.311394579536461880e+00
4.817981798179818043e+01,6.089338940327083805e+01,2.311330038251582231e+00
4.818481848184818972e+01,6.089407723608184853e+01,2.311265376858101739e+00
4.818981898189819191e+01,6.089480034661994523e+01,2.311200593755465604e+00
4.819481948194819410e+01,6.089555915624716675e+01,2.311135687336179245e+00
4.819981998199820339e+01,6.089635408815581741e+01,2.311070655985806521e+00
4.820482048204820558e+01,6.089718556736848853e+01,2.311005498082971510e+00
4.820982098209821487e+01,6.089805402073804430e+01,2.310940211999358063e+00
4.821482148214821706e+01,6.089895969920256391e+01,2.310874796808623621e+00
4.821982198219821925e+01,6.089989122762957408e+01,2.310809297914595994e+00
4.822482248224822854e+01,6.090084127851044826e+01,2.310743744457580462e+00
4.822982298229823073e+01,6.090180939723011022e+01,2.310678138144135030e+00
4.823482348234824002e+01,6.090279513212449558e+01,2.310612480669641311e+00
4.823982398239824221e+01,6.090379803448047369e+01,2.310546773718303193e+00
4.824482448244824440e+01,6.090481765853592577e+01,2.310481018963147282e+00
4.824982498249825369e+01,6.090585356147968099e+01,2.310415218066023790e+00
4.825482548254825588e+01,6.090690530345154485e+01,2.310349372677605650e+00
4.825982598259826517e+01,6.090797244754229922e+01,2.310283484437388957e+00
4.826482648264826736e+01,6.090905455979370942e+01,2.310217554973692522e+00
4.826982698269826955e+01,6.091015120919849579e+01,2.310151585903657878e+00
4.827482748274827884e+01,6.091126196770036216e+01,2.310085578833249720e+00
4.827982798279828103e+01,6.091238641019398870e+01,2.310019535357256348e+00
4.828482848284829032e+01,6.091352411452501769e+01,2.309953457059287896e+00
4.828982898289829251e+01,6.091467466149007493e+01,2.309887345511778101e+00
4.829482948294829470e+01,6.091583763483674829e+01,2.309821202275983865e+00
4.829982998299830399e+01,6.091701262126361627e+01,2.309755028901984364e+00
4.830483048304830618e+01,6.091819921042020525e+01,2.309688826928682825e+00
4.830983098309831547e+01,6.091939699490704641e+01,2.309622597883803419e+00
4.831483148314831766e+01,6.092060557027561885e+01,2.309556343283895696e+00
4.831983198319831985e+01,6.092182453502838513e+01,2.309490064634330597e+00
4.832483248324832914e+01,6.092305349061877706e+01,2.309423763429302667e+00
4.832983298329833133e+01,6.092429204145120281e+01,2.309357441151829171e+00
4.833483348334834062e+01,6.092553979488103977e+01,2.309291099273750092e+00
4.833983398339834281e+01,6.092679636121464881e+01,2.309224739255729020e+00
4.834483448344834500e+01,6.092806135370935294e+01,2.309158362547251819e+00
4.834983498349835429e+01,6.092933438857345152e+01,2.309091970586627962e+00
4.835483548354835648e+01,6.093061508496621315e+01,2.309025564800989194e+00
4.835983598359835867e+01,6.093190306499788989e+01,2.308959146606291313e+00
4.836483648364836796e+01,6.093319795372969594e+01,2.308892717407311057e+00
4.836983698369837015e+01,6.093449937917383608e+01,2.308826278597650550e+00
4.837483748374837944e+01,6.093580697229346299e+01,2.308759831559733300e+00
4.837983798379838163e+01,6.093712036700271995e+01,2.308693377664805979e+00
4.838483848384838382e+01,6.093843920016671234e+01,2.308626918272938866e+00
4.838983898389839311e+01,6.093976311160154324e+01,2.308560454733024514e+00
4.839483948394839530e+01,6.094109174407425655e+01,2.308493988382778639e+00
4.839983998399840459e+01,6.094242474330288672e+01,2.308427520548740119e+00
4.840484048404840678e+01,6.094376175795644457e+01,2.308361052546270553e+00
4.840984098409840897e+01,6.094510243965489593e+01,2.308294585679554700e+00
4.841484148414841826e+01,6.094644644296921143e+01,2.308228121241600039e+00
4.841984198419842045e+01,6.094779342542129541e+01,2.308161660514237212e+00
4.842484248424842974e+01,6.094914304748404987e+01,2.308095204768119579e+00
4.842984298429843193e+01,6.095049497258136029e+01,2.308028755262723664e+00
4.843484348434843412e+01,6.095184886708805294e+01,2.307962313246348707e+00
4.843984398439844341e+01,6.095320440032995180e+01,2.307895879956117557e+00
4.844484448444844560e+01,6.095456124458385005e+01,2.307829456617975783e+00
4.844984498449845489e+01,6.095591907507751017e+01,2.307763044446690781e+00
4.845484548454845708e+01,6.095727756998966385e+01,2.307696644645854445e+00
4.845984598459845927e+01,6.095863641045002623e+01,2.307630258407880497e+00
4.846484648464846856e+01,6.095999528053928174e+01,2.307563886914006712e+00
4.846984698469847075e+01,6.096135386728907690e+01,2.307497531334293139e+00
4.847484748474848004e+01,6.096271186068205594e+01,2.307431192827622546e+00
4.847984798479848223e+01,6.096406895365181100e+01,2.307364872541701306e+00
4.848484848484848442e+01,6.096542484208291768e+01,2.307298571613058069e+00
4.848984898489849371e+01,6.096677922481093503e+01,2.307232291167045091e+00
4.849484948494849590e+01,6.096813180362237006e+01,2.307166032317837345e+00
4.849984998499850519e+01,6.096948228325473451e+01,2.307099796168432526e+00
4.850485048504850738e+01,6.097083037139648098e+01,2.307033583810651489e+00
4.850985098509850957e+01,6.097217577868706684e+01,2.306967396325138253e+00
4.851485148514851886e+01,6.097351821871689737e+01,2.306901234781359555e+00
4.851985198519852105e+01,6.097485740802736132e+01,2.306835100237604852e+00
4.852485248524853034e+01,6.097619306611082379e+01,2.306768993740987206e+00
4.852985298529853253e+01,6.097752491541061914e+01,2.306702916327441955e+00
4.853485348534853472e+01,6.097885268132105097e+01,2.306636869021727598e+00
4.853985398539854401e+01,6.098017609218740631e+01,2.306570852837426244e+00
4.854485448544854620e+01,6.098149487930592727e+01,2.306504868776941830e+00
4.854985498549855549e+01,6.098280877692386071e+01,2.306438917831501900e+00
4.855485548554855768e+01,6.098411752223938720e+01,2.306373000981157162e+00
4.855985598559855987e+01,6.098542085540169211e+01,2.306307119194781041e+00
4.856485648564856916e+01,6.098671851951092293e+01,2.306241273430069683e+00
4.856985698569857135e+01,6.098801026061818931e+01,2.306175464633542393e+00
4.857485748574858064e+01,6.098929582772559144e+01,2.306109693740541200e+00
4.857985798579858283e+01,6.099057497278619877e+01,2.306043961675231735e+00
4.858485848584858502e+01,6.099184745070405000e+01,2.305978269350602350e+00
4.858985898589859431e+01,6.099311301933415308e+01,2.305912617668463671e+00
4.859485948594859650e+01,6.099437143948249229e+01,2.305847007519449932e+00
4.859985998599859869e+01,6.099562247490603539e+01,2.305781439783018527e+00
4.860486048604860798e+01,6.099686589231271228e+01,2.305715915327449128e+00
4.860986098609861017e+01,6.099810146136142208e+01,2.305650435009845012e+00
4.861486148614861946e+01,6.099932895466205451e+01,2.305584999676131286e+00
4.861986198619862165e+01,6.100054814777544721e+01,2.305519610161057997e+00
4.862486248624862384e+01,6.100175881921343546e+01,2.305454267288196135e+00
4.862986298629863313e+01,6.100296075043882382e+01,2.305388971869941184e+00
4.863486348634863532e+01,6.100415372586536478e+01,2.305323724707510458e+00
4.863986398639864461e+01,6.100533753285781557e+01,2.305258526590944435e+00
4.864486448644864680e+01,6.100651196173189561e+01,2.305193378299107199e+00
4.864986498649864899e+01,6.100767680575428642e+01,2.305128280599685553e+00
4.865486548654865828e+01,6.100883186114266010e+01,2.305063234249189019e+00
4.865986598659866047e+01,6.100997692706565090e+01,2.304998239992949838e+00
4.866486648664866976e+01,6.101111180564287650e+01,2.304933298565123412e+00
4.866986698669867195e+01,6.101223630194490966e+01,2.304868410688688751e+00
4.867486748674867414e+01,6.101335022399331365e+01,2.304803577075447141e+00
4.867986798679868343e+01,6.101445338276061392e+01,2.304738798426022583e+00
4.868486848684868562e+01,6.101554559217031937e+01,2.304674075429862690e+00
4.868986898689869491e+01,6.101662666909690813e+01,2.304609408765237788e+00
4.869486948694869710e+01,6.101769643336582050e+01,2.304544799099241370e+00
4.869986998699869929e+01,6.101875470775348731e+01,2.304480247087789646e+00
4.870487048704870858e+01,6.101980131798730156e+01,2.304415753375621101e+00
4.870987098709871077e+01,6.102083609274563258e+01,2.304351318596298270e+00
4.871487148714872006e+01,6.102185886365781897e+01,2.304286943372206853e+00
4.871987198719872225e+01,6.102286946530418987e+01,2.304222628314553933e+00
4.872487248724872444e+01,6.102386773521601526e+01,2.304158374023371536e+00
4.872987298729873373e+01,6.102485351387557699e+01,2.304094181087512627e+00
4.873487348734873592e+01,6.102582664471609775e+01,2.304030050084654668e+00
4.873987398739874521e+01,6.102678697412178366e+01,2.303965981581297395e+00
4.874487448744874740e+01,6.102773435142782432e+01,2.303901976132763707e+00
4.874987498749874959e+01,6.102866862892037148e+01,2.303838034283199665e+00
4.875487548754875888e+01,6.102958966183655320e+01,2.303774156565574049e+00
4.875987598759876107e+01,6.103049730836446685e+01,2.303710343501677915e+00
4.876487648764877036e+01,6.103139142964319319e+01,2.303646595602126368e+00
4.876987698769877255e+01,6.103227188976277517e+01,2.303582913366357232e+00
4.877487748774877474e+01,6.103313855576423208e+01,2.303519297282631051e+00
4.877987798779878403e+01,6.103399129763956665e+01,2.303455747828031086e+00
4.878487848784878622e+01,6.103482998833172957e+01,2.303392265468464206e+00
4.878987898789879551e+01,6.103565450373468337e+01,2.303328850658659110e+00
4.879487948794879770e+01,6.103646472269332435e+01,2.303265503842169437e+00
4.879987998799879989e+01,6.103726052700353932e+01,2.303202225451369767e+00
4.880488048804880918e+01,6.103804180141219859e+01,2.303139015907458731e+00
4.880988098809881137e+01,6.103880843361713460e+01,2.303075875620457680e+00
4.881488148814882067e+01,6.103956031426714191e+01,2.303012804989210682e+00
4.881988198819882285e+01,6.104029733696200566e+01,2.302949804401384970e+00
4.882488248824882504e+01,6.104101939825248024e+01,2.302886874233470937e+00
4.882988298829883433e+01,6.104172639764029640e+01,2.302824014850781253e+00
4.883488348834883652e+01,6.104241823757813989e+01,2.302761226607452638e+00
4.883988398839884582e+01,6.104309482346969418e+01,2.302698509846443642e+00
4.884488448844884800e+01,6.104375606366959772e+01,2.302635864899536422e+00
4.884988498849885019e+01,6.104440186948346536e+01,2.302573292087336299e+00
4.885488548854885948e+01,6.104503215516790249e+01,2.302510791719270866e+00
4.885988598859886167e+01,6.104564683793046953e+01,2.302448364093590882e+00
4.886488648864886386e+01,6.104624583792969617e+01,2.302386009497370711e+00
4.886988698869887315e+01,6.104682907827510263e+01,2.302323728206506548e+00
4.887488748874887534e+01,6.104739648502716420e+01,2.302261520485718638e+00
4.887988798879888463e+01,6.104794798719734672e+01,2.302199386588549501e+00
4.888488848884888682e+01,6.104848351674807816e+01,2.302137326757364821e+00
4.888988898889888901e+01,6.104900300859276285e+01,2.302075341223353444e+00
4.889488948894889830e+01,6.104950640059577438e+01,2.302013430206526490e+00
4.889988998899890049e+01,6.104999363357246978e+01,2.301951593915719130e+00
4.890489048904890979e+01,6.105046465128916822e+01,2.301889832548588366e+00
4.890989098909891197e+01,6.105091940046316523e+01,2.301828146291614807e+00
4.891489148914891416e+01,6.105135783076273981e+01,2.301766535320101781e+00
4.891989198919892345e+01,6.105177989480711886e+01,2.301704999798176221e+00
4.892489248924892564e+01,6.105218554816653409e+01,2.301643539878786893e+00
4.892989298929893494e+01,6.105257474936216511e+01,2.301582155703706167e+00
4.893489348934893712e+01,6.105294745986617500e+01,2.301520847403529579e+00
4.893989398939893931e+01,6.105330364410171029e+01,2.301459615097675382e+00
4.894489448944894860e+01,6.105364326944286546e+01,2.301398458894384547e+00
4.894989498949895079e+01,6.105396630621473264e+01,2.301337378890721208e+00
4.895489548954896009e+01,6.105427272769336611e+01,2.301276375172572219e+00
4.895989598959896227e+01,6.105456251010578939e+01,2.301215447814648485e+00
4.896489648964896446e+01,6.105483563263000946e+01,2.301154596880482295e+00
4.896989698969897375e+01,6.105509207739500255e+01,2.301093822422429547e+00
4.897489748974897594e+01,6.105533182948070703e+01,2.301033124481669745e+00
4.897989798979898524e+01,6.105555487691805183e+01,2.300972503088204224e+00
4.898489848984898742e+01,6.105576121068892803e+01,2.300911958260858370e+00
4.898989898989898961e+01,6.105595082472621016e+01,2.300851490007279398e+00
4.899489948994899891e+01,6.105612371591373488e+01,2.300791098323938577e+00
4.899989998999900109e+01,6.105627988408631523e+01,2.300730783196129448e+00
4.900490049004901039e+01,6.105641933202973348e+01,2.300670544597968714e+00
4.900990099009901257e+01,6.105654206548076246e+01,2.300610382492395800e+00
4.901490149014901476e+01,6.105664809312712293e+01,2.300550296831173736e+00
4.901990199019902406e+01,6.105673742660753334e+01,2.300490287554887381e+00
4.902490249024902624e+01,6.105681008051166003e+01,2.300430354592946092e+00
4.902990299029903554e+01,6.105686607238017416e+01,2.300370497863580610e+00
4.903490349034903772e+01,6.105690542270468768e+01,2.300310717273846173e+00
4.903990399039903991e+01,6.105692815492780312e+01,2.300251012719619403e+00
4.904490449044904921e+01,6.105693429544309225e+01,2.300191384085600976e+00
4.904990499049905139e+01,6.105692387359511031e+01,2.300131831245314284e+00
4.905490549054906069e+01,6.105689692167936755e+01,2.300072354061104996e+00
4.905990599059906287e+01,6.105685347494235771e+01,2.300012952384143272e+00
4.906490649064906506e+01,6.105679357158154374e+01,2.299953626054420663e+00
4.906990699069907436e+01,6.105671725274537209e+01,2.299894374900752769e+00
4.907490749074907654e+01,6.105662456253324422e+01,2.299835198740777464e+00
4.907990799079908584e+01,6.105651554799555214e+01,2.299776097380955342e+00
4.908490849084908803e+01,6.105639025913365714e+01,2.299717070616571046e+00
4.908990899089909021e+01,6.105624874889988263e+01,2.299658118231731496e+00
4.909490949094909951e+01,6.105609107319753548e+01,2.299599239999365885e+00
4.909990999099910169e+01,6.105591729088089892e+01,2.299540435681228345e+00
4.910491049104910388e+01,6.105572746375521831e+01,2.299481705027893952e+00
4.910991099109911318e+01,6.105552165657672248e+01,2.299423047778761386e+00
4.911491149114911536e+01,6.105529993705260239e+01,2.299364463662052493e+00
4.911991199119912466e+01,6.105506237584103246e+01,2.299305952394812280e+00
4.912491249124912684e+01,6.105480904655115637e+01,2.299247513682908473e+00
4.912991299129912903e+01,6.105454002574308703e+01,2.299189147221031515e+00
4.913491349134913833e+01,6.105425539292792081e+01,2.299130852692695015e+00
4.913991399139914051e+01,6.105395523056771623e+01,2.299072629770235743e+00
4.914491449144914981e+01,6.105363962407551526e+01,2.299014478114812743e+00
4.914991499149915199e+01,6.105330866181531491e+01,2.298956397376409111e+00
4.915491549154915418e+01,6.105296243510211696e+01,2.298898387193829329e+00
4.915991599159916348e+01,6.105260103820186401e+01,2.298840447194702818e+00
4.916491649164916566e+01,6.105222456833148925e+01,2.298782576995480387e+00
4.916991699169917496e+01,6.105183312565889509e+01,2.298724776201436448e+00
4.917491749174917715e+01,6.105142681330295318e+01,2.298667044406668580e+00
4.917991799179917933e+01,6.105100573733351865e+01,2.298609381194096635e+00
4.918491849184918863e+01,6.105057000677140877e+01,2.298551786135463626e+00
4.918991899189919081e+01,6.105011973358842425e+01,2.298494258791336176e+00
4.919491949194920011e+01,6.104965503270732086e+01,2.298436798711102735e+00
4.919991999199920230e+01,6.104917602200185911e+01,2.298379405432976252e+00
4.920492049204920448e+01,6.104868282229674037e+01,2.298322078483991060e+00
4.920992099209921378e+01,6.104817555736764945e+01,2.298264817380005098e+00
4.921492149214921596e+01,6.104765435394126172e+01,2.298207621625699915e+00
4.921992199219922526e+01,6.104711934169519338e+01,2.298150490714578886e+00
4.922492249224922745e+01,6.104657065325807253e+01,2.298093424128968998e+00
4.922992299229922963e+01,6.104600842420946094e+01,2.298036421340019952e+00
4.923492349234923893e+01,6.104543279307992520e+01,2.297979481807704616e+00
4.923992399239924111e+01,6.104484390135098693e+01,2.297922604980819017e+00
4.924492449244925041e+01,6.104424189345514407e+01,2.297865790296981459e+00
4.924992499249925260e+01,6.104362691677587804e+01,2.297809037182633407e+00
4.925492549254925478e+01,6.104299912164762532e+01,2.297752345053039935e+00
4.925992599259926408e+01,6.104235866135581290e+01,2.297695713312288390e+00
4.926492649264926627e+01,6.104170569213682995e+01,2.297639141353289283e+00
4.926992699269927556e+01,6.104104037317804199e+01,2.297582628557775841e+00
4.927492749274927775e+01,6.104036286661779087e+01,2.297526174296304902e+00
4.927992799279927993e+01,6.103967333754539482e+01,2.297469777928256018e+00
4.928492849284928923e+01,6.103897195400112707e+01,2.297413438801830576e+00
4.928992899289929142e+01,6.103825888697625146e+01,2.297357156254054900e+00
4.929492949294930071e+01,6.103753431041300814e+01,2.297300929610777143e+00
4.929992999299930290e+01,6.103679840120459232e+01,2.297244758186667735e+00
4.930493049304930508e+01,6.103605133919518266e+01,2.297188641285221600e+00
4.930993099309931438e+01,6.103529330717993417e+01,2.297132578198755937e+00
4.931493149314931657e+01,6.103452449090497112e+01,2.297076568208410219e+00
4.931993199319932586e+01,6.103374507906739410e+01,2.297020610584147970e+00
4.932493249324932805e+01,6.103295526331527299e+01,2.296964704584755435e+00
4.932993299329933024e+01,6.103215523824764688e+01,2.296908849457840684e+00
4.933493349334933953e+01,6.103134520141453834e+01,2.296853044439836733e+00
4.933993399339934172e+01,6.103052535331693917e+01,2.296797288755997535e+00
4.934493449344934390e+01,6.102969589740681045e+01,2.296741581620401540e+00
4.934993499349935320e+01,6.102885704008708245e+01,2.296685922235949473e+00
4.935493549354935539e+01,6.102800899071168317e+01,2.296630309794365221e+00
4.935993599359936468e+01,6.102715196158548139e+01,2.296574743476194946e+00
4.936493649364936687e+01,6.102628616796433647e+01,2.296519222450808417e+00
4.936993699369936905e+01,6.102541182805507702e+01,2.296463745876399010e+00
4.937493749374937835e+01,6.102452916301551511e+01,2.296408312899981929e+00
4.937993799379938054e+01,6.102363839695441783e+01,2.296352922657395101e+00
4.938493849384938983e+01,6.102273975693154284e+01,2.296297574273300945e+00
4.938993899389939202e+01,6.102183347295760285e+01,2.296242266861183712e+00
4.939493949394939420e+01,6.102091977799430111e+01,2.296186999523350813e+00
4.939993999399940350e+01,6.101999890795429593e+01,2.296131771350932382e+00
4.940494049404940569e+01,6.101907110170124326e+01,2.296076581423881713e+00
4.940994099409941498e+01,6.101813660104975412e+01,2.296021428810975262e+00
4.941494149414941717e+01,6.101719565076540874e+01,2.295966312569812651e+00
4.941994199419941936e+01,6.101624849856478505e+01,2.295911231746815773e+00
4.942494249424942865e+01,6.101529539511540179e+01,2.295856185377229686e+00
4.942994299429943084e+01,6.101433659403577536e+01,2.295801172485123054e+00
4.943494349434944013e+01,6.101337235189538433e+01,2.295746192083386372e+00
4.943994399439944232e+01,6.101240292821468358e+01,2.295691243173733742e+00
4.944494449444944451e+01,6.101142858546509729e+01,2.295636324746702872e+00
4.944994499449945380e+01,6.101044958906903304e+01,2.295581435781652857e+00
4.945494549454945599e+01,6.100946620739986770e+01,2.295526575246767287e+00
4.945994599459946528e+01,6.100847871178193316e+01,2.295471742099051582e+00
4.946494649464946747e+01,6.100748737649056608e+01,2.295416935284334770e+00
4.946994699469946966e+01,6.100649247875205106e+01,2.295362153737268596e+00
4.947494749474947895e+01,6.100549429874365615e+01,2.295307396381327969e+00
4.947994799479948114e+01,6.100449311959362575e+01,2.295252662128810961e+00
4.948494849484949043e+01,6.100348922738116642e+01,2.295197949880837474e+00
4.948994899489949262e+01,6.100248291113646815e+01,2.295143258527351460e+00
4.949494949494949481e+01,6.100147446284069019e+01,2.295088586947120035e+00
4.949994999499950410e+01,6.100046417742596105e+01,2.295033934007731702e+00
4.950495049504950629e+01,6.099945235277539268e+01,2.294979298565599901e+00
4.950995099509951558e+01,6.099843928972306628e+01,2.294924679465959905e+00
4.951495149514951777e+01,6.099742529205402519e+01,2.294870075542869703e+00
4.951995199519951996e+01,6.099641066650429622e+01,2.294815485619211337e+00
4.952495249524952925e+01,6.099539572276088961e+01,2.294760908506688679e+00
4.952995299529953144e+01,6.099438077346176357e+01,2.294706343005829208e+00
4.953495349534954073e+01,6.099336613419586683e+01,2.294651787905983120e+00
4.953995399539954292e+01,6.099235212350311741e+01,2.294597241985323777e+00
4.954495449544954511e+01,6.099133906287440965e+01,2.294542704010847256e+00
4.954995499549955440e+01,6.099032727675160714e+01,2.294488172738372800e+00
4.955495549554955659e+01,6.098931709252754985e+01,2.294433646912542368e+00
4.955995599559956588e+01,6.098830884054603985e+01,2.294379125266821084e+00
4.956495649564956807e+01,6.098730285410186980e+01,2.294324606523497234e+00
4.956995699569957026e+01,6.098629946944079450e+01,2.294270089393680934e+00
4.957495749574957955e+01,6.098529902575954509e+01,2.294215572577307238e+00
4.957995799579958174e+01,6.098430186520582197e+01,2.294161054763132146e+00
4.958495849584958393e+01,6.098330833287830899e+01,2.294106534628736149e+00
4.958995899589959322e+01,6.098231877682664503e+01,2.294052010840521572e+00
4.959495949594959541e+01,6.098133354805146666e+01,2.293997482053714343e+00
4.959995999599960470e+01,6.098035300050435836e+01,2.293942946912363112e+00
4.960496049604960689e+01,6.097937749108789518e+01,2.293888404049340135e+00
4.960996099609960908e+01,6.097840737965562141e+01,2.293833852086339498e+00
4.961496149614961837e+01,6.097744302901205060e+01,2.293779289633878449e+00
4.961996199619962056e+01,6.097648480491267264e+01,2.293724715291298288e+00
4.962496249624962985e+01,6.097553307606395379e+01,2.293670127646762147e+00
4.962996299629963204e+01,6.097458821412332242e+01,2.293615525277256761e+00
4.963496349634963423e+01,6.097365059369919038e+01,2.293560906748591144e+00
4.963996399639964352e+01,6.097272059235093167e+01,2.293506270615398357e+00
4.964496449644964571e+01,6.097179859058891793e+01,2.293451615421132850e+00
4.964996499649965500e+01,6.097088497187446876e+01,2.293396939698073567e+00
4.965496549654965719e+01,6.096998012261988009e+01,2.293342241967321726e+00
4.965996599659965938e+01,6.096908443218843843e+01,2.293287520738801266e+00
4.966496649664966867e+01,6.096819829289437820e+01,2.293232774511259731e+00
4.966996699669967086e+01,6.096732210000293151e+01,2.293178001772266938e+00
4.967496749674968015e+01,6.096645625173029259e+01,2.293123200998216316e+00
4.967996799679968234e+01,6.096560114924361784e+01,2.293068370654323562e+00
4.968496849684968453e+01,6.096475719666105419e+01,2.293013509194627542e+00
4.968996899689969382e+01,6.096392480105171785e+01,2.292958615061991168e+00
4.969496949694969601e+01,6.096310437243569424e+01,2.292903686688098297e+00
4.969996999699970530e+01,6.096229632378404517e+01,2.292848722493457281e+00
4.970497049704970749e+01,6.096150107101880167e+01,2.292793720887399189e+00
4.970997099709970968e+01,6.096071903301297112e+01,2.292738680268077811e+00
4.971497149714971897e+01,6.095995063159052307e+01,2.292683599022469210e+00
4.971997199719972116e+01,6.095919629152643182e+01,2.292628475526373943e+00
4.972497249724973045e+01,6.095845644054660539e+01,2.292573308144414401e+00
4.972997299729973264e+01,6.095773150932794948e+01,2.292518095230036135e+00
4.973497349734973483e+01,6.095702193149833192e+01,2.292462835125507858e+00
4.973997399739974412e+01,6.095632814363660401e+01,2.292407526161920561e+00
4.974497449744974631e+01,6.095565058527258628e+01,2.292352166659189727e+00
4.974997499749975560e+01,6.095498969888706853e+01,2.292296754926052227e+00
4.975497549754975779e+01,6.095434592991180978e+01,2.292241289260068982e+00
4.975997599759975998e+01,6.095371972672955962e+01,2.292185767947622743e+00
4.976497649764976927e+01,6.095311154067402271e+01,2.292130189263919871e+00
4.976997699769977146e+01,6.095252182602988000e+01,2.292074551472990329e+00
4.977497749774978075e+01,6.095195104003279596e+01,2.292018852827685915e+00
4.977997799779978294e+01,6.095139964286939716e+01,2.291963091569682032e+00
4.978497849784978513e+01,6.095086809767729363e+01,2.291907265929476800e+00
4.978997899789979442e+01,6.095035687054505757e+01,2.291851374126391061e+00
4.979497949794979661e+01,6.094986643051224462e+01,2.291795414368569705e+00
4.979997999799980590e+01,6.094939724956937255e+01,2.291739384852979011e+00
4.980498049804980809e+01,6.094894980265794260e+01,2.291683283765409307e+00
4.980998099809981028e+01,6.094852456767042526e+01,2.291627109280473196e+00
4.981498149814981957e+01,6.094812202545026025e+01,2.291570859561607332e+00
4.981998199819982176e+01,6.094774265979186367e+01,2.291514532761070200e+00
4.982498249824982395e+01,6.094738695744063506e+01,2.291458127019943447e+00
4.982998299829983324e+01,6.094705540809292899e+01,2.291401640468132328e+00
4.983498349834983543e+01,6.094674850439607638e+01,2.291345071224363927e+00
4.983998399839984472e+01,6.094646674194839875e+01,2.291288417396189825e+00
4.984498449844984691e+01,6.094621061929917261e+01,2.291231677079983431e+00
4.984998499849984910e+01,6.094598063794865794e+01,2.291174848360940874e+00
4.985498549854985839e+01,6.094577730234806978e+01,2.291117929313082335e+00
4.985998599859986058e+01,6.094560111989962792e+01,2.291060917999250268e+00
4.986498649864986987e+01,6.094545260095650008e+01,2.291003812471109846e+00
4.986998699869987206e+01,6.094533225882283034e+01,2.290946610769150293e+00
4.987498749874987425e+01,6.094524060975374624e+01,2.290889310922682220e+00
4.987998799879988354e+01,6.094517817295534456e+01,2.290831910949840289e+00
4.988498849884988573e+01,6.094514547058469134e+01,2.290774408857581879e+00
4.988998899889989502e+01,6.094514302774982184e+01,2.290716802641687533e+00
4.989498949894989721e+01,6.094517137250975480e+01,2.290659090286760069e+00
4.989998999899989940e+01,6.094523103587447821e+01,2.290601269766225911e+00
4.990499049904990869e+01,6.094532255180494928e+01,2.290543339042334647e+00
4.990999099909991088e+01,6.094544645721310872e+01,2.290485296066157694e+00
4.991499149914992017e+01,6.094560329196185933e+01,2.290427138777590521e+00
4.991999199919992236e+01,6.094579359886508030e+01,2.290368865105351759e+00
4.992499249924992455e+01,6.094601792368763427e+01,2.290310472966981425e+00
4.992999299929993384e+01,6.094627681514533180e+01,2.290251960268843590e+00
4.993499349934993603e+01,6.094657082490498823e+01,2.290193324906125927e+00
4.993999399939994532e+01,6.094690050758436684e+01,2.290134564762837943e+00
4.994499449944994751e+01,6.094726642075221434e+01,2.290075677711812308e+00
4.994999499949994970e+01,6.094766912492825384e+01,2.290016661614704852e+00
4.995499549954995899e+01,6.094810918358317764e+01,2.289957514321994569e+00
4.995999599959996118e+01,6.094858716313865443e+01,2.289898233672983174e+00
4.996499649964997047e+01,6.094910363296731504e+01,2.289838817495795098e+00
4.996999699969997266e+01,6.094965916539278084e+01,2.289779263607378379e+00
4.997499749974997485e+01,6.095025433568962825e+01,2.289719569813503330e+00
4.997999799979998414e+01,6.095088972208342426e+01,2.289659733908763428e+00
4.998499849984998633e+01,6.095156590575069799e+01,2.289599753676575311e+00
4.998999899989999562e+01,6.095228347081894782e+01,2.289539626889178336e+00
4.999499949994999781e+01,6.095304300436665557e+01,2.289479351307635469e+00
5.000000000000000000e+01,6.095384509642327941e+01,2.289418924681831502e+00
